[2025-11-10T07:47:18.196+0000] {processor.py:161} INFO - Started process (PID=128) to work on /home/airflow/.local/lib/python3.8/site-packages/airflow/example_dags/plugins/event_listener.py
[2025-11-10T07:47:18.202+0000] {processor.py:830} INFO - Processing file /home/airflow/.local/lib/python3.8/site-packages/airflow/example_dags/plugins/event_listener.py for tasks to queue
[2025-11-10T07:47:18.206+0000] {logging_mixin.py:188} INFO - [2025-11-10T07:47:18.205+0000] {dagbag.py:538} INFO - Filling up the DagBag from /home/airflow/.local/lib/python3.8/site-packages/airflow/example_dags/plugins/event_listener.py
[2025-11-10T07:47:18.213+0000] {processor.py:842} WARNING - No viable dags retrieved from /home/airflow/.local/lib/python3.8/site-packages/airflow/example_dags/plugins/event_listener.py
[2025-11-10T07:47:18.236+0000] {processor.py:183} INFO - Processing /home/airflow/.local/lib/python3.8/site-packages/airflow/example_dags/plugins/event_listener.py took 0.045 seconds
[2025-11-10T07:47:48.918+0000] {processor.py:161} INFO - Started process (PID=187) to work on /home/airflow/.local/lib/python3.8/site-packages/airflow/example_dags/plugins/event_listener.py
[2025-11-10T07:47:48.921+0000] {processor.py:830} INFO - Processing file /home/airflow/.local/lib/python3.8/site-packages/airflow/example_dags/plugins/event_listener.py for tasks to queue
[2025-11-10T07:47:48.927+0000] {logging_mixin.py:188} INFO - [2025-11-10T07:47:48.926+0000] {dagbag.py:538} INFO - Filling up the DagBag from /home/airflow/.local/lib/python3.8/site-packages/airflow/example_dags/plugins/event_listener.py
[2025-11-10T07:47:48.945+0000] {processor.py:842} WARNING - No viable dags retrieved from /home/airflow/.local/lib/python3.8/site-packages/airflow/example_dags/plugins/event_listener.py
[2025-11-10T07:47:49.004+0000] {processor.py:183} INFO - Processing /home/airflow/.local/lib/python3.8/site-packages/airflow/example_dags/plugins/event_listener.py took 0.101 seconds
[2025-11-10T07:48:19.622+0000] {processor.py:161} INFO - Started process (PID=247) to work on /home/airflow/.local/lib/python3.8/site-packages/airflow/example_dags/plugins/event_listener.py
[2025-11-10T07:48:19.626+0000] {processor.py:830} INFO - Processing file /home/airflow/.local/lib/python3.8/site-packages/airflow/example_dags/plugins/event_listener.py for tasks to queue
[2025-11-10T07:48:19.629+0000] {logging_mixin.py:188} INFO - [2025-11-10T07:48:19.628+0000] {dagbag.py:538} INFO - Filling up the DagBag from /home/airflow/.local/lib/python3.8/site-packages/airflow/example_dags/plugins/event_listener.py
[2025-11-10T07:48:19.644+0000] {processor.py:842} WARNING - No viable dags retrieved from /home/airflow/.local/lib/python3.8/site-packages/airflow/example_dags/plugins/event_listener.py
[2025-11-10T07:48:19.680+0000] {processor.py:183} INFO - Processing /home/airflow/.local/lib/python3.8/site-packages/airflow/example_dags/plugins/event_listener.py took 0.070 seconds
[2025-11-10T07:48:50.623+0000] {processor.py:161} INFO - Started process (PID=306) to work on /home/airflow/.local/lib/python3.8/site-packages/airflow/example_dags/plugins/event_listener.py
[2025-11-10T07:48:50.629+0000] {processor.py:830} INFO - Processing file /home/airflow/.local/lib/python3.8/site-packages/airflow/example_dags/plugins/event_listener.py for tasks to queue
[2025-11-10T07:48:50.633+0000] {logging_mixin.py:188} INFO - [2025-11-10T07:48:50.632+0000] {dagbag.py:538} INFO - Filling up the DagBag from /home/airflow/.local/lib/python3.8/site-packages/airflow/example_dags/plugins/event_listener.py
[2025-11-10T07:48:50.642+0000] {processor.py:842} WARNING - No viable dags retrieved from /home/airflow/.local/lib/python3.8/site-packages/airflow/example_dags/plugins/event_listener.py
[2025-11-10T07:48:50.715+0000] {processor.py:183} INFO - Processing /home/airflow/.local/lib/python3.8/site-packages/airflow/example_dags/plugins/event_listener.py took 0.106 seconds
[2025-11-10T07:49:21.961+0000] {processor.py:161} INFO - Started process (PID=370) to work on /home/airflow/.local/lib/python3.8/site-packages/airflow/example_dags/plugins/event_listener.py
[2025-11-10T07:49:21.963+0000] {processor.py:830} INFO - Processing file /home/airflow/.local/lib/python3.8/site-packages/airflow/example_dags/plugins/event_listener.py for tasks to queue
[2025-11-10T07:49:21.966+0000] {logging_mixin.py:188} INFO - [2025-11-10T07:49:21.965+0000] {dagbag.py:538} INFO - Filling up the DagBag from /home/airflow/.local/lib/python3.8/site-packages/airflow/example_dags/plugins/event_listener.py
[2025-11-10T07:49:21.974+0000] {processor.py:842} WARNING - No viable dags retrieved from /home/airflow/.local/lib/python3.8/site-packages/airflow/example_dags/plugins/event_listener.py
[2025-11-10T07:49:22.005+0000] {processor.py:183} INFO - Processing /home/airflow/.local/lib/python3.8/site-packages/airflow/example_dags/plugins/event_listener.py took 0.053 seconds
[2025-11-10T07:49:52.489+0000] {processor.py:161} INFO - Started process (PID=429) to work on /home/airflow/.local/lib/python3.8/site-packages/airflow/example_dags/plugins/event_listener.py
[2025-11-10T07:49:52.492+0000] {processor.py:830} INFO - Processing file /home/airflow/.local/lib/python3.8/site-packages/airflow/example_dags/plugins/event_listener.py for tasks to queue
[2025-11-10T07:49:52.497+0000] {logging_mixin.py:188} INFO - [2025-11-10T07:49:52.496+0000] {dagbag.py:538} INFO - Filling up the DagBag from /home/airflow/.local/lib/python3.8/site-packages/airflow/example_dags/plugins/event_listener.py
[2025-11-10T07:49:52.505+0000] {processor.py:842} WARNING - No viable dags retrieved from /home/airflow/.local/lib/python3.8/site-packages/airflow/example_dags/plugins/event_listener.py
[2025-11-10T07:49:52.545+0000] {processor.py:183} INFO - Processing /home/airflow/.local/lib/python3.8/site-packages/airflow/example_dags/plugins/event_listener.py took 0.067 seconds
[2025-11-10T07:50:23.316+0000] {processor.py:161} INFO - Started process (PID=488) to work on /home/airflow/.local/lib/python3.8/site-packages/airflow/example_dags/plugins/event_listener.py
[2025-11-10T07:50:23.318+0000] {processor.py:830} INFO - Processing file /home/airflow/.local/lib/python3.8/site-packages/airflow/example_dags/plugins/event_listener.py for tasks to queue
[2025-11-10T07:50:23.320+0000] {logging_mixin.py:188} INFO - [2025-11-10T07:50:23.319+0000] {dagbag.py:538} INFO - Filling up the DagBag from /home/airflow/.local/lib/python3.8/site-packages/airflow/example_dags/plugins/event_listener.py
[2025-11-10T07:50:23.324+0000] {processor.py:842} WARNING - No viable dags retrieved from /home/airflow/.local/lib/python3.8/site-packages/airflow/example_dags/plugins/event_listener.py
[2025-11-10T07:50:23.350+0000] {processor.py:183} INFO - Processing /home/airflow/.local/lib/python3.8/site-packages/airflow/example_dags/plugins/event_listener.py took 0.040 seconds
[2025-11-10T07:50:55.026+0000] {processor.py:161} INFO - Started process (PID=547) to work on /home/airflow/.local/lib/python3.8/site-packages/airflow/example_dags/plugins/event_listener.py
[2025-11-10T07:50:55.030+0000] {processor.py:830} INFO - Processing file /home/airflow/.local/lib/python3.8/site-packages/airflow/example_dags/plugins/event_listener.py for tasks to queue
[2025-11-10T07:50:55.041+0000] {logging_mixin.py:188} INFO - [2025-11-10T07:50:55.040+0000] {dagbag.py:538} INFO - Filling up the DagBag from /home/airflow/.local/lib/python3.8/site-packages/airflow/example_dags/plugins/event_listener.py
[2025-11-10T07:50:55.047+0000] {processor.py:842} WARNING - No viable dags retrieved from /home/airflow/.local/lib/python3.8/site-packages/airflow/example_dags/plugins/event_listener.py
[2025-11-10T07:50:55.088+0000] {processor.py:183} INFO - Processing /home/airflow/.local/lib/python3.8/site-packages/airflow/example_dags/plugins/event_listener.py took 0.075 seconds
[2025-11-10T07:51:25.393+0000] {processor.py:161} INFO - Started process (PID=606) to work on /home/airflow/.local/lib/python3.8/site-packages/airflow/example_dags/plugins/event_listener.py
[2025-11-10T07:51:25.395+0000] {processor.py:830} INFO - Processing file /home/airflow/.local/lib/python3.8/site-packages/airflow/example_dags/plugins/event_listener.py for tasks to queue
[2025-11-10T07:51:25.397+0000] {logging_mixin.py:188} INFO - [2025-11-10T07:51:25.396+0000] {dagbag.py:538} INFO - Filling up the DagBag from /home/airflow/.local/lib/python3.8/site-packages/airflow/example_dags/plugins/event_listener.py
[2025-11-10T07:51:25.402+0000] {processor.py:842} WARNING - No viable dags retrieved from /home/airflow/.local/lib/python3.8/site-packages/airflow/example_dags/plugins/event_listener.py
[2025-11-10T07:51:25.424+0000] {processor.py:183} INFO - Processing /home/airflow/.local/lib/python3.8/site-packages/airflow/example_dags/plugins/event_listener.py took 0.037 seconds
[2025-11-10T07:51:56.399+0000] {processor.py:161} INFO - Started process (PID=666) to work on /home/airflow/.local/lib/python3.8/site-packages/airflow/example_dags/plugins/event_listener.py
[2025-11-10T07:51:56.403+0000] {processor.py:830} INFO - Processing file /home/airflow/.local/lib/python3.8/site-packages/airflow/example_dags/plugins/event_listener.py for tasks to queue
[2025-11-10T07:51:56.408+0000] {logging_mixin.py:188} INFO - [2025-11-10T07:51:56.407+0000] {dagbag.py:538} INFO - Filling up the DagBag from /home/airflow/.local/lib/python3.8/site-packages/airflow/example_dags/plugins/event_listener.py
[2025-11-10T07:51:56.415+0000] {processor.py:842} WARNING - No viable dags retrieved from /home/airflow/.local/lib/python3.8/site-packages/airflow/example_dags/plugins/event_listener.py
[2025-11-10T07:51:56.462+0000] {processor.py:183} INFO - Processing /home/airflow/.local/lib/python3.8/site-packages/airflow/example_dags/plugins/event_listener.py took 0.074 seconds
[2025-11-10T07:52:26.766+0000] {processor.py:161} INFO - Started process (PID=724) to work on /home/airflow/.local/lib/python3.8/site-packages/airflow/example_dags/plugins/event_listener.py
[2025-11-10T07:52:26.769+0000] {processor.py:830} INFO - Processing file /home/airflow/.local/lib/python3.8/site-packages/airflow/example_dags/plugins/event_listener.py for tasks to queue
[2025-11-10T07:52:26.770+0000] {logging_mixin.py:188} INFO - [2025-11-10T07:52:26.770+0000] {dagbag.py:538} INFO - Filling up the DagBag from /home/airflow/.local/lib/python3.8/site-packages/airflow/example_dags/plugins/event_listener.py
[2025-11-10T07:52:26.775+0000] {processor.py:842} WARNING - No viable dags retrieved from /home/airflow/.local/lib/python3.8/site-packages/airflow/example_dags/plugins/event_listener.py
[2025-11-10T07:52:26.799+0000] {processor.py:183} INFO - Processing /home/airflow/.local/lib/python3.8/site-packages/airflow/example_dags/plugins/event_listener.py took 0.038 seconds
[2025-11-10T07:52:57.317+0000] {processor.py:161} INFO - Started process (PID=783) to work on /home/airflow/.local/lib/python3.8/site-packages/airflow/example_dags/plugins/event_listener.py
[2025-11-10T07:52:57.319+0000] {processor.py:830} INFO - Processing file /home/airflow/.local/lib/python3.8/site-packages/airflow/example_dags/plugins/event_listener.py for tasks to queue
[2025-11-10T07:52:57.320+0000] {logging_mixin.py:188} INFO - [2025-11-10T07:52:57.320+0000] {dagbag.py:538} INFO - Filling up the DagBag from /home/airflow/.local/lib/python3.8/site-packages/airflow/example_dags/plugins/event_listener.py
[2025-11-10T07:52:57.323+0000] {processor.py:842} WARNING - No viable dags retrieved from /home/airflow/.local/lib/python3.8/site-packages/airflow/example_dags/plugins/event_listener.py
[2025-11-10T07:52:57.344+0000] {processor.py:183} INFO - Processing /home/airflow/.local/lib/python3.8/site-packages/airflow/example_dags/plugins/event_listener.py took 0.032 seconds
[2025-11-10T07:53:27.658+0000] {processor.py:161} INFO - Started process (PID=843) to work on /home/airflow/.local/lib/python3.8/site-packages/airflow/example_dags/plugins/event_listener.py
[2025-11-10T07:53:27.660+0000] {processor.py:830} INFO - Processing file /home/airflow/.local/lib/python3.8/site-packages/airflow/example_dags/plugins/event_listener.py for tasks to queue
[2025-11-10T07:53:27.661+0000] {logging_mixin.py:188} INFO - [2025-11-10T07:53:27.661+0000] {dagbag.py:538} INFO - Filling up the DagBag from /home/airflow/.local/lib/python3.8/site-packages/airflow/example_dags/plugins/event_listener.py
[2025-11-10T07:53:27.665+0000] {processor.py:842} WARNING - No viable dags retrieved from /home/airflow/.local/lib/python3.8/site-packages/airflow/example_dags/plugins/event_listener.py
[2025-11-10T07:53:27.689+0000] {processor.py:183} INFO - Processing /home/airflow/.local/lib/python3.8/site-packages/airflow/example_dags/plugins/event_listener.py took 0.038 seconds
[2025-11-10T07:53:58.056+0000] {processor.py:161} INFO - Started process (PID=902) to work on /home/airflow/.local/lib/python3.8/site-packages/airflow/example_dags/plugins/event_listener.py
[2025-11-10T07:53:58.058+0000] {processor.py:830} INFO - Processing file /home/airflow/.local/lib/python3.8/site-packages/airflow/example_dags/plugins/event_listener.py for tasks to queue
[2025-11-10T07:53:58.059+0000] {logging_mixin.py:188} INFO - [2025-11-10T07:53:58.059+0000] {dagbag.py:538} INFO - Filling up the DagBag from /home/airflow/.local/lib/python3.8/site-packages/airflow/example_dags/plugins/event_listener.py
[2025-11-10T07:53:58.062+0000] {processor.py:842} WARNING - No viable dags retrieved from /home/airflow/.local/lib/python3.8/site-packages/airflow/example_dags/plugins/event_listener.py
[2025-11-10T07:53:58.081+0000] {processor.py:183} INFO - Processing /home/airflow/.local/lib/python3.8/site-packages/airflow/example_dags/plugins/event_listener.py took 0.030 seconds
[2025-11-10T07:54:29.165+0000] {processor.py:161} INFO - Started process (PID=962) to work on /home/airflow/.local/lib/python3.8/site-packages/airflow/example_dags/plugins/event_listener.py
[2025-11-10T07:54:29.166+0000] {processor.py:830} INFO - Processing file /home/airflow/.local/lib/python3.8/site-packages/airflow/example_dags/plugins/event_listener.py for tasks to queue
[2025-11-10T07:54:29.168+0000] {logging_mixin.py:188} INFO - [2025-11-10T07:54:29.168+0000] {dagbag.py:538} INFO - Filling up the DagBag from /home/airflow/.local/lib/python3.8/site-packages/airflow/example_dags/plugins/event_listener.py
[2025-11-10T07:54:29.171+0000] {processor.py:842} WARNING - No viable dags retrieved from /home/airflow/.local/lib/python3.8/site-packages/airflow/example_dags/plugins/event_listener.py
[2025-11-10T07:54:29.190+0000] {processor.py:183} INFO - Processing /home/airflow/.local/lib/python3.8/site-packages/airflow/example_dags/plugins/event_listener.py took 0.029 seconds
[2025-11-10T07:54:59.563+0000] {processor.py:161} INFO - Started process (PID=1022) to work on /home/airflow/.local/lib/python3.8/site-packages/airflow/example_dags/plugins/event_listener.py
[2025-11-10T07:54:59.565+0000] {processor.py:830} INFO - Processing file /home/airflow/.local/lib/python3.8/site-packages/airflow/example_dags/plugins/event_listener.py for tasks to queue
[2025-11-10T07:54:59.566+0000] {logging_mixin.py:188} INFO - [2025-11-10T07:54:59.566+0000] {dagbag.py:538} INFO - Filling up the DagBag from /home/airflow/.local/lib/python3.8/site-packages/airflow/example_dags/plugins/event_listener.py
[2025-11-10T07:54:59.569+0000] {processor.py:842} WARNING - No viable dags retrieved from /home/airflow/.local/lib/python3.8/site-packages/airflow/example_dags/plugins/event_listener.py
[2025-11-10T07:54:59.587+0000] {processor.py:183} INFO - Processing /home/airflow/.local/lib/python3.8/site-packages/airflow/example_dags/plugins/event_listener.py took 0.028 seconds
[2025-11-10T07:55:30.029+0000] {processor.py:161} INFO - Started process (PID=1081) to work on /home/airflow/.local/lib/python3.8/site-packages/airflow/example_dags/plugins/event_listener.py
[2025-11-10T07:55:30.031+0000] {processor.py:830} INFO - Processing file /home/airflow/.local/lib/python3.8/site-packages/airflow/example_dags/plugins/event_listener.py for tasks to queue
[2025-11-10T07:55:30.033+0000] {logging_mixin.py:188} INFO - [2025-11-10T07:55:30.032+0000] {dagbag.py:538} INFO - Filling up the DagBag from /home/airflow/.local/lib/python3.8/site-packages/airflow/example_dags/plugins/event_listener.py
[2025-11-10T07:55:30.037+0000] {processor.py:842} WARNING - No viable dags retrieved from /home/airflow/.local/lib/python3.8/site-packages/airflow/example_dags/plugins/event_listener.py
[2025-11-10T07:55:30.060+0000] {processor.py:183} INFO - Processing /home/airflow/.local/lib/python3.8/site-packages/airflow/example_dags/plugins/event_listener.py took 0.038 seconds
[2025-11-10T07:56:00.649+0000] {processor.py:161} INFO - Started process (PID=1141) to work on /home/airflow/.local/lib/python3.8/site-packages/airflow/example_dags/plugins/event_listener.py
[2025-11-10T07:56:00.650+0000] {processor.py:830} INFO - Processing file /home/airflow/.local/lib/python3.8/site-packages/airflow/example_dags/plugins/event_listener.py for tasks to queue
[2025-11-10T07:56:00.652+0000] {logging_mixin.py:188} INFO - [2025-11-10T07:56:00.652+0000] {dagbag.py:538} INFO - Filling up the DagBag from /home/airflow/.local/lib/python3.8/site-packages/airflow/example_dags/plugins/event_listener.py
[2025-11-10T07:56:00.657+0000] {processor.py:842} WARNING - No viable dags retrieved from /home/airflow/.local/lib/python3.8/site-packages/airflow/example_dags/plugins/event_listener.py
[2025-11-10T07:56:00.681+0000] {processor.py:183} INFO - Processing /home/airflow/.local/lib/python3.8/site-packages/airflow/example_dags/plugins/event_listener.py took 0.039 seconds
[2025-11-10T07:56:32.244+0000] {processor.py:161} INFO - Started process (PID=1200) to work on /home/airflow/.local/lib/python3.8/site-packages/airflow/example_dags/plugins/event_listener.py
[2025-11-10T07:56:32.247+0000] {processor.py:830} INFO - Processing file /home/airflow/.local/lib/python3.8/site-packages/airflow/example_dags/plugins/event_listener.py for tasks to queue
[2025-11-10T07:56:32.250+0000] {logging_mixin.py:188} INFO - [2025-11-10T07:56:32.249+0000] {dagbag.py:538} INFO - Filling up the DagBag from /home/airflow/.local/lib/python3.8/site-packages/airflow/example_dags/plugins/event_listener.py
[2025-11-10T07:56:32.257+0000] {processor.py:842} WARNING - No viable dags retrieved from /home/airflow/.local/lib/python3.8/site-packages/airflow/example_dags/plugins/event_listener.py
[2025-11-10T07:56:32.296+0000] {processor.py:183} INFO - Processing /home/airflow/.local/lib/python3.8/site-packages/airflow/example_dags/plugins/event_listener.py took 0.068 seconds
[2025-11-10T07:57:03.044+0000] {processor.py:161} INFO - Started process (PID=1259) to work on /home/airflow/.local/lib/python3.8/site-packages/airflow/example_dags/plugins/event_listener.py
[2025-11-10T07:57:03.046+0000] {processor.py:830} INFO - Processing file /home/airflow/.local/lib/python3.8/site-packages/airflow/example_dags/plugins/event_listener.py for tasks to queue
[2025-11-10T07:57:03.048+0000] {logging_mixin.py:188} INFO - [2025-11-10T07:57:03.048+0000] {dagbag.py:538} INFO - Filling up the DagBag from /home/airflow/.local/lib/python3.8/site-packages/airflow/example_dags/plugins/event_listener.py
[2025-11-10T07:57:03.055+0000] {processor.py:842} WARNING - No viable dags retrieved from /home/airflow/.local/lib/python3.8/site-packages/airflow/example_dags/plugins/event_listener.py
[2025-11-10T07:57:03.080+0000] {processor.py:183} INFO - Processing /home/airflow/.local/lib/python3.8/site-packages/airflow/example_dags/plugins/event_listener.py took 0.043 seconds
[2025-11-10T07:57:33.740+0000] {processor.py:161} INFO - Started process (PID=1318) to work on /home/airflow/.local/lib/python3.8/site-packages/airflow/example_dags/plugins/event_listener.py
[2025-11-10T07:57:33.753+0000] {processor.py:830} INFO - Processing file /home/airflow/.local/lib/python3.8/site-packages/airflow/example_dags/plugins/event_listener.py for tasks to queue
[2025-11-10T07:57:33.757+0000] {logging_mixin.py:188} INFO - [2025-11-10T07:57:33.756+0000] {dagbag.py:538} INFO - Filling up the DagBag from /home/airflow/.local/lib/python3.8/site-packages/airflow/example_dags/plugins/event_listener.py
[2025-11-10T07:57:33.771+0000] {processor.py:842} WARNING - No viable dags retrieved from /home/airflow/.local/lib/python3.8/site-packages/airflow/example_dags/plugins/event_listener.py
[2025-11-10T07:57:33.850+0000] {processor.py:183} INFO - Processing /home/airflow/.local/lib/python3.8/site-packages/airflow/example_dags/plugins/event_listener.py took 0.130 seconds
[2025-11-10T07:58:04.164+0000] {processor.py:161} INFO - Started process (PID=1377) to work on /home/airflow/.local/lib/python3.8/site-packages/airflow/example_dags/plugins/event_listener.py
[2025-11-10T07:58:04.167+0000] {processor.py:830} INFO - Processing file /home/airflow/.local/lib/python3.8/site-packages/airflow/example_dags/plugins/event_listener.py for tasks to queue
[2025-11-10T07:58:04.169+0000] {logging_mixin.py:188} INFO - [2025-11-10T07:58:04.168+0000] {dagbag.py:538} INFO - Filling up the DagBag from /home/airflow/.local/lib/python3.8/site-packages/airflow/example_dags/plugins/event_listener.py
[2025-11-10T07:58:04.175+0000] {processor.py:842} WARNING - No viable dags retrieved from /home/airflow/.local/lib/python3.8/site-packages/airflow/example_dags/plugins/event_listener.py
[2025-11-10T07:58:04.204+0000] {processor.py:183} INFO - Processing /home/airflow/.local/lib/python3.8/site-packages/airflow/example_dags/plugins/event_listener.py took 0.051 seconds
[2025-11-10T07:58:34.594+0000] {processor.py:161} INFO - Started process (PID=1437) to work on /home/airflow/.local/lib/python3.8/site-packages/airflow/example_dags/plugins/event_listener.py
[2025-11-10T07:58:34.606+0000] {processor.py:830} INFO - Processing file /home/airflow/.local/lib/python3.8/site-packages/airflow/example_dags/plugins/event_listener.py for tasks to queue
[2025-11-10T07:58:34.609+0000] {logging_mixin.py:188} INFO - [2025-11-10T07:58:34.608+0000] {dagbag.py:538} INFO - Filling up the DagBag from /home/airflow/.local/lib/python3.8/site-packages/airflow/example_dags/plugins/event_listener.py
[2025-11-10T07:58:34.617+0000] {processor.py:842} WARNING - No viable dags retrieved from /home/airflow/.local/lib/python3.8/site-packages/airflow/example_dags/plugins/event_listener.py
[2025-11-10T07:58:34.673+0000] {processor.py:183} INFO - Processing /home/airflow/.local/lib/python3.8/site-packages/airflow/example_dags/plugins/event_listener.py took 0.089 seconds
[2025-11-10T07:59:05.011+0000] {processor.py:161} INFO - Started process (PID=1496) to work on /home/airflow/.local/lib/python3.8/site-packages/airflow/example_dags/plugins/event_listener.py
[2025-11-10T07:59:05.015+0000] {processor.py:830} INFO - Processing file /home/airflow/.local/lib/python3.8/site-packages/airflow/example_dags/plugins/event_listener.py for tasks to queue
[2025-11-10T07:59:05.017+0000] {logging_mixin.py:188} INFO - [2025-11-10T07:59:05.016+0000] {dagbag.py:538} INFO - Filling up the DagBag from /home/airflow/.local/lib/python3.8/site-packages/airflow/example_dags/plugins/event_listener.py
[2025-11-10T07:59:05.022+0000] {processor.py:842} WARNING - No viable dags retrieved from /home/airflow/.local/lib/python3.8/site-packages/airflow/example_dags/plugins/event_listener.py
[2025-11-10T07:59:05.060+0000] {processor.py:183} INFO - Processing /home/airflow/.local/lib/python3.8/site-packages/airflow/example_dags/plugins/event_listener.py took 0.057 seconds
[2025-11-10T07:59:35.488+0000] {processor.py:161} INFO - Started process (PID=1555) to work on /home/airflow/.local/lib/python3.8/site-packages/airflow/example_dags/plugins/event_listener.py
[2025-11-10T07:59:35.492+0000] {processor.py:830} INFO - Processing file /home/airflow/.local/lib/python3.8/site-packages/airflow/example_dags/plugins/event_listener.py for tasks to queue
[2025-11-10T07:59:35.495+0000] {logging_mixin.py:188} INFO - [2025-11-10T07:59:35.494+0000] {dagbag.py:538} INFO - Filling up the DagBag from /home/airflow/.local/lib/python3.8/site-packages/airflow/example_dags/plugins/event_listener.py
[2025-11-10T07:59:35.503+0000] {processor.py:842} WARNING - No viable dags retrieved from /home/airflow/.local/lib/python3.8/site-packages/airflow/example_dags/plugins/event_listener.py
[2025-11-10T07:59:35.557+0000] {processor.py:183} INFO - Processing /home/airflow/.local/lib/python3.8/site-packages/airflow/example_dags/plugins/event_listener.py took 0.082 seconds
[2025-11-10T08:00:05.753+0000] {processor.py:161} INFO - Started process (PID=1614) to work on /home/airflow/.local/lib/python3.8/site-packages/airflow/example_dags/plugins/event_listener.py
[2025-11-10T08:00:05.755+0000] {processor.py:830} INFO - Processing file /home/airflow/.local/lib/python3.8/site-packages/airflow/example_dags/plugins/event_listener.py for tasks to queue
[2025-11-10T08:00:05.756+0000] {logging_mixin.py:188} INFO - [2025-11-10T08:00:05.756+0000] {dagbag.py:538} INFO - Filling up the DagBag from /home/airflow/.local/lib/python3.8/site-packages/airflow/example_dags/plugins/event_listener.py
[2025-11-10T08:00:05.760+0000] {processor.py:842} WARNING - No viable dags retrieved from /home/airflow/.local/lib/python3.8/site-packages/airflow/example_dags/plugins/event_listener.py
[2025-11-10T08:00:05.783+0000] {processor.py:183} INFO - Processing /home/airflow/.local/lib/python3.8/site-packages/airflow/example_dags/plugins/event_listener.py took 0.035 seconds
[2025-11-10T08:00:37.020+0000] {processor.py:161} INFO - Started process (PID=1673) to work on /home/airflow/.local/lib/python3.8/site-packages/airflow/example_dags/plugins/event_listener.py
[2025-11-10T08:00:37.023+0000] {processor.py:830} INFO - Processing file /home/airflow/.local/lib/python3.8/site-packages/airflow/example_dags/plugins/event_listener.py for tasks to queue
[2025-11-10T08:00:37.026+0000] {logging_mixin.py:188} INFO - [2025-11-10T08:00:37.025+0000] {dagbag.py:538} INFO - Filling up the DagBag from /home/airflow/.local/lib/python3.8/site-packages/airflow/example_dags/plugins/event_listener.py
[2025-11-10T08:00:37.035+0000] {processor.py:842} WARNING - No viable dags retrieved from /home/airflow/.local/lib/python3.8/site-packages/airflow/example_dags/plugins/event_listener.py
[2025-11-10T08:00:37.082+0000] {processor.py:183} INFO - Processing /home/airflow/.local/lib/python3.8/site-packages/airflow/example_dags/plugins/event_listener.py took 0.074 seconds
[2025-11-10T08:01:07.572+0000] {processor.py:161} INFO - Started process (PID=1732) to work on /home/airflow/.local/lib/python3.8/site-packages/airflow/example_dags/plugins/event_listener.py
[2025-11-10T08:01:07.574+0000] {processor.py:830} INFO - Processing file /home/airflow/.local/lib/python3.8/site-packages/airflow/example_dags/plugins/event_listener.py for tasks to queue
[2025-11-10T08:01:07.575+0000] {logging_mixin.py:188} INFO - [2025-11-10T08:01:07.575+0000] {dagbag.py:538} INFO - Filling up the DagBag from /home/airflow/.local/lib/python3.8/site-packages/airflow/example_dags/plugins/event_listener.py
[2025-11-10T08:01:07.579+0000] {processor.py:842} WARNING - No viable dags retrieved from /home/airflow/.local/lib/python3.8/site-packages/airflow/example_dags/plugins/event_listener.py
[2025-11-10T08:01:07.598+0000] {processor.py:183} INFO - Processing /home/airflow/.local/lib/python3.8/site-packages/airflow/example_dags/plugins/event_listener.py took 0.031 seconds
[2025-11-10T08:01:38.494+0000] {processor.py:161} INFO - Started process (PID=1791) to work on /home/airflow/.local/lib/python3.8/site-packages/airflow/example_dags/plugins/event_listener.py
[2025-11-10T08:01:38.496+0000] {processor.py:830} INFO - Processing file /home/airflow/.local/lib/python3.8/site-packages/airflow/example_dags/plugins/event_listener.py for tasks to queue
[2025-11-10T08:01:38.498+0000] {logging_mixin.py:188} INFO - [2025-11-10T08:01:38.497+0000] {dagbag.py:538} INFO - Filling up the DagBag from /home/airflow/.local/lib/python3.8/site-packages/airflow/example_dags/plugins/event_listener.py
[2025-11-10T08:01:38.501+0000] {processor.py:842} WARNING - No viable dags retrieved from /home/airflow/.local/lib/python3.8/site-packages/airflow/example_dags/plugins/event_listener.py
[2025-11-10T08:01:38.522+0000] {processor.py:183} INFO - Processing /home/airflow/.local/lib/python3.8/site-packages/airflow/example_dags/plugins/event_listener.py took 0.033 seconds
[2025-11-10T08:02:08.899+0000] {processor.py:161} INFO - Started process (PID=1851) to work on /home/airflow/.local/lib/python3.8/site-packages/airflow/example_dags/plugins/event_listener.py
[2025-11-10T08:02:08.901+0000] {processor.py:830} INFO - Processing file /home/airflow/.local/lib/python3.8/site-packages/airflow/example_dags/plugins/event_listener.py for tasks to queue
[2025-11-10T08:02:08.903+0000] {logging_mixin.py:188} INFO - [2025-11-10T08:02:08.902+0000] {dagbag.py:538} INFO - Filling up the DagBag from /home/airflow/.local/lib/python3.8/site-packages/airflow/example_dags/plugins/event_listener.py
[2025-11-10T08:02:08.906+0000] {processor.py:842} WARNING - No viable dags retrieved from /home/airflow/.local/lib/python3.8/site-packages/airflow/example_dags/plugins/event_listener.py
[2025-11-10T08:02:08.926+0000] {processor.py:183} INFO - Processing /home/airflow/.local/lib/python3.8/site-packages/airflow/example_dags/plugins/event_listener.py took 0.031 seconds
[2025-11-10T08:02:40.041+0000] {processor.py:161} INFO - Started process (PID=1911) to work on /home/airflow/.local/lib/python3.8/site-packages/airflow/example_dags/plugins/event_listener.py
[2025-11-10T08:02:40.044+0000] {processor.py:830} INFO - Processing file /home/airflow/.local/lib/python3.8/site-packages/airflow/example_dags/plugins/event_listener.py for tasks to queue
[2025-11-10T08:02:40.047+0000] {logging_mixin.py:188} INFO - [2025-11-10T08:02:40.046+0000] {dagbag.py:538} INFO - Filling up the DagBag from /home/airflow/.local/lib/python3.8/site-packages/airflow/example_dags/plugins/event_listener.py
[2025-11-10T08:02:40.053+0000] {processor.py:842} WARNING - No viable dags retrieved from /home/airflow/.local/lib/python3.8/site-packages/airflow/example_dags/plugins/event_listener.py
[2025-11-10T08:02:40.079+0000] {processor.py:183} INFO - Processing /home/airflow/.local/lib/python3.8/site-packages/airflow/example_dags/plugins/event_listener.py took 0.045 seconds
[2025-11-10T08:03:10.284+0000] {processor.py:161} INFO - Started process (PID=1970) to work on /home/airflow/.local/lib/python3.8/site-packages/airflow/example_dags/plugins/event_listener.py
[2025-11-10T08:03:10.286+0000] {processor.py:830} INFO - Processing file /home/airflow/.local/lib/python3.8/site-packages/airflow/example_dags/plugins/event_listener.py for tasks to queue
[2025-11-10T08:03:10.287+0000] {logging_mixin.py:188} INFO - [2025-11-10T08:03:10.287+0000] {dagbag.py:538} INFO - Filling up the DagBag from /home/airflow/.local/lib/python3.8/site-packages/airflow/example_dags/plugins/event_listener.py
[2025-11-10T08:03:10.290+0000] {processor.py:842} WARNING - No viable dags retrieved from /home/airflow/.local/lib/python3.8/site-packages/airflow/example_dags/plugins/event_listener.py
[2025-11-10T08:03:10.309+0000] {processor.py:183} INFO - Processing /home/airflow/.local/lib/python3.8/site-packages/airflow/example_dags/plugins/event_listener.py took 0.029 seconds
[2025-11-10T08:03:40.702+0000] {processor.py:161} INFO - Started process (PID=2029) to work on /home/airflow/.local/lib/python3.8/site-packages/airflow/example_dags/plugins/event_listener.py
[2025-11-10T08:03:40.704+0000] {processor.py:830} INFO - Processing file /home/airflow/.local/lib/python3.8/site-packages/airflow/example_dags/plugins/event_listener.py for tasks to queue
[2025-11-10T08:03:40.705+0000] {logging_mixin.py:188} INFO - [2025-11-10T08:03:40.705+0000] {dagbag.py:538} INFO - Filling up the DagBag from /home/airflow/.local/lib/python3.8/site-packages/airflow/example_dags/plugins/event_listener.py
[2025-11-10T08:03:40.708+0000] {processor.py:842} WARNING - No viable dags retrieved from /home/airflow/.local/lib/python3.8/site-packages/airflow/example_dags/plugins/event_listener.py
[2025-11-10T08:03:40.727+0000] {processor.py:183} INFO - Processing /home/airflow/.local/lib/python3.8/site-packages/airflow/example_dags/plugins/event_listener.py took 0.028 seconds
[2025-11-10T08:04:10.975+0000] {processor.py:161} INFO - Started process (PID=2088) to work on /home/airflow/.local/lib/python3.8/site-packages/airflow/example_dags/plugins/event_listener.py
[2025-11-10T08:04:10.976+0000] {processor.py:830} INFO - Processing file /home/airflow/.local/lib/python3.8/site-packages/airflow/example_dags/plugins/event_listener.py for tasks to queue
[2025-11-10T08:04:10.978+0000] {logging_mixin.py:188} INFO - [2025-11-10T08:04:10.977+0000] {dagbag.py:538} INFO - Filling up the DagBag from /home/airflow/.local/lib/python3.8/site-packages/airflow/example_dags/plugins/event_listener.py
[2025-11-10T08:04:10.981+0000] {processor.py:842} WARNING - No viable dags retrieved from /home/airflow/.local/lib/python3.8/site-packages/airflow/example_dags/plugins/event_listener.py
[2025-11-10T08:04:10.999+0000] {processor.py:183} INFO - Processing /home/airflow/.local/lib/python3.8/site-packages/airflow/example_dags/plugins/event_listener.py took 0.029 seconds
[2025-11-10T08:04:41.279+0000] {processor.py:161} INFO - Started process (PID=2147) to work on /home/airflow/.local/lib/python3.8/site-packages/airflow/example_dags/plugins/event_listener.py
[2025-11-10T08:04:41.281+0000] {processor.py:830} INFO - Processing file /home/airflow/.local/lib/python3.8/site-packages/airflow/example_dags/plugins/event_listener.py for tasks to queue
[2025-11-10T08:04:41.282+0000] {logging_mixin.py:188} INFO - [2025-11-10T08:04:41.282+0000] {dagbag.py:538} INFO - Filling up the DagBag from /home/airflow/.local/lib/python3.8/site-packages/airflow/example_dags/plugins/event_listener.py
[2025-11-10T08:04:41.286+0000] {processor.py:842} WARNING - No viable dags retrieved from /home/airflow/.local/lib/python3.8/site-packages/airflow/example_dags/plugins/event_listener.py
[2025-11-10T08:04:41.303+0000] {processor.py:183} INFO - Processing /home/airflow/.local/lib/python3.8/site-packages/airflow/example_dags/plugins/event_listener.py took 0.028 seconds
[2025-11-10T08:05:11.605+0000] {processor.py:161} INFO - Started process (PID=2206) to work on /home/airflow/.local/lib/python3.8/site-packages/airflow/example_dags/plugins/event_listener.py
[2025-11-10T08:05:11.607+0000] {processor.py:830} INFO - Processing file /home/airflow/.local/lib/python3.8/site-packages/airflow/example_dags/plugins/event_listener.py for tasks to queue
[2025-11-10T08:05:11.608+0000] {logging_mixin.py:188} INFO - [2025-11-10T08:05:11.608+0000] {dagbag.py:538} INFO - Filling up the DagBag from /home/airflow/.local/lib/python3.8/site-packages/airflow/example_dags/plugins/event_listener.py
[2025-11-10T08:05:11.612+0000] {processor.py:842} WARNING - No viable dags retrieved from /home/airflow/.local/lib/python3.8/site-packages/airflow/example_dags/plugins/event_listener.py
[2025-11-10T08:05:11.630+0000] {processor.py:183} INFO - Processing /home/airflow/.local/lib/python3.8/site-packages/airflow/example_dags/plugins/event_listener.py took 0.029 seconds
[2025-11-10T08:05:42.071+0000] {processor.py:161} INFO - Started process (PID=2265) to work on /home/airflow/.local/lib/python3.8/site-packages/airflow/example_dags/plugins/event_listener.py
[2025-11-10T08:05:42.073+0000] {processor.py:830} INFO - Processing file /home/airflow/.local/lib/python3.8/site-packages/airflow/example_dags/plugins/event_listener.py for tasks to queue
[2025-11-10T08:05:42.075+0000] {logging_mixin.py:188} INFO - [2025-11-10T08:05:42.074+0000] {dagbag.py:538} INFO - Filling up the DagBag from /home/airflow/.local/lib/python3.8/site-packages/airflow/example_dags/plugins/event_listener.py
[2025-11-10T08:05:42.079+0000] {processor.py:842} WARNING - No viable dags retrieved from /home/airflow/.local/lib/python3.8/site-packages/airflow/example_dags/plugins/event_listener.py
[2025-11-10T08:05:42.103+0000] {processor.py:183} INFO - Processing /home/airflow/.local/lib/python3.8/site-packages/airflow/example_dags/plugins/event_listener.py took 0.039 seconds
[2025-11-10T08:06:12.387+0000] {processor.py:161} INFO - Started process (PID=2323) to work on /home/airflow/.local/lib/python3.8/site-packages/airflow/example_dags/plugins/event_listener.py
[2025-11-10T08:06:12.389+0000] {processor.py:830} INFO - Processing file /home/airflow/.local/lib/python3.8/site-packages/airflow/example_dags/plugins/event_listener.py for tasks to queue
[2025-11-10T08:06:12.392+0000] {logging_mixin.py:188} INFO - [2025-11-10T08:06:12.391+0000] {dagbag.py:538} INFO - Filling up the DagBag from /home/airflow/.local/lib/python3.8/site-packages/airflow/example_dags/plugins/event_listener.py
[2025-11-10T08:06:12.396+0000] {processor.py:842} WARNING - No viable dags retrieved from /home/airflow/.local/lib/python3.8/site-packages/airflow/example_dags/plugins/event_listener.py
[2025-11-10T08:06:12.424+0000] {processor.py:183} INFO - Processing /home/airflow/.local/lib/python3.8/site-packages/airflow/example_dags/plugins/event_listener.py took 0.043 seconds
[2025-11-10T08:06:43.394+0000] {processor.py:161} INFO - Started process (PID=2383) to work on /home/airflow/.local/lib/python3.8/site-packages/airflow/example_dags/plugins/event_listener.py
[2025-11-10T08:06:43.396+0000] {processor.py:830} INFO - Processing file /home/airflow/.local/lib/python3.8/site-packages/airflow/example_dags/plugins/event_listener.py for tasks to queue
[2025-11-10T08:06:43.398+0000] {logging_mixin.py:188} INFO - [2025-11-10T08:06:43.398+0000] {dagbag.py:538} INFO - Filling up the DagBag from /home/airflow/.local/lib/python3.8/site-packages/airflow/example_dags/plugins/event_listener.py
[2025-11-10T08:06:43.403+0000] {processor.py:842} WARNING - No viable dags retrieved from /home/airflow/.local/lib/python3.8/site-packages/airflow/example_dags/plugins/event_listener.py
[2025-11-10T08:06:43.428+0000] {processor.py:183} INFO - Processing /home/airflow/.local/lib/python3.8/site-packages/airflow/example_dags/plugins/event_listener.py took 0.040 seconds
[2025-11-10T08:07:13.683+0000] {processor.py:161} INFO - Started process (PID=2441) to work on /home/airflow/.local/lib/python3.8/site-packages/airflow/example_dags/plugins/event_listener.py
[2025-11-10T08:07:13.685+0000] {processor.py:830} INFO - Processing file /home/airflow/.local/lib/python3.8/site-packages/airflow/example_dags/plugins/event_listener.py for tasks to queue
[2025-11-10T08:07:13.686+0000] {logging_mixin.py:188} INFO - [2025-11-10T08:07:13.686+0000] {dagbag.py:538} INFO - Filling up the DagBag from /home/airflow/.local/lib/python3.8/site-packages/airflow/example_dags/plugins/event_listener.py
[2025-11-10T08:07:13.690+0000] {processor.py:842} WARNING - No viable dags retrieved from /home/airflow/.local/lib/python3.8/site-packages/airflow/example_dags/plugins/event_listener.py
[2025-11-10T08:07:13.709+0000] {processor.py:183} INFO - Processing /home/airflow/.local/lib/python3.8/site-packages/airflow/example_dags/plugins/event_listener.py took 0.031 seconds
[2025-11-10T08:07:44.829+0000] {processor.py:161} INFO - Started process (PID=2501) to work on /home/airflow/.local/lib/python3.8/site-packages/airflow/example_dags/plugins/event_listener.py
[2025-11-10T08:07:44.831+0000] {processor.py:830} INFO - Processing file /home/airflow/.local/lib/python3.8/site-packages/airflow/example_dags/plugins/event_listener.py for tasks to queue
[2025-11-10T08:07:44.833+0000] {logging_mixin.py:188} INFO - [2025-11-10T08:07:44.833+0000] {dagbag.py:538} INFO - Filling up the DagBag from /home/airflow/.local/lib/python3.8/site-packages/airflow/example_dags/plugins/event_listener.py
[2025-11-10T08:07:44.838+0000] {processor.py:842} WARNING - No viable dags retrieved from /home/airflow/.local/lib/python3.8/site-packages/airflow/example_dags/plugins/event_listener.py
[2025-11-10T08:07:44.864+0000] {processor.py:183} INFO - Processing /home/airflow/.local/lib/python3.8/site-packages/airflow/example_dags/plugins/event_listener.py took 0.042 seconds
[2025-11-10T08:08:15.423+0000] {processor.py:161} INFO - Started process (PID=2560) to work on /home/airflow/.local/lib/python3.8/site-packages/airflow/example_dags/plugins/event_listener.py
[2025-11-10T08:08:15.425+0000] {processor.py:830} INFO - Processing file /home/airflow/.local/lib/python3.8/site-packages/airflow/example_dags/plugins/event_listener.py for tasks to queue
[2025-11-10T08:08:15.427+0000] {logging_mixin.py:188} INFO - [2025-11-10T08:08:15.427+0000] {dagbag.py:538} INFO - Filling up the DagBag from /home/airflow/.local/lib/python3.8/site-packages/airflow/example_dags/plugins/event_listener.py
[2025-11-10T08:08:15.433+0000] {processor.py:842} WARNING - No viable dags retrieved from /home/airflow/.local/lib/python3.8/site-packages/airflow/example_dags/plugins/event_listener.py
[2025-11-10T08:08:15.457+0000] {processor.py:183} INFO - Processing /home/airflow/.local/lib/python3.8/site-packages/airflow/example_dags/plugins/event_listener.py took 0.040 seconds
[2025-11-10T08:08:45.700+0000] {processor.py:161} INFO - Started process (PID=2618) to work on /home/airflow/.local/lib/python3.8/site-packages/airflow/example_dags/plugins/event_listener.py
[2025-11-10T08:08:45.703+0000] {processor.py:830} INFO - Processing file /home/airflow/.local/lib/python3.8/site-packages/airflow/example_dags/plugins/event_listener.py for tasks to queue
[2025-11-10T08:08:45.705+0000] {logging_mixin.py:188} INFO - [2025-11-10T08:08:45.704+0000] {dagbag.py:538} INFO - Filling up the DagBag from /home/airflow/.local/lib/python3.8/site-packages/airflow/example_dags/plugins/event_listener.py
[2025-11-10T08:08:45.710+0000] {processor.py:842} WARNING - No viable dags retrieved from /home/airflow/.local/lib/python3.8/site-packages/airflow/example_dags/plugins/event_listener.py
[2025-11-10T08:08:45.737+0000] {processor.py:183} INFO - Processing /home/airflow/.local/lib/python3.8/site-packages/airflow/example_dags/plugins/event_listener.py took 0.045 seconds
[2025-11-10T08:09:15.891+0000] {processor.py:161} INFO - Started process (PID=2675) to work on /home/airflow/.local/lib/python3.8/site-packages/airflow/example_dags/plugins/event_listener.py
[2025-11-10T08:09:15.893+0000] {processor.py:830} INFO - Processing file /home/airflow/.local/lib/python3.8/site-packages/airflow/example_dags/plugins/event_listener.py for tasks to queue
[2025-11-10T08:09:15.895+0000] {logging_mixin.py:188} INFO - [2025-11-10T08:09:15.894+0000] {dagbag.py:538} INFO - Filling up the DagBag from /home/airflow/.local/lib/python3.8/site-packages/airflow/example_dags/plugins/event_listener.py
[2025-11-10T08:09:15.900+0000] {processor.py:842} WARNING - No viable dags retrieved from /home/airflow/.local/lib/python3.8/site-packages/airflow/example_dags/plugins/event_listener.py
[2025-11-10T08:09:15.924+0000] {processor.py:183} INFO - Processing /home/airflow/.local/lib/python3.8/site-packages/airflow/example_dags/plugins/event_listener.py took 0.039 seconds
[2025-11-10T08:09:46.293+0000] {processor.py:161} INFO - Started process (PID=2734) to work on /home/airflow/.local/lib/python3.8/site-packages/airflow/example_dags/plugins/event_listener.py
[2025-11-10T08:09:46.295+0000] {processor.py:830} INFO - Processing file /home/airflow/.local/lib/python3.8/site-packages/airflow/example_dags/plugins/event_listener.py for tasks to queue
[2025-11-10T08:09:46.297+0000] {logging_mixin.py:188} INFO - [2025-11-10T08:09:46.296+0000] {dagbag.py:538} INFO - Filling up the DagBag from /home/airflow/.local/lib/python3.8/site-packages/airflow/example_dags/plugins/event_listener.py
[2025-11-10T08:09:46.303+0000] {processor.py:842} WARNING - No viable dags retrieved from /home/airflow/.local/lib/python3.8/site-packages/airflow/example_dags/plugins/event_listener.py
[2025-11-10T08:09:46.332+0000] {processor.py:183} INFO - Processing /home/airflow/.local/lib/python3.8/site-packages/airflow/example_dags/plugins/event_listener.py took 0.048 seconds
[2025-11-10T08:10:16.721+0000] {processor.py:161} INFO - Started process (PID=2793) to work on /home/airflow/.local/lib/python3.8/site-packages/airflow/example_dags/plugins/event_listener.py
[2025-11-10T08:10:16.723+0000] {processor.py:830} INFO - Processing file /home/airflow/.local/lib/python3.8/site-packages/airflow/example_dags/plugins/event_listener.py for tasks to queue
[2025-11-10T08:10:16.724+0000] {logging_mixin.py:188} INFO - [2025-11-10T08:10:16.724+0000] {dagbag.py:538} INFO - Filling up the DagBag from /home/airflow/.local/lib/python3.8/site-packages/airflow/example_dags/plugins/event_listener.py
[2025-11-10T08:10:16.728+0000] {processor.py:842} WARNING - No viable dags retrieved from /home/airflow/.local/lib/python3.8/site-packages/airflow/example_dags/plugins/event_listener.py
[2025-11-10T08:10:16.748+0000] {processor.py:183} INFO - Processing /home/airflow/.local/lib/python3.8/site-packages/airflow/example_dags/plugins/event_listener.py took 0.031 seconds
[2025-11-10T08:10:47.365+0000] {processor.py:161} INFO - Started process (PID=2852) to work on /home/airflow/.local/lib/python3.8/site-packages/airflow/example_dags/plugins/event_listener.py
[2025-11-10T08:10:47.367+0000] {processor.py:830} INFO - Processing file /home/airflow/.local/lib/python3.8/site-packages/airflow/example_dags/plugins/event_listener.py for tasks to queue
[2025-11-10T08:10:47.368+0000] {logging_mixin.py:188} INFO - [2025-11-10T08:10:47.368+0000] {dagbag.py:538} INFO - Filling up the DagBag from /home/airflow/.local/lib/python3.8/site-packages/airflow/example_dags/plugins/event_listener.py
[2025-11-10T08:10:47.372+0000] {processor.py:842} WARNING - No viable dags retrieved from /home/airflow/.local/lib/python3.8/site-packages/airflow/example_dags/plugins/event_listener.py
[2025-11-10T08:10:47.391+0000] {processor.py:183} INFO - Processing /home/airflow/.local/lib/python3.8/site-packages/airflow/example_dags/plugins/event_listener.py took 0.030 seconds
[2025-11-10T08:11:18.097+0000] {processor.py:161} INFO - Started process (PID=2912) to work on /home/airflow/.local/lib/python3.8/site-packages/airflow/example_dags/plugins/event_listener.py
[2025-11-10T08:11:18.099+0000] {processor.py:830} INFO - Processing file /home/airflow/.local/lib/python3.8/site-packages/airflow/example_dags/plugins/event_listener.py for tasks to queue
[2025-11-10T08:11:18.101+0000] {logging_mixin.py:188} INFO - [2025-11-10T08:11:18.100+0000] {dagbag.py:538} INFO - Filling up the DagBag from /home/airflow/.local/lib/python3.8/site-packages/airflow/example_dags/plugins/event_listener.py
[2025-11-10T08:11:18.105+0000] {processor.py:842} WARNING - No viable dags retrieved from /home/airflow/.local/lib/python3.8/site-packages/airflow/example_dags/plugins/event_listener.py
[2025-11-10T08:11:18.125+0000] {processor.py:183} INFO - Processing /home/airflow/.local/lib/python3.8/site-packages/airflow/example_dags/plugins/event_listener.py took 0.033 seconds
[2025-11-10T08:11:48.757+0000] {processor.py:161} INFO - Started process (PID=2971) to work on /home/airflow/.local/lib/python3.8/site-packages/airflow/example_dags/plugins/event_listener.py
[2025-11-10T08:11:48.759+0000] {processor.py:830} INFO - Processing file /home/airflow/.local/lib/python3.8/site-packages/airflow/example_dags/plugins/event_listener.py for tasks to queue
[2025-11-10T08:11:48.761+0000] {logging_mixin.py:188} INFO - [2025-11-10T08:11:48.760+0000] {dagbag.py:538} INFO - Filling up the DagBag from /home/airflow/.local/lib/python3.8/site-packages/airflow/example_dags/plugins/event_listener.py
[2025-11-10T08:11:48.765+0000] {processor.py:842} WARNING - No viable dags retrieved from /home/airflow/.local/lib/python3.8/site-packages/airflow/example_dags/plugins/event_listener.py
[2025-11-10T08:11:48.793+0000] {processor.py:183} INFO - Processing /home/airflow/.local/lib/python3.8/site-packages/airflow/example_dags/plugins/event_listener.py took 0.042 seconds
[2025-11-10T08:12:19.666+0000] {processor.py:161} INFO - Started process (PID=3030) to work on /home/airflow/.local/lib/python3.8/site-packages/airflow/example_dags/plugins/event_listener.py
[2025-11-10T08:12:19.668+0000] {processor.py:830} INFO - Processing file /home/airflow/.local/lib/python3.8/site-packages/airflow/example_dags/plugins/event_listener.py for tasks to queue
[2025-11-10T08:12:19.670+0000] {logging_mixin.py:188} INFO - [2025-11-10T08:12:19.670+0000] {dagbag.py:538} INFO - Filling up the DagBag from /home/airflow/.local/lib/python3.8/site-packages/airflow/example_dags/plugins/event_listener.py
[2025-11-10T08:12:19.676+0000] {processor.py:842} WARNING - No viable dags retrieved from /home/airflow/.local/lib/python3.8/site-packages/airflow/example_dags/plugins/event_listener.py
[2025-11-10T08:12:19.708+0000] {processor.py:183} INFO - Processing /home/airflow/.local/lib/python3.8/site-packages/airflow/example_dags/plugins/event_listener.py took 0.048 seconds
[2025-11-10T08:12:50.439+0000] {processor.py:161} INFO - Started process (PID=3089) to work on /home/airflow/.local/lib/python3.8/site-packages/airflow/example_dags/plugins/event_listener.py
[2025-11-10T08:12:50.440+0000] {processor.py:830} INFO - Processing file /home/airflow/.local/lib/python3.8/site-packages/airflow/example_dags/plugins/event_listener.py for tasks to queue
[2025-11-10T08:12:50.441+0000] {logging_mixin.py:188} INFO - [2025-11-10T08:12:50.441+0000] {dagbag.py:538} INFO - Filling up the DagBag from /home/airflow/.local/lib/python3.8/site-packages/airflow/example_dags/plugins/event_listener.py
[2025-11-10T08:12:50.445+0000] {processor.py:842} WARNING - No viable dags retrieved from /home/airflow/.local/lib/python3.8/site-packages/airflow/example_dags/plugins/event_listener.py
[2025-11-10T08:12:50.462+0000] {processor.py:183} INFO - Processing /home/airflow/.local/lib/python3.8/site-packages/airflow/example_dags/plugins/event_listener.py took 0.028 seconds
[2025-11-10T08:13:21.459+0000] {processor.py:161} INFO - Started process (PID=3148) to work on /home/airflow/.local/lib/python3.8/site-packages/airflow/example_dags/plugins/event_listener.py
[2025-11-10T08:13:21.461+0000] {processor.py:830} INFO - Processing file /home/airflow/.local/lib/python3.8/site-packages/airflow/example_dags/plugins/event_listener.py for tasks to queue
[2025-11-10T08:13:21.463+0000] {logging_mixin.py:188} INFO - [2025-11-10T08:13:21.462+0000] {dagbag.py:538} INFO - Filling up the DagBag from /home/airflow/.local/lib/python3.8/site-packages/airflow/example_dags/plugins/event_listener.py
[2025-11-10T08:13:21.467+0000] {processor.py:842} WARNING - No viable dags retrieved from /home/airflow/.local/lib/python3.8/site-packages/airflow/example_dags/plugins/event_listener.py
[2025-11-10T08:13:21.495+0000] {processor.py:183} INFO - Processing /home/airflow/.local/lib/python3.8/site-packages/airflow/example_dags/plugins/event_listener.py took 0.043 seconds
[2025-11-10T08:13:52.054+0000] {processor.py:161} INFO - Started process (PID=3207) to work on /home/airflow/.local/lib/python3.8/site-packages/airflow/example_dags/plugins/event_listener.py
[2025-11-10T08:13:52.056+0000] {processor.py:830} INFO - Processing file /home/airflow/.local/lib/python3.8/site-packages/airflow/example_dags/plugins/event_listener.py for tasks to queue
[2025-11-10T08:13:52.057+0000] {logging_mixin.py:188} INFO - [2025-11-10T08:13:52.057+0000] {dagbag.py:538} INFO - Filling up the DagBag from /home/airflow/.local/lib/python3.8/site-packages/airflow/example_dags/plugins/event_listener.py
[2025-11-10T08:13:52.061+0000] {processor.py:842} WARNING - No viable dags retrieved from /home/airflow/.local/lib/python3.8/site-packages/airflow/example_dags/plugins/event_listener.py
[2025-11-10T08:13:52.082+0000] {processor.py:183} INFO - Processing /home/airflow/.local/lib/python3.8/site-packages/airflow/example_dags/plugins/event_listener.py took 0.033 seconds
[2025-11-10T08:14:22.800+0000] {processor.py:161} INFO - Started process (PID=3266) to work on /home/airflow/.local/lib/python3.8/site-packages/airflow/example_dags/plugins/event_listener.py
[2025-11-10T08:14:22.801+0000] {processor.py:830} INFO - Processing file /home/airflow/.local/lib/python3.8/site-packages/airflow/example_dags/plugins/event_listener.py for tasks to queue
[2025-11-10T08:14:22.802+0000] {logging_mixin.py:188} INFO - [2025-11-10T08:14:22.802+0000] {dagbag.py:538} INFO - Filling up the DagBag from /home/airflow/.local/lib/python3.8/site-packages/airflow/example_dags/plugins/event_listener.py
[2025-11-10T08:14:22.805+0000] {processor.py:842} WARNING - No viable dags retrieved from /home/airflow/.local/lib/python3.8/site-packages/airflow/example_dags/plugins/event_listener.py
[2025-11-10T08:14:22.822+0000] {processor.py:183} INFO - Processing /home/airflow/.local/lib/python3.8/site-packages/airflow/example_dags/plugins/event_listener.py took 0.026 seconds
[2025-11-10T08:14:53.267+0000] {processor.py:161} INFO - Started process (PID=3325) to work on /home/airflow/.local/lib/python3.8/site-packages/airflow/example_dags/plugins/event_listener.py
[2025-11-10T08:14:53.269+0000] {processor.py:830} INFO - Processing file /home/airflow/.local/lib/python3.8/site-packages/airflow/example_dags/plugins/event_listener.py for tasks to queue
[2025-11-10T08:14:53.270+0000] {logging_mixin.py:188} INFO - [2025-11-10T08:14:53.270+0000] {dagbag.py:538} INFO - Filling up the DagBag from /home/airflow/.local/lib/python3.8/site-packages/airflow/example_dags/plugins/event_listener.py
[2025-11-10T08:14:53.273+0000] {processor.py:842} WARNING - No viable dags retrieved from /home/airflow/.local/lib/python3.8/site-packages/airflow/example_dags/plugins/event_listener.py
[2025-11-10T08:14:53.291+0000] {processor.py:183} INFO - Processing /home/airflow/.local/lib/python3.8/site-packages/airflow/example_dags/plugins/event_listener.py took 0.028 seconds
[2025-11-10T08:15:23.485+0000] {processor.py:161} INFO - Started process (PID=3383) to work on /home/airflow/.local/lib/python3.8/site-packages/airflow/example_dags/plugins/event_listener.py
[2025-11-10T08:15:23.486+0000] {processor.py:830} INFO - Processing file /home/airflow/.local/lib/python3.8/site-packages/airflow/example_dags/plugins/event_listener.py for tasks to queue
[2025-11-10T08:15:23.487+0000] {logging_mixin.py:188} INFO - [2025-11-10T08:15:23.487+0000] {dagbag.py:538} INFO - Filling up the DagBag from /home/airflow/.local/lib/python3.8/site-packages/airflow/example_dags/plugins/event_listener.py
[2025-11-10T08:15:23.491+0000] {processor.py:842} WARNING - No viable dags retrieved from /home/airflow/.local/lib/python3.8/site-packages/airflow/example_dags/plugins/event_listener.py
[2025-11-10T08:15:23.508+0000] {processor.py:183} INFO - Processing /home/airflow/.local/lib/python3.8/site-packages/airflow/example_dags/plugins/event_listener.py took 0.028 seconds
[2025-11-10T08:15:53.950+0000] {processor.py:161} INFO - Started process (PID=3443) to work on /home/airflow/.local/lib/python3.8/site-packages/airflow/example_dags/plugins/event_listener.py
[2025-11-10T08:15:53.952+0000] {processor.py:830} INFO - Processing file /home/airflow/.local/lib/python3.8/site-packages/airflow/example_dags/plugins/event_listener.py for tasks to queue
[2025-11-10T08:15:53.954+0000] {logging_mixin.py:188} INFO - [2025-11-10T08:15:53.953+0000] {dagbag.py:538} INFO - Filling up the DagBag from /home/airflow/.local/lib/python3.8/site-packages/airflow/example_dags/plugins/event_listener.py
[2025-11-10T08:15:53.957+0000] {processor.py:842} WARNING - No viable dags retrieved from /home/airflow/.local/lib/python3.8/site-packages/airflow/example_dags/plugins/event_listener.py
[2025-11-10T08:15:53.975+0000] {processor.py:183} INFO - Processing /home/airflow/.local/lib/python3.8/site-packages/airflow/example_dags/plugins/event_listener.py took 0.029 seconds
[2025-11-10T08:16:24.194+0000] {processor.py:161} INFO - Started process (PID=3502) to work on /home/airflow/.local/lib/python3.8/site-packages/airflow/example_dags/plugins/event_listener.py
[2025-11-10T08:16:24.196+0000] {processor.py:830} INFO - Processing file /home/airflow/.local/lib/python3.8/site-packages/airflow/example_dags/plugins/event_listener.py for tasks to queue
[2025-11-10T08:16:24.197+0000] {logging_mixin.py:188} INFO - [2025-11-10T08:16:24.197+0000] {dagbag.py:538} INFO - Filling up the DagBag from /home/airflow/.local/lib/python3.8/site-packages/airflow/example_dags/plugins/event_listener.py
[2025-11-10T08:16:24.200+0000] {processor.py:842} WARNING - No viable dags retrieved from /home/airflow/.local/lib/python3.8/site-packages/airflow/example_dags/plugins/event_listener.py
[2025-11-10T08:16:24.218+0000] {processor.py:183} INFO - Processing /home/airflow/.local/lib/python3.8/site-packages/airflow/example_dags/plugins/event_listener.py took 0.028 seconds
[2025-11-10T08:16:54.869+0000] {processor.py:161} INFO - Started process (PID=3561) to work on /home/airflow/.local/lib/python3.8/site-packages/airflow/example_dags/plugins/event_listener.py
[2025-11-10T08:16:54.871+0000] {processor.py:830} INFO - Processing file /home/airflow/.local/lib/python3.8/site-packages/airflow/example_dags/plugins/event_listener.py for tasks to queue
[2025-11-10T08:16:54.874+0000] {logging_mixin.py:188} INFO - [2025-11-10T08:16:54.873+0000] {dagbag.py:538} INFO - Filling up the DagBag from /home/airflow/.local/lib/python3.8/site-packages/airflow/example_dags/plugins/event_listener.py
[2025-11-10T08:16:54.879+0000] {processor.py:842} WARNING - No viable dags retrieved from /home/airflow/.local/lib/python3.8/site-packages/airflow/example_dags/plugins/event_listener.py
[2025-11-10T08:16:54.910+0000] {processor.py:183} INFO - Processing /home/airflow/.local/lib/python3.8/site-packages/airflow/example_dags/plugins/event_listener.py took 0.049 seconds
[2025-11-10T08:17:25.224+0000] {processor.py:161} INFO - Started process (PID=3620) to work on /home/airflow/.local/lib/python3.8/site-packages/airflow/example_dags/plugins/event_listener.py
[2025-11-10T08:17:25.227+0000] {processor.py:830} INFO - Processing file /home/airflow/.local/lib/python3.8/site-packages/airflow/example_dags/plugins/event_listener.py for tasks to queue
[2025-11-10T08:17:25.229+0000] {logging_mixin.py:188} INFO - [2025-11-10T08:17:25.228+0000] {dagbag.py:538} INFO - Filling up the DagBag from /home/airflow/.local/lib/python3.8/site-packages/airflow/example_dags/plugins/event_listener.py
[2025-11-10T08:17:25.233+0000] {processor.py:842} WARNING - No viable dags retrieved from /home/airflow/.local/lib/python3.8/site-packages/airflow/example_dags/plugins/event_listener.py
[2025-11-10T08:17:25.255+0000] {processor.py:183} INFO - Processing /home/airflow/.local/lib/python3.8/site-packages/airflow/example_dags/plugins/event_listener.py took 0.036 seconds
[2025-11-10T08:17:55.950+0000] {processor.py:161} INFO - Started process (PID=3679) to work on /home/airflow/.local/lib/python3.8/site-packages/airflow/example_dags/plugins/event_listener.py
[2025-11-10T08:17:55.952+0000] {processor.py:830} INFO - Processing file /home/airflow/.local/lib/python3.8/site-packages/airflow/example_dags/plugins/event_listener.py for tasks to queue
[2025-11-10T08:17:55.954+0000] {logging_mixin.py:188} INFO - [2025-11-10T08:17:55.953+0000] {dagbag.py:538} INFO - Filling up the DagBag from /home/airflow/.local/lib/python3.8/site-packages/airflow/example_dags/plugins/event_listener.py
[2025-11-10T08:17:55.959+0000] {processor.py:842} WARNING - No viable dags retrieved from /home/airflow/.local/lib/python3.8/site-packages/airflow/example_dags/plugins/event_listener.py
[2025-11-10T08:17:55.985+0000] {processor.py:183} INFO - Processing /home/airflow/.local/lib/python3.8/site-packages/airflow/example_dags/plugins/event_listener.py took 0.043 seconds
[2025-11-10T08:18:26.556+0000] {processor.py:161} INFO - Started process (PID=3738) to work on /home/airflow/.local/lib/python3.8/site-packages/airflow/example_dags/plugins/event_listener.py
[2025-11-10T08:18:26.558+0000] {processor.py:830} INFO - Processing file /home/airflow/.local/lib/python3.8/site-packages/airflow/example_dags/plugins/event_listener.py for tasks to queue
[2025-11-10T08:18:26.560+0000] {logging_mixin.py:188} INFO - [2025-11-10T08:18:26.559+0000] {dagbag.py:538} INFO - Filling up the DagBag from /home/airflow/.local/lib/python3.8/site-packages/airflow/example_dags/plugins/event_listener.py
[2025-11-10T08:18:26.564+0000] {processor.py:842} WARNING - No viable dags retrieved from /home/airflow/.local/lib/python3.8/site-packages/airflow/example_dags/plugins/event_listener.py
[2025-11-10T08:18:26.586+0000] {processor.py:183} INFO - Processing /home/airflow/.local/lib/python3.8/site-packages/airflow/example_dags/plugins/event_listener.py took 0.035 seconds
[2025-11-10T08:18:57.539+0000] {processor.py:161} INFO - Started process (PID=3797) to work on /home/airflow/.local/lib/python3.8/site-packages/airflow/example_dags/plugins/event_listener.py
[2025-11-10T08:18:57.541+0000] {processor.py:830} INFO - Processing file /home/airflow/.local/lib/python3.8/site-packages/airflow/example_dags/plugins/event_listener.py for tasks to queue
[2025-11-10T08:18:57.542+0000] {logging_mixin.py:188} INFO - [2025-11-10T08:18:57.542+0000] {dagbag.py:538} INFO - Filling up the DagBag from /home/airflow/.local/lib/python3.8/site-packages/airflow/example_dags/plugins/event_listener.py
[2025-11-10T08:18:57.546+0000] {processor.py:842} WARNING - No viable dags retrieved from /home/airflow/.local/lib/python3.8/site-packages/airflow/example_dags/plugins/event_listener.py
[2025-11-10T08:18:57.573+0000] {processor.py:183} INFO - Processing /home/airflow/.local/lib/python3.8/site-packages/airflow/example_dags/plugins/event_listener.py took 0.040 seconds
[2025-11-10T08:19:27.990+0000] {processor.py:161} INFO - Started process (PID=3856) to work on /home/airflow/.local/lib/python3.8/site-packages/airflow/example_dags/plugins/event_listener.py
[2025-11-10T08:19:27.991+0000] {processor.py:830} INFO - Processing file /home/airflow/.local/lib/python3.8/site-packages/airflow/example_dags/plugins/event_listener.py for tasks to queue
[2025-11-10T08:19:27.993+0000] {logging_mixin.py:188} INFO - [2025-11-10T08:19:27.993+0000] {dagbag.py:538} INFO - Filling up the DagBag from /home/airflow/.local/lib/python3.8/site-packages/airflow/example_dags/plugins/event_listener.py
[2025-11-10T08:19:28.008+0000] {processor.py:842} WARNING - No viable dags retrieved from /home/airflow/.local/lib/python3.8/site-packages/airflow/example_dags/plugins/event_listener.py
[2025-11-10T08:19:28.032+0000] {processor.py:183} INFO - Processing /home/airflow/.local/lib/python3.8/site-packages/airflow/example_dags/plugins/event_listener.py took 0.048 seconds
[2025-11-10T08:19:58.647+0000] {processor.py:161} INFO - Started process (PID=3915) to work on /home/airflow/.local/lib/python3.8/site-packages/airflow/example_dags/plugins/event_listener.py
[2025-11-10T08:19:58.649+0000] {processor.py:830} INFO - Processing file /home/airflow/.local/lib/python3.8/site-packages/airflow/example_dags/plugins/event_listener.py for tasks to queue
[2025-11-10T08:19:58.650+0000] {logging_mixin.py:188} INFO - [2025-11-10T08:19:58.650+0000] {dagbag.py:538} INFO - Filling up the DagBag from /home/airflow/.local/lib/python3.8/site-packages/airflow/example_dags/plugins/event_listener.py
[2025-11-10T08:19:58.654+0000] {processor.py:842} WARNING - No viable dags retrieved from /home/airflow/.local/lib/python3.8/site-packages/airflow/example_dags/plugins/event_listener.py
[2025-11-10T08:19:58.679+0000] {processor.py:183} INFO - Processing /home/airflow/.local/lib/python3.8/site-packages/airflow/example_dags/plugins/event_listener.py took 0.037 seconds
[2025-11-10T08:20:29.119+0000] {processor.py:161} INFO - Started process (PID=3974) to work on /home/airflow/.local/lib/python3.8/site-packages/airflow/example_dags/plugins/event_listener.py
[2025-11-10T08:20:29.120+0000] {processor.py:830} INFO - Processing file /home/airflow/.local/lib/python3.8/site-packages/airflow/example_dags/plugins/event_listener.py for tasks to queue
[2025-11-10T08:20:29.121+0000] {logging_mixin.py:188} INFO - [2025-11-10T08:20:29.121+0000] {dagbag.py:538} INFO - Filling up the DagBag from /home/airflow/.local/lib/python3.8/site-packages/airflow/example_dags/plugins/event_listener.py
[2025-11-10T08:20:29.124+0000] {processor.py:842} WARNING - No viable dags retrieved from /home/airflow/.local/lib/python3.8/site-packages/airflow/example_dags/plugins/event_listener.py
[2025-11-10T08:20:29.142+0000] {processor.py:183} INFO - Processing /home/airflow/.local/lib/python3.8/site-packages/airflow/example_dags/plugins/event_listener.py took 0.028 seconds
[2025-11-10T08:20:59.971+0000] {processor.py:161} INFO - Started process (PID=4033) to work on /home/airflow/.local/lib/python3.8/site-packages/airflow/example_dags/plugins/event_listener.py
[2025-11-10T08:20:59.973+0000] {processor.py:830} INFO - Processing file /home/airflow/.local/lib/python3.8/site-packages/airflow/example_dags/plugins/event_listener.py for tasks to queue
[2025-11-10T08:20:59.974+0000] {logging_mixin.py:188} INFO - [2025-11-10T08:20:59.974+0000] {dagbag.py:538} INFO - Filling up the DagBag from /home/airflow/.local/lib/python3.8/site-packages/airflow/example_dags/plugins/event_listener.py
[2025-11-10T08:20:59.978+0000] {processor.py:842} WARNING - No viable dags retrieved from /home/airflow/.local/lib/python3.8/site-packages/airflow/example_dags/plugins/event_listener.py
[2025-11-10T08:20:59.999+0000] {processor.py:183} INFO - Processing /home/airflow/.local/lib/python3.8/site-packages/airflow/example_dags/plugins/event_listener.py took 0.031 seconds
[2025-11-10T08:21:30.457+0000] {processor.py:161} INFO - Started process (PID=4092) to work on /home/airflow/.local/lib/python3.8/site-packages/airflow/example_dags/plugins/event_listener.py
[2025-11-10T08:21:30.458+0000] {processor.py:830} INFO - Processing file /home/airflow/.local/lib/python3.8/site-packages/airflow/example_dags/plugins/event_listener.py for tasks to queue
[2025-11-10T08:21:30.460+0000] {logging_mixin.py:188} INFO - [2025-11-10T08:21:30.459+0000] {dagbag.py:538} INFO - Filling up the DagBag from /home/airflow/.local/lib/python3.8/site-packages/airflow/example_dags/plugins/event_listener.py
[2025-11-10T08:21:30.463+0000] {processor.py:842} WARNING - No viable dags retrieved from /home/airflow/.local/lib/python3.8/site-packages/airflow/example_dags/plugins/event_listener.py
[2025-11-10T08:21:30.482+0000] {processor.py:183} INFO - Processing /home/airflow/.local/lib/python3.8/site-packages/airflow/example_dags/plugins/event_listener.py took 0.029 seconds
[2025-11-10T08:22:01.105+0000] {processor.py:161} INFO - Started process (PID=4151) to work on /home/airflow/.local/lib/python3.8/site-packages/airflow/example_dags/plugins/event_listener.py
[2025-11-10T08:22:01.107+0000] {processor.py:830} INFO - Processing file /home/airflow/.local/lib/python3.8/site-packages/airflow/example_dags/plugins/event_listener.py for tasks to queue
[2025-11-10T08:22:01.108+0000] {logging_mixin.py:188} INFO - [2025-11-10T08:22:01.108+0000] {dagbag.py:538} INFO - Filling up the DagBag from /home/airflow/.local/lib/python3.8/site-packages/airflow/example_dags/plugins/event_listener.py
[2025-11-10T08:22:01.111+0000] {processor.py:842} WARNING - No viable dags retrieved from /home/airflow/.local/lib/python3.8/site-packages/airflow/example_dags/plugins/event_listener.py
[2025-11-10T08:22:01.130+0000] {processor.py:183} INFO - Processing /home/airflow/.local/lib/python3.8/site-packages/airflow/example_dags/plugins/event_listener.py took 0.029 seconds
[2025-11-10T08:22:31.483+0000] {processor.py:161} INFO - Started process (PID=4211) to work on /home/airflow/.local/lib/python3.8/site-packages/airflow/example_dags/plugins/event_listener.py
[2025-11-10T08:22:31.484+0000] {processor.py:830} INFO - Processing file /home/airflow/.local/lib/python3.8/site-packages/airflow/example_dags/plugins/event_listener.py for tasks to queue
[2025-11-10T08:22:31.485+0000] {logging_mixin.py:188} INFO - [2025-11-10T08:22:31.485+0000] {dagbag.py:538} INFO - Filling up the DagBag from /home/airflow/.local/lib/python3.8/site-packages/airflow/example_dags/plugins/event_listener.py
[2025-11-10T08:22:31.489+0000] {processor.py:842} WARNING - No viable dags retrieved from /home/airflow/.local/lib/python3.8/site-packages/airflow/example_dags/plugins/event_listener.py
[2025-11-10T08:22:31.508+0000] {processor.py:183} INFO - Processing /home/airflow/.local/lib/python3.8/site-packages/airflow/example_dags/plugins/event_listener.py took 0.029 seconds
[2025-11-10T08:23:01.894+0000] {processor.py:161} INFO - Started process (PID=4270) to work on /home/airflow/.local/lib/python3.8/site-packages/airflow/example_dags/plugins/event_listener.py
[2025-11-10T08:23:01.895+0000] {processor.py:830} INFO - Processing file /home/airflow/.local/lib/python3.8/site-packages/airflow/example_dags/plugins/event_listener.py for tasks to queue
[2025-11-10T08:23:01.897+0000] {logging_mixin.py:188} INFO - [2025-11-10T08:23:01.897+0000] {dagbag.py:538} INFO - Filling up the DagBag from /home/airflow/.local/lib/python3.8/site-packages/airflow/example_dags/plugins/event_listener.py
[2025-11-10T08:23:01.900+0000] {processor.py:842} WARNING - No viable dags retrieved from /home/airflow/.local/lib/python3.8/site-packages/airflow/example_dags/plugins/event_listener.py
[2025-11-10T08:23:01.919+0000] {processor.py:183} INFO - Processing /home/airflow/.local/lib/python3.8/site-packages/airflow/example_dags/plugins/event_listener.py took 0.029 seconds
[2025-11-10T08:23:32.294+0000] {processor.py:161} INFO - Started process (PID=4329) to work on /home/airflow/.local/lib/python3.8/site-packages/airflow/example_dags/plugins/event_listener.py
[2025-11-10T08:23:32.296+0000] {processor.py:830} INFO - Processing file /home/airflow/.local/lib/python3.8/site-packages/airflow/example_dags/plugins/event_listener.py for tasks to queue
[2025-11-10T08:23:32.297+0000] {logging_mixin.py:188} INFO - [2025-11-10T08:23:32.297+0000] {dagbag.py:538} INFO - Filling up the DagBag from /home/airflow/.local/lib/python3.8/site-packages/airflow/example_dags/plugins/event_listener.py
[2025-11-10T08:23:32.300+0000] {processor.py:842} WARNING - No viable dags retrieved from /home/airflow/.local/lib/python3.8/site-packages/airflow/example_dags/plugins/event_listener.py
[2025-11-10T08:23:32.319+0000] {processor.py:183} INFO - Processing /home/airflow/.local/lib/python3.8/site-packages/airflow/example_dags/plugins/event_listener.py took 0.029 seconds
[2025-11-10T08:24:03.003+0000] {processor.py:161} INFO - Started process (PID=4388) to work on /home/airflow/.local/lib/python3.8/site-packages/airflow/example_dags/plugins/event_listener.py
[2025-11-10T08:24:03.007+0000] {processor.py:830} INFO - Processing file /home/airflow/.local/lib/python3.8/site-packages/airflow/example_dags/plugins/event_listener.py for tasks to queue
[2025-11-10T08:24:03.012+0000] {logging_mixin.py:188} INFO - [2025-11-10T08:24:03.011+0000] {dagbag.py:538} INFO - Filling up the DagBag from /home/airflow/.local/lib/python3.8/site-packages/airflow/example_dags/plugins/event_listener.py
[2025-11-10T08:24:03.018+0000] {processor.py:842} WARNING - No viable dags retrieved from /home/airflow/.local/lib/python3.8/site-packages/airflow/example_dags/plugins/event_listener.py
[2025-11-10T08:24:03.058+0000] {processor.py:183} INFO - Processing /home/airflow/.local/lib/python3.8/site-packages/airflow/example_dags/plugins/event_listener.py took 0.065 seconds
[2025-11-10T08:24:33.777+0000] {processor.py:161} INFO - Started process (PID=4453) to work on /home/airflow/.local/lib/python3.8/site-packages/airflow/example_dags/plugins/event_listener.py
[2025-11-10T08:24:33.779+0000] {processor.py:830} INFO - Processing file /home/airflow/.local/lib/python3.8/site-packages/airflow/example_dags/plugins/event_listener.py for tasks to queue
[2025-11-10T08:24:33.781+0000] {logging_mixin.py:188} INFO - [2025-11-10T08:24:33.781+0000] {dagbag.py:538} INFO - Filling up the DagBag from /home/airflow/.local/lib/python3.8/site-packages/airflow/example_dags/plugins/event_listener.py
[2025-11-10T08:24:33.787+0000] {processor.py:842} WARNING - No viable dags retrieved from /home/airflow/.local/lib/python3.8/site-packages/airflow/example_dags/plugins/event_listener.py
[2025-11-10T08:24:33.817+0000] {processor.py:183} INFO - Processing /home/airflow/.local/lib/python3.8/site-packages/airflow/example_dags/plugins/event_listener.py took 0.049 seconds
[2025-11-10T08:25:04.310+0000] {processor.py:161} INFO - Started process (PID=4512) to work on /home/airflow/.local/lib/python3.8/site-packages/airflow/example_dags/plugins/event_listener.py
[2025-11-10T08:25:04.312+0000] {processor.py:830} INFO - Processing file /home/airflow/.local/lib/python3.8/site-packages/airflow/example_dags/plugins/event_listener.py for tasks to queue
[2025-11-10T08:25:04.314+0000] {logging_mixin.py:188} INFO - [2025-11-10T08:25:04.313+0000] {dagbag.py:538} INFO - Filling up the DagBag from /home/airflow/.local/lib/python3.8/site-packages/airflow/example_dags/plugins/event_listener.py
[2025-11-10T08:25:04.318+0000] {processor.py:842} WARNING - No viable dags retrieved from /home/airflow/.local/lib/python3.8/site-packages/airflow/example_dags/plugins/event_listener.py
[2025-11-10T08:25:04.341+0000] {processor.py:183} INFO - Processing /home/airflow/.local/lib/python3.8/site-packages/airflow/example_dags/plugins/event_listener.py took 0.036 seconds
[2025-11-10T08:25:34.610+0000] {processor.py:161} INFO - Started process (PID=4571) to work on /home/airflow/.local/lib/python3.8/site-packages/airflow/example_dags/plugins/event_listener.py
[2025-11-10T08:25:34.612+0000] {processor.py:830} INFO - Processing file /home/airflow/.local/lib/python3.8/site-packages/airflow/example_dags/plugins/event_listener.py for tasks to queue
[2025-11-10T08:25:34.614+0000] {logging_mixin.py:188} INFO - [2025-11-10T08:25:34.613+0000] {dagbag.py:538} INFO - Filling up the DagBag from /home/airflow/.local/lib/python3.8/site-packages/airflow/example_dags/plugins/event_listener.py
[2025-11-10T08:25:34.617+0000] {processor.py:842} WARNING - No viable dags retrieved from /home/airflow/.local/lib/python3.8/site-packages/airflow/example_dags/plugins/event_listener.py
[2025-11-10T08:25:34.635+0000] {processor.py:183} INFO - Processing /home/airflow/.local/lib/python3.8/site-packages/airflow/example_dags/plugins/event_listener.py took 0.029 seconds
[2025-11-10T08:26:05.159+0000] {processor.py:161} INFO - Started process (PID=4630) to work on /home/airflow/.local/lib/python3.8/site-packages/airflow/example_dags/plugins/event_listener.py
[2025-11-10T08:26:05.172+0000] {processor.py:830} INFO - Processing file /home/airflow/.local/lib/python3.8/site-packages/airflow/example_dags/plugins/event_listener.py for tasks to queue
[2025-11-10T08:26:05.176+0000] {logging_mixin.py:188} INFO - [2025-11-10T08:26:05.175+0000] {dagbag.py:538} INFO - Filling up the DagBag from /home/airflow/.local/lib/python3.8/site-packages/airflow/example_dags/plugins/event_listener.py
[2025-11-10T08:26:05.183+0000] {processor.py:842} WARNING - No viable dags retrieved from /home/airflow/.local/lib/python3.8/site-packages/airflow/example_dags/plugins/event_listener.py
[2025-11-10T08:26:05.263+0000] {processor.py:183} INFO - Processing /home/airflow/.local/lib/python3.8/site-packages/airflow/example_dags/plugins/event_listener.py took 0.113 seconds
[2025-11-10T08:26:35.501+0000] {processor.py:161} INFO - Started process (PID=4688) to work on /home/airflow/.local/lib/python3.8/site-packages/airflow/example_dags/plugins/event_listener.py
[2025-11-10T08:26:35.503+0000] {processor.py:830} INFO - Processing file /home/airflow/.local/lib/python3.8/site-packages/airflow/example_dags/plugins/event_listener.py for tasks to queue
[2025-11-10T08:26:35.505+0000] {logging_mixin.py:188} INFO - [2025-11-10T08:26:35.504+0000] {dagbag.py:538} INFO - Filling up the DagBag from /home/airflow/.local/lib/python3.8/site-packages/airflow/example_dags/plugins/event_listener.py
[2025-11-10T08:26:35.508+0000] {processor.py:842} WARNING - No viable dags retrieved from /home/airflow/.local/lib/python3.8/site-packages/airflow/example_dags/plugins/event_listener.py
[2025-11-10T08:26:35.524+0000] {processor.py:183} INFO - Processing /home/airflow/.local/lib/python3.8/site-packages/airflow/example_dags/plugins/event_listener.py took 0.028 seconds
[2025-11-10T08:27:05.784+0000] {processor.py:161} INFO - Started process (PID=4747) to work on /home/airflow/.local/lib/python3.8/site-packages/airflow/example_dags/plugins/event_listener.py
[2025-11-10T08:27:05.785+0000] {processor.py:830} INFO - Processing file /home/airflow/.local/lib/python3.8/site-packages/airflow/example_dags/plugins/event_listener.py for tasks to queue
[2025-11-10T08:27:05.787+0000] {logging_mixin.py:188} INFO - [2025-11-10T08:27:05.786+0000] {dagbag.py:538} INFO - Filling up the DagBag from /home/airflow/.local/lib/python3.8/site-packages/airflow/example_dags/plugins/event_listener.py
[2025-11-10T08:27:05.790+0000] {processor.py:842} WARNING - No viable dags retrieved from /home/airflow/.local/lib/python3.8/site-packages/airflow/example_dags/plugins/event_listener.py
[2025-11-10T08:27:05.811+0000] {processor.py:183} INFO - Processing /home/airflow/.local/lib/python3.8/site-packages/airflow/example_dags/plugins/event_listener.py took 0.032 seconds
[2025-11-10T08:27:36.918+0000] {processor.py:161} INFO - Started process (PID=4807) to work on /home/airflow/.local/lib/python3.8/site-packages/airflow/example_dags/plugins/event_listener.py
[2025-11-10T08:27:36.920+0000] {processor.py:830} INFO - Processing file /home/airflow/.local/lib/python3.8/site-packages/airflow/example_dags/plugins/event_listener.py for tasks to queue
[2025-11-10T08:27:36.922+0000] {logging_mixin.py:188} INFO - [2025-11-10T08:27:36.921+0000] {dagbag.py:538} INFO - Filling up the DagBag from /home/airflow/.local/lib/python3.8/site-packages/airflow/example_dags/plugins/event_listener.py
[2025-11-10T08:27:36.926+0000] {processor.py:842} WARNING - No viable dags retrieved from /home/airflow/.local/lib/python3.8/site-packages/airflow/example_dags/plugins/event_listener.py
[2025-11-10T08:27:36.946+0000] {processor.py:183} INFO - Processing /home/airflow/.local/lib/python3.8/site-packages/airflow/example_dags/plugins/event_listener.py took 0.033 seconds
[2025-11-10T08:28:07.863+0000] {processor.py:161} INFO - Started process (PID=4866) to work on /home/airflow/.local/lib/python3.8/site-packages/airflow/example_dags/plugins/event_listener.py
[2025-11-10T08:28:07.864+0000] {processor.py:830} INFO - Processing file /home/airflow/.local/lib/python3.8/site-packages/airflow/example_dags/plugins/event_listener.py for tasks to queue
[2025-11-10T08:28:07.866+0000] {logging_mixin.py:188} INFO - [2025-11-10T08:28:07.866+0000] {dagbag.py:538} INFO - Filling up the DagBag from /home/airflow/.local/lib/python3.8/site-packages/airflow/example_dags/plugins/event_listener.py
[2025-11-10T08:28:07.870+0000] {processor.py:842} WARNING - No viable dags retrieved from /home/airflow/.local/lib/python3.8/site-packages/airflow/example_dags/plugins/event_listener.py
[2025-11-10T08:28:07.890+0000] {processor.py:183} INFO - Processing /home/airflow/.local/lib/python3.8/site-packages/airflow/example_dags/plugins/event_listener.py took 0.032 seconds
[2025-11-10T08:28:38.152+0000] {processor.py:161} INFO - Started process (PID=4925) to work on /home/airflow/.local/lib/python3.8/site-packages/airflow/example_dags/plugins/event_listener.py
[2025-11-10T08:28:38.153+0000] {processor.py:830} INFO - Processing file /home/airflow/.local/lib/python3.8/site-packages/airflow/example_dags/plugins/event_listener.py for tasks to queue
[2025-11-10T08:28:38.155+0000] {logging_mixin.py:188} INFO - [2025-11-10T08:28:38.154+0000] {dagbag.py:538} INFO - Filling up the DagBag from /home/airflow/.local/lib/python3.8/site-packages/airflow/example_dags/plugins/event_listener.py
[2025-11-10T08:28:38.157+0000] {processor.py:842} WARNING - No viable dags retrieved from /home/airflow/.local/lib/python3.8/site-packages/airflow/example_dags/plugins/event_listener.py
[2025-11-10T08:28:38.176+0000] {processor.py:183} INFO - Processing /home/airflow/.local/lib/python3.8/site-packages/airflow/example_dags/plugins/event_listener.py took 0.029 seconds
[2025-11-10T08:29:09.216+0000] {processor.py:161} INFO - Started process (PID=4984) to work on /home/airflow/.local/lib/python3.8/site-packages/airflow/example_dags/plugins/event_listener.py
[2025-11-10T08:29:09.219+0000] {processor.py:830} INFO - Processing file /home/airflow/.local/lib/python3.8/site-packages/airflow/example_dags/plugins/event_listener.py for tasks to queue
[2025-11-10T08:29:09.221+0000] {logging_mixin.py:188} INFO - [2025-11-10T08:29:09.220+0000] {dagbag.py:538} INFO - Filling up the DagBag from /home/airflow/.local/lib/python3.8/site-packages/airflow/example_dags/plugins/event_listener.py
[2025-11-10T08:29:09.225+0000] {processor.py:842} WARNING - No viable dags retrieved from /home/airflow/.local/lib/python3.8/site-packages/airflow/example_dags/plugins/event_listener.py
[2025-11-10T08:29:09.250+0000] {processor.py:183} INFO - Processing /home/airflow/.local/lib/python3.8/site-packages/airflow/example_dags/plugins/event_listener.py took 0.039 seconds
[2025-11-10T08:29:40.015+0000] {processor.py:161} INFO - Started process (PID=5043) to work on /home/airflow/.local/lib/python3.8/site-packages/airflow/example_dags/plugins/event_listener.py
[2025-11-10T08:29:40.017+0000] {processor.py:830} INFO - Processing file /home/airflow/.local/lib/python3.8/site-packages/airflow/example_dags/plugins/event_listener.py for tasks to queue
[2025-11-10T08:29:40.019+0000] {logging_mixin.py:188} INFO - [2025-11-10T08:29:40.019+0000] {dagbag.py:538} INFO - Filling up the DagBag from /home/airflow/.local/lib/python3.8/site-packages/airflow/example_dags/plugins/event_listener.py
[2025-11-10T08:29:40.026+0000] {processor.py:842} WARNING - No viable dags retrieved from /home/airflow/.local/lib/python3.8/site-packages/airflow/example_dags/plugins/event_listener.py
[2025-11-10T08:29:40.058+0000] {processor.py:183} INFO - Processing /home/airflow/.local/lib/python3.8/site-packages/airflow/example_dags/plugins/event_listener.py took 0.051 seconds
[2025-11-10T08:30:10.823+0000] {processor.py:161} INFO - Started process (PID=5102) to work on /home/airflow/.local/lib/python3.8/site-packages/airflow/example_dags/plugins/event_listener.py
[2025-11-10T08:30:10.825+0000] {processor.py:830} INFO - Processing file /home/airflow/.local/lib/python3.8/site-packages/airflow/example_dags/plugins/event_listener.py for tasks to queue
[2025-11-10T08:30:10.827+0000] {logging_mixin.py:188} INFO - [2025-11-10T08:30:10.826+0000] {dagbag.py:538} INFO - Filling up the DagBag from /home/airflow/.local/lib/python3.8/site-packages/airflow/example_dags/plugins/event_listener.py
[2025-11-10T08:30:10.831+0000] {processor.py:842} WARNING - No viable dags retrieved from /home/airflow/.local/lib/python3.8/site-packages/airflow/example_dags/plugins/event_listener.py
[2025-11-10T08:30:10.856+0000] {processor.py:183} INFO - Processing /home/airflow/.local/lib/python3.8/site-packages/airflow/example_dags/plugins/event_listener.py took 0.040 seconds
[2025-11-10T08:30:41.391+0000] {processor.py:161} INFO - Started process (PID=5162) to work on /home/airflow/.local/lib/python3.8/site-packages/airflow/example_dags/plugins/event_listener.py
[2025-11-10T08:30:41.393+0000] {processor.py:830} INFO - Processing file /home/airflow/.local/lib/python3.8/site-packages/airflow/example_dags/plugins/event_listener.py for tasks to queue
[2025-11-10T08:30:41.395+0000] {logging_mixin.py:188} INFO - [2025-11-10T08:30:41.394+0000] {dagbag.py:538} INFO - Filling up the DagBag from /home/airflow/.local/lib/python3.8/site-packages/airflow/example_dags/plugins/event_listener.py
[2025-11-10T08:30:41.399+0000] {processor.py:842} WARNING - No viable dags retrieved from /home/airflow/.local/lib/python3.8/site-packages/airflow/example_dags/plugins/event_listener.py
[2025-11-10T08:30:41.418+0000] {processor.py:183} INFO - Processing /home/airflow/.local/lib/python3.8/site-packages/airflow/example_dags/plugins/event_listener.py took 0.034 seconds
[2025-11-10T08:31:12.116+0000] {processor.py:161} INFO - Started process (PID=5221) to work on /home/airflow/.local/lib/python3.8/site-packages/airflow/example_dags/plugins/event_listener.py
[2025-11-10T08:31:12.117+0000] {processor.py:830} INFO - Processing file /home/airflow/.local/lib/python3.8/site-packages/airflow/example_dags/plugins/event_listener.py for tasks to queue
[2025-11-10T08:31:12.118+0000] {logging_mixin.py:188} INFO - [2025-11-10T08:31:12.118+0000] {dagbag.py:538} INFO - Filling up the DagBag from /home/airflow/.local/lib/python3.8/site-packages/airflow/example_dags/plugins/event_listener.py
[2025-11-10T08:31:12.122+0000] {processor.py:842} WARNING - No viable dags retrieved from /home/airflow/.local/lib/python3.8/site-packages/airflow/example_dags/plugins/event_listener.py
[2025-11-10T08:31:12.140+0000] {processor.py:183} INFO - Processing /home/airflow/.local/lib/python3.8/site-packages/airflow/example_dags/plugins/event_listener.py took 0.029 seconds
[2025-11-10T08:31:42.360+0000] {processor.py:161} INFO - Started process (PID=5280) to work on /home/airflow/.local/lib/python3.8/site-packages/airflow/example_dags/plugins/event_listener.py
[2025-11-10T08:31:42.361+0000] {processor.py:830} INFO - Processing file /home/airflow/.local/lib/python3.8/site-packages/airflow/example_dags/plugins/event_listener.py for tasks to queue
[2025-11-10T08:31:42.363+0000] {logging_mixin.py:188} INFO - [2025-11-10T08:31:42.362+0000] {dagbag.py:538} INFO - Filling up the DagBag from /home/airflow/.local/lib/python3.8/site-packages/airflow/example_dags/plugins/event_listener.py
[2025-11-10T08:31:42.366+0000] {processor.py:842} WARNING - No viable dags retrieved from /home/airflow/.local/lib/python3.8/site-packages/airflow/example_dags/plugins/event_listener.py
[2025-11-10T08:31:42.384+0000] {processor.py:183} INFO - Processing /home/airflow/.local/lib/python3.8/site-packages/airflow/example_dags/plugins/event_listener.py took 0.029 seconds
[2025-11-10T08:32:12.568+0000] {processor.py:161} INFO - Started process (PID=5339) to work on /home/airflow/.local/lib/python3.8/site-packages/airflow/example_dags/plugins/event_listener.py
[2025-11-10T08:32:12.569+0000] {processor.py:830} INFO - Processing file /home/airflow/.local/lib/python3.8/site-packages/airflow/example_dags/plugins/event_listener.py for tasks to queue
[2025-11-10T08:32:12.571+0000] {logging_mixin.py:188} INFO - [2025-11-10T08:32:12.570+0000] {dagbag.py:538} INFO - Filling up the DagBag from /home/airflow/.local/lib/python3.8/site-packages/airflow/example_dags/plugins/event_listener.py
[2025-11-10T08:32:12.574+0000] {processor.py:842} WARNING - No viable dags retrieved from /home/airflow/.local/lib/python3.8/site-packages/airflow/example_dags/plugins/event_listener.py
[2025-11-10T08:32:12.593+0000] {processor.py:183} INFO - Processing /home/airflow/.local/lib/python3.8/site-packages/airflow/example_dags/plugins/event_listener.py took 0.030 seconds
[2025-11-10T08:32:43.223+0000] {processor.py:161} INFO - Started process (PID=5398) to work on /home/airflow/.local/lib/python3.8/site-packages/airflow/example_dags/plugins/event_listener.py
[2025-11-10T08:32:43.226+0000] {processor.py:830} INFO - Processing file /home/airflow/.local/lib/python3.8/site-packages/airflow/example_dags/plugins/event_listener.py for tasks to queue
[2025-11-10T08:32:43.228+0000] {logging_mixin.py:188} INFO - [2025-11-10T08:32:43.228+0000] {dagbag.py:538} INFO - Filling up the DagBag from /home/airflow/.local/lib/python3.8/site-packages/airflow/example_dags/plugins/event_listener.py
[2025-11-10T08:32:43.240+0000] {processor.py:842} WARNING - No viable dags retrieved from /home/airflow/.local/lib/python3.8/site-packages/airflow/example_dags/plugins/event_listener.py
[2025-11-10T08:32:43.281+0000] {processor.py:183} INFO - Processing /home/airflow/.local/lib/python3.8/site-packages/airflow/example_dags/plugins/event_listener.py took 0.067 seconds
[2025-11-10T08:33:13.833+0000] {processor.py:161} INFO - Started process (PID=5457) to work on /home/airflow/.local/lib/python3.8/site-packages/airflow/example_dags/plugins/event_listener.py
[2025-11-10T08:33:13.835+0000] {processor.py:830} INFO - Processing file /home/airflow/.local/lib/python3.8/site-packages/airflow/example_dags/plugins/event_listener.py for tasks to queue
[2025-11-10T08:33:13.836+0000] {logging_mixin.py:188} INFO - [2025-11-10T08:33:13.836+0000] {dagbag.py:538} INFO - Filling up the DagBag from /home/airflow/.local/lib/python3.8/site-packages/airflow/example_dags/plugins/event_listener.py
[2025-11-10T08:33:13.839+0000] {processor.py:842} WARNING - No viable dags retrieved from /home/airflow/.local/lib/python3.8/site-packages/airflow/example_dags/plugins/event_listener.py
[2025-11-10T08:33:13.858+0000] {processor.py:183} INFO - Processing /home/airflow/.local/lib/python3.8/site-packages/airflow/example_dags/plugins/event_listener.py took 0.030 seconds
[2025-11-10T08:33:44.046+0000] {processor.py:161} INFO - Started process (PID=5516) to work on /home/airflow/.local/lib/python3.8/site-packages/airflow/example_dags/plugins/event_listener.py
[2025-11-10T08:33:44.048+0000] {processor.py:830} INFO - Processing file /home/airflow/.local/lib/python3.8/site-packages/airflow/example_dags/plugins/event_listener.py for tasks to queue
[2025-11-10T08:33:44.051+0000] {logging_mixin.py:188} INFO - [2025-11-10T08:33:44.051+0000] {dagbag.py:538} INFO - Filling up the DagBag from /home/airflow/.local/lib/python3.8/site-packages/airflow/example_dags/plugins/event_listener.py
[2025-11-10T08:33:44.055+0000] {processor.py:842} WARNING - No viable dags retrieved from /home/airflow/.local/lib/python3.8/site-packages/airflow/example_dags/plugins/event_listener.py
[2025-11-10T08:33:44.073+0000] {processor.py:183} INFO - Processing /home/airflow/.local/lib/python3.8/site-packages/airflow/example_dags/plugins/event_listener.py took 0.031 seconds
[2025-11-10T08:34:15.128+0000] {processor.py:161} INFO - Started process (PID=5576) to work on /home/airflow/.local/lib/python3.8/site-packages/airflow/example_dags/plugins/event_listener.py
[2025-11-10T08:34:15.130+0000] {processor.py:830} INFO - Processing file /home/airflow/.local/lib/python3.8/site-packages/airflow/example_dags/plugins/event_listener.py for tasks to queue
[2025-11-10T08:34:15.132+0000] {logging_mixin.py:188} INFO - [2025-11-10T08:34:15.131+0000] {dagbag.py:538} INFO - Filling up the DagBag from /home/airflow/.local/lib/python3.8/site-packages/airflow/example_dags/plugins/event_listener.py
[2025-11-10T08:34:15.135+0000] {processor.py:842} WARNING - No viable dags retrieved from /home/airflow/.local/lib/python3.8/site-packages/airflow/example_dags/plugins/event_listener.py
[2025-11-10T08:34:15.153+0000] {processor.py:183} INFO - Processing /home/airflow/.local/lib/python3.8/site-packages/airflow/example_dags/plugins/event_listener.py took 0.030 seconds
[2025-11-10T08:34:45.843+0000] {processor.py:161} INFO - Started process (PID=5635) to work on /home/airflow/.local/lib/python3.8/site-packages/airflow/example_dags/plugins/event_listener.py
[2025-11-10T08:34:45.845+0000] {processor.py:830} INFO - Processing file /home/airflow/.local/lib/python3.8/site-packages/airflow/example_dags/plugins/event_listener.py for tasks to queue
[2025-11-10T08:34:45.847+0000] {logging_mixin.py:188} INFO - [2025-11-10T08:34:45.846+0000] {dagbag.py:538} INFO - Filling up the DagBag from /home/airflow/.local/lib/python3.8/site-packages/airflow/example_dags/plugins/event_listener.py
[2025-11-10T08:34:45.851+0000] {processor.py:842} WARNING - No viable dags retrieved from /home/airflow/.local/lib/python3.8/site-packages/airflow/example_dags/plugins/event_listener.py
[2025-11-10T08:34:45.881+0000] {processor.py:183} INFO - Processing /home/airflow/.local/lib/python3.8/site-packages/airflow/example_dags/plugins/event_listener.py took 0.046 seconds
[2025-11-10T08:35:16.312+0000] {processor.py:161} INFO - Started process (PID=5694) to work on /home/airflow/.local/lib/python3.8/site-packages/airflow/example_dags/plugins/event_listener.py
[2025-11-10T08:35:16.321+0000] {processor.py:830} INFO - Processing file /home/airflow/.local/lib/python3.8/site-packages/airflow/example_dags/plugins/event_listener.py for tasks to queue
[2025-11-10T08:35:16.325+0000] {logging_mixin.py:188} INFO - [2025-11-10T08:35:16.324+0000] {dagbag.py:538} INFO - Filling up the DagBag from /home/airflow/.local/lib/python3.8/site-packages/airflow/example_dags/plugins/event_listener.py
[2025-11-10T08:35:16.338+0000] {processor.py:842} WARNING - No viable dags retrieved from /home/airflow/.local/lib/python3.8/site-packages/airflow/example_dags/plugins/event_listener.py
[2025-11-10T08:35:16.394+0000] {processor.py:183} INFO - Processing /home/airflow/.local/lib/python3.8/site-packages/airflow/example_dags/plugins/event_listener.py took 0.093 seconds
[2025-11-10T08:35:46.753+0000] {processor.py:161} INFO - Started process (PID=5753) to work on /home/airflow/.local/lib/python3.8/site-packages/airflow/example_dags/plugins/event_listener.py
[2025-11-10T08:35:46.755+0000] {processor.py:830} INFO - Processing file /home/airflow/.local/lib/python3.8/site-packages/airflow/example_dags/plugins/event_listener.py for tasks to queue
[2025-11-10T08:35:46.758+0000] {logging_mixin.py:188} INFO - [2025-11-10T08:35:46.757+0000] {dagbag.py:538} INFO - Filling up the DagBag from /home/airflow/.local/lib/python3.8/site-packages/airflow/example_dags/plugins/event_listener.py
[2025-11-10T08:35:46.765+0000] {processor.py:842} WARNING - No viable dags retrieved from /home/airflow/.local/lib/python3.8/site-packages/airflow/example_dags/plugins/event_listener.py
[2025-11-10T08:35:46.797+0000] {processor.py:183} INFO - Processing /home/airflow/.local/lib/python3.8/site-packages/airflow/example_dags/plugins/event_listener.py took 0.052 seconds
[2025-11-10T08:36:17.627+0000] {processor.py:161} INFO - Started process (PID=5812) to work on /home/airflow/.local/lib/python3.8/site-packages/airflow/example_dags/plugins/event_listener.py
[2025-11-10T08:36:17.628+0000] {processor.py:830} INFO - Processing file /home/airflow/.local/lib/python3.8/site-packages/airflow/example_dags/plugins/event_listener.py for tasks to queue
[2025-11-10T08:36:17.629+0000] {logging_mixin.py:188} INFO - [2025-11-10T08:36:17.629+0000] {dagbag.py:538} INFO - Filling up the DagBag from /home/airflow/.local/lib/python3.8/site-packages/airflow/example_dags/plugins/event_listener.py
[2025-11-10T08:36:17.632+0000] {processor.py:842} WARNING - No viable dags retrieved from /home/airflow/.local/lib/python3.8/site-packages/airflow/example_dags/plugins/event_listener.py
[2025-11-10T08:36:17.651+0000] {processor.py:183} INFO - Processing /home/airflow/.local/lib/python3.8/site-packages/airflow/example_dags/plugins/event_listener.py took 0.028 seconds
[2025-11-10T08:36:47.907+0000] {processor.py:161} INFO - Started process (PID=5871) to work on /home/airflow/.local/lib/python3.8/site-packages/airflow/example_dags/plugins/event_listener.py
[2025-11-10T08:36:47.909+0000] {processor.py:830} INFO - Processing file /home/airflow/.local/lib/python3.8/site-packages/airflow/example_dags/plugins/event_listener.py for tasks to queue
[2025-11-10T08:36:47.910+0000] {logging_mixin.py:188} INFO - [2025-11-10T08:36:47.910+0000] {dagbag.py:538} INFO - Filling up the DagBag from /home/airflow/.local/lib/python3.8/site-packages/airflow/example_dags/plugins/event_listener.py
[2025-11-10T08:36:47.914+0000] {processor.py:842} WARNING - No viable dags retrieved from /home/airflow/.local/lib/python3.8/site-packages/airflow/example_dags/plugins/event_listener.py
[2025-11-10T08:36:47.934+0000] {processor.py:183} INFO - Processing /home/airflow/.local/lib/python3.8/site-packages/airflow/example_dags/plugins/event_listener.py took 0.033 seconds
[2025-11-10T08:37:18.416+0000] {processor.py:161} INFO - Started process (PID=5930) to work on /home/airflow/.local/lib/python3.8/site-packages/airflow/example_dags/plugins/event_listener.py
[2025-11-10T08:37:18.418+0000] {processor.py:830} INFO - Processing file /home/airflow/.local/lib/python3.8/site-packages/airflow/example_dags/plugins/event_listener.py for tasks to queue
[2025-11-10T08:37:18.419+0000] {logging_mixin.py:188} INFO - [2025-11-10T08:37:18.419+0000] {dagbag.py:538} INFO - Filling up the DagBag from /home/airflow/.local/lib/python3.8/site-packages/airflow/example_dags/plugins/event_listener.py
[2025-11-10T08:37:18.422+0000] {processor.py:842} WARNING - No viable dags retrieved from /home/airflow/.local/lib/python3.8/site-packages/airflow/example_dags/plugins/event_listener.py
[2025-11-10T08:37:18.442+0000] {processor.py:183} INFO - Processing /home/airflow/.local/lib/python3.8/site-packages/airflow/example_dags/plugins/event_listener.py took 0.030 seconds
[2025-11-10T08:37:49.038+0000] {processor.py:161} INFO - Started process (PID=5989) to work on /home/airflow/.local/lib/python3.8/site-packages/airflow/example_dags/plugins/event_listener.py
[2025-11-10T08:37:49.040+0000] {processor.py:830} INFO - Processing file /home/airflow/.local/lib/python3.8/site-packages/airflow/example_dags/plugins/event_listener.py for tasks to queue
[2025-11-10T08:37:49.042+0000] {logging_mixin.py:188} INFO - [2025-11-10T08:37:49.041+0000] {dagbag.py:538} INFO - Filling up the DagBag from /home/airflow/.local/lib/python3.8/site-packages/airflow/example_dags/plugins/event_listener.py
[2025-11-10T08:37:49.047+0000] {processor.py:842} WARNING - No viable dags retrieved from /home/airflow/.local/lib/python3.8/site-packages/airflow/example_dags/plugins/event_listener.py
[2025-11-10T08:37:49.077+0000] {processor.py:183} INFO - Processing /home/airflow/.local/lib/python3.8/site-packages/airflow/example_dags/plugins/event_listener.py took 0.046 seconds
[2025-11-10T08:38:19.157+0000] {processor.py:161} INFO - Started process (PID=6047) to work on /home/airflow/.local/lib/python3.8/site-packages/airflow/example_dags/plugins/event_listener.py
[2025-11-10T08:38:19.159+0000] {processor.py:830} INFO - Processing file /home/airflow/.local/lib/python3.8/site-packages/airflow/example_dags/plugins/event_listener.py for tasks to queue
[2025-11-10T08:38:19.161+0000] {logging_mixin.py:188} INFO - [2025-11-10T08:38:19.160+0000] {dagbag.py:538} INFO - Filling up the DagBag from /home/airflow/.local/lib/python3.8/site-packages/airflow/example_dags/plugins/event_listener.py
[2025-11-10T08:38:19.164+0000] {processor.py:842} WARNING - No viable dags retrieved from /home/airflow/.local/lib/python3.8/site-packages/airflow/example_dags/plugins/event_listener.py
[2025-11-10T08:38:19.184+0000] {processor.py:183} INFO - Processing /home/airflow/.local/lib/python3.8/site-packages/airflow/example_dags/plugins/event_listener.py took 0.032 seconds
[2025-11-10T08:38:49.559+0000] {processor.py:161} INFO - Started process (PID=6106) to work on /home/airflow/.local/lib/python3.8/site-packages/airflow/example_dags/plugins/event_listener.py
[2025-11-10T08:38:49.561+0000] {processor.py:830} INFO - Processing file /home/airflow/.local/lib/python3.8/site-packages/airflow/example_dags/plugins/event_listener.py for tasks to queue
[2025-11-10T08:38:49.563+0000] {logging_mixin.py:188} INFO - [2025-11-10T08:38:49.562+0000] {dagbag.py:538} INFO - Filling up the DagBag from /home/airflow/.local/lib/python3.8/site-packages/airflow/example_dags/plugins/event_listener.py
[2025-11-10T08:38:49.566+0000] {processor.py:842} WARNING - No viable dags retrieved from /home/airflow/.local/lib/python3.8/site-packages/airflow/example_dags/plugins/event_listener.py
[2025-11-10T08:38:49.585+0000] {processor.py:183} INFO - Processing /home/airflow/.local/lib/python3.8/site-packages/airflow/example_dags/plugins/event_listener.py took 0.031 seconds
[2025-11-10T08:39:20.608+0000] {processor.py:161} INFO - Started process (PID=6166) to work on /home/airflow/.local/lib/python3.8/site-packages/airflow/example_dags/plugins/event_listener.py
[2025-11-10T08:39:20.609+0000] {processor.py:830} INFO - Processing file /home/airflow/.local/lib/python3.8/site-packages/airflow/example_dags/plugins/event_listener.py for tasks to queue
[2025-11-10T08:39:20.611+0000] {logging_mixin.py:188} INFO - [2025-11-10T08:39:20.610+0000] {dagbag.py:538} INFO - Filling up the DagBag from /home/airflow/.local/lib/python3.8/site-packages/airflow/example_dags/plugins/event_listener.py
[2025-11-10T08:39:20.614+0000] {processor.py:842} WARNING - No viable dags retrieved from /home/airflow/.local/lib/python3.8/site-packages/airflow/example_dags/plugins/event_listener.py
[2025-11-10T08:39:20.631+0000] {processor.py:183} INFO - Processing /home/airflow/.local/lib/python3.8/site-packages/airflow/example_dags/plugins/event_listener.py took 0.027 seconds
[2025-11-10T08:39:50.915+0000] {processor.py:161} INFO - Started process (PID=6225) to work on /home/airflow/.local/lib/python3.8/site-packages/airflow/example_dags/plugins/event_listener.py
[2025-11-10T08:39:50.918+0000] {processor.py:830} INFO - Processing file /home/airflow/.local/lib/python3.8/site-packages/airflow/example_dags/plugins/event_listener.py for tasks to queue
[2025-11-10T08:39:50.920+0000] {logging_mixin.py:188} INFO - [2025-11-10T08:39:50.919+0000] {dagbag.py:538} INFO - Filling up the DagBag from /home/airflow/.local/lib/python3.8/site-packages/airflow/example_dags/plugins/event_listener.py
[2025-11-10T08:39:50.925+0000] {processor.py:842} WARNING - No viable dags retrieved from /home/airflow/.local/lib/python3.8/site-packages/airflow/example_dags/plugins/event_listener.py
[2025-11-10T08:39:50.952+0000] {processor.py:183} INFO - Processing /home/airflow/.local/lib/python3.8/site-packages/airflow/example_dags/plugins/event_listener.py took 0.046 seconds
[2025-11-10T08:40:21.689+0000] {processor.py:161} INFO - Started process (PID=6284) to work on /home/airflow/.local/lib/python3.8/site-packages/airflow/example_dags/plugins/event_listener.py
[2025-11-10T08:40:21.691+0000] {processor.py:830} INFO - Processing file /home/airflow/.local/lib/python3.8/site-packages/airflow/example_dags/plugins/event_listener.py for tasks to queue
[2025-11-10T08:40:21.693+0000] {logging_mixin.py:188} INFO - [2025-11-10T08:40:21.693+0000] {dagbag.py:538} INFO - Filling up the DagBag from /home/airflow/.local/lib/python3.8/site-packages/airflow/example_dags/plugins/event_listener.py
[2025-11-10T08:40:21.698+0000] {processor.py:842} WARNING - No viable dags retrieved from /home/airflow/.local/lib/python3.8/site-packages/airflow/example_dags/plugins/event_listener.py
[2025-11-10T08:40:21.721+0000] {processor.py:183} INFO - Processing /home/airflow/.local/lib/python3.8/site-packages/airflow/example_dags/plugins/event_listener.py took 0.037 seconds
[2025-11-10T08:40:52.031+0000] {processor.py:161} INFO - Started process (PID=6343) to work on /home/airflow/.local/lib/python3.8/site-packages/airflow/example_dags/plugins/event_listener.py
[2025-11-10T08:40:52.033+0000] {processor.py:830} INFO - Processing file /home/airflow/.local/lib/python3.8/site-packages/airflow/example_dags/plugins/event_listener.py for tasks to queue
[2025-11-10T08:40:52.035+0000] {logging_mixin.py:188} INFO - [2025-11-10T08:40:52.034+0000] {dagbag.py:538} INFO - Filling up the DagBag from /home/airflow/.local/lib/python3.8/site-packages/airflow/example_dags/plugins/event_listener.py
[2025-11-10T08:40:52.040+0000] {processor.py:842} WARNING - No viable dags retrieved from /home/airflow/.local/lib/python3.8/site-packages/airflow/example_dags/plugins/event_listener.py
[2025-11-10T08:40:52.065+0000] {processor.py:183} INFO - Processing /home/airflow/.local/lib/python3.8/site-packages/airflow/example_dags/plugins/event_listener.py took 0.040 seconds
[2025-11-10T08:41:22.555+0000] {processor.py:161} INFO - Started process (PID=6401) to work on /home/airflow/.local/lib/python3.8/site-packages/airflow/example_dags/plugins/event_listener.py
[2025-11-10T08:41:22.557+0000] {processor.py:830} INFO - Processing file /home/airflow/.local/lib/python3.8/site-packages/airflow/example_dags/plugins/event_listener.py for tasks to queue
[2025-11-10T08:41:22.558+0000] {logging_mixin.py:188} INFO - [2025-11-10T08:41:22.558+0000] {dagbag.py:538} INFO - Filling up the DagBag from /home/airflow/.local/lib/python3.8/site-packages/airflow/example_dags/plugins/event_listener.py
[2025-11-10T08:41:22.562+0000] {processor.py:842} WARNING - No viable dags retrieved from /home/airflow/.local/lib/python3.8/site-packages/airflow/example_dags/plugins/event_listener.py
[2025-11-10T08:41:22.578+0000] {processor.py:183} INFO - Processing /home/airflow/.local/lib/python3.8/site-packages/airflow/example_dags/plugins/event_listener.py took 0.028 seconds
[2025-11-10T08:41:53.072+0000] {processor.py:161} INFO - Started process (PID=6461) to work on /home/airflow/.local/lib/python3.8/site-packages/airflow/example_dags/plugins/event_listener.py
[2025-11-10T08:41:53.074+0000] {processor.py:830} INFO - Processing file /home/airflow/.local/lib/python3.8/site-packages/airflow/example_dags/plugins/event_listener.py for tasks to queue
[2025-11-10T08:41:53.075+0000] {logging_mixin.py:188} INFO - [2025-11-10T08:41:53.075+0000] {dagbag.py:538} INFO - Filling up the DagBag from /home/airflow/.local/lib/python3.8/site-packages/airflow/example_dags/plugins/event_listener.py
[2025-11-10T08:41:53.079+0000] {processor.py:842} WARNING - No viable dags retrieved from /home/airflow/.local/lib/python3.8/site-packages/airflow/example_dags/plugins/event_listener.py
[2025-11-10T08:41:53.097+0000] {processor.py:183} INFO - Processing /home/airflow/.local/lib/python3.8/site-packages/airflow/example_dags/plugins/event_listener.py took 0.029 seconds
[2025-11-10T08:42:24.198+0000] {processor.py:161} INFO - Started process (PID=6520) to work on /home/airflow/.local/lib/python3.8/site-packages/airflow/example_dags/plugins/event_listener.py
[2025-11-10T08:42:24.199+0000] {processor.py:830} INFO - Processing file /home/airflow/.local/lib/python3.8/site-packages/airflow/example_dags/plugins/event_listener.py for tasks to queue
[2025-11-10T08:42:24.200+0000] {logging_mixin.py:188} INFO - [2025-11-10T08:42:24.200+0000] {dagbag.py:538} INFO - Filling up the DagBag from /home/airflow/.local/lib/python3.8/site-packages/airflow/example_dags/plugins/event_listener.py
[2025-11-10T08:42:24.203+0000] {processor.py:842} WARNING - No viable dags retrieved from /home/airflow/.local/lib/python3.8/site-packages/airflow/example_dags/plugins/event_listener.py
[2025-11-10T08:42:24.220+0000] {processor.py:183} INFO - Processing /home/airflow/.local/lib/python3.8/site-packages/airflow/example_dags/plugins/event_listener.py took 0.026 seconds
[2025-11-10T08:42:54.476+0000] {processor.py:161} INFO - Started process (PID=6579) to work on /home/airflow/.local/lib/python3.8/site-packages/airflow/example_dags/plugins/event_listener.py
[2025-11-10T08:42:54.477+0000] {processor.py:830} INFO - Processing file /home/airflow/.local/lib/python3.8/site-packages/airflow/example_dags/plugins/event_listener.py for tasks to queue
[2025-11-10T08:42:54.479+0000] {logging_mixin.py:188} INFO - [2025-11-10T08:42:54.478+0000] {dagbag.py:538} INFO - Filling up the DagBag from /home/airflow/.local/lib/python3.8/site-packages/airflow/example_dags/plugins/event_listener.py
[2025-11-10T08:42:54.482+0000] {processor.py:842} WARNING - No viable dags retrieved from /home/airflow/.local/lib/python3.8/site-packages/airflow/example_dags/plugins/event_listener.py
[2025-11-10T08:42:54.500+0000] {processor.py:183} INFO - Processing /home/airflow/.local/lib/python3.8/site-packages/airflow/example_dags/plugins/event_listener.py took 0.028 seconds
[2025-11-10T08:43:25.054+0000] {processor.py:161} INFO - Started process (PID=6638) to work on /home/airflow/.local/lib/python3.8/site-packages/airflow/example_dags/plugins/event_listener.py
[2025-11-10T08:43:25.057+0000] {processor.py:830} INFO - Processing file /home/airflow/.local/lib/python3.8/site-packages/airflow/example_dags/plugins/event_listener.py for tasks to queue
[2025-11-10T08:43:25.061+0000] {logging_mixin.py:188} INFO - [2025-11-10T08:43:25.059+0000] {dagbag.py:538} INFO - Filling up the DagBag from /home/airflow/.local/lib/python3.8/site-packages/airflow/example_dags/plugins/event_listener.py
[2025-11-10T08:43:25.064+0000] {processor.py:842} WARNING - No viable dags retrieved from /home/airflow/.local/lib/python3.8/site-packages/airflow/example_dags/plugins/event_listener.py
[2025-11-10T08:43:25.081+0000] {processor.py:183} INFO - Processing /home/airflow/.local/lib/python3.8/site-packages/airflow/example_dags/plugins/event_listener.py took 0.032 seconds
[2025-11-10T08:43:55.514+0000] {processor.py:161} INFO - Started process (PID=6697) to work on /home/airflow/.local/lib/python3.8/site-packages/airflow/example_dags/plugins/event_listener.py
[2025-11-10T08:43:55.515+0000] {processor.py:830} INFO - Processing file /home/airflow/.local/lib/python3.8/site-packages/airflow/example_dags/plugins/event_listener.py for tasks to queue
[2025-11-10T08:43:55.517+0000] {logging_mixin.py:188} INFO - [2025-11-10T08:43:55.516+0000] {dagbag.py:538} INFO - Filling up the DagBag from /home/airflow/.local/lib/python3.8/site-packages/airflow/example_dags/plugins/event_listener.py
[2025-11-10T08:43:55.520+0000] {processor.py:842} WARNING - No viable dags retrieved from /home/airflow/.local/lib/python3.8/site-packages/airflow/example_dags/plugins/event_listener.py
[2025-11-10T08:43:55.537+0000] {processor.py:183} INFO - Processing /home/airflow/.local/lib/python3.8/site-packages/airflow/example_dags/plugins/event_listener.py took 0.028 seconds
[2025-11-10T08:44:25.769+0000] {processor.py:161} INFO - Started process (PID=6756) to work on /home/airflow/.local/lib/python3.8/site-packages/airflow/example_dags/plugins/event_listener.py
[2025-11-10T08:44:25.771+0000] {processor.py:830} INFO - Processing file /home/airflow/.local/lib/python3.8/site-packages/airflow/example_dags/plugins/event_listener.py for tasks to queue
[2025-11-10T08:44:25.772+0000] {logging_mixin.py:188} INFO - [2025-11-10T08:44:25.772+0000] {dagbag.py:538} INFO - Filling up the DagBag from /home/airflow/.local/lib/python3.8/site-packages/airflow/example_dags/plugins/event_listener.py
[2025-11-10T08:44:25.775+0000] {processor.py:842} WARNING - No viable dags retrieved from /home/airflow/.local/lib/python3.8/site-packages/airflow/example_dags/plugins/event_listener.py
[2025-11-10T08:44:25.792+0000] {processor.py:183} INFO - Processing /home/airflow/.local/lib/python3.8/site-packages/airflow/example_dags/plugins/event_listener.py took 0.027 seconds
[2025-11-10T08:44:56.382+0000] {processor.py:161} INFO - Started process (PID=6815) to work on /home/airflow/.local/lib/python3.8/site-packages/airflow/example_dags/plugins/event_listener.py
[2025-11-10T08:44:56.384+0000] {processor.py:830} INFO - Processing file /home/airflow/.local/lib/python3.8/site-packages/airflow/example_dags/plugins/event_listener.py for tasks to queue
[2025-11-10T08:44:56.386+0000] {logging_mixin.py:188} INFO - [2025-11-10T08:44:56.385+0000] {dagbag.py:538} INFO - Filling up the DagBag from /home/airflow/.local/lib/python3.8/site-packages/airflow/example_dags/plugins/event_listener.py
[2025-11-10T08:44:56.392+0000] {processor.py:842} WARNING - No viable dags retrieved from /home/airflow/.local/lib/python3.8/site-packages/airflow/example_dags/plugins/event_listener.py
[2025-11-10T08:44:56.424+0000] {processor.py:183} INFO - Processing /home/airflow/.local/lib/python3.8/site-packages/airflow/example_dags/plugins/event_listener.py took 0.050 seconds
[2025-11-10T08:45:27.008+0000] {processor.py:161} INFO - Started process (PID=6874) to work on /home/airflow/.local/lib/python3.8/site-packages/airflow/example_dags/plugins/event_listener.py
[2025-11-10T08:45:27.011+0000] {processor.py:830} INFO - Processing file /home/airflow/.local/lib/python3.8/site-packages/airflow/example_dags/plugins/event_listener.py for tasks to queue
[2025-11-10T08:45:27.014+0000] {logging_mixin.py:188} INFO - [2025-11-10T08:45:27.013+0000] {dagbag.py:538} INFO - Filling up the DagBag from /home/airflow/.local/lib/python3.8/site-packages/airflow/example_dags/plugins/event_listener.py
[2025-11-10T08:45:27.022+0000] {processor.py:842} WARNING - No viable dags retrieved from /home/airflow/.local/lib/python3.8/site-packages/airflow/example_dags/plugins/event_listener.py
[2025-11-10T08:45:27.059+0000] {processor.py:183} INFO - Processing /home/airflow/.local/lib/python3.8/site-packages/airflow/example_dags/plugins/event_listener.py took 0.063 seconds
[2025-11-10T08:45:57.965+0000] {processor.py:161} INFO - Started process (PID=6933) to work on /home/airflow/.local/lib/python3.8/site-packages/airflow/example_dags/plugins/event_listener.py
[2025-11-10T08:45:57.967+0000] {processor.py:830} INFO - Processing file /home/airflow/.local/lib/python3.8/site-packages/airflow/example_dags/plugins/event_listener.py for tasks to queue
[2025-11-10T08:45:57.969+0000] {logging_mixin.py:188} INFO - [2025-11-10T08:45:57.968+0000] {dagbag.py:538} INFO - Filling up the DagBag from /home/airflow/.local/lib/python3.8/site-packages/airflow/example_dags/plugins/event_listener.py
[2025-11-10T08:45:57.973+0000] {processor.py:842} WARNING - No viable dags retrieved from /home/airflow/.local/lib/python3.8/site-packages/airflow/example_dags/plugins/event_listener.py
[2025-11-10T08:45:57.997+0000] {processor.py:183} INFO - Processing /home/airflow/.local/lib/python3.8/site-packages/airflow/example_dags/plugins/event_listener.py took 0.038 seconds
[2025-11-10T08:46:29.126+0000] {processor.py:161} INFO - Started process (PID=6992) to work on /home/airflow/.local/lib/python3.8/site-packages/airflow/example_dags/plugins/event_listener.py
[2025-11-10T08:46:29.127+0000] {processor.py:830} INFO - Processing file /home/airflow/.local/lib/python3.8/site-packages/airflow/example_dags/plugins/event_listener.py for tasks to queue
[2025-11-10T08:46:29.129+0000] {logging_mixin.py:188} INFO - [2025-11-10T08:46:29.129+0000] {dagbag.py:538} INFO - Filling up the DagBag from /home/airflow/.local/lib/python3.8/site-packages/airflow/example_dags/plugins/event_listener.py
[2025-11-10T08:46:29.133+0000] {processor.py:842} WARNING - No viable dags retrieved from /home/airflow/.local/lib/python3.8/site-packages/airflow/example_dags/plugins/event_listener.py
[2025-11-10T08:46:29.152+0000] {processor.py:183} INFO - Processing /home/airflow/.local/lib/python3.8/site-packages/airflow/example_dags/plugins/event_listener.py took 0.031 seconds
[2025-11-10T08:46:59.679+0000] {processor.py:161} INFO - Started process (PID=7051) to work on /home/airflow/.local/lib/python3.8/site-packages/airflow/example_dags/plugins/event_listener.py
[2025-11-10T08:46:59.681+0000] {processor.py:830} INFO - Processing file /home/airflow/.local/lib/python3.8/site-packages/airflow/example_dags/plugins/event_listener.py for tasks to queue
[2025-11-10T08:46:59.682+0000] {logging_mixin.py:188} INFO - [2025-11-10T08:46:59.682+0000] {dagbag.py:538} INFO - Filling up the DagBag from /home/airflow/.local/lib/python3.8/site-packages/airflow/example_dags/plugins/event_listener.py
[2025-11-10T08:46:59.686+0000] {processor.py:842} WARNING - No viable dags retrieved from /home/airflow/.local/lib/python3.8/site-packages/airflow/example_dags/plugins/event_listener.py
[2025-11-10T08:46:59.710+0000] {processor.py:183} INFO - Processing /home/airflow/.local/lib/python3.8/site-packages/airflow/example_dags/plugins/event_listener.py took 0.037 seconds
[2025-11-10T08:47:29.964+0000] {processor.py:161} INFO - Started process (PID=7109) to work on /home/airflow/.local/lib/python3.8/site-packages/airflow/example_dags/plugins/event_listener.py
[2025-11-10T08:47:29.966+0000] {processor.py:830} INFO - Processing file /home/airflow/.local/lib/python3.8/site-packages/airflow/example_dags/plugins/event_listener.py for tasks to queue
[2025-11-10T08:47:29.967+0000] {logging_mixin.py:188} INFO - [2025-11-10T08:47:29.967+0000] {dagbag.py:538} INFO - Filling up the DagBag from /home/airflow/.local/lib/python3.8/site-packages/airflow/example_dags/plugins/event_listener.py
[2025-11-10T08:47:29.971+0000] {processor.py:842} WARNING - No viable dags retrieved from /home/airflow/.local/lib/python3.8/site-packages/airflow/example_dags/plugins/event_listener.py
[2025-11-10T08:47:29.989+0000] {processor.py:183} INFO - Processing /home/airflow/.local/lib/python3.8/site-packages/airflow/example_dags/plugins/event_listener.py took 0.029 seconds
[2025-11-10T08:48:00.388+0000] {processor.py:161} INFO - Started process (PID=7169) to work on /home/airflow/.local/lib/python3.8/site-packages/airflow/example_dags/plugins/event_listener.py
[2025-11-10T08:48:00.389+0000] {processor.py:830} INFO - Processing file /home/airflow/.local/lib/python3.8/site-packages/airflow/example_dags/plugins/event_listener.py for tasks to queue
[2025-11-10T08:48:00.391+0000] {logging_mixin.py:188} INFO - [2025-11-10T08:48:00.390+0000] {dagbag.py:538} INFO - Filling up the DagBag from /home/airflow/.local/lib/python3.8/site-packages/airflow/example_dags/plugins/event_listener.py
[2025-11-10T08:48:00.394+0000] {processor.py:842} WARNING - No viable dags retrieved from /home/airflow/.local/lib/python3.8/site-packages/airflow/example_dags/plugins/event_listener.py
[2025-11-10T08:48:00.413+0000] {processor.py:183} INFO - Processing /home/airflow/.local/lib/python3.8/site-packages/airflow/example_dags/plugins/event_listener.py took 0.029 seconds
[2025-11-10T08:48:30.992+0000] {processor.py:161} INFO - Started process (PID=7228) to work on /home/airflow/.local/lib/python3.8/site-packages/airflow/example_dags/plugins/event_listener.py
[2025-11-10T08:48:30.994+0000] {processor.py:830} INFO - Processing file /home/airflow/.local/lib/python3.8/site-packages/airflow/example_dags/plugins/event_listener.py for tasks to queue
[2025-11-10T08:48:30.996+0000] {logging_mixin.py:188} INFO - [2025-11-10T08:48:30.995+0000] {dagbag.py:538} INFO - Filling up the DagBag from /home/airflow/.local/lib/python3.8/site-packages/airflow/example_dags/plugins/event_listener.py
[2025-11-10T08:48:31.000+0000] {processor.py:842} WARNING - No viable dags retrieved from /home/airflow/.local/lib/python3.8/site-packages/airflow/example_dags/plugins/event_listener.py
[2025-11-10T08:48:31.021+0000] {processor.py:183} INFO - Processing /home/airflow/.local/lib/python3.8/site-packages/airflow/example_dags/plugins/event_listener.py took 0.034 seconds
[2025-11-10T08:49:01.973+0000] {processor.py:161} INFO - Started process (PID=7287) to work on /home/airflow/.local/lib/python3.8/site-packages/airflow/example_dags/plugins/event_listener.py
[2025-11-10T08:49:01.974+0000] {processor.py:830} INFO - Processing file /home/airflow/.local/lib/python3.8/site-packages/airflow/example_dags/plugins/event_listener.py for tasks to queue
[2025-11-10T08:49:01.976+0000] {logging_mixin.py:188} INFO - [2025-11-10T08:49:01.975+0000] {dagbag.py:538} INFO - Filling up the DagBag from /home/airflow/.local/lib/python3.8/site-packages/airflow/example_dags/plugins/event_listener.py
[2025-11-10T08:49:01.979+0000] {processor.py:842} WARNING - No viable dags retrieved from /home/airflow/.local/lib/python3.8/site-packages/airflow/example_dags/plugins/event_listener.py
[2025-11-10T08:49:01.999+0000] {processor.py:183} INFO - Processing /home/airflow/.local/lib/python3.8/site-packages/airflow/example_dags/plugins/event_listener.py took 0.029 seconds
[2025-11-10T08:49:32.229+0000] {processor.py:161} INFO - Started process (PID=7346) to work on /home/airflow/.local/lib/python3.8/site-packages/airflow/example_dags/plugins/event_listener.py
[2025-11-10T08:49:32.231+0000] {processor.py:830} INFO - Processing file /home/airflow/.local/lib/python3.8/site-packages/airflow/example_dags/plugins/event_listener.py for tasks to queue
[2025-11-10T08:49:32.232+0000] {logging_mixin.py:188} INFO - [2025-11-10T08:49:32.232+0000] {dagbag.py:538} INFO - Filling up the DagBag from /home/airflow/.local/lib/python3.8/site-packages/airflow/example_dags/plugins/event_listener.py
[2025-11-10T08:49:32.235+0000] {processor.py:842} WARNING - No viable dags retrieved from /home/airflow/.local/lib/python3.8/site-packages/airflow/example_dags/plugins/event_listener.py
[2025-11-10T08:49:32.253+0000] {processor.py:183} INFO - Processing /home/airflow/.local/lib/python3.8/site-packages/airflow/example_dags/plugins/event_listener.py took 0.029 seconds
[2025-11-10T08:50:02.797+0000] {processor.py:161} INFO - Started process (PID=7405) to work on /home/airflow/.local/lib/python3.8/site-packages/airflow/example_dags/plugins/event_listener.py
[2025-11-10T08:50:02.799+0000] {processor.py:830} INFO - Processing file /home/airflow/.local/lib/python3.8/site-packages/airflow/example_dags/plugins/event_listener.py for tasks to queue
[2025-11-10T08:50:02.801+0000] {logging_mixin.py:188} INFO - [2025-11-10T08:50:02.800+0000] {dagbag.py:538} INFO - Filling up the DagBag from /home/airflow/.local/lib/python3.8/site-packages/airflow/example_dags/plugins/event_listener.py
[2025-11-10T08:50:02.804+0000] {processor.py:842} WARNING - No viable dags retrieved from /home/airflow/.local/lib/python3.8/site-packages/airflow/example_dags/plugins/event_listener.py
[2025-11-10T08:50:02.822+0000] {processor.py:183} INFO - Processing /home/airflow/.local/lib/python3.8/site-packages/airflow/example_dags/plugins/event_listener.py took 0.029 seconds
[2025-11-10T08:50:33.793+0000] {processor.py:161} INFO - Started process (PID=7464) to work on /home/airflow/.local/lib/python3.8/site-packages/airflow/example_dags/plugins/event_listener.py
[2025-11-10T08:50:33.795+0000] {processor.py:830} INFO - Processing file /home/airflow/.local/lib/python3.8/site-packages/airflow/example_dags/plugins/event_listener.py for tasks to queue
[2025-11-10T08:50:33.796+0000] {logging_mixin.py:188} INFO - [2025-11-10T08:50:33.796+0000] {dagbag.py:538} INFO - Filling up the DagBag from /home/airflow/.local/lib/python3.8/site-packages/airflow/example_dags/plugins/event_listener.py
[2025-11-10T08:50:33.799+0000] {processor.py:842} WARNING - No viable dags retrieved from /home/airflow/.local/lib/python3.8/site-packages/airflow/example_dags/plugins/event_listener.py
[2025-11-10T08:50:33.818+0000] {processor.py:183} INFO - Processing /home/airflow/.local/lib/python3.8/site-packages/airflow/example_dags/plugins/event_listener.py took 0.029 seconds
[2025-11-10T08:51:04.338+0000] {processor.py:161} INFO - Started process (PID=7524) to work on /home/airflow/.local/lib/python3.8/site-packages/airflow/example_dags/plugins/event_listener.py
[2025-11-10T08:51:04.339+0000] {processor.py:830} INFO - Processing file /home/airflow/.local/lib/python3.8/site-packages/airflow/example_dags/plugins/event_listener.py for tasks to queue
[2025-11-10T08:51:04.340+0000] {logging_mixin.py:188} INFO - [2025-11-10T08:51:04.340+0000] {dagbag.py:538} INFO - Filling up the DagBag from /home/airflow/.local/lib/python3.8/site-packages/airflow/example_dags/plugins/event_listener.py
[2025-11-10T08:51:04.343+0000] {processor.py:842} WARNING - No viable dags retrieved from /home/airflow/.local/lib/python3.8/site-packages/airflow/example_dags/plugins/event_listener.py
[2025-11-10T08:51:04.362+0000] {processor.py:183} INFO - Processing /home/airflow/.local/lib/python3.8/site-packages/airflow/example_dags/plugins/event_listener.py took 0.030 seconds
[2025-11-10T08:51:34.994+0000] {processor.py:161} INFO - Started process (PID=7583) to work on /home/airflow/.local/lib/python3.8/site-packages/airflow/example_dags/plugins/event_listener.py
[2025-11-10T08:51:34.996+0000] {processor.py:830} INFO - Processing file /home/airflow/.local/lib/python3.8/site-packages/airflow/example_dags/plugins/event_listener.py for tasks to queue
[2025-11-10T08:51:34.998+0000] {logging_mixin.py:188} INFO - [2025-11-10T08:51:34.998+0000] {dagbag.py:538} INFO - Filling up the DagBag from /home/airflow/.local/lib/python3.8/site-packages/airflow/example_dags/plugins/event_listener.py
[2025-11-10T08:51:35.003+0000] {processor.py:842} WARNING - No viable dags retrieved from /home/airflow/.local/lib/python3.8/site-packages/airflow/example_dags/plugins/event_listener.py
[2025-11-10T08:51:35.028+0000] {processor.py:183} INFO - Processing /home/airflow/.local/lib/python3.8/site-packages/airflow/example_dags/plugins/event_listener.py took 0.040 seconds
[2025-11-10T08:52:05.260+0000] {processor.py:161} INFO - Started process (PID=7642) to work on /home/airflow/.local/lib/python3.8/site-packages/airflow/example_dags/plugins/event_listener.py
[2025-11-10T08:52:05.262+0000] {processor.py:830} INFO - Processing file /home/airflow/.local/lib/python3.8/site-packages/airflow/example_dags/plugins/event_listener.py for tasks to queue
[2025-11-10T08:52:05.264+0000] {logging_mixin.py:188} INFO - [2025-11-10T08:52:05.264+0000] {dagbag.py:538} INFO - Filling up the DagBag from /home/airflow/.local/lib/python3.8/site-packages/airflow/example_dags/plugins/event_listener.py
[2025-11-10T08:52:05.269+0000] {processor.py:842} WARNING - No viable dags retrieved from /home/airflow/.local/lib/python3.8/site-packages/airflow/example_dags/plugins/event_listener.py
[2025-11-10T08:52:05.294+0000] {processor.py:183} INFO - Processing /home/airflow/.local/lib/python3.8/site-packages/airflow/example_dags/plugins/event_listener.py took 0.040 seconds
[2025-11-10T08:52:35.645+0000] {processor.py:161} INFO - Started process (PID=7701) to work on /home/airflow/.local/lib/python3.8/site-packages/airflow/example_dags/plugins/event_listener.py
[2025-11-10T08:52:35.647+0000] {processor.py:830} INFO - Processing file /home/airflow/.local/lib/python3.8/site-packages/airflow/example_dags/plugins/event_listener.py for tasks to queue
[2025-11-10T08:52:35.648+0000] {logging_mixin.py:188} INFO - [2025-11-10T08:52:35.648+0000] {dagbag.py:538} INFO - Filling up the DagBag from /home/airflow/.local/lib/python3.8/site-packages/airflow/example_dags/plugins/event_listener.py
[2025-11-10T08:52:35.653+0000] {processor.py:842} WARNING - No viable dags retrieved from /home/airflow/.local/lib/python3.8/site-packages/airflow/example_dags/plugins/event_listener.py
[2025-11-10T08:52:35.679+0000] {processor.py:183} INFO - Processing /home/airflow/.local/lib/python3.8/site-packages/airflow/example_dags/plugins/event_listener.py took 0.040 seconds
[2025-11-10T08:53:05.922+0000] {processor.py:161} INFO - Started process (PID=7760) to work on /home/airflow/.local/lib/python3.8/site-packages/airflow/example_dags/plugins/event_listener.py
[2025-11-10T08:53:05.923+0000] {processor.py:830} INFO - Processing file /home/airflow/.local/lib/python3.8/site-packages/airflow/example_dags/plugins/event_listener.py for tasks to queue
[2025-11-10T08:53:05.925+0000] {logging_mixin.py:188} INFO - [2025-11-10T08:53:05.924+0000] {dagbag.py:538} INFO - Filling up the DagBag from /home/airflow/.local/lib/python3.8/site-packages/airflow/example_dags/plugins/event_listener.py
[2025-11-10T08:53:05.928+0000] {processor.py:842} WARNING - No viable dags retrieved from /home/airflow/.local/lib/python3.8/site-packages/airflow/example_dags/plugins/event_listener.py
[2025-11-10T08:53:05.946+0000] {processor.py:183} INFO - Processing /home/airflow/.local/lib/python3.8/site-packages/airflow/example_dags/plugins/event_listener.py took 0.029 seconds
[2025-11-10T08:53:36.553+0000] {processor.py:161} INFO - Started process (PID=7819) to work on /home/airflow/.local/lib/python3.8/site-packages/airflow/example_dags/plugins/event_listener.py
[2025-11-10T08:53:36.555+0000] {processor.py:830} INFO - Processing file /home/airflow/.local/lib/python3.8/site-packages/airflow/example_dags/plugins/event_listener.py for tasks to queue
[2025-11-10T08:53:36.557+0000] {logging_mixin.py:188} INFO - [2025-11-10T08:53:36.557+0000] {dagbag.py:538} INFO - Filling up the DagBag from /home/airflow/.local/lib/python3.8/site-packages/airflow/example_dags/plugins/event_listener.py
[2025-11-10T08:53:36.563+0000] {processor.py:842} WARNING - No viable dags retrieved from /home/airflow/.local/lib/python3.8/site-packages/airflow/example_dags/plugins/event_listener.py
[2025-11-10T08:53:36.594+0000] {processor.py:183} INFO - Processing /home/airflow/.local/lib/python3.8/site-packages/airflow/example_dags/plugins/event_listener.py took 0.049 seconds
[2025-11-10T08:54:06.866+0000] {processor.py:161} INFO - Started process (PID=7877) to work on /home/airflow/.local/lib/python3.8/site-packages/airflow/example_dags/plugins/event_listener.py
[2025-11-10T08:54:06.868+0000] {processor.py:830} INFO - Processing file /home/airflow/.local/lib/python3.8/site-packages/airflow/example_dags/plugins/event_listener.py for tasks to queue
[2025-11-10T08:54:06.870+0000] {logging_mixin.py:188} INFO - [2025-11-10T08:54:06.870+0000] {dagbag.py:538} INFO - Filling up the DagBag from /home/airflow/.local/lib/python3.8/site-packages/airflow/example_dags/plugins/event_listener.py
[2025-11-10T08:54:06.874+0000] {processor.py:842} WARNING - No viable dags retrieved from /home/airflow/.local/lib/python3.8/site-packages/airflow/example_dags/plugins/event_listener.py
[2025-11-10T08:54:06.892+0000] {processor.py:183} INFO - Processing /home/airflow/.local/lib/python3.8/site-packages/airflow/example_dags/plugins/event_listener.py took 0.031 seconds
[2025-11-10T08:54:37.515+0000] {processor.py:161} INFO - Started process (PID=7937) to work on /home/airflow/.local/lib/python3.8/site-packages/airflow/example_dags/plugins/event_listener.py
[2025-11-10T08:54:37.517+0000] {processor.py:830} INFO - Processing file /home/airflow/.local/lib/python3.8/site-packages/airflow/example_dags/plugins/event_listener.py for tasks to queue
[2025-11-10T08:54:37.519+0000] {logging_mixin.py:188} INFO - [2025-11-10T08:54:37.519+0000] {dagbag.py:538} INFO - Filling up the DagBag from /home/airflow/.local/lib/python3.8/site-packages/airflow/example_dags/plugins/event_listener.py
[2025-11-10T08:54:37.524+0000] {processor.py:842} WARNING - No viable dags retrieved from /home/airflow/.local/lib/python3.8/site-packages/airflow/example_dags/plugins/event_listener.py
[2025-11-10T08:54:37.550+0000] {processor.py:183} INFO - Processing /home/airflow/.local/lib/python3.8/site-packages/airflow/example_dags/plugins/event_listener.py took 0.042 seconds
[2025-11-10T08:55:08.332+0000] {processor.py:161} INFO - Started process (PID=7996) to work on /home/airflow/.local/lib/python3.8/site-packages/airflow/example_dags/plugins/event_listener.py
[2025-11-10T08:55:08.334+0000] {processor.py:830} INFO - Processing file /home/airflow/.local/lib/python3.8/site-packages/airflow/example_dags/plugins/event_listener.py for tasks to queue
[2025-11-10T08:55:08.336+0000] {logging_mixin.py:188} INFO - [2025-11-10T08:55:08.335+0000] {dagbag.py:538} INFO - Filling up the DagBag from /home/airflow/.local/lib/python3.8/site-packages/airflow/example_dags/plugins/event_listener.py
[2025-11-10T08:55:08.340+0000] {processor.py:842} WARNING - No viable dags retrieved from /home/airflow/.local/lib/python3.8/site-packages/airflow/example_dags/plugins/event_listener.py
[2025-11-10T08:55:08.365+0000] {processor.py:183} INFO - Processing /home/airflow/.local/lib/python3.8/site-packages/airflow/example_dags/plugins/event_listener.py took 0.039 seconds
[2025-11-10T08:55:39.383+0000] {processor.py:161} INFO - Started process (PID=8055) to work on /home/airflow/.local/lib/python3.8/site-packages/airflow/example_dags/plugins/event_listener.py
[2025-11-10T08:55:39.385+0000] {processor.py:830} INFO - Processing file /home/airflow/.local/lib/python3.8/site-packages/airflow/example_dags/plugins/event_listener.py for tasks to queue
[2025-11-10T08:55:39.386+0000] {logging_mixin.py:188} INFO - [2025-11-10T08:55:39.386+0000] {dagbag.py:538} INFO - Filling up the DagBag from /home/airflow/.local/lib/python3.8/site-packages/airflow/example_dags/plugins/event_listener.py
[2025-11-10T08:55:39.390+0000] {processor.py:842} WARNING - No viable dags retrieved from /home/airflow/.local/lib/python3.8/site-packages/airflow/example_dags/plugins/event_listener.py
[2025-11-10T08:55:39.408+0000] {processor.py:183} INFO - Processing /home/airflow/.local/lib/python3.8/site-packages/airflow/example_dags/plugins/event_listener.py took 0.029 seconds
[2025-11-10T08:56:09.977+0000] {processor.py:161} INFO - Started process (PID=8114) to work on /home/airflow/.local/lib/python3.8/site-packages/airflow/example_dags/plugins/event_listener.py
[2025-11-10T08:56:09.979+0000] {processor.py:830} INFO - Processing file /home/airflow/.local/lib/python3.8/site-packages/airflow/example_dags/plugins/event_listener.py for tasks to queue
[2025-11-10T08:56:09.980+0000] {logging_mixin.py:188} INFO - [2025-11-10T08:56:09.980+0000] {dagbag.py:538} INFO - Filling up the DagBag from /home/airflow/.local/lib/python3.8/site-packages/airflow/example_dags/plugins/event_listener.py
[2025-11-10T08:56:09.984+0000] {processor.py:842} WARNING - No viable dags retrieved from /home/airflow/.local/lib/python3.8/site-packages/airflow/example_dags/plugins/event_listener.py
[2025-11-10T08:56:10.001+0000] {processor.py:183} INFO - Processing /home/airflow/.local/lib/python3.8/site-packages/airflow/example_dags/plugins/event_listener.py took 0.029 seconds
[2025-11-10T08:56:40.431+0000] {processor.py:161} INFO - Started process (PID=8173) to work on /home/airflow/.local/lib/python3.8/site-packages/airflow/example_dags/plugins/event_listener.py
[2025-11-10T08:56:40.432+0000] {processor.py:830} INFO - Processing file /home/airflow/.local/lib/python3.8/site-packages/airflow/example_dags/plugins/event_listener.py for tasks to queue
[2025-11-10T08:56:40.434+0000] {logging_mixin.py:188} INFO - [2025-11-10T08:56:40.433+0000] {dagbag.py:538} INFO - Filling up the DagBag from /home/airflow/.local/lib/python3.8/site-packages/airflow/example_dags/plugins/event_listener.py
[2025-11-10T08:56:40.437+0000] {processor.py:842} WARNING - No viable dags retrieved from /home/airflow/.local/lib/python3.8/site-packages/airflow/example_dags/plugins/event_listener.py
[2025-11-10T08:56:40.454+0000] {processor.py:183} INFO - Processing /home/airflow/.local/lib/python3.8/site-packages/airflow/example_dags/plugins/event_listener.py took 0.027 seconds
[2025-11-10T08:57:11.246+0000] {processor.py:161} INFO - Started process (PID=8232) to work on /home/airflow/.local/lib/python3.8/site-packages/airflow/example_dags/plugins/event_listener.py
[2025-11-10T08:57:11.248+0000] {processor.py:830} INFO - Processing file /home/airflow/.local/lib/python3.8/site-packages/airflow/example_dags/plugins/event_listener.py for tasks to queue
[2025-11-10T08:57:11.249+0000] {logging_mixin.py:188} INFO - [2025-11-10T08:57:11.249+0000] {dagbag.py:538} INFO - Filling up the DagBag from /home/airflow/.local/lib/python3.8/site-packages/airflow/example_dags/plugins/event_listener.py
[2025-11-10T08:57:11.254+0000] {processor.py:842} WARNING - No viable dags retrieved from /home/airflow/.local/lib/python3.8/site-packages/airflow/example_dags/plugins/event_listener.py
[2025-11-10T08:57:11.274+0000] {processor.py:183} INFO - Processing /home/airflow/.local/lib/python3.8/site-packages/airflow/example_dags/plugins/event_listener.py took 0.033 seconds
[2025-11-10T08:57:41.534+0000] {processor.py:161} INFO - Started process (PID=8291) to work on /home/airflow/.local/lib/python3.8/site-packages/airflow/example_dags/plugins/event_listener.py
[2025-11-10T08:57:41.536+0000] {processor.py:830} INFO - Processing file /home/airflow/.local/lib/python3.8/site-packages/airflow/example_dags/plugins/event_listener.py for tasks to queue
[2025-11-10T08:57:41.538+0000] {logging_mixin.py:188} INFO - [2025-11-10T08:57:41.538+0000] {dagbag.py:538} INFO - Filling up the DagBag from /home/airflow/.local/lib/python3.8/site-packages/airflow/example_dags/plugins/event_listener.py
[2025-11-10T08:57:41.542+0000] {processor.py:842} WARNING - No viable dags retrieved from /home/airflow/.local/lib/python3.8/site-packages/airflow/example_dags/plugins/event_listener.py
[2025-11-10T08:57:41.563+0000] {processor.py:183} INFO - Processing /home/airflow/.local/lib/python3.8/site-packages/airflow/example_dags/plugins/event_listener.py took 0.035 seconds
[2025-11-10T08:58:11.887+0000] {processor.py:161} INFO - Started process (PID=8350) to work on /home/airflow/.local/lib/python3.8/site-packages/airflow/example_dags/plugins/event_listener.py
[2025-11-10T08:58:11.888+0000] {processor.py:830} INFO - Processing file /home/airflow/.local/lib/python3.8/site-packages/airflow/example_dags/plugins/event_listener.py for tasks to queue
[2025-11-10T08:58:11.889+0000] {logging_mixin.py:188} INFO - [2025-11-10T08:58:11.889+0000] {dagbag.py:538} INFO - Filling up the DagBag from /home/airflow/.local/lib/python3.8/site-packages/airflow/example_dags/plugins/event_listener.py
[2025-11-10T08:58:11.893+0000] {processor.py:842} WARNING - No viable dags retrieved from /home/airflow/.local/lib/python3.8/site-packages/airflow/example_dags/plugins/event_listener.py
[2025-11-10T08:58:11.911+0000] {processor.py:183} INFO - Processing /home/airflow/.local/lib/python3.8/site-packages/airflow/example_dags/plugins/event_listener.py took 0.029 seconds
[2025-11-10T08:58:42.424+0000] {processor.py:161} INFO - Started process (PID=8410) to work on /home/airflow/.local/lib/python3.8/site-packages/airflow/example_dags/plugins/event_listener.py
[2025-11-10T08:58:42.426+0000] {processor.py:830} INFO - Processing file /home/airflow/.local/lib/python3.8/site-packages/airflow/example_dags/plugins/event_listener.py for tasks to queue
[2025-11-10T08:58:42.427+0000] {logging_mixin.py:188} INFO - [2025-11-10T08:58:42.427+0000] {dagbag.py:538} INFO - Filling up the DagBag from /home/airflow/.local/lib/python3.8/site-packages/airflow/example_dags/plugins/event_listener.py
[2025-11-10T08:58:42.430+0000] {processor.py:842} WARNING - No viable dags retrieved from /home/airflow/.local/lib/python3.8/site-packages/airflow/example_dags/plugins/event_listener.py
[2025-11-10T08:58:42.448+0000] {processor.py:183} INFO - Processing /home/airflow/.local/lib/python3.8/site-packages/airflow/example_dags/plugins/event_listener.py took 0.029 seconds
[2025-11-10T08:59:12.882+0000] {processor.py:161} INFO - Started process (PID=8469) to work on /home/airflow/.local/lib/python3.8/site-packages/airflow/example_dags/plugins/event_listener.py
[2025-11-10T08:59:12.883+0000] {processor.py:830} INFO - Processing file /home/airflow/.local/lib/python3.8/site-packages/airflow/example_dags/plugins/event_listener.py for tasks to queue
[2025-11-10T08:59:12.885+0000] {logging_mixin.py:188} INFO - [2025-11-10T08:59:12.885+0000] {dagbag.py:538} INFO - Filling up the DagBag from /home/airflow/.local/lib/python3.8/site-packages/airflow/example_dags/plugins/event_listener.py
[2025-11-10T08:59:12.890+0000] {processor.py:842} WARNING - No viable dags retrieved from /home/airflow/.local/lib/python3.8/site-packages/airflow/example_dags/plugins/event_listener.py
[2025-11-10T08:59:12.908+0000] {processor.py:183} INFO - Processing /home/airflow/.local/lib/python3.8/site-packages/airflow/example_dags/plugins/event_listener.py took 0.030 seconds
[2025-11-10T08:59:43.190+0000] {processor.py:161} INFO - Started process (PID=8529) to work on /home/airflow/.local/lib/python3.8/site-packages/airflow/example_dags/plugins/event_listener.py
[2025-11-10T08:59:43.191+0000] {processor.py:830} INFO - Processing file /home/airflow/.local/lib/python3.8/site-packages/airflow/example_dags/plugins/event_listener.py for tasks to queue
[2025-11-10T08:59:43.192+0000] {logging_mixin.py:188} INFO - [2025-11-10T08:59:43.192+0000] {dagbag.py:538} INFO - Filling up the DagBag from /home/airflow/.local/lib/python3.8/site-packages/airflow/example_dags/plugins/event_listener.py
[2025-11-10T08:59:43.196+0000] {processor.py:842} WARNING - No viable dags retrieved from /home/airflow/.local/lib/python3.8/site-packages/airflow/example_dags/plugins/event_listener.py
[2025-11-10T08:59:43.215+0000] {processor.py:183} INFO - Processing /home/airflow/.local/lib/python3.8/site-packages/airflow/example_dags/plugins/event_listener.py took 0.029 seconds
[2025-11-10T09:00:13.562+0000] {processor.py:161} INFO - Started process (PID=8588) to work on /home/airflow/.local/lib/python3.8/site-packages/airflow/example_dags/plugins/event_listener.py
[2025-11-10T09:00:13.564+0000] {processor.py:830} INFO - Processing file /home/airflow/.local/lib/python3.8/site-packages/airflow/example_dags/plugins/event_listener.py for tasks to queue
[2025-11-10T09:00:13.566+0000] {logging_mixin.py:188} INFO - [2025-11-10T09:00:13.565+0000] {dagbag.py:538} INFO - Filling up the DagBag from /home/airflow/.local/lib/python3.8/site-packages/airflow/example_dags/plugins/event_listener.py
[2025-11-10T09:00:13.569+0000] {processor.py:842} WARNING - No viable dags retrieved from /home/airflow/.local/lib/python3.8/site-packages/airflow/example_dags/plugins/event_listener.py
[2025-11-10T09:00:13.587+0000] {processor.py:183} INFO - Processing /home/airflow/.local/lib/python3.8/site-packages/airflow/example_dags/plugins/event_listener.py took 0.029 seconds
[2025-11-10T09:00:44.262+0000] {processor.py:161} INFO - Started process (PID=8647) to work on /home/airflow/.local/lib/python3.8/site-packages/airflow/example_dags/plugins/event_listener.py
[2025-11-10T09:00:44.263+0000] {processor.py:830} INFO - Processing file /home/airflow/.local/lib/python3.8/site-packages/airflow/example_dags/plugins/event_listener.py for tasks to queue
[2025-11-10T09:00:44.265+0000] {logging_mixin.py:188} INFO - [2025-11-10T09:00:44.264+0000] {dagbag.py:538} INFO - Filling up the DagBag from /home/airflow/.local/lib/python3.8/site-packages/airflow/example_dags/plugins/event_listener.py
[2025-11-10T09:00:44.268+0000] {processor.py:842} WARNING - No viable dags retrieved from /home/airflow/.local/lib/python3.8/site-packages/airflow/example_dags/plugins/event_listener.py
[2025-11-10T09:00:44.286+0000] {processor.py:183} INFO - Processing /home/airflow/.local/lib/python3.8/site-packages/airflow/example_dags/plugins/event_listener.py took 0.028 seconds
[2025-11-10T09:01:14.738+0000] {processor.py:161} INFO - Started process (PID=8706) to work on /home/airflow/.local/lib/python3.8/site-packages/airflow/example_dags/plugins/event_listener.py
[2025-11-10T09:01:14.740+0000] {processor.py:830} INFO - Processing file /home/airflow/.local/lib/python3.8/site-packages/airflow/example_dags/plugins/event_listener.py for tasks to queue
[2025-11-10T09:01:14.742+0000] {logging_mixin.py:188} INFO - [2025-11-10T09:01:14.741+0000] {dagbag.py:538} INFO - Filling up the DagBag from /home/airflow/.local/lib/python3.8/site-packages/airflow/example_dags/plugins/event_listener.py
[2025-11-10T09:01:14.746+0000] {processor.py:842} WARNING - No viable dags retrieved from /home/airflow/.local/lib/python3.8/site-packages/airflow/example_dags/plugins/event_listener.py
[2025-11-10T09:01:14.767+0000] {processor.py:183} INFO - Processing /home/airflow/.local/lib/python3.8/site-packages/airflow/example_dags/plugins/event_listener.py took 0.035 seconds
[2025-11-10T09:01:45.062+0000] {processor.py:161} INFO - Started process (PID=8764) to work on /home/airflow/.local/lib/python3.8/site-packages/airflow/example_dags/plugins/event_listener.py
[2025-11-10T09:01:45.064+0000] {processor.py:830} INFO - Processing file /home/airflow/.local/lib/python3.8/site-packages/airflow/example_dags/plugins/event_listener.py for tasks to queue
[2025-11-10T09:01:45.065+0000] {logging_mixin.py:188} INFO - [2025-11-10T09:01:45.065+0000] {dagbag.py:538} INFO - Filling up the DagBag from /home/airflow/.local/lib/python3.8/site-packages/airflow/example_dags/plugins/event_listener.py
[2025-11-10T09:01:45.069+0000] {processor.py:842} WARNING - No viable dags retrieved from /home/airflow/.local/lib/python3.8/site-packages/airflow/example_dags/plugins/event_listener.py
[2025-11-10T09:01:45.090+0000] {processor.py:183} INFO - Processing /home/airflow/.local/lib/python3.8/site-packages/airflow/example_dags/plugins/event_listener.py took 0.034 seconds
[2025-11-10T09:02:15.393+0000] {processor.py:161} INFO - Started process (PID=8828) to work on /home/airflow/.local/lib/python3.8/site-packages/airflow/example_dags/plugins/event_listener.py
[2025-11-10T09:02:15.395+0000] {processor.py:830} INFO - Processing file /home/airflow/.local/lib/python3.8/site-packages/airflow/example_dags/plugins/event_listener.py for tasks to queue
[2025-11-10T09:02:15.397+0000] {logging_mixin.py:188} INFO - [2025-11-10T09:02:15.397+0000] {dagbag.py:538} INFO - Filling up the DagBag from /home/airflow/.local/lib/python3.8/site-packages/airflow/example_dags/plugins/event_listener.py
[2025-11-10T09:02:15.402+0000] {processor.py:842} WARNING - No viable dags retrieved from /home/airflow/.local/lib/python3.8/site-packages/airflow/example_dags/plugins/event_listener.py
[2025-11-10T09:02:15.441+0000] {processor.py:183} INFO - Processing /home/airflow/.local/lib/python3.8/site-packages/airflow/example_dags/plugins/event_listener.py took 0.054 seconds
[2025-11-10T09:02:45.869+0000] {processor.py:161} INFO - Started process (PID=8887) to work on /home/airflow/.local/lib/python3.8/site-packages/airflow/example_dags/plugins/event_listener.py
[2025-11-10T09:02:45.871+0000] {processor.py:830} INFO - Processing file /home/airflow/.local/lib/python3.8/site-packages/airflow/example_dags/plugins/event_listener.py for tasks to queue
[2025-11-10T09:02:45.873+0000] {logging_mixin.py:188} INFO - [2025-11-10T09:02:45.872+0000] {dagbag.py:538} INFO - Filling up the DagBag from /home/airflow/.local/lib/python3.8/site-packages/airflow/example_dags/plugins/event_listener.py
[2025-11-10T09:02:45.877+0000] {processor.py:842} WARNING - No viable dags retrieved from /home/airflow/.local/lib/python3.8/site-packages/airflow/example_dags/plugins/event_listener.py
[2025-11-10T09:02:45.899+0000] {processor.py:183} INFO - Processing /home/airflow/.local/lib/python3.8/site-packages/airflow/example_dags/plugins/event_listener.py took 0.037 seconds
[2025-11-10T09:03:16.538+0000] {processor.py:161} INFO - Started process (PID=8947) to work on /home/airflow/.local/lib/python3.8/site-packages/airflow/example_dags/plugins/event_listener.py
[2025-11-10T09:03:16.541+0000] {processor.py:830} INFO - Processing file /home/airflow/.local/lib/python3.8/site-packages/airflow/example_dags/plugins/event_listener.py for tasks to queue
[2025-11-10T09:03:16.544+0000] {logging_mixin.py:188} INFO - [2025-11-10T09:03:16.543+0000] {dagbag.py:538} INFO - Filling up the DagBag from /home/airflow/.local/lib/python3.8/site-packages/airflow/example_dags/plugins/event_listener.py
[2025-11-10T09:03:16.549+0000] {processor.py:842} WARNING - No viable dags retrieved from /home/airflow/.local/lib/python3.8/site-packages/airflow/example_dags/plugins/event_listener.py
[2025-11-10T09:03:16.581+0000] {processor.py:183} INFO - Processing /home/airflow/.local/lib/python3.8/site-packages/airflow/example_dags/plugins/event_listener.py took 0.050 seconds
[2025-11-10T09:03:46.814+0000] {processor.py:161} INFO - Started process (PID=9006) to work on /home/airflow/.local/lib/python3.8/site-packages/airflow/example_dags/plugins/event_listener.py
[2025-11-10T09:03:46.816+0000] {processor.py:830} INFO - Processing file /home/airflow/.local/lib/python3.8/site-packages/airflow/example_dags/plugins/event_listener.py for tasks to queue
[2025-11-10T09:03:46.818+0000] {logging_mixin.py:188} INFO - [2025-11-10T09:03:46.818+0000] {dagbag.py:538} INFO - Filling up the DagBag from /home/airflow/.local/lib/python3.8/site-packages/airflow/example_dags/plugins/event_listener.py
[2025-11-10T09:03:46.824+0000] {processor.py:842} WARNING - No viable dags retrieved from /home/airflow/.local/lib/python3.8/site-packages/airflow/example_dags/plugins/event_listener.py
[2025-11-10T09:03:46.862+0000] {processor.py:183} INFO - Processing /home/airflow/.local/lib/python3.8/site-packages/airflow/example_dags/plugins/event_listener.py took 0.055 seconds
[2025-11-10T09:04:17.362+0000] {processor.py:161} INFO - Started process (PID=9065) to work on /home/airflow/.local/lib/python3.8/site-packages/airflow/example_dags/plugins/event_listener.py
[2025-11-10T09:04:17.365+0000] {processor.py:830} INFO - Processing file /home/airflow/.local/lib/python3.8/site-packages/airflow/example_dags/plugins/event_listener.py for tasks to queue
[2025-11-10T09:04:17.369+0000] {logging_mixin.py:188} INFO - [2025-11-10T09:04:17.368+0000] {dagbag.py:538} INFO - Filling up the DagBag from /home/airflow/.local/lib/python3.8/site-packages/airflow/example_dags/plugins/event_listener.py
[2025-11-10T09:04:17.379+0000] {processor.py:842} WARNING - No viable dags retrieved from /home/airflow/.local/lib/python3.8/site-packages/airflow/example_dags/plugins/event_listener.py
[2025-11-10T09:04:17.417+0000] {processor.py:183} INFO - Processing /home/airflow/.local/lib/python3.8/site-packages/airflow/example_dags/plugins/event_listener.py took 0.065 seconds
[2025-11-10T09:04:47.483+0000] {processor.py:161} INFO - Started process (PID=9123) to work on /home/airflow/.local/lib/python3.8/site-packages/airflow/example_dags/plugins/event_listener.py
[2025-11-10T09:04:47.485+0000] {processor.py:830} INFO - Processing file /home/airflow/.local/lib/python3.8/site-packages/airflow/example_dags/plugins/event_listener.py for tasks to queue
[2025-11-10T09:04:47.486+0000] {logging_mixin.py:188} INFO - [2025-11-10T09:04:47.486+0000] {dagbag.py:538} INFO - Filling up the DagBag from /home/airflow/.local/lib/python3.8/site-packages/airflow/example_dags/plugins/event_listener.py
[2025-11-10T09:04:47.489+0000] {processor.py:842} WARNING - No viable dags retrieved from /home/airflow/.local/lib/python3.8/site-packages/airflow/example_dags/plugins/event_listener.py
[2025-11-10T09:04:47.507+0000] {processor.py:183} INFO - Processing /home/airflow/.local/lib/python3.8/site-packages/airflow/example_dags/plugins/event_listener.py took 0.028 seconds
[2025-11-10T09:05:18.013+0000] {processor.py:161} INFO - Started process (PID=9182) to work on /home/airflow/.local/lib/python3.8/site-packages/airflow/example_dags/plugins/event_listener.py
[2025-11-10T09:05:18.017+0000] {processor.py:830} INFO - Processing file /home/airflow/.local/lib/python3.8/site-packages/airflow/example_dags/plugins/event_listener.py for tasks to queue
[2025-11-10T09:05:18.020+0000] {logging_mixin.py:188} INFO - [2025-11-10T09:05:18.019+0000] {dagbag.py:538} INFO - Filling up the DagBag from /home/airflow/.local/lib/python3.8/site-packages/airflow/example_dags/plugins/event_listener.py
[2025-11-10T09:05:18.026+0000] {processor.py:842} WARNING - No viable dags retrieved from /home/airflow/.local/lib/python3.8/site-packages/airflow/example_dags/plugins/event_listener.py
[2025-11-10T09:05:18.060+0000] {processor.py:183} INFO - Processing /home/airflow/.local/lib/python3.8/site-packages/airflow/example_dags/plugins/event_listener.py took 0.054 seconds
[2025-11-10T09:05:48.319+0000] {processor.py:161} INFO - Started process (PID=9241) to work on /home/airflow/.local/lib/python3.8/site-packages/airflow/example_dags/plugins/event_listener.py
[2025-11-10T09:05:48.321+0000] {processor.py:830} INFO - Processing file /home/airflow/.local/lib/python3.8/site-packages/airflow/example_dags/plugins/event_listener.py for tasks to queue
[2025-11-10T09:05:48.323+0000] {logging_mixin.py:188} INFO - [2025-11-10T09:05:48.322+0000] {dagbag.py:538} INFO - Filling up the DagBag from /home/airflow/.local/lib/python3.8/site-packages/airflow/example_dags/plugins/event_listener.py
[2025-11-10T09:05:48.327+0000] {processor.py:842} WARNING - No viable dags retrieved from /home/airflow/.local/lib/python3.8/site-packages/airflow/example_dags/plugins/event_listener.py
[2025-11-10T09:05:48.347+0000] {processor.py:183} INFO - Processing /home/airflow/.local/lib/python3.8/site-packages/airflow/example_dags/plugins/event_listener.py took 0.036 seconds
[2025-11-10T09:06:18.759+0000] {processor.py:161} INFO - Started process (PID=9300) to work on /home/airflow/.local/lib/python3.8/site-packages/airflow/example_dags/plugins/event_listener.py
[2025-11-10T09:06:18.761+0000] {processor.py:830} INFO - Processing file /home/airflow/.local/lib/python3.8/site-packages/airflow/example_dags/plugins/event_listener.py for tasks to queue
[2025-11-10T09:06:18.762+0000] {logging_mixin.py:188} INFO - [2025-11-10T09:06:18.762+0000] {dagbag.py:538} INFO - Filling up the DagBag from /home/airflow/.local/lib/python3.8/site-packages/airflow/example_dags/plugins/event_listener.py
[2025-11-10T09:06:18.766+0000] {processor.py:842} WARNING - No viable dags retrieved from /home/airflow/.local/lib/python3.8/site-packages/airflow/example_dags/plugins/event_listener.py
[2025-11-10T09:06:18.784+0000] {processor.py:183} INFO - Processing /home/airflow/.local/lib/python3.8/site-packages/airflow/example_dags/plugins/event_listener.py took 0.030 seconds
[2025-11-10T09:06:49.154+0000] {processor.py:161} INFO - Started process (PID=9360) to work on /home/airflow/.local/lib/python3.8/site-packages/airflow/example_dags/plugins/event_listener.py
[2025-11-10T09:06:49.156+0000] {processor.py:830} INFO - Processing file /home/airflow/.local/lib/python3.8/site-packages/airflow/example_dags/plugins/event_listener.py for tasks to queue
[2025-11-10T09:06:49.158+0000] {logging_mixin.py:188} INFO - [2025-11-10T09:06:49.158+0000] {dagbag.py:538} INFO - Filling up the DagBag from /home/airflow/.local/lib/python3.8/site-packages/airflow/example_dags/plugins/event_listener.py
[2025-11-10T09:06:49.164+0000] {processor.py:842} WARNING - No viable dags retrieved from /home/airflow/.local/lib/python3.8/site-packages/airflow/example_dags/plugins/event_listener.py
[2025-11-10T09:06:49.187+0000] {processor.py:183} INFO - Processing /home/airflow/.local/lib/python3.8/site-packages/airflow/example_dags/plugins/event_listener.py took 0.041 seconds
[2025-11-10T09:07:19.277+0000] {processor.py:161} INFO - Started process (PID=9419) to work on /home/airflow/.local/lib/python3.8/site-packages/airflow/example_dags/plugins/event_listener.py
[2025-11-10T09:07:19.280+0000] {processor.py:830} INFO - Processing file /home/airflow/.local/lib/python3.8/site-packages/airflow/example_dags/plugins/event_listener.py for tasks to queue
[2025-11-10T09:07:19.282+0000] {logging_mixin.py:188} INFO - [2025-11-10T09:07:19.282+0000] {dagbag.py:538} INFO - Filling up the DagBag from /home/airflow/.local/lib/python3.8/site-packages/airflow/example_dags/plugins/event_listener.py
[2025-11-10T09:07:19.287+0000] {processor.py:842} WARNING - No viable dags retrieved from /home/airflow/.local/lib/python3.8/site-packages/airflow/example_dags/plugins/event_listener.py
[2025-11-10T09:07:19.326+0000] {processor.py:183} INFO - Processing /home/airflow/.local/lib/python3.8/site-packages/airflow/example_dags/plugins/event_listener.py took 0.057 seconds
[2025-11-10T09:07:49.928+0000] {processor.py:161} INFO - Started process (PID=9477) to work on /home/airflow/.local/lib/python3.8/site-packages/airflow/example_dags/plugins/event_listener.py
[2025-11-10T09:07:49.931+0000] {processor.py:830} INFO - Processing file /home/airflow/.local/lib/python3.8/site-packages/airflow/example_dags/plugins/event_listener.py for tasks to queue
[2025-11-10T09:07:49.934+0000] {logging_mixin.py:188} INFO - [2025-11-10T09:07:49.933+0000] {dagbag.py:538} INFO - Filling up the DagBag from /home/airflow/.local/lib/python3.8/site-packages/airflow/example_dags/plugins/event_listener.py
[2025-11-10T09:07:49.942+0000] {processor.py:842} WARNING - No viable dags retrieved from /home/airflow/.local/lib/python3.8/site-packages/airflow/example_dags/plugins/event_listener.py
[2025-11-10T09:07:49.983+0000] {processor.py:183} INFO - Processing /home/airflow/.local/lib/python3.8/site-packages/airflow/example_dags/plugins/event_listener.py took 0.066 seconds
[2025-11-10T09:08:20.789+0000] {processor.py:161} INFO - Started process (PID=9536) to work on /home/airflow/.local/lib/python3.8/site-packages/airflow/example_dags/plugins/event_listener.py
[2025-11-10T09:08:20.792+0000] {processor.py:830} INFO - Processing file /home/airflow/.local/lib/python3.8/site-packages/airflow/example_dags/plugins/event_listener.py for tasks to queue
[2025-11-10T09:08:20.795+0000] {logging_mixin.py:188} INFO - [2025-11-10T09:08:20.794+0000] {dagbag.py:538} INFO - Filling up the DagBag from /home/airflow/.local/lib/python3.8/site-packages/airflow/example_dags/plugins/event_listener.py
[2025-11-10T09:08:20.802+0000] {processor.py:842} WARNING - No viable dags retrieved from /home/airflow/.local/lib/python3.8/site-packages/airflow/example_dags/plugins/event_listener.py
[2025-11-10T09:08:20.843+0000] {processor.py:183} INFO - Processing /home/airflow/.local/lib/python3.8/site-packages/airflow/example_dags/plugins/event_listener.py took 0.063 seconds
[2025-11-10T09:08:51.100+0000] {processor.py:161} INFO - Started process (PID=9595) to work on /home/airflow/.local/lib/python3.8/site-packages/airflow/example_dags/plugins/event_listener.py
[2025-11-10T09:08:51.101+0000] {processor.py:830} INFO - Processing file /home/airflow/.local/lib/python3.8/site-packages/airflow/example_dags/plugins/event_listener.py for tasks to queue
[2025-11-10T09:08:51.102+0000] {logging_mixin.py:188} INFO - [2025-11-10T09:08:51.102+0000] {dagbag.py:538} INFO - Filling up the DagBag from /home/airflow/.local/lib/python3.8/site-packages/airflow/example_dags/plugins/event_listener.py
[2025-11-10T09:08:51.105+0000] {processor.py:842} WARNING - No viable dags retrieved from /home/airflow/.local/lib/python3.8/site-packages/airflow/example_dags/plugins/event_listener.py
[2025-11-10T09:08:51.124+0000] {processor.py:183} INFO - Processing /home/airflow/.local/lib/python3.8/site-packages/airflow/example_dags/plugins/event_listener.py took 0.028 seconds
[2025-11-10T09:09:21.521+0000] {processor.py:161} INFO - Started process (PID=9655) to work on /home/airflow/.local/lib/python3.8/site-packages/airflow/example_dags/plugins/event_listener.py
[2025-11-10T09:09:21.522+0000] {processor.py:830} INFO - Processing file /home/airflow/.local/lib/python3.8/site-packages/airflow/example_dags/plugins/event_listener.py for tasks to queue
[2025-11-10T09:09:21.524+0000] {logging_mixin.py:188} INFO - [2025-11-10T09:09:21.523+0000] {dagbag.py:538} INFO - Filling up the DagBag from /home/airflow/.local/lib/python3.8/site-packages/airflow/example_dags/plugins/event_listener.py
[2025-11-10T09:09:21.527+0000] {processor.py:842} WARNING - No viable dags retrieved from /home/airflow/.local/lib/python3.8/site-packages/airflow/example_dags/plugins/event_listener.py
[2025-11-10T09:09:21.548+0000] {processor.py:183} INFO - Processing /home/airflow/.local/lib/python3.8/site-packages/airflow/example_dags/plugins/event_listener.py took 0.033 seconds
[2025-11-10T09:09:51.903+0000] {processor.py:161} INFO - Started process (PID=9714) to work on /home/airflow/.local/lib/python3.8/site-packages/airflow/example_dags/plugins/event_listener.py
[2025-11-10T09:09:51.905+0000] {processor.py:830} INFO - Processing file /home/airflow/.local/lib/python3.8/site-packages/airflow/example_dags/plugins/event_listener.py for tasks to queue
[2025-11-10T09:09:51.906+0000] {logging_mixin.py:188} INFO - [2025-11-10T09:09:51.906+0000] {dagbag.py:538} INFO - Filling up the DagBag from /home/airflow/.local/lib/python3.8/site-packages/airflow/example_dags/plugins/event_listener.py
[2025-11-10T09:09:51.910+0000] {processor.py:842} WARNING - No viable dags retrieved from /home/airflow/.local/lib/python3.8/site-packages/airflow/example_dags/plugins/event_listener.py
[2025-11-10T09:09:51.931+0000] {processor.py:183} INFO - Processing /home/airflow/.local/lib/python3.8/site-packages/airflow/example_dags/plugins/event_listener.py took 0.033 seconds
[2025-11-10T09:10:22.202+0000] {processor.py:161} INFO - Started process (PID=9773) to work on /home/airflow/.local/lib/python3.8/site-packages/airflow/example_dags/plugins/event_listener.py
[2025-11-10T09:10:22.204+0000] {processor.py:830} INFO - Processing file /home/airflow/.local/lib/python3.8/site-packages/airflow/example_dags/plugins/event_listener.py for tasks to queue
[2025-11-10T09:10:22.205+0000] {logging_mixin.py:188} INFO - [2025-11-10T09:10:22.205+0000] {dagbag.py:538} INFO - Filling up the DagBag from /home/airflow/.local/lib/python3.8/site-packages/airflow/example_dags/plugins/event_listener.py
[2025-11-10T09:10:22.209+0000] {processor.py:842} WARNING - No viable dags retrieved from /home/airflow/.local/lib/python3.8/site-packages/airflow/example_dags/plugins/event_listener.py
[2025-11-10T09:10:22.231+0000] {processor.py:183} INFO - Processing /home/airflow/.local/lib/python3.8/site-packages/airflow/example_dags/plugins/event_listener.py took 0.034 seconds
[2025-11-10T09:10:53.208+0000] {processor.py:161} INFO - Started process (PID=9832) to work on /home/airflow/.local/lib/python3.8/site-packages/airflow/example_dags/plugins/event_listener.py
[2025-11-10T09:10:53.210+0000] {processor.py:830} INFO - Processing file /home/airflow/.local/lib/python3.8/site-packages/airflow/example_dags/plugins/event_listener.py for tasks to queue
[2025-11-10T09:10:53.212+0000] {logging_mixin.py:188} INFO - [2025-11-10T09:10:53.211+0000] {dagbag.py:538} INFO - Filling up the DagBag from /home/airflow/.local/lib/python3.8/site-packages/airflow/example_dags/plugins/event_listener.py
[2025-11-10T09:10:53.215+0000] {processor.py:842} WARNING - No viable dags retrieved from /home/airflow/.local/lib/python3.8/site-packages/airflow/example_dags/plugins/event_listener.py
[2025-11-10T09:10:53.232+0000] {processor.py:183} INFO - Processing /home/airflow/.local/lib/python3.8/site-packages/airflow/example_dags/plugins/event_listener.py took 0.028 seconds
[2025-11-10T09:11:23.777+0000] {processor.py:161} INFO - Started process (PID=9891) to work on /home/airflow/.local/lib/python3.8/site-packages/airflow/example_dags/plugins/event_listener.py
[2025-11-10T09:11:23.779+0000] {processor.py:830} INFO - Processing file /home/airflow/.local/lib/python3.8/site-packages/airflow/example_dags/plugins/event_listener.py for tasks to queue
[2025-11-10T09:11:23.780+0000] {logging_mixin.py:188} INFO - [2025-11-10T09:11:23.780+0000] {dagbag.py:538} INFO - Filling up the DagBag from /home/airflow/.local/lib/python3.8/site-packages/airflow/example_dags/plugins/event_listener.py
[2025-11-10T09:11:23.783+0000] {processor.py:842} WARNING - No viable dags retrieved from /home/airflow/.local/lib/python3.8/site-packages/airflow/example_dags/plugins/event_listener.py
[2025-11-10T09:11:23.802+0000] {processor.py:183} INFO - Processing /home/airflow/.local/lib/python3.8/site-packages/airflow/example_dags/plugins/event_listener.py took 0.029 seconds
[2025-11-10T09:11:55.252+0000] {processor.py:161} INFO - Started process (PID=9950) to work on /home/airflow/.local/lib/python3.8/site-packages/airflow/example_dags/plugins/event_listener.py
[2025-11-10T09:11:55.254+0000] {processor.py:830} INFO - Processing file /home/airflow/.local/lib/python3.8/site-packages/airflow/example_dags/plugins/event_listener.py for tasks to queue
[2025-11-10T09:11:55.255+0000] {logging_mixin.py:188} INFO - [2025-11-10T09:11:55.255+0000] {dagbag.py:538} INFO - Filling up the DagBag from /home/airflow/.local/lib/python3.8/site-packages/airflow/example_dags/plugins/event_listener.py
[2025-11-10T09:11:55.258+0000] {processor.py:842} WARNING - No viable dags retrieved from /home/airflow/.local/lib/python3.8/site-packages/airflow/example_dags/plugins/event_listener.py
[2025-11-10T09:11:55.280+0000] {processor.py:183} INFO - Processing /home/airflow/.local/lib/python3.8/site-packages/airflow/example_dags/plugins/event_listener.py took 0.032 seconds
[2025-11-10T09:12:25.984+0000] {processor.py:161} INFO - Started process (PID=10010) to work on /home/airflow/.local/lib/python3.8/site-packages/airflow/example_dags/plugins/event_listener.py
[2025-11-10T09:12:25.985+0000] {processor.py:830} INFO - Processing file /home/airflow/.local/lib/python3.8/site-packages/airflow/example_dags/plugins/event_listener.py for tasks to queue
[2025-11-10T09:12:25.988+0000] {logging_mixin.py:188} INFO - [2025-11-10T09:12:25.987+0000] {dagbag.py:538} INFO - Filling up the DagBag from /home/airflow/.local/lib/python3.8/site-packages/airflow/example_dags/plugins/event_listener.py
[2025-11-10T09:12:25.992+0000] {processor.py:842} WARNING - No viable dags retrieved from /home/airflow/.local/lib/python3.8/site-packages/airflow/example_dags/plugins/event_listener.py
[2025-11-10T09:12:26.014+0000] {processor.py:183} INFO - Processing /home/airflow/.local/lib/python3.8/site-packages/airflow/example_dags/plugins/event_listener.py took 0.036 seconds
[2025-11-10T09:12:56.505+0000] {processor.py:161} INFO - Started process (PID=10069) to work on /home/airflow/.local/lib/python3.8/site-packages/airflow/example_dags/plugins/event_listener.py
[2025-11-10T09:12:56.507+0000] {processor.py:830} INFO - Processing file /home/airflow/.local/lib/python3.8/site-packages/airflow/example_dags/plugins/event_listener.py for tasks to queue
[2025-11-10T09:12:56.509+0000] {logging_mixin.py:188} INFO - [2025-11-10T09:12:56.508+0000] {dagbag.py:538} INFO - Filling up the DagBag from /home/airflow/.local/lib/python3.8/site-packages/airflow/example_dags/plugins/event_listener.py
[2025-11-10T09:12:56.512+0000] {processor.py:842} WARNING - No viable dags retrieved from /home/airflow/.local/lib/python3.8/site-packages/airflow/example_dags/plugins/event_listener.py
[2025-11-10T09:12:56.533+0000] {processor.py:183} INFO - Processing /home/airflow/.local/lib/python3.8/site-packages/airflow/example_dags/plugins/event_listener.py took 0.034 seconds
[2025-11-10T09:13:27.521+0000] {processor.py:161} INFO - Started process (PID=10128) to work on /home/airflow/.local/lib/python3.8/site-packages/airflow/example_dags/plugins/event_listener.py
[2025-11-10T09:13:27.524+0000] {processor.py:830} INFO - Processing file /home/airflow/.local/lib/python3.8/site-packages/airflow/example_dags/plugins/event_listener.py for tasks to queue
[2025-11-10T09:13:27.527+0000] {logging_mixin.py:188} INFO - [2025-11-10T09:13:27.526+0000] {dagbag.py:538} INFO - Filling up the DagBag from /home/airflow/.local/lib/python3.8/site-packages/airflow/example_dags/plugins/event_listener.py
[2025-11-10T09:13:27.534+0000] {processor.py:842} WARNING - No viable dags retrieved from /home/airflow/.local/lib/python3.8/site-packages/airflow/example_dags/plugins/event_listener.py
[2025-11-10T09:13:27.577+0000] {processor.py:183} INFO - Processing /home/airflow/.local/lib/python3.8/site-packages/airflow/example_dags/plugins/event_listener.py took 0.069 seconds
[2025-11-10T09:13:58.532+0000] {processor.py:161} INFO - Started process (PID=10188) to work on /home/airflow/.local/lib/python3.8/site-packages/airflow/example_dags/plugins/event_listener.py
[2025-11-10T09:13:58.536+0000] {processor.py:830} INFO - Processing file /home/airflow/.local/lib/python3.8/site-packages/airflow/example_dags/plugins/event_listener.py for tasks to queue
[2025-11-10T09:13:58.540+0000] {logging_mixin.py:188} INFO - [2025-11-10T09:13:58.538+0000] {dagbag.py:538} INFO - Filling up the DagBag from /home/airflow/.local/lib/python3.8/site-packages/airflow/example_dags/plugins/event_listener.py
[2025-11-10T09:13:58.547+0000] {processor.py:842} WARNING - No viable dags retrieved from /home/airflow/.local/lib/python3.8/site-packages/airflow/example_dags/plugins/event_listener.py
[2025-11-10T09:13:58.588+0000] {processor.py:183} INFO - Processing /home/airflow/.local/lib/python3.8/site-packages/airflow/example_dags/plugins/event_listener.py took 0.073 seconds
[2025-11-10T09:14:29.471+0000] {processor.py:161} INFO - Started process (PID=10247) to work on /home/airflow/.local/lib/python3.8/site-packages/airflow/example_dags/plugins/event_listener.py
[2025-11-10T09:14:29.474+0000] {processor.py:830} INFO - Processing file /home/airflow/.local/lib/python3.8/site-packages/airflow/example_dags/plugins/event_listener.py for tasks to queue
[2025-11-10T09:14:29.479+0000] {logging_mixin.py:188} INFO - [2025-11-10T09:14:29.477+0000] {dagbag.py:538} INFO - Filling up the DagBag from /home/airflow/.local/lib/python3.8/site-packages/airflow/example_dags/plugins/event_listener.py
[2025-11-10T09:14:29.484+0000] {processor.py:842} WARNING - No viable dags retrieved from /home/airflow/.local/lib/python3.8/site-packages/airflow/example_dags/plugins/event_listener.py
[2025-11-10T09:14:29.507+0000] {processor.py:183} INFO - Processing /home/airflow/.local/lib/python3.8/site-packages/airflow/example_dags/plugins/event_listener.py took 0.045 seconds
[2025-11-10T09:15:00.657+0000] {processor.py:161} INFO - Started process (PID=10307) to work on /home/airflow/.local/lib/python3.8/site-packages/airflow/example_dags/plugins/event_listener.py
[2025-11-10T09:15:00.659+0000] {processor.py:830} INFO - Processing file /home/airflow/.local/lib/python3.8/site-packages/airflow/example_dags/plugins/event_listener.py for tasks to queue
[2025-11-10T09:15:00.661+0000] {logging_mixin.py:188} INFO - [2025-11-10T09:15:00.660+0000] {dagbag.py:538} INFO - Filling up the DagBag from /home/airflow/.local/lib/python3.8/site-packages/airflow/example_dags/plugins/event_listener.py
[2025-11-10T09:15:00.665+0000] {processor.py:842} WARNING - No viable dags retrieved from /home/airflow/.local/lib/python3.8/site-packages/airflow/example_dags/plugins/event_listener.py
[2025-11-10T09:15:00.687+0000] {processor.py:183} INFO - Processing /home/airflow/.local/lib/python3.8/site-packages/airflow/example_dags/plugins/event_listener.py took 0.036 seconds
[2025-11-10T09:15:31.307+0000] {processor.py:161} INFO - Started process (PID=10367) to work on /home/airflow/.local/lib/python3.8/site-packages/airflow/example_dags/plugins/event_listener.py
[2025-11-10T09:15:31.309+0000] {processor.py:830} INFO - Processing file /home/airflow/.local/lib/python3.8/site-packages/airflow/example_dags/plugins/event_listener.py for tasks to queue
[2025-11-10T09:15:31.311+0000] {logging_mixin.py:188} INFO - [2025-11-10T09:15:31.311+0000] {dagbag.py:538} INFO - Filling up the DagBag from /home/airflow/.local/lib/python3.8/site-packages/airflow/example_dags/plugins/event_listener.py
[2025-11-10T09:15:31.315+0000] {processor.py:842} WARNING - No viable dags retrieved from /home/airflow/.local/lib/python3.8/site-packages/airflow/example_dags/plugins/event_listener.py
[2025-11-10T09:15:31.340+0000] {processor.py:183} INFO - Processing /home/airflow/.local/lib/python3.8/site-packages/airflow/example_dags/plugins/event_listener.py took 0.039 seconds
[2025-11-10T09:16:01.881+0000] {processor.py:161} INFO - Started process (PID=10426) to work on /home/airflow/.local/lib/python3.8/site-packages/airflow/example_dags/plugins/event_listener.py
[2025-11-10T09:16:01.883+0000] {processor.py:830} INFO - Processing file /home/airflow/.local/lib/python3.8/site-packages/airflow/example_dags/plugins/event_listener.py for tasks to queue
[2025-11-10T09:16:01.885+0000] {logging_mixin.py:188} INFO - [2025-11-10T09:16:01.885+0000] {dagbag.py:538} INFO - Filling up the DagBag from /home/airflow/.local/lib/python3.8/site-packages/airflow/example_dags/plugins/event_listener.py
[2025-11-10T09:16:01.889+0000] {processor.py:842} WARNING - No viable dags retrieved from /home/airflow/.local/lib/python3.8/site-packages/airflow/example_dags/plugins/event_listener.py
[2025-11-10T09:16:01.909+0000] {processor.py:183} INFO - Processing /home/airflow/.local/lib/python3.8/site-packages/airflow/example_dags/plugins/event_listener.py took 0.032 seconds
[2025-11-10T09:16:32.921+0000] {processor.py:161} INFO - Started process (PID=10486) to work on /home/airflow/.local/lib/python3.8/site-packages/airflow/example_dags/plugins/event_listener.py
[2025-11-10T09:16:32.922+0000] {processor.py:830} INFO - Processing file /home/airflow/.local/lib/python3.8/site-packages/airflow/example_dags/plugins/event_listener.py for tasks to queue
[2025-11-10T09:16:32.924+0000] {logging_mixin.py:188} INFO - [2025-11-10T09:16:32.923+0000] {dagbag.py:538} INFO - Filling up the DagBag from /home/airflow/.local/lib/python3.8/site-packages/airflow/example_dags/plugins/event_listener.py
[2025-11-10T09:16:32.927+0000] {processor.py:842} WARNING - No viable dags retrieved from /home/airflow/.local/lib/python3.8/site-packages/airflow/example_dags/plugins/event_listener.py
[2025-11-10T09:16:32.945+0000] {processor.py:183} INFO - Processing /home/airflow/.local/lib/python3.8/site-packages/airflow/example_dags/plugins/event_listener.py took 0.029 seconds
[2025-11-10T09:17:03.678+0000] {processor.py:161} INFO - Started process (PID=10546) to work on /home/airflow/.local/lib/python3.8/site-packages/airflow/example_dags/plugins/event_listener.py
[2025-11-10T09:17:03.679+0000] {processor.py:830} INFO - Processing file /home/airflow/.local/lib/python3.8/site-packages/airflow/example_dags/plugins/event_listener.py for tasks to queue
[2025-11-10T09:17:03.681+0000] {logging_mixin.py:188} INFO - [2025-11-10T09:17:03.680+0000] {dagbag.py:538} INFO - Filling up the DagBag from /home/airflow/.local/lib/python3.8/site-packages/airflow/example_dags/plugins/event_listener.py
[2025-11-10T09:17:03.684+0000] {processor.py:842} WARNING - No viable dags retrieved from /home/airflow/.local/lib/python3.8/site-packages/airflow/example_dags/plugins/event_listener.py
[2025-11-10T09:17:03.702+0000] {processor.py:183} INFO - Processing /home/airflow/.local/lib/python3.8/site-packages/airflow/example_dags/plugins/event_listener.py took 0.029 seconds
[2025-11-10T09:17:34.189+0000] {processor.py:161} INFO - Started process (PID=10605) to work on /home/airflow/.local/lib/python3.8/site-packages/airflow/example_dags/plugins/event_listener.py
[2025-11-10T09:17:34.190+0000] {processor.py:830} INFO - Processing file /home/airflow/.local/lib/python3.8/site-packages/airflow/example_dags/plugins/event_listener.py for tasks to queue
[2025-11-10T09:17:34.192+0000] {logging_mixin.py:188} INFO - [2025-11-10T09:17:34.192+0000] {dagbag.py:538} INFO - Filling up the DagBag from /home/airflow/.local/lib/python3.8/site-packages/airflow/example_dags/plugins/event_listener.py
[2025-11-10T09:17:34.196+0000] {processor.py:842} WARNING - No viable dags retrieved from /home/airflow/.local/lib/python3.8/site-packages/airflow/example_dags/plugins/event_listener.py
[2025-11-10T09:17:34.214+0000] {processor.py:183} INFO - Processing /home/airflow/.local/lib/python3.8/site-packages/airflow/example_dags/plugins/event_listener.py took 0.029 seconds
[2025-11-10T09:18:04.855+0000] {processor.py:161} INFO - Started process (PID=10664) to work on /home/airflow/.local/lib/python3.8/site-packages/airflow/example_dags/plugins/event_listener.py
[2025-11-10T09:18:04.857+0000] {processor.py:830} INFO - Processing file /home/airflow/.local/lib/python3.8/site-packages/airflow/example_dags/plugins/event_listener.py for tasks to queue
[2025-11-10T09:18:04.858+0000] {logging_mixin.py:188} INFO - [2025-11-10T09:18:04.858+0000] {dagbag.py:538} INFO - Filling up the DagBag from /home/airflow/.local/lib/python3.8/site-packages/airflow/example_dags/plugins/event_listener.py
[2025-11-10T09:18:04.862+0000] {processor.py:842} WARNING - No viable dags retrieved from /home/airflow/.local/lib/python3.8/site-packages/airflow/example_dags/plugins/event_listener.py
[2025-11-10T09:18:04.882+0000] {processor.py:183} INFO - Processing /home/airflow/.local/lib/python3.8/site-packages/airflow/example_dags/plugins/event_listener.py took 0.031 seconds
[2025-11-10T09:18:35.948+0000] {processor.py:161} INFO - Started process (PID=10723) to work on /home/airflow/.local/lib/python3.8/site-packages/airflow/example_dags/plugins/event_listener.py
[2025-11-10T09:18:35.950+0000] {processor.py:830} INFO - Processing file /home/airflow/.local/lib/python3.8/site-packages/airflow/example_dags/plugins/event_listener.py for tasks to queue
[2025-11-10T09:18:35.953+0000] {logging_mixin.py:188} INFO - [2025-11-10T09:18:35.952+0000] {dagbag.py:538} INFO - Filling up the DagBag from /home/airflow/.local/lib/python3.8/site-packages/airflow/example_dags/plugins/event_listener.py
[2025-11-10T09:18:35.963+0000] {processor.py:842} WARNING - No viable dags retrieved from /home/airflow/.local/lib/python3.8/site-packages/airflow/example_dags/plugins/event_listener.py
[2025-11-10T09:18:35.998+0000] {processor.py:183} INFO - Processing /home/airflow/.local/lib/python3.8/site-packages/airflow/example_dags/plugins/event_listener.py took 0.067 seconds
[2025-11-10T09:19:06.513+0000] {processor.py:161} INFO - Started process (PID=10782) to work on /home/airflow/.local/lib/python3.8/site-packages/airflow/example_dags/plugins/event_listener.py
[2025-11-10T09:19:06.516+0000] {processor.py:830} INFO - Processing file /home/airflow/.local/lib/python3.8/site-packages/airflow/example_dags/plugins/event_listener.py for tasks to queue
[2025-11-10T09:19:06.518+0000] {logging_mixin.py:188} INFO - [2025-11-10T09:19:06.517+0000] {dagbag.py:538} INFO - Filling up the DagBag from /home/airflow/.local/lib/python3.8/site-packages/airflow/example_dags/plugins/event_listener.py
[2025-11-10T09:19:06.523+0000] {processor.py:842} WARNING - No viable dags retrieved from /home/airflow/.local/lib/python3.8/site-packages/airflow/example_dags/plugins/event_listener.py
[2025-11-10T09:19:06.549+0000] {processor.py:183} INFO - Processing /home/airflow/.local/lib/python3.8/site-packages/airflow/example_dags/plugins/event_listener.py took 0.044 seconds
[2025-11-10T09:19:36.837+0000] {processor.py:161} INFO - Started process (PID=10841) to work on /home/airflow/.local/lib/python3.8/site-packages/airflow/example_dags/plugins/event_listener.py
[2025-11-10T09:19:36.839+0000] {processor.py:830} INFO - Processing file /home/airflow/.local/lib/python3.8/site-packages/airflow/example_dags/plugins/event_listener.py for tasks to queue
[2025-11-10T09:19:36.842+0000] {logging_mixin.py:188} INFO - [2025-11-10T09:19:36.841+0000] {dagbag.py:538} INFO - Filling up the DagBag from /home/airflow/.local/lib/python3.8/site-packages/airflow/example_dags/plugins/event_listener.py
[2025-11-10T09:19:36.848+0000] {processor.py:842} WARNING - No viable dags retrieved from /home/airflow/.local/lib/python3.8/site-packages/airflow/example_dags/plugins/event_listener.py
[2025-11-10T09:19:36.873+0000] {processor.py:183} INFO - Processing /home/airflow/.local/lib/python3.8/site-packages/airflow/example_dags/plugins/event_listener.py took 0.045 seconds
[2025-11-10T09:20:06.975+0000] {processor.py:161} INFO - Started process (PID=10899) to work on /home/airflow/.local/lib/python3.8/site-packages/airflow/example_dags/plugins/event_listener.py
[2025-11-10T09:20:06.977+0000] {processor.py:830} INFO - Processing file /home/airflow/.local/lib/python3.8/site-packages/airflow/example_dags/plugins/event_listener.py for tasks to queue
[2025-11-10T09:20:06.979+0000] {logging_mixin.py:188} INFO - [2025-11-10T09:20:06.978+0000] {dagbag.py:538} INFO - Filling up the DagBag from /home/airflow/.local/lib/python3.8/site-packages/airflow/example_dags/plugins/event_listener.py
[2025-11-10T09:20:06.982+0000] {processor.py:842} WARNING - No viable dags retrieved from /home/airflow/.local/lib/python3.8/site-packages/airflow/example_dags/plugins/event_listener.py
[2025-11-10T09:20:07.002+0000] {processor.py:183} INFO - Processing /home/airflow/.local/lib/python3.8/site-packages/airflow/example_dags/plugins/event_listener.py took 0.031 seconds
[2025-11-10T09:20:37.043+0000] {processor.py:161} INFO - Started process (PID=10958) to work on /home/airflow/.local/lib/python3.8/site-packages/airflow/example_dags/plugins/event_listener.py
[2025-11-10T09:20:37.045+0000] {processor.py:830} INFO - Processing file /home/airflow/.local/lib/python3.8/site-packages/airflow/example_dags/plugins/event_listener.py for tasks to queue
[2025-11-10T09:20:37.046+0000] {logging_mixin.py:188} INFO - [2025-11-10T09:20:37.046+0000] {dagbag.py:538} INFO - Filling up the DagBag from /home/airflow/.local/lib/python3.8/site-packages/airflow/example_dags/plugins/event_listener.py
[2025-11-10T09:20:37.050+0000] {processor.py:842} WARNING - No viable dags retrieved from /home/airflow/.local/lib/python3.8/site-packages/airflow/example_dags/plugins/event_listener.py
[2025-11-10T09:20:37.068+0000] {processor.py:183} INFO - Processing /home/airflow/.local/lib/python3.8/site-packages/airflow/example_dags/plugins/event_listener.py took 0.030 seconds
[2025-11-10T09:21:08.396+0000] {processor.py:161} INFO - Started process (PID=11017) to work on /home/airflow/.local/lib/python3.8/site-packages/airflow/example_dags/plugins/event_listener.py
[2025-11-10T09:21:08.401+0000] {processor.py:830} INFO - Processing file /home/airflow/.local/lib/python3.8/site-packages/airflow/example_dags/plugins/event_listener.py for tasks to queue
[2025-11-10T09:21:08.405+0000] {logging_mixin.py:188} INFO - [2025-11-10T09:21:08.404+0000] {dagbag.py:538} INFO - Filling up the DagBag from /home/airflow/.local/lib/python3.8/site-packages/airflow/example_dags/plugins/event_listener.py
[2025-11-10T09:21:08.415+0000] {processor.py:842} WARNING - No viable dags retrieved from /home/airflow/.local/lib/python3.8/site-packages/airflow/example_dags/plugins/event_listener.py
[2025-11-10T09:21:08.464+0000] {processor.py:183} INFO - Processing /home/airflow/.local/lib/python3.8/site-packages/airflow/example_dags/plugins/event_listener.py took 0.084 seconds
[2025-11-10T09:21:38.677+0000] {processor.py:161} INFO - Started process (PID=11076) to work on /home/airflow/.local/lib/python3.8/site-packages/airflow/example_dags/plugins/event_listener.py
[2025-11-10T09:21:38.679+0000] {processor.py:830} INFO - Processing file /home/airflow/.local/lib/python3.8/site-packages/airflow/example_dags/plugins/event_listener.py for tasks to queue
[2025-11-10T09:21:38.681+0000] {logging_mixin.py:188} INFO - [2025-11-10T09:21:38.681+0000] {dagbag.py:538} INFO - Filling up the DagBag from /home/airflow/.local/lib/python3.8/site-packages/airflow/example_dags/plugins/event_listener.py
[2025-11-10T09:21:38.685+0000] {processor.py:842} WARNING - No viable dags retrieved from /home/airflow/.local/lib/python3.8/site-packages/airflow/example_dags/plugins/event_listener.py
[2025-11-10T09:21:38.713+0000] {processor.py:183} INFO - Processing /home/airflow/.local/lib/python3.8/site-packages/airflow/example_dags/plugins/event_listener.py took 0.042 seconds
[2025-11-10T09:22:09.312+0000] {processor.py:161} INFO - Started process (PID=11135) to work on /home/airflow/.local/lib/python3.8/site-packages/airflow/example_dags/plugins/event_listener.py
[2025-11-10T09:22:09.314+0000] {processor.py:830} INFO - Processing file /home/airflow/.local/lib/python3.8/site-packages/airflow/example_dags/plugins/event_listener.py for tasks to queue
[2025-11-10T09:22:09.315+0000] {logging_mixin.py:188} INFO - [2025-11-10T09:22:09.315+0000] {dagbag.py:538} INFO - Filling up the DagBag from /home/airflow/.local/lib/python3.8/site-packages/airflow/example_dags/plugins/event_listener.py
[2025-11-10T09:22:09.319+0000] {processor.py:842} WARNING - No viable dags retrieved from /home/airflow/.local/lib/python3.8/site-packages/airflow/example_dags/plugins/event_listener.py
[2025-11-10T09:22:09.338+0000] {processor.py:183} INFO - Processing /home/airflow/.local/lib/python3.8/site-packages/airflow/example_dags/plugins/event_listener.py took 0.030 seconds
[2025-11-10T09:22:39.850+0000] {processor.py:161} INFO - Started process (PID=11194) to work on /home/airflow/.local/lib/python3.8/site-packages/airflow/example_dags/plugins/event_listener.py
[2025-11-10T09:22:39.852+0000] {processor.py:830} INFO - Processing file /home/airflow/.local/lib/python3.8/site-packages/airflow/example_dags/plugins/event_listener.py for tasks to queue
[2025-11-10T09:22:39.853+0000] {logging_mixin.py:188} INFO - [2025-11-10T09:22:39.853+0000] {dagbag.py:538} INFO - Filling up the DagBag from /home/airflow/.local/lib/python3.8/site-packages/airflow/example_dags/plugins/event_listener.py
[2025-11-10T09:22:39.856+0000] {processor.py:842} WARNING - No viable dags retrieved from /home/airflow/.local/lib/python3.8/site-packages/airflow/example_dags/plugins/event_listener.py
[2025-11-10T09:22:39.876+0000] {processor.py:183} INFO - Processing /home/airflow/.local/lib/python3.8/site-packages/airflow/example_dags/plugins/event_listener.py took 0.032 seconds
[2025-11-10T09:23:10.712+0000] {processor.py:161} INFO - Started process (PID=11253) to work on /home/airflow/.local/lib/python3.8/site-packages/airflow/example_dags/plugins/event_listener.py
[2025-11-10T09:23:10.714+0000] {processor.py:830} INFO - Processing file /home/airflow/.local/lib/python3.8/site-packages/airflow/example_dags/plugins/event_listener.py for tasks to queue
[2025-11-10T09:23:10.715+0000] {logging_mixin.py:188} INFO - [2025-11-10T09:23:10.715+0000] {dagbag.py:538} INFO - Filling up the DagBag from /home/airflow/.local/lib/python3.8/site-packages/airflow/example_dags/plugins/event_listener.py
[2025-11-10T09:23:10.718+0000] {processor.py:842} WARNING - No viable dags retrieved from /home/airflow/.local/lib/python3.8/site-packages/airflow/example_dags/plugins/event_listener.py
[2025-11-10T09:23:10.739+0000] {processor.py:183} INFO - Processing /home/airflow/.local/lib/python3.8/site-packages/airflow/example_dags/plugins/event_listener.py took 0.031 seconds
[2025-11-10T09:23:41.868+0000] {processor.py:161} INFO - Started process (PID=11312) to work on /home/airflow/.local/lib/python3.8/site-packages/airflow/example_dags/plugins/event_listener.py
[2025-11-10T09:23:41.870+0000] {processor.py:830} INFO - Processing file /home/airflow/.local/lib/python3.8/site-packages/airflow/example_dags/plugins/event_listener.py for tasks to queue
[2025-11-10T09:23:41.872+0000] {logging_mixin.py:188} INFO - [2025-11-10T09:23:41.872+0000] {dagbag.py:538} INFO - Filling up the DagBag from /home/airflow/.local/lib/python3.8/site-packages/airflow/example_dags/plugins/event_listener.py
[2025-11-10T09:23:41.876+0000] {processor.py:842} WARNING - No viable dags retrieved from /home/airflow/.local/lib/python3.8/site-packages/airflow/example_dags/plugins/event_listener.py
[2025-11-10T09:23:41.894+0000] {processor.py:183} INFO - Processing /home/airflow/.local/lib/python3.8/site-packages/airflow/example_dags/plugins/event_listener.py took 0.032 seconds
[2025-11-10T09:24:12.615+0000] {processor.py:161} INFO - Started process (PID=11371) to work on /home/airflow/.local/lib/python3.8/site-packages/airflow/example_dags/plugins/event_listener.py
[2025-11-10T09:24:12.617+0000] {processor.py:830} INFO - Processing file /home/airflow/.local/lib/python3.8/site-packages/airflow/example_dags/plugins/event_listener.py for tasks to queue
[2025-11-10T09:24:12.619+0000] {logging_mixin.py:188} INFO - [2025-11-10T09:24:12.619+0000] {dagbag.py:538} INFO - Filling up the DagBag from /home/airflow/.local/lib/python3.8/site-packages/airflow/example_dags/plugins/event_listener.py
[2025-11-10T09:24:12.623+0000] {processor.py:842} WARNING - No viable dags retrieved from /home/airflow/.local/lib/python3.8/site-packages/airflow/example_dags/plugins/event_listener.py
[2025-11-10T09:24:12.644+0000] {processor.py:183} INFO - Processing /home/airflow/.local/lib/python3.8/site-packages/airflow/example_dags/plugins/event_listener.py took 0.035 seconds
[2025-11-10T09:24:43.145+0000] {processor.py:161} INFO - Started process (PID=11430) to work on /home/airflow/.local/lib/python3.8/site-packages/airflow/example_dags/plugins/event_listener.py
[2025-11-10T09:24:43.147+0000] {processor.py:830} INFO - Processing file /home/airflow/.local/lib/python3.8/site-packages/airflow/example_dags/plugins/event_listener.py for tasks to queue
[2025-11-10T09:24:43.148+0000] {logging_mixin.py:188} INFO - [2025-11-10T09:24:43.148+0000] {dagbag.py:538} INFO - Filling up the DagBag from /home/airflow/.local/lib/python3.8/site-packages/airflow/example_dags/plugins/event_listener.py
[2025-11-10T09:24:43.151+0000] {processor.py:842} WARNING - No viable dags retrieved from /home/airflow/.local/lib/python3.8/site-packages/airflow/example_dags/plugins/event_listener.py
[2025-11-10T09:24:43.171+0000] {processor.py:183} INFO - Processing /home/airflow/.local/lib/python3.8/site-packages/airflow/example_dags/plugins/event_listener.py took 0.031 seconds
[2025-11-10T09:25:14.348+0000] {processor.py:161} INFO - Started process (PID=11489) to work on /home/airflow/.local/lib/python3.8/site-packages/airflow/example_dags/plugins/event_listener.py
[2025-11-10T09:25:14.350+0000] {processor.py:830} INFO - Processing file /home/airflow/.local/lib/python3.8/site-packages/airflow/example_dags/plugins/event_listener.py for tasks to queue
[2025-11-10T09:25:14.352+0000] {logging_mixin.py:188} INFO - [2025-11-10T09:25:14.351+0000] {dagbag.py:538} INFO - Filling up the DagBag from /home/airflow/.local/lib/python3.8/site-packages/airflow/example_dags/plugins/event_listener.py
[2025-11-10T09:25:14.356+0000] {processor.py:842} WARNING - No viable dags retrieved from /home/airflow/.local/lib/python3.8/site-packages/airflow/example_dags/plugins/event_listener.py
[2025-11-10T09:25:14.378+0000] {processor.py:183} INFO - Processing /home/airflow/.local/lib/python3.8/site-packages/airflow/example_dags/plugins/event_listener.py took 0.036 seconds
[2025-11-10T09:25:45.455+0000] {processor.py:161} INFO - Started process (PID=11551) to work on /home/airflow/.local/lib/python3.8/site-packages/airflow/example_dags/plugins/event_listener.py
[2025-11-10T09:25:45.457+0000] {processor.py:830} INFO - Processing file /home/airflow/.local/lib/python3.8/site-packages/airflow/example_dags/plugins/event_listener.py for tasks to queue
[2025-11-10T09:25:45.458+0000] {logging_mixin.py:188} INFO - [2025-11-10T09:25:45.458+0000] {dagbag.py:538} INFO - Filling up the DagBag from /home/airflow/.local/lib/python3.8/site-packages/airflow/example_dags/plugins/event_listener.py
[2025-11-10T09:25:45.461+0000] {processor.py:842} WARNING - No viable dags retrieved from /home/airflow/.local/lib/python3.8/site-packages/airflow/example_dags/plugins/event_listener.py
[2025-11-10T09:25:45.480+0000] {processor.py:183} INFO - Processing /home/airflow/.local/lib/python3.8/site-packages/airflow/example_dags/plugins/event_listener.py took 0.028 seconds
[2025-11-10T09:26:16.324+0000] {processor.py:161} INFO - Started process (PID=11610) to work on /home/airflow/.local/lib/python3.8/site-packages/airflow/example_dags/plugins/event_listener.py
[2025-11-10T09:26:16.325+0000] {processor.py:830} INFO - Processing file /home/airflow/.local/lib/python3.8/site-packages/airflow/example_dags/plugins/event_listener.py for tasks to queue
[2025-11-10T09:26:16.327+0000] {logging_mixin.py:188} INFO - [2025-11-10T09:26:16.326+0000] {dagbag.py:538} INFO - Filling up the DagBag from /home/airflow/.local/lib/python3.8/site-packages/airflow/example_dags/plugins/event_listener.py
[2025-11-10T09:26:16.330+0000] {processor.py:842} WARNING - No viable dags retrieved from /home/airflow/.local/lib/python3.8/site-packages/airflow/example_dags/plugins/event_listener.py
[2025-11-10T09:26:16.347+0000] {processor.py:183} INFO - Processing /home/airflow/.local/lib/python3.8/site-packages/airflow/example_dags/plugins/event_listener.py took 0.027 seconds
[2025-11-10T09:26:46.904+0000] {processor.py:161} INFO - Started process (PID=11669) to work on /home/airflow/.local/lib/python3.8/site-packages/airflow/example_dags/plugins/event_listener.py
[2025-11-10T09:26:46.906+0000] {processor.py:830} INFO - Processing file /home/airflow/.local/lib/python3.8/site-packages/airflow/example_dags/plugins/event_listener.py for tasks to queue
[2025-11-10T09:26:46.908+0000] {logging_mixin.py:188} INFO - [2025-11-10T09:26:46.907+0000] {dagbag.py:538} INFO - Filling up the DagBag from /home/airflow/.local/lib/python3.8/site-packages/airflow/example_dags/plugins/event_listener.py
[2025-11-10T09:26:46.911+0000] {processor.py:842} WARNING - No viable dags retrieved from /home/airflow/.local/lib/python3.8/site-packages/airflow/example_dags/plugins/event_listener.py
[2025-11-10T09:26:46.932+0000] {processor.py:183} INFO - Processing /home/airflow/.local/lib/python3.8/site-packages/airflow/example_dags/plugins/event_listener.py took 0.034 seconds
[2025-11-10T09:27:17.430+0000] {processor.py:161} INFO - Started process (PID=11728) to work on /home/airflow/.local/lib/python3.8/site-packages/airflow/example_dags/plugins/event_listener.py
[2025-11-10T09:27:17.432+0000] {processor.py:830} INFO - Processing file /home/airflow/.local/lib/python3.8/site-packages/airflow/example_dags/plugins/event_listener.py for tasks to queue
[2025-11-10T09:27:17.433+0000] {logging_mixin.py:188} INFO - [2025-11-10T09:27:17.433+0000] {dagbag.py:538} INFO - Filling up the DagBag from /home/airflow/.local/lib/python3.8/site-packages/airflow/example_dags/plugins/event_listener.py
[2025-11-10T09:27:17.436+0000] {processor.py:842} WARNING - No viable dags retrieved from /home/airflow/.local/lib/python3.8/site-packages/airflow/example_dags/plugins/event_listener.py
[2025-11-10T09:27:17.455+0000] {processor.py:183} INFO - Processing /home/airflow/.local/lib/python3.8/site-packages/airflow/example_dags/plugins/event_listener.py took 0.028 seconds
[2025-11-10T09:27:48.363+0000] {processor.py:161} INFO - Started process (PID=11787) to work on /home/airflow/.local/lib/python3.8/site-packages/airflow/example_dags/plugins/event_listener.py
[2025-11-10T09:27:48.364+0000] {processor.py:830} INFO - Processing file /home/airflow/.local/lib/python3.8/site-packages/airflow/example_dags/plugins/event_listener.py for tasks to queue
[2025-11-10T09:27:48.366+0000] {logging_mixin.py:188} INFO - [2025-11-10T09:27:48.366+0000] {dagbag.py:538} INFO - Filling up the DagBag from /home/airflow/.local/lib/python3.8/site-packages/airflow/example_dags/plugins/event_listener.py
[2025-11-10T09:27:48.371+0000] {processor.py:842} WARNING - No viable dags retrieved from /home/airflow/.local/lib/python3.8/site-packages/airflow/example_dags/plugins/event_listener.py
[2025-11-10T09:27:48.395+0000] {processor.py:183} INFO - Processing /home/airflow/.local/lib/python3.8/site-packages/airflow/example_dags/plugins/event_listener.py took 0.039 seconds
[2025-11-10T09:28:19.064+0000] {processor.py:161} INFO - Started process (PID=11846) to work on /home/airflow/.local/lib/python3.8/site-packages/airflow/example_dags/plugins/event_listener.py
[2025-11-10T09:28:19.067+0000] {processor.py:830} INFO - Processing file /home/airflow/.local/lib/python3.8/site-packages/airflow/example_dags/plugins/event_listener.py for tasks to queue
[2025-11-10T09:28:19.069+0000] {logging_mixin.py:188} INFO - [2025-11-10T09:28:19.068+0000] {dagbag.py:538} INFO - Filling up the DagBag from /home/airflow/.local/lib/python3.8/site-packages/airflow/example_dags/plugins/event_listener.py
[2025-11-10T09:28:19.074+0000] {processor.py:842} WARNING - No viable dags retrieved from /home/airflow/.local/lib/python3.8/site-packages/airflow/example_dags/plugins/event_listener.py
[2025-11-10T09:28:19.101+0000] {processor.py:183} INFO - Processing /home/airflow/.local/lib/python3.8/site-packages/airflow/example_dags/plugins/event_listener.py took 0.045 seconds
[2025-11-10T09:28:49.966+0000] {processor.py:161} INFO - Started process (PID=11905) to work on /home/airflow/.local/lib/python3.8/site-packages/airflow/example_dags/plugins/event_listener.py
[2025-11-10T09:28:49.968+0000] {processor.py:830} INFO - Processing file /home/airflow/.local/lib/python3.8/site-packages/airflow/example_dags/plugins/event_listener.py for tasks to queue
[2025-11-10T09:28:49.970+0000] {logging_mixin.py:188} INFO - [2025-11-10T09:28:49.969+0000] {dagbag.py:538} INFO - Filling up the DagBag from /home/airflow/.local/lib/python3.8/site-packages/airflow/example_dags/plugins/event_listener.py
[2025-11-10T09:28:49.974+0000] {processor.py:842} WARNING - No viable dags retrieved from /home/airflow/.local/lib/python3.8/site-packages/airflow/example_dags/plugins/event_listener.py
[2025-11-10T09:28:49.996+0000] {processor.py:183} INFO - Processing /home/airflow/.local/lib/python3.8/site-packages/airflow/example_dags/plugins/event_listener.py took 0.036 seconds
[2025-11-10T09:29:20.946+0000] {processor.py:161} INFO - Started process (PID=11964) to work on /home/airflow/.local/lib/python3.8/site-packages/airflow/example_dags/plugins/event_listener.py
[2025-11-10T09:29:20.948+0000] {processor.py:830} INFO - Processing file /home/airflow/.local/lib/python3.8/site-packages/airflow/example_dags/plugins/event_listener.py for tasks to queue
[2025-11-10T09:29:20.949+0000] {logging_mixin.py:188} INFO - [2025-11-10T09:29:20.949+0000] {dagbag.py:538} INFO - Filling up the DagBag from /home/airflow/.local/lib/python3.8/site-packages/airflow/example_dags/plugins/event_listener.py
[2025-11-10T09:29:20.953+0000] {processor.py:842} WARNING - No viable dags retrieved from /home/airflow/.local/lib/python3.8/site-packages/airflow/example_dags/plugins/event_listener.py
[2025-11-10T09:29:20.971+0000] {processor.py:183} INFO - Processing /home/airflow/.local/lib/python3.8/site-packages/airflow/example_dags/plugins/event_listener.py took 0.029 seconds
[2025-11-10T09:29:51.320+0000] {processor.py:161} INFO - Started process (PID=12023) to work on /home/airflow/.local/lib/python3.8/site-packages/airflow/example_dags/plugins/event_listener.py
[2025-11-10T09:29:51.322+0000] {processor.py:830} INFO - Processing file /home/airflow/.local/lib/python3.8/site-packages/airflow/example_dags/plugins/event_listener.py for tasks to queue
[2025-11-10T09:29:51.324+0000] {logging_mixin.py:188} INFO - [2025-11-10T09:29:51.323+0000] {dagbag.py:538} INFO - Filling up the DagBag from /home/airflow/.local/lib/python3.8/site-packages/airflow/example_dags/plugins/event_listener.py
[2025-11-10T09:29:51.328+0000] {processor.py:842} WARNING - No viable dags retrieved from /home/airflow/.local/lib/python3.8/site-packages/airflow/example_dags/plugins/event_listener.py
[2025-11-10T09:29:51.352+0000] {processor.py:183} INFO - Processing /home/airflow/.local/lib/python3.8/site-packages/airflow/example_dags/plugins/event_listener.py took 0.039 seconds
[2025-11-10T09:30:21.645+0000] {processor.py:161} INFO - Started process (PID=12082) to work on /home/airflow/.local/lib/python3.8/site-packages/airflow/example_dags/plugins/event_listener.py
[2025-11-10T09:30:21.647+0000] {processor.py:830} INFO - Processing file /home/airflow/.local/lib/python3.8/site-packages/airflow/example_dags/plugins/event_listener.py for tasks to queue
[2025-11-10T09:30:21.649+0000] {logging_mixin.py:188} INFO - [2025-11-10T09:30:21.648+0000] {dagbag.py:538} INFO - Filling up the DagBag from /home/airflow/.local/lib/python3.8/site-packages/airflow/example_dags/plugins/event_listener.py
[2025-11-10T09:30:21.652+0000] {processor.py:842} WARNING - No viable dags retrieved from /home/airflow/.local/lib/python3.8/site-packages/airflow/example_dags/plugins/event_listener.py
[2025-11-10T09:30:21.675+0000] {processor.py:183} INFO - Processing /home/airflow/.local/lib/python3.8/site-packages/airflow/example_dags/plugins/event_listener.py took 0.034 seconds
[2025-11-10T09:30:51.945+0000] {processor.py:161} INFO - Started process (PID=12141) to work on /home/airflow/.local/lib/python3.8/site-packages/airflow/example_dags/plugins/event_listener.py
[2025-11-10T09:30:51.947+0000] {processor.py:830} INFO - Processing file /home/airflow/.local/lib/python3.8/site-packages/airflow/example_dags/plugins/event_listener.py for tasks to queue
[2025-11-10T09:30:51.948+0000] {logging_mixin.py:188} INFO - [2025-11-10T09:30:51.948+0000] {dagbag.py:538} INFO - Filling up the DagBag from /home/airflow/.local/lib/python3.8/site-packages/airflow/example_dags/plugins/event_listener.py
[2025-11-10T09:30:51.952+0000] {processor.py:842} WARNING - No viable dags retrieved from /home/airflow/.local/lib/python3.8/site-packages/airflow/example_dags/plugins/event_listener.py
[2025-11-10T09:30:51.974+0000] {processor.py:183} INFO - Processing /home/airflow/.local/lib/python3.8/site-packages/airflow/example_dags/plugins/event_listener.py took 0.036 seconds
[2025-11-10T09:31:22.733+0000] {processor.py:161} INFO - Started process (PID=12200) to work on /home/airflow/.local/lib/python3.8/site-packages/airflow/example_dags/plugins/event_listener.py
[2025-11-10T09:31:22.734+0000] {processor.py:830} INFO - Processing file /home/airflow/.local/lib/python3.8/site-packages/airflow/example_dags/plugins/event_listener.py for tasks to queue
[2025-11-10T09:31:22.736+0000] {logging_mixin.py:188} INFO - [2025-11-10T09:31:22.735+0000] {dagbag.py:538} INFO - Filling up the DagBag from /home/airflow/.local/lib/python3.8/site-packages/airflow/example_dags/plugins/event_listener.py
[2025-11-10T09:31:22.739+0000] {processor.py:842} WARNING - No viable dags retrieved from /home/airflow/.local/lib/python3.8/site-packages/airflow/example_dags/plugins/event_listener.py
[2025-11-10T09:31:22.757+0000] {processor.py:183} INFO - Processing /home/airflow/.local/lib/python3.8/site-packages/airflow/example_dags/plugins/event_listener.py took 0.029 seconds
[2025-11-10T09:31:53.375+0000] {processor.py:161} INFO - Started process (PID=12259) to work on /home/airflow/.local/lib/python3.8/site-packages/airflow/example_dags/plugins/event_listener.py
[2025-11-10T09:31:53.376+0000] {processor.py:830} INFO - Processing file /home/airflow/.local/lib/python3.8/site-packages/airflow/example_dags/plugins/event_listener.py for tasks to queue
[2025-11-10T09:31:53.378+0000] {logging_mixin.py:188} INFO - [2025-11-10T09:31:53.377+0000] {dagbag.py:538} INFO - Filling up the DagBag from /home/airflow/.local/lib/python3.8/site-packages/airflow/example_dags/plugins/event_listener.py
[2025-11-10T09:31:53.381+0000] {processor.py:842} WARNING - No viable dags retrieved from /home/airflow/.local/lib/python3.8/site-packages/airflow/example_dags/plugins/event_listener.py
[2025-11-10T09:31:53.399+0000] {processor.py:183} INFO - Processing /home/airflow/.local/lib/python3.8/site-packages/airflow/example_dags/plugins/event_listener.py took 0.029 seconds
[2025-11-10T09:32:23.988+0000] {processor.py:161} INFO - Started process (PID=12318) to work on /home/airflow/.local/lib/python3.8/site-packages/airflow/example_dags/plugins/event_listener.py
[2025-11-10T09:32:23.990+0000] {processor.py:830} INFO - Processing file /home/airflow/.local/lib/python3.8/site-packages/airflow/example_dags/plugins/event_listener.py for tasks to queue
[2025-11-10T09:32:23.992+0000] {logging_mixin.py:188} INFO - [2025-11-10T09:32:23.992+0000] {dagbag.py:538} INFO - Filling up the DagBag from /home/airflow/.local/lib/python3.8/site-packages/airflow/example_dags/plugins/event_listener.py
[2025-11-10T09:32:23.996+0000] {processor.py:842} WARNING - No viable dags retrieved from /home/airflow/.local/lib/python3.8/site-packages/airflow/example_dags/plugins/event_listener.py
[2025-11-10T09:32:24.015+0000] {processor.py:183} INFO - Processing /home/airflow/.local/lib/python3.8/site-packages/airflow/example_dags/plugins/event_listener.py took 0.033 seconds
[2025-11-10T09:32:54.216+0000] {processor.py:161} INFO - Started process (PID=12377) to work on /home/airflow/.local/lib/python3.8/site-packages/airflow/example_dags/plugins/event_listener.py
[2025-11-10T09:32:54.218+0000] {processor.py:830} INFO - Processing file /home/airflow/.local/lib/python3.8/site-packages/airflow/example_dags/plugins/event_listener.py for tasks to queue
[2025-11-10T09:32:54.219+0000] {logging_mixin.py:188} INFO - [2025-11-10T09:32:54.219+0000] {dagbag.py:538} INFO - Filling up the DagBag from /home/airflow/.local/lib/python3.8/site-packages/airflow/example_dags/plugins/event_listener.py
[2025-11-10T09:32:54.223+0000] {processor.py:842} WARNING - No viable dags retrieved from /home/airflow/.local/lib/python3.8/site-packages/airflow/example_dags/plugins/event_listener.py
[2025-11-10T09:32:54.242+0000] {processor.py:183} INFO - Processing /home/airflow/.local/lib/python3.8/site-packages/airflow/example_dags/plugins/event_listener.py took 0.030 seconds
[2025-11-10T09:33:24.546+0000] {processor.py:161} INFO - Started process (PID=12436) to work on /home/airflow/.local/lib/python3.8/site-packages/airflow/example_dags/plugins/event_listener.py
[2025-11-10T09:33:24.547+0000] {processor.py:830} INFO - Processing file /home/airflow/.local/lib/python3.8/site-packages/airflow/example_dags/plugins/event_listener.py for tasks to queue
[2025-11-10T09:33:24.549+0000] {logging_mixin.py:188} INFO - [2025-11-10T09:33:24.548+0000] {dagbag.py:538} INFO - Filling up the DagBag from /home/airflow/.local/lib/python3.8/site-packages/airflow/example_dags/plugins/event_listener.py
[2025-11-10T09:33:24.552+0000] {processor.py:842} WARNING - No viable dags retrieved from /home/airflow/.local/lib/python3.8/site-packages/airflow/example_dags/plugins/event_listener.py
[2025-11-10T09:33:24.569+0000] {processor.py:183} INFO - Processing /home/airflow/.local/lib/python3.8/site-packages/airflow/example_dags/plugins/event_listener.py took 0.027 seconds
[2025-11-10T09:33:55.410+0000] {processor.py:161} INFO - Started process (PID=12495) to work on /home/airflow/.local/lib/python3.8/site-packages/airflow/example_dags/plugins/event_listener.py
[2025-11-10T09:33:55.412+0000] {processor.py:830} INFO - Processing file /home/airflow/.local/lib/python3.8/site-packages/airflow/example_dags/plugins/event_listener.py for tasks to queue
[2025-11-10T09:33:55.413+0000] {logging_mixin.py:188} INFO - [2025-11-10T09:33:55.413+0000] {dagbag.py:538} INFO - Filling up the DagBag from /home/airflow/.local/lib/python3.8/site-packages/airflow/example_dags/plugins/event_listener.py
[2025-11-10T09:33:55.417+0000] {processor.py:842} WARNING - No viable dags retrieved from /home/airflow/.local/lib/python3.8/site-packages/airflow/example_dags/plugins/event_listener.py
[2025-11-10T09:33:55.434+0000] {processor.py:183} INFO - Processing /home/airflow/.local/lib/python3.8/site-packages/airflow/example_dags/plugins/event_listener.py took 0.029 seconds
[2025-11-10T09:34:26.346+0000] {processor.py:161} INFO - Started process (PID=12561) to work on /home/airflow/.local/lib/python3.8/site-packages/airflow/example_dags/plugins/event_listener.py
[2025-11-10T09:34:26.348+0000] {processor.py:830} INFO - Processing file /home/airflow/.local/lib/python3.8/site-packages/airflow/example_dags/plugins/event_listener.py for tasks to queue
[2025-11-10T09:34:26.349+0000] {logging_mixin.py:188} INFO - [2025-11-10T09:34:26.349+0000] {dagbag.py:538} INFO - Filling up the DagBag from /home/airflow/.local/lib/python3.8/site-packages/airflow/example_dags/plugins/event_listener.py
[2025-11-10T09:34:26.353+0000] {processor.py:842} WARNING - No viable dags retrieved from /home/airflow/.local/lib/python3.8/site-packages/airflow/example_dags/plugins/event_listener.py
[2025-11-10T09:34:26.372+0000] {processor.py:183} INFO - Processing /home/airflow/.local/lib/python3.8/site-packages/airflow/example_dags/plugins/event_listener.py took 0.030 seconds
[2025-11-10T09:34:56.941+0000] {processor.py:161} INFO - Started process (PID=12620) to work on /home/airflow/.local/lib/python3.8/site-packages/airflow/example_dags/plugins/event_listener.py
[2025-11-10T09:34:56.942+0000] {processor.py:830} INFO - Processing file /home/airflow/.local/lib/python3.8/site-packages/airflow/example_dags/plugins/event_listener.py for tasks to queue
[2025-11-10T09:34:56.944+0000] {logging_mixin.py:188} INFO - [2025-11-10T09:34:56.943+0000] {dagbag.py:538} INFO - Filling up the DagBag from /home/airflow/.local/lib/python3.8/site-packages/airflow/example_dags/plugins/event_listener.py
[2025-11-10T09:34:56.947+0000] {processor.py:842} WARNING - No viable dags retrieved from /home/airflow/.local/lib/python3.8/site-packages/airflow/example_dags/plugins/event_listener.py
[2025-11-10T09:34:56.966+0000] {processor.py:183} INFO - Processing /home/airflow/.local/lib/python3.8/site-packages/airflow/example_dags/plugins/event_listener.py took 0.030 seconds
[2025-11-10T09:35:27.267+0000] {processor.py:161} INFO - Started process (PID=12680) to work on /home/airflow/.local/lib/python3.8/site-packages/airflow/example_dags/plugins/event_listener.py
[2025-11-10T09:35:27.269+0000] {processor.py:830} INFO - Processing file /home/airflow/.local/lib/python3.8/site-packages/airflow/example_dags/plugins/event_listener.py for tasks to queue
[2025-11-10T09:35:27.271+0000] {logging_mixin.py:188} INFO - [2025-11-10T09:35:27.270+0000] {dagbag.py:538} INFO - Filling up the DagBag from /home/airflow/.local/lib/python3.8/site-packages/airflow/example_dags/plugins/event_listener.py
[2025-11-10T09:35:27.274+0000] {processor.py:842} WARNING - No viable dags retrieved from /home/airflow/.local/lib/python3.8/site-packages/airflow/example_dags/plugins/event_listener.py
[2025-11-10T09:35:27.292+0000] {processor.py:183} INFO - Processing /home/airflow/.local/lib/python3.8/site-packages/airflow/example_dags/plugins/event_listener.py took 0.029 seconds
[2025-11-10T09:35:57.960+0000] {processor.py:161} INFO - Started process (PID=12739) to work on /home/airflow/.local/lib/python3.8/site-packages/airflow/example_dags/plugins/event_listener.py
[2025-11-10T09:35:57.962+0000] {processor.py:830} INFO - Processing file /home/airflow/.local/lib/python3.8/site-packages/airflow/example_dags/plugins/event_listener.py for tasks to queue
[2025-11-10T09:35:57.964+0000] {logging_mixin.py:188} INFO - [2025-11-10T09:35:57.963+0000] {dagbag.py:538} INFO - Filling up the DagBag from /home/airflow/.local/lib/python3.8/site-packages/airflow/example_dags/plugins/event_listener.py
[2025-11-10T09:35:57.969+0000] {processor.py:842} WARNING - No viable dags retrieved from /home/airflow/.local/lib/python3.8/site-packages/airflow/example_dags/plugins/event_listener.py
[2025-11-10T09:35:57.999+0000] {processor.py:183} INFO - Processing /home/airflow/.local/lib/python3.8/site-packages/airflow/example_dags/plugins/event_listener.py took 0.047 seconds
[2025-11-10T09:36:29.271+0000] {processor.py:161} INFO - Started process (PID=12798) to work on /home/airflow/.local/lib/python3.8/site-packages/airflow/example_dags/plugins/event_listener.py
[2025-11-10T09:36:29.284+0000] {processor.py:830} INFO - Processing file /home/airflow/.local/lib/python3.8/site-packages/airflow/example_dags/plugins/event_listener.py for tasks to queue
[2025-11-10T09:36:29.288+0000] {logging_mixin.py:188} INFO - [2025-11-10T09:36:29.287+0000] {dagbag.py:538} INFO - Filling up the DagBag from /home/airflow/.local/lib/python3.8/site-packages/airflow/example_dags/plugins/event_listener.py
[2025-11-10T09:36:29.304+0000] {processor.py:842} WARNING - No viable dags retrieved from /home/airflow/.local/lib/python3.8/site-packages/airflow/example_dags/plugins/event_listener.py
[2025-11-10T09:36:29.395+0000] {processor.py:183} INFO - Processing /home/airflow/.local/lib/python3.8/site-packages/airflow/example_dags/plugins/event_listener.py took 0.143 seconds
[2025-11-10T09:36:59.534+0000] {processor.py:161} INFO - Started process (PID=12856) to work on /home/airflow/.local/lib/python3.8/site-packages/airflow/example_dags/plugins/event_listener.py
[2025-11-10T09:36:59.536+0000] {processor.py:830} INFO - Processing file /home/airflow/.local/lib/python3.8/site-packages/airflow/example_dags/plugins/event_listener.py for tasks to queue
[2025-11-10T09:36:59.539+0000] {logging_mixin.py:188} INFO - [2025-11-10T09:36:59.538+0000] {dagbag.py:538} INFO - Filling up the DagBag from /home/airflow/.local/lib/python3.8/site-packages/airflow/example_dags/plugins/event_listener.py
[2025-11-10T09:36:59.546+0000] {processor.py:842} WARNING - No viable dags retrieved from /home/airflow/.local/lib/python3.8/site-packages/airflow/example_dags/plugins/event_listener.py
[2025-11-10T09:36:59.581+0000] {processor.py:183} INFO - Processing /home/airflow/.local/lib/python3.8/site-packages/airflow/example_dags/plugins/event_listener.py took 0.057 seconds
[2025-11-10T09:37:29.677+0000] {processor.py:161} INFO - Started process (PID=12915) to work on /home/airflow/.local/lib/python3.8/site-packages/airflow/example_dags/plugins/event_listener.py
[2025-11-10T09:37:29.678+0000] {processor.py:830} INFO - Processing file /home/airflow/.local/lib/python3.8/site-packages/airflow/example_dags/plugins/event_listener.py for tasks to queue
[2025-11-10T09:37:29.680+0000] {logging_mixin.py:188} INFO - [2025-11-10T09:37:29.679+0000] {dagbag.py:538} INFO - Filling up the DagBag from /home/airflow/.local/lib/python3.8/site-packages/airflow/example_dags/plugins/event_listener.py
[2025-11-10T09:37:29.683+0000] {processor.py:842} WARNING - No viable dags retrieved from /home/airflow/.local/lib/python3.8/site-packages/airflow/example_dags/plugins/event_listener.py
[2025-11-10T09:37:29.700+0000] {processor.py:183} INFO - Processing /home/airflow/.local/lib/python3.8/site-packages/airflow/example_dags/plugins/event_listener.py took 0.028 seconds
[2025-11-10T09:37:59.839+0000] {processor.py:161} INFO - Started process (PID=12974) to work on /home/airflow/.local/lib/python3.8/site-packages/airflow/example_dags/plugins/event_listener.py
[2025-11-10T09:37:59.840+0000] {processor.py:830} INFO - Processing file /home/airflow/.local/lib/python3.8/site-packages/airflow/example_dags/plugins/event_listener.py for tasks to queue
[2025-11-10T09:37:59.842+0000] {logging_mixin.py:188} INFO - [2025-11-10T09:37:59.841+0000] {dagbag.py:538} INFO - Filling up the DagBag from /home/airflow/.local/lib/python3.8/site-packages/airflow/example_dags/plugins/event_listener.py
[2025-11-10T09:37:59.846+0000] {processor.py:842} WARNING - No viable dags retrieved from /home/airflow/.local/lib/python3.8/site-packages/airflow/example_dags/plugins/event_listener.py
[2025-11-10T09:37:59.867+0000] {processor.py:183} INFO - Processing /home/airflow/.local/lib/python3.8/site-packages/airflow/example_dags/plugins/event_listener.py took 0.033 seconds
[2025-11-10T09:38:29.993+0000] {processor.py:161} INFO - Started process (PID=13032) to work on /home/airflow/.local/lib/python3.8/site-packages/airflow/example_dags/plugins/event_listener.py
[2025-11-10T09:38:29.995+0000] {processor.py:830} INFO - Processing file /home/airflow/.local/lib/python3.8/site-packages/airflow/example_dags/plugins/event_listener.py for tasks to queue
[2025-11-10T09:38:29.996+0000] {logging_mixin.py:188} INFO - [2025-11-10T09:38:29.996+0000] {dagbag.py:538} INFO - Filling up the DagBag from /home/airflow/.local/lib/python3.8/site-packages/airflow/example_dags/plugins/event_listener.py
[2025-11-10T09:38:30.000+0000] {processor.py:842} WARNING - No viable dags retrieved from /home/airflow/.local/lib/python3.8/site-packages/airflow/example_dags/plugins/event_listener.py
[2025-11-10T09:38:30.016+0000] {processor.py:183} INFO - Processing /home/airflow/.local/lib/python3.8/site-packages/airflow/example_dags/plugins/event_listener.py took 0.029 seconds
[2025-11-10T09:39:00.477+0000] {processor.py:161} INFO - Started process (PID=13092) to work on /home/airflow/.local/lib/python3.8/site-packages/airflow/example_dags/plugins/event_listener.py
[2025-11-10T09:39:00.479+0000] {processor.py:830} INFO - Processing file /home/airflow/.local/lib/python3.8/site-packages/airflow/example_dags/plugins/event_listener.py for tasks to queue
[2025-11-10T09:39:00.480+0000] {logging_mixin.py:188} INFO - [2025-11-10T09:39:00.480+0000] {dagbag.py:538} INFO - Filling up the DagBag from /home/airflow/.local/lib/python3.8/site-packages/airflow/example_dags/plugins/event_listener.py
[2025-11-10T09:39:00.484+0000] {processor.py:842} WARNING - No viable dags retrieved from /home/airflow/.local/lib/python3.8/site-packages/airflow/example_dags/plugins/event_listener.py
[2025-11-10T09:39:00.502+0000] {processor.py:183} INFO - Processing /home/airflow/.local/lib/python3.8/site-packages/airflow/example_dags/plugins/event_listener.py took 0.031 seconds
[2025-11-10T09:39:30.550+0000] {processor.py:161} INFO - Started process (PID=13150) to work on /home/airflow/.local/lib/python3.8/site-packages/airflow/example_dags/plugins/event_listener.py
[2025-11-10T09:39:30.551+0000] {processor.py:830} INFO - Processing file /home/airflow/.local/lib/python3.8/site-packages/airflow/example_dags/plugins/event_listener.py for tasks to queue
[2025-11-10T09:39:30.553+0000] {logging_mixin.py:188} INFO - [2025-11-10T09:39:30.552+0000] {dagbag.py:538} INFO - Filling up the DagBag from /home/airflow/.local/lib/python3.8/site-packages/airflow/example_dags/plugins/event_listener.py
[2025-11-10T09:39:30.556+0000] {processor.py:842} WARNING - No viable dags retrieved from /home/airflow/.local/lib/python3.8/site-packages/airflow/example_dags/plugins/event_listener.py
[2025-11-10T09:39:30.575+0000] {processor.py:183} INFO - Processing /home/airflow/.local/lib/python3.8/site-packages/airflow/example_dags/plugins/event_listener.py took 0.029 seconds
[2025-11-10T09:40:00.992+0000] {processor.py:161} INFO - Started process (PID=13208) to work on /home/airflow/.local/lib/python3.8/site-packages/airflow/example_dags/plugins/event_listener.py
[2025-11-10T09:40:00.993+0000] {processor.py:830} INFO - Processing file /home/airflow/.local/lib/python3.8/site-packages/airflow/example_dags/plugins/event_listener.py for tasks to queue
[2025-11-10T09:40:00.995+0000] {logging_mixin.py:188} INFO - [2025-11-10T09:40:00.994+0000] {dagbag.py:538} INFO - Filling up the DagBag from /home/airflow/.local/lib/python3.8/site-packages/airflow/example_dags/plugins/event_listener.py
[2025-11-10T09:40:00.998+0000] {processor.py:842} WARNING - No viable dags retrieved from /home/airflow/.local/lib/python3.8/site-packages/airflow/example_dags/plugins/event_listener.py
[2025-11-10T09:40:01.016+0000] {processor.py:183} INFO - Processing /home/airflow/.local/lib/python3.8/site-packages/airflow/example_dags/plugins/event_listener.py took 0.029 seconds
[2025-11-10T09:40:31.597+0000] {processor.py:161} INFO - Started process (PID=13270) to work on /home/airflow/.local/lib/python3.8/site-packages/airflow/example_dags/plugins/event_listener.py
[2025-11-10T09:40:31.599+0000] {processor.py:830} INFO - Processing file /home/airflow/.local/lib/python3.8/site-packages/airflow/example_dags/plugins/event_listener.py for tasks to queue
[2025-11-10T09:40:31.600+0000] {logging_mixin.py:188} INFO - [2025-11-10T09:40:31.600+0000] {dagbag.py:538} INFO - Filling up the DagBag from /home/airflow/.local/lib/python3.8/site-packages/airflow/example_dags/plugins/event_listener.py
[2025-11-10T09:40:31.604+0000] {processor.py:842} WARNING - No viable dags retrieved from /home/airflow/.local/lib/python3.8/site-packages/airflow/example_dags/plugins/event_listener.py
[2025-11-10T09:40:31.627+0000] {processor.py:183} INFO - Processing /home/airflow/.local/lib/python3.8/site-packages/airflow/example_dags/plugins/event_listener.py took 0.035 seconds
[2025-11-10T09:41:02.467+0000] {processor.py:161} INFO - Started process (PID=13329) to work on /home/airflow/.local/lib/python3.8/site-packages/airflow/example_dags/plugins/event_listener.py
[2025-11-10T09:41:02.469+0000] {processor.py:830} INFO - Processing file /home/airflow/.local/lib/python3.8/site-packages/airflow/example_dags/plugins/event_listener.py for tasks to queue
[2025-11-10T09:41:02.471+0000] {logging_mixin.py:188} INFO - [2025-11-10T09:41:02.471+0000] {dagbag.py:538} INFO - Filling up the DagBag from /home/airflow/.local/lib/python3.8/site-packages/airflow/example_dags/plugins/event_listener.py
[2025-11-10T09:41:02.476+0000] {processor.py:842} WARNING - No viable dags retrieved from /home/airflow/.local/lib/python3.8/site-packages/airflow/example_dags/plugins/event_listener.py
[2025-11-10T09:41:02.500+0000] {processor.py:183} INFO - Processing /home/airflow/.local/lib/python3.8/site-packages/airflow/example_dags/plugins/event_listener.py took 0.039 seconds
[2025-11-10T09:41:33.445+0000] {processor.py:161} INFO - Started process (PID=13388) to work on /home/airflow/.local/lib/python3.8/site-packages/airflow/example_dags/plugins/event_listener.py
[2025-11-10T09:41:33.447+0000] {processor.py:830} INFO - Processing file /home/airflow/.local/lib/python3.8/site-packages/airflow/example_dags/plugins/event_listener.py for tasks to queue
[2025-11-10T09:41:33.449+0000] {logging_mixin.py:188} INFO - [2025-11-10T09:41:33.449+0000] {dagbag.py:538} INFO - Filling up the DagBag from /home/airflow/.local/lib/python3.8/site-packages/airflow/example_dags/plugins/event_listener.py
[2025-11-10T09:41:33.453+0000] {processor.py:842} WARNING - No viable dags retrieved from /home/airflow/.local/lib/python3.8/site-packages/airflow/example_dags/plugins/event_listener.py
[2025-11-10T09:41:33.473+0000] {processor.py:183} INFO - Processing /home/airflow/.local/lib/python3.8/site-packages/airflow/example_dags/plugins/event_listener.py took 0.033 seconds
[2025-11-10T09:42:04.005+0000] {processor.py:161} INFO - Started process (PID=13447) to work on /home/airflow/.local/lib/python3.8/site-packages/airflow/example_dags/plugins/event_listener.py
[2025-11-10T09:42:04.007+0000] {processor.py:830} INFO - Processing file /home/airflow/.local/lib/python3.8/site-packages/airflow/example_dags/plugins/event_listener.py for tasks to queue
[2025-11-10T09:42:04.008+0000] {logging_mixin.py:188} INFO - [2025-11-10T09:42:04.008+0000] {dagbag.py:538} INFO - Filling up the DagBag from /home/airflow/.local/lib/python3.8/site-packages/airflow/example_dags/plugins/event_listener.py
[2025-11-10T09:42:04.013+0000] {processor.py:842} WARNING - No viable dags retrieved from /home/airflow/.local/lib/python3.8/site-packages/airflow/example_dags/plugins/event_listener.py
[2025-11-10T09:42:04.037+0000] {processor.py:183} INFO - Processing /home/airflow/.local/lib/python3.8/site-packages/airflow/example_dags/plugins/event_listener.py took 0.038 seconds
[2025-11-10T09:42:34.503+0000] {processor.py:161} INFO - Started process (PID=13506) to work on /home/airflow/.local/lib/python3.8/site-packages/airflow/example_dags/plugins/event_listener.py
[2025-11-10T09:42:34.504+0000] {processor.py:830} INFO - Processing file /home/airflow/.local/lib/python3.8/site-packages/airflow/example_dags/plugins/event_listener.py for tasks to queue
[2025-11-10T09:42:34.506+0000] {logging_mixin.py:188} INFO - [2025-11-10T09:42:34.505+0000] {dagbag.py:538} INFO - Filling up the DagBag from /home/airflow/.local/lib/python3.8/site-packages/airflow/example_dags/plugins/event_listener.py
[2025-11-10T09:42:34.510+0000] {processor.py:842} WARNING - No viable dags retrieved from /home/airflow/.local/lib/python3.8/site-packages/airflow/example_dags/plugins/event_listener.py
[2025-11-10T09:42:34.531+0000] {processor.py:183} INFO - Processing /home/airflow/.local/lib/python3.8/site-packages/airflow/example_dags/plugins/event_listener.py took 0.033 seconds
[2025-11-10T09:43:04.701+0000] {processor.py:161} INFO - Started process (PID=13565) to work on /home/airflow/.local/lib/python3.8/site-packages/airflow/example_dags/plugins/event_listener.py
[2025-11-10T09:43:04.702+0000] {processor.py:830} INFO - Processing file /home/airflow/.local/lib/python3.8/site-packages/airflow/example_dags/plugins/event_listener.py for tasks to queue
[2025-11-10T09:43:04.704+0000] {logging_mixin.py:188} INFO - [2025-11-10T09:43:04.704+0000] {dagbag.py:538} INFO - Filling up the DagBag from /home/airflow/.local/lib/python3.8/site-packages/airflow/example_dags/plugins/event_listener.py
[2025-11-10T09:43:04.708+0000] {processor.py:842} WARNING - No viable dags retrieved from /home/airflow/.local/lib/python3.8/site-packages/airflow/example_dags/plugins/event_listener.py
[2025-11-10T09:43:04.725+0000] {processor.py:183} INFO - Processing /home/airflow/.local/lib/python3.8/site-packages/airflow/example_dags/plugins/event_listener.py took 0.029 seconds
[2025-11-10T09:43:35.183+0000] {processor.py:161} INFO - Started process (PID=13624) to work on /home/airflow/.local/lib/python3.8/site-packages/airflow/example_dags/plugins/event_listener.py
[2025-11-10T09:43:35.185+0000] {processor.py:830} INFO - Processing file /home/airflow/.local/lib/python3.8/site-packages/airflow/example_dags/plugins/event_listener.py for tasks to queue
[2025-11-10T09:43:35.186+0000] {logging_mixin.py:188} INFO - [2025-11-10T09:43:35.186+0000] {dagbag.py:538} INFO - Filling up the DagBag from /home/airflow/.local/lib/python3.8/site-packages/airflow/example_dags/plugins/event_listener.py
[2025-11-10T09:43:35.190+0000] {processor.py:842} WARNING - No viable dags retrieved from /home/airflow/.local/lib/python3.8/site-packages/airflow/example_dags/plugins/event_listener.py
[2025-11-10T09:43:35.207+0000] {processor.py:183} INFO - Processing /home/airflow/.local/lib/python3.8/site-packages/airflow/example_dags/plugins/event_listener.py took 0.029 seconds
[2025-11-10T09:44:05.566+0000] {processor.py:161} INFO - Started process (PID=13683) to work on /home/airflow/.local/lib/python3.8/site-packages/airflow/example_dags/plugins/event_listener.py
[2025-11-10T09:44:05.567+0000] {processor.py:830} INFO - Processing file /home/airflow/.local/lib/python3.8/site-packages/airflow/example_dags/plugins/event_listener.py for tasks to queue
[2025-11-10T09:44:05.569+0000] {logging_mixin.py:188} INFO - [2025-11-10T09:44:05.568+0000] {dagbag.py:538} INFO - Filling up the DagBag from /home/airflow/.local/lib/python3.8/site-packages/airflow/example_dags/plugins/event_listener.py
[2025-11-10T09:44:05.572+0000] {processor.py:842} WARNING - No viable dags retrieved from /home/airflow/.local/lib/python3.8/site-packages/airflow/example_dags/plugins/event_listener.py
[2025-11-10T09:44:05.589+0000] {processor.py:183} INFO - Processing /home/airflow/.local/lib/python3.8/site-packages/airflow/example_dags/plugins/event_listener.py took 0.028 seconds
[2025-11-10T09:44:35.927+0000] {processor.py:161} INFO - Started process (PID=13742) to work on /home/airflow/.local/lib/python3.8/site-packages/airflow/example_dags/plugins/event_listener.py
[2025-11-10T09:44:35.929+0000] {processor.py:830} INFO - Processing file /home/airflow/.local/lib/python3.8/site-packages/airflow/example_dags/plugins/event_listener.py for tasks to queue
[2025-11-10T09:44:35.930+0000] {logging_mixin.py:188} INFO - [2025-11-10T09:44:35.930+0000] {dagbag.py:538} INFO - Filling up the DagBag from /home/airflow/.local/lib/python3.8/site-packages/airflow/example_dags/plugins/event_listener.py
[2025-11-10T09:44:35.935+0000] {processor.py:842} WARNING - No viable dags retrieved from /home/airflow/.local/lib/python3.8/site-packages/airflow/example_dags/plugins/event_listener.py
[2025-11-10T09:44:35.951+0000] {processor.py:183} INFO - Processing /home/airflow/.local/lib/python3.8/site-packages/airflow/example_dags/plugins/event_listener.py took 0.028 seconds
[2025-11-10T09:45:06.206+0000] {processor.py:161} INFO - Started process (PID=13801) to work on /home/airflow/.local/lib/python3.8/site-packages/airflow/example_dags/plugins/event_listener.py
[2025-11-10T09:45:06.208+0000] {processor.py:830} INFO - Processing file /home/airflow/.local/lib/python3.8/site-packages/airflow/example_dags/plugins/event_listener.py for tasks to queue
[2025-11-10T09:45:06.209+0000] {logging_mixin.py:188} INFO - [2025-11-10T09:45:06.209+0000] {dagbag.py:538} INFO - Filling up the DagBag from /home/airflow/.local/lib/python3.8/site-packages/airflow/example_dags/plugins/event_listener.py
[2025-11-10T09:45:06.212+0000] {processor.py:842} WARNING - No viable dags retrieved from /home/airflow/.local/lib/python3.8/site-packages/airflow/example_dags/plugins/event_listener.py
[2025-11-10T09:45:06.233+0000] {processor.py:183} INFO - Processing /home/airflow/.local/lib/python3.8/site-packages/airflow/example_dags/plugins/event_listener.py took 0.031 seconds
[2025-11-10T09:45:36.812+0000] {processor.py:161} INFO - Started process (PID=13860) to work on /home/airflow/.local/lib/python3.8/site-packages/airflow/example_dags/plugins/event_listener.py
[2025-11-10T09:45:36.814+0000] {processor.py:830} INFO - Processing file /home/airflow/.local/lib/python3.8/site-packages/airflow/example_dags/plugins/event_listener.py for tasks to queue
[2025-11-10T09:45:36.815+0000] {logging_mixin.py:188} INFO - [2025-11-10T09:45:36.815+0000] {dagbag.py:538} INFO - Filling up the DagBag from /home/airflow/.local/lib/python3.8/site-packages/airflow/example_dags/plugins/event_listener.py
[2025-11-10T09:45:36.820+0000] {processor.py:842} WARNING - No viable dags retrieved from /home/airflow/.local/lib/python3.8/site-packages/airflow/example_dags/plugins/event_listener.py
[2025-11-10T09:45:36.839+0000] {processor.py:183} INFO - Processing /home/airflow/.local/lib/python3.8/site-packages/airflow/example_dags/plugins/event_listener.py took 0.032 seconds
[2025-11-10T09:46:07.523+0000] {processor.py:161} INFO - Started process (PID=13919) to work on /home/airflow/.local/lib/python3.8/site-packages/airflow/example_dags/plugins/event_listener.py
[2025-11-10T09:46:07.530+0000] {processor.py:830} INFO - Processing file /home/airflow/.local/lib/python3.8/site-packages/airflow/example_dags/plugins/event_listener.py for tasks to queue
[2025-11-10T09:46:07.532+0000] {logging_mixin.py:188} INFO - [2025-11-10T09:46:07.531+0000] {dagbag.py:538} INFO - Filling up the DagBag from /home/airflow/.local/lib/python3.8/site-packages/airflow/example_dags/plugins/event_listener.py
[2025-11-10T09:46:07.536+0000] {processor.py:842} WARNING - No viable dags retrieved from /home/airflow/.local/lib/python3.8/site-packages/airflow/example_dags/plugins/event_listener.py
[2025-11-10T09:46:07.563+0000] {processor.py:183} INFO - Processing /home/airflow/.local/lib/python3.8/site-packages/airflow/example_dags/plugins/event_listener.py took 0.046 seconds
[2025-11-10T09:46:38.139+0000] {processor.py:161} INFO - Started process (PID=13976) to work on /home/airflow/.local/lib/python3.8/site-packages/airflow/example_dags/plugins/event_listener.py
[2025-11-10T09:46:38.141+0000] {processor.py:830} INFO - Processing file /home/airflow/.local/lib/python3.8/site-packages/airflow/example_dags/plugins/event_listener.py for tasks to queue
[2025-11-10T09:46:38.142+0000] {logging_mixin.py:188} INFO - [2025-11-10T09:46:38.142+0000] {dagbag.py:538} INFO - Filling up the DagBag from /home/airflow/.local/lib/python3.8/site-packages/airflow/example_dags/plugins/event_listener.py
[2025-11-10T09:46:38.146+0000] {processor.py:842} WARNING - No viable dags retrieved from /home/airflow/.local/lib/python3.8/site-packages/airflow/example_dags/plugins/event_listener.py
[2025-11-10T09:46:38.169+0000] {processor.py:183} INFO - Processing /home/airflow/.local/lib/python3.8/site-packages/airflow/example_dags/plugins/event_listener.py took 0.036 seconds
[2025-11-10T09:47:08.491+0000] {processor.py:161} INFO - Started process (PID=14035) to work on /home/airflow/.local/lib/python3.8/site-packages/airflow/example_dags/plugins/event_listener.py
[2025-11-10T09:47:08.493+0000] {processor.py:830} INFO - Processing file /home/airflow/.local/lib/python3.8/site-packages/airflow/example_dags/plugins/event_listener.py for tasks to queue
[2025-11-10T09:47:08.494+0000] {logging_mixin.py:188} INFO - [2025-11-10T09:47:08.494+0000] {dagbag.py:538} INFO - Filling up the DagBag from /home/airflow/.local/lib/python3.8/site-packages/airflow/example_dags/plugins/event_listener.py
[2025-11-10T09:47:08.498+0000] {processor.py:842} WARNING - No viable dags retrieved from /home/airflow/.local/lib/python3.8/site-packages/airflow/example_dags/plugins/event_listener.py
[2025-11-10T09:47:08.520+0000] {processor.py:183} INFO - Processing /home/airflow/.local/lib/python3.8/site-packages/airflow/example_dags/plugins/event_listener.py took 0.033 seconds
[2025-11-10T09:47:39.270+0000] {processor.py:161} INFO - Started process (PID=14094) to work on /home/airflow/.local/lib/python3.8/site-packages/airflow/example_dags/plugins/event_listener.py
[2025-11-10T09:47:39.272+0000] {processor.py:830} INFO - Processing file /home/airflow/.local/lib/python3.8/site-packages/airflow/example_dags/plugins/event_listener.py for tasks to queue
[2025-11-10T09:47:39.274+0000] {logging_mixin.py:188} INFO - [2025-11-10T09:47:39.273+0000] {dagbag.py:538} INFO - Filling up the DagBag from /home/airflow/.local/lib/python3.8/site-packages/airflow/example_dags/plugins/event_listener.py
[2025-11-10T09:47:39.280+0000] {processor.py:842} WARNING - No viable dags retrieved from /home/airflow/.local/lib/python3.8/site-packages/airflow/example_dags/plugins/event_listener.py
[2025-11-10T09:47:39.303+0000] {processor.py:183} INFO - Processing /home/airflow/.local/lib/python3.8/site-packages/airflow/example_dags/plugins/event_listener.py took 0.040 seconds
[2025-11-10T09:48:09.882+0000] {processor.py:161} INFO - Started process (PID=14153) to work on /home/airflow/.local/lib/python3.8/site-packages/airflow/example_dags/plugins/event_listener.py
[2025-11-10T09:48:09.884+0000] {processor.py:830} INFO - Processing file /home/airflow/.local/lib/python3.8/site-packages/airflow/example_dags/plugins/event_listener.py for tasks to queue
[2025-11-10T09:48:09.885+0000] {logging_mixin.py:188} INFO - [2025-11-10T09:48:09.885+0000] {dagbag.py:538} INFO - Filling up the DagBag from /home/airflow/.local/lib/python3.8/site-packages/airflow/example_dags/plugins/event_listener.py
[2025-11-10T09:48:09.889+0000] {processor.py:842} WARNING - No viable dags retrieved from /home/airflow/.local/lib/python3.8/site-packages/airflow/example_dags/plugins/event_listener.py
[2025-11-10T09:48:09.907+0000] {processor.py:183} INFO - Processing /home/airflow/.local/lib/python3.8/site-packages/airflow/example_dags/plugins/event_listener.py took 0.030 seconds
[2025-11-10T09:48:40.222+0000] {processor.py:161} INFO - Started process (PID=14212) to work on /home/airflow/.local/lib/python3.8/site-packages/airflow/example_dags/plugins/event_listener.py
[2025-11-10T09:48:40.224+0000] {processor.py:830} INFO - Processing file /home/airflow/.local/lib/python3.8/site-packages/airflow/example_dags/plugins/event_listener.py for tasks to queue
[2025-11-10T09:48:40.227+0000] {logging_mixin.py:188} INFO - [2025-11-10T09:48:40.226+0000] {dagbag.py:538} INFO - Filling up the DagBag from /home/airflow/.local/lib/python3.8/site-packages/airflow/example_dags/plugins/event_listener.py
[2025-11-10T09:48:40.234+0000] {processor.py:842} WARNING - No viable dags retrieved from /home/airflow/.local/lib/python3.8/site-packages/airflow/example_dags/plugins/event_listener.py
[2025-11-10T09:48:40.271+0000] {processor.py:183} INFO - Processing /home/airflow/.local/lib/python3.8/site-packages/airflow/example_dags/plugins/event_listener.py took 0.058 seconds
[2025-11-10T09:49:10.619+0000] {processor.py:161} INFO - Started process (PID=14271) to work on /home/airflow/.local/lib/python3.8/site-packages/airflow/example_dags/plugins/event_listener.py
[2025-11-10T09:49:10.621+0000] {processor.py:830} INFO - Processing file /home/airflow/.local/lib/python3.8/site-packages/airflow/example_dags/plugins/event_listener.py for tasks to queue
[2025-11-10T09:49:10.622+0000] {logging_mixin.py:188} INFO - [2025-11-10T09:49:10.622+0000] {dagbag.py:538} INFO - Filling up the DagBag from /home/airflow/.local/lib/python3.8/site-packages/airflow/example_dags/plugins/event_listener.py
[2025-11-10T09:49:10.625+0000] {processor.py:842} WARNING - No viable dags retrieved from /home/airflow/.local/lib/python3.8/site-packages/airflow/example_dags/plugins/event_listener.py
[2025-11-10T09:49:10.641+0000] {processor.py:183} INFO - Processing /home/airflow/.local/lib/python3.8/site-packages/airflow/example_dags/plugins/event_listener.py took 0.027 seconds
[2025-11-10T09:49:41.115+0000] {processor.py:161} INFO - Started process (PID=14330) to work on /home/airflow/.local/lib/python3.8/site-packages/airflow/example_dags/plugins/event_listener.py
[2025-11-10T09:49:41.117+0000] {processor.py:830} INFO - Processing file /home/airflow/.local/lib/python3.8/site-packages/airflow/example_dags/plugins/event_listener.py for tasks to queue
[2025-11-10T09:49:41.119+0000] {logging_mixin.py:188} INFO - [2025-11-10T09:49:41.118+0000] {dagbag.py:538} INFO - Filling up the DagBag from /home/airflow/.local/lib/python3.8/site-packages/airflow/example_dags/plugins/event_listener.py
[2025-11-10T09:49:41.123+0000] {processor.py:842} WARNING - No viable dags retrieved from /home/airflow/.local/lib/python3.8/site-packages/airflow/example_dags/plugins/event_listener.py
[2025-11-10T09:49:41.147+0000] {processor.py:183} INFO - Processing /home/airflow/.local/lib/python3.8/site-packages/airflow/example_dags/plugins/event_listener.py took 0.038 seconds
[2025-11-10T09:50:11.505+0000] {processor.py:161} INFO - Started process (PID=14389) to work on /home/airflow/.local/lib/python3.8/site-packages/airflow/example_dags/plugins/event_listener.py
[2025-11-10T09:50:11.506+0000] {processor.py:830} INFO - Processing file /home/airflow/.local/lib/python3.8/site-packages/airflow/example_dags/plugins/event_listener.py for tasks to queue
[2025-11-10T09:50:11.508+0000] {logging_mixin.py:188} INFO - [2025-11-10T09:50:11.507+0000] {dagbag.py:538} INFO - Filling up the DagBag from /home/airflow/.local/lib/python3.8/site-packages/airflow/example_dags/plugins/event_listener.py
[2025-11-10T09:50:11.511+0000] {processor.py:842} WARNING - No viable dags retrieved from /home/airflow/.local/lib/python3.8/site-packages/airflow/example_dags/plugins/event_listener.py
[2025-11-10T09:50:11.529+0000] {processor.py:183} INFO - Processing /home/airflow/.local/lib/python3.8/site-packages/airflow/example_dags/plugins/event_listener.py took 0.028 seconds
[2025-11-10T09:50:42.271+0000] {processor.py:161} INFO - Started process (PID=14448) to work on /home/airflow/.local/lib/python3.8/site-packages/airflow/example_dags/plugins/event_listener.py
[2025-11-10T09:50:42.273+0000] {processor.py:830} INFO - Processing file /home/airflow/.local/lib/python3.8/site-packages/airflow/example_dags/plugins/event_listener.py for tasks to queue
[2025-11-10T09:50:42.276+0000] {logging_mixin.py:188} INFO - [2025-11-10T09:50:42.275+0000] {dagbag.py:538} INFO - Filling up the DagBag from /home/airflow/.local/lib/python3.8/site-packages/airflow/example_dags/plugins/event_listener.py
[2025-11-10T09:50:42.281+0000] {processor.py:842} WARNING - No viable dags retrieved from /home/airflow/.local/lib/python3.8/site-packages/airflow/example_dags/plugins/event_listener.py
[2025-11-10T09:50:42.311+0000] {processor.py:183} INFO - Processing /home/airflow/.local/lib/python3.8/site-packages/airflow/example_dags/plugins/event_listener.py took 0.058 seconds
[2025-11-10T09:51:12.976+0000] {processor.py:161} INFO - Started process (PID=14507) to work on /home/airflow/.local/lib/python3.8/site-packages/airflow/example_dags/plugins/event_listener.py
[2025-11-10T09:51:12.978+0000] {processor.py:830} INFO - Processing file /home/airflow/.local/lib/python3.8/site-packages/airflow/example_dags/plugins/event_listener.py for tasks to queue
[2025-11-10T09:51:12.980+0000] {logging_mixin.py:188} INFO - [2025-11-10T09:51:12.979+0000] {dagbag.py:538} INFO - Filling up the DagBag from /home/airflow/.local/lib/python3.8/site-packages/airflow/example_dags/plugins/event_listener.py
[2025-11-10T09:51:12.986+0000] {processor.py:842} WARNING - No viable dags retrieved from /home/airflow/.local/lib/python3.8/site-packages/airflow/example_dags/plugins/event_listener.py
[2025-11-10T09:51:13.007+0000] {processor.py:183} INFO - Processing /home/airflow/.local/lib/python3.8/site-packages/airflow/example_dags/plugins/event_listener.py took 0.036 seconds
[2025-11-10T09:51:43.222+0000] {processor.py:161} INFO - Started process (PID=14566) to work on /home/airflow/.local/lib/python3.8/site-packages/airflow/example_dags/plugins/event_listener.py
[2025-11-10T09:51:43.224+0000] {processor.py:830} INFO - Processing file /home/airflow/.local/lib/python3.8/site-packages/airflow/example_dags/plugins/event_listener.py for tasks to queue
[2025-11-10T09:51:43.226+0000] {logging_mixin.py:188} INFO - [2025-11-10T09:51:43.225+0000] {dagbag.py:538} INFO - Filling up the DagBag from /home/airflow/.local/lib/python3.8/site-packages/airflow/example_dags/plugins/event_listener.py
[2025-11-10T09:51:43.230+0000] {processor.py:842} WARNING - No viable dags retrieved from /home/airflow/.local/lib/python3.8/site-packages/airflow/example_dags/plugins/event_listener.py
[2025-11-10T09:51:43.255+0000] {processor.py:183} INFO - Processing /home/airflow/.local/lib/python3.8/site-packages/airflow/example_dags/plugins/event_listener.py took 0.040 seconds
[2025-11-10T09:52:13.648+0000] {processor.py:161} INFO - Started process (PID=14625) to work on /home/airflow/.local/lib/python3.8/site-packages/airflow/example_dags/plugins/event_listener.py
[2025-11-10T09:52:13.650+0000] {processor.py:830} INFO - Processing file /home/airflow/.local/lib/python3.8/site-packages/airflow/example_dags/plugins/event_listener.py for tasks to queue
[2025-11-10T09:52:13.651+0000] {logging_mixin.py:188} INFO - [2025-11-10T09:52:13.651+0000] {dagbag.py:538} INFO - Filling up the DagBag from /home/airflow/.local/lib/python3.8/site-packages/airflow/example_dags/plugins/event_listener.py
[2025-11-10T09:52:13.654+0000] {processor.py:842} WARNING - No viable dags retrieved from /home/airflow/.local/lib/python3.8/site-packages/airflow/example_dags/plugins/event_listener.py
[2025-11-10T09:52:13.671+0000] {processor.py:183} INFO - Processing /home/airflow/.local/lib/python3.8/site-packages/airflow/example_dags/plugins/event_listener.py took 0.028 seconds
[2025-11-10T09:52:44.396+0000] {processor.py:161} INFO - Started process (PID=14684) to work on /home/airflow/.local/lib/python3.8/site-packages/airflow/example_dags/plugins/event_listener.py
[2025-11-10T09:52:44.397+0000] {processor.py:830} INFO - Processing file /home/airflow/.local/lib/python3.8/site-packages/airflow/example_dags/plugins/event_listener.py for tasks to queue
[2025-11-10T09:52:44.399+0000] {logging_mixin.py:188} INFO - [2025-11-10T09:52:44.398+0000] {dagbag.py:538} INFO - Filling up the DagBag from /home/airflow/.local/lib/python3.8/site-packages/airflow/example_dags/plugins/event_listener.py
[2025-11-10T09:52:44.402+0000] {processor.py:842} WARNING - No viable dags retrieved from /home/airflow/.local/lib/python3.8/site-packages/airflow/example_dags/plugins/event_listener.py
[2025-11-10T09:52:44.420+0000] {processor.py:183} INFO - Processing /home/airflow/.local/lib/python3.8/site-packages/airflow/example_dags/plugins/event_listener.py took 0.029 seconds
[2025-11-10T09:53:14.919+0000] {processor.py:161} INFO - Started process (PID=14743) to work on /home/airflow/.local/lib/python3.8/site-packages/airflow/example_dags/plugins/event_listener.py
[2025-11-10T09:53:14.922+0000] {processor.py:830} INFO - Processing file /home/airflow/.local/lib/python3.8/site-packages/airflow/example_dags/plugins/event_listener.py for tasks to queue
[2025-11-10T09:53:14.924+0000] {logging_mixin.py:188} INFO - [2025-11-10T09:53:14.923+0000] {dagbag.py:538} INFO - Filling up the DagBag from /home/airflow/.local/lib/python3.8/site-packages/airflow/example_dags/plugins/event_listener.py
[2025-11-10T09:53:14.928+0000] {processor.py:842} WARNING - No viable dags retrieved from /home/airflow/.local/lib/python3.8/site-packages/airflow/example_dags/plugins/event_listener.py
[2025-11-10T09:53:14.946+0000] {processor.py:183} INFO - Processing /home/airflow/.local/lib/python3.8/site-packages/airflow/example_dags/plugins/event_listener.py took 0.030 seconds
[2025-11-10T09:53:45.627+0000] {processor.py:161} INFO - Started process (PID=14803) to work on /home/airflow/.local/lib/python3.8/site-packages/airflow/example_dags/plugins/event_listener.py
[2025-11-10T09:53:45.628+0000] {processor.py:830} INFO - Processing file /home/airflow/.local/lib/python3.8/site-packages/airflow/example_dags/plugins/event_listener.py for tasks to queue
[2025-11-10T09:53:45.630+0000] {logging_mixin.py:188} INFO - [2025-11-10T09:53:45.630+0000] {dagbag.py:538} INFO - Filling up the DagBag from /home/airflow/.local/lib/python3.8/site-packages/airflow/example_dags/plugins/event_listener.py
[2025-11-10T09:53:45.633+0000] {processor.py:842} WARNING - No viable dags retrieved from /home/airflow/.local/lib/python3.8/site-packages/airflow/example_dags/plugins/event_listener.py
[2025-11-10T09:53:45.653+0000] {processor.py:183} INFO - Processing /home/airflow/.local/lib/python3.8/site-packages/airflow/example_dags/plugins/event_listener.py took 0.030 seconds
[2025-11-10T09:54:16.501+0000] {processor.py:161} INFO - Started process (PID=14862) to work on /home/airflow/.local/lib/python3.8/site-packages/airflow/example_dags/plugins/event_listener.py
[2025-11-10T09:54:16.502+0000] {processor.py:830} INFO - Processing file /home/airflow/.local/lib/python3.8/site-packages/airflow/example_dags/plugins/event_listener.py for tasks to queue
[2025-11-10T09:54:16.504+0000] {logging_mixin.py:188} INFO - [2025-11-10T09:54:16.503+0000] {dagbag.py:538} INFO - Filling up the DagBag from /home/airflow/.local/lib/python3.8/site-packages/airflow/example_dags/plugins/event_listener.py
[2025-11-10T09:54:16.507+0000] {processor.py:842} WARNING - No viable dags retrieved from /home/airflow/.local/lib/python3.8/site-packages/airflow/example_dags/plugins/event_listener.py
[2025-11-10T09:54:16.527+0000] {processor.py:183} INFO - Processing /home/airflow/.local/lib/python3.8/site-packages/airflow/example_dags/plugins/event_listener.py took 0.031 seconds
[2025-11-10T09:54:47.479+0000] {processor.py:161} INFO - Started process (PID=14922) to work on /home/airflow/.local/lib/python3.8/site-packages/airflow/example_dags/plugins/event_listener.py
[2025-11-10T09:54:47.480+0000] {processor.py:830} INFO - Processing file /home/airflow/.local/lib/python3.8/site-packages/airflow/example_dags/plugins/event_listener.py for tasks to queue
[2025-11-10T09:54:47.482+0000] {logging_mixin.py:188} INFO - [2025-11-10T09:54:47.482+0000] {dagbag.py:538} INFO - Filling up the DagBag from /home/airflow/.local/lib/python3.8/site-packages/airflow/example_dags/plugins/event_listener.py
[2025-11-10T09:54:47.486+0000] {processor.py:842} WARNING - No viable dags retrieved from /home/airflow/.local/lib/python3.8/site-packages/airflow/example_dags/plugins/event_listener.py
[2025-11-10T09:54:47.505+0000] {processor.py:183} INFO - Processing /home/airflow/.local/lib/python3.8/site-packages/airflow/example_dags/plugins/event_listener.py took 0.031 seconds
[2025-11-10T09:55:18.464+0000] {processor.py:161} INFO - Started process (PID=14981) to work on /home/airflow/.local/lib/python3.8/site-packages/airflow/example_dags/plugins/event_listener.py
[2025-11-10T09:55:18.467+0000] {processor.py:830} INFO - Processing file /home/airflow/.local/lib/python3.8/site-packages/airflow/example_dags/plugins/event_listener.py for tasks to queue
[2025-11-10T09:55:18.469+0000] {logging_mixin.py:188} INFO - [2025-11-10T09:55:18.469+0000] {dagbag.py:538} INFO - Filling up the DagBag from /home/airflow/.local/lib/python3.8/site-packages/airflow/example_dags/plugins/event_listener.py
[2025-11-10T09:55:18.476+0000] {processor.py:842} WARNING - No viable dags retrieved from /home/airflow/.local/lib/python3.8/site-packages/airflow/example_dags/plugins/event_listener.py
[2025-11-10T09:55:18.514+0000] {processor.py:183} INFO - Processing /home/airflow/.local/lib/python3.8/site-packages/airflow/example_dags/plugins/event_listener.py took 0.060 seconds
[2025-11-10T09:55:48.769+0000] {processor.py:161} INFO - Started process (PID=15040) to work on /home/airflow/.local/lib/python3.8/site-packages/airflow/example_dags/plugins/event_listener.py
[2025-11-10T09:55:48.770+0000] {processor.py:830} INFO - Processing file /home/airflow/.local/lib/python3.8/site-packages/airflow/example_dags/plugins/event_listener.py for tasks to queue
[2025-11-10T09:55:48.772+0000] {logging_mixin.py:188} INFO - [2025-11-10T09:55:48.771+0000] {dagbag.py:538} INFO - Filling up the DagBag from /home/airflow/.local/lib/python3.8/site-packages/airflow/example_dags/plugins/event_listener.py
[2025-11-10T09:55:48.777+0000] {processor.py:842} WARNING - No viable dags retrieved from /home/airflow/.local/lib/python3.8/site-packages/airflow/example_dags/plugins/event_listener.py
[2025-11-10T09:55:48.814+0000] {processor.py:183} INFO - Processing /home/airflow/.local/lib/python3.8/site-packages/airflow/example_dags/plugins/event_listener.py took 0.055 seconds
[2025-11-10T09:56:19.573+0000] {processor.py:161} INFO - Started process (PID=15099) to work on /home/airflow/.local/lib/python3.8/site-packages/airflow/example_dags/plugins/event_listener.py
[2025-11-10T09:56:19.574+0000] {processor.py:830} INFO - Processing file /home/airflow/.local/lib/python3.8/site-packages/airflow/example_dags/plugins/event_listener.py for tasks to queue
[2025-11-10T09:56:19.576+0000] {logging_mixin.py:188} INFO - [2025-11-10T09:56:19.576+0000] {dagbag.py:538} INFO - Filling up the DagBag from /home/airflow/.local/lib/python3.8/site-packages/airflow/example_dags/plugins/event_listener.py
[2025-11-10T09:56:19.580+0000] {processor.py:842} WARNING - No viable dags retrieved from /home/airflow/.local/lib/python3.8/site-packages/airflow/example_dags/plugins/event_listener.py
[2025-11-10T09:56:19.598+0000] {processor.py:183} INFO - Processing /home/airflow/.local/lib/python3.8/site-packages/airflow/example_dags/plugins/event_listener.py took 0.031 seconds
[2025-11-10T09:56:50.022+0000] {processor.py:161} INFO - Started process (PID=15158) to work on /home/airflow/.local/lib/python3.8/site-packages/airflow/example_dags/plugins/event_listener.py
[2025-11-10T09:56:50.024+0000] {processor.py:830} INFO - Processing file /home/airflow/.local/lib/python3.8/site-packages/airflow/example_dags/plugins/event_listener.py for tasks to queue
[2025-11-10T09:56:50.026+0000] {logging_mixin.py:188} INFO - [2025-11-10T09:56:50.025+0000] {dagbag.py:538} INFO - Filling up the DagBag from /home/airflow/.local/lib/python3.8/site-packages/airflow/example_dags/plugins/event_listener.py
[2025-11-10T09:56:50.029+0000] {processor.py:842} WARNING - No viable dags retrieved from /home/airflow/.local/lib/python3.8/site-packages/airflow/example_dags/plugins/event_listener.py
[2025-11-10T09:56:50.049+0000] {processor.py:183} INFO - Processing /home/airflow/.local/lib/python3.8/site-packages/airflow/example_dags/plugins/event_listener.py took 0.032 seconds
[2025-11-10T09:57:20.762+0000] {processor.py:161} INFO - Started process (PID=15217) to work on /home/airflow/.local/lib/python3.8/site-packages/airflow/example_dags/plugins/event_listener.py
[2025-11-10T09:57:20.763+0000] {processor.py:830} INFO - Processing file /home/airflow/.local/lib/python3.8/site-packages/airflow/example_dags/plugins/event_listener.py for tasks to queue
[2025-11-10T09:57:20.765+0000] {logging_mixin.py:188} INFO - [2025-11-10T09:57:20.764+0000] {dagbag.py:538} INFO - Filling up the DagBag from /home/airflow/.local/lib/python3.8/site-packages/airflow/example_dags/plugins/event_listener.py
[2025-11-10T09:57:20.769+0000] {processor.py:842} WARNING - No viable dags retrieved from /home/airflow/.local/lib/python3.8/site-packages/airflow/example_dags/plugins/event_listener.py
[2025-11-10T09:57:20.798+0000] {processor.py:183} INFO - Processing /home/airflow/.local/lib/python3.8/site-packages/airflow/example_dags/plugins/event_listener.py took 0.042 seconds
[2025-11-10T09:57:51.822+0000] {processor.py:161} INFO - Started process (PID=15277) to work on /home/airflow/.local/lib/python3.8/site-packages/airflow/example_dags/plugins/event_listener.py
[2025-11-10T09:57:51.825+0000] {processor.py:830} INFO - Processing file /home/airflow/.local/lib/python3.8/site-packages/airflow/example_dags/plugins/event_listener.py for tasks to queue
[2025-11-10T09:57:51.830+0000] {logging_mixin.py:188} INFO - [2025-11-10T09:57:51.829+0000] {dagbag.py:538} INFO - Filling up the DagBag from /home/airflow/.local/lib/python3.8/site-packages/airflow/example_dags/plugins/event_listener.py
[2025-11-10T09:57:51.856+0000] {processor.py:842} WARNING - No viable dags retrieved from /home/airflow/.local/lib/python3.8/site-packages/airflow/example_dags/plugins/event_listener.py
[2025-11-10T09:57:51.914+0000] {processor.py:183} INFO - Processing /home/airflow/.local/lib/python3.8/site-packages/airflow/example_dags/plugins/event_listener.py took 0.122 seconds
[2025-11-10T09:58:22.909+0000] {processor.py:161} INFO - Started process (PID=15338) to work on /home/airflow/.local/lib/python3.8/site-packages/airflow/example_dags/plugins/event_listener.py
[2025-11-10T09:58:22.911+0000] {processor.py:830} INFO - Processing file /home/airflow/.local/lib/python3.8/site-packages/airflow/example_dags/plugins/event_listener.py for tasks to queue
[2025-11-10T09:58:22.913+0000] {logging_mixin.py:188} INFO - [2025-11-10T09:58:22.912+0000] {dagbag.py:538} INFO - Filling up the DagBag from /home/airflow/.local/lib/python3.8/site-packages/airflow/example_dags/plugins/event_listener.py
[2025-11-10T09:58:22.918+0000] {processor.py:842} WARNING - No viable dags retrieved from /home/airflow/.local/lib/python3.8/site-packages/airflow/example_dags/plugins/event_listener.py
[2025-11-10T09:58:22.942+0000] {processor.py:183} INFO - Processing /home/airflow/.local/lib/python3.8/site-packages/airflow/example_dags/plugins/event_listener.py took 0.041 seconds
[2025-11-10T09:58:53.440+0000] {processor.py:161} INFO - Started process (PID=15397) to work on /home/airflow/.local/lib/python3.8/site-packages/airflow/example_dags/plugins/event_listener.py
[2025-11-10T09:58:53.442+0000] {processor.py:830} INFO - Processing file /home/airflow/.local/lib/python3.8/site-packages/airflow/example_dags/plugins/event_listener.py for tasks to queue
[2025-11-10T09:58:53.444+0000] {logging_mixin.py:188} INFO - [2025-11-10T09:58:53.443+0000] {dagbag.py:538} INFO - Filling up the DagBag from /home/airflow/.local/lib/python3.8/site-packages/airflow/example_dags/plugins/event_listener.py
[2025-11-10T09:58:53.449+0000] {processor.py:842} WARNING - No viable dags retrieved from /home/airflow/.local/lib/python3.8/site-packages/airflow/example_dags/plugins/event_listener.py
[2025-11-10T09:58:53.473+0000] {processor.py:183} INFO - Processing /home/airflow/.local/lib/python3.8/site-packages/airflow/example_dags/plugins/event_listener.py took 0.039 seconds
[2025-11-10T09:59:23.845+0000] {processor.py:161} INFO - Started process (PID=15456) to work on /home/airflow/.local/lib/python3.8/site-packages/airflow/example_dags/plugins/event_listener.py
[2025-11-10T09:59:23.847+0000] {processor.py:830} INFO - Processing file /home/airflow/.local/lib/python3.8/site-packages/airflow/example_dags/plugins/event_listener.py for tasks to queue
[2025-11-10T09:59:23.849+0000] {logging_mixin.py:188} INFO - [2025-11-10T09:59:23.849+0000] {dagbag.py:538} INFO - Filling up the DagBag from /home/airflow/.local/lib/python3.8/site-packages/airflow/example_dags/plugins/event_listener.py
[2025-11-10T09:59:23.855+0000] {processor.py:842} WARNING - No viable dags retrieved from /home/airflow/.local/lib/python3.8/site-packages/airflow/example_dags/plugins/event_listener.py
[2025-11-10T09:59:23.902+0000] {processor.py:183} INFO - Processing /home/airflow/.local/lib/python3.8/site-packages/airflow/example_dags/plugins/event_listener.py took 0.064 seconds
[2025-11-10T09:59:55.012+0000] {processor.py:161} INFO - Started process (PID=15515) to work on /home/airflow/.local/lib/python3.8/site-packages/airflow/example_dags/plugins/event_listener.py
[2025-11-10T09:59:55.016+0000] {processor.py:830} INFO - Processing file /home/airflow/.local/lib/python3.8/site-packages/airflow/example_dags/plugins/event_listener.py for tasks to queue
[2025-11-10T09:59:55.021+0000] {logging_mixin.py:188} INFO - [2025-11-10T09:59:55.021+0000] {dagbag.py:538} INFO - Filling up the DagBag from /home/airflow/.local/lib/python3.8/site-packages/airflow/example_dags/plugins/event_listener.py
[2025-11-10T09:59:55.030+0000] {processor.py:842} WARNING - No viable dags retrieved from /home/airflow/.local/lib/python3.8/site-packages/airflow/example_dags/plugins/event_listener.py
[2025-11-10T09:59:55.070+0000] {processor.py:183} INFO - Processing /home/airflow/.local/lib/python3.8/site-packages/airflow/example_dags/plugins/event_listener.py took 0.068 seconds
[2025-11-10T10:00:25.967+0000] {processor.py:161} INFO - Started process (PID=15574) to work on /home/airflow/.local/lib/python3.8/site-packages/airflow/example_dags/plugins/event_listener.py
[2025-11-10T10:00:25.970+0000] {processor.py:830} INFO - Processing file /home/airflow/.local/lib/python3.8/site-packages/airflow/example_dags/plugins/event_listener.py for tasks to queue
[2025-11-10T10:00:25.972+0000] {logging_mixin.py:188} INFO - [2025-11-10T10:00:25.971+0000] {dagbag.py:538} INFO - Filling up the DagBag from /home/airflow/.local/lib/python3.8/site-packages/airflow/example_dags/plugins/event_listener.py
[2025-11-10T10:00:25.978+0000] {processor.py:842} WARNING - No viable dags retrieved from /home/airflow/.local/lib/python3.8/site-packages/airflow/example_dags/plugins/event_listener.py
[2025-11-10T10:00:26.013+0000] {processor.py:183} INFO - Processing /home/airflow/.local/lib/python3.8/site-packages/airflow/example_dags/plugins/event_listener.py took 0.055 seconds
[2025-11-10T10:00:56.180+0000] {processor.py:161} INFO - Started process (PID=15633) to work on /home/airflow/.local/lib/python3.8/site-packages/airflow/example_dags/plugins/event_listener.py
[2025-11-10T10:00:56.182+0000] {processor.py:830} INFO - Processing file /home/airflow/.local/lib/python3.8/site-packages/airflow/example_dags/plugins/event_listener.py for tasks to queue
[2025-11-10T10:00:56.184+0000] {logging_mixin.py:188} INFO - [2025-11-10T10:00:56.183+0000] {dagbag.py:538} INFO - Filling up the DagBag from /home/airflow/.local/lib/python3.8/site-packages/airflow/example_dags/plugins/event_listener.py
[2025-11-10T10:00:56.187+0000] {processor.py:842} WARNING - No viable dags retrieved from /home/airflow/.local/lib/python3.8/site-packages/airflow/example_dags/plugins/event_listener.py
[2025-11-10T10:00:56.209+0000] {processor.py:183} INFO - Processing /home/airflow/.local/lib/python3.8/site-packages/airflow/example_dags/plugins/event_listener.py took 0.033 seconds
[2025-11-10T10:01:26.594+0000] {processor.py:161} INFO - Started process (PID=15692) to work on /home/airflow/.local/lib/python3.8/site-packages/airflow/example_dags/plugins/event_listener.py
[2025-11-10T10:01:26.596+0000] {processor.py:830} INFO - Processing file /home/airflow/.local/lib/python3.8/site-packages/airflow/example_dags/plugins/event_listener.py for tasks to queue
[2025-11-10T10:01:26.598+0000] {logging_mixin.py:188} INFO - [2025-11-10T10:01:26.598+0000] {dagbag.py:538} INFO - Filling up the DagBag from /home/airflow/.local/lib/python3.8/site-packages/airflow/example_dags/plugins/event_listener.py
[2025-11-10T10:01:26.603+0000] {processor.py:842} WARNING - No viable dags retrieved from /home/airflow/.local/lib/python3.8/site-packages/airflow/example_dags/plugins/event_listener.py
[2025-11-10T10:01:26.625+0000] {processor.py:183} INFO - Processing /home/airflow/.local/lib/python3.8/site-packages/airflow/example_dags/plugins/event_listener.py took 0.036 seconds
[2025-11-10T10:01:57.114+0000] {processor.py:161} INFO - Started process (PID=15751) to work on /home/airflow/.local/lib/python3.8/site-packages/airflow/example_dags/plugins/event_listener.py
[2025-11-10T10:01:57.116+0000] {processor.py:830} INFO - Processing file /home/airflow/.local/lib/python3.8/site-packages/airflow/example_dags/plugins/event_listener.py for tasks to queue
[2025-11-10T10:01:57.118+0000] {logging_mixin.py:188} INFO - [2025-11-10T10:01:57.117+0000] {dagbag.py:538} INFO - Filling up the DagBag from /home/airflow/.local/lib/python3.8/site-packages/airflow/example_dags/plugins/event_listener.py
[2025-11-10T10:01:57.123+0000] {processor.py:842} WARNING - No viable dags retrieved from /home/airflow/.local/lib/python3.8/site-packages/airflow/example_dags/plugins/event_listener.py
[2025-11-10T10:01:57.152+0000] {processor.py:183} INFO - Processing /home/airflow/.local/lib/python3.8/site-packages/airflow/example_dags/plugins/event_listener.py took 0.044 seconds
[2025-11-10T10:02:27.989+0000] {processor.py:161} INFO - Started process (PID=15810) to work on /home/airflow/.local/lib/python3.8/site-packages/airflow/example_dags/plugins/event_listener.py
[2025-11-10T10:02:27.991+0000] {processor.py:830} INFO - Processing file /home/airflow/.local/lib/python3.8/site-packages/airflow/example_dags/plugins/event_listener.py for tasks to queue
[2025-11-10T10:02:27.994+0000] {logging_mixin.py:188} INFO - [2025-11-10T10:02:27.993+0000] {dagbag.py:538} INFO - Filling up the DagBag from /home/airflow/.local/lib/python3.8/site-packages/airflow/example_dags/plugins/event_listener.py
[2025-11-10T10:02:27.999+0000] {processor.py:842} WARNING - No viable dags retrieved from /home/airflow/.local/lib/python3.8/site-packages/airflow/example_dags/plugins/event_listener.py
[2025-11-10T10:02:28.029+0000] {processor.py:183} INFO - Processing /home/airflow/.local/lib/python3.8/site-packages/airflow/example_dags/plugins/event_listener.py took 0.047 seconds
[2025-11-10T10:02:58.694+0000] {processor.py:161} INFO - Started process (PID=15869) to work on /home/airflow/.local/lib/python3.8/site-packages/airflow/example_dags/plugins/event_listener.py
[2025-11-10T10:02:58.697+0000] {processor.py:830} INFO - Processing file /home/airflow/.local/lib/python3.8/site-packages/airflow/example_dags/plugins/event_listener.py for tasks to queue
[2025-11-10T10:02:58.701+0000] {logging_mixin.py:188} INFO - [2025-11-10T10:02:58.700+0000] {dagbag.py:538} INFO - Filling up the DagBag from /home/airflow/.local/lib/python3.8/site-packages/airflow/example_dags/plugins/event_listener.py
[2025-11-10T10:02:58.713+0000] {processor.py:842} WARNING - No viable dags retrieved from /home/airflow/.local/lib/python3.8/site-packages/airflow/example_dags/plugins/event_listener.py
[2025-11-10T10:02:58.760+0000] {processor.py:183} INFO - Processing /home/airflow/.local/lib/python3.8/site-packages/airflow/example_dags/plugins/event_listener.py took 0.080 seconds
[2025-11-10T10:03:29.369+0000] {processor.py:161} INFO - Started process (PID=15928) to work on /home/airflow/.local/lib/python3.8/site-packages/airflow/example_dags/plugins/event_listener.py
[2025-11-10T10:03:29.371+0000] {processor.py:830} INFO - Processing file /home/airflow/.local/lib/python3.8/site-packages/airflow/example_dags/plugins/event_listener.py for tasks to queue
[2025-11-10T10:03:29.373+0000] {logging_mixin.py:188} INFO - [2025-11-10T10:03:29.373+0000] {dagbag.py:538} INFO - Filling up the DagBag from /home/airflow/.local/lib/python3.8/site-packages/airflow/example_dags/plugins/event_listener.py
[2025-11-10T10:03:29.379+0000] {processor.py:842} WARNING - No viable dags retrieved from /home/airflow/.local/lib/python3.8/site-packages/airflow/example_dags/plugins/event_listener.py
[2025-11-10T10:03:29.420+0000] {processor.py:183} INFO - Processing /home/airflow/.local/lib/python3.8/site-packages/airflow/example_dags/plugins/event_listener.py took 0.059 seconds
[2025-11-10T10:04:00.413+0000] {processor.py:161} INFO - Started process (PID=15988) to work on /home/airflow/.local/lib/python3.8/site-packages/airflow/example_dags/plugins/event_listener.py
[2025-11-10T10:04:00.460+0000] {processor.py:830} INFO - Processing file /home/airflow/.local/lib/python3.8/site-packages/airflow/example_dags/plugins/event_listener.py for tasks to queue
[2025-11-10T10:04:00.483+0000] {logging_mixin.py:188} INFO - [2025-11-10T10:04:00.482+0000] {dagbag.py:538} INFO - Filling up the DagBag from /home/airflow/.local/lib/python3.8/site-packages/airflow/example_dags/plugins/event_listener.py
[2025-11-10T10:04:00.491+0000] {processor.py:842} WARNING - No viable dags retrieved from /home/airflow/.local/lib/python3.8/site-packages/airflow/example_dags/plugins/event_listener.py
[2025-11-10T10:04:00.550+0000] {processor.py:183} INFO - Processing /home/airflow/.local/lib/python3.8/site-packages/airflow/example_dags/plugins/event_listener.py took 0.159 seconds
[2025-11-10T10:04:30.612+0000] {processor.py:161} INFO - Started process (PID=16046) to work on /home/airflow/.local/lib/python3.8/site-packages/airflow/example_dags/plugins/event_listener.py
[2025-11-10T10:04:30.614+0000] {processor.py:830} INFO - Processing file /home/airflow/.local/lib/python3.8/site-packages/airflow/example_dags/plugins/event_listener.py for tasks to queue
[2025-11-10T10:04:30.615+0000] {logging_mixin.py:188} INFO - [2025-11-10T10:04:30.615+0000] {dagbag.py:538} INFO - Filling up the DagBag from /home/airflow/.local/lib/python3.8/site-packages/airflow/example_dags/plugins/event_listener.py
[2025-11-10T10:04:30.619+0000] {processor.py:842} WARNING - No viable dags retrieved from /home/airflow/.local/lib/python3.8/site-packages/airflow/example_dags/plugins/event_listener.py
[2025-11-10T10:04:30.641+0000] {processor.py:183} INFO - Processing /home/airflow/.local/lib/python3.8/site-packages/airflow/example_dags/plugins/event_listener.py took 0.034 seconds
[2025-11-10T10:05:01.056+0000] {processor.py:161} INFO - Started process (PID=16106) to work on /home/airflow/.local/lib/python3.8/site-packages/airflow/example_dags/plugins/event_listener.py
[2025-11-10T10:05:01.058+0000] {processor.py:830} INFO - Processing file /home/airflow/.local/lib/python3.8/site-packages/airflow/example_dags/plugins/event_listener.py for tasks to queue
[2025-11-10T10:05:01.060+0000] {logging_mixin.py:188} INFO - [2025-11-10T10:05:01.059+0000] {dagbag.py:538} INFO - Filling up the DagBag from /home/airflow/.local/lib/python3.8/site-packages/airflow/example_dags/plugins/event_listener.py
[2025-11-10T10:05:01.064+0000] {processor.py:842} WARNING - No viable dags retrieved from /home/airflow/.local/lib/python3.8/site-packages/airflow/example_dags/plugins/event_listener.py
[2025-11-10T10:05:01.087+0000] {processor.py:183} INFO - Processing /home/airflow/.local/lib/python3.8/site-packages/airflow/example_dags/plugins/event_listener.py took 0.036 seconds
[2025-11-10T10:05:31.944+0000] {processor.py:161} INFO - Started process (PID=16165) to work on /home/airflow/.local/lib/python3.8/site-packages/airflow/example_dags/plugins/event_listener.py
[2025-11-10T10:05:31.946+0000] {processor.py:830} INFO - Processing file /home/airflow/.local/lib/python3.8/site-packages/airflow/example_dags/plugins/event_listener.py for tasks to queue
[2025-11-10T10:05:31.948+0000] {logging_mixin.py:188} INFO - [2025-11-10T10:05:31.947+0000] {dagbag.py:538} INFO - Filling up the DagBag from /home/airflow/.local/lib/python3.8/site-packages/airflow/example_dags/plugins/event_listener.py
[2025-11-10T10:05:31.952+0000] {processor.py:842} WARNING - No viable dags retrieved from /home/airflow/.local/lib/python3.8/site-packages/airflow/example_dags/plugins/event_listener.py
[2025-11-10T10:05:31.991+0000] {processor.py:183} INFO - Processing /home/airflow/.local/lib/python3.8/site-packages/airflow/example_dags/plugins/event_listener.py took 0.051 seconds
[2025-11-10T10:06:02.536+0000] {processor.py:161} INFO - Started process (PID=16224) to work on /home/airflow/.local/lib/python3.8/site-packages/airflow/example_dags/plugins/event_listener.py
[2025-11-10T10:06:02.539+0000] {processor.py:830} INFO - Processing file /home/airflow/.local/lib/python3.8/site-packages/airflow/example_dags/plugins/event_listener.py for tasks to queue
[2025-11-10T10:06:02.545+0000] {logging_mixin.py:188} INFO - [2025-11-10T10:06:02.544+0000] {dagbag.py:538} INFO - Filling up the DagBag from /home/airflow/.local/lib/python3.8/site-packages/airflow/example_dags/plugins/event_listener.py
[2025-11-10T10:06:02.552+0000] {processor.py:842} WARNING - No viable dags retrieved from /home/airflow/.local/lib/python3.8/site-packages/airflow/example_dags/plugins/event_listener.py
[2025-11-10T10:06:02.609+0000] {processor.py:183} INFO - Processing /home/airflow/.local/lib/python3.8/site-packages/airflow/example_dags/plugins/event_listener.py took 0.089 seconds
[2025-11-10T10:06:33.747+0000] {processor.py:161} INFO - Started process (PID=16283) to work on /home/airflow/.local/lib/python3.8/site-packages/airflow/example_dags/plugins/event_listener.py
[2025-11-10T10:06:33.754+0000] {processor.py:830} INFO - Processing file /home/airflow/.local/lib/python3.8/site-packages/airflow/example_dags/plugins/event_listener.py for tasks to queue
[2025-11-10T10:06:33.759+0000] {logging_mixin.py:188} INFO - [2025-11-10T10:06:33.757+0000] {dagbag.py:538} INFO - Filling up the DagBag from /home/airflow/.local/lib/python3.8/site-packages/airflow/example_dags/plugins/event_listener.py
[2025-11-10T10:06:33.765+0000] {processor.py:842} WARNING - No viable dags retrieved from /home/airflow/.local/lib/python3.8/site-packages/airflow/example_dags/plugins/event_listener.py
[2025-11-10T10:06:33.807+0000] {processor.py:183} INFO - Processing /home/airflow/.local/lib/python3.8/site-packages/airflow/example_dags/plugins/event_listener.py took 0.070 seconds
[2025-11-10T10:07:04.126+0000] {processor.py:161} INFO - Started process (PID=16342) to work on /home/airflow/.local/lib/python3.8/site-packages/airflow/example_dags/plugins/event_listener.py
[2025-11-10T10:07:04.129+0000] {processor.py:830} INFO - Processing file /home/airflow/.local/lib/python3.8/site-packages/airflow/example_dags/plugins/event_listener.py for tasks to queue
[2025-11-10T10:07:04.133+0000] {logging_mixin.py:188} INFO - [2025-11-10T10:07:04.131+0000] {dagbag.py:538} INFO - Filling up the DagBag from /home/airflow/.local/lib/python3.8/site-packages/airflow/example_dags/plugins/event_listener.py
[2025-11-10T10:07:04.140+0000] {processor.py:842} WARNING - No viable dags retrieved from /home/airflow/.local/lib/python3.8/site-packages/airflow/example_dags/plugins/event_listener.py
[2025-11-10T10:07:04.176+0000] {processor.py:183} INFO - Processing /home/airflow/.local/lib/python3.8/site-packages/airflow/example_dags/plugins/event_listener.py took 0.057 seconds
[2025-11-10T10:07:35.107+0000] {processor.py:161} INFO - Started process (PID=16401) to work on /home/airflow/.local/lib/python3.8/site-packages/airflow/example_dags/plugins/event_listener.py
[2025-11-10T10:07:35.110+0000] {processor.py:830} INFO - Processing file /home/airflow/.local/lib/python3.8/site-packages/airflow/example_dags/plugins/event_listener.py for tasks to queue
[2025-11-10T10:07:35.113+0000] {logging_mixin.py:188} INFO - [2025-11-10T10:07:35.112+0000] {dagbag.py:538} INFO - Filling up the DagBag from /home/airflow/.local/lib/python3.8/site-packages/airflow/example_dags/plugins/event_listener.py
[2025-11-10T10:07:35.119+0000] {processor.py:842} WARNING - No viable dags retrieved from /home/airflow/.local/lib/python3.8/site-packages/airflow/example_dags/plugins/event_listener.py
[2025-11-10T10:07:35.162+0000] {processor.py:183} INFO - Processing /home/airflow/.local/lib/python3.8/site-packages/airflow/example_dags/plugins/event_listener.py took 0.067 seconds
[2025-11-10T10:08:06.197+0000] {processor.py:161} INFO - Started process (PID=16460) to work on /home/airflow/.local/lib/python3.8/site-packages/airflow/example_dags/plugins/event_listener.py
[2025-11-10T10:08:06.200+0000] {processor.py:830} INFO - Processing file /home/airflow/.local/lib/python3.8/site-packages/airflow/example_dags/plugins/event_listener.py for tasks to queue
[2025-11-10T10:08:06.203+0000] {logging_mixin.py:188} INFO - [2025-11-10T10:08:06.202+0000] {dagbag.py:538} INFO - Filling up the DagBag from /home/airflow/.local/lib/python3.8/site-packages/airflow/example_dags/plugins/event_listener.py
[2025-11-10T10:08:06.212+0000] {processor.py:842} WARNING - No viable dags retrieved from /home/airflow/.local/lib/python3.8/site-packages/airflow/example_dags/plugins/event_listener.py
[2025-11-10T10:08:06.253+0000] {processor.py:183} INFO - Processing /home/airflow/.local/lib/python3.8/site-packages/airflow/example_dags/plugins/event_listener.py took 0.070 seconds
[2025-11-10T10:08:36.835+0000] {processor.py:161} INFO - Started process (PID=16519) to work on /home/airflow/.local/lib/python3.8/site-packages/airflow/example_dags/plugins/event_listener.py
[2025-11-10T10:08:36.837+0000] {processor.py:830} INFO - Processing file /home/airflow/.local/lib/python3.8/site-packages/airflow/example_dags/plugins/event_listener.py for tasks to queue
[2025-11-10T10:08:36.839+0000] {logging_mixin.py:188} INFO - [2025-11-10T10:08:36.839+0000] {dagbag.py:538} INFO - Filling up the DagBag from /home/airflow/.local/lib/python3.8/site-packages/airflow/example_dags/plugins/event_listener.py
[2025-11-10T10:08:36.844+0000] {processor.py:842} WARNING - No viable dags retrieved from /home/airflow/.local/lib/python3.8/site-packages/airflow/example_dags/plugins/event_listener.py
[2025-11-10T10:08:36.870+0000] {processor.py:183} INFO - Processing /home/airflow/.local/lib/python3.8/site-packages/airflow/example_dags/plugins/event_listener.py took 0.042 seconds
[2025-11-10T10:09:07.837+0000] {processor.py:161} INFO - Started process (PID=16578) to work on /home/airflow/.local/lib/python3.8/site-packages/airflow/example_dags/plugins/event_listener.py
[2025-11-10T10:09:07.840+0000] {processor.py:830} INFO - Processing file /home/airflow/.local/lib/python3.8/site-packages/airflow/example_dags/plugins/event_listener.py for tasks to queue
[2025-11-10T10:09:07.848+0000] {logging_mixin.py:188} INFO - [2025-11-10T10:09:07.847+0000] {dagbag.py:538} INFO - Filling up the DagBag from /home/airflow/.local/lib/python3.8/site-packages/airflow/example_dags/plugins/event_listener.py
[2025-11-10T10:09:07.855+0000] {processor.py:842} WARNING - No viable dags retrieved from /home/airflow/.local/lib/python3.8/site-packages/airflow/example_dags/plugins/event_listener.py
[2025-11-10T10:09:07.899+0000] {processor.py:183} INFO - Processing /home/airflow/.local/lib/python3.8/site-packages/airflow/example_dags/plugins/event_listener.py took 0.075 seconds
[2025-11-10T10:09:38.455+0000] {processor.py:161} INFO - Started process (PID=16642) to work on /home/airflow/.local/lib/python3.8/site-packages/airflow/example_dags/plugins/event_listener.py
[2025-11-10T10:09:38.457+0000] {processor.py:830} INFO - Processing file /home/airflow/.local/lib/python3.8/site-packages/airflow/example_dags/plugins/event_listener.py for tasks to queue
[2025-11-10T10:09:38.459+0000] {logging_mixin.py:188} INFO - [2025-11-10T10:09:38.459+0000] {dagbag.py:538} INFO - Filling up the DagBag from /home/airflow/.local/lib/python3.8/site-packages/airflow/example_dags/plugins/event_listener.py
[2025-11-10T10:09:38.466+0000] {processor.py:842} WARNING - No viable dags retrieved from /home/airflow/.local/lib/python3.8/site-packages/airflow/example_dags/plugins/event_listener.py
[2025-11-10T10:09:38.502+0000] {processor.py:183} INFO - Processing /home/airflow/.local/lib/python3.8/site-packages/airflow/example_dags/plugins/event_listener.py took 0.055 seconds
[2025-11-10T10:10:09.566+0000] {processor.py:161} INFO - Started process (PID=16701) to work on /home/airflow/.local/lib/python3.8/site-packages/airflow/example_dags/plugins/event_listener.py
[2025-11-10T10:10:09.569+0000] {processor.py:830} INFO - Processing file /home/airflow/.local/lib/python3.8/site-packages/airflow/example_dags/plugins/event_listener.py for tasks to queue
[2025-11-10T10:10:09.571+0000] {logging_mixin.py:188} INFO - [2025-11-10T10:10:09.570+0000] {dagbag.py:538} INFO - Filling up the DagBag from /home/airflow/.local/lib/python3.8/site-packages/airflow/example_dags/plugins/event_listener.py
[2025-11-10T10:10:09.579+0000] {processor.py:842} WARNING - No viable dags retrieved from /home/airflow/.local/lib/python3.8/site-packages/airflow/example_dags/plugins/event_listener.py
[2025-11-10T10:10:09.632+0000] {processor.py:183} INFO - Processing /home/airflow/.local/lib/python3.8/site-packages/airflow/example_dags/plugins/event_listener.py took 0.078 seconds
[2025-11-10T10:10:40.224+0000] {processor.py:161} INFO - Started process (PID=16758) to work on /home/airflow/.local/lib/python3.8/site-packages/airflow/example_dags/plugins/event_listener.py
[2025-11-10T10:10:40.226+0000] {processor.py:830} INFO - Processing file /home/airflow/.local/lib/python3.8/site-packages/airflow/example_dags/plugins/event_listener.py for tasks to queue
[2025-11-10T10:10:40.228+0000] {logging_mixin.py:188} INFO - [2025-11-10T10:10:40.227+0000] {dagbag.py:538} INFO - Filling up the DagBag from /home/airflow/.local/lib/python3.8/site-packages/airflow/example_dags/plugins/event_listener.py
[2025-11-10T10:10:40.232+0000] {processor.py:842} WARNING - No viable dags retrieved from /home/airflow/.local/lib/python3.8/site-packages/airflow/example_dags/plugins/event_listener.py
[2025-11-10T10:10:40.256+0000] {processor.py:183} INFO - Processing /home/airflow/.local/lib/python3.8/site-packages/airflow/example_dags/plugins/event_listener.py took 0.038 seconds
[2025-11-10T10:11:10.503+0000] {processor.py:161} INFO - Started process (PID=16817) to work on /home/airflow/.local/lib/python3.8/site-packages/airflow/example_dags/plugins/event_listener.py
[2025-11-10T10:11:10.505+0000] {processor.py:830} INFO - Processing file /home/airflow/.local/lib/python3.8/site-packages/airflow/example_dags/plugins/event_listener.py for tasks to queue
[2025-11-10T10:11:10.507+0000] {logging_mixin.py:188} INFO - [2025-11-10T10:11:10.506+0000] {dagbag.py:538} INFO - Filling up the DagBag from /home/airflow/.local/lib/python3.8/site-packages/airflow/example_dags/plugins/event_listener.py
[2025-11-10T10:11:10.511+0000] {processor.py:842} WARNING - No viable dags retrieved from /home/airflow/.local/lib/python3.8/site-packages/airflow/example_dags/plugins/event_listener.py
[2025-11-10T10:11:10.534+0000] {processor.py:183} INFO - Processing /home/airflow/.local/lib/python3.8/site-packages/airflow/example_dags/plugins/event_listener.py took 0.036 seconds
[2025-11-10T10:11:41.253+0000] {processor.py:161} INFO - Started process (PID=16877) to work on /home/airflow/.local/lib/python3.8/site-packages/airflow/example_dags/plugins/event_listener.py
[2025-11-10T10:11:41.255+0000] {processor.py:830} INFO - Processing file /home/airflow/.local/lib/python3.8/site-packages/airflow/example_dags/plugins/event_listener.py for tasks to queue
[2025-11-10T10:11:41.257+0000] {logging_mixin.py:188} INFO - [2025-11-10T10:11:41.257+0000] {dagbag.py:538} INFO - Filling up the DagBag from /home/airflow/.local/lib/python3.8/site-packages/airflow/example_dags/plugins/event_listener.py
[2025-11-10T10:11:41.263+0000] {processor.py:842} WARNING - No viable dags retrieved from /home/airflow/.local/lib/python3.8/site-packages/airflow/example_dags/plugins/event_listener.py
[2025-11-10T10:11:41.291+0000] {processor.py:183} INFO - Processing /home/airflow/.local/lib/python3.8/site-packages/airflow/example_dags/plugins/event_listener.py took 0.045 seconds
[2025-11-10T10:12:11.733+0000] {processor.py:161} INFO - Started process (PID=16936) to work on /home/airflow/.local/lib/python3.8/site-packages/airflow/example_dags/plugins/event_listener.py
[2025-11-10T10:12:11.735+0000] {processor.py:830} INFO - Processing file /home/airflow/.local/lib/python3.8/site-packages/airflow/example_dags/plugins/event_listener.py for tasks to queue
[2025-11-10T10:12:11.736+0000] {logging_mixin.py:188} INFO - [2025-11-10T10:12:11.736+0000] {dagbag.py:538} INFO - Filling up the DagBag from /home/airflow/.local/lib/python3.8/site-packages/airflow/example_dags/plugins/event_listener.py
[2025-11-10T10:12:11.740+0000] {processor.py:842} WARNING - No viable dags retrieved from /home/airflow/.local/lib/python3.8/site-packages/airflow/example_dags/plugins/event_listener.py
[2025-11-10T10:12:11.763+0000] {processor.py:183} INFO - Processing /home/airflow/.local/lib/python3.8/site-packages/airflow/example_dags/plugins/event_listener.py took 0.035 seconds
[2025-11-10T10:12:42.279+0000] {processor.py:161} INFO - Started process (PID=16995) to work on /home/airflow/.local/lib/python3.8/site-packages/airflow/example_dags/plugins/event_listener.py
[2025-11-10T10:12:42.281+0000] {processor.py:830} INFO - Processing file /home/airflow/.local/lib/python3.8/site-packages/airflow/example_dags/plugins/event_listener.py for tasks to queue
[2025-11-10T10:12:42.284+0000] {logging_mixin.py:188} INFO - [2025-11-10T10:12:42.283+0000] {dagbag.py:538} INFO - Filling up the DagBag from /home/airflow/.local/lib/python3.8/site-packages/airflow/example_dags/plugins/event_listener.py
[2025-11-10T10:12:42.288+0000] {processor.py:842} WARNING - No viable dags retrieved from /home/airflow/.local/lib/python3.8/site-packages/airflow/example_dags/plugins/event_listener.py
[2025-11-10T10:12:42.317+0000] {processor.py:183} INFO - Processing /home/airflow/.local/lib/python3.8/site-packages/airflow/example_dags/plugins/event_listener.py took 0.045 seconds
[2025-11-10T10:13:12.783+0000] {processor.py:161} INFO - Started process (PID=17053) to work on /home/airflow/.local/lib/python3.8/site-packages/airflow/example_dags/plugins/event_listener.py
[2025-11-10T10:13:12.785+0000] {processor.py:830} INFO - Processing file /home/airflow/.local/lib/python3.8/site-packages/airflow/example_dags/plugins/event_listener.py for tasks to queue
[2025-11-10T10:13:12.787+0000] {logging_mixin.py:188} INFO - [2025-11-10T10:13:12.786+0000] {dagbag.py:538} INFO - Filling up the DagBag from /home/airflow/.local/lib/python3.8/site-packages/airflow/example_dags/plugins/event_listener.py
[2025-11-10T10:13:12.795+0000] {processor.py:842} WARNING - No viable dags retrieved from /home/airflow/.local/lib/python3.8/site-packages/airflow/example_dags/plugins/event_listener.py
[2025-11-10T10:13:12.835+0000] {processor.py:183} INFO - Processing /home/airflow/.local/lib/python3.8/site-packages/airflow/example_dags/plugins/event_listener.py took 0.060 seconds
[2025-11-10T10:13:43.575+0000] {processor.py:161} INFO - Started process (PID=17113) to work on /home/airflow/.local/lib/python3.8/site-packages/airflow/example_dags/plugins/event_listener.py
[2025-11-10T10:13:43.577+0000] {processor.py:830} INFO - Processing file /home/airflow/.local/lib/python3.8/site-packages/airflow/example_dags/plugins/event_listener.py for tasks to queue
[2025-11-10T10:13:43.579+0000] {logging_mixin.py:188} INFO - [2025-11-10T10:13:43.578+0000] {dagbag.py:538} INFO - Filling up the DagBag from /home/airflow/.local/lib/python3.8/site-packages/airflow/example_dags/plugins/event_listener.py
[2025-11-10T10:13:43.585+0000] {processor.py:842} WARNING - No viable dags retrieved from /home/airflow/.local/lib/python3.8/site-packages/airflow/example_dags/plugins/event_listener.py
[2025-11-10T10:13:43.613+0000] {processor.py:183} INFO - Processing /home/airflow/.local/lib/python3.8/site-packages/airflow/example_dags/plugins/event_listener.py took 0.045 seconds
[2025-11-10T10:14:13.872+0000] {processor.py:161} INFO - Started process (PID=17172) to work on /home/airflow/.local/lib/python3.8/site-packages/airflow/example_dags/plugins/event_listener.py
[2025-11-10T10:14:13.874+0000] {processor.py:830} INFO - Processing file /home/airflow/.local/lib/python3.8/site-packages/airflow/example_dags/plugins/event_listener.py for tasks to queue
[2025-11-10T10:14:13.876+0000] {logging_mixin.py:188} INFO - [2025-11-10T10:14:13.876+0000] {dagbag.py:538} INFO - Filling up the DagBag from /home/airflow/.local/lib/python3.8/site-packages/airflow/example_dags/plugins/event_listener.py
[2025-11-10T10:14:13.882+0000] {processor.py:842} WARNING - No viable dags retrieved from /home/airflow/.local/lib/python3.8/site-packages/airflow/example_dags/plugins/event_listener.py
[2025-11-10T10:14:13.908+0000] {processor.py:183} INFO - Processing /home/airflow/.local/lib/python3.8/site-packages/airflow/example_dags/plugins/event_listener.py took 0.042 seconds
[2025-11-10T10:14:44.176+0000] {processor.py:161} INFO - Started process (PID=17231) to work on /home/airflow/.local/lib/python3.8/site-packages/airflow/example_dags/plugins/event_listener.py
[2025-11-10T10:14:44.179+0000] {processor.py:830} INFO - Processing file /home/airflow/.local/lib/python3.8/site-packages/airflow/example_dags/plugins/event_listener.py for tasks to queue
[2025-11-10T10:14:44.184+0000] {logging_mixin.py:188} INFO - [2025-11-10T10:14:44.183+0000] {dagbag.py:538} INFO - Filling up the DagBag from /home/airflow/.local/lib/python3.8/site-packages/airflow/example_dags/plugins/event_listener.py
[2025-11-10T10:14:44.192+0000] {processor.py:842} WARNING - No viable dags retrieved from /home/airflow/.local/lib/python3.8/site-packages/airflow/example_dags/plugins/event_listener.py
[2025-11-10T10:14:44.248+0000] {processor.py:183} INFO - Processing /home/airflow/.local/lib/python3.8/site-packages/airflow/example_dags/plugins/event_listener.py took 0.081 seconds
[2025-11-10T10:15:15.084+0000] {processor.py:161} INFO - Started process (PID=17290) to work on /home/airflow/.local/lib/python3.8/site-packages/airflow/example_dags/plugins/event_listener.py
[2025-11-10T10:15:15.086+0000] {processor.py:830} INFO - Processing file /home/airflow/.local/lib/python3.8/site-packages/airflow/example_dags/plugins/event_listener.py for tasks to queue
[2025-11-10T10:15:15.088+0000] {logging_mixin.py:188} INFO - [2025-11-10T10:15:15.088+0000] {dagbag.py:538} INFO - Filling up the DagBag from /home/airflow/.local/lib/python3.8/site-packages/airflow/example_dags/plugins/event_listener.py
[2025-11-10T10:15:15.094+0000] {processor.py:842} WARNING - No viable dags retrieved from /home/airflow/.local/lib/python3.8/site-packages/airflow/example_dags/plugins/event_listener.py
[2025-11-10T10:15:15.119+0000] {processor.py:183} INFO - Processing /home/airflow/.local/lib/python3.8/site-packages/airflow/example_dags/plugins/event_listener.py took 0.045 seconds
[2025-11-10T10:15:45.597+0000] {processor.py:161} INFO - Started process (PID=17349) to work on /home/airflow/.local/lib/python3.8/site-packages/airflow/example_dags/plugins/event_listener.py
[2025-11-10T10:15:45.599+0000] {processor.py:830} INFO - Processing file /home/airflow/.local/lib/python3.8/site-packages/airflow/example_dags/plugins/event_listener.py for tasks to queue
[2025-11-10T10:15:45.608+0000] {logging_mixin.py:188} INFO - [2025-11-10T10:15:45.607+0000] {dagbag.py:538} INFO - Filling up the DagBag from /home/airflow/.local/lib/python3.8/site-packages/airflow/example_dags/plugins/event_listener.py
[2025-11-10T10:15:45.614+0000] {processor.py:842} WARNING - No viable dags retrieved from /home/airflow/.local/lib/python3.8/site-packages/airflow/example_dags/plugins/event_listener.py
[2025-11-10T10:15:45.637+0000] {processor.py:183} INFO - Processing /home/airflow/.local/lib/python3.8/site-packages/airflow/example_dags/plugins/event_listener.py took 0.045 seconds
[2025-11-10T10:16:16.243+0000] {processor.py:161} INFO - Started process (PID=17408) to work on /home/airflow/.local/lib/python3.8/site-packages/airflow/example_dags/plugins/event_listener.py
[2025-11-10T10:16:16.244+0000] {processor.py:830} INFO - Processing file /home/airflow/.local/lib/python3.8/site-packages/airflow/example_dags/plugins/event_listener.py for tasks to queue
[2025-11-10T10:16:16.245+0000] {logging_mixin.py:188} INFO - [2025-11-10T10:16:16.245+0000] {dagbag.py:538} INFO - Filling up the DagBag from /home/airflow/.local/lib/python3.8/site-packages/airflow/example_dags/plugins/event_listener.py
[2025-11-10T10:16:16.249+0000] {processor.py:842} WARNING - No viable dags retrieved from /home/airflow/.local/lib/python3.8/site-packages/airflow/example_dags/plugins/event_listener.py
[2025-11-10T10:16:16.266+0000] {processor.py:183} INFO - Processing /home/airflow/.local/lib/python3.8/site-packages/airflow/example_dags/plugins/event_listener.py took 0.028 seconds
[2025-11-10T10:16:46.477+0000] {processor.py:161} INFO - Started process (PID=17466) to work on /home/airflow/.local/lib/python3.8/site-packages/airflow/example_dags/plugins/event_listener.py
[2025-11-10T10:16:46.478+0000] {processor.py:830} INFO - Processing file /home/airflow/.local/lib/python3.8/site-packages/airflow/example_dags/plugins/event_listener.py for tasks to queue
[2025-11-10T10:16:46.481+0000] {logging_mixin.py:188} INFO - [2025-11-10T10:16:46.480+0000] {dagbag.py:538} INFO - Filling up the DagBag from /home/airflow/.local/lib/python3.8/site-packages/airflow/example_dags/plugins/event_listener.py
[2025-11-10T10:16:46.485+0000] {processor.py:842} WARNING - No viable dags retrieved from /home/airflow/.local/lib/python3.8/site-packages/airflow/example_dags/plugins/event_listener.py
[2025-11-10T10:16:46.507+0000] {processor.py:183} INFO - Processing /home/airflow/.local/lib/python3.8/site-packages/airflow/example_dags/plugins/event_listener.py took 0.035 seconds
[2025-11-10T10:17:17.199+0000] {processor.py:161} INFO - Started process (PID=17526) to work on /home/airflow/.local/lib/python3.8/site-packages/airflow/example_dags/plugins/event_listener.py
[2025-11-10T10:17:17.201+0000] {processor.py:830} INFO - Processing file /home/airflow/.local/lib/python3.8/site-packages/airflow/example_dags/plugins/event_listener.py for tasks to queue
[2025-11-10T10:17:17.204+0000] {logging_mixin.py:188} INFO - [2025-11-10T10:17:17.203+0000] {dagbag.py:538} INFO - Filling up the DagBag from /home/airflow/.local/lib/python3.8/site-packages/airflow/example_dags/plugins/event_listener.py
[2025-11-10T10:17:17.210+0000] {processor.py:842} WARNING - No viable dags retrieved from /home/airflow/.local/lib/python3.8/site-packages/airflow/example_dags/plugins/event_listener.py
[2025-11-10T10:17:17.248+0000] {processor.py:183} INFO - Processing /home/airflow/.local/lib/python3.8/site-packages/airflow/example_dags/plugins/event_listener.py took 0.059 seconds
[2025-11-10T10:17:47.674+0000] {processor.py:161} INFO - Started process (PID=17585) to work on /home/airflow/.local/lib/python3.8/site-packages/airflow/example_dags/plugins/event_listener.py
[2025-11-10T10:17:47.676+0000] {processor.py:830} INFO - Processing file /home/airflow/.local/lib/python3.8/site-packages/airflow/example_dags/plugins/event_listener.py for tasks to queue
[2025-11-10T10:17:47.677+0000] {logging_mixin.py:188} INFO - [2025-11-10T10:17:47.677+0000] {dagbag.py:538} INFO - Filling up the DagBag from /home/airflow/.local/lib/python3.8/site-packages/airflow/example_dags/plugins/event_listener.py
[2025-11-10T10:17:47.683+0000] {processor.py:842} WARNING - No viable dags retrieved from /home/airflow/.local/lib/python3.8/site-packages/airflow/example_dags/plugins/event_listener.py
[2025-11-10T10:17:47.712+0000] {processor.py:183} INFO - Processing /home/airflow/.local/lib/python3.8/site-packages/airflow/example_dags/plugins/event_listener.py took 0.045 seconds
[2025-11-10T10:18:17.958+0000] {processor.py:161} INFO - Started process (PID=17644) to work on /home/airflow/.local/lib/python3.8/site-packages/airflow/example_dags/plugins/event_listener.py
[2025-11-10T10:18:17.960+0000] {processor.py:830} INFO - Processing file /home/airflow/.local/lib/python3.8/site-packages/airflow/example_dags/plugins/event_listener.py for tasks to queue
[2025-11-10T10:18:17.961+0000] {logging_mixin.py:188} INFO - [2025-11-10T10:18:17.961+0000] {dagbag.py:538} INFO - Filling up the DagBag from /home/airflow/.local/lib/python3.8/site-packages/airflow/example_dags/plugins/event_listener.py
[2025-11-10T10:18:17.966+0000] {processor.py:842} WARNING - No viable dags retrieved from /home/airflow/.local/lib/python3.8/site-packages/airflow/example_dags/plugins/event_listener.py
[2025-11-10T10:18:17.988+0000] {processor.py:183} INFO - Processing /home/airflow/.local/lib/python3.8/site-packages/airflow/example_dags/plugins/event_listener.py took 0.036 seconds
[2025-11-10T10:18:49.602+0000] {processor.py:161} INFO - Started process (PID=17703) to work on /home/airflow/.local/lib/python3.8/site-packages/airflow/example_dags/plugins/event_listener.py
[2025-11-10T10:18:49.606+0000] {processor.py:830} INFO - Processing file /home/airflow/.local/lib/python3.8/site-packages/airflow/example_dags/plugins/event_listener.py for tasks to queue
[2025-11-10T10:18:49.609+0000] {logging_mixin.py:188} INFO - [2025-11-10T10:18:49.608+0000] {dagbag.py:538} INFO - Filling up the DagBag from /home/airflow/.local/lib/python3.8/site-packages/airflow/example_dags/plugins/event_listener.py
[2025-11-10T10:18:49.620+0000] {processor.py:842} WARNING - No viable dags retrieved from /home/airflow/.local/lib/python3.8/site-packages/airflow/example_dags/plugins/event_listener.py
[2025-11-10T10:18:49.672+0000] {processor.py:183} INFO - Processing /home/airflow/.local/lib/python3.8/site-packages/airflow/example_dags/plugins/event_listener.py took 0.082 seconds
[2025-11-10T10:19:20.235+0000] {processor.py:161} INFO - Started process (PID=17762) to work on /home/airflow/.local/lib/python3.8/site-packages/airflow/example_dags/plugins/event_listener.py
[2025-11-10T10:19:20.237+0000] {processor.py:830} INFO - Processing file /home/airflow/.local/lib/python3.8/site-packages/airflow/example_dags/plugins/event_listener.py for tasks to queue
[2025-11-10T10:19:20.240+0000] {logging_mixin.py:188} INFO - [2025-11-10T10:19:20.239+0000] {dagbag.py:538} INFO - Filling up the DagBag from /home/airflow/.local/lib/python3.8/site-packages/airflow/example_dags/plugins/event_listener.py
[2025-11-10T10:19:20.246+0000] {processor.py:842} WARNING - No viable dags retrieved from /home/airflow/.local/lib/python3.8/site-packages/airflow/example_dags/plugins/event_listener.py
[2025-11-10T10:19:20.276+0000] {processor.py:183} INFO - Processing /home/airflow/.local/lib/python3.8/site-packages/airflow/example_dags/plugins/event_listener.py took 0.048 seconds
[2025-11-10T10:19:51.026+0000] {processor.py:161} INFO - Started process (PID=17821) to work on /home/airflow/.local/lib/python3.8/site-packages/airflow/example_dags/plugins/event_listener.py
[2025-11-10T10:19:51.029+0000] {processor.py:830} INFO - Processing file /home/airflow/.local/lib/python3.8/site-packages/airflow/example_dags/plugins/event_listener.py for tasks to queue
[2025-11-10T10:19:51.032+0000] {logging_mixin.py:188} INFO - [2025-11-10T10:19:51.031+0000] {dagbag.py:538} INFO - Filling up the DagBag from /home/airflow/.local/lib/python3.8/site-packages/airflow/example_dags/plugins/event_listener.py
[2025-11-10T10:19:51.039+0000] {processor.py:842} WARNING - No viable dags retrieved from /home/airflow/.local/lib/python3.8/site-packages/airflow/example_dags/plugins/event_listener.py
[2025-11-10T10:19:51.076+0000] {processor.py:183} INFO - Processing /home/airflow/.local/lib/python3.8/site-packages/airflow/example_dags/plugins/event_listener.py took 0.059 seconds
[2025-11-10T10:20:21.936+0000] {processor.py:161} INFO - Started process (PID=17880) to work on /home/airflow/.local/lib/python3.8/site-packages/airflow/example_dags/plugins/event_listener.py
[2025-11-10T10:20:21.938+0000] {processor.py:830} INFO - Processing file /home/airflow/.local/lib/python3.8/site-packages/airflow/example_dags/plugins/event_listener.py for tasks to queue
[2025-11-10T10:20:21.939+0000] {logging_mixin.py:188} INFO - [2025-11-10T10:20:21.939+0000] {dagbag.py:538} INFO - Filling up the DagBag from /home/airflow/.local/lib/python3.8/site-packages/airflow/example_dags/plugins/event_listener.py
[2025-11-10T10:20:21.942+0000] {processor.py:842} WARNING - No viable dags retrieved from /home/airflow/.local/lib/python3.8/site-packages/airflow/example_dags/plugins/event_listener.py
[2025-11-10T10:20:21.961+0000] {processor.py:183} INFO - Processing /home/airflow/.local/lib/python3.8/site-packages/airflow/example_dags/plugins/event_listener.py took 0.029 seconds
[2025-11-10T10:20:52.831+0000] {processor.py:161} INFO - Started process (PID=17939) to work on /home/airflow/.local/lib/python3.8/site-packages/airflow/example_dags/plugins/event_listener.py
[2025-11-10T10:20:52.833+0000] {processor.py:830} INFO - Processing file /home/airflow/.local/lib/python3.8/site-packages/airflow/example_dags/plugins/event_listener.py for tasks to queue
[2025-11-10T10:20:52.835+0000] {logging_mixin.py:188} INFO - [2025-11-10T10:20:52.835+0000] {dagbag.py:538} INFO - Filling up the DagBag from /home/airflow/.local/lib/python3.8/site-packages/airflow/example_dags/plugins/event_listener.py
[2025-11-10T10:20:52.840+0000] {processor.py:842} WARNING - No viable dags retrieved from /home/airflow/.local/lib/python3.8/site-packages/airflow/example_dags/plugins/event_listener.py
[2025-11-10T10:20:52.867+0000] {processor.py:183} INFO - Processing /home/airflow/.local/lib/python3.8/site-packages/airflow/example_dags/plugins/event_listener.py took 0.049 seconds
[2025-11-10T10:21:23.365+0000] {processor.py:161} INFO - Started process (PID=17999) to work on /home/airflow/.local/lib/python3.8/site-packages/airflow/example_dags/plugins/event_listener.py
[2025-11-10T10:21:23.367+0000] {processor.py:830} INFO - Processing file /home/airflow/.local/lib/python3.8/site-packages/airflow/example_dags/plugins/event_listener.py for tasks to queue
[2025-11-10T10:21:23.368+0000] {logging_mixin.py:188} INFO - [2025-11-10T10:21:23.368+0000] {dagbag.py:538} INFO - Filling up the DagBag from /home/airflow/.local/lib/python3.8/site-packages/airflow/example_dags/plugins/event_listener.py
[2025-11-10T10:21:23.373+0000] {processor.py:842} WARNING - No viable dags retrieved from /home/airflow/.local/lib/python3.8/site-packages/airflow/example_dags/plugins/event_listener.py
[2025-11-10T10:21:23.403+0000] {processor.py:183} INFO - Processing /home/airflow/.local/lib/python3.8/site-packages/airflow/example_dags/plugins/event_listener.py took 0.044 seconds
[2025-11-10T10:21:54.201+0000] {processor.py:161} INFO - Started process (PID=18059) to work on /home/airflow/.local/lib/python3.8/site-packages/airflow/example_dags/plugins/event_listener.py
[2025-11-10T10:21:54.204+0000] {processor.py:830} INFO - Processing file /home/airflow/.local/lib/python3.8/site-packages/airflow/example_dags/plugins/event_listener.py for tasks to queue
[2025-11-10T10:21:54.208+0000] {logging_mixin.py:188} INFO - [2025-11-10T10:21:54.207+0000] {dagbag.py:538} INFO - Filling up the DagBag from /home/airflow/.local/lib/python3.8/site-packages/airflow/example_dags/plugins/event_listener.py
[2025-11-10T10:21:54.218+0000] {processor.py:842} WARNING - No viable dags retrieved from /home/airflow/.local/lib/python3.8/site-packages/airflow/example_dags/plugins/event_listener.py
[2025-11-10T10:21:54.266+0000] {processor.py:183} INFO - Processing /home/airflow/.local/lib/python3.8/site-packages/airflow/example_dags/plugins/event_listener.py took 0.076 seconds
[2025-11-10T10:22:25.195+0000] {processor.py:161} INFO - Started process (PID=18117) to work on /home/airflow/.local/lib/python3.8/site-packages/airflow/example_dags/plugins/event_listener.py
[2025-11-10T10:22:25.200+0000] {processor.py:830} INFO - Processing file /home/airflow/.local/lib/python3.8/site-packages/airflow/example_dags/plugins/event_listener.py for tasks to queue
[2025-11-10T10:22:25.211+0000] {logging_mixin.py:188} INFO - [2025-11-10T10:22:25.204+0000] {dagbag.py:538} INFO - Filling up the DagBag from /home/airflow/.local/lib/python3.8/site-packages/airflow/example_dags/plugins/event_listener.py
[2025-11-10T10:22:25.230+0000] {processor.py:842} WARNING - No viable dags retrieved from /home/airflow/.local/lib/python3.8/site-packages/airflow/example_dags/plugins/event_listener.py
[2025-11-10T10:22:25.366+0000] {processor.py:183} INFO - Processing /home/airflow/.local/lib/python3.8/site-packages/airflow/example_dags/plugins/event_listener.py took 0.202 seconds
[2025-11-10T10:22:55.955+0000] {processor.py:161} INFO - Started process (PID=18175) to work on /home/airflow/.local/lib/python3.8/site-packages/airflow/example_dags/plugins/event_listener.py
[2025-11-10T10:22:55.957+0000] {processor.py:830} INFO - Processing file /home/airflow/.local/lib/python3.8/site-packages/airflow/example_dags/plugins/event_listener.py for tasks to queue
[2025-11-10T10:22:55.959+0000] {logging_mixin.py:188} INFO - [2025-11-10T10:22:55.959+0000] {dagbag.py:538} INFO - Filling up the DagBag from /home/airflow/.local/lib/python3.8/site-packages/airflow/example_dags/plugins/event_listener.py
[2025-11-10T10:22:55.964+0000] {processor.py:842} WARNING - No viable dags retrieved from /home/airflow/.local/lib/python3.8/site-packages/airflow/example_dags/plugins/event_listener.py
[2025-11-10T10:22:55.995+0000] {processor.py:183} INFO - Processing /home/airflow/.local/lib/python3.8/site-packages/airflow/example_dags/plugins/event_listener.py took 0.048 seconds
[2025-11-10T10:23:26.422+0000] {processor.py:161} INFO - Started process (PID=18234) to work on /home/airflow/.local/lib/python3.8/site-packages/airflow/example_dags/plugins/event_listener.py
[2025-11-10T10:23:26.429+0000] {processor.py:830} INFO - Processing file /home/airflow/.local/lib/python3.8/site-packages/airflow/example_dags/plugins/event_listener.py for tasks to queue
[2025-11-10T10:23:26.431+0000] {logging_mixin.py:188} INFO - [2025-11-10T10:23:26.430+0000] {dagbag.py:538} INFO - Filling up the DagBag from /home/airflow/.local/lib/python3.8/site-packages/airflow/example_dags/plugins/event_listener.py
[2025-11-10T10:23:26.436+0000] {processor.py:842} WARNING - No viable dags retrieved from /home/airflow/.local/lib/python3.8/site-packages/airflow/example_dags/plugins/event_listener.py
[2025-11-10T10:23:26.473+0000] {processor.py:183} INFO - Processing /home/airflow/.local/lib/python3.8/site-packages/airflow/example_dags/plugins/event_listener.py took 0.058 seconds
[2025-11-10T10:23:57.220+0000] {processor.py:161} INFO - Started process (PID=18293) to work on /home/airflow/.local/lib/python3.8/site-packages/airflow/example_dags/plugins/event_listener.py
[2025-11-10T10:23:57.223+0000] {processor.py:830} INFO - Processing file /home/airflow/.local/lib/python3.8/site-packages/airflow/example_dags/plugins/event_listener.py for tasks to queue
[2025-11-10T10:23:57.227+0000] {logging_mixin.py:188} INFO - [2025-11-10T10:23:57.226+0000] {dagbag.py:538} INFO - Filling up the DagBag from /home/airflow/.local/lib/python3.8/site-packages/airflow/example_dags/plugins/event_listener.py
[2025-11-10T10:23:57.234+0000] {processor.py:842} WARNING - No viable dags retrieved from /home/airflow/.local/lib/python3.8/site-packages/airflow/example_dags/plugins/event_listener.py
[2025-11-10T10:23:57.274+0000] {processor.py:183} INFO - Processing /home/airflow/.local/lib/python3.8/site-packages/airflow/example_dags/plugins/event_listener.py took 0.063 seconds
[2025-11-10T10:24:28.691+0000] {processor.py:161} INFO - Started process (PID=18354) to work on /home/airflow/.local/lib/python3.8/site-packages/airflow/example_dags/plugins/event_listener.py
[2025-11-10T10:24:28.694+0000] {processor.py:830} INFO - Processing file /home/airflow/.local/lib/python3.8/site-packages/airflow/example_dags/plugins/event_listener.py for tasks to queue
[2025-11-10T10:24:28.697+0000] {logging_mixin.py:188} INFO - [2025-11-10T10:24:28.696+0000] {dagbag.py:538} INFO - Filling up the DagBag from /home/airflow/.local/lib/python3.8/site-packages/airflow/example_dags/plugins/event_listener.py
[2025-11-10T10:24:28.713+0000] {processor.py:842} WARNING - No viable dags retrieved from /home/airflow/.local/lib/python3.8/site-packages/airflow/example_dags/plugins/event_listener.py
[2025-11-10T10:24:28.776+0000] {processor.py:183} INFO - Processing /home/airflow/.local/lib/python3.8/site-packages/airflow/example_dags/plugins/event_listener.py took 0.106 seconds
[2025-11-10T10:24:59.230+0000] {processor.py:161} INFO - Started process (PID=18413) to work on /home/airflow/.local/lib/python3.8/site-packages/airflow/example_dags/plugins/event_listener.py
[2025-11-10T10:24:59.233+0000] {processor.py:830} INFO - Processing file /home/airflow/.local/lib/python3.8/site-packages/airflow/example_dags/plugins/event_listener.py for tasks to queue
[2025-11-10T10:24:59.235+0000] {logging_mixin.py:188} INFO - [2025-11-10T10:24:59.234+0000] {dagbag.py:538} INFO - Filling up the DagBag from /home/airflow/.local/lib/python3.8/site-packages/airflow/example_dags/plugins/event_listener.py
[2025-11-10T10:24:59.241+0000] {processor.py:842} WARNING - No viable dags retrieved from /home/airflow/.local/lib/python3.8/site-packages/airflow/example_dags/plugins/event_listener.py
[2025-11-10T10:24:59.272+0000] {processor.py:183} INFO - Processing /home/airflow/.local/lib/python3.8/site-packages/airflow/example_dags/plugins/event_listener.py took 0.048 seconds
[2025-11-10T10:25:30.245+0000] {processor.py:161} INFO - Started process (PID=18473) to work on /home/airflow/.local/lib/python3.8/site-packages/airflow/example_dags/plugins/event_listener.py
[2025-11-10T10:25:30.247+0000] {processor.py:830} INFO - Processing file /home/airflow/.local/lib/python3.8/site-packages/airflow/example_dags/plugins/event_listener.py for tasks to queue
[2025-11-10T10:25:30.250+0000] {logging_mixin.py:188} INFO - [2025-11-10T10:25:30.249+0000] {dagbag.py:538} INFO - Filling up the DagBag from /home/airflow/.local/lib/python3.8/site-packages/airflow/example_dags/plugins/event_listener.py
[2025-11-10T10:25:30.258+0000] {processor.py:842} WARNING - No viable dags retrieved from /home/airflow/.local/lib/python3.8/site-packages/airflow/example_dags/plugins/event_listener.py
[2025-11-10T10:25:30.298+0000] {processor.py:183} INFO - Processing /home/airflow/.local/lib/python3.8/site-packages/airflow/example_dags/plugins/event_listener.py took 0.065 seconds
[2025-11-10T10:26:01.170+0000] {processor.py:161} INFO - Started process (PID=18532) to work on /home/airflow/.local/lib/python3.8/site-packages/airflow/example_dags/plugins/event_listener.py
[2025-11-10T10:26:01.175+0000] {processor.py:830} INFO - Processing file /home/airflow/.local/lib/python3.8/site-packages/airflow/example_dags/plugins/event_listener.py for tasks to queue
[2025-11-10T10:26:01.178+0000] {logging_mixin.py:188} INFO - [2025-11-10T10:26:01.177+0000] {dagbag.py:538} INFO - Filling up the DagBag from /home/airflow/.local/lib/python3.8/site-packages/airflow/example_dags/plugins/event_listener.py
[2025-11-10T10:26:01.185+0000] {processor.py:842} WARNING - No viable dags retrieved from /home/airflow/.local/lib/python3.8/site-packages/airflow/example_dags/plugins/event_listener.py
[2025-11-10T10:26:01.216+0000] {processor.py:183} INFO - Processing /home/airflow/.local/lib/python3.8/site-packages/airflow/example_dags/plugins/event_listener.py took 0.057 seconds
[2025-11-10T10:26:31.378+0000] {processor.py:161} INFO - Started process (PID=18591) to work on /home/airflow/.local/lib/python3.8/site-packages/airflow/example_dags/plugins/event_listener.py
[2025-11-10T10:26:31.380+0000] {processor.py:830} INFO - Processing file /home/airflow/.local/lib/python3.8/site-packages/airflow/example_dags/plugins/event_listener.py for tasks to queue
[2025-11-10T10:26:31.382+0000] {logging_mixin.py:188} INFO - [2025-11-10T10:26:31.382+0000] {dagbag.py:538} INFO - Filling up the DagBag from /home/airflow/.local/lib/python3.8/site-packages/airflow/example_dags/plugins/event_listener.py
[2025-11-10T10:26:31.388+0000] {processor.py:842} WARNING - No viable dags retrieved from /home/airflow/.local/lib/python3.8/site-packages/airflow/example_dags/plugins/event_listener.py
[2025-11-10T10:26:31.418+0000] {processor.py:183} INFO - Processing /home/airflow/.local/lib/python3.8/site-packages/airflow/example_dags/plugins/event_listener.py took 0.048 seconds
[2025-11-10T10:27:01.629+0000] {processor.py:161} INFO - Started process (PID=18650) to work on /home/airflow/.local/lib/python3.8/site-packages/airflow/example_dags/plugins/event_listener.py
[2025-11-10T10:27:01.630+0000] {processor.py:830} INFO - Processing file /home/airflow/.local/lib/python3.8/site-packages/airflow/example_dags/plugins/event_listener.py for tasks to queue
[2025-11-10T10:27:01.632+0000] {logging_mixin.py:188} INFO - [2025-11-10T10:27:01.632+0000] {dagbag.py:538} INFO - Filling up the DagBag from /home/airflow/.local/lib/python3.8/site-packages/airflow/example_dags/plugins/event_listener.py
[2025-11-10T10:27:01.637+0000] {processor.py:842} WARNING - No viable dags retrieved from /home/airflow/.local/lib/python3.8/site-packages/airflow/example_dags/plugins/event_listener.py
[2025-11-10T10:27:01.662+0000] {processor.py:183} INFO - Processing /home/airflow/.local/lib/python3.8/site-packages/airflow/example_dags/plugins/event_listener.py took 0.039 seconds
[2025-11-10T10:27:32.288+0000] {processor.py:161} INFO - Started process (PID=18709) to work on /home/airflow/.local/lib/python3.8/site-packages/airflow/example_dags/plugins/event_listener.py
[2025-11-10T10:27:32.292+0000] {processor.py:830} INFO - Processing file /home/airflow/.local/lib/python3.8/site-packages/airflow/example_dags/plugins/event_listener.py for tasks to queue
[2025-11-10T10:27:32.295+0000] {logging_mixin.py:188} INFO - [2025-11-10T10:27:32.295+0000] {dagbag.py:538} INFO - Filling up the DagBag from /home/airflow/.local/lib/python3.8/site-packages/airflow/example_dags/plugins/event_listener.py
[2025-11-10T10:27:32.304+0000] {processor.py:842} WARNING - No viable dags retrieved from /home/airflow/.local/lib/python3.8/site-packages/airflow/example_dags/plugins/event_listener.py
[2025-11-10T10:27:32.347+0000] {processor.py:183} INFO - Processing /home/airflow/.local/lib/python3.8/site-packages/airflow/example_dags/plugins/event_listener.py took 0.071 seconds
[2025-11-10T10:28:02.526+0000] {processor.py:161} INFO - Started process (PID=18768) to work on /home/airflow/.local/lib/python3.8/site-packages/airflow/example_dags/plugins/event_listener.py
[2025-11-10T10:28:02.528+0000] {processor.py:830} INFO - Processing file /home/airflow/.local/lib/python3.8/site-packages/airflow/example_dags/plugins/event_listener.py for tasks to queue
[2025-11-10T10:28:02.529+0000] {logging_mixin.py:188} INFO - [2025-11-10T10:28:02.529+0000] {dagbag.py:538} INFO - Filling up the DagBag from /home/airflow/.local/lib/python3.8/site-packages/airflow/example_dags/plugins/event_listener.py
[2025-11-10T10:28:02.535+0000] {processor.py:842} WARNING - No viable dags retrieved from /home/airflow/.local/lib/python3.8/site-packages/airflow/example_dags/plugins/event_listener.py
[2025-11-10T10:28:02.568+0000] {processor.py:183} INFO - Processing /home/airflow/.local/lib/python3.8/site-packages/airflow/example_dags/plugins/event_listener.py took 0.049 seconds
[2025-11-10T10:28:33.486+0000] {processor.py:161} INFO - Started process (PID=18827) to work on /home/airflow/.local/lib/python3.8/site-packages/airflow/example_dags/plugins/event_listener.py
[2025-11-10T10:28:33.488+0000] {processor.py:830} INFO - Processing file /home/airflow/.local/lib/python3.8/site-packages/airflow/example_dags/plugins/event_listener.py for tasks to queue
[2025-11-10T10:28:33.491+0000] {logging_mixin.py:188} INFO - [2025-11-10T10:28:33.490+0000] {dagbag.py:538} INFO - Filling up the DagBag from /home/airflow/.local/lib/python3.8/site-packages/airflow/example_dags/plugins/event_listener.py
[2025-11-10T10:28:33.497+0000] {processor.py:842} WARNING - No viable dags retrieved from /home/airflow/.local/lib/python3.8/site-packages/airflow/example_dags/plugins/event_listener.py
[2025-11-10T10:28:33.536+0000] {processor.py:183} INFO - Processing /home/airflow/.local/lib/python3.8/site-packages/airflow/example_dags/plugins/event_listener.py took 0.057 seconds
[2025-11-10T10:29:04.296+0000] {processor.py:161} INFO - Started process (PID=18886) to work on /home/airflow/.local/lib/python3.8/site-packages/airflow/example_dags/plugins/event_listener.py
[2025-11-10T10:29:04.299+0000] {processor.py:830} INFO - Processing file /home/airflow/.local/lib/python3.8/site-packages/airflow/example_dags/plugins/event_listener.py for tasks to queue
[2025-11-10T10:29:04.302+0000] {logging_mixin.py:188} INFO - [2025-11-10T10:29:04.301+0000] {dagbag.py:538} INFO - Filling up the DagBag from /home/airflow/.local/lib/python3.8/site-packages/airflow/example_dags/plugins/event_listener.py
[2025-11-10T10:29:04.308+0000] {processor.py:842} WARNING - No viable dags retrieved from /home/airflow/.local/lib/python3.8/site-packages/airflow/example_dags/plugins/event_listener.py
[2025-11-10T10:29:04.342+0000] {processor.py:183} INFO - Processing /home/airflow/.local/lib/python3.8/site-packages/airflow/example_dags/plugins/event_listener.py took 0.055 seconds
[2025-11-10T10:29:34.662+0000] {processor.py:161} INFO - Started process (PID=18945) to work on /home/airflow/.local/lib/python3.8/site-packages/airflow/example_dags/plugins/event_listener.py
[2025-11-10T10:29:34.666+0000] {processor.py:830} INFO - Processing file /home/airflow/.local/lib/python3.8/site-packages/airflow/example_dags/plugins/event_listener.py for tasks to queue
[2025-11-10T10:29:34.669+0000] {logging_mixin.py:188} INFO - [2025-11-10T10:29:34.668+0000] {dagbag.py:538} INFO - Filling up the DagBag from /home/airflow/.local/lib/python3.8/site-packages/airflow/example_dags/plugins/event_listener.py
[2025-11-10T10:29:34.677+0000] {processor.py:842} WARNING - No viable dags retrieved from /home/airflow/.local/lib/python3.8/site-packages/airflow/example_dags/plugins/event_listener.py
[2025-11-10T10:29:34.713+0000] {processor.py:183} INFO - Processing /home/airflow/.local/lib/python3.8/site-packages/airflow/example_dags/plugins/event_listener.py took 0.061 seconds
[2025-11-10T10:30:05.065+0000] {processor.py:161} INFO - Started process (PID=19004) to work on /home/airflow/.local/lib/python3.8/site-packages/airflow/example_dags/plugins/event_listener.py
[2025-11-10T10:30:05.079+0000] {processor.py:830} INFO - Processing file /home/airflow/.local/lib/python3.8/site-packages/airflow/example_dags/plugins/event_listener.py for tasks to queue
[2025-11-10T10:30:05.083+0000] {logging_mixin.py:188} INFO - [2025-11-10T10:30:05.082+0000] {dagbag.py:538} INFO - Filling up the DagBag from /home/airflow/.local/lib/python3.8/site-packages/airflow/example_dags/plugins/event_listener.py
[2025-11-10T10:30:05.096+0000] {processor.py:842} WARNING - No viable dags retrieved from /home/airflow/.local/lib/python3.8/site-packages/airflow/example_dags/plugins/event_listener.py
[2025-11-10T10:30:05.161+0000] {processor.py:183} INFO - Processing /home/airflow/.local/lib/python3.8/site-packages/airflow/example_dags/plugins/event_listener.py took 0.104 seconds
[2025-11-10T10:30:35.663+0000] {processor.py:161} INFO - Started process (PID=19063) to work on /home/airflow/.local/lib/python3.8/site-packages/airflow/example_dags/plugins/event_listener.py
[2025-11-10T10:30:35.666+0000] {processor.py:830} INFO - Processing file /home/airflow/.local/lib/python3.8/site-packages/airflow/example_dags/plugins/event_listener.py for tasks to queue
[2025-11-10T10:30:35.668+0000] {logging_mixin.py:188} INFO - [2025-11-10T10:30:35.667+0000] {dagbag.py:538} INFO - Filling up the DagBag from /home/airflow/.local/lib/python3.8/site-packages/airflow/example_dags/plugins/event_listener.py
[2025-11-10T10:30:35.674+0000] {processor.py:842} WARNING - No viable dags retrieved from /home/airflow/.local/lib/python3.8/site-packages/airflow/example_dags/plugins/event_listener.py
[2025-11-10T10:30:35.703+0000] {processor.py:183} INFO - Processing /home/airflow/.local/lib/python3.8/site-packages/airflow/example_dags/plugins/event_listener.py took 0.047 seconds
[2025-11-10T10:31:06.081+0000] {processor.py:161} INFO - Started process (PID=19119) to work on /home/airflow/.local/lib/python3.8/site-packages/airflow/example_dags/plugins/event_listener.py
[2025-11-10T10:31:06.083+0000] {processor.py:830} INFO - Processing file /home/airflow/.local/lib/python3.8/site-packages/airflow/example_dags/plugins/event_listener.py for tasks to queue
[2025-11-10T10:31:06.085+0000] {logging_mixin.py:188} INFO - [2025-11-10T10:31:06.085+0000] {dagbag.py:538} INFO - Filling up the DagBag from /home/airflow/.local/lib/python3.8/site-packages/airflow/example_dags/plugins/event_listener.py
[2025-11-10T10:31:06.091+0000] {processor.py:842} WARNING - No viable dags retrieved from /home/airflow/.local/lib/python3.8/site-packages/airflow/example_dags/plugins/event_listener.py
[2025-11-10T10:31:06.122+0000] {processor.py:183} INFO - Processing /home/airflow/.local/lib/python3.8/site-packages/airflow/example_dags/plugins/event_listener.py took 0.048 seconds
[2025-11-10T10:31:36.844+0000] {processor.py:161} INFO - Started process (PID=19179) to work on /home/airflow/.local/lib/python3.8/site-packages/airflow/example_dags/plugins/event_listener.py
[2025-11-10T10:31:36.845+0000] {processor.py:830} INFO - Processing file /home/airflow/.local/lib/python3.8/site-packages/airflow/example_dags/plugins/event_listener.py for tasks to queue
[2025-11-10T10:31:36.847+0000] {logging_mixin.py:188} INFO - [2025-11-10T10:31:36.847+0000] {dagbag.py:538} INFO - Filling up the DagBag from /home/airflow/.local/lib/python3.8/site-packages/airflow/example_dags/plugins/event_listener.py
[2025-11-10T10:31:36.851+0000] {processor.py:842} WARNING - No viable dags retrieved from /home/airflow/.local/lib/python3.8/site-packages/airflow/example_dags/plugins/event_listener.py
[2025-11-10T10:31:36.872+0000] {processor.py:183} INFO - Processing /home/airflow/.local/lib/python3.8/site-packages/airflow/example_dags/plugins/event_listener.py took 0.036 seconds
[2025-11-10T10:32:07.402+0000] {processor.py:161} INFO - Started process (PID=19238) to work on /home/airflow/.local/lib/python3.8/site-packages/airflow/example_dags/plugins/event_listener.py
[2025-11-10T10:32:07.405+0000] {processor.py:830} INFO - Processing file /home/airflow/.local/lib/python3.8/site-packages/airflow/example_dags/plugins/event_listener.py for tasks to queue
[2025-11-10T10:32:07.407+0000] {logging_mixin.py:188} INFO - [2025-11-10T10:32:07.407+0000] {dagbag.py:538} INFO - Filling up the DagBag from /home/airflow/.local/lib/python3.8/site-packages/airflow/example_dags/plugins/event_listener.py
[2025-11-10T10:32:07.413+0000] {processor.py:842} WARNING - No viable dags retrieved from /home/airflow/.local/lib/python3.8/site-packages/airflow/example_dags/plugins/event_listener.py
[2025-11-10T10:32:07.471+0000] {processor.py:183} INFO - Processing /home/airflow/.local/lib/python3.8/site-packages/airflow/example_dags/plugins/event_listener.py took 0.067 seconds
[2025-11-10T10:32:38.816+0000] {processor.py:161} INFO - Started process (PID=19297) to work on /home/airflow/.local/lib/python3.8/site-packages/airflow/example_dags/plugins/event_listener.py
[2025-11-10T10:32:38.831+0000] {processor.py:830} INFO - Processing file /home/airflow/.local/lib/python3.8/site-packages/airflow/example_dags/plugins/event_listener.py for tasks to queue
[2025-11-10T10:32:38.836+0000] {logging_mixin.py:188} INFO - [2025-11-10T10:32:38.835+0000] {dagbag.py:538} INFO - Filling up the DagBag from /home/airflow/.local/lib/python3.8/site-packages/airflow/example_dags/plugins/event_listener.py
[2025-11-10T10:32:38.844+0000] {processor.py:842} WARNING - No viable dags retrieved from /home/airflow/.local/lib/python3.8/site-packages/airflow/example_dags/plugins/event_listener.py
[2025-11-10T10:32:38.938+0000] {processor.py:183} INFO - Processing /home/airflow/.local/lib/python3.8/site-packages/airflow/example_dags/plugins/event_listener.py took 0.134 seconds
[2025-11-10T10:33:09.876+0000] {processor.py:161} INFO - Started process (PID=19355) to work on /home/airflow/.local/lib/python3.8/site-packages/airflow/example_dags/plugins/event_listener.py
[2025-11-10T10:33:09.878+0000] {processor.py:830} INFO - Processing file /home/airflow/.local/lib/python3.8/site-packages/airflow/example_dags/plugins/event_listener.py for tasks to queue
[2025-11-10T10:33:09.881+0000] {logging_mixin.py:188} INFO - [2025-11-10T10:33:09.880+0000] {dagbag.py:538} INFO - Filling up the DagBag from /home/airflow/.local/lib/python3.8/site-packages/airflow/example_dags/plugins/event_listener.py
[2025-11-10T10:33:09.886+0000] {processor.py:842} WARNING - No viable dags retrieved from /home/airflow/.local/lib/python3.8/site-packages/airflow/example_dags/plugins/event_listener.py
[2025-11-10T10:33:09.922+0000] {processor.py:183} INFO - Processing /home/airflow/.local/lib/python3.8/site-packages/airflow/example_dags/plugins/event_listener.py took 0.055 seconds
[2025-11-10T10:33:40.155+0000] {processor.py:161} INFO - Started process (PID=19414) to work on /home/airflow/.local/lib/python3.8/site-packages/airflow/example_dags/plugins/event_listener.py
[2025-11-10T10:33:40.156+0000] {processor.py:830} INFO - Processing file /home/airflow/.local/lib/python3.8/site-packages/airflow/example_dags/plugins/event_listener.py for tasks to queue
[2025-11-10T10:33:40.159+0000] {logging_mixin.py:188} INFO - [2025-11-10T10:33:40.158+0000] {dagbag.py:538} INFO - Filling up the DagBag from /home/airflow/.local/lib/python3.8/site-packages/airflow/example_dags/plugins/event_listener.py
[2025-11-10T10:33:40.165+0000] {processor.py:842} WARNING - No viable dags retrieved from /home/airflow/.local/lib/python3.8/site-packages/airflow/example_dags/plugins/event_listener.py
[2025-11-10T10:33:40.190+0000] {processor.py:183} INFO - Processing /home/airflow/.local/lib/python3.8/site-packages/airflow/example_dags/plugins/event_listener.py took 0.041 seconds
[2025-11-10T10:34:10.786+0000] {processor.py:161} INFO - Started process (PID=19473) to work on /home/airflow/.local/lib/python3.8/site-packages/airflow/example_dags/plugins/event_listener.py
[2025-11-10T10:34:10.788+0000] {processor.py:830} INFO - Processing file /home/airflow/.local/lib/python3.8/site-packages/airflow/example_dags/plugins/event_listener.py for tasks to queue
[2025-11-10T10:34:10.789+0000] {logging_mixin.py:188} INFO - [2025-11-10T10:34:10.789+0000] {dagbag.py:538} INFO - Filling up the DagBag from /home/airflow/.local/lib/python3.8/site-packages/airflow/example_dags/plugins/event_listener.py
[2025-11-10T10:34:10.793+0000] {processor.py:842} WARNING - No viable dags retrieved from /home/airflow/.local/lib/python3.8/site-packages/airflow/example_dags/plugins/event_listener.py
[2025-11-10T10:34:10.815+0000] {processor.py:183} INFO - Processing /home/airflow/.local/lib/python3.8/site-packages/airflow/example_dags/plugins/event_listener.py took 0.035 seconds
[2025-11-10T10:34:41.613+0000] {processor.py:161} INFO - Started process (PID=19532) to work on /home/airflow/.local/lib/python3.8/site-packages/airflow/example_dags/plugins/event_listener.py
[2025-11-10T10:34:41.617+0000] {processor.py:830} INFO - Processing file /home/airflow/.local/lib/python3.8/site-packages/airflow/example_dags/plugins/event_listener.py for tasks to queue
[2025-11-10T10:34:41.621+0000] {logging_mixin.py:188} INFO - [2025-11-10T10:34:41.620+0000] {dagbag.py:538} INFO - Filling up the DagBag from /home/airflow/.local/lib/python3.8/site-packages/airflow/example_dags/plugins/event_listener.py
[2025-11-10T10:34:41.633+0000] {processor.py:842} WARNING - No viable dags retrieved from /home/airflow/.local/lib/python3.8/site-packages/airflow/example_dags/plugins/event_listener.py
[2025-11-10T10:34:41.681+0000] {processor.py:183} INFO - Processing /home/airflow/.local/lib/python3.8/site-packages/airflow/example_dags/plugins/event_listener.py took 0.082 seconds
[2025-11-10T10:35:12.234+0000] {processor.py:161} INFO - Started process (PID=19591) to work on /home/airflow/.local/lib/python3.8/site-packages/airflow/example_dags/plugins/event_listener.py
[2025-11-10T10:35:12.236+0000] {processor.py:830} INFO - Processing file /home/airflow/.local/lib/python3.8/site-packages/airflow/example_dags/plugins/event_listener.py for tasks to queue
[2025-11-10T10:35:12.238+0000] {logging_mixin.py:188} INFO - [2025-11-10T10:35:12.237+0000] {dagbag.py:538} INFO - Filling up the DagBag from /home/airflow/.local/lib/python3.8/site-packages/airflow/example_dags/plugins/event_listener.py
[2025-11-10T10:35:12.243+0000] {processor.py:842} WARNING - No viable dags retrieved from /home/airflow/.local/lib/python3.8/site-packages/airflow/example_dags/plugins/event_listener.py
[2025-11-10T10:35:12.266+0000] {processor.py:183} INFO - Processing /home/airflow/.local/lib/python3.8/site-packages/airflow/example_dags/plugins/event_listener.py took 0.039 seconds
[2025-11-10T10:35:42.743+0000] {processor.py:161} INFO - Started process (PID=19650) to work on /home/airflow/.local/lib/python3.8/site-packages/airflow/example_dags/plugins/event_listener.py
[2025-11-10T10:35:42.746+0000] {processor.py:830} INFO - Processing file /home/airflow/.local/lib/python3.8/site-packages/airflow/example_dags/plugins/event_listener.py for tasks to queue
[2025-11-10T10:35:42.748+0000] {logging_mixin.py:188} INFO - [2025-11-10T10:35:42.747+0000] {dagbag.py:538} INFO - Filling up the DagBag from /home/airflow/.local/lib/python3.8/site-packages/airflow/example_dags/plugins/event_listener.py
[2025-11-10T10:35:42.753+0000] {processor.py:842} WARNING - No viable dags retrieved from /home/airflow/.local/lib/python3.8/site-packages/airflow/example_dags/plugins/event_listener.py
[2025-11-10T10:35:42.787+0000] {processor.py:183} INFO - Processing /home/airflow/.local/lib/python3.8/site-packages/airflow/example_dags/plugins/event_listener.py took 0.053 seconds
[2025-11-10T10:36:13.631+0000] {processor.py:161} INFO - Started process (PID=19709) to work on /home/airflow/.local/lib/python3.8/site-packages/airflow/example_dags/plugins/event_listener.py
[2025-11-10T10:36:13.633+0000] {processor.py:830} INFO - Processing file /home/airflow/.local/lib/python3.8/site-packages/airflow/example_dags/plugins/event_listener.py for tasks to queue
[2025-11-10T10:36:13.636+0000] {logging_mixin.py:188} INFO - [2025-11-10T10:36:13.635+0000] {dagbag.py:538} INFO - Filling up the DagBag from /home/airflow/.local/lib/python3.8/site-packages/airflow/example_dags/plugins/event_listener.py
[2025-11-10T10:36:13.643+0000] {processor.py:842} WARNING - No viable dags retrieved from /home/airflow/.local/lib/python3.8/site-packages/airflow/example_dags/plugins/event_listener.py
[2025-11-10T10:36:13.677+0000] {processor.py:183} INFO - Processing /home/airflow/.local/lib/python3.8/site-packages/airflow/example_dags/plugins/event_listener.py took 0.056 seconds
[2025-11-10T10:36:44.331+0000] {processor.py:161} INFO - Started process (PID=19768) to work on /home/airflow/.local/lib/python3.8/site-packages/airflow/example_dags/plugins/event_listener.py
[2025-11-10T10:36:44.333+0000] {processor.py:830} INFO - Processing file /home/airflow/.local/lib/python3.8/site-packages/airflow/example_dags/plugins/event_listener.py for tasks to queue
[2025-11-10T10:36:44.335+0000] {logging_mixin.py:188} INFO - [2025-11-10T10:36:44.334+0000] {dagbag.py:538} INFO - Filling up the DagBag from /home/airflow/.local/lib/python3.8/site-packages/airflow/example_dags/plugins/event_listener.py
[2025-11-10T10:36:44.339+0000] {processor.py:842} WARNING - No viable dags retrieved from /home/airflow/.local/lib/python3.8/site-packages/airflow/example_dags/plugins/event_listener.py
[2025-11-10T10:36:44.363+0000] {processor.py:183} INFO - Processing /home/airflow/.local/lib/python3.8/site-packages/airflow/example_dags/plugins/event_listener.py took 0.038 seconds
[2025-11-10T10:37:15.159+0000] {processor.py:161} INFO - Started process (PID=19827) to work on /home/airflow/.local/lib/python3.8/site-packages/airflow/example_dags/plugins/event_listener.py
[2025-11-10T10:37:15.163+0000] {processor.py:830} INFO - Processing file /home/airflow/.local/lib/python3.8/site-packages/airflow/example_dags/plugins/event_listener.py for tasks to queue
[2025-11-10T10:37:15.166+0000] {logging_mixin.py:188} INFO - [2025-11-10T10:37:15.165+0000] {dagbag.py:538} INFO - Filling up the DagBag from /home/airflow/.local/lib/python3.8/site-packages/airflow/example_dags/plugins/event_listener.py
[2025-11-10T10:37:15.173+0000] {processor.py:842} WARNING - No viable dags retrieved from /home/airflow/.local/lib/python3.8/site-packages/airflow/example_dags/plugins/event_listener.py
[2025-11-10T10:37:15.208+0000] {processor.py:183} INFO - Processing /home/airflow/.local/lib/python3.8/site-packages/airflow/example_dags/plugins/event_listener.py took 0.059 seconds
[2025-11-10T10:37:45.871+0000] {processor.py:161} INFO - Started process (PID=19886) to work on /home/airflow/.local/lib/python3.8/site-packages/airflow/example_dags/plugins/event_listener.py
[2025-11-10T10:37:45.874+0000] {processor.py:830} INFO - Processing file /home/airflow/.local/lib/python3.8/site-packages/airflow/example_dags/plugins/event_listener.py for tasks to queue
[2025-11-10T10:37:45.876+0000] {logging_mixin.py:188} INFO - [2025-11-10T10:37:45.875+0000] {dagbag.py:538} INFO - Filling up the DagBag from /home/airflow/.local/lib/python3.8/site-packages/airflow/example_dags/plugins/event_listener.py
[2025-11-10T10:37:45.886+0000] {processor.py:842} WARNING - No viable dags retrieved from /home/airflow/.local/lib/python3.8/site-packages/airflow/example_dags/plugins/event_listener.py
[2025-11-10T10:37:45.927+0000] {processor.py:183} INFO - Processing /home/airflow/.local/lib/python3.8/site-packages/airflow/example_dags/plugins/event_listener.py took 0.071 seconds
[2025-11-10T10:38:16.438+0000] {processor.py:161} INFO - Started process (PID=19945) to work on /home/airflow/.local/lib/python3.8/site-packages/airflow/example_dags/plugins/event_listener.py
[2025-11-10T10:38:16.440+0000] {processor.py:830} INFO - Processing file /home/airflow/.local/lib/python3.8/site-packages/airflow/example_dags/plugins/event_listener.py for tasks to queue
[2025-11-10T10:38:16.442+0000] {logging_mixin.py:188} INFO - [2025-11-10T10:38:16.441+0000] {dagbag.py:538} INFO - Filling up the DagBag from /home/airflow/.local/lib/python3.8/site-packages/airflow/example_dags/plugins/event_listener.py
[2025-11-10T10:38:16.446+0000] {processor.py:842} WARNING - No viable dags retrieved from /home/airflow/.local/lib/python3.8/site-packages/airflow/example_dags/plugins/event_listener.py
[2025-11-10T10:38:16.471+0000] {processor.py:183} INFO - Processing /home/airflow/.local/lib/python3.8/site-packages/airflow/example_dags/plugins/event_listener.py took 0.040 seconds
[2025-11-10T10:38:48.297+0000] {processor.py:161} INFO - Started process (PID=20010) to work on /home/airflow/.local/lib/python3.8/site-packages/airflow/example_dags/plugins/event_listener.py
[2025-11-10T10:38:48.313+0000] {processor.py:830} INFO - Processing file /home/airflow/.local/lib/python3.8/site-packages/airflow/example_dags/plugins/event_listener.py for tasks to queue
[2025-11-10T10:38:48.318+0000] {logging_mixin.py:188} INFO - [2025-11-10T10:38:48.317+0000] {dagbag.py:538} INFO - Filling up the DagBag from /home/airflow/.local/lib/python3.8/site-packages/airflow/example_dags/plugins/event_listener.py
[2025-11-10T10:38:48.343+0000] {processor.py:842} WARNING - No viable dags retrieved from /home/airflow/.local/lib/python3.8/site-packages/airflow/example_dags/plugins/event_listener.py
[2025-11-10T10:38:48.406+0000] {processor.py:183} INFO - Processing /home/airflow/.local/lib/python3.8/site-packages/airflow/example_dags/plugins/event_listener.py took 0.122 seconds
[2025-11-10T10:39:19.276+0000] {processor.py:161} INFO - Started process (PID=20069) to work on /home/airflow/.local/lib/python3.8/site-packages/airflow/example_dags/plugins/event_listener.py
[2025-11-10T10:39:19.280+0000] {processor.py:830} INFO - Processing file /home/airflow/.local/lib/python3.8/site-packages/airflow/example_dags/plugins/event_listener.py for tasks to queue
[2025-11-10T10:39:19.284+0000] {logging_mixin.py:188} INFO - [2025-11-10T10:39:19.283+0000] {dagbag.py:538} INFO - Filling up the DagBag from /home/airflow/.local/lib/python3.8/site-packages/airflow/example_dags/plugins/event_listener.py
[2025-11-10T10:39:19.299+0000] {processor.py:842} WARNING - No viable dags retrieved from /home/airflow/.local/lib/python3.8/site-packages/airflow/example_dags/plugins/event_listener.py
[2025-11-10T10:39:19.366+0000] {processor.py:183} INFO - Processing /home/airflow/.local/lib/python3.8/site-packages/airflow/example_dags/plugins/event_listener.py took 0.109 seconds
[2025-11-10T10:39:50.067+0000] {processor.py:161} INFO - Started process (PID=20128) to work on /home/airflow/.local/lib/python3.8/site-packages/airflow/example_dags/plugins/event_listener.py
[2025-11-10T10:39:50.071+0000] {processor.py:830} INFO - Processing file /home/airflow/.local/lib/python3.8/site-packages/airflow/example_dags/plugins/event_listener.py for tasks to queue
[2025-11-10T10:39:50.074+0000] {logging_mixin.py:188} INFO - [2025-11-10T10:39:50.073+0000] {dagbag.py:538} INFO - Filling up the DagBag from /home/airflow/.local/lib/python3.8/site-packages/airflow/example_dags/plugins/event_listener.py
[2025-11-10T10:39:50.083+0000] {processor.py:842} WARNING - No viable dags retrieved from /home/airflow/.local/lib/python3.8/site-packages/airflow/example_dags/plugins/event_listener.py
[2025-11-10T10:39:50.139+0000] {processor.py:183} INFO - Processing /home/airflow/.local/lib/python3.8/site-packages/airflow/example_dags/plugins/event_listener.py took 0.083 seconds
[2025-11-10T10:40:21.009+0000] {processor.py:161} INFO - Started process (PID=20187) to work on /home/airflow/.local/lib/python3.8/site-packages/airflow/example_dags/plugins/event_listener.py
[2025-11-10T10:40:21.011+0000] {processor.py:830} INFO - Processing file /home/airflow/.local/lib/python3.8/site-packages/airflow/example_dags/plugins/event_listener.py for tasks to queue
[2025-11-10T10:40:21.013+0000] {logging_mixin.py:188} INFO - [2025-11-10T10:40:21.013+0000] {dagbag.py:538} INFO - Filling up the DagBag from /home/airflow/.local/lib/python3.8/site-packages/airflow/example_dags/plugins/event_listener.py
[2025-11-10T10:40:21.017+0000] {processor.py:842} WARNING - No viable dags retrieved from /home/airflow/.local/lib/python3.8/site-packages/airflow/example_dags/plugins/event_listener.py
[2025-11-10T10:40:21.036+0000] {processor.py:183} INFO - Processing /home/airflow/.local/lib/python3.8/site-packages/airflow/example_dags/plugins/event_listener.py took 0.031 seconds
[2025-11-10T10:40:51.575+0000] {processor.py:161} INFO - Started process (PID=20246) to work on /home/airflow/.local/lib/python3.8/site-packages/airflow/example_dags/plugins/event_listener.py
[2025-11-10T10:40:51.578+0000] {processor.py:830} INFO - Processing file /home/airflow/.local/lib/python3.8/site-packages/airflow/example_dags/plugins/event_listener.py for tasks to queue
[2025-11-10T10:40:51.581+0000] {logging_mixin.py:188} INFO - [2025-11-10T10:40:51.580+0000] {dagbag.py:538} INFO - Filling up the DagBag from /home/airflow/.local/lib/python3.8/site-packages/airflow/example_dags/plugins/event_listener.py
[2025-11-10T10:40:51.587+0000] {processor.py:842} WARNING - No viable dags retrieved from /home/airflow/.local/lib/python3.8/site-packages/airflow/example_dags/plugins/event_listener.py
[2025-11-10T10:40:51.623+0000] {processor.py:183} INFO - Processing /home/airflow/.local/lib/python3.8/site-packages/airflow/example_dags/plugins/event_listener.py took 0.063 seconds
[2025-11-10T10:41:22.274+0000] {processor.py:161} INFO - Started process (PID=20305) to work on /home/airflow/.local/lib/python3.8/site-packages/airflow/example_dags/plugins/event_listener.py
[2025-11-10T10:41:22.277+0000] {processor.py:830} INFO - Processing file /home/airflow/.local/lib/python3.8/site-packages/airflow/example_dags/plugins/event_listener.py for tasks to queue
[2025-11-10T10:41:22.281+0000] {logging_mixin.py:188} INFO - [2025-11-10T10:41:22.280+0000] {dagbag.py:538} INFO - Filling up the DagBag from /home/airflow/.local/lib/python3.8/site-packages/airflow/example_dags/plugins/event_listener.py
[2025-11-10T10:41:22.289+0000] {processor.py:842} WARNING - No viable dags retrieved from /home/airflow/.local/lib/python3.8/site-packages/airflow/example_dags/plugins/event_listener.py
[2025-11-10T10:41:22.324+0000] {processor.py:183} INFO - Processing /home/airflow/.local/lib/python3.8/site-packages/airflow/example_dags/plugins/event_listener.py took 0.064 seconds
[2025-11-10T10:41:52.736+0000] {processor.py:161} INFO - Started process (PID=20364) to work on /home/airflow/.local/lib/python3.8/site-packages/airflow/example_dags/plugins/event_listener.py
[2025-11-10T10:41:52.740+0000] {processor.py:830} INFO - Processing file /home/airflow/.local/lib/python3.8/site-packages/airflow/example_dags/plugins/event_listener.py for tasks to queue
[2025-11-10T10:41:52.748+0000] {logging_mixin.py:188} INFO - [2025-11-10T10:41:52.743+0000] {dagbag.py:538} INFO - Filling up the DagBag from /home/airflow/.local/lib/python3.8/site-packages/airflow/example_dags/plugins/event_listener.py
[2025-11-10T10:41:52.757+0000] {processor.py:842} WARNING - No viable dags retrieved from /home/airflow/.local/lib/python3.8/site-packages/airflow/example_dags/plugins/event_listener.py
[2025-11-10T10:41:52.806+0000] {processor.py:183} INFO - Processing /home/airflow/.local/lib/python3.8/site-packages/airflow/example_dags/plugins/event_listener.py took 0.081 seconds
[2025-11-10T10:42:23.776+0000] {processor.py:161} INFO - Started process (PID=20424) to work on /home/airflow/.local/lib/python3.8/site-packages/airflow/example_dags/plugins/event_listener.py
[2025-11-10T10:42:23.779+0000] {processor.py:830} INFO - Processing file /home/airflow/.local/lib/python3.8/site-packages/airflow/example_dags/plugins/event_listener.py for tasks to queue
[2025-11-10T10:42:23.783+0000] {logging_mixin.py:188} INFO - [2025-11-10T10:42:23.781+0000] {dagbag.py:538} INFO - Filling up the DagBag from /home/airflow/.local/lib/python3.8/site-packages/airflow/example_dags/plugins/event_listener.py
[2025-11-10T10:42:23.789+0000] {processor.py:842} WARNING - No viable dags retrieved from /home/airflow/.local/lib/python3.8/site-packages/airflow/example_dags/plugins/event_listener.py
[2025-11-10T10:42:23.831+0000] {processor.py:183} INFO - Processing /home/airflow/.local/lib/python3.8/site-packages/airflow/example_dags/plugins/event_listener.py took 0.065 seconds
[2025-11-10T10:42:54.608+0000] {processor.py:161} INFO - Started process (PID=20483) to work on /home/airflow/.local/lib/python3.8/site-packages/airflow/example_dags/plugins/event_listener.py
[2025-11-10T10:42:54.609+0000] {processor.py:830} INFO - Processing file /home/airflow/.local/lib/python3.8/site-packages/airflow/example_dags/plugins/event_listener.py for tasks to queue
[2025-11-10T10:42:54.611+0000] {logging_mixin.py:188} INFO - [2025-11-10T10:42:54.610+0000] {dagbag.py:538} INFO - Filling up the DagBag from /home/airflow/.local/lib/python3.8/site-packages/airflow/example_dags/plugins/event_listener.py
[2025-11-10T10:42:54.614+0000] {processor.py:842} WARNING - No viable dags retrieved from /home/airflow/.local/lib/python3.8/site-packages/airflow/example_dags/plugins/event_listener.py
[2025-11-10T10:42:54.635+0000] {processor.py:183} INFO - Processing /home/airflow/.local/lib/python3.8/site-packages/airflow/example_dags/plugins/event_listener.py took 0.031 seconds
[2025-11-10T10:43:24.812+0000] {processor.py:161} INFO - Started process (PID=20542) to work on /home/airflow/.local/lib/python3.8/site-packages/airflow/example_dags/plugins/event_listener.py
[2025-11-10T10:43:24.814+0000] {processor.py:830} INFO - Processing file /home/airflow/.local/lib/python3.8/site-packages/airflow/example_dags/plugins/event_listener.py for tasks to queue
[2025-11-10T10:43:24.816+0000] {logging_mixin.py:188} INFO - [2025-11-10T10:43:24.815+0000] {dagbag.py:538} INFO - Filling up the DagBag from /home/airflow/.local/lib/python3.8/site-packages/airflow/example_dags/plugins/event_listener.py
[2025-11-10T10:43:24.819+0000] {processor.py:842} WARNING - No viable dags retrieved from /home/airflow/.local/lib/python3.8/site-packages/airflow/example_dags/plugins/event_listener.py
[2025-11-10T10:43:24.842+0000] {processor.py:183} INFO - Processing /home/airflow/.local/lib/python3.8/site-packages/airflow/example_dags/plugins/event_listener.py took 0.037 seconds
[2025-11-10T10:43:55.521+0000] {processor.py:161} INFO - Started process (PID=20601) to work on /home/airflow/.local/lib/python3.8/site-packages/airflow/example_dags/plugins/event_listener.py
[2025-11-10T10:43:55.523+0000] {processor.py:830} INFO - Processing file /home/airflow/.local/lib/python3.8/site-packages/airflow/example_dags/plugins/event_listener.py for tasks to queue
[2025-11-10T10:43:55.524+0000] {logging_mixin.py:188} INFO - [2025-11-10T10:43:55.524+0000] {dagbag.py:538} INFO - Filling up the DagBag from /home/airflow/.local/lib/python3.8/site-packages/airflow/example_dags/plugins/event_listener.py
[2025-11-10T10:43:55.527+0000] {processor.py:842} WARNING - No viable dags retrieved from /home/airflow/.local/lib/python3.8/site-packages/airflow/example_dags/plugins/event_listener.py
[2025-11-10T10:43:55.547+0000] {processor.py:183} INFO - Processing /home/airflow/.local/lib/python3.8/site-packages/airflow/example_dags/plugins/event_listener.py took 0.031 seconds
[2025-11-10T10:44:26.186+0000] {processor.py:161} INFO - Started process (PID=20661) to work on /home/airflow/.local/lib/python3.8/site-packages/airflow/example_dags/plugins/event_listener.py
[2025-11-10T10:44:26.188+0000] {processor.py:830} INFO - Processing file /home/airflow/.local/lib/python3.8/site-packages/airflow/example_dags/plugins/event_listener.py for tasks to queue
[2025-11-10T10:44:26.189+0000] {logging_mixin.py:188} INFO - [2025-11-10T10:44:26.189+0000] {dagbag.py:538} INFO - Filling up the DagBag from /home/airflow/.local/lib/python3.8/site-packages/airflow/example_dags/plugins/event_listener.py
[2025-11-10T10:44:26.193+0000] {processor.py:842} WARNING - No viable dags retrieved from /home/airflow/.local/lib/python3.8/site-packages/airflow/example_dags/plugins/event_listener.py
[2025-11-10T10:44:26.213+0000] {processor.py:183} INFO - Processing /home/airflow/.local/lib/python3.8/site-packages/airflow/example_dags/plugins/event_listener.py took 0.031 seconds
[2025-11-10T10:44:56.485+0000] {processor.py:161} INFO - Started process (PID=20720) to work on /home/airflow/.local/lib/python3.8/site-packages/airflow/example_dags/plugins/event_listener.py
[2025-11-10T10:44:56.487+0000] {processor.py:830} INFO - Processing file /home/airflow/.local/lib/python3.8/site-packages/airflow/example_dags/plugins/event_listener.py for tasks to queue
[2025-11-10T10:44:56.489+0000] {logging_mixin.py:188} INFO - [2025-11-10T10:44:56.488+0000] {dagbag.py:538} INFO - Filling up the DagBag from /home/airflow/.local/lib/python3.8/site-packages/airflow/example_dags/plugins/event_listener.py
[2025-11-10T10:44:56.493+0000] {processor.py:842} WARNING - No viable dags retrieved from /home/airflow/.local/lib/python3.8/site-packages/airflow/example_dags/plugins/event_listener.py
[2025-11-10T10:44:56.515+0000] {processor.py:183} INFO - Processing /home/airflow/.local/lib/python3.8/site-packages/airflow/example_dags/plugins/event_listener.py took 0.037 seconds
[2025-11-10T10:45:26.883+0000] {processor.py:161} INFO - Started process (PID=20779) to work on /home/airflow/.local/lib/python3.8/site-packages/airflow/example_dags/plugins/event_listener.py
[2025-11-10T10:45:26.885+0000] {processor.py:830} INFO - Processing file /home/airflow/.local/lib/python3.8/site-packages/airflow/example_dags/plugins/event_listener.py for tasks to queue
[2025-11-10T10:45:26.887+0000] {logging_mixin.py:188} INFO - [2025-11-10T10:45:26.887+0000] {dagbag.py:538} INFO - Filling up the DagBag from /home/airflow/.local/lib/python3.8/site-packages/airflow/example_dags/plugins/event_listener.py
[2025-11-10T10:45:26.894+0000] {processor.py:842} WARNING - No viable dags retrieved from /home/airflow/.local/lib/python3.8/site-packages/airflow/example_dags/plugins/event_listener.py
[2025-11-10T10:45:26.921+0000] {processor.py:183} INFO - Processing /home/airflow/.local/lib/python3.8/site-packages/airflow/example_dags/plugins/event_listener.py took 0.045 seconds
[2025-11-10T10:45:57.430+0000] {processor.py:161} INFO - Started process (PID=20838) to work on /home/airflow/.local/lib/python3.8/site-packages/airflow/example_dags/plugins/event_listener.py
[2025-11-10T10:45:57.432+0000] {processor.py:830} INFO - Processing file /home/airflow/.local/lib/python3.8/site-packages/airflow/example_dags/plugins/event_listener.py for tasks to queue
[2025-11-10T10:45:57.434+0000] {logging_mixin.py:188} INFO - [2025-11-10T10:45:57.433+0000] {dagbag.py:538} INFO - Filling up the DagBag from /home/airflow/.local/lib/python3.8/site-packages/airflow/example_dags/plugins/event_listener.py
[2025-11-10T10:45:57.439+0000] {processor.py:842} WARNING - No viable dags retrieved from /home/airflow/.local/lib/python3.8/site-packages/airflow/example_dags/plugins/event_listener.py
[2025-11-10T10:45:57.464+0000] {processor.py:183} INFO - Processing /home/airflow/.local/lib/python3.8/site-packages/airflow/example_dags/plugins/event_listener.py took 0.041 seconds
[2025-11-10T10:46:27.969+0000] {processor.py:161} INFO - Started process (PID=20897) to work on /home/airflow/.local/lib/python3.8/site-packages/airflow/example_dags/plugins/event_listener.py
[2025-11-10T10:46:27.970+0000] {processor.py:830} INFO - Processing file /home/airflow/.local/lib/python3.8/site-packages/airflow/example_dags/plugins/event_listener.py for tasks to queue
[2025-11-10T10:46:27.972+0000] {logging_mixin.py:188} INFO - [2025-11-10T10:46:27.972+0000] {dagbag.py:538} INFO - Filling up the DagBag from /home/airflow/.local/lib/python3.8/site-packages/airflow/example_dags/plugins/event_listener.py
[2025-11-10T10:46:27.978+0000] {processor.py:842} WARNING - No viable dags retrieved from /home/airflow/.local/lib/python3.8/site-packages/airflow/example_dags/plugins/event_listener.py
[2025-11-10T10:46:28.001+0000] {processor.py:183} INFO - Processing /home/airflow/.local/lib/python3.8/site-packages/airflow/example_dags/plugins/event_listener.py took 0.038 seconds
[2025-11-10T10:46:58.136+0000] {processor.py:161} INFO - Started process (PID=20956) to work on /home/airflow/.local/lib/python3.8/site-packages/airflow/example_dags/plugins/event_listener.py
[2025-11-10T10:46:58.139+0000] {processor.py:830} INFO - Processing file /home/airflow/.local/lib/python3.8/site-packages/airflow/example_dags/plugins/event_listener.py for tasks to queue
[2025-11-10T10:46:58.141+0000] {logging_mixin.py:188} INFO - [2025-11-10T10:46:58.140+0000] {dagbag.py:538} INFO - Filling up the DagBag from /home/airflow/.local/lib/python3.8/site-packages/airflow/example_dags/plugins/event_listener.py
[2025-11-10T10:46:58.146+0000] {processor.py:842} WARNING - No viable dags retrieved from /home/airflow/.local/lib/python3.8/site-packages/airflow/example_dags/plugins/event_listener.py
[2025-11-10T10:46:58.184+0000] {processor.py:183} INFO - Processing /home/airflow/.local/lib/python3.8/site-packages/airflow/example_dags/plugins/event_listener.py took 0.055 seconds
[2025-11-10T10:47:28.339+0000] {processor.py:161} INFO - Started process (PID=21014) to work on /home/airflow/.local/lib/python3.8/site-packages/airflow/example_dags/plugins/event_listener.py
[2025-11-10T10:47:28.340+0000] {processor.py:830} INFO - Processing file /home/airflow/.local/lib/python3.8/site-packages/airflow/example_dags/plugins/event_listener.py for tasks to queue
[2025-11-10T10:47:28.342+0000] {logging_mixin.py:188} INFO - [2025-11-10T10:47:28.341+0000] {dagbag.py:538} INFO - Filling up the DagBag from /home/airflow/.local/lib/python3.8/site-packages/airflow/example_dags/plugins/event_listener.py
[2025-11-10T10:47:28.345+0000] {processor.py:842} WARNING - No viable dags retrieved from /home/airflow/.local/lib/python3.8/site-packages/airflow/example_dags/plugins/event_listener.py
[2025-11-10T10:47:28.364+0000] {processor.py:183} INFO - Processing /home/airflow/.local/lib/python3.8/site-packages/airflow/example_dags/plugins/event_listener.py took 0.030 seconds
[2025-11-10T10:47:58.726+0000] {processor.py:161} INFO - Started process (PID=21073) to work on /home/airflow/.local/lib/python3.8/site-packages/airflow/example_dags/plugins/event_listener.py
[2025-11-10T10:47:58.728+0000] {processor.py:830} INFO - Processing file /home/airflow/.local/lib/python3.8/site-packages/airflow/example_dags/plugins/event_listener.py for tasks to queue
[2025-11-10T10:47:58.729+0000] {logging_mixin.py:188} INFO - [2025-11-10T10:47:58.729+0000] {dagbag.py:538} INFO - Filling up the DagBag from /home/airflow/.local/lib/python3.8/site-packages/airflow/example_dags/plugins/event_listener.py
[2025-11-10T10:47:58.732+0000] {processor.py:842} WARNING - No viable dags retrieved from /home/airflow/.local/lib/python3.8/site-packages/airflow/example_dags/plugins/event_listener.py
[2025-11-10T10:47:58.751+0000] {processor.py:183} INFO - Processing /home/airflow/.local/lib/python3.8/site-packages/airflow/example_dags/plugins/event_listener.py took 0.029 seconds
[2025-11-10T10:48:29.000+0000] {processor.py:161} INFO - Started process (PID=21132) to work on /home/airflow/.local/lib/python3.8/site-packages/airflow/example_dags/plugins/event_listener.py
[2025-11-10T10:48:29.002+0000] {processor.py:830} INFO - Processing file /home/airflow/.local/lib/python3.8/site-packages/airflow/example_dags/plugins/event_listener.py for tasks to queue
[2025-11-10T10:48:29.003+0000] {logging_mixin.py:188} INFO - [2025-11-10T10:48:29.003+0000] {dagbag.py:538} INFO - Filling up the DagBag from /home/airflow/.local/lib/python3.8/site-packages/airflow/example_dags/plugins/event_listener.py
[2025-11-10T10:48:29.007+0000] {processor.py:842} WARNING - No viable dags retrieved from /home/airflow/.local/lib/python3.8/site-packages/airflow/example_dags/plugins/event_listener.py
[2025-11-10T10:48:29.028+0000] {processor.py:183} INFO - Processing /home/airflow/.local/lib/python3.8/site-packages/airflow/example_dags/plugins/event_listener.py took 0.032 seconds
[2025-11-10T10:48:59.592+0000] {processor.py:161} INFO - Started process (PID=21192) to work on /home/airflow/.local/lib/python3.8/site-packages/airflow/example_dags/plugins/event_listener.py
[2025-11-10T10:48:59.594+0000] {processor.py:830} INFO - Processing file /home/airflow/.local/lib/python3.8/site-packages/airflow/example_dags/plugins/event_listener.py for tasks to queue
[2025-11-10T10:48:59.595+0000] {logging_mixin.py:188} INFO - [2025-11-10T10:48:59.595+0000] {dagbag.py:538} INFO - Filling up the DagBag from /home/airflow/.local/lib/python3.8/site-packages/airflow/example_dags/plugins/event_listener.py
[2025-11-10T10:48:59.598+0000] {processor.py:842} WARNING - No viable dags retrieved from /home/airflow/.local/lib/python3.8/site-packages/airflow/example_dags/plugins/event_listener.py
[2025-11-10T10:48:59.617+0000] {processor.py:183} INFO - Processing /home/airflow/.local/lib/python3.8/site-packages/airflow/example_dags/plugins/event_listener.py took 0.029 seconds
[2025-11-10T10:49:30.068+0000] {processor.py:161} INFO - Started process (PID=21251) to work on /home/airflow/.local/lib/python3.8/site-packages/airflow/example_dags/plugins/event_listener.py
[2025-11-10T10:49:30.070+0000] {processor.py:830} INFO - Processing file /home/airflow/.local/lib/python3.8/site-packages/airflow/example_dags/plugins/event_listener.py for tasks to queue
[2025-11-10T10:49:30.071+0000] {logging_mixin.py:188} INFO - [2025-11-10T10:49:30.071+0000] {dagbag.py:538} INFO - Filling up the DagBag from /home/airflow/.local/lib/python3.8/site-packages/airflow/example_dags/plugins/event_listener.py
[2025-11-10T10:49:30.075+0000] {processor.py:842} WARNING - No viable dags retrieved from /home/airflow/.local/lib/python3.8/site-packages/airflow/example_dags/plugins/event_listener.py
[2025-11-10T10:49:30.094+0000] {processor.py:183} INFO - Processing /home/airflow/.local/lib/python3.8/site-packages/airflow/example_dags/plugins/event_listener.py took 0.030 seconds
[2025-11-10T10:50:00.762+0000] {processor.py:161} INFO - Started process (PID=21310) to work on /home/airflow/.local/lib/python3.8/site-packages/airflow/example_dags/plugins/event_listener.py
[2025-11-10T10:50:00.764+0000] {processor.py:830} INFO - Processing file /home/airflow/.local/lib/python3.8/site-packages/airflow/example_dags/plugins/event_listener.py for tasks to queue
[2025-11-10T10:50:00.766+0000] {logging_mixin.py:188} INFO - [2025-11-10T10:50:00.765+0000] {dagbag.py:538} INFO - Filling up the DagBag from /home/airflow/.local/lib/python3.8/site-packages/airflow/example_dags/plugins/event_listener.py
[2025-11-10T10:50:00.771+0000] {processor.py:842} WARNING - No viable dags retrieved from /home/airflow/.local/lib/python3.8/site-packages/airflow/example_dags/plugins/event_listener.py
[2025-11-10T10:50:00.796+0000] {processor.py:183} INFO - Processing /home/airflow/.local/lib/python3.8/site-packages/airflow/example_dags/plugins/event_listener.py took 0.040 seconds
[2025-11-10T10:50:31.477+0000] {processor.py:161} INFO - Started process (PID=21369) to work on /home/airflow/.local/lib/python3.8/site-packages/airflow/example_dags/plugins/event_listener.py
[2025-11-10T10:50:31.479+0000] {processor.py:830} INFO - Processing file /home/airflow/.local/lib/python3.8/site-packages/airflow/example_dags/plugins/event_listener.py for tasks to queue
[2025-11-10T10:50:31.481+0000] {logging_mixin.py:188} INFO - [2025-11-10T10:50:31.481+0000] {dagbag.py:538} INFO - Filling up the DagBag from /home/airflow/.local/lib/python3.8/site-packages/airflow/example_dags/plugins/event_listener.py
[2025-11-10T10:50:31.486+0000] {processor.py:842} WARNING - No viable dags retrieved from /home/airflow/.local/lib/python3.8/site-packages/airflow/example_dags/plugins/event_listener.py
[2025-11-10T10:50:31.510+0000] {processor.py:183} INFO - Processing /home/airflow/.local/lib/python3.8/site-packages/airflow/example_dags/plugins/event_listener.py took 0.039 seconds
[2025-11-10T10:51:01.941+0000] {processor.py:161} INFO - Started process (PID=21428) to work on /home/airflow/.local/lib/python3.8/site-packages/airflow/example_dags/plugins/event_listener.py
[2025-11-10T10:51:01.943+0000] {processor.py:830} INFO - Processing file /home/airflow/.local/lib/python3.8/site-packages/airflow/example_dags/plugins/event_listener.py for tasks to queue
[2025-11-10T10:51:01.945+0000] {logging_mixin.py:188} INFO - [2025-11-10T10:51:01.944+0000] {dagbag.py:538} INFO - Filling up the DagBag from /home/airflow/.local/lib/python3.8/site-packages/airflow/example_dags/plugins/event_listener.py
[2025-11-10T10:51:01.950+0000] {processor.py:842} WARNING - No viable dags retrieved from /home/airflow/.local/lib/python3.8/site-packages/airflow/example_dags/plugins/event_listener.py
[2025-11-10T10:51:01.974+0000] {processor.py:183} INFO - Processing /home/airflow/.local/lib/python3.8/site-packages/airflow/example_dags/plugins/event_listener.py took 0.039 seconds
[2025-11-10T10:51:32.561+0000] {processor.py:161} INFO - Started process (PID=21487) to work on /home/airflow/.local/lib/python3.8/site-packages/airflow/example_dags/plugins/event_listener.py
[2025-11-10T10:51:32.573+0000] {processor.py:830} INFO - Processing file /home/airflow/.local/lib/python3.8/site-packages/airflow/example_dags/plugins/event_listener.py for tasks to queue
[2025-11-10T10:51:32.578+0000] {logging_mixin.py:188} INFO - [2025-11-10T10:51:32.577+0000] {dagbag.py:538} INFO - Filling up the DagBag from /home/airflow/.local/lib/python3.8/site-packages/airflow/example_dags/plugins/event_listener.py
[2025-11-10T10:51:32.606+0000] {processor.py:842} WARNING - No viable dags retrieved from /home/airflow/.local/lib/python3.8/site-packages/airflow/example_dags/plugins/event_listener.py
[2025-11-10T10:51:32.703+0000] {processor.py:183} INFO - Processing /home/airflow/.local/lib/python3.8/site-packages/airflow/example_dags/plugins/event_listener.py took 0.162 seconds
[2025-11-10T10:52:03.156+0000] {processor.py:161} INFO - Started process (PID=21546) to work on /home/airflow/.local/lib/python3.8/site-packages/airflow/example_dags/plugins/event_listener.py
[2025-11-10T10:52:03.160+0000] {processor.py:830} INFO - Processing file /home/airflow/.local/lib/python3.8/site-packages/airflow/example_dags/plugins/event_listener.py for tasks to queue
[2025-11-10T10:52:03.172+0000] {logging_mixin.py:188} INFO - [2025-11-10T10:52:03.171+0000] {dagbag.py:538} INFO - Filling up the DagBag from /home/airflow/.local/lib/python3.8/site-packages/airflow/example_dags/plugins/event_listener.py
[2025-11-10T10:52:03.190+0000] {processor.py:842} WARNING - No viable dags retrieved from /home/airflow/.local/lib/python3.8/site-packages/airflow/example_dags/plugins/event_listener.py
[2025-11-10T10:52:03.299+0000] {processor.py:183} INFO - Processing /home/airflow/.local/lib/python3.8/site-packages/airflow/example_dags/plugins/event_listener.py took 0.165 seconds
[2025-11-10T10:52:34.649+0000] {processor.py:161} INFO - Started process (PID=21605) to work on /home/airflow/.local/lib/python3.8/site-packages/airflow/example_dags/plugins/event_listener.py
[2025-11-10T10:52:34.660+0000] {processor.py:830} INFO - Processing file /home/airflow/.local/lib/python3.8/site-packages/airflow/example_dags/plugins/event_listener.py for tasks to queue
[2025-11-10T10:52:34.665+0000] {logging_mixin.py:188} INFO - [2025-11-10T10:52:34.664+0000] {dagbag.py:538} INFO - Filling up the DagBag from /home/airflow/.local/lib/python3.8/site-packages/airflow/example_dags/plugins/event_listener.py
[2025-11-10T10:52:34.688+0000] {processor.py:842} WARNING - No viable dags retrieved from /home/airflow/.local/lib/python3.8/site-packages/airflow/example_dags/plugins/event_listener.py
[2025-11-10T10:52:34.800+0000] {processor.py:183} INFO - Processing /home/airflow/.local/lib/python3.8/site-packages/airflow/example_dags/plugins/event_listener.py took 0.172 seconds
[2025-11-10T10:53:05.113+0000] {processor.py:161} INFO - Started process (PID=21663) to work on /home/airflow/.local/lib/python3.8/site-packages/airflow/example_dags/plugins/event_listener.py
[2025-11-10T10:53:05.120+0000] {processor.py:830} INFO - Processing file /home/airflow/.local/lib/python3.8/site-packages/airflow/example_dags/plugins/event_listener.py for tasks to queue
[2025-11-10T10:53:05.128+0000] {logging_mixin.py:188} INFO - [2025-11-10T10:53:05.124+0000] {dagbag.py:538} INFO - Filling up the DagBag from /home/airflow/.local/lib/python3.8/site-packages/airflow/example_dags/plugins/event_listener.py
[2025-11-10T10:53:05.142+0000] {processor.py:842} WARNING - No viable dags retrieved from /home/airflow/.local/lib/python3.8/site-packages/airflow/example_dags/plugins/event_listener.py
[2025-11-10T10:53:05.212+0000] {processor.py:183} INFO - Processing /home/airflow/.local/lib/python3.8/site-packages/airflow/example_dags/plugins/event_listener.py took 0.117 seconds
[2025-11-10T10:53:35.798+0000] {processor.py:161} INFO - Started process (PID=21721) to work on /home/airflow/.local/lib/python3.8/site-packages/airflow/example_dags/plugins/event_listener.py
[2025-11-10T10:53:35.811+0000] {processor.py:830} INFO - Processing file /home/airflow/.local/lib/python3.8/site-packages/airflow/example_dags/plugins/event_listener.py for tasks to queue
[2025-11-10T10:53:35.815+0000] {logging_mixin.py:188} INFO - [2025-11-10T10:53:35.814+0000] {dagbag.py:538} INFO - Filling up the DagBag from /home/airflow/.local/lib/python3.8/site-packages/airflow/example_dags/plugins/event_listener.py
[2025-11-10T10:53:35.843+0000] {processor.py:842} WARNING - No viable dags retrieved from /home/airflow/.local/lib/python3.8/site-packages/airflow/example_dags/plugins/event_listener.py
[2025-11-10T10:53:35.950+0000] {processor.py:183} INFO - Processing /home/airflow/.local/lib/python3.8/site-packages/airflow/example_dags/plugins/event_listener.py took 0.173 seconds
[2025-11-10T10:54:06.706+0000] {processor.py:161} INFO - Started process (PID=21778) to work on /home/airflow/.local/lib/python3.8/site-packages/airflow/example_dags/plugins/event_listener.py
[2025-11-10T10:54:06.709+0000] {processor.py:830} INFO - Processing file /home/airflow/.local/lib/python3.8/site-packages/airflow/example_dags/plugins/event_listener.py for tasks to queue
[2025-11-10T10:54:06.712+0000] {logging_mixin.py:188} INFO - [2025-11-10T10:54:06.711+0000] {dagbag.py:538} INFO - Filling up the DagBag from /home/airflow/.local/lib/python3.8/site-packages/airflow/example_dags/plugins/event_listener.py
[2025-11-10T10:54:06.718+0000] {processor.py:842} WARNING - No viable dags retrieved from /home/airflow/.local/lib/python3.8/site-packages/airflow/example_dags/plugins/event_listener.py
[2025-11-10T10:54:06.754+0000] {processor.py:183} INFO - Processing /home/airflow/.local/lib/python3.8/site-packages/airflow/example_dags/plugins/event_listener.py took 0.060 seconds
[2025-11-10T10:54:39.884+0000] {processor.py:161} INFO - Started process (PID=21838) to work on /home/airflow/.local/lib/python3.8/site-packages/airflow/example_dags/plugins/event_listener.py
[2025-11-10T10:54:39.902+0000] {processor.py:830} INFO - Processing file /home/airflow/.local/lib/python3.8/site-packages/airflow/example_dags/plugins/event_listener.py for tasks to queue
[2025-11-10T10:54:39.931+0000] {logging_mixin.py:188} INFO - [2025-11-10T10:54:39.930+0000] {dagbag.py:538} INFO - Filling up the DagBag from /home/airflow/.local/lib/python3.8/site-packages/airflow/example_dags/plugins/event_listener.py
[2025-11-10T10:54:39.952+0000] {processor.py:842} WARNING - No viable dags retrieved from /home/airflow/.local/lib/python3.8/site-packages/airflow/example_dags/plugins/event_listener.py
[2025-11-10T10:54:40.068+0000] {processor.py:183} INFO - Processing /home/airflow/.local/lib/python3.8/site-packages/airflow/example_dags/plugins/event_listener.py took 0.226 seconds
[2025-11-10T10:55:10.442+0000] {processor.py:161} INFO - Started process (PID=21897) to work on /home/airflow/.local/lib/python3.8/site-packages/airflow/example_dags/plugins/event_listener.py
[2025-11-10T10:55:10.448+0000] {processor.py:830} INFO - Processing file /home/airflow/.local/lib/python3.8/site-packages/airflow/example_dags/plugins/event_listener.py for tasks to queue
[2025-11-10T10:55:10.450+0000] {logging_mixin.py:188} INFO - [2025-11-10T10:55:10.449+0000] {dagbag.py:538} INFO - Filling up the DagBag from /home/airflow/.local/lib/python3.8/site-packages/airflow/example_dags/plugins/event_listener.py
[2025-11-10T10:55:10.457+0000] {processor.py:842} WARNING - No viable dags retrieved from /home/airflow/.local/lib/python3.8/site-packages/airflow/example_dags/plugins/event_listener.py
[2025-11-10T10:55:10.502+0000] {processor.py:183} INFO - Processing /home/airflow/.local/lib/python3.8/site-packages/airflow/example_dags/plugins/event_listener.py took 0.075 seconds
[2025-11-10T10:55:41.025+0000] {processor.py:161} INFO - Started process (PID=21956) to work on /home/airflow/.local/lib/python3.8/site-packages/airflow/example_dags/plugins/event_listener.py
[2025-11-10T10:55:41.028+0000] {processor.py:830} INFO - Processing file /home/airflow/.local/lib/python3.8/site-packages/airflow/example_dags/plugins/event_listener.py for tasks to queue
[2025-11-10T10:55:41.030+0000] {logging_mixin.py:188} INFO - [2025-11-10T10:55:41.029+0000] {dagbag.py:538} INFO - Filling up the DagBag from /home/airflow/.local/lib/python3.8/site-packages/airflow/example_dags/plugins/event_listener.py
[2025-11-10T10:55:41.035+0000] {processor.py:842} WARNING - No viable dags retrieved from /home/airflow/.local/lib/python3.8/site-packages/airflow/example_dags/plugins/event_listener.py
[2025-11-10T10:55:41.062+0000] {processor.py:183} INFO - Processing /home/airflow/.local/lib/python3.8/site-packages/airflow/example_dags/plugins/event_listener.py took 0.050 seconds
[2025-11-10T10:56:12.098+0000] {processor.py:161} INFO - Started process (PID=22016) to work on /home/airflow/.local/lib/python3.8/site-packages/airflow/example_dags/plugins/event_listener.py
[2025-11-10T10:56:12.100+0000] {processor.py:830} INFO - Processing file /home/airflow/.local/lib/python3.8/site-packages/airflow/example_dags/plugins/event_listener.py for tasks to queue
[2025-11-10T10:56:12.102+0000] {logging_mixin.py:188} INFO - [2025-11-10T10:56:12.101+0000] {dagbag.py:538} INFO - Filling up the DagBag from /home/airflow/.local/lib/python3.8/site-packages/airflow/example_dags/plugins/event_listener.py
[2025-11-10T10:56:12.106+0000] {processor.py:842} WARNING - No viable dags retrieved from /home/airflow/.local/lib/python3.8/site-packages/airflow/example_dags/plugins/event_listener.py
[2025-11-10T10:56:12.133+0000] {processor.py:183} INFO - Processing /home/airflow/.local/lib/python3.8/site-packages/airflow/example_dags/plugins/event_listener.py took 0.043 seconds
[2025-11-10T10:56:43.129+0000] {processor.py:161} INFO - Started process (PID=22076) to work on /home/airflow/.local/lib/python3.8/site-packages/airflow/example_dags/plugins/event_listener.py
[2025-11-10T10:56:43.133+0000] {processor.py:830} INFO - Processing file /home/airflow/.local/lib/python3.8/site-packages/airflow/example_dags/plugins/event_listener.py for tasks to queue
[2025-11-10T10:56:43.136+0000] {logging_mixin.py:188} INFO - [2025-11-10T10:56:43.135+0000] {dagbag.py:538} INFO - Filling up the DagBag from /home/airflow/.local/lib/python3.8/site-packages/airflow/example_dags/plugins/event_listener.py
[2025-11-10T10:56:43.148+0000] {processor.py:842} WARNING - No viable dags retrieved from /home/airflow/.local/lib/python3.8/site-packages/airflow/example_dags/plugins/event_listener.py
[2025-11-10T10:56:43.233+0000] {processor.py:183} INFO - Processing /home/airflow/.local/lib/python3.8/site-packages/airflow/example_dags/plugins/event_listener.py took 0.118 seconds
[2025-11-10T10:57:14.087+0000] {processor.py:161} INFO - Started process (PID=22135) to work on /home/airflow/.local/lib/python3.8/site-packages/airflow/example_dags/plugins/event_listener.py
[2025-11-10T10:57:14.090+0000] {processor.py:830} INFO - Processing file /home/airflow/.local/lib/python3.8/site-packages/airflow/example_dags/plugins/event_listener.py for tasks to queue
[2025-11-10T10:57:14.093+0000] {logging_mixin.py:188} INFO - [2025-11-10T10:57:14.092+0000] {dagbag.py:538} INFO - Filling up the DagBag from /home/airflow/.local/lib/python3.8/site-packages/airflow/example_dags/plugins/event_listener.py
[2025-11-10T10:57:14.101+0000] {processor.py:842} WARNING - No viable dags retrieved from /home/airflow/.local/lib/python3.8/site-packages/airflow/example_dags/plugins/event_listener.py
[2025-11-10T10:57:14.138+0000] {processor.py:183} INFO - Processing /home/airflow/.local/lib/python3.8/site-packages/airflow/example_dags/plugins/event_listener.py took 0.061 seconds
[2025-11-10T10:57:44.788+0000] {processor.py:161} INFO - Started process (PID=22194) to work on /home/airflow/.local/lib/python3.8/site-packages/airflow/example_dags/plugins/event_listener.py
[2025-11-10T10:57:44.790+0000] {processor.py:830} INFO - Processing file /home/airflow/.local/lib/python3.8/site-packages/airflow/example_dags/plugins/event_listener.py for tasks to queue
[2025-11-10T10:57:44.792+0000] {logging_mixin.py:188} INFO - [2025-11-10T10:57:44.792+0000] {dagbag.py:538} INFO - Filling up the DagBag from /home/airflow/.local/lib/python3.8/site-packages/airflow/example_dags/plugins/event_listener.py
[2025-11-10T10:57:44.798+0000] {processor.py:842} WARNING - No viable dags retrieved from /home/airflow/.local/lib/python3.8/site-packages/airflow/example_dags/plugins/event_listener.py
[2025-11-10T10:57:44.825+0000] {processor.py:183} INFO - Processing /home/airflow/.local/lib/python3.8/site-packages/airflow/example_dags/plugins/event_listener.py took 0.043 seconds
[2025-11-10T10:58:15.474+0000] {processor.py:161} INFO - Started process (PID=22253) to work on /home/airflow/.local/lib/python3.8/site-packages/airflow/example_dags/plugins/event_listener.py
[2025-11-10T10:58:15.478+0000] {processor.py:830} INFO - Processing file /home/airflow/.local/lib/python3.8/site-packages/airflow/example_dags/plugins/event_listener.py for tasks to queue
[2025-11-10T10:58:15.482+0000] {logging_mixin.py:188} INFO - [2025-11-10T10:58:15.481+0000] {dagbag.py:538} INFO - Filling up the DagBag from /home/airflow/.local/lib/python3.8/site-packages/airflow/example_dags/plugins/event_listener.py
[2025-11-10T10:58:15.489+0000] {processor.py:842} WARNING - No viable dags retrieved from /home/airflow/.local/lib/python3.8/site-packages/airflow/example_dags/plugins/event_listener.py
[2025-11-10T10:58:15.525+0000] {processor.py:183} INFO - Processing /home/airflow/.local/lib/python3.8/site-packages/airflow/example_dags/plugins/event_listener.py took 0.059 seconds
[2025-11-10T10:58:46.730+0000] {processor.py:161} INFO - Started process (PID=22312) to work on /home/airflow/.local/lib/python3.8/site-packages/airflow/example_dags/plugins/event_listener.py
[2025-11-10T10:58:46.744+0000] {processor.py:830} INFO - Processing file /home/airflow/.local/lib/python3.8/site-packages/airflow/example_dags/plugins/event_listener.py for tasks to queue
[2025-11-10T10:58:46.747+0000] {logging_mixin.py:188} INFO - [2025-11-10T10:58:46.747+0000] {dagbag.py:538} INFO - Filling up the DagBag from /home/airflow/.local/lib/python3.8/site-packages/airflow/example_dags/plugins/event_listener.py
[2025-11-10T10:58:46.762+0000] {processor.py:842} WARNING - No viable dags retrieved from /home/airflow/.local/lib/python3.8/site-packages/airflow/example_dags/plugins/event_listener.py
[2025-11-10T10:58:46.803+0000] {processor.py:183} INFO - Processing /home/airflow/.local/lib/python3.8/site-packages/airflow/example_dags/plugins/event_listener.py took 0.084 seconds
[2025-11-10T10:59:17.226+0000] {processor.py:161} INFO - Started process (PID=22371) to work on /home/airflow/.local/lib/python3.8/site-packages/airflow/example_dags/plugins/event_listener.py
[2025-11-10T10:59:17.229+0000] {processor.py:830} INFO - Processing file /home/airflow/.local/lib/python3.8/site-packages/airflow/example_dags/plugins/event_listener.py for tasks to queue
[2025-11-10T10:59:17.232+0000] {logging_mixin.py:188} INFO - [2025-11-10T10:59:17.231+0000] {dagbag.py:538} INFO - Filling up the DagBag from /home/airflow/.local/lib/python3.8/site-packages/airflow/example_dags/plugins/event_listener.py
[2025-11-10T10:59:17.240+0000] {processor.py:842} WARNING - No viable dags retrieved from /home/airflow/.local/lib/python3.8/site-packages/airflow/example_dags/plugins/event_listener.py
[2025-11-10T10:59:17.290+0000] {processor.py:183} INFO - Processing /home/airflow/.local/lib/python3.8/site-packages/airflow/example_dags/plugins/event_listener.py took 0.074 seconds
[2025-11-10T10:59:47.763+0000] {processor.py:161} INFO - Started process (PID=22430) to work on /home/airflow/.local/lib/python3.8/site-packages/airflow/example_dags/plugins/event_listener.py
[2025-11-10T10:59:47.765+0000] {processor.py:830} INFO - Processing file /home/airflow/.local/lib/python3.8/site-packages/airflow/example_dags/plugins/event_listener.py for tasks to queue
[2025-11-10T10:59:47.766+0000] {logging_mixin.py:188} INFO - [2025-11-10T10:59:47.766+0000] {dagbag.py:538} INFO - Filling up the DagBag from /home/airflow/.local/lib/python3.8/site-packages/airflow/example_dags/plugins/event_listener.py
[2025-11-10T10:59:47.771+0000] {processor.py:842} WARNING - No viable dags retrieved from /home/airflow/.local/lib/python3.8/site-packages/airflow/example_dags/plugins/event_listener.py
[2025-11-10T10:59:47.793+0000] {processor.py:183} INFO - Processing /home/airflow/.local/lib/python3.8/site-packages/airflow/example_dags/plugins/event_listener.py took 0.036 seconds
[2025-11-10T11:00:18.678+0000] {processor.py:161} INFO - Started process (PID=22489) to work on /home/airflow/.local/lib/python3.8/site-packages/airflow/example_dags/plugins/event_listener.py
[2025-11-10T11:00:18.679+0000] {processor.py:830} INFO - Processing file /home/airflow/.local/lib/python3.8/site-packages/airflow/example_dags/plugins/event_listener.py for tasks to queue
[2025-11-10T11:00:18.681+0000] {logging_mixin.py:188} INFO - [2025-11-10T11:00:18.680+0000] {dagbag.py:538} INFO - Filling up the DagBag from /home/airflow/.local/lib/python3.8/site-packages/airflow/example_dags/plugins/event_listener.py
[2025-11-10T11:00:18.684+0000] {processor.py:842} WARNING - No viable dags retrieved from /home/airflow/.local/lib/python3.8/site-packages/airflow/example_dags/plugins/event_listener.py
[2025-11-10T11:00:18.703+0000] {processor.py:183} INFO - Processing /home/airflow/.local/lib/python3.8/site-packages/airflow/example_dags/plugins/event_listener.py took 0.029 seconds
[2025-11-10T11:00:49.234+0000] {processor.py:161} INFO - Started process (PID=22549) to work on /home/airflow/.local/lib/python3.8/site-packages/airflow/example_dags/plugins/event_listener.py
[2025-11-10T11:00:49.237+0000] {processor.py:830} INFO - Processing file /home/airflow/.local/lib/python3.8/site-packages/airflow/example_dags/plugins/event_listener.py for tasks to queue
[2025-11-10T11:00:49.244+0000] {logging_mixin.py:188} INFO - [2025-11-10T11:00:49.243+0000] {dagbag.py:538} INFO - Filling up the DagBag from /home/airflow/.local/lib/python3.8/site-packages/airflow/example_dags/plugins/event_listener.py
[2025-11-10T11:00:49.247+0000] {processor.py:842} WARNING - No viable dags retrieved from /home/airflow/.local/lib/python3.8/site-packages/airflow/example_dags/plugins/event_listener.py
[2025-11-10T11:00:49.265+0000] {processor.py:183} INFO - Processing /home/airflow/.local/lib/python3.8/site-packages/airflow/example_dags/plugins/event_listener.py took 0.035 seconds
[2025-11-10T11:01:20.423+0000] {processor.py:161} INFO - Started process (PID=22608) to work on /home/airflow/.local/lib/python3.8/site-packages/airflow/example_dags/plugins/event_listener.py
[2025-11-10T11:01:20.426+0000] {processor.py:830} INFO - Processing file /home/airflow/.local/lib/python3.8/site-packages/airflow/example_dags/plugins/event_listener.py for tasks to queue
[2025-11-10T11:01:20.429+0000] {logging_mixin.py:188} INFO - [2025-11-10T11:01:20.428+0000] {dagbag.py:538} INFO - Filling up the DagBag from /home/airflow/.local/lib/python3.8/site-packages/airflow/example_dags/plugins/event_listener.py
[2025-11-10T11:01:20.439+0000] {processor.py:842} WARNING - No viable dags retrieved from /home/airflow/.local/lib/python3.8/site-packages/airflow/example_dags/plugins/event_listener.py
[2025-11-10T11:01:20.483+0000] {processor.py:183} INFO - Processing /home/airflow/.local/lib/python3.8/site-packages/airflow/example_dags/plugins/event_listener.py took 0.071 seconds
[2025-11-10T11:01:50.738+0000] {processor.py:161} INFO - Started process (PID=22666) to work on /home/airflow/.local/lib/python3.8/site-packages/airflow/example_dags/plugins/event_listener.py
[2025-11-10T11:01:50.740+0000] {processor.py:830} INFO - Processing file /home/airflow/.local/lib/python3.8/site-packages/airflow/example_dags/plugins/event_listener.py for tasks to queue
[2025-11-10T11:01:50.742+0000] {logging_mixin.py:188} INFO - [2025-11-10T11:01:50.742+0000] {dagbag.py:538} INFO - Filling up the DagBag from /home/airflow/.local/lib/python3.8/site-packages/airflow/example_dags/plugins/event_listener.py
[2025-11-10T11:01:50.747+0000] {processor.py:842} WARNING - No viable dags retrieved from /home/airflow/.local/lib/python3.8/site-packages/airflow/example_dags/plugins/event_listener.py
[2025-11-10T11:01:50.769+0000] {processor.py:183} INFO - Processing /home/airflow/.local/lib/python3.8/site-packages/airflow/example_dags/plugins/event_listener.py took 0.037 seconds
[2025-11-10T11:02:21.031+0000] {processor.py:161} INFO - Started process (PID=22725) to work on /home/airflow/.local/lib/python3.8/site-packages/airflow/example_dags/plugins/event_listener.py
[2025-11-10T11:02:21.033+0000] {processor.py:830} INFO - Processing file /home/airflow/.local/lib/python3.8/site-packages/airflow/example_dags/plugins/event_listener.py for tasks to queue
[2025-11-10T11:02:21.035+0000] {logging_mixin.py:188} INFO - [2025-11-10T11:02:21.034+0000] {dagbag.py:538} INFO - Filling up the DagBag from /home/airflow/.local/lib/python3.8/site-packages/airflow/example_dags/plugins/event_listener.py
[2025-11-10T11:02:21.040+0000] {processor.py:842} WARNING - No viable dags retrieved from /home/airflow/.local/lib/python3.8/site-packages/airflow/example_dags/plugins/event_listener.py
[2025-11-10T11:02:21.061+0000] {processor.py:183} INFO - Processing /home/airflow/.local/lib/python3.8/site-packages/airflow/example_dags/plugins/event_listener.py took 0.036 seconds
[2025-11-10T11:02:51.680+0000] {processor.py:161} INFO - Started process (PID=22785) to work on /home/airflow/.local/lib/python3.8/site-packages/airflow/example_dags/plugins/event_listener.py
[2025-11-10T11:02:51.682+0000] {processor.py:830} INFO - Processing file /home/airflow/.local/lib/python3.8/site-packages/airflow/example_dags/plugins/event_listener.py for tasks to queue
[2025-11-10T11:02:51.683+0000] {logging_mixin.py:188} INFO - [2025-11-10T11:02:51.683+0000] {dagbag.py:538} INFO - Filling up the DagBag from /home/airflow/.local/lib/python3.8/site-packages/airflow/example_dags/plugins/event_listener.py
[2025-11-10T11:02:51.688+0000] {processor.py:842} WARNING - No viable dags retrieved from /home/airflow/.local/lib/python3.8/site-packages/airflow/example_dags/plugins/event_listener.py
[2025-11-10T11:02:51.713+0000] {processor.py:183} INFO - Processing /home/airflow/.local/lib/python3.8/site-packages/airflow/example_dags/plugins/event_listener.py took 0.039 seconds
[2025-11-10T11:03:22.322+0000] {processor.py:161} INFO - Started process (PID=22844) to work on /home/airflow/.local/lib/python3.8/site-packages/airflow/example_dags/plugins/event_listener.py
[2025-11-10T11:03:22.324+0000] {processor.py:830} INFO - Processing file /home/airflow/.local/lib/python3.8/site-packages/airflow/example_dags/plugins/event_listener.py for tasks to queue
[2025-11-10T11:03:22.326+0000] {logging_mixin.py:188} INFO - [2025-11-10T11:03:22.325+0000] {dagbag.py:538} INFO - Filling up the DagBag from /home/airflow/.local/lib/python3.8/site-packages/airflow/example_dags/plugins/event_listener.py
[2025-11-10T11:03:22.329+0000] {processor.py:842} WARNING - No viable dags retrieved from /home/airflow/.local/lib/python3.8/site-packages/airflow/example_dags/plugins/event_listener.py
[2025-11-10T11:03:22.353+0000] {processor.py:183} INFO - Processing /home/airflow/.local/lib/python3.8/site-packages/airflow/example_dags/plugins/event_listener.py took 0.038 seconds
[2025-11-10T11:03:52.930+0000] {processor.py:161} INFO - Started process (PID=22904) to work on /home/airflow/.local/lib/python3.8/site-packages/airflow/example_dags/plugins/event_listener.py
[2025-11-10T11:03:52.932+0000] {processor.py:830} INFO - Processing file /home/airflow/.local/lib/python3.8/site-packages/airflow/example_dags/plugins/event_listener.py for tasks to queue
[2025-11-10T11:03:52.933+0000] {logging_mixin.py:188} INFO - [2025-11-10T11:03:52.933+0000] {dagbag.py:538} INFO - Filling up the DagBag from /home/airflow/.local/lib/python3.8/site-packages/airflow/example_dags/plugins/event_listener.py
[2025-11-10T11:03:52.936+0000] {processor.py:842} WARNING - No viable dags retrieved from /home/airflow/.local/lib/python3.8/site-packages/airflow/example_dags/plugins/event_listener.py
[2025-11-10T11:03:52.955+0000] {processor.py:183} INFO - Processing /home/airflow/.local/lib/python3.8/site-packages/airflow/example_dags/plugins/event_listener.py took 0.029 seconds
[2025-11-10T11:04:23.446+0000] {processor.py:161} INFO - Started process (PID=22963) to work on /home/airflow/.local/lib/python3.8/site-packages/airflow/example_dags/plugins/event_listener.py
[2025-11-10T11:04:23.447+0000] {processor.py:830} INFO - Processing file /home/airflow/.local/lib/python3.8/site-packages/airflow/example_dags/plugins/event_listener.py for tasks to queue
[2025-11-10T11:04:23.449+0000] {logging_mixin.py:188} INFO - [2025-11-10T11:04:23.448+0000] {dagbag.py:538} INFO - Filling up the DagBag from /home/airflow/.local/lib/python3.8/site-packages/airflow/example_dags/plugins/event_listener.py
[2025-11-10T11:04:23.453+0000] {processor.py:842} WARNING - No viable dags retrieved from /home/airflow/.local/lib/python3.8/site-packages/airflow/example_dags/plugins/event_listener.py
[2025-11-10T11:04:23.476+0000] {processor.py:183} INFO - Processing /home/airflow/.local/lib/python3.8/site-packages/airflow/example_dags/plugins/event_listener.py took 0.035 seconds
[2025-11-10T11:04:53.736+0000] {processor.py:161} INFO - Started process (PID=23021) to work on /home/airflow/.local/lib/python3.8/site-packages/airflow/example_dags/plugins/event_listener.py
[2025-11-10T11:04:53.738+0000] {processor.py:830} INFO - Processing file /home/airflow/.local/lib/python3.8/site-packages/airflow/example_dags/plugins/event_listener.py for tasks to queue
[2025-11-10T11:04:53.739+0000] {logging_mixin.py:188} INFO - [2025-11-10T11:04:53.739+0000] {dagbag.py:538} INFO - Filling up the DagBag from /home/airflow/.local/lib/python3.8/site-packages/airflow/example_dags/plugins/event_listener.py
[2025-11-10T11:04:53.743+0000] {processor.py:842} WARNING - No viable dags retrieved from /home/airflow/.local/lib/python3.8/site-packages/airflow/example_dags/plugins/event_listener.py
[2025-11-10T11:04:53.763+0000] {processor.py:183} INFO - Processing /home/airflow/.local/lib/python3.8/site-packages/airflow/example_dags/plugins/event_listener.py took 0.031 seconds
[2025-11-10T11:05:24.102+0000] {processor.py:161} INFO - Started process (PID=23080) to work on /home/airflow/.local/lib/python3.8/site-packages/airflow/example_dags/plugins/event_listener.py
[2025-11-10T11:05:24.104+0000] {processor.py:830} INFO - Processing file /home/airflow/.local/lib/python3.8/site-packages/airflow/example_dags/plugins/event_listener.py for tasks to queue
[2025-11-10T11:05:24.106+0000] {logging_mixin.py:188} INFO - [2025-11-10T11:05:24.106+0000] {dagbag.py:538} INFO - Filling up the DagBag from /home/airflow/.local/lib/python3.8/site-packages/airflow/example_dags/plugins/event_listener.py
[2025-11-10T11:05:24.111+0000] {processor.py:842} WARNING - No viable dags retrieved from /home/airflow/.local/lib/python3.8/site-packages/airflow/example_dags/plugins/event_listener.py
[2025-11-10T11:05:24.133+0000] {processor.py:183} INFO - Processing /home/airflow/.local/lib/python3.8/site-packages/airflow/example_dags/plugins/event_listener.py took 0.037 seconds
[2025-11-10T11:05:54.989+0000] {processor.py:161} INFO - Started process (PID=23140) to work on /home/airflow/.local/lib/python3.8/site-packages/airflow/example_dags/plugins/event_listener.py
[2025-11-10T11:05:54.991+0000] {processor.py:830} INFO - Processing file /home/airflow/.local/lib/python3.8/site-packages/airflow/example_dags/plugins/event_listener.py for tasks to queue
[2025-11-10T11:05:54.993+0000] {logging_mixin.py:188} INFO - [2025-11-10T11:05:54.993+0000] {dagbag.py:538} INFO - Filling up the DagBag from /home/airflow/.local/lib/python3.8/site-packages/airflow/example_dags/plugins/event_listener.py
[2025-11-10T11:05:54.998+0000] {processor.py:842} WARNING - No viable dags retrieved from /home/airflow/.local/lib/python3.8/site-packages/airflow/example_dags/plugins/event_listener.py
[2025-11-10T11:05:55.022+0000] {processor.py:183} INFO - Processing /home/airflow/.local/lib/python3.8/site-packages/airflow/example_dags/plugins/event_listener.py took 0.041 seconds
[2025-11-10T11:06:25.239+0000] {processor.py:161} INFO - Started process (PID=23198) to work on /home/airflow/.local/lib/python3.8/site-packages/airflow/example_dags/plugins/event_listener.py
[2025-11-10T11:06:25.241+0000] {processor.py:830} INFO - Processing file /home/airflow/.local/lib/python3.8/site-packages/airflow/example_dags/plugins/event_listener.py for tasks to queue
[2025-11-10T11:06:25.243+0000] {logging_mixin.py:188} INFO - [2025-11-10T11:06:25.242+0000] {dagbag.py:538} INFO - Filling up the DagBag from /home/airflow/.local/lib/python3.8/site-packages/airflow/example_dags/plugins/event_listener.py
[2025-11-10T11:06:25.246+0000] {processor.py:842} WARNING - No viable dags retrieved from /home/airflow/.local/lib/python3.8/site-packages/airflow/example_dags/plugins/event_listener.py
[2025-11-10T11:06:25.267+0000] {processor.py:183} INFO - Processing /home/airflow/.local/lib/python3.8/site-packages/airflow/example_dags/plugins/event_listener.py took 0.032 seconds
[2025-11-10T11:06:56.046+0000] {processor.py:161} INFO - Started process (PID=23258) to work on /home/airflow/.local/lib/python3.8/site-packages/airflow/example_dags/plugins/event_listener.py
[2025-11-10T11:06:56.047+0000] {processor.py:830} INFO - Processing file /home/airflow/.local/lib/python3.8/site-packages/airflow/example_dags/plugins/event_listener.py for tasks to queue
[2025-11-10T11:06:56.049+0000] {logging_mixin.py:188} INFO - [2025-11-10T11:06:56.048+0000] {dagbag.py:538} INFO - Filling up the DagBag from /home/airflow/.local/lib/python3.8/site-packages/airflow/example_dags/plugins/event_listener.py
[2025-11-10T11:06:56.052+0000] {processor.py:842} WARNING - No viable dags retrieved from /home/airflow/.local/lib/python3.8/site-packages/airflow/example_dags/plugins/event_listener.py
[2025-11-10T11:06:56.070+0000] {processor.py:183} INFO - Processing /home/airflow/.local/lib/python3.8/site-packages/airflow/example_dags/plugins/event_listener.py took 0.028 seconds
[2025-11-10T11:07:26.413+0000] {processor.py:161} INFO - Started process (PID=23323) to work on /home/airflow/.local/lib/python3.8/site-packages/airflow/example_dags/plugins/event_listener.py
[2025-11-10T11:07:26.415+0000] {processor.py:830} INFO - Processing file /home/airflow/.local/lib/python3.8/site-packages/airflow/example_dags/plugins/event_listener.py for tasks to queue
[2025-11-10T11:07:26.416+0000] {logging_mixin.py:188} INFO - [2025-11-10T11:07:26.416+0000] {dagbag.py:538} INFO - Filling up the DagBag from /home/airflow/.local/lib/python3.8/site-packages/airflow/example_dags/plugins/event_listener.py
[2025-11-10T11:07:26.420+0000] {processor.py:842} WARNING - No viable dags retrieved from /home/airflow/.local/lib/python3.8/site-packages/airflow/example_dags/plugins/event_listener.py
[2025-11-10T11:07:26.441+0000] {processor.py:183} INFO - Processing /home/airflow/.local/lib/python3.8/site-packages/airflow/example_dags/plugins/event_listener.py took 0.035 seconds
[2025-11-10T11:07:56.665+0000] {processor.py:161} INFO - Started process (PID=23381) to work on /home/airflow/.local/lib/python3.8/site-packages/airflow/example_dags/plugins/event_listener.py
[2025-11-10T11:07:56.667+0000] {processor.py:830} INFO - Processing file /home/airflow/.local/lib/python3.8/site-packages/airflow/example_dags/plugins/event_listener.py for tasks to queue
[2025-11-10T11:07:56.668+0000] {logging_mixin.py:188} INFO - [2025-11-10T11:07:56.668+0000] {dagbag.py:538} INFO - Filling up the DagBag from /home/airflow/.local/lib/python3.8/site-packages/airflow/example_dags/plugins/event_listener.py
[2025-11-10T11:07:56.671+0000] {processor.py:842} WARNING - No viable dags retrieved from /home/airflow/.local/lib/python3.8/site-packages/airflow/example_dags/plugins/event_listener.py
[2025-11-10T11:07:56.686+0000] {processor.py:183} INFO - Processing /home/airflow/.local/lib/python3.8/site-packages/airflow/example_dags/plugins/event_listener.py took 0.025 seconds
[2025-11-10T11:08:27.128+0000] {processor.py:161} INFO - Started process (PID=23441) to work on /home/airflow/.local/lib/python3.8/site-packages/airflow/example_dags/plugins/event_listener.py
[2025-11-10T11:08:27.129+0000] {processor.py:830} INFO - Processing file /home/airflow/.local/lib/python3.8/site-packages/airflow/example_dags/plugins/event_listener.py for tasks to queue
[2025-11-10T11:08:27.131+0000] {logging_mixin.py:188} INFO - [2025-11-10T11:08:27.131+0000] {dagbag.py:538} INFO - Filling up the DagBag from /home/airflow/.local/lib/python3.8/site-packages/airflow/example_dags/plugins/event_listener.py
[2025-11-10T11:08:27.135+0000] {processor.py:842} WARNING - No viable dags retrieved from /home/airflow/.local/lib/python3.8/site-packages/airflow/example_dags/plugins/event_listener.py
[2025-11-10T11:08:27.155+0000] {processor.py:183} INFO - Processing /home/airflow/.local/lib/python3.8/site-packages/airflow/example_dags/plugins/event_listener.py took 0.033 seconds
[2025-11-10T11:08:57.393+0000] {processor.py:161} INFO - Started process (PID=23499) to work on /home/airflow/.local/lib/python3.8/site-packages/airflow/example_dags/plugins/event_listener.py
[2025-11-10T11:08:57.395+0000] {processor.py:830} INFO - Processing file /home/airflow/.local/lib/python3.8/site-packages/airflow/example_dags/plugins/event_listener.py for tasks to queue
[2025-11-10T11:08:57.401+0000] {logging_mixin.py:188} INFO - [2025-11-10T11:08:57.401+0000] {dagbag.py:538} INFO - Filling up the DagBag from /home/airflow/.local/lib/python3.8/site-packages/airflow/example_dags/plugins/event_listener.py
[2025-11-10T11:08:57.409+0000] {processor.py:842} WARNING - No viable dags retrieved from /home/airflow/.local/lib/python3.8/site-packages/airflow/example_dags/plugins/event_listener.py
[2025-11-10T11:08:57.431+0000] {processor.py:183} INFO - Processing /home/airflow/.local/lib/python3.8/site-packages/airflow/example_dags/plugins/event_listener.py took 0.045 seconds
[2025-11-10T11:09:27.836+0000] {processor.py:161} INFO - Started process (PID=23559) to work on /home/airflow/.local/lib/python3.8/site-packages/airflow/example_dags/plugins/event_listener.py
[2025-11-10T11:09:27.838+0000] {processor.py:830} INFO - Processing file /home/airflow/.local/lib/python3.8/site-packages/airflow/example_dags/plugins/event_listener.py for tasks to queue
[2025-11-10T11:09:27.839+0000] {logging_mixin.py:188} INFO - [2025-11-10T11:09:27.839+0000] {dagbag.py:538} INFO - Filling up the DagBag from /home/airflow/.local/lib/python3.8/site-packages/airflow/example_dags/plugins/event_listener.py
[2025-11-10T11:09:27.843+0000] {processor.py:842} WARNING - No viable dags retrieved from /home/airflow/.local/lib/python3.8/site-packages/airflow/example_dags/plugins/event_listener.py
[2025-11-10T11:09:27.865+0000] {processor.py:183} INFO - Processing /home/airflow/.local/lib/python3.8/site-packages/airflow/example_dags/plugins/event_listener.py took 0.034 seconds
[2025-11-10T11:09:58.299+0000] {processor.py:161} INFO - Started process (PID=23618) to work on /home/airflow/.local/lib/python3.8/site-packages/airflow/example_dags/plugins/event_listener.py
[2025-11-10T11:09:58.301+0000] {processor.py:830} INFO - Processing file /home/airflow/.local/lib/python3.8/site-packages/airflow/example_dags/plugins/event_listener.py for tasks to queue
[2025-11-10T11:09:58.302+0000] {logging_mixin.py:188} INFO - [2025-11-10T11:09:58.302+0000] {dagbag.py:538} INFO - Filling up the DagBag from /home/airflow/.local/lib/python3.8/site-packages/airflow/example_dags/plugins/event_listener.py
[2025-11-10T11:09:58.306+0000] {processor.py:842} WARNING - No viable dags retrieved from /home/airflow/.local/lib/python3.8/site-packages/airflow/example_dags/plugins/event_listener.py
[2025-11-10T11:09:58.327+0000] {processor.py:183} INFO - Processing /home/airflow/.local/lib/python3.8/site-packages/airflow/example_dags/plugins/event_listener.py took 0.033 seconds
[2025-11-10T11:10:28.942+0000] {processor.py:161} INFO - Started process (PID=23677) to work on /home/airflow/.local/lib/python3.8/site-packages/airflow/example_dags/plugins/event_listener.py
[2025-11-10T11:10:28.944+0000] {processor.py:830} INFO - Processing file /home/airflow/.local/lib/python3.8/site-packages/airflow/example_dags/plugins/event_listener.py for tasks to queue
[2025-11-10T11:10:28.945+0000] {logging_mixin.py:188} INFO - [2025-11-10T11:10:28.945+0000] {dagbag.py:538} INFO - Filling up the DagBag from /home/airflow/.local/lib/python3.8/site-packages/airflow/example_dags/plugins/event_listener.py
[2025-11-10T11:10:28.949+0000] {processor.py:842} WARNING - No viable dags retrieved from /home/airflow/.local/lib/python3.8/site-packages/airflow/example_dags/plugins/event_listener.py
[2025-11-10T11:10:28.972+0000] {processor.py:183} INFO - Processing /home/airflow/.local/lib/python3.8/site-packages/airflow/example_dags/plugins/event_listener.py took 0.036 seconds
[2025-11-10T11:10:59.616+0000] {processor.py:161} INFO - Started process (PID=23736) to work on /home/airflow/.local/lib/python3.8/site-packages/airflow/example_dags/plugins/event_listener.py
[2025-11-10T11:10:59.618+0000] {processor.py:830} INFO - Processing file /home/airflow/.local/lib/python3.8/site-packages/airflow/example_dags/plugins/event_listener.py for tasks to queue
[2025-11-10T11:10:59.619+0000] {logging_mixin.py:188} INFO - [2025-11-10T11:10:59.619+0000] {dagbag.py:538} INFO - Filling up the DagBag from /home/airflow/.local/lib/python3.8/site-packages/airflow/example_dags/plugins/event_listener.py
[2025-11-10T11:10:59.622+0000] {processor.py:842} WARNING - No viable dags retrieved from /home/airflow/.local/lib/python3.8/site-packages/airflow/example_dags/plugins/event_listener.py
[2025-11-10T11:10:59.646+0000] {processor.py:183} INFO - Processing /home/airflow/.local/lib/python3.8/site-packages/airflow/example_dags/plugins/event_listener.py took 0.035 seconds
[2025-11-10T11:11:30.401+0000] {processor.py:161} INFO - Started process (PID=23795) to work on /home/airflow/.local/lib/python3.8/site-packages/airflow/example_dags/plugins/event_listener.py
[2025-11-10T11:11:30.403+0000] {processor.py:830} INFO - Processing file /home/airflow/.local/lib/python3.8/site-packages/airflow/example_dags/plugins/event_listener.py for tasks to queue
[2025-11-10T11:11:30.405+0000] {logging_mixin.py:188} INFO - [2025-11-10T11:11:30.404+0000] {dagbag.py:538} INFO - Filling up the DagBag from /home/airflow/.local/lib/python3.8/site-packages/airflow/example_dags/plugins/event_listener.py
[2025-11-10T11:11:30.409+0000] {processor.py:842} WARNING - No viable dags retrieved from /home/airflow/.local/lib/python3.8/site-packages/airflow/example_dags/plugins/event_listener.py
[2025-11-10T11:11:30.435+0000] {processor.py:183} INFO - Processing /home/airflow/.local/lib/python3.8/site-packages/airflow/example_dags/plugins/event_listener.py took 0.043 seconds
[2025-11-10T11:12:01.339+0000] {processor.py:161} INFO - Started process (PID=23854) to work on /home/airflow/.local/lib/python3.8/site-packages/airflow/example_dags/plugins/event_listener.py
[2025-11-10T11:12:01.340+0000] {processor.py:830} INFO - Processing file /home/airflow/.local/lib/python3.8/site-packages/airflow/example_dags/plugins/event_listener.py for tasks to queue
[2025-11-10T11:12:01.343+0000] {logging_mixin.py:188} INFO - [2025-11-10T11:12:01.342+0000] {dagbag.py:538} INFO - Filling up the DagBag from /home/airflow/.local/lib/python3.8/site-packages/airflow/example_dags/plugins/event_listener.py
[2025-11-10T11:12:01.348+0000] {processor.py:842} WARNING - No viable dags retrieved from /home/airflow/.local/lib/python3.8/site-packages/airflow/example_dags/plugins/event_listener.py
[2025-11-10T11:12:01.376+0000] {processor.py:183} INFO - Processing /home/airflow/.local/lib/python3.8/site-packages/airflow/example_dags/plugins/event_listener.py took 0.043 seconds
[2025-11-10T11:12:31.755+0000] {processor.py:161} INFO - Started process (PID=23913) to work on /home/airflow/.local/lib/python3.8/site-packages/airflow/example_dags/plugins/event_listener.py
[2025-11-10T11:12:31.756+0000] {processor.py:830} INFO - Processing file /home/airflow/.local/lib/python3.8/site-packages/airflow/example_dags/plugins/event_listener.py for tasks to queue
[2025-11-10T11:12:31.758+0000] {logging_mixin.py:188} INFO - [2025-11-10T11:12:31.757+0000] {dagbag.py:538} INFO - Filling up the DagBag from /home/airflow/.local/lib/python3.8/site-packages/airflow/example_dags/plugins/event_listener.py
[2025-11-10T11:12:31.761+0000] {processor.py:842} WARNING - No viable dags retrieved from /home/airflow/.local/lib/python3.8/site-packages/airflow/example_dags/plugins/event_listener.py
[2025-11-10T11:12:31.781+0000] {processor.py:183} INFO - Processing /home/airflow/.local/lib/python3.8/site-packages/airflow/example_dags/plugins/event_listener.py took 0.030 seconds
[2025-11-10T11:13:02.114+0000] {processor.py:161} INFO - Started process (PID=23973) to work on /home/airflow/.local/lib/python3.8/site-packages/airflow/example_dags/plugins/event_listener.py
[2025-11-10T11:13:02.116+0000] {processor.py:830} INFO - Processing file /home/airflow/.local/lib/python3.8/site-packages/airflow/example_dags/plugins/event_listener.py for tasks to queue
[2025-11-10T11:13:02.117+0000] {logging_mixin.py:188} INFO - [2025-11-10T11:13:02.117+0000] {dagbag.py:538} INFO - Filling up the DagBag from /home/airflow/.local/lib/python3.8/site-packages/airflow/example_dags/plugins/event_listener.py
[2025-11-10T11:13:02.122+0000] {processor.py:842} WARNING - No viable dags retrieved from /home/airflow/.local/lib/python3.8/site-packages/airflow/example_dags/plugins/event_listener.py
[2025-11-10T11:13:02.146+0000] {processor.py:183} INFO - Processing /home/airflow/.local/lib/python3.8/site-packages/airflow/example_dags/plugins/event_listener.py took 0.037 seconds
[2025-11-10T11:13:32.464+0000] {processor.py:161} INFO - Started process (PID=24032) to work on /home/airflow/.local/lib/python3.8/site-packages/airflow/example_dags/plugins/event_listener.py
[2025-11-10T11:13:32.465+0000] {processor.py:830} INFO - Processing file /home/airflow/.local/lib/python3.8/site-packages/airflow/example_dags/plugins/event_listener.py for tasks to queue
[2025-11-10T11:13:32.467+0000] {logging_mixin.py:188} INFO - [2025-11-10T11:13:32.466+0000] {dagbag.py:538} INFO - Filling up the DagBag from /home/airflow/.local/lib/python3.8/site-packages/airflow/example_dags/plugins/event_listener.py
[2025-11-10T11:13:32.470+0000] {processor.py:842} WARNING - No viable dags retrieved from /home/airflow/.local/lib/python3.8/site-packages/airflow/example_dags/plugins/event_listener.py
[2025-11-10T11:13:32.488+0000] {processor.py:183} INFO - Processing /home/airflow/.local/lib/python3.8/site-packages/airflow/example_dags/plugins/event_listener.py took 0.027 seconds
[2025-11-10T11:14:02.790+0000] {processor.py:161} INFO - Started process (PID=24091) to work on /home/airflow/.local/lib/python3.8/site-packages/airflow/example_dags/plugins/event_listener.py
[2025-11-10T11:14:02.791+0000] {processor.py:830} INFO - Processing file /home/airflow/.local/lib/python3.8/site-packages/airflow/example_dags/plugins/event_listener.py for tasks to queue
[2025-11-10T11:14:02.793+0000] {logging_mixin.py:188} INFO - [2025-11-10T11:14:02.793+0000] {dagbag.py:538} INFO - Filling up the DagBag from /home/airflow/.local/lib/python3.8/site-packages/airflow/example_dags/plugins/event_listener.py
[2025-11-10T11:14:02.797+0000] {processor.py:842} WARNING - No viable dags retrieved from /home/airflow/.local/lib/python3.8/site-packages/airflow/example_dags/plugins/event_listener.py
[2025-11-10T11:14:02.822+0000] {processor.py:183} INFO - Processing /home/airflow/.local/lib/python3.8/site-packages/airflow/example_dags/plugins/event_listener.py took 0.038 seconds
[2025-11-10T11:14:33.324+0000] {processor.py:161} INFO - Started process (PID=24149) to work on /home/airflow/.local/lib/python3.8/site-packages/airflow/example_dags/plugins/event_listener.py
[2025-11-10T11:14:33.325+0000] {processor.py:830} INFO - Processing file /home/airflow/.local/lib/python3.8/site-packages/airflow/example_dags/plugins/event_listener.py for tasks to queue
[2025-11-10T11:14:33.326+0000] {logging_mixin.py:188} INFO - [2025-11-10T11:14:33.326+0000] {dagbag.py:538} INFO - Filling up the DagBag from /home/airflow/.local/lib/python3.8/site-packages/airflow/example_dags/plugins/event_listener.py
[2025-11-10T11:14:33.329+0000] {processor.py:842} WARNING - No viable dags retrieved from /home/airflow/.local/lib/python3.8/site-packages/airflow/example_dags/plugins/event_listener.py
[2025-11-10T11:14:33.346+0000] {processor.py:183} INFO - Processing /home/airflow/.local/lib/python3.8/site-packages/airflow/example_dags/plugins/event_listener.py took 0.027 seconds
[2025-11-10T11:15:04.756+0000] {processor.py:161} INFO - Started process (PID=24209) to work on /home/airflow/.local/lib/python3.8/site-packages/airflow/example_dags/plugins/event_listener.py
[2025-11-10T11:15:04.758+0000] {processor.py:830} INFO - Processing file /home/airflow/.local/lib/python3.8/site-packages/airflow/example_dags/plugins/event_listener.py for tasks to queue
[2025-11-10T11:15:04.760+0000] {logging_mixin.py:188} INFO - [2025-11-10T11:15:04.759+0000] {dagbag.py:538} INFO - Filling up the DagBag from /home/airflow/.local/lib/python3.8/site-packages/airflow/example_dags/plugins/event_listener.py
[2025-11-10T11:15:04.764+0000] {processor.py:842} WARNING - No viable dags retrieved from /home/airflow/.local/lib/python3.8/site-packages/airflow/example_dags/plugins/event_listener.py
[2025-11-10T11:15:04.789+0000] {processor.py:183} INFO - Processing /home/airflow/.local/lib/python3.8/site-packages/airflow/example_dags/plugins/event_listener.py took 0.040 seconds
[2025-11-10T11:15:35.541+0000] {processor.py:161} INFO - Started process (PID=24268) to work on /home/airflow/.local/lib/python3.8/site-packages/airflow/example_dags/plugins/event_listener.py
[2025-11-10T11:15:35.543+0000] {processor.py:830} INFO - Processing file /home/airflow/.local/lib/python3.8/site-packages/airflow/example_dags/plugins/event_listener.py for tasks to queue
[2025-11-10T11:15:35.544+0000] {logging_mixin.py:188} INFO - [2025-11-10T11:15:35.544+0000] {dagbag.py:538} INFO - Filling up the DagBag from /home/airflow/.local/lib/python3.8/site-packages/airflow/example_dags/plugins/event_listener.py
[2025-11-10T11:15:35.548+0000] {processor.py:842} WARNING - No viable dags retrieved from /home/airflow/.local/lib/python3.8/site-packages/airflow/example_dags/plugins/event_listener.py
[2025-11-10T11:15:35.568+0000] {processor.py:183} INFO - Processing /home/airflow/.local/lib/python3.8/site-packages/airflow/example_dags/plugins/event_listener.py took 0.032 seconds
[2025-11-10T11:16:06.306+0000] {processor.py:161} INFO - Started process (PID=24327) to work on /home/airflow/.local/lib/python3.8/site-packages/airflow/example_dags/plugins/event_listener.py
[2025-11-10T11:16:06.308+0000] {processor.py:830} INFO - Processing file /home/airflow/.local/lib/python3.8/site-packages/airflow/example_dags/plugins/event_listener.py for tasks to queue
[2025-11-10T11:16:06.310+0000] {logging_mixin.py:188} INFO - [2025-11-10T11:16:06.309+0000] {dagbag.py:538} INFO - Filling up the DagBag from /home/airflow/.local/lib/python3.8/site-packages/airflow/example_dags/plugins/event_listener.py
[2025-11-10T11:16:06.314+0000] {processor.py:842} WARNING - No viable dags retrieved from /home/airflow/.local/lib/python3.8/site-packages/airflow/example_dags/plugins/event_listener.py
[2025-11-10T11:16:06.343+0000] {processor.py:183} INFO - Processing /home/airflow/.local/lib/python3.8/site-packages/airflow/example_dags/plugins/event_listener.py took 0.044 seconds
[2025-11-10T11:16:36.766+0000] {processor.py:161} INFO - Started process (PID=24386) to work on /home/airflow/.local/lib/python3.8/site-packages/airflow/example_dags/plugins/event_listener.py
[2025-11-10T11:16:36.768+0000] {processor.py:830} INFO - Processing file /home/airflow/.local/lib/python3.8/site-packages/airflow/example_dags/plugins/event_listener.py for tasks to queue
[2025-11-10T11:16:36.770+0000] {logging_mixin.py:188} INFO - [2025-11-10T11:16:36.770+0000] {dagbag.py:538} INFO - Filling up the DagBag from /home/airflow/.local/lib/python3.8/site-packages/airflow/example_dags/plugins/event_listener.py
[2025-11-10T11:16:36.775+0000] {processor.py:842} WARNING - No viable dags retrieved from /home/airflow/.local/lib/python3.8/site-packages/airflow/example_dags/plugins/event_listener.py
[2025-11-10T11:16:36.795+0000] {processor.py:183} INFO - Processing /home/airflow/.local/lib/python3.8/site-packages/airflow/example_dags/plugins/event_listener.py took 0.034 seconds
[2025-11-10T11:17:06.870+0000] {processor.py:161} INFO - Started process (PID=24444) to work on /home/airflow/.local/lib/python3.8/site-packages/airflow/example_dags/plugins/event_listener.py
[2025-11-10T11:17:06.871+0000] {processor.py:830} INFO - Processing file /home/airflow/.local/lib/python3.8/site-packages/airflow/example_dags/plugins/event_listener.py for tasks to queue
[2025-11-10T11:17:06.873+0000] {logging_mixin.py:188} INFO - [2025-11-10T11:17:06.872+0000] {dagbag.py:538} INFO - Filling up the DagBag from /home/airflow/.local/lib/python3.8/site-packages/airflow/example_dags/plugins/event_listener.py
[2025-11-10T11:17:06.876+0000] {processor.py:842} WARNING - No viable dags retrieved from /home/airflow/.local/lib/python3.8/site-packages/airflow/example_dags/plugins/event_listener.py
[2025-11-10T11:17:06.897+0000] {processor.py:183} INFO - Processing /home/airflow/.local/lib/python3.8/site-packages/airflow/example_dags/plugins/event_listener.py took 0.031 seconds
[2025-11-10T11:17:37.095+0000] {processor.py:161} INFO - Started process (PID=24502) to work on /home/airflow/.local/lib/python3.8/site-packages/airflow/example_dags/plugins/event_listener.py
[2025-11-10T11:17:37.097+0000] {processor.py:830} INFO - Processing file /home/airflow/.local/lib/python3.8/site-packages/airflow/example_dags/plugins/event_listener.py for tasks to queue
[2025-11-10T11:17:37.099+0000] {logging_mixin.py:188} INFO - [2025-11-10T11:17:37.099+0000] {dagbag.py:538} INFO - Filling up the DagBag from /home/airflow/.local/lib/python3.8/site-packages/airflow/example_dags/plugins/event_listener.py
[2025-11-10T11:17:37.104+0000] {processor.py:842} WARNING - No viable dags retrieved from /home/airflow/.local/lib/python3.8/site-packages/airflow/example_dags/plugins/event_listener.py
[2025-11-10T11:17:37.124+0000] {processor.py:183} INFO - Processing /home/airflow/.local/lib/python3.8/site-packages/airflow/example_dags/plugins/event_listener.py took 0.036 seconds
[2025-11-10T11:18:07.386+0000] {processor.py:161} INFO - Started process (PID=24562) to work on /home/airflow/.local/lib/python3.8/site-packages/airflow/example_dags/plugins/event_listener.py
[2025-11-10T11:18:07.395+0000] {processor.py:830} INFO - Processing file /home/airflow/.local/lib/python3.8/site-packages/airflow/example_dags/plugins/event_listener.py for tasks to queue
[2025-11-10T11:18:07.398+0000] {logging_mixin.py:188} INFO - [2025-11-10T11:18:07.397+0000] {dagbag.py:538} INFO - Filling up the DagBag from /home/airflow/.local/lib/python3.8/site-packages/airflow/example_dags/plugins/event_listener.py
[2025-11-10T11:18:07.404+0000] {processor.py:842} WARNING - No viable dags retrieved from /home/airflow/.local/lib/python3.8/site-packages/airflow/example_dags/plugins/event_listener.py
[2025-11-10T11:18:07.458+0000] {processor.py:183} INFO - Processing /home/airflow/.local/lib/python3.8/site-packages/airflow/example_dags/plugins/event_listener.py took 0.082 seconds
[2025-11-10T11:18:37.855+0000] {processor.py:161} INFO - Started process (PID=24621) to work on /home/airflow/.local/lib/python3.8/site-packages/airflow/example_dags/plugins/event_listener.py
[2025-11-10T11:18:37.857+0000] {processor.py:830} INFO - Processing file /home/airflow/.local/lib/python3.8/site-packages/airflow/example_dags/plugins/event_listener.py for tasks to queue
[2025-11-10T11:18:37.859+0000] {logging_mixin.py:188} INFO - [2025-11-10T11:18:37.859+0000] {dagbag.py:538} INFO - Filling up the DagBag from /home/airflow/.local/lib/python3.8/site-packages/airflow/example_dags/plugins/event_listener.py
[2025-11-10T11:18:37.864+0000] {processor.py:842} WARNING - No viable dags retrieved from /home/airflow/.local/lib/python3.8/site-packages/airflow/example_dags/plugins/event_listener.py
[2025-11-10T11:18:37.894+0000] {processor.py:183} INFO - Processing /home/airflow/.local/lib/python3.8/site-packages/airflow/example_dags/plugins/event_listener.py took 0.045 seconds
[2025-11-10T11:19:08.251+0000] {processor.py:161} INFO - Started process (PID=24681) to work on /home/airflow/.local/lib/python3.8/site-packages/airflow/example_dags/plugins/event_listener.py
[2025-11-10T11:19:08.253+0000] {processor.py:830} INFO - Processing file /home/airflow/.local/lib/python3.8/site-packages/airflow/example_dags/plugins/event_listener.py for tasks to queue
[2025-11-10T11:19:08.254+0000] {logging_mixin.py:188} INFO - [2025-11-10T11:19:08.254+0000] {dagbag.py:538} INFO - Filling up the DagBag from /home/airflow/.local/lib/python3.8/site-packages/airflow/example_dags/plugins/event_listener.py
[2025-11-10T11:19:08.258+0000] {processor.py:842} WARNING - No viable dags retrieved from /home/airflow/.local/lib/python3.8/site-packages/airflow/example_dags/plugins/event_listener.py
[2025-11-10T11:19:08.280+0000] {processor.py:183} INFO - Processing /home/airflow/.local/lib/python3.8/site-packages/airflow/example_dags/plugins/event_listener.py took 0.034 seconds
[2025-11-10T11:19:38.468+0000] {processor.py:161} INFO - Started process (PID=24740) to work on /home/airflow/.local/lib/python3.8/site-packages/airflow/example_dags/plugins/event_listener.py
[2025-11-10T11:19:38.469+0000] {processor.py:830} INFO - Processing file /home/airflow/.local/lib/python3.8/site-packages/airflow/example_dags/plugins/event_listener.py for tasks to queue
[2025-11-10T11:19:38.471+0000] {logging_mixin.py:188} INFO - [2025-11-10T11:19:38.471+0000] {dagbag.py:538} INFO - Filling up the DagBag from /home/airflow/.local/lib/python3.8/site-packages/airflow/example_dags/plugins/event_listener.py
[2025-11-10T11:19:38.475+0000] {processor.py:842} WARNING - No viable dags retrieved from /home/airflow/.local/lib/python3.8/site-packages/airflow/example_dags/plugins/event_listener.py
[2025-11-10T11:19:38.493+0000] {processor.py:183} INFO - Processing /home/airflow/.local/lib/python3.8/site-packages/airflow/example_dags/plugins/event_listener.py took 0.030 seconds
[2025-11-10T11:20:08.668+0000] {processor.py:161} INFO - Started process (PID=24798) to work on /home/airflow/.local/lib/python3.8/site-packages/airflow/example_dags/plugins/event_listener.py
[2025-11-10T11:20:08.670+0000] {processor.py:830} INFO - Processing file /home/airflow/.local/lib/python3.8/site-packages/airflow/example_dags/plugins/event_listener.py for tasks to queue
[2025-11-10T11:20:08.671+0000] {logging_mixin.py:188} INFO - [2025-11-10T11:20:08.671+0000] {dagbag.py:538} INFO - Filling up the DagBag from /home/airflow/.local/lib/python3.8/site-packages/airflow/example_dags/plugins/event_listener.py
[2025-11-10T11:20:08.675+0000] {processor.py:842} WARNING - No viable dags retrieved from /home/airflow/.local/lib/python3.8/site-packages/airflow/example_dags/plugins/event_listener.py
[2025-11-10T11:20:08.696+0000] {processor.py:183} INFO - Processing /home/airflow/.local/lib/python3.8/site-packages/airflow/example_dags/plugins/event_listener.py took 0.032 seconds
[2025-11-10T11:20:39.663+0000] {processor.py:161} INFO - Started process (PID=24857) to work on /home/airflow/.local/lib/python3.8/site-packages/airflow/example_dags/plugins/event_listener.py
[2025-11-10T11:20:39.665+0000] {processor.py:830} INFO - Processing file /home/airflow/.local/lib/python3.8/site-packages/airflow/example_dags/plugins/event_listener.py for tasks to queue
[2025-11-10T11:20:39.667+0000] {logging_mixin.py:188} INFO - [2025-11-10T11:20:39.666+0000] {dagbag.py:538} INFO - Filling up the DagBag from /home/airflow/.local/lib/python3.8/site-packages/airflow/example_dags/plugins/event_listener.py
[2025-11-10T11:20:39.670+0000] {processor.py:842} WARNING - No viable dags retrieved from /home/airflow/.local/lib/python3.8/site-packages/airflow/example_dags/plugins/event_listener.py
[2025-11-10T11:20:39.694+0000] {processor.py:183} INFO - Processing /home/airflow/.local/lib/python3.8/site-packages/airflow/example_dags/plugins/event_listener.py took 0.036 seconds
[2025-11-10T11:21:10.625+0000] {processor.py:161} INFO - Started process (PID=24916) to work on /home/airflow/.local/lib/python3.8/site-packages/airflow/example_dags/plugins/event_listener.py
[2025-11-10T11:21:10.628+0000] {processor.py:830} INFO - Processing file /home/airflow/.local/lib/python3.8/site-packages/airflow/example_dags/plugins/event_listener.py for tasks to queue
[2025-11-10T11:21:10.640+0000] {logging_mixin.py:188} INFO - [2025-11-10T11:21:10.639+0000] {dagbag.py:538} INFO - Filling up the DagBag from /home/airflow/.local/lib/python3.8/site-packages/airflow/example_dags/plugins/event_listener.py
[2025-11-10T11:21:10.657+0000] {processor.py:842} WARNING - No viable dags retrieved from /home/airflow/.local/lib/python3.8/site-packages/airflow/example_dags/plugins/event_listener.py
[2025-11-10T11:21:10.719+0000] {processor.py:183} INFO - Processing /home/airflow/.local/lib/python3.8/site-packages/airflow/example_dags/plugins/event_listener.py took 0.113 seconds
[2025-11-10T11:21:40.927+0000] {processor.py:161} INFO - Started process (PID=24975) to work on /home/airflow/.local/lib/python3.8/site-packages/airflow/example_dags/plugins/event_listener.py
[2025-11-10T11:21:40.929+0000] {processor.py:830} INFO - Processing file /home/airflow/.local/lib/python3.8/site-packages/airflow/example_dags/plugins/event_listener.py for tasks to queue
[2025-11-10T11:21:40.930+0000] {logging_mixin.py:188} INFO - [2025-11-10T11:21:40.930+0000] {dagbag.py:538} INFO - Filling up the DagBag from /home/airflow/.local/lib/python3.8/site-packages/airflow/example_dags/plugins/event_listener.py
[2025-11-10T11:21:40.934+0000] {processor.py:842} WARNING - No viable dags retrieved from /home/airflow/.local/lib/python3.8/site-packages/airflow/example_dags/plugins/event_listener.py
[2025-11-10T11:21:40.956+0000] {processor.py:183} INFO - Processing /home/airflow/.local/lib/python3.8/site-packages/airflow/example_dags/plugins/event_listener.py took 0.035 seconds
[2025-11-10T11:22:11.381+0000] {processor.py:161} INFO - Started process (PID=25034) to work on /home/airflow/.local/lib/python3.8/site-packages/airflow/example_dags/plugins/event_listener.py
[2025-11-10T11:22:11.384+0000] {processor.py:830} INFO - Processing file /home/airflow/.local/lib/python3.8/site-packages/airflow/example_dags/plugins/event_listener.py for tasks to queue
[2025-11-10T11:22:11.386+0000] {logging_mixin.py:188} INFO - [2025-11-10T11:22:11.385+0000] {dagbag.py:538} INFO - Filling up the DagBag from /home/airflow/.local/lib/python3.8/site-packages/airflow/example_dags/plugins/event_listener.py
[2025-11-10T11:22:11.393+0000] {processor.py:842} WARNING - No viable dags retrieved from /home/airflow/.local/lib/python3.8/site-packages/airflow/example_dags/plugins/event_listener.py
[2025-11-10T11:22:11.422+0000] {processor.py:183} INFO - Processing /home/airflow/.local/lib/python3.8/site-packages/airflow/example_dags/plugins/event_listener.py took 0.051 seconds
[2025-11-10T11:22:41.765+0000] {processor.py:161} INFO - Started process (PID=25093) to work on /home/airflow/.local/lib/python3.8/site-packages/airflow/example_dags/plugins/event_listener.py
[2025-11-10T11:22:41.767+0000] {processor.py:830} INFO - Processing file /home/airflow/.local/lib/python3.8/site-packages/airflow/example_dags/plugins/event_listener.py for tasks to queue
[2025-11-10T11:22:41.768+0000] {logging_mixin.py:188} INFO - [2025-11-10T11:22:41.768+0000] {dagbag.py:538} INFO - Filling up the DagBag from /home/airflow/.local/lib/python3.8/site-packages/airflow/example_dags/plugins/event_listener.py
[2025-11-10T11:22:41.772+0000] {processor.py:842} WARNING - No viable dags retrieved from /home/airflow/.local/lib/python3.8/site-packages/airflow/example_dags/plugins/event_listener.py
[2025-11-10T11:22:41.795+0000] {processor.py:183} INFO - Processing /home/airflow/.local/lib/python3.8/site-packages/airflow/example_dags/plugins/event_listener.py took 0.034 seconds
[2025-11-10T11:23:12.529+0000] {processor.py:161} INFO - Started process (PID=25152) to work on /home/airflow/.local/lib/python3.8/site-packages/airflow/example_dags/plugins/event_listener.py
[2025-11-10T11:23:12.531+0000] {processor.py:830} INFO - Processing file /home/airflow/.local/lib/python3.8/site-packages/airflow/example_dags/plugins/event_listener.py for tasks to queue
[2025-11-10T11:23:12.533+0000] {logging_mixin.py:188} INFO - [2025-11-10T11:23:12.533+0000] {dagbag.py:538} INFO - Filling up the DagBag from /home/airflow/.local/lib/python3.8/site-packages/airflow/example_dags/plugins/event_listener.py
[2025-11-10T11:23:12.540+0000] {processor.py:842} WARNING - No viable dags retrieved from /home/airflow/.local/lib/python3.8/site-packages/airflow/example_dags/plugins/event_listener.py
[2025-11-10T11:23:12.570+0000] {processor.py:183} INFO - Processing /home/airflow/.local/lib/python3.8/site-packages/airflow/example_dags/plugins/event_listener.py took 0.050 seconds
[2025-11-10T11:23:43.021+0000] {processor.py:161} INFO - Started process (PID=25211) to work on /home/airflow/.local/lib/python3.8/site-packages/airflow/example_dags/plugins/event_listener.py
[2025-11-10T11:23:43.023+0000] {processor.py:830} INFO - Processing file /home/airflow/.local/lib/python3.8/site-packages/airflow/example_dags/plugins/event_listener.py for tasks to queue
[2025-11-10T11:23:43.024+0000] {logging_mixin.py:188} INFO - [2025-11-10T11:23:43.024+0000] {dagbag.py:538} INFO - Filling up the DagBag from /home/airflow/.local/lib/python3.8/site-packages/airflow/example_dags/plugins/event_listener.py
[2025-11-10T11:23:43.028+0000] {processor.py:842} WARNING - No viable dags retrieved from /home/airflow/.local/lib/python3.8/site-packages/airflow/example_dags/plugins/event_listener.py
[2025-11-10T11:23:43.049+0000] {processor.py:183} INFO - Processing /home/airflow/.local/lib/python3.8/site-packages/airflow/example_dags/plugins/event_listener.py took 0.032 seconds
[2025-11-10T11:24:13.552+0000] {processor.py:161} INFO - Started process (PID=25270) to work on /home/airflow/.local/lib/python3.8/site-packages/airflow/example_dags/plugins/event_listener.py
[2025-11-10T11:24:13.554+0000] {processor.py:830} INFO - Processing file /home/airflow/.local/lib/python3.8/site-packages/airflow/example_dags/plugins/event_listener.py for tasks to queue
[2025-11-10T11:24:13.555+0000] {logging_mixin.py:188} INFO - [2025-11-10T11:24:13.555+0000] {dagbag.py:538} INFO - Filling up the DagBag from /home/airflow/.local/lib/python3.8/site-packages/airflow/example_dags/plugins/event_listener.py
[2025-11-10T11:24:13.558+0000] {processor.py:842} WARNING - No viable dags retrieved from /home/airflow/.local/lib/python3.8/site-packages/airflow/example_dags/plugins/event_listener.py
[2025-11-10T11:24:13.576+0000] {processor.py:183} INFO - Processing /home/airflow/.local/lib/python3.8/site-packages/airflow/example_dags/plugins/event_listener.py took 0.028 seconds
[2025-11-10T11:24:44.607+0000] {processor.py:161} INFO - Started process (PID=25329) to work on /home/airflow/.local/lib/python3.8/site-packages/airflow/example_dags/plugins/event_listener.py
[2025-11-10T11:24:44.608+0000] {processor.py:830} INFO - Processing file /home/airflow/.local/lib/python3.8/site-packages/airflow/example_dags/plugins/event_listener.py for tasks to queue
[2025-11-10T11:24:44.610+0000] {logging_mixin.py:188} INFO - [2025-11-10T11:24:44.610+0000] {dagbag.py:538} INFO - Filling up the DagBag from /home/airflow/.local/lib/python3.8/site-packages/airflow/example_dags/plugins/event_listener.py
[2025-11-10T11:24:44.613+0000] {processor.py:842} WARNING - No viable dags retrieved from /home/airflow/.local/lib/python3.8/site-packages/airflow/example_dags/plugins/event_listener.py
[2025-11-10T11:24:44.632+0000] {processor.py:183} INFO - Processing /home/airflow/.local/lib/python3.8/site-packages/airflow/example_dags/plugins/event_listener.py took 0.030 seconds
[2025-11-10T11:25:15.703+0000] {processor.py:161} INFO - Started process (PID=25388) to work on /home/airflow/.local/lib/python3.8/site-packages/airflow/example_dags/plugins/event_listener.py
[2025-11-10T11:25:15.704+0000] {processor.py:830} INFO - Processing file /home/airflow/.local/lib/python3.8/site-packages/airflow/example_dags/plugins/event_listener.py for tasks to queue
[2025-11-10T11:25:15.705+0000] {logging_mixin.py:188} INFO - [2025-11-10T11:25:15.705+0000] {dagbag.py:538} INFO - Filling up the DagBag from /home/airflow/.local/lib/python3.8/site-packages/airflow/example_dags/plugins/event_listener.py
[2025-11-10T11:25:15.709+0000] {processor.py:842} WARNING - No viable dags retrieved from /home/airflow/.local/lib/python3.8/site-packages/airflow/example_dags/plugins/event_listener.py
[2025-11-10T11:25:15.725+0000] {processor.py:183} INFO - Processing /home/airflow/.local/lib/python3.8/site-packages/airflow/example_dags/plugins/event_listener.py took 0.027 seconds
[2025-11-10T11:25:46.928+0000] {processor.py:161} INFO - Started process (PID=25447) to work on /home/airflow/.local/lib/python3.8/site-packages/airflow/example_dags/plugins/event_listener.py
[2025-11-10T11:25:46.930+0000] {processor.py:830} INFO - Processing file /home/airflow/.local/lib/python3.8/site-packages/airflow/example_dags/plugins/event_listener.py for tasks to queue
[2025-11-10T11:25:46.932+0000] {logging_mixin.py:188} INFO - [2025-11-10T11:25:46.931+0000] {dagbag.py:538} INFO - Filling up the DagBag from /home/airflow/.local/lib/python3.8/site-packages/airflow/example_dags/plugins/event_listener.py
[2025-11-10T11:25:46.935+0000] {processor.py:842} WARNING - No viable dags retrieved from /home/airflow/.local/lib/python3.8/site-packages/airflow/example_dags/plugins/event_listener.py
[2025-11-10T11:25:46.954+0000] {processor.py:183} INFO - Processing /home/airflow/.local/lib/python3.8/site-packages/airflow/example_dags/plugins/event_listener.py took 0.030 seconds
[2025-11-10T11:26:17.271+0000] {processor.py:161} INFO - Started process (PID=25507) to work on /home/airflow/.local/lib/python3.8/site-packages/airflow/example_dags/plugins/event_listener.py
[2025-11-10T11:26:17.273+0000] {processor.py:830} INFO - Processing file /home/airflow/.local/lib/python3.8/site-packages/airflow/example_dags/plugins/event_listener.py for tasks to queue
[2025-11-10T11:26:17.275+0000] {logging_mixin.py:188} INFO - [2025-11-10T11:26:17.274+0000] {dagbag.py:538} INFO - Filling up the DagBag from /home/airflow/.local/lib/python3.8/site-packages/airflow/example_dags/plugins/event_listener.py
[2025-11-10T11:26:17.281+0000] {processor.py:842} WARNING - No viable dags retrieved from /home/airflow/.local/lib/python3.8/site-packages/airflow/example_dags/plugins/event_listener.py
[2025-11-10T11:26:17.314+0000] {processor.py:183} INFO - Processing /home/airflow/.local/lib/python3.8/site-packages/airflow/example_dags/plugins/event_listener.py took 0.050 seconds
[2025-11-10T11:26:47.468+0000] {processor.py:161} INFO - Started process (PID=25565) to work on /home/airflow/.local/lib/python3.8/site-packages/airflow/example_dags/plugins/event_listener.py
[2025-11-10T11:26:47.470+0000] {processor.py:830} INFO - Processing file /home/airflow/.local/lib/python3.8/site-packages/airflow/example_dags/plugins/event_listener.py for tasks to queue
[2025-11-10T11:26:47.477+0000] {logging_mixin.py:188} INFO - [2025-11-10T11:26:47.476+0000] {dagbag.py:538} INFO - Filling up the DagBag from /home/airflow/.local/lib/python3.8/site-packages/airflow/example_dags/plugins/event_listener.py
[2025-11-10T11:26:47.482+0000] {processor.py:842} WARNING - No viable dags retrieved from /home/airflow/.local/lib/python3.8/site-packages/airflow/example_dags/plugins/event_listener.py
[2025-11-10T11:26:47.506+0000] {processor.py:183} INFO - Processing /home/airflow/.local/lib/python3.8/site-packages/airflow/example_dags/plugins/event_listener.py took 0.045 seconds
[2025-11-10T11:27:18.330+0000] {processor.py:161} INFO - Started process (PID=25625) to work on /home/airflow/.local/lib/python3.8/site-packages/airflow/example_dags/plugins/event_listener.py
[2025-11-10T11:27:18.332+0000] {processor.py:830} INFO - Processing file /home/airflow/.local/lib/python3.8/site-packages/airflow/example_dags/plugins/event_listener.py for tasks to queue
[2025-11-10T11:27:18.334+0000] {logging_mixin.py:188} INFO - [2025-11-10T11:27:18.333+0000] {dagbag.py:538} INFO - Filling up the DagBag from /home/airflow/.local/lib/python3.8/site-packages/airflow/example_dags/plugins/event_listener.py
[2025-11-10T11:27:18.339+0000] {processor.py:842} WARNING - No viable dags retrieved from /home/airflow/.local/lib/python3.8/site-packages/airflow/example_dags/plugins/event_listener.py
[2025-11-10T11:27:18.364+0000] {processor.py:183} INFO - Processing /home/airflow/.local/lib/python3.8/site-packages/airflow/example_dags/plugins/event_listener.py took 0.041 seconds
[2025-11-10T11:27:49.310+0000] {processor.py:161} INFO - Started process (PID=25684) to work on /home/airflow/.local/lib/python3.8/site-packages/airflow/example_dags/plugins/event_listener.py
[2025-11-10T11:27:49.311+0000] {processor.py:830} INFO - Processing file /home/airflow/.local/lib/python3.8/site-packages/airflow/example_dags/plugins/event_listener.py for tasks to queue
[2025-11-10T11:27:49.312+0000] {logging_mixin.py:188} INFO - [2025-11-10T11:27:49.312+0000] {dagbag.py:538} INFO - Filling up the DagBag from /home/airflow/.local/lib/python3.8/site-packages/airflow/example_dags/plugins/event_listener.py
[2025-11-10T11:27:49.315+0000] {processor.py:842} WARNING - No viable dags retrieved from /home/airflow/.local/lib/python3.8/site-packages/airflow/example_dags/plugins/event_listener.py
[2025-11-10T11:27:49.333+0000] {processor.py:183} INFO - Processing /home/airflow/.local/lib/python3.8/site-packages/airflow/example_dags/plugins/event_listener.py took 0.028 seconds
[2025-11-10T11:28:19.847+0000] {processor.py:161} INFO - Started process (PID=25743) to work on /home/airflow/.local/lib/python3.8/site-packages/airflow/example_dags/plugins/event_listener.py
[2025-11-10T11:28:19.848+0000] {processor.py:830} INFO - Processing file /home/airflow/.local/lib/python3.8/site-packages/airflow/example_dags/plugins/event_listener.py for tasks to queue
[2025-11-10T11:28:19.850+0000] {logging_mixin.py:188} INFO - [2025-11-10T11:28:19.849+0000] {dagbag.py:538} INFO - Filling up the DagBag from /home/airflow/.local/lib/python3.8/site-packages/airflow/example_dags/plugins/event_listener.py
[2025-11-10T11:28:19.853+0000] {processor.py:842} WARNING - No viable dags retrieved from /home/airflow/.local/lib/python3.8/site-packages/airflow/example_dags/plugins/event_listener.py
[2025-11-10T11:28:19.870+0000] {processor.py:183} INFO - Processing /home/airflow/.local/lib/python3.8/site-packages/airflow/example_dags/plugins/event_listener.py took 0.028 seconds
[2025-11-10T11:28:50.836+0000] {processor.py:161} INFO - Started process (PID=25802) to work on /home/airflow/.local/lib/python3.8/site-packages/airflow/example_dags/plugins/event_listener.py
[2025-11-10T11:28:50.848+0000] {processor.py:830} INFO - Processing file /home/airflow/.local/lib/python3.8/site-packages/airflow/example_dags/plugins/event_listener.py for tasks to queue
[2025-11-10T11:28:50.851+0000] {logging_mixin.py:188} INFO - [2025-11-10T11:28:50.850+0000] {dagbag.py:538} INFO - Filling up the DagBag from /home/airflow/.local/lib/python3.8/site-packages/airflow/example_dags/plugins/event_listener.py
[2025-11-10T11:28:50.867+0000] {processor.py:842} WARNING - No viable dags retrieved from /home/airflow/.local/lib/python3.8/site-packages/airflow/example_dags/plugins/event_listener.py
[2025-11-10T11:28:50.957+0000] {processor.py:183} INFO - Processing /home/airflow/.local/lib/python3.8/site-packages/airflow/example_dags/plugins/event_listener.py took 0.140 seconds
[2025-11-10T11:29:21.319+0000] {processor.py:161} INFO - Started process (PID=25861) to work on /home/airflow/.local/lib/python3.8/site-packages/airflow/example_dags/plugins/event_listener.py
[2025-11-10T11:29:21.321+0000] {processor.py:830} INFO - Processing file /home/airflow/.local/lib/python3.8/site-packages/airflow/example_dags/plugins/event_listener.py for tasks to queue
[2025-11-10T11:29:21.323+0000] {logging_mixin.py:188} INFO - [2025-11-10T11:29:21.323+0000] {dagbag.py:538} INFO - Filling up the DagBag from /home/airflow/.local/lib/python3.8/site-packages/airflow/example_dags/plugins/event_listener.py
[2025-11-10T11:29:21.329+0000] {processor.py:842} WARNING - No viable dags retrieved from /home/airflow/.local/lib/python3.8/site-packages/airflow/example_dags/plugins/event_listener.py
[2025-11-10T11:29:21.358+0000] {processor.py:183} INFO - Processing /home/airflow/.local/lib/python3.8/site-packages/airflow/example_dags/plugins/event_listener.py took 0.048 seconds
[2025-11-10T11:29:52.468+0000] {processor.py:161} INFO - Started process (PID=25920) to work on /home/airflow/.local/lib/python3.8/site-packages/airflow/example_dags/plugins/event_listener.py
[2025-11-10T11:29:52.471+0000] {processor.py:830} INFO - Processing file /home/airflow/.local/lib/python3.8/site-packages/airflow/example_dags/plugins/event_listener.py for tasks to queue
[2025-11-10T11:29:52.474+0000] {logging_mixin.py:188} INFO - [2025-11-10T11:29:52.473+0000] {dagbag.py:538} INFO - Filling up the DagBag from /home/airflow/.local/lib/python3.8/site-packages/airflow/example_dags/plugins/event_listener.py
[2025-11-10T11:29:52.482+0000] {processor.py:842} WARNING - No viable dags retrieved from /home/airflow/.local/lib/python3.8/site-packages/airflow/example_dags/plugins/event_listener.py
[2025-11-10T11:29:52.513+0000] {processor.py:183} INFO - Processing /home/airflow/.local/lib/python3.8/site-packages/airflow/example_dags/plugins/event_listener.py took 0.056 seconds
[2025-11-10T11:30:22.818+0000] {processor.py:161} INFO - Started process (PID=25979) to work on /home/airflow/.local/lib/python3.8/site-packages/airflow/example_dags/plugins/event_listener.py
[2025-11-10T11:30:22.821+0000] {processor.py:830} INFO - Processing file /home/airflow/.local/lib/python3.8/site-packages/airflow/example_dags/plugins/event_listener.py for tasks to queue
[2025-11-10T11:30:22.823+0000] {logging_mixin.py:188} INFO - [2025-11-10T11:30:22.822+0000] {dagbag.py:538} INFO - Filling up the DagBag from /home/airflow/.local/lib/python3.8/site-packages/airflow/example_dags/plugins/event_listener.py
[2025-11-10T11:30:22.827+0000] {processor.py:842} WARNING - No viable dags retrieved from /home/airflow/.local/lib/python3.8/site-packages/airflow/example_dags/plugins/event_listener.py
[2025-11-10T11:30:22.846+0000] {processor.py:183} INFO - Processing /home/airflow/.local/lib/python3.8/site-packages/airflow/example_dags/plugins/event_listener.py took 0.033 seconds
[2025-11-10T11:30:53.725+0000] {processor.py:161} INFO - Started process (PID=26038) to work on /home/airflow/.local/lib/python3.8/site-packages/airflow/example_dags/plugins/event_listener.py
[2025-11-10T11:30:53.727+0000] {processor.py:830} INFO - Processing file /home/airflow/.local/lib/python3.8/site-packages/airflow/example_dags/plugins/event_listener.py for tasks to queue
[2025-11-10T11:30:53.728+0000] {logging_mixin.py:188} INFO - [2025-11-10T11:30:53.728+0000] {dagbag.py:538} INFO - Filling up the DagBag from /home/airflow/.local/lib/python3.8/site-packages/airflow/example_dags/plugins/event_listener.py
[2025-11-10T11:30:53.731+0000] {processor.py:842} WARNING - No viable dags retrieved from /home/airflow/.local/lib/python3.8/site-packages/airflow/example_dags/plugins/event_listener.py
[2025-11-10T11:30:53.750+0000] {processor.py:183} INFO - Processing /home/airflow/.local/lib/python3.8/site-packages/airflow/example_dags/plugins/event_listener.py took 0.029 seconds
[2025-11-10T11:31:24.646+0000] {processor.py:161} INFO - Started process (PID=26097) to work on /home/airflow/.local/lib/python3.8/site-packages/airflow/example_dags/plugins/event_listener.py
[2025-11-10T11:31:24.648+0000] {processor.py:830} INFO - Processing file /home/airflow/.local/lib/python3.8/site-packages/airflow/example_dags/plugins/event_listener.py for tasks to queue
[2025-11-10T11:31:24.650+0000] {logging_mixin.py:188} INFO - [2025-11-10T11:31:24.649+0000] {dagbag.py:538} INFO - Filling up the DagBag from /home/airflow/.local/lib/python3.8/site-packages/airflow/example_dags/plugins/event_listener.py
[2025-11-10T11:31:24.654+0000] {processor.py:842} WARNING - No viable dags retrieved from /home/airflow/.local/lib/python3.8/site-packages/airflow/example_dags/plugins/event_listener.py
[2025-11-10T11:31:24.677+0000] {processor.py:183} INFO - Processing /home/airflow/.local/lib/python3.8/site-packages/airflow/example_dags/plugins/event_listener.py took 0.039 seconds
[2025-11-10T11:31:55.069+0000] {processor.py:161} INFO - Started process (PID=26156) to work on /home/airflow/.local/lib/python3.8/site-packages/airflow/example_dags/plugins/event_listener.py
[2025-11-10T11:31:55.071+0000] {processor.py:830} INFO - Processing file /home/airflow/.local/lib/python3.8/site-packages/airflow/example_dags/plugins/event_listener.py for tasks to queue
[2025-11-10T11:31:55.072+0000] {logging_mixin.py:188} INFO - [2025-11-10T11:31:55.072+0000] {dagbag.py:538} INFO - Filling up the DagBag from /home/airflow/.local/lib/python3.8/site-packages/airflow/example_dags/plugins/event_listener.py
[2025-11-10T11:31:55.077+0000] {processor.py:842} WARNING - No viable dags retrieved from /home/airflow/.local/lib/python3.8/site-packages/airflow/example_dags/plugins/event_listener.py
[2025-11-10T11:31:55.100+0000] {processor.py:183} INFO - Processing /home/airflow/.local/lib/python3.8/site-packages/airflow/example_dags/plugins/event_listener.py took 0.038 seconds
[2025-11-10T11:32:26.095+0000] {processor.py:161} INFO - Started process (PID=26215) to work on /home/airflow/.local/lib/python3.8/site-packages/airflow/example_dags/plugins/event_listener.py
[2025-11-10T11:32:26.098+0000] {processor.py:830} INFO - Processing file /home/airflow/.local/lib/python3.8/site-packages/airflow/example_dags/plugins/event_listener.py for tasks to queue
[2025-11-10T11:32:26.101+0000] {logging_mixin.py:188} INFO - [2025-11-10T11:32:26.100+0000] {dagbag.py:538} INFO - Filling up the DagBag from /home/airflow/.local/lib/python3.8/site-packages/airflow/example_dags/plugins/event_listener.py
[2025-11-10T11:32:26.105+0000] {processor.py:842} WARNING - No viable dags retrieved from /home/airflow/.local/lib/python3.8/site-packages/airflow/example_dags/plugins/event_listener.py
[2025-11-10T11:32:26.128+0000] {processor.py:183} INFO - Processing /home/airflow/.local/lib/python3.8/site-packages/airflow/example_dags/plugins/event_listener.py took 0.041 seconds
[2025-11-10T11:32:56.817+0000] {processor.py:161} INFO - Started process (PID=26274) to work on /home/airflow/.local/lib/python3.8/site-packages/airflow/example_dags/plugins/event_listener.py
[2025-11-10T11:32:56.818+0000] {processor.py:830} INFO - Processing file /home/airflow/.local/lib/python3.8/site-packages/airflow/example_dags/plugins/event_listener.py for tasks to queue
[2025-11-10T11:32:56.821+0000] {logging_mixin.py:188} INFO - [2025-11-10T11:32:56.820+0000] {dagbag.py:538} INFO - Filling up the DagBag from /home/airflow/.local/lib/python3.8/site-packages/airflow/example_dags/plugins/event_listener.py
[2025-11-10T11:32:56.825+0000] {processor.py:842} WARNING - No viable dags retrieved from /home/airflow/.local/lib/python3.8/site-packages/airflow/example_dags/plugins/event_listener.py
[2025-11-10T11:32:56.842+0000] {processor.py:183} INFO - Processing /home/airflow/.local/lib/python3.8/site-packages/airflow/example_dags/plugins/event_listener.py took 0.029 seconds
[2025-11-10T11:33:27.167+0000] {processor.py:161} INFO - Started process (PID=26333) to work on /home/airflow/.local/lib/python3.8/site-packages/airflow/example_dags/plugins/event_listener.py
[2025-11-10T11:33:27.168+0000] {processor.py:830} INFO - Processing file /home/airflow/.local/lib/python3.8/site-packages/airflow/example_dags/plugins/event_listener.py for tasks to queue
[2025-11-10T11:33:27.170+0000] {logging_mixin.py:188} INFO - [2025-11-10T11:33:27.169+0000] {dagbag.py:538} INFO - Filling up the DagBag from /home/airflow/.local/lib/python3.8/site-packages/airflow/example_dags/plugins/event_listener.py
[2025-11-10T11:33:27.173+0000] {processor.py:842} WARNING - No viable dags retrieved from /home/airflow/.local/lib/python3.8/site-packages/airflow/example_dags/plugins/event_listener.py
[2025-11-10T11:33:27.194+0000] {processor.py:183} INFO - Processing /home/airflow/.local/lib/python3.8/site-packages/airflow/example_dags/plugins/event_listener.py took 0.032 seconds
[2025-11-10T11:33:57.868+0000] {processor.py:161} INFO - Started process (PID=26392) to work on /home/airflow/.local/lib/python3.8/site-packages/airflow/example_dags/plugins/event_listener.py
[2025-11-10T11:33:57.869+0000] {processor.py:830} INFO - Processing file /home/airflow/.local/lib/python3.8/site-packages/airflow/example_dags/plugins/event_listener.py for tasks to queue
[2025-11-10T11:33:57.870+0000] {logging_mixin.py:188} INFO - [2025-11-10T11:33:57.870+0000] {dagbag.py:538} INFO - Filling up the DagBag from /home/airflow/.local/lib/python3.8/site-packages/airflow/example_dags/plugins/event_listener.py
[2025-11-10T11:33:57.873+0000] {processor.py:842} WARNING - No viable dags retrieved from /home/airflow/.local/lib/python3.8/site-packages/airflow/example_dags/plugins/event_listener.py
[2025-11-10T11:33:57.889+0000] {processor.py:183} INFO - Processing /home/airflow/.local/lib/python3.8/site-packages/airflow/example_dags/plugins/event_listener.py took 0.026 seconds
[2025-11-10T11:34:28.524+0000] {processor.py:161} INFO - Started process (PID=26451) to work on /home/airflow/.local/lib/python3.8/site-packages/airflow/example_dags/plugins/event_listener.py
[2025-11-10T11:34:28.526+0000] {processor.py:830} INFO - Processing file /home/airflow/.local/lib/python3.8/site-packages/airflow/example_dags/plugins/event_listener.py for tasks to queue
[2025-11-10T11:34:28.528+0000] {logging_mixin.py:188} INFO - [2025-11-10T11:34:28.527+0000] {dagbag.py:538} INFO - Filling up the DagBag from /home/airflow/.local/lib/python3.8/site-packages/airflow/example_dags/plugins/event_listener.py
[2025-11-10T11:34:28.531+0000] {processor.py:842} WARNING - No viable dags retrieved from /home/airflow/.local/lib/python3.8/site-packages/airflow/example_dags/plugins/event_listener.py
[2025-11-10T11:34:28.553+0000] {processor.py:183} INFO - Processing /home/airflow/.local/lib/python3.8/site-packages/airflow/example_dags/plugins/event_listener.py took 0.033 seconds
[2025-11-10T11:34:59.444+0000] {processor.py:161} INFO - Started process (PID=26510) to work on /home/airflow/.local/lib/python3.8/site-packages/airflow/example_dags/plugins/event_listener.py
[2025-11-10T11:34:59.447+0000] {processor.py:830} INFO - Processing file /home/airflow/.local/lib/python3.8/site-packages/airflow/example_dags/plugins/event_listener.py for tasks to queue
[2025-11-10T11:34:59.449+0000] {logging_mixin.py:188} INFO - [2025-11-10T11:34:59.448+0000] {dagbag.py:538} INFO - Filling up the DagBag from /home/airflow/.local/lib/python3.8/site-packages/airflow/example_dags/plugins/event_listener.py
[2025-11-10T11:34:59.457+0000] {processor.py:842} WARNING - No viable dags retrieved from /home/airflow/.local/lib/python3.8/site-packages/airflow/example_dags/plugins/event_listener.py
[2025-11-10T11:34:59.491+0000] {processor.py:183} INFO - Processing /home/airflow/.local/lib/python3.8/site-packages/airflow/example_dags/plugins/event_listener.py took 0.055 seconds
[2025-11-10T11:35:29.626+0000] {processor.py:161} INFO - Started process (PID=26568) to work on /home/airflow/.local/lib/python3.8/site-packages/airflow/example_dags/plugins/event_listener.py
[2025-11-10T11:35:29.628+0000] {processor.py:830} INFO - Processing file /home/airflow/.local/lib/python3.8/site-packages/airflow/example_dags/plugins/event_listener.py for tasks to queue
[2025-11-10T11:35:29.629+0000] {logging_mixin.py:188} INFO - [2025-11-10T11:35:29.629+0000] {dagbag.py:538} INFO - Filling up the DagBag from /home/airflow/.local/lib/python3.8/site-packages/airflow/example_dags/plugins/event_listener.py
[2025-11-10T11:35:29.633+0000] {processor.py:842} WARNING - No viable dags retrieved from /home/airflow/.local/lib/python3.8/site-packages/airflow/example_dags/plugins/event_listener.py
[2025-11-10T11:35:29.652+0000] {processor.py:183} INFO - Processing /home/airflow/.local/lib/python3.8/site-packages/airflow/example_dags/plugins/event_listener.py took 0.030 seconds
[2025-11-10T11:36:00.283+0000] {processor.py:161} INFO - Started process (PID=26628) to work on /home/airflow/.local/lib/python3.8/site-packages/airflow/example_dags/plugins/event_listener.py
[2025-11-10T11:36:00.285+0000] {processor.py:830} INFO - Processing file /home/airflow/.local/lib/python3.8/site-packages/airflow/example_dags/plugins/event_listener.py for tasks to queue
[2025-11-10T11:36:00.286+0000] {logging_mixin.py:188} INFO - [2025-11-10T11:36:00.286+0000] {dagbag.py:538} INFO - Filling up the DagBag from /home/airflow/.local/lib/python3.8/site-packages/airflow/example_dags/plugins/event_listener.py
[2025-11-10T11:36:00.290+0000] {processor.py:842} WARNING - No viable dags retrieved from /home/airflow/.local/lib/python3.8/site-packages/airflow/example_dags/plugins/event_listener.py
[2025-11-10T11:36:00.311+0000] {processor.py:183} INFO - Processing /home/airflow/.local/lib/python3.8/site-packages/airflow/example_dags/plugins/event_listener.py took 0.033 seconds
[2025-11-10T11:36:30.592+0000] {processor.py:161} INFO - Started process (PID=26687) to work on /home/airflow/.local/lib/python3.8/site-packages/airflow/example_dags/plugins/event_listener.py
[2025-11-10T11:36:30.594+0000] {processor.py:830} INFO - Processing file /home/airflow/.local/lib/python3.8/site-packages/airflow/example_dags/plugins/event_listener.py for tasks to queue
[2025-11-10T11:36:30.595+0000] {logging_mixin.py:188} INFO - [2025-11-10T11:36:30.595+0000] {dagbag.py:538} INFO - Filling up the DagBag from /home/airflow/.local/lib/python3.8/site-packages/airflow/example_dags/plugins/event_listener.py
[2025-11-10T11:36:30.599+0000] {processor.py:842} WARNING - No viable dags retrieved from /home/airflow/.local/lib/python3.8/site-packages/airflow/example_dags/plugins/event_listener.py
[2025-11-10T11:36:30.618+0000] {processor.py:183} INFO - Processing /home/airflow/.local/lib/python3.8/site-packages/airflow/example_dags/plugins/event_listener.py took 0.029 seconds
[2025-11-10T11:37:01.092+0000] {processor.py:161} INFO - Started process (PID=26746) to work on /home/airflow/.local/lib/python3.8/site-packages/airflow/example_dags/plugins/event_listener.py
[2025-11-10T11:37:01.094+0000] {processor.py:830} INFO - Processing file /home/airflow/.local/lib/python3.8/site-packages/airflow/example_dags/plugins/event_listener.py for tasks to queue
[2025-11-10T11:37:01.095+0000] {logging_mixin.py:188} INFO - [2025-11-10T11:37:01.095+0000] {dagbag.py:538} INFO - Filling up the DagBag from /home/airflow/.local/lib/python3.8/site-packages/airflow/example_dags/plugins/event_listener.py
[2025-11-10T11:37:01.100+0000] {processor.py:842} WARNING - No viable dags retrieved from /home/airflow/.local/lib/python3.8/site-packages/airflow/example_dags/plugins/event_listener.py
[2025-11-10T11:37:01.119+0000] {processor.py:183} INFO - Processing /home/airflow/.local/lib/python3.8/site-packages/airflow/example_dags/plugins/event_listener.py took 0.032 seconds
[2025-11-10T11:37:31.517+0000] {processor.py:161} INFO - Started process (PID=26804) to work on /home/airflow/.local/lib/python3.8/site-packages/airflow/example_dags/plugins/event_listener.py
[2025-11-10T11:37:31.519+0000] {processor.py:830} INFO - Processing file /home/airflow/.local/lib/python3.8/site-packages/airflow/example_dags/plugins/event_listener.py for tasks to queue
[2025-11-10T11:37:31.522+0000] {logging_mixin.py:188} INFO - [2025-11-10T11:37:31.521+0000] {dagbag.py:538} INFO - Filling up the DagBag from /home/airflow/.local/lib/python3.8/site-packages/airflow/example_dags/plugins/event_listener.py
[2025-11-10T11:37:31.526+0000] {processor.py:842} WARNING - No viable dags retrieved from /home/airflow/.local/lib/python3.8/site-packages/airflow/example_dags/plugins/event_listener.py
[2025-11-10T11:37:31.553+0000] {processor.py:183} INFO - Processing /home/airflow/.local/lib/python3.8/site-packages/airflow/example_dags/plugins/event_listener.py took 0.042 seconds
[2025-11-10T11:38:01.793+0000] {processor.py:161} INFO - Started process (PID=26863) to work on /home/airflow/.local/lib/python3.8/site-packages/airflow/example_dags/plugins/event_listener.py
[2025-11-10T11:38:01.794+0000] {processor.py:830} INFO - Processing file /home/airflow/.local/lib/python3.8/site-packages/airflow/example_dags/plugins/event_listener.py for tasks to queue
[2025-11-10T11:38:01.795+0000] {logging_mixin.py:188} INFO - [2025-11-10T11:38:01.795+0000] {dagbag.py:538} INFO - Filling up the DagBag from /home/airflow/.local/lib/python3.8/site-packages/airflow/example_dags/plugins/event_listener.py
[2025-11-10T11:38:01.799+0000] {processor.py:842} WARNING - No viable dags retrieved from /home/airflow/.local/lib/python3.8/site-packages/airflow/example_dags/plugins/event_listener.py
[2025-11-10T11:38:01.822+0000] {processor.py:183} INFO - Processing /home/airflow/.local/lib/python3.8/site-packages/airflow/example_dags/plugins/event_listener.py took 0.035 seconds
[2025-11-10T11:38:32.045+0000] {processor.py:161} INFO - Started process (PID=26922) to work on /home/airflow/.local/lib/python3.8/site-packages/airflow/example_dags/plugins/event_listener.py
[2025-11-10T11:38:32.047+0000] {processor.py:830} INFO - Processing file /home/airflow/.local/lib/python3.8/site-packages/airflow/example_dags/plugins/event_listener.py for tasks to queue
[2025-11-10T11:38:32.048+0000] {logging_mixin.py:188} INFO - [2025-11-10T11:38:32.048+0000] {dagbag.py:538} INFO - Filling up the DagBag from /home/airflow/.local/lib/python3.8/site-packages/airflow/example_dags/plugins/event_listener.py
[2025-11-10T11:38:32.051+0000] {processor.py:842} WARNING - No viable dags retrieved from /home/airflow/.local/lib/python3.8/site-packages/airflow/example_dags/plugins/event_listener.py
[2025-11-10T11:38:32.069+0000] {processor.py:183} INFO - Processing /home/airflow/.local/lib/python3.8/site-packages/airflow/example_dags/plugins/event_listener.py took 0.028 seconds
[2025-11-10T11:39:02.429+0000] {processor.py:161} INFO - Started process (PID=26982) to work on /home/airflow/.local/lib/python3.8/site-packages/airflow/example_dags/plugins/event_listener.py
[2025-11-10T11:39:02.431+0000] {processor.py:830} INFO - Processing file /home/airflow/.local/lib/python3.8/site-packages/airflow/example_dags/plugins/event_listener.py for tasks to queue
[2025-11-10T11:39:02.432+0000] {logging_mixin.py:188} INFO - [2025-11-10T11:39:02.432+0000] {dagbag.py:538} INFO - Filling up the DagBag from /home/airflow/.local/lib/python3.8/site-packages/airflow/example_dags/plugins/event_listener.py
[2025-11-10T11:39:02.436+0000] {processor.py:842} WARNING - No viable dags retrieved from /home/airflow/.local/lib/python3.8/site-packages/airflow/example_dags/plugins/event_listener.py
[2025-11-10T11:39:02.455+0000] {processor.py:183} INFO - Processing /home/airflow/.local/lib/python3.8/site-packages/airflow/example_dags/plugins/event_listener.py took 0.030 seconds
[2025-11-10T11:39:33.166+0000] {processor.py:161} INFO - Started process (PID=27041) to work on /home/airflow/.local/lib/python3.8/site-packages/airflow/example_dags/plugins/event_listener.py
[2025-11-10T11:39:33.168+0000] {processor.py:830} INFO - Processing file /home/airflow/.local/lib/python3.8/site-packages/airflow/example_dags/plugins/event_listener.py for tasks to queue
[2025-11-10T11:39:33.170+0000] {logging_mixin.py:188} INFO - [2025-11-10T11:39:33.169+0000] {dagbag.py:538} INFO - Filling up the DagBag from /home/airflow/.local/lib/python3.8/site-packages/airflow/example_dags/plugins/event_listener.py
[2025-11-10T11:39:33.174+0000] {processor.py:842} WARNING - No viable dags retrieved from /home/airflow/.local/lib/python3.8/site-packages/airflow/example_dags/plugins/event_listener.py
[2025-11-10T11:39:33.192+0000] {processor.py:183} INFO - Processing /home/airflow/.local/lib/python3.8/site-packages/airflow/example_dags/plugins/event_listener.py took 0.030 seconds
[2025-11-10T11:40:03.468+0000] {processor.py:161} INFO - Started process (PID=27100) to work on /home/airflow/.local/lib/python3.8/site-packages/airflow/example_dags/plugins/event_listener.py
[2025-11-10T11:40:03.469+0000] {processor.py:830} INFO - Processing file /home/airflow/.local/lib/python3.8/site-packages/airflow/example_dags/plugins/event_listener.py for tasks to queue
[2025-11-10T11:40:03.471+0000] {logging_mixin.py:188} INFO - [2025-11-10T11:40:03.470+0000] {dagbag.py:538} INFO - Filling up the DagBag from /home/airflow/.local/lib/python3.8/site-packages/airflow/example_dags/plugins/event_listener.py
[2025-11-10T11:40:03.474+0000] {processor.py:842} WARNING - No viable dags retrieved from /home/airflow/.local/lib/python3.8/site-packages/airflow/example_dags/plugins/event_listener.py
[2025-11-10T11:40:03.495+0000] {processor.py:183} INFO - Processing /home/airflow/.local/lib/python3.8/site-packages/airflow/example_dags/plugins/event_listener.py took 0.031 seconds
[2025-11-10T11:40:34.180+0000] {processor.py:161} INFO - Started process (PID=27159) to work on /home/airflow/.local/lib/python3.8/site-packages/airflow/example_dags/plugins/event_listener.py
[2025-11-10T11:40:34.182+0000] {processor.py:830} INFO - Processing file /home/airflow/.local/lib/python3.8/site-packages/airflow/example_dags/plugins/event_listener.py for tasks to queue
[2025-11-10T11:40:34.183+0000] {logging_mixin.py:188} INFO - [2025-11-10T11:40:34.183+0000] {dagbag.py:538} INFO - Filling up the DagBag from /home/airflow/.local/lib/python3.8/site-packages/airflow/example_dags/plugins/event_listener.py
[2025-11-10T11:40:34.187+0000] {processor.py:842} WARNING - No viable dags retrieved from /home/airflow/.local/lib/python3.8/site-packages/airflow/example_dags/plugins/event_listener.py
[2025-11-10T11:40:34.208+0000] {processor.py:183} INFO - Processing /home/airflow/.local/lib/python3.8/site-packages/airflow/example_dags/plugins/event_listener.py took 0.033 seconds
[2025-11-10T11:41:05.088+0000] {processor.py:161} INFO - Started process (PID=27224) to work on /home/airflow/.local/lib/python3.8/site-packages/airflow/example_dags/plugins/event_listener.py
[2025-11-10T11:41:05.090+0000] {processor.py:830} INFO - Processing file /home/airflow/.local/lib/python3.8/site-packages/airflow/example_dags/plugins/event_listener.py for tasks to queue
[2025-11-10T11:41:05.091+0000] {logging_mixin.py:188} INFO - [2025-11-10T11:41:05.091+0000] {dagbag.py:538} INFO - Filling up the DagBag from /home/airflow/.local/lib/python3.8/site-packages/airflow/example_dags/plugins/event_listener.py
[2025-11-10T11:41:05.095+0000] {processor.py:842} WARNING - No viable dags retrieved from /home/airflow/.local/lib/python3.8/site-packages/airflow/example_dags/plugins/event_listener.py
[2025-11-10T11:41:05.117+0000] {processor.py:183} INFO - Processing /home/airflow/.local/lib/python3.8/site-packages/airflow/example_dags/plugins/event_listener.py took 0.035 seconds
[2025-11-10T11:41:36.051+0000] {processor.py:161} INFO - Started process (PID=27283) to work on /home/airflow/.local/lib/python3.8/site-packages/airflow/example_dags/plugins/event_listener.py
[2025-11-10T11:41:36.053+0000] {processor.py:830} INFO - Processing file /home/airflow/.local/lib/python3.8/site-packages/airflow/example_dags/plugins/event_listener.py for tasks to queue
[2025-11-10T11:41:36.057+0000] {logging_mixin.py:188} INFO - [2025-11-10T11:41:36.056+0000] {dagbag.py:538} INFO - Filling up the DagBag from /home/airflow/.local/lib/python3.8/site-packages/airflow/example_dags/plugins/event_listener.py
[2025-11-10T11:41:36.065+0000] {processor.py:842} WARNING - No viable dags retrieved from /home/airflow/.local/lib/python3.8/site-packages/airflow/example_dags/plugins/event_listener.py
[2025-11-10T11:41:36.090+0000] {processor.py:183} INFO - Processing /home/airflow/.local/lib/python3.8/site-packages/airflow/example_dags/plugins/event_listener.py took 0.048 seconds
[2025-11-10T11:42:07.173+0000] {processor.py:161} INFO - Started process (PID=27342) to work on /home/airflow/.local/lib/python3.8/site-packages/airflow/example_dags/plugins/event_listener.py
[2025-11-10T11:42:07.175+0000] {processor.py:830} INFO - Processing file /home/airflow/.local/lib/python3.8/site-packages/airflow/example_dags/plugins/event_listener.py for tasks to queue
[2025-11-10T11:42:07.177+0000] {logging_mixin.py:188} INFO - [2025-11-10T11:42:07.176+0000] {dagbag.py:538} INFO - Filling up the DagBag from /home/airflow/.local/lib/python3.8/site-packages/airflow/example_dags/plugins/event_listener.py
[2025-11-10T11:42:07.180+0000] {processor.py:842} WARNING - No viable dags retrieved from /home/airflow/.local/lib/python3.8/site-packages/airflow/example_dags/plugins/event_listener.py
[2025-11-10T11:42:07.203+0000] {processor.py:183} INFO - Processing /home/airflow/.local/lib/python3.8/site-packages/airflow/example_dags/plugins/event_listener.py took 0.035 seconds
[2025-11-10T11:42:37.370+0000] {processor.py:161} INFO - Started process (PID=27401) to work on /home/airflow/.local/lib/python3.8/site-packages/airflow/example_dags/plugins/event_listener.py
[2025-11-10T11:42:37.372+0000] {processor.py:830} INFO - Processing file /home/airflow/.local/lib/python3.8/site-packages/airflow/example_dags/plugins/event_listener.py for tasks to queue
[2025-11-10T11:42:37.374+0000] {logging_mixin.py:188} INFO - [2025-11-10T11:42:37.373+0000] {dagbag.py:538} INFO - Filling up the DagBag from /home/airflow/.local/lib/python3.8/site-packages/airflow/example_dags/plugins/event_listener.py
[2025-11-10T11:42:37.377+0000] {processor.py:842} WARNING - No viable dags retrieved from /home/airflow/.local/lib/python3.8/site-packages/airflow/example_dags/plugins/event_listener.py
[2025-11-10T11:42:37.399+0000] {processor.py:183} INFO - Processing /home/airflow/.local/lib/python3.8/site-packages/airflow/example_dags/plugins/event_listener.py took 0.033 seconds
[2025-11-10T11:43:07.914+0000] {processor.py:161} INFO - Started process (PID=27461) to work on /home/airflow/.local/lib/python3.8/site-packages/airflow/example_dags/plugins/event_listener.py
[2025-11-10T11:43:07.916+0000] {processor.py:830} INFO - Processing file /home/airflow/.local/lib/python3.8/site-packages/airflow/example_dags/plugins/event_listener.py for tasks to queue
[2025-11-10T11:43:07.918+0000] {logging_mixin.py:188} INFO - [2025-11-10T11:43:07.917+0000] {dagbag.py:538} INFO - Filling up the DagBag from /home/airflow/.local/lib/python3.8/site-packages/airflow/example_dags/plugins/event_listener.py
[2025-11-10T11:43:07.924+0000] {processor.py:842} WARNING - No viable dags retrieved from /home/airflow/.local/lib/python3.8/site-packages/airflow/example_dags/plugins/event_listener.py
[2025-11-10T11:43:07.946+0000] {processor.py:183} INFO - Processing /home/airflow/.local/lib/python3.8/site-packages/airflow/example_dags/plugins/event_listener.py took 0.037 seconds
[2025-11-10T11:43:38.466+0000] {processor.py:161} INFO - Started process (PID=27520) to work on /home/airflow/.local/lib/python3.8/site-packages/airflow/example_dags/plugins/event_listener.py
[2025-11-10T11:43:38.468+0000] {processor.py:830} INFO - Processing file /home/airflow/.local/lib/python3.8/site-packages/airflow/example_dags/plugins/event_listener.py for tasks to queue
[2025-11-10T11:43:38.470+0000] {logging_mixin.py:188} INFO - [2025-11-10T11:43:38.470+0000] {dagbag.py:538} INFO - Filling up the DagBag from /home/airflow/.local/lib/python3.8/site-packages/airflow/example_dags/plugins/event_listener.py
[2025-11-10T11:43:38.475+0000] {processor.py:842} WARNING - No viable dags retrieved from /home/airflow/.local/lib/python3.8/site-packages/airflow/example_dags/plugins/event_listener.py
[2025-11-10T11:43:38.503+0000] {processor.py:183} INFO - Processing /home/airflow/.local/lib/python3.8/site-packages/airflow/example_dags/plugins/event_listener.py took 0.046 seconds
[2025-11-10T11:44:08.882+0000] {processor.py:161} INFO - Started process (PID=27579) to work on /home/airflow/.local/lib/python3.8/site-packages/airflow/example_dags/plugins/event_listener.py
[2025-11-10T11:44:08.884+0000] {processor.py:830} INFO - Processing file /home/airflow/.local/lib/python3.8/site-packages/airflow/example_dags/plugins/event_listener.py for tasks to queue
[2025-11-10T11:44:08.885+0000] {logging_mixin.py:188} INFO - [2025-11-10T11:44:08.885+0000] {dagbag.py:538} INFO - Filling up the DagBag from /home/airflow/.local/lib/python3.8/site-packages/airflow/example_dags/plugins/event_listener.py
[2025-11-10T11:44:08.889+0000] {processor.py:842} WARNING - No viable dags retrieved from /home/airflow/.local/lib/python3.8/site-packages/airflow/example_dags/plugins/event_listener.py
[2025-11-10T11:44:08.908+0000] {processor.py:183} INFO - Processing /home/airflow/.local/lib/python3.8/site-packages/airflow/example_dags/plugins/event_listener.py took 0.031 seconds
[2025-11-10T11:44:39.061+0000] {processor.py:161} INFO - Started process (PID=27638) to work on /home/airflow/.local/lib/python3.8/site-packages/airflow/example_dags/plugins/event_listener.py
[2025-11-10T11:44:39.064+0000] {processor.py:830} INFO - Processing file /home/airflow/.local/lib/python3.8/site-packages/airflow/example_dags/plugins/event_listener.py for tasks to queue
[2025-11-10T11:44:39.066+0000] {logging_mixin.py:188} INFO - [2025-11-10T11:44:39.065+0000] {dagbag.py:538} INFO - Filling up the DagBag from /home/airflow/.local/lib/python3.8/site-packages/airflow/example_dags/plugins/event_listener.py
[2025-11-10T11:44:39.071+0000] {processor.py:842} WARNING - No viable dags retrieved from /home/airflow/.local/lib/python3.8/site-packages/airflow/example_dags/plugins/event_listener.py
[2025-11-10T11:44:39.094+0000] {processor.py:183} INFO - Processing /home/airflow/.local/lib/python3.8/site-packages/airflow/example_dags/plugins/event_listener.py took 0.039 seconds
[2025-11-10T11:45:09.662+0000] {processor.py:161} INFO - Started process (PID=27697) to work on /home/airflow/.local/lib/python3.8/site-packages/airflow/example_dags/plugins/event_listener.py
[2025-11-10T11:45:09.663+0000] {processor.py:830} INFO - Processing file /home/airflow/.local/lib/python3.8/site-packages/airflow/example_dags/plugins/event_listener.py for tasks to queue
[2025-11-10T11:45:09.665+0000] {logging_mixin.py:188} INFO - [2025-11-10T11:45:09.664+0000] {dagbag.py:538} INFO - Filling up the DagBag from /home/airflow/.local/lib/python3.8/site-packages/airflow/example_dags/plugins/event_listener.py
[2025-11-10T11:45:09.668+0000] {processor.py:842} WARNING - No viable dags retrieved from /home/airflow/.local/lib/python3.8/site-packages/airflow/example_dags/plugins/event_listener.py
[2025-11-10T11:45:09.687+0000] {processor.py:183} INFO - Processing /home/airflow/.local/lib/python3.8/site-packages/airflow/example_dags/plugins/event_listener.py took 0.029 seconds
[2025-11-10T11:45:39.941+0000] {processor.py:161} INFO - Started process (PID=27756) to work on /home/airflow/.local/lib/python3.8/site-packages/airflow/example_dags/plugins/event_listener.py
[2025-11-10T11:45:39.942+0000] {processor.py:830} INFO - Processing file /home/airflow/.local/lib/python3.8/site-packages/airflow/example_dags/plugins/event_listener.py for tasks to queue
[2025-11-10T11:45:39.944+0000] {logging_mixin.py:188} INFO - [2025-11-10T11:45:39.944+0000] {dagbag.py:538} INFO - Filling up the DagBag from /home/airflow/.local/lib/python3.8/site-packages/airflow/example_dags/plugins/event_listener.py
[2025-11-10T11:45:39.947+0000] {processor.py:842} WARNING - No viable dags retrieved from /home/airflow/.local/lib/python3.8/site-packages/airflow/example_dags/plugins/event_listener.py
[2025-11-10T11:45:39.966+0000] {processor.py:183} INFO - Processing /home/airflow/.local/lib/python3.8/site-packages/airflow/example_dags/plugins/event_listener.py took 0.030 seconds
[2025-11-10T11:46:10.329+0000] {processor.py:161} INFO - Started process (PID=27815) to work on /home/airflow/.local/lib/python3.8/site-packages/airflow/example_dags/plugins/event_listener.py
[2025-11-10T11:46:10.330+0000] {processor.py:830} INFO - Processing file /home/airflow/.local/lib/python3.8/site-packages/airflow/example_dags/plugins/event_listener.py for tasks to queue
[2025-11-10T11:46:10.332+0000] {logging_mixin.py:188} INFO - [2025-11-10T11:46:10.331+0000] {dagbag.py:538} INFO - Filling up the DagBag from /home/airflow/.local/lib/python3.8/site-packages/airflow/example_dags/plugins/event_listener.py
[2025-11-10T11:46:10.335+0000] {processor.py:842} WARNING - No viable dags retrieved from /home/airflow/.local/lib/python3.8/site-packages/airflow/example_dags/plugins/event_listener.py
[2025-11-10T11:46:10.353+0000] {processor.py:183} INFO - Processing /home/airflow/.local/lib/python3.8/site-packages/airflow/example_dags/plugins/event_listener.py took 0.028 seconds
[2025-11-10T11:46:40.773+0000] {processor.py:161} INFO - Started process (PID=27874) to work on /home/airflow/.local/lib/python3.8/site-packages/airflow/example_dags/plugins/event_listener.py
[2025-11-10T11:46:40.774+0000] {processor.py:830} INFO - Processing file /home/airflow/.local/lib/python3.8/site-packages/airflow/example_dags/plugins/event_listener.py for tasks to queue
[2025-11-10T11:46:40.776+0000] {logging_mixin.py:188} INFO - [2025-11-10T11:46:40.775+0000] {dagbag.py:538} INFO - Filling up the DagBag from /home/airflow/.local/lib/python3.8/site-packages/airflow/example_dags/plugins/event_listener.py
[2025-11-10T11:46:40.779+0000] {processor.py:842} WARNING - No viable dags retrieved from /home/airflow/.local/lib/python3.8/site-packages/airflow/example_dags/plugins/event_listener.py
[2025-11-10T11:46:40.797+0000] {processor.py:183} INFO - Processing /home/airflow/.local/lib/python3.8/site-packages/airflow/example_dags/plugins/event_listener.py took 0.029 seconds
[2025-11-10T11:47:11.613+0000] {processor.py:161} INFO - Started process (PID=27933) to work on /home/airflow/.local/lib/python3.8/site-packages/airflow/example_dags/plugins/event_listener.py
[2025-11-10T11:47:11.614+0000] {processor.py:830} INFO - Processing file /home/airflow/.local/lib/python3.8/site-packages/airflow/example_dags/plugins/event_listener.py for tasks to queue
[2025-11-10T11:47:11.616+0000] {logging_mixin.py:188} INFO - [2025-11-10T11:47:11.615+0000] {dagbag.py:538} INFO - Filling up the DagBag from /home/airflow/.local/lib/python3.8/site-packages/airflow/example_dags/plugins/event_listener.py
[2025-11-10T11:47:11.619+0000] {processor.py:842} WARNING - No viable dags retrieved from /home/airflow/.local/lib/python3.8/site-packages/airflow/example_dags/plugins/event_listener.py
[2025-11-10T11:47:11.648+0000] {processor.py:183} INFO - Processing /home/airflow/.local/lib/python3.8/site-packages/airflow/example_dags/plugins/event_listener.py took 0.039 seconds
[2025-11-10T11:47:42.202+0000] {processor.py:161} INFO - Started process (PID=27992) to work on /home/airflow/.local/lib/python3.8/site-packages/airflow/example_dags/plugins/event_listener.py
[2025-11-10T11:47:42.205+0000] {processor.py:830} INFO - Processing file /home/airflow/.local/lib/python3.8/site-packages/airflow/example_dags/plugins/event_listener.py for tasks to queue
[2025-11-10T11:47:42.207+0000] {logging_mixin.py:188} INFO - [2025-11-10T11:47:42.207+0000] {dagbag.py:538} INFO - Filling up the DagBag from /home/airflow/.local/lib/python3.8/site-packages/airflow/example_dags/plugins/event_listener.py
[2025-11-10T11:47:42.213+0000] {processor.py:842} WARNING - No viable dags retrieved from /home/airflow/.local/lib/python3.8/site-packages/airflow/example_dags/plugins/event_listener.py
[2025-11-10T11:47:42.249+0000] {processor.py:183} INFO - Processing /home/airflow/.local/lib/python3.8/site-packages/airflow/example_dags/plugins/event_listener.py took 0.057 seconds
[2025-11-10T11:48:12.363+0000] {processor.py:161} INFO - Started process (PID=28050) to work on /home/airflow/.local/lib/python3.8/site-packages/airflow/example_dags/plugins/event_listener.py
[2025-11-10T11:48:12.365+0000] {processor.py:830} INFO - Processing file /home/airflow/.local/lib/python3.8/site-packages/airflow/example_dags/plugins/event_listener.py for tasks to queue
[2025-11-10T11:48:12.367+0000] {logging_mixin.py:188} INFO - [2025-11-10T11:48:12.366+0000] {dagbag.py:538} INFO - Filling up the DagBag from /home/airflow/.local/lib/python3.8/site-packages/airflow/example_dags/plugins/event_listener.py
[2025-11-10T11:48:12.371+0000] {processor.py:842} WARNING - No viable dags retrieved from /home/airflow/.local/lib/python3.8/site-packages/airflow/example_dags/plugins/event_listener.py
[2025-11-10T11:48:12.391+0000] {processor.py:183} INFO - Processing /home/airflow/.local/lib/python3.8/site-packages/airflow/example_dags/plugins/event_listener.py took 0.034 seconds
[2025-11-10T11:48:42.832+0000] {processor.py:161} INFO - Started process (PID=28111) to work on /home/airflow/.local/lib/python3.8/site-packages/airflow/example_dags/plugins/event_listener.py
[2025-11-10T11:48:42.834+0000] {processor.py:830} INFO - Processing file /home/airflow/.local/lib/python3.8/site-packages/airflow/example_dags/plugins/event_listener.py for tasks to queue
[2025-11-10T11:48:42.836+0000] {logging_mixin.py:188} INFO - [2025-11-10T11:48:42.835+0000] {dagbag.py:538} INFO - Filling up the DagBag from /home/airflow/.local/lib/python3.8/site-packages/airflow/example_dags/plugins/event_listener.py
[2025-11-10T11:48:42.840+0000] {processor.py:842} WARNING - No viable dags retrieved from /home/airflow/.local/lib/python3.8/site-packages/airflow/example_dags/plugins/event_listener.py
[2025-11-10T11:48:42.864+0000] {processor.py:183} INFO - Processing /home/airflow/.local/lib/python3.8/site-packages/airflow/example_dags/plugins/event_listener.py took 0.038 seconds
[2025-11-10T11:49:12.954+0000] {processor.py:161} INFO - Started process (PID=28170) to work on /home/airflow/.local/lib/python3.8/site-packages/airflow/example_dags/plugins/event_listener.py
[2025-11-10T11:49:12.955+0000] {processor.py:830} INFO - Processing file /home/airflow/.local/lib/python3.8/site-packages/airflow/example_dags/plugins/event_listener.py for tasks to queue
[2025-11-10T11:49:12.957+0000] {logging_mixin.py:188} INFO - [2025-11-10T11:49:12.956+0000] {dagbag.py:538} INFO - Filling up the DagBag from /home/airflow/.local/lib/python3.8/site-packages/airflow/example_dags/plugins/event_listener.py
[2025-11-10T11:49:12.960+0000] {processor.py:842} WARNING - No viable dags retrieved from /home/airflow/.local/lib/python3.8/site-packages/airflow/example_dags/plugins/event_listener.py
[2025-11-10T11:49:12.978+0000] {processor.py:183} INFO - Processing /home/airflow/.local/lib/python3.8/site-packages/airflow/example_dags/plugins/event_listener.py took 0.028 seconds
[2025-11-10T11:49:43.352+0000] {processor.py:161} INFO - Started process (PID=28229) to work on /home/airflow/.local/lib/python3.8/site-packages/airflow/example_dags/plugins/event_listener.py
[2025-11-10T11:49:43.353+0000] {processor.py:830} INFO - Processing file /home/airflow/.local/lib/python3.8/site-packages/airflow/example_dags/plugins/event_listener.py for tasks to queue
[2025-11-10T11:49:43.355+0000] {logging_mixin.py:188} INFO - [2025-11-10T11:49:43.354+0000] {dagbag.py:538} INFO - Filling up the DagBag from /home/airflow/.local/lib/python3.8/site-packages/airflow/example_dags/plugins/event_listener.py
[2025-11-10T11:49:43.358+0000] {processor.py:842} WARNING - No viable dags retrieved from /home/airflow/.local/lib/python3.8/site-packages/airflow/example_dags/plugins/event_listener.py
[2025-11-10T11:49:43.374+0000] {processor.py:183} INFO - Processing /home/airflow/.local/lib/python3.8/site-packages/airflow/example_dags/plugins/event_listener.py took 0.028 seconds
[2025-11-10T11:50:13.898+0000] {processor.py:161} INFO - Started process (PID=28288) to work on /home/airflow/.local/lib/python3.8/site-packages/airflow/example_dags/plugins/event_listener.py
[2025-11-10T11:50:13.900+0000] {processor.py:830} INFO - Processing file /home/airflow/.local/lib/python3.8/site-packages/airflow/example_dags/plugins/event_listener.py for tasks to queue
[2025-11-10T11:50:13.902+0000] {logging_mixin.py:188} INFO - [2025-11-10T11:50:13.901+0000] {dagbag.py:538} INFO - Filling up the DagBag from /home/airflow/.local/lib/python3.8/site-packages/airflow/example_dags/plugins/event_listener.py
[2025-11-10T11:50:13.906+0000] {processor.py:842} WARNING - No viable dags retrieved from /home/airflow/.local/lib/python3.8/site-packages/airflow/example_dags/plugins/event_listener.py
[2025-11-10T11:50:13.927+0000] {processor.py:183} INFO - Processing /home/airflow/.local/lib/python3.8/site-packages/airflow/example_dags/plugins/event_listener.py took 0.033 seconds
[2025-11-10T11:50:44.594+0000] {processor.py:161} INFO - Started process (PID=28348) to work on /home/airflow/.local/lib/python3.8/site-packages/airflow/example_dags/plugins/event_listener.py
[2025-11-10T11:50:44.596+0000] {processor.py:830} INFO - Processing file /home/airflow/.local/lib/python3.8/site-packages/airflow/example_dags/plugins/event_listener.py for tasks to queue
[2025-11-10T11:50:44.597+0000] {logging_mixin.py:188} INFO - [2025-11-10T11:50:44.597+0000] {dagbag.py:538} INFO - Filling up the DagBag from /home/airflow/.local/lib/python3.8/site-packages/airflow/example_dags/plugins/event_listener.py
[2025-11-10T11:50:44.601+0000] {processor.py:842} WARNING - No viable dags retrieved from /home/airflow/.local/lib/python3.8/site-packages/airflow/example_dags/plugins/event_listener.py
[2025-11-10T11:50:44.619+0000] {processor.py:183} INFO - Processing /home/airflow/.local/lib/python3.8/site-packages/airflow/example_dags/plugins/event_listener.py took 0.030 seconds
[2025-11-10T11:51:14.824+0000] {processor.py:161} INFO - Started process (PID=28407) to work on /home/airflow/.local/lib/python3.8/site-packages/airflow/example_dags/plugins/event_listener.py
[2025-11-10T11:51:14.826+0000] {processor.py:830} INFO - Processing file /home/airflow/.local/lib/python3.8/site-packages/airflow/example_dags/plugins/event_listener.py for tasks to queue
[2025-11-10T11:51:14.829+0000] {logging_mixin.py:188} INFO - [2025-11-10T11:51:14.828+0000] {dagbag.py:538} INFO - Filling up the DagBag from /home/airflow/.local/lib/python3.8/site-packages/airflow/example_dags/plugins/event_listener.py
[2025-11-10T11:51:14.832+0000] {processor.py:842} WARNING - No viable dags retrieved from /home/airflow/.local/lib/python3.8/site-packages/airflow/example_dags/plugins/event_listener.py
[2025-11-10T11:51:14.850+0000] {processor.py:183} INFO - Processing /home/airflow/.local/lib/python3.8/site-packages/airflow/example_dags/plugins/event_listener.py took 0.030 seconds
[2025-11-10T11:51:45.671+0000] {processor.py:161} INFO - Started process (PID=28466) to work on /home/airflow/.local/lib/python3.8/site-packages/airflow/example_dags/plugins/event_listener.py
[2025-11-10T11:51:45.673+0000] {processor.py:830} INFO - Processing file /home/airflow/.local/lib/python3.8/site-packages/airflow/example_dags/plugins/event_listener.py for tasks to queue
[2025-11-10T11:51:45.675+0000] {logging_mixin.py:188} INFO - [2025-11-10T11:51:45.674+0000] {dagbag.py:538} INFO - Filling up the DagBag from /home/airflow/.local/lib/python3.8/site-packages/airflow/example_dags/plugins/event_listener.py
[2025-11-10T11:51:45.683+0000] {processor.py:842} WARNING - No viable dags retrieved from /home/airflow/.local/lib/python3.8/site-packages/airflow/example_dags/plugins/event_listener.py
[2025-11-10T11:51:45.708+0000] {processor.py:183} INFO - Processing /home/airflow/.local/lib/python3.8/site-packages/airflow/example_dags/plugins/event_listener.py took 0.043 seconds
[2025-11-10T11:52:15.931+0000] {processor.py:161} INFO - Started process (PID=28524) to work on /home/airflow/.local/lib/python3.8/site-packages/airflow/example_dags/plugins/event_listener.py
[2025-11-10T11:52:15.933+0000] {processor.py:830} INFO - Processing file /home/airflow/.local/lib/python3.8/site-packages/airflow/example_dags/plugins/event_listener.py for tasks to queue
[2025-11-10T11:52:15.934+0000] {logging_mixin.py:188} INFO - [2025-11-10T11:52:15.934+0000] {dagbag.py:538} INFO - Filling up the DagBag from /home/airflow/.local/lib/python3.8/site-packages/airflow/example_dags/plugins/event_listener.py
[2025-11-10T11:52:15.937+0000] {processor.py:842} WARNING - No viable dags retrieved from /home/airflow/.local/lib/python3.8/site-packages/airflow/example_dags/plugins/event_listener.py
[2025-11-10T11:52:15.956+0000] {processor.py:183} INFO - Processing /home/airflow/.local/lib/python3.8/site-packages/airflow/example_dags/plugins/event_listener.py took 0.029 seconds
[2025-11-10T11:52:46.548+0000] {processor.py:161} INFO - Started process (PID=28585) to work on /home/airflow/.local/lib/python3.8/site-packages/airflow/example_dags/plugins/event_listener.py
[2025-11-10T11:52:46.550+0000] {processor.py:830} INFO - Processing file /home/airflow/.local/lib/python3.8/site-packages/airflow/example_dags/plugins/event_listener.py for tasks to queue
[2025-11-10T11:52:46.552+0000] {logging_mixin.py:188} INFO - [2025-11-10T11:52:46.551+0000] {dagbag.py:538} INFO - Filling up the DagBag from /home/airflow/.local/lib/python3.8/site-packages/airflow/example_dags/plugins/event_listener.py
[2025-11-10T11:52:46.557+0000] {processor.py:842} WARNING - No viable dags retrieved from /home/airflow/.local/lib/python3.8/site-packages/airflow/example_dags/plugins/event_listener.py
[2025-11-10T11:52:46.579+0000] {processor.py:183} INFO - Processing /home/airflow/.local/lib/python3.8/site-packages/airflow/example_dags/plugins/event_listener.py took 0.037 seconds
[2025-11-10T11:53:16.908+0000] {processor.py:161} INFO - Started process (PID=28644) to work on /home/airflow/.local/lib/python3.8/site-packages/airflow/example_dags/plugins/event_listener.py
[2025-11-10T11:53:16.911+0000] {processor.py:830} INFO - Processing file /home/airflow/.local/lib/python3.8/site-packages/airflow/example_dags/plugins/event_listener.py for tasks to queue
[2025-11-10T11:53:16.913+0000] {logging_mixin.py:188} INFO - [2025-11-10T11:53:16.913+0000] {dagbag.py:538} INFO - Filling up the DagBag from /home/airflow/.local/lib/python3.8/site-packages/airflow/example_dags/plugins/event_listener.py
[2025-11-10T11:53:16.918+0000] {processor.py:842} WARNING - No viable dags retrieved from /home/airflow/.local/lib/python3.8/site-packages/airflow/example_dags/plugins/event_listener.py
[2025-11-10T11:53:16.945+0000] {processor.py:183} INFO - Processing /home/airflow/.local/lib/python3.8/site-packages/airflow/example_dags/plugins/event_listener.py took 0.047 seconds
[2025-11-10T11:53:47.527+0000] {processor.py:161} INFO - Started process (PID=28703) to work on /home/airflow/.local/lib/python3.8/site-packages/airflow/example_dags/plugins/event_listener.py
[2025-11-10T11:53:47.530+0000] {processor.py:830} INFO - Processing file /home/airflow/.local/lib/python3.8/site-packages/airflow/example_dags/plugins/event_listener.py for tasks to queue
[2025-11-10T11:53:47.532+0000] {logging_mixin.py:188} INFO - [2025-11-10T11:53:47.532+0000] {dagbag.py:538} INFO - Filling up the DagBag from /home/airflow/.local/lib/python3.8/site-packages/airflow/example_dags/plugins/event_listener.py
[2025-11-10T11:53:47.537+0000] {processor.py:842} WARNING - No viable dags retrieved from /home/airflow/.local/lib/python3.8/site-packages/airflow/example_dags/plugins/event_listener.py
[2025-11-10T11:53:47.562+0000] {processor.py:183} INFO - Processing /home/airflow/.local/lib/python3.8/site-packages/airflow/example_dags/plugins/event_listener.py took 0.041 seconds
[2025-11-10T11:54:17.775+0000] {processor.py:161} INFO - Started process (PID=28761) to work on /home/airflow/.local/lib/python3.8/site-packages/airflow/example_dags/plugins/event_listener.py
[2025-11-10T11:54:17.777+0000] {processor.py:830} INFO - Processing file /home/airflow/.local/lib/python3.8/site-packages/airflow/example_dags/plugins/event_listener.py for tasks to queue
[2025-11-10T11:54:17.778+0000] {logging_mixin.py:188} INFO - [2025-11-10T11:54:17.778+0000] {dagbag.py:538} INFO - Filling up the DagBag from /home/airflow/.local/lib/python3.8/site-packages/airflow/example_dags/plugins/event_listener.py
[2025-11-10T11:54:17.782+0000] {processor.py:842} WARNING - No viable dags retrieved from /home/airflow/.local/lib/python3.8/site-packages/airflow/example_dags/plugins/event_listener.py
[2025-11-10T11:54:17.800+0000] {processor.py:183} INFO - Processing /home/airflow/.local/lib/python3.8/site-packages/airflow/example_dags/plugins/event_listener.py took 0.030 seconds
[2025-11-10T11:54:48.015+0000] {processor.py:161} INFO - Started process (PID=28820) to work on /home/airflow/.local/lib/python3.8/site-packages/airflow/example_dags/plugins/event_listener.py
[2025-11-10T11:54:48.017+0000] {processor.py:830} INFO - Processing file /home/airflow/.local/lib/python3.8/site-packages/airflow/example_dags/plugins/event_listener.py for tasks to queue
[2025-11-10T11:54:48.021+0000] {logging_mixin.py:188} INFO - [2025-11-10T11:54:48.020+0000] {dagbag.py:538} INFO - Filling up the DagBag from /home/airflow/.local/lib/python3.8/site-packages/airflow/example_dags/plugins/event_listener.py
[2025-11-10T11:54:48.024+0000] {processor.py:842} WARNING - No viable dags retrieved from /home/airflow/.local/lib/python3.8/site-packages/airflow/example_dags/plugins/event_listener.py
[2025-11-10T11:54:48.042+0000] {processor.py:183} INFO - Processing /home/airflow/.local/lib/python3.8/site-packages/airflow/example_dags/plugins/event_listener.py took 0.032 seconds
[2025-11-10T11:55:18.480+0000] {processor.py:161} INFO - Started process (PID=28880) to work on /home/airflow/.local/lib/python3.8/site-packages/airflow/example_dags/plugins/event_listener.py
[2025-11-10T11:55:18.483+0000] {processor.py:830} INFO - Processing file /home/airflow/.local/lib/python3.8/site-packages/airflow/example_dags/plugins/event_listener.py for tasks to queue
[2025-11-10T11:55:18.485+0000] {logging_mixin.py:188} INFO - [2025-11-10T11:55:18.484+0000] {dagbag.py:538} INFO - Filling up the DagBag from /home/airflow/.local/lib/python3.8/site-packages/airflow/example_dags/plugins/event_listener.py
[2025-11-10T11:55:18.490+0000] {processor.py:842} WARNING - No viable dags retrieved from /home/airflow/.local/lib/python3.8/site-packages/airflow/example_dags/plugins/event_listener.py
[2025-11-10T11:55:18.516+0000] {processor.py:183} INFO - Processing /home/airflow/.local/lib/python3.8/site-packages/airflow/example_dags/plugins/event_listener.py took 0.042 seconds
[2025-11-10T11:55:49.476+0000] {processor.py:161} INFO - Started process (PID=28939) to work on /home/airflow/.local/lib/python3.8/site-packages/airflow/example_dags/plugins/event_listener.py
[2025-11-10T11:55:49.477+0000] {processor.py:830} INFO - Processing file /home/airflow/.local/lib/python3.8/site-packages/airflow/example_dags/plugins/event_listener.py for tasks to queue
[2025-11-10T11:55:49.479+0000] {logging_mixin.py:188} INFO - [2025-11-10T11:55:49.478+0000] {dagbag.py:538} INFO - Filling up the DagBag from /home/airflow/.local/lib/python3.8/site-packages/airflow/example_dags/plugins/event_listener.py
[2025-11-10T11:55:49.483+0000] {processor.py:842} WARNING - No viable dags retrieved from /home/airflow/.local/lib/python3.8/site-packages/airflow/example_dags/plugins/event_listener.py
[2025-11-10T11:55:49.502+0000] {processor.py:183} INFO - Processing /home/airflow/.local/lib/python3.8/site-packages/airflow/example_dags/plugins/event_listener.py took 0.031 seconds
[2025-11-10T11:56:19.933+0000] {processor.py:161} INFO - Started process (PID=28998) to work on /home/airflow/.local/lib/python3.8/site-packages/airflow/example_dags/plugins/event_listener.py
[2025-11-10T11:56:19.935+0000] {processor.py:830} INFO - Processing file /home/airflow/.local/lib/python3.8/site-packages/airflow/example_dags/plugins/event_listener.py for tasks to queue
[2025-11-10T11:56:19.938+0000] {logging_mixin.py:188} INFO - [2025-11-10T11:56:19.937+0000] {dagbag.py:538} INFO - Filling up the DagBag from /home/airflow/.local/lib/python3.8/site-packages/airflow/example_dags/plugins/event_listener.py
[2025-11-10T11:56:19.943+0000] {processor.py:842} WARNING - No viable dags retrieved from /home/airflow/.local/lib/python3.8/site-packages/airflow/example_dags/plugins/event_listener.py
[2025-11-10T11:56:19.967+0000] {processor.py:183} INFO - Processing /home/airflow/.local/lib/python3.8/site-packages/airflow/example_dags/plugins/event_listener.py took 0.042 seconds
[2025-11-10T11:56:50.683+0000] {processor.py:161} INFO - Started process (PID=29058) to work on /home/airflow/.local/lib/python3.8/site-packages/airflow/example_dags/plugins/event_listener.py
[2025-11-10T11:56:50.686+0000] {processor.py:830} INFO - Processing file /home/airflow/.local/lib/python3.8/site-packages/airflow/example_dags/plugins/event_listener.py for tasks to queue
[2025-11-10T11:56:50.688+0000] {logging_mixin.py:188} INFO - [2025-11-10T11:56:50.688+0000] {dagbag.py:538} INFO - Filling up the DagBag from /home/airflow/.local/lib/python3.8/site-packages/airflow/example_dags/plugins/event_listener.py
[2025-11-10T11:56:50.693+0000] {processor.py:842} WARNING - No viable dags retrieved from /home/airflow/.local/lib/python3.8/site-packages/airflow/example_dags/plugins/event_listener.py
[2025-11-10T11:56:50.718+0000] {processor.py:183} INFO - Processing /home/airflow/.local/lib/python3.8/site-packages/airflow/example_dags/plugins/event_listener.py took 0.041 seconds
[2025-11-10T11:57:21.118+0000] {processor.py:161} INFO - Started process (PID=29117) to work on /home/airflow/.local/lib/python3.8/site-packages/airflow/example_dags/plugins/event_listener.py
[2025-11-10T11:57:21.120+0000] {processor.py:830} INFO - Processing file /home/airflow/.local/lib/python3.8/site-packages/airflow/example_dags/plugins/event_listener.py for tasks to queue
[2025-11-10T11:57:21.121+0000] {logging_mixin.py:188} INFO - [2025-11-10T11:57:21.121+0000] {dagbag.py:538} INFO - Filling up the DagBag from /home/airflow/.local/lib/python3.8/site-packages/airflow/example_dags/plugins/event_listener.py
[2025-11-10T11:57:21.124+0000] {processor.py:842} WARNING - No viable dags retrieved from /home/airflow/.local/lib/python3.8/site-packages/airflow/example_dags/plugins/event_listener.py
[2025-11-10T11:57:21.140+0000] {processor.py:183} INFO - Processing /home/airflow/.local/lib/python3.8/site-packages/airflow/example_dags/plugins/event_listener.py took 0.026 seconds
[2025-11-10T11:57:51.369+0000] {processor.py:161} INFO - Started process (PID=29176) to work on /home/airflow/.local/lib/python3.8/site-packages/airflow/example_dags/plugins/event_listener.py
[2025-11-10T11:57:51.371+0000] {processor.py:830} INFO - Processing file /home/airflow/.local/lib/python3.8/site-packages/airflow/example_dags/plugins/event_listener.py for tasks to queue
[2025-11-10T11:57:51.372+0000] {logging_mixin.py:188} INFO - [2025-11-10T11:57:51.372+0000] {dagbag.py:538} INFO - Filling up the DagBag from /home/airflow/.local/lib/python3.8/site-packages/airflow/example_dags/plugins/event_listener.py
[2025-11-10T11:57:51.376+0000] {processor.py:842} WARNING - No viable dags retrieved from /home/airflow/.local/lib/python3.8/site-packages/airflow/example_dags/plugins/event_listener.py
[2025-11-10T11:57:51.401+0000] {processor.py:183} INFO - Processing /home/airflow/.local/lib/python3.8/site-packages/airflow/example_dags/plugins/event_listener.py took 0.038 seconds
[2025-11-10T11:58:22.111+0000] {processor.py:161} INFO - Started process (PID=29236) to work on /home/airflow/.local/lib/python3.8/site-packages/airflow/example_dags/plugins/event_listener.py
[2025-11-10T11:58:22.113+0000] {processor.py:830} INFO - Processing file /home/airflow/.local/lib/python3.8/site-packages/airflow/example_dags/plugins/event_listener.py for tasks to queue
[2025-11-10T11:58:22.115+0000] {logging_mixin.py:188} INFO - [2025-11-10T11:58:22.115+0000] {dagbag.py:538} INFO - Filling up the DagBag from /home/airflow/.local/lib/python3.8/site-packages/airflow/example_dags/plugins/event_listener.py
[2025-11-10T11:58:22.120+0000] {processor.py:842} WARNING - No viable dags retrieved from /home/airflow/.local/lib/python3.8/site-packages/airflow/example_dags/plugins/event_listener.py
[2025-11-10T11:58:22.143+0000] {processor.py:183} INFO - Processing /home/airflow/.local/lib/python3.8/site-packages/airflow/example_dags/plugins/event_listener.py took 0.038 seconds
[2025-11-10T11:58:52.344+0000] {processor.py:161} INFO - Started process (PID=29295) to work on /home/airflow/.local/lib/python3.8/site-packages/airflow/example_dags/plugins/event_listener.py
[2025-11-10T11:58:52.348+0000] {processor.py:830} INFO - Processing file /home/airflow/.local/lib/python3.8/site-packages/airflow/example_dags/plugins/event_listener.py for tasks to queue
[2025-11-10T11:58:52.351+0000] {logging_mixin.py:188} INFO - [2025-11-10T11:58:52.350+0000] {dagbag.py:538} INFO - Filling up the DagBag from /home/airflow/.local/lib/python3.8/site-packages/airflow/example_dags/plugins/event_listener.py
[2025-11-10T11:58:52.359+0000] {processor.py:842} WARNING - No viable dags retrieved from /home/airflow/.local/lib/python3.8/site-packages/airflow/example_dags/plugins/event_listener.py
[2025-11-10T11:58:52.407+0000] {processor.py:183} INFO - Processing /home/airflow/.local/lib/python3.8/site-packages/airflow/example_dags/plugins/event_listener.py took 0.073 seconds
[2025-11-10T11:59:23.090+0000] {processor.py:161} INFO - Started process (PID=29354) to work on /home/airflow/.local/lib/python3.8/site-packages/airflow/example_dags/plugins/event_listener.py
[2025-11-10T11:59:23.091+0000] {processor.py:830} INFO - Processing file /home/airflow/.local/lib/python3.8/site-packages/airflow/example_dags/plugins/event_listener.py for tasks to queue
[2025-11-10T11:59:23.093+0000] {logging_mixin.py:188} INFO - [2025-11-10T11:59:23.093+0000] {dagbag.py:538} INFO - Filling up the DagBag from /home/airflow/.local/lib/python3.8/site-packages/airflow/example_dags/plugins/event_listener.py
[2025-11-10T11:59:23.097+0000] {processor.py:842} WARNING - No viable dags retrieved from /home/airflow/.local/lib/python3.8/site-packages/airflow/example_dags/plugins/event_listener.py
[2025-11-10T11:59:23.117+0000] {processor.py:183} INFO - Processing /home/airflow/.local/lib/python3.8/site-packages/airflow/example_dags/plugins/event_listener.py took 0.032 seconds
[2025-11-10T11:59:53.300+0000] {processor.py:161} INFO - Started process (PID=29414) to work on /home/airflow/.local/lib/python3.8/site-packages/airflow/example_dags/plugins/event_listener.py
[2025-11-10T11:59:53.302+0000] {processor.py:830} INFO - Processing file /home/airflow/.local/lib/python3.8/site-packages/airflow/example_dags/plugins/event_listener.py for tasks to queue
[2025-11-10T11:59:53.303+0000] {logging_mixin.py:188} INFO - [2025-11-10T11:59:53.303+0000] {dagbag.py:538} INFO - Filling up the DagBag from /home/airflow/.local/lib/python3.8/site-packages/airflow/example_dags/plugins/event_listener.py
[2025-11-10T11:59:53.307+0000] {processor.py:842} WARNING - No viable dags retrieved from /home/airflow/.local/lib/python3.8/site-packages/airflow/example_dags/plugins/event_listener.py
[2025-11-10T11:59:53.326+0000] {processor.py:183} INFO - Processing /home/airflow/.local/lib/python3.8/site-packages/airflow/example_dags/plugins/event_listener.py took 0.031 seconds
[2025-11-10T12:00:23.755+0000] {processor.py:161} INFO - Started process (PID=29473) to work on /home/airflow/.local/lib/python3.8/site-packages/airflow/example_dags/plugins/event_listener.py
[2025-11-10T12:00:23.756+0000] {processor.py:830} INFO - Processing file /home/airflow/.local/lib/python3.8/site-packages/airflow/example_dags/plugins/event_listener.py for tasks to queue
[2025-11-10T12:00:23.758+0000] {logging_mixin.py:188} INFO - [2025-11-10T12:00:23.758+0000] {dagbag.py:538} INFO - Filling up the DagBag from /home/airflow/.local/lib/python3.8/site-packages/airflow/example_dags/plugins/event_listener.py
[2025-11-10T12:00:23.762+0000] {processor.py:842} WARNING - No viable dags retrieved from /home/airflow/.local/lib/python3.8/site-packages/airflow/example_dags/plugins/event_listener.py
[2025-11-10T12:00:23.785+0000] {processor.py:183} INFO - Processing /home/airflow/.local/lib/python3.8/site-packages/airflow/example_dags/plugins/event_listener.py took 0.036 seconds
[2025-11-10T12:00:54.112+0000] {processor.py:161} INFO - Started process (PID=29530) to work on /home/airflow/.local/lib/python3.8/site-packages/airflow/example_dags/plugins/event_listener.py
[2025-11-10T12:00:54.114+0000] {processor.py:830} INFO - Processing file /home/airflow/.local/lib/python3.8/site-packages/airflow/example_dags/plugins/event_listener.py for tasks to queue
[2025-11-10T12:00:54.115+0000] {logging_mixin.py:188} INFO - [2025-11-10T12:00:54.115+0000] {dagbag.py:538} INFO - Filling up the DagBag from /home/airflow/.local/lib/python3.8/site-packages/airflow/example_dags/plugins/event_listener.py
[2025-11-10T12:00:54.119+0000] {processor.py:842} WARNING - No viable dags retrieved from /home/airflow/.local/lib/python3.8/site-packages/airflow/example_dags/plugins/event_listener.py
[2025-11-10T12:00:54.137+0000] {processor.py:183} INFO - Processing /home/airflow/.local/lib/python3.8/site-packages/airflow/example_dags/plugins/event_listener.py took 0.029 seconds
[2025-11-10T12:01:24.605+0000] {processor.py:161} INFO - Started process (PID=29590) to work on /home/airflow/.local/lib/python3.8/site-packages/airflow/example_dags/plugins/event_listener.py
[2025-11-10T12:01:24.607+0000] {processor.py:830} INFO - Processing file /home/airflow/.local/lib/python3.8/site-packages/airflow/example_dags/plugins/event_listener.py for tasks to queue
[2025-11-10T12:01:24.608+0000] {logging_mixin.py:188} INFO - [2025-11-10T12:01:24.608+0000] {dagbag.py:538} INFO - Filling up the DagBag from /home/airflow/.local/lib/python3.8/site-packages/airflow/example_dags/plugins/event_listener.py
[2025-11-10T12:01:24.611+0000] {processor.py:842} WARNING - No viable dags retrieved from /home/airflow/.local/lib/python3.8/site-packages/airflow/example_dags/plugins/event_listener.py
[2025-11-10T12:01:24.628+0000] {processor.py:183} INFO - Processing /home/airflow/.local/lib/python3.8/site-packages/airflow/example_dags/plugins/event_listener.py took 0.027 seconds
[2025-11-10T12:01:55.127+0000] {processor.py:161} INFO - Started process (PID=29649) to work on /home/airflow/.local/lib/python3.8/site-packages/airflow/example_dags/plugins/event_listener.py
[2025-11-10T12:01:55.129+0000] {processor.py:830} INFO - Processing file /home/airflow/.local/lib/python3.8/site-packages/airflow/example_dags/plugins/event_listener.py for tasks to queue
[2025-11-10T12:01:55.130+0000] {logging_mixin.py:188} INFO - [2025-11-10T12:01:55.130+0000] {dagbag.py:538} INFO - Filling up the DagBag from /home/airflow/.local/lib/python3.8/site-packages/airflow/example_dags/plugins/event_listener.py
[2025-11-10T12:01:55.133+0000] {processor.py:842} WARNING - No viable dags retrieved from /home/airflow/.local/lib/python3.8/site-packages/airflow/example_dags/plugins/event_listener.py
[2025-11-10T12:01:55.151+0000] {processor.py:183} INFO - Processing /home/airflow/.local/lib/python3.8/site-packages/airflow/example_dags/plugins/event_listener.py took 0.029 seconds
[2025-11-10T12:02:26.183+0000] {processor.py:161} INFO - Started process (PID=29708) to work on /home/airflow/.local/lib/python3.8/site-packages/airflow/example_dags/plugins/event_listener.py
[2025-11-10T12:02:26.185+0000] {processor.py:830} INFO - Processing file /home/airflow/.local/lib/python3.8/site-packages/airflow/example_dags/plugins/event_listener.py for tasks to queue
[2025-11-10T12:02:26.187+0000] {logging_mixin.py:188} INFO - [2025-11-10T12:02:26.186+0000] {dagbag.py:538} INFO - Filling up the DagBag from /home/airflow/.local/lib/python3.8/site-packages/airflow/example_dags/plugins/event_listener.py
[2025-11-10T12:02:26.193+0000] {processor.py:842} WARNING - No viable dags retrieved from /home/airflow/.local/lib/python3.8/site-packages/airflow/example_dags/plugins/event_listener.py
[2025-11-10T12:02:26.223+0000] {processor.py:183} INFO - Processing /home/airflow/.local/lib/python3.8/site-packages/airflow/example_dags/plugins/event_listener.py took 0.047 seconds
[2025-11-10T12:02:56.805+0000] {processor.py:161} INFO - Started process (PID=29768) to work on /home/airflow/.local/lib/python3.8/site-packages/airflow/example_dags/plugins/event_listener.py
[2025-11-10T12:02:56.806+0000] {processor.py:830} INFO - Processing file /home/airflow/.local/lib/python3.8/site-packages/airflow/example_dags/plugins/event_listener.py for tasks to queue
[2025-11-10T12:02:56.808+0000] {logging_mixin.py:188} INFO - [2025-11-10T12:02:56.807+0000] {dagbag.py:538} INFO - Filling up the DagBag from /home/airflow/.local/lib/python3.8/site-packages/airflow/example_dags/plugins/event_listener.py
[2025-11-10T12:02:56.812+0000] {processor.py:842} WARNING - No viable dags retrieved from /home/airflow/.local/lib/python3.8/site-packages/airflow/example_dags/plugins/event_listener.py
[2025-11-10T12:02:56.832+0000] {processor.py:183} INFO - Processing /home/airflow/.local/lib/python3.8/site-packages/airflow/example_dags/plugins/event_listener.py took 0.031 seconds
[2025-11-10T12:03:27.323+0000] {processor.py:161} INFO - Started process (PID=29827) to work on /home/airflow/.local/lib/python3.8/site-packages/airflow/example_dags/plugins/event_listener.py
[2025-11-10T12:03:27.325+0000] {processor.py:830} INFO - Processing file /home/airflow/.local/lib/python3.8/site-packages/airflow/example_dags/plugins/event_listener.py for tasks to queue
[2025-11-10T12:03:27.327+0000] {logging_mixin.py:188} INFO - [2025-11-10T12:03:27.326+0000] {dagbag.py:538} INFO - Filling up the DagBag from /home/airflow/.local/lib/python3.8/site-packages/airflow/example_dags/plugins/event_listener.py
[2025-11-10T12:03:27.330+0000] {processor.py:842} WARNING - No viable dags retrieved from /home/airflow/.local/lib/python3.8/site-packages/airflow/example_dags/plugins/event_listener.py
[2025-11-10T12:03:27.349+0000] {processor.py:183} INFO - Processing /home/airflow/.local/lib/python3.8/site-packages/airflow/example_dags/plugins/event_listener.py took 0.031 seconds
[2025-11-10T12:03:58.306+0000] {processor.py:161} INFO - Started process (PID=29886) to work on /home/airflow/.local/lib/python3.8/site-packages/airflow/example_dags/plugins/event_listener.py
[2025-11-10T12:03:58.308+0000] {processor.py:830} INFO - Processing file /home/airflow/.local/lib/python3.8/site-packages/airflow/example_dags/plugins/event_listener.py for tasks to queue
[2025-11-10T12:03:58.311+0000] {logging_mixin.py:188} INFO - [2025-11-10T12:03:58.310+0000] {dagbag.py:538} INFO - Filling up the DagBag from /home/airflow/.local/lib/python3.8/site-packages/airflow/example_dags/plugins/event_listener.py
[2025-11-10T12:03:58.316+0000] {processor.py:842} WARNING - No viable dags retrieved from /home/airflow/.local/lib/python3.8/site-packages/airflow/example_dags/plugins/event_listener.py
[2025-11-10T12:03:58.339+0000] {processor.py:183} INFO - Processing /home/airflow/.local/lib/python3.8/site-packages/airflow/example_dags/plugins/event_listener.py took 0.038 seconds
[2025-11-10T12:04:28.653+0000] {processor.py:161} INFO - Started process (PID=29945) to work on /home/airflow/.local/lib/python3.8/site-packages/airflow/example_dags/plugins/event_listener.py
[2025-11-10T12:04:28.655+0000] {processor.py:830} INFO - Processing file /home/airflow/.local/lib/python3.8/site-packages/airflow/example_dags/plugins/event_listener.py for tasks to queue
[2025-11-10T12:04:28.656+0000] {logging_mixin.py:188} INFO - [2025-11-10T12:04:28.656+0000] {dagbag.py:538} INFO - Filling up the DagBag from /home/airflow/.local/lib/python3.8/site-packages/airflow/example_dags/plugins/event_listener.py
[2025-11-10T12:04:28.660+0000] {processor.py:842} WARNING - No viable dags retrieved from /home/airflow/.local/lib/python3.8/site-packages/airflow/example_dags/plugins/event_listener.py
[2025-11-10T12:04:28.679+0000] {processor.py:183} INFO - Processing /home/airflow/.local/lib/python3.8/site-packages/airflow/example_dags/plugins/event_listener.py took 0.032 seconds
[2025-11-10T12:04:59.433+0000] {processor.py:161} INFO - Started process (PID=30004) to work on /home/airflow/.local/lib/python3.8/site-packages/airflow/example_dags/plugins/event_listener.py
[2025-11-10T12:04:59.435+0000] {processor.py:830} INFO - Processing file /home/airflow/.local/lib/python3.8/site-packages/airflow/example_dags/plugins/event_listener.py for tasks to queue
[2025-11-10T12:04:59.436+0000] {logging_mixin.py:188} INFO - [2025-11-10T12:04:59.436+0000] {dagbag.py:538} INFO - Filling up the DagBag from /home/airflow/.local/lib/python3.8/site-packages/airflow/example_dags/plugins/event_listener.py
[2025-11-10T12:04:59.440+0000] {processor.py:842} WARNING - No viable dags retrieved from /home/airflow/.local/lib/python3.8/site-packages/airflow/example_dags/plugins/event_listener.py
[2025-11-10T12:04:59.462+0000] {processor.py:183} INFO - Processing /home/airflow/.local/lib/python3.8/site-packages/airflow/example_dags/plugins/event_listener.py took 0.033 seconds
[2025-11-10T12:05:29.927+0000] {processor.py:161} INFO - Started process (PID=30063) to work on /home/airflow/.local/lib/python3.8/site-packages/airflow/example_dags/plugins/event_listener.py
[2025-11-10T12:05:29.928+0000] {processor.py:830} INFO - Processing file /home/airflow/.local/lib/python3.8/site-packages/airflow/example_dags/plugins/event_listener.py for tasks to queue
[2025-11-10T12:05:29.930+0000] {logging_mixin.py:188} INFO - [2025-11-10T12:05:29.929+0000] {dagbag.py:538} INFO - Filling up the DagBag from /home/airflow/.local/lib/python3.8/site-packages/airflow/example_dags/plugins/event_listener.py
[2025-11-10T12:05:29.933+0000] {processor.py:842} WARNING - No viable dags retrieved from /home/airflow/.local/lib/python3.8/site-packages/airflow/example_dags/plugins/event_listener.py
[2025-11-10T12:05:29.953+0000] {processor.py:183} INFO - Processing /home/airflow/.local/lib/python3.8/site-packages/airflow/example_dags/plugins/event_listener.py took 0.032 seconds
[2025-11-10T12:06:00.685+0000] {processor.py:161} INFO - Started process (PID=30122) to work on /home/airflow/.local/lib/python3.8/site-packages/airflow/example_dags/plugins/event_listener.py
[2025-11-10T12:06:00.686+0000] {processor.py:830} INFO - Processing file /home/airflow/.local/lib/python3.8/site-packages/airflow/example_dags/plugins/event_listener.py for tasks to queue
[2025-11-10T12:06:00.688+0000] {logging_mixin.py:188} INFO - [2025-11-10T12:06:00.687+0000] {dagbag.py:538} INFO - Filling up the DagBag from /home/airflow/.local/lib/python3.8/site-packages/airflow/example_dags/plugins/event_listener.py
[2025-11-10T12:06:00.690+0000] {processor.py:842} WARNING - No viable dags retrieved from /home/airflow/.local/lib/python3.8/site-packages/airflow/example_dags/plugins/event_listener.py
[2025-11-10T12:06:00.708+0000] {processor.py:183} INFO - Processing /home/airflow/.local/lib/python3.8/site-packages/airflow/example_dags/plugins/event_listener.py took 0.028 seconds
[2025-11-10T12:06:31.163+0000] {processor.py:161} INFO - Started process (PID=30181) to work on /home/airflow/.local/lib/python3.8/site-packages/airflow/example_dags/plugins/event_listener.py
[2025-11-10T12:06:31.165+0000] {processor.py:830} INFO - Processing file /home/airflow/.local/lib/python3.8/site-packages/airflow/example_dags/plugins/event_listener.py for tasks to queue
[2025-11-10T12:06:31.166+0000] {logging_mixin.py:188} INFO - [2025-11-10T12:06:31.165+0000] {dagbag.py:538} INFO - Filling up the DagBag from /home/airflow/.local/lib/python3.8/site-packages/airflow/example_dags/plugins/event_listener.py
[2025-11-10T12:06:31.169+0000] {processor.py:842} WARNING - No viable dags retrieved from /home/airflow/.local/lib/python3.8/site-packages/airflow/example_dags/plugins/event_listener.py
[2025-11-10T12:06:31.185+0000] {processor.py:183} INFO - Processing /home/airflow/.local/lib/python3.8/site-packages/airflow/example_dags/plugins/event_listener.py took 0.026 seconds
[2025-11-10T12:07:01.644+0000] {processor.py:161} INFO - Started process (PID=30240) to work on /home/airflow/.local/lib/python3.8/site-packages/airflow/example_dags/plugins/event_listener.py
[2025-11-10T12:07:01.646+0000] {processor.py:830} INFO - Processing file /home/airflow/.local/lib/python3.8/site-packages/airflow/example_dags/plugins/event_listener.py for tasks to queue
[2025-11-10T12:07:01.649+0000] {logging_mixin.py:188} INFO - [2025-11-10T12:07:01.649+0000] {dagbag.py:538} INFO - Filling up the DagBag from /home/airflow/.local/lib/python3.8/site-packages/airflow/example_dags/plugins/event_listener.py
[2025-11-10T12:07:01.653+0000] {processor.py:842} WARNING - No viable dags retrieved from /home/airflow/.local/lib/python3.8/site-packages/airflow/example_dags/plugins/event_listener.py
[2025-11-10T12:07:01.670+0000] {processor.py:183} INFO - Processing /home/airflow/.local/lib/python3.8/site-packages/airflow/example_dags/plugins/event_listener.py took 0.030 seconds
[2025-11-10T12:07:32.211+0000] {processor.py:161} INFO - Started process (PID=30299) to work on /home/airflow/.local/lib/python3.8/site-packages/airflow/example_dags/plugins/event_listener.py
[2025-11-10T12:07:32.212+0000] {processor.py:830} INFO - Processing file /home/airflow/.local/lib/python3.8/site-packages/airflow/example_dags/plugins/event_listener.py for tasks to queue
[2025-11-10T12:07:32.214+0000] {logging_mixin.py:188} INFO - [2025-11-10T12:07:32.213+0000] {dagbag.py:538} INFO - Filling up the DagBag from /home/airflow/.local/lib/python3.8/site-packages/airflow/example_dags/plugins/event_listener.py
[2025-11-10T12:07:32.217+0000] {processor.py:842} WARNING - No viable dags retrieved from /home/airflow/.local/lib/python3.8/site-packages/airflow/example_dags/plugins/event_listener.py
[2025-11-10T12:07:32.240+0000] {processor.py:183} INFO - Processing /home/airflow/.local/lib/python3.8/site-packages/airflow/example_dags/plugins/event_listener.py took 0.034 seconds
[2025-11-10T12:08:03.111+0000] {processor.py:161} INFO - Started process (PID=30358) to work on /home/airflow/.local/lib/python3.8/site-packages/airflow/example_dags/plugins/event_listener.py
[2025-11-10T12:08:03.113+0000] {processor.py:830} INFO - Processing file /home/airflow/.local/lib/python3.8/site-packages/airflow/example_dags/plugins/event_listener.py for tasks to queue
[2025-11-10T12:08:03.115+0000] {logging_mixin.py:188} INFO - [2025-11-10T12:08:03.114+0000] {dagbag.py:538} INFO - Filling up the DagBag from /home/airflow/.local/lib/python3.8/site-packages/airflow/example_dags/plugins/event_listener.py
[2025-11-10T12:08:03.119+0000] {processor.py:842} WARNING - No viable dags retrieved from /home/airflow/.local/lib/python3.8/site-packages/airflow/example_dags/plugins/event_listener.py
[2025-11-10T12:08:03.142+0000] {processor.py:183} INFO - Processing /home/airflow/.local/lib/python3.8/site-packages/airflow/example_dags/plugins/event_listener.py took 0.037 seconds
[2025-11-10T12:08:33.617+0000] {processor.py:161} INFO - Started process (PID=30417) to work on /home/airflow/.local/lib/python3.8/site-packages/airflow/example_dags/plugins/event_listener.py
[2025-11-10T12:08:33.619+0000] {processor.py:830} INFO - Processing file /home/airflow/.local/lib/python3.8/site-packages/airflow/example_dags/plugins/event_listener.py for tasks to queue
[2025-11-10T12:08:33.621+0000] {logging_mixin.py:188} INFO - [2025-11-10T12:08:33.621+0000] {dagbag.py:538} INFO - Filling up the DagBag from /home/airflow/.local/lib/python3.8/site-packages/airflow/example_dags/plugins/event_listener.py
[2025-11-10T12:08:33.625+0000] {processor.py:842} WARNING - No viable dags retrieved from /home/airflow/.local/lib/python3.8/site-packages/airflow/example_dags/plugins/event_listener.py
[2025-11-10T12:08:33.646+0000] {processor.py:183} INFO - Processing /home/airflow/.local/lib/python3.8/site-packages/airflow/example_dags/plugins/event_listener.py took 0.036 seconds
[2025-11-10T12:09:04.446+0000] {processor.py:161} INFO - Started process (PID=30476) to work on /home/airflow/.local/lib/python3.8/site-packages/airflow/example_dags/plugins/event_listener.py
[2025-11-10T12:09:04.448+0000] {processor.py:830} INFO - Processing file /home/airflow/.local/lib/python3.8/site-packages/airflow/example_dags/plugins/event_listener.py for tasks to queue
[2025-11-10T12:09:04.450+0000] {logging_mixin.py:188} INFO - [2025-11-10T12:09:04.450+0000] {dagbag.py:538} INFO - Filling up the DagBag from /home/airflow/.local/lib/python3.8/site-packages/airflow/example_dags/plugins/event_listener.py
[2025-11-10T12:09:04.456+0000] {processor.py:842} WARNING - No viable dags retrieved from /home/airflow/.local/lib/python3.8/site-packages/airflow/example_dags/plugins/event_listener.py
[2025-11-10T12:09:04.485+0000] {processor.py:183} INFO - Processing /home/airflow/.local/lib/python3.8/site-packages/airflow/example_dags/plugins/event_listener.py took 0.045 seconds
[2025-11-10T12:09:34.916+0000] {processor.py:161} INFO - Started process (PID=30535) to work on /home/airflow/.local/lib/python3.8/site-packages/airflow/example_dags/plugins/event_listener.py
[2025-11-10T12:09:34.918+0000] {processor.py:830} INFO - Processing file /home/airflow/.local/lib/python3.8/site-packages/airflow/example_dags/plugins/event_listener.py for tasks to queue
[2025-11-10T12:09:34.920+0000] {logging_mixin.py:188} INFO - [2025-11-10T12:09:34.919+0000] {dagbag.py:538} INFO - Filling up the DagBag from /home/airflow/.local/lib/python3.8/site-packages/airflow/example_dags/plugins/event_listener.py
[2025-11-10T12:09:34.926+0000] {processor.py:842} WARNING - No viable dags retrieved from /home/airflow/.local/lib/python3.8/site-packages/airflow/example_dags/plugins/event_listener.py
[2025-11-10T12:09:34.952+0000] {processor.py:183} INFO - Processing /home/airflow/.local/lib/python3.8/site-packages/airflow/example_dags/plugins/event_listener.py took 0.042 seconds
[2025-11-10T12:10:05.936+0000] {processor.py:161} INFO - Started process (PID=30594) to work on /home/airflow/.local/lib/python3.8/site-packages/airflow/example_dags/plugins/event_listener.py
[2025-11-10T12:10:05.938+0000] {processor.py:830} INFO - Processing file /home/airflow/.local/lib/python3.8/site-packages/airflow/example_dags/plugins/event_listener.py for tasks to queue
[2025-11-10T12:10:05.940+0000] {logging_mixin.py:188} INFO - [2025-11-10T12:10:05.939+0000] {dagbag.py:538} INFO - Filling up the DagBag from /home/airflow/.local/lib/python3.8/site-packages/airflow/example_dags/plugins/event_listener.py
[2025-11-10T12:10:05.944+0000] {processor.py:842} WARNING - No viable dags retrieved from /home/airflow/.local/lib/python3.8/site-packages/airflow/example_dags/plugins/event_listener.py
[2025-11-10T12:10:05.969+0000] {processor.py:183} INFO - Processing /home/airflow/.local/lib/python3.8/site-packages/airflow/example_dags/plugins/event_listener.py took 0.038 seconds
[2025-11-10T12:10:36.503+0000] {processor.py:161} INFO - Started process (PID=30653) to work on /home/airflow/.local/lib/python3.8/site-packages/airflow/example_dags/plugins/event_listener.py
[2025-11-10T12:10:36.506+0000] {processor.py:830} INFO - Processing file /home/airflow/.local/lib/python3.8/site-packages/airflow/example_dags/plugins/event_listener.py for tasks to queue
[2025-11-10T12:10:36.509+0000] {logging_mixin.py:188} INFO - [2025-11-10T12:10:36.508+0000] {dagbag.py:538} INFO - Filling up the DagBag from /home/airflow/.local/lib/python3.8/site-packages/airflow/example_dags/plugins/event_listener.py
[2025-11-10T12:10:36.516+0000] {processor.py:842} WARNING - No viable dags retrieved from /home/airflow/.local/lib/python3.8/site-packages/airflow/example_dags/plugins/event_listener.py
[2025-11-10T12:10:36.550+0000] {processor.py:183} INFO - Processing /home/airflow/.local/lib/python3.8/site-packages/airflow/example_dags/plugins/event_listener.py took 0.059 seconds
[2025-11-10T12:11:06.734+0000] {processor.py:161} INFO - Started process (PID=30712) to work on /home/airflow/.local/lib/python3.8/site-packages/airflow/example_dags/plugins/event_listener.py
[2025-11-10T12:11:06.736+0000] {processor.py:830} INFO - Processing file /home/airflow/.local/lib/python3.8/site-packages/airflow/example_dags/plugins/event_listener.py for tasks to queue
[2025-11-10T12:11:06.737+0000] {logging_mixin.py:188} INFO - [2025-11-10T12:11:06.737+0000] {dagbag.py:538} INFO - Filling up the DagBag from /home/airflow/.local/lib/python3.8/site-packages/airflow/example_dags/plugins/event_listener.py
[2025-11-10T12:11:06.740+0000] {processor.py:842} WARNING - No viable dags retrieved from /home/airflow/.local/lib/python3.8/site-packages/airflow/example_dags/plugins/event_listener.py
[2025-11-10T12:11:06.759+0000] {processor.py:183} INFO - Processing /home/airflow/.local/lib/python3.8/site-packages/airflow/example_dags/plugins/event_listener.py took 0.028 seconds
[2025-11-10T12:11:36.930+0000] {processor.py:161} INFO - Started process (PID=30772) to work on /home/airflow/.local/lib/python3.8/site-packages/airflow/example_dags/plugins/event_listener.py
[2025-11-10T12:11:36.932+0000] {processor.py:830} INFO - Processing file /home/airflow/.local/lib/python3.8/site-packages/airflow/example_dags/plugins/event_listener.py for tasks to queue
[2025-11-10T12:11:36.933+0000] {logging_mixin.py:188} INFO - [2025-11-10T12:11:36.933+0000] {dagbag.py:538} INFO - Filling up the DagBag from /home/airflow/.local/lib/python3.8/site-packages/airflow/example_dags/plugins/event_listener.py
[2025-11-10T12:11:36.937+0000] {processor.py:842} WARNING - No viable dags retrieved from /home/airflow/.local/lib/python3.8/site-packages/airflow/example_dags/plugins/event_listener.py
[2025-11-10T12:11:36.955+0000] {processor.py:183} INFO - Processing /home/airflow/.local/lib/python3.8/site-packages/airflow/example_dags/plugins/event_listener.py took 0.029 seconds
[2025-11-10T12:12:07.612+0000] {processor.py:161} INFO - Started process (PID=30831) to work on /home/airflow/.local/lib/python3.8/site-packages/airflow/example_dags/plugins/event_listener.py
[2025-11-10T12:12:07.613+0000] {processor.py:830} INFO - Processing file /home/airflow/.local/lib/python3.8/site-packages/airflow/example_dags/plugins/event_listener.py for tasks to queue
[2025-11-10T12:12:07.615+0000] {logging_mixin.py:188} INFO - [2025-11-10T12:12:07.614+0000] {dagbag.py:538} INFO - Filling up the DagBag from /home/airflow/.local/lib/python3.8/site-packages/airflow/example_dags/plugins/event_listener.py
[2025-11-10T12:12:07.618+0000] {processor.py:842} WARNING - No viable dags retrieved from /home/airflow/.local/lib/python3.8/site-packages/airflow/example_dags/plugins/event_listener.py
[2025-11-10T12:12:07.637+0000] {processor.py:183} INFO - Processing /home/airflow/.local/lib/python3.8/site-packages/airflow/example_dags/plugins/event_listener.py took 0.030 seconds
[2025-11-10T12:12:37.991+0000] {processor.py:161} INFO - Started process (PID=30889) to work on /home/airflow/.local/lib/python3.8/site-packages/airflow/example_dags/plugins/event_listener.py
[2025-11-10T12:12:37.992+0000] {processor.py:830} INFO - Processing file /home/airflow/.local/lib/python3.8/site-packages/airflow/example_dags/plugins/event_listener.py for tasks to queue
[2025-11-10T12:12:37.994+0000] {logging_mixin.py:188} INFO - [2025-11-10T12:12:37.993+0000] {dagbag.py:538} INFO - Filling up the DagBag from /home/airflow/.local/lib/python3.8/site-packages/airflow/example_dags/plugins/event_listener.py
[2025-11-10T12:12:37.998+0000] {processor.py:842} WARNING - No viable dags retrieved from /home/airflow/.local/lib/python3.8/site-packages/airflow/example_dags/plugins/event_listener.py
[2025-11-10T12:12:38.018+0000] {processor.py:183} INFO - Processing /home/airflow/.local/lib/python3.8/site-packages/airflow/example_dags/plugins/event_listener.py took 0.032 seconds
[2025-11-10T12:13:08.523+0000] {processor.py:161} INFO - Started process (PID=30948) to work on /home/airflow/.local/lib/python3.8/site-packages/airflow/example_dags/plugins/event_listener.py
[2025-11-10T12:13:08.525+0000] {processor.py:830} INFO - Processing file /home/airflow/.local/lib/python3.8/site-packages/airflow/example_dags/plugins/event_listener.py for tasks to queue
[2025-11-10T12:13:08.526+0000] {logging_mixin.py:188} INFO - [2025-11-10T12:13:08.526+0000] {dagbag.py:538} INFO - Filling up the DagBag from /home/airflow/.local/lib/python3.8/site-packages/airflow/example_dags/plugins/event_listener.py
[2025-11-10T12:13:08.531+0000] {processor.py:842} WARNING - No viable dags retrieved from /home/airflow/.local/lib/python3.8/site-packages/airflow/example_dags/plugins/event_listener.py
[2025-11-10T12:13:08.551+0000] {processor.py:183} INFO - Processing /home/airflow/.local/lib/python3.8/site-packages/airflow/example_dags/plugins/event_listener.py took 0.033 seconds
[2025-11-10T12:13:39.043+0000] {processor.py:161} INFO - Started process (PID=31007) to work on /home/airflow/.local/lib/python3.8/site-packages/airflow/example_dags/plugins/event_listener.py
[2025-11-10T12:13:39.044+0000] {processor.py:830} INFO - Processing file /home/airflow/.local/lib/python3.8/site-packages/airflow/example_dags/plugins/event_listener.py for tasks to queue
[2025-11-10T12:13:39.046+0000] {logging_mixin.py:188} INFO - [2025-11-10T12:13:39.045+0000] {dagbag.py:538} INFO - Filling up the DagBag from /home/airflow/.local/lib/python3.8/site-packages/airflow/example_dags/plugins/event_listener.py
[2025-11-10T12:13:39.049+0000] {processor.py:842} WARNING - No viable dags retrieved from /home/airflow/.local/lib/python3.8/site-packages/airflow/example_dags/plugins/event_listener.py
[2025-11-10T12:13:39.068+0000] {processor.py:183} INFO - Processing /home/airflow/.local/lib/python3.8/site-packages/airflow/example_dags/plugins/event_listener.py took 0.030 seconds
[2025-11-10T12:14:09.953+0000] {processor.py:161} INFO - Started process (PID=31066) to work on /home/airflow/.local/lib/python3.8/site-packages/airflow/example_dags/plugins/event_listener.py
[2025-11-10T12:14:09.955+0000] {processor.py:830} INFO - Processing file /home/airflow/.local/lib/python3.8/site-packages/airflow/example_dags/plugins/event_listener.py for tasks to queue
[2025-11-10T12:14:09.957+0000] {logging_mixin.py:188} INFO - [2025-11-10T12:14:09.956+0000] {dagbag.py:538} INFO - Filling up the DagBag from /home/airflow/.local/lib/python3.8/site-packages/airflow/example_dags/plugins/event_listener.py
[2025-11-10T12:14:09.961+0000] {processor.py:842} WARNING - No viable dags retrieved from /home/airflow/.local/lib/python3.8/site-packages/airflow/example_dags/plugins/event_listener.py
[2025-11-10T12:14:09.995+0000] {processor.py:183} INFO - Processing /home/airflow/.local/lib/python3.8/site-packages/airflow/example_dags/plugins/event_listener.py took 0.048 seconds
[2025-11-10T12:14:40.327+0000] {processor.py:161} INFO - Started process (PID=31125) to work on /home/airflow/.local/lib/python3.8/site-packages/airflow/example_dags/plugins/event_listener.py
[2025-11-10T12:14:40.330+0000] {processor.py:830} INFO - Processing file /home/airflow/.local/lib/python3.8/site-packages/airflow/example_dags/plugins/event_listener.py for tasks to queue
[2025-11-10T12:14:40.334+0000] {logging_mixin.py:188} INFO - [2025-11-10T12:14:40.333+0000] {dagbag.py:538} INFO - Filling up the DagBag from /home/airflow/.local/lib/python3.8/site-packages/airflow/example_dags/plugins/event_listener.py
[2025-11-10T12:14:40.344+0000] {processor.py:842} WARNING - No viable dags retrieved from /home/airflow/.local/lib/python3.8/site-packages/airflow/example_dags/plugins/event_listener.py
[2025-11-10T12:14:40.379+0000] {processor.py:183} INFO - Processing /home/airflow/.local/lib/python3.8/site-packages/airflow/example_dags/plugins/event_listener.py took 0.062 seconds
[2025-11-10T12:15:10.912+0000] {processor.py:161} INFO - Started process (PID=31184) to work on /home/airflow/.local/lib/python3.8/site-packages/airflow/example_dags/plugins/event_listener.py
[2025-11-10T12:15:10.914+0000] {processor.py:830} INFO - Processing file /home/airflow/.local/lib/python3.8/site-packages/airflow/example_dags/plugins/event_listener.py for tasks to queue
[2025-11-10T12:15:10.915+0000] {logging_mixin.py:188} INFO - [2025-11-10T12:15:10.915+0000] {dagbag.py:538} INFO - Filling up the DagBag from /home/airflow/.local/lib/python3.8/site-packages/airflow/example_dags/plugins/event_listener.py
[2025-11-10T12:15:10.918+0000] {processor.py:842} WARNING - No viable dags retrieved from /home/airflow/.local/lib/python3.8/site-packages/airflow/example_dags/plugins/event_listener.py
[2025-11-10T12:15:10.936+0000] {processor.py:183} INFO - Processing /home/airflow/.local/lib/python3.8/site-packages/airflow/example_dags/plugins/event_listener.py took 0.028 seconds
[2025-11-10T12:15:41.432+0000] {processor.py:161} INFO - Started process (PID=31243) to work on /home/airflow/.local/lib/python3.8/site-packages/airflow/example_dags/plugins/event_listener.py
[2025-11-10T12:15:41.433+0000] {processor.py:830} INFO - Processing file /home/airflow/.local/lib/python3.8/site-packages/airflow/example_dags/plugins/event_listener.py for tasks to queue
[2025-11-10T12:15:41.435+0000] {logging_mixin.py:188} INFO - [2025-11-10T12:15:41.434+0000] {dagbag.py:538} INFO - Filling up the DagBag from /home/airflow/.local/lib/python3.8/site-packages/airflow/example_dags/plugins/event_listener.py
[2025-11-10T12:15:41.440+0000] {processor.py:842} WARNING - No viable dags retrieved from /home/airflow/.local/lib/python3.8/site-packages/airflow/example_dags/plugins/event_listener.py
[2025-11-10T12:15:41.458+0000] {processor.py:183} INFO - Processing /home/airflow/.local/lib/python3.8/site-packages/airflow/example_dags/plugins/event_listener.py took 0.030 seconds
[2025-11-10T12:16:11.657+0000] {processor.py:161} INFO - Started process (PID=31302) to work on /home/airflow/.local/lib/python3.8/site-packages/airflow/example_dags/plugins/event_listener.py
[2025-11-10T12:16:11.658+0000] {processor.py:830} INFO - Processing file /home/airflow/.local/lib/python3.8/site-packages/airflow/example_dags/plugins/event_listener.py for tasks to queue
[2025-11-10T12:16:11.660+0000] {logging_mixin.py:188} INFO - [2025-11-10T12:16:11.660+0000] {dagbag.py:538} INFO - Filling up the DagBag from /home/airflow/.local/lib/python3.8/site-packages/airflow/example_dags/plugins/event_listener.py
[2025-11-10T12:16:11.664+0000] {processor.py:842} WARNING - No viable dags retrieved from /home/airflow/.local/lib/python3.8/site-packages/airflow/example_dags/plugins/event_listener.py
[2025-11-10T12:16:11.683+0000] {processor.py:183} INFO - Processing /home/airflow/.local/lib/python3.8/site-packages/airflow/example_dags/plugins/event_listener.py took 0.031 seconds
[2025-11-10T12:16:42.066+0000] {processor.py:161} INFO - Started process (PID=31361) to work on /home/airflow/.local/lib/python3.8/site-packages/airflow/example_dags/plugins/event_listener.py
[2025-11-10T12:16:42.068+0000] {processor.py:830} INFO - Processing file /home/airflow/.local/lib/python3.8/site-packages/airflow/example_dags/plugins/event_listener.py for tasks to queue
[2025-11-10T12:16:42.069+0000] {logging_mixin.py:188} INFO - [2025-11-10T12:16:42.069+0000] {dagbag.py:538} INFO - Filling up the DagBag from /home/airflow/.local/lib/python3.8/site-packages/airflow/example_dags/plugins/event_listener.py
[2025-11-10T12:16:42.072+0000] {processor.py:842} WARNING - No viable dags retrieved from /home/airflow/.local/lib/python3.8/site-packages/airflow/example_dags/plugins/event_listener.py
[2025-11-10T12:16:42.091+0000] {processor.py:183} INFO - Processing /home/airflow/.local/lib/python3.8/site-packages/airflow/example_dags/plugins/event_listener.py took 0.029 seconds
[2025-11-10T12:17:12.918+0000] {processor.py:161} INFO - Started process (PID=31420) to work on /home/airflow/.local/lib/python3.8/site-packages/airflow/example_dags/plugins/event_listener.py
[2025-11-10T12:17:12.919+0000] {processor.py:830} INFO - Processing file /home/airflow/.local/lib/python3.8/site-packages/airflow/example_dags/plugins/event_listener.py for tasks to queue
[2025-11-10T12:17:12.921+0000] {logging_mixin.py:188} INFO - [2025-11-10T12:17:12.921+0000] {dagbag.py:538} INFO - Filling up the DagBag from /home/airflow/.local/lib/python3.8/site-packages/airflow/example_dags/plugins/event_listener.py
[2025-11-10T12:17:12.926+0000] {processor.py:842} WARNING - No viable dags retrieved from /home/airflow/.local/lib/python3.8/site-packages/airflow/example_dags/plugins/event_listener.py
[2025-11-10T12:17:12.945+0000] {processor.py:183} INFO - Processing /home/airflow/.local/lib/python3.8/site-packages/airflow/example_dags/plugins/event_listener.py took 0.033 seconds
[2025-11-10T12:17:43.117+0000] {processor.py:161} INFO - Started process (PID=31478) to work on /home/airflow/.local/lib/python3.8/site-packages/airflow/example_dags/plugins/event_listener.py
[2025-11-10T12:17:43.119+0000] {processor.py:830} INFO - Processing file /home/airflow/.local/lib/python3.8/site-packages/airflow/example_dags/plugins/event_listener.py for tasks to queue
[2025-11-10T12:17:43.120+0000] {logging_mixin.py:188} INFO - [2025-11-10T12:17:43.120+0000] {dagbag.py:538} INFO - Filling up the DagBag from /home/airflow/.local/lib/python3.8/site-packages/airflow/example_dags/plugins/event_listener.py
[2025-11-10T12:17:43.129+0000] {processor.py:842} WARNING - No viable dags retrieved from /home/airflow/.local/lib/python3.8/site-packages/airflow/example_dags/plugins/event_listener.py
[2025-11-10T12:17:43.155+0000] {processor.py:183} INFO - Processing /home/airflow/.local/lib/python3.8/site-packages/airflow/example_dags/plugins/event_listener.py took 0.042 seconds
[2025-11-10T12:18:13.708+0000] {processor.py:161} INFO - Started process (PID=31538) to work on /home/airflow/.local/lib/python3.8/site-packages/airflow/example_dags/plugins/event_listener.py
[2025-11-10T12:18:13.709+0000] {processor.py:830} INFO - Processing file /home/airflow/.local/lib/python3.8/site-packages/airflow/example_dags/plugins/event_listener.py for tasks to queue
[2025-11-10T12:18:13.711+0000] {logging_mixin.py:188} INFO - [2025-11-10T12:18:13.710+0000] {dagbag.py:538} INFO - Filling up the DagBag from /home/airflow/.local/lib/python3.8/site-packages/airflow/example_dags/plugins/event_listener.py
[2025-11-10T12:18:13.714+0000] {processor.py:842} WARNING - No viable dags retrieved from /home/airflow/.local/lib/python3.8/site-packages/airflow/example_dags/plugins/event_listener.py
[2025-11-10T12:18:13.731+0000] {processor.py:183} INFO - Processing /home/airflow/.local/lib/python3.8/site-packages/airflow/example_dags/plugins/event_listener.py took 0.028 seconds
[2025-11-10T12:18:44.083+0000] {processor.py:161} INFO - Started process (PID=31597) to work on /home/airflow/.local/lib/python3.8/site-packages/airflow/example_dags/plugins/event_listener.py
[2025-11-10T12:18:44.084+0000] {processor.py:830} INFO - Processing file /home/airflow/.local/lib/python3.8/site-packages/airflow/example_dags/plugins/event_listener.py for tasks to queue
[2025-11-10T12:18:44.086+0000] {logging_mixin.py:188} INFO - [2025-11-10T12:18:44.086+0000] {dagbag.py:538} INFO - Filling up the DagBag from /home/airflow/.local/lib/python3.8/site-packages/airflow/example_dags/plugins/event_listener.py
[2025-11-10T12:18:44.091+0000] {processor.py:842} WARNING - No viable dags retrieved from /home/airflow/.local/lib/python3.8/site-packages/airflow/example_dags/plugins/event_listener.py
[2025-11-10T12:18:44.115+0000] {processor.py:183} INFO - Processing /home/airflow/.local/lib/python3.8/site-packages/airflow/example_dags/plugins/event_listener.py took 0.038 seconds
[2025-11-10T12:19:14.870+0000] {processor.py:161} INFO - Started process (PID=31656) to work on /home/airflow/.local/lib/python3.8/site-packages/airflow/example_dags/plugins/event_listener.py
[2025-11-10T12:19:14.873+0000] {processor.py:830} INFO - Processing file /home/airflow/.local/lib/python3.8/site-packages/airflow/example_dags/plugins/event_listener.py for tasks to queue
[2025-11-10T12:19:14.875+0000] {logging_mixin.py:188} INFO - [2025-11-10T12:19:14.875+0000] {dagbag.py:538} INFO - Filling up the DagBag from /home/airflow/.local/lib/python3.8/site-packages/airflow/example_dags/plugins/event_listener.py
[2025-11-10T12:19:14.882+0000] {processor.py:842} WARNING - No viable dags retrieved from /home/airflow/.local/lib/python3.8/site-packages/airflow/example_dags/plugins/event_listener.py
[2025-11-10T12:19:14.913+0000] {processor.py:183} INFO - Processing /home/airflow/.local/lib/python3.8/site-packages/airflow/example_dags/plugins/event_listener.py took 0.052 seconds
[2025-11-10T12:19:45.644+0000] {processor.py:161} INFO - Started process (PID=31721) to work on /home/airflow/.local/lib/python3.8/site-packages/airflow/example_dags/plugins/event_listener.py
[2025-11-10T12:19:45.646+0000] {processor.py:830} INFO - Processing file /home/airflow/.local/lib/python3.8/site-packages/airflow/example_dags/plugins/event_listener.py for tasks to queue
[2025-11-10T12:19:45.648+0000] {logging_mixin.py:188} INFO - [2025-11-10T12:19:45.647+0000] {dagbag.py:538} INFO - Filling up the DagBag from /home/airflow/.local/lib/python3.8/site-packages/airflow/example_dags/plugins/event_listener.py
[2025-11-10T12:19:45.652+0000] {processor.py:842} WARNING - No viable dags retrieved from /home/airflow/.local/lib/python3.8/site-packages/airflow/example_dags/plugins/event_listener.py
[2025-11-10T12:19:45.677+0000] {processor.py:183} INFO - Processing /home/airflow/.local/lib/python3.8/site-packages/airflow/example_dags/plugins/event_listener.py took 0.040 seconds
[2025-11-10T12:20:15.988+0000] {processor.py:161} INFO - Started process (PID=31780) to work on /home/airflow/.local/lib/python3.8/site-packages/airflow/example_dags/plugins/event_listener.py
[2025-11-10T12:20:15.990+0000] {processor.py:830} INFO - Processing file /home/airflow/.local/lib/python3.8/site-packages/airflow/example_dags/plugins/event_listener.py for tasks to queue
[2025-11-10T12:20:15.991+0000] {logging_mixin.py:188} INFO - [2025-11-10T12:20:15.991+0000] {dagbag.py:538} INFO - Filling up the DagBag from /home/airflow/.local/lib/python3.8/site-packages/airflow/example_dags/plugins/event_listener.py
[2025-11-10T12:20:15.995+0000] {processor.py:842} WARNING - No viable dags retrieved from /home/airflow/.local/lib/python3.8/site-packages/airflow/example_dags/plugins/event_listener.py
[2025-11-10T12:20:16.014+0000] {processor.py:183} INFO - Processing /home/airflow/.local/lib/python3.8/site-packages/airflow/example_dags/plugins/event_listener.py took 0.030 seconds
[2025-11-10T12:20:46.884+0000] {processor.py:161} INFO - Started process (PID=31839) to work on /home/airflow/.local/lib/python3.8/site-packages/airflow/example_dags/plugins/event_listener.py
[2025-11-10T12:20:46.887+0000] {processor.py:830} INFO - Processing file /home/airflow/.local/lib/python3.8/site-packages/airflow/example_dags/plugins/event_listener.py for tasks to queue
[2025-11-10T12:20:46.889+0000] {logging_mixin.py:188} INFO - [2025-11-10T12:20:46.888+0000] {dagbag.py:538} INFO - Filling up the DagBag from /home/airflow/.local/lib/python3.8/site-packages/airflow/example_dags/plugins/event_listener.py
[2025-11-10T12:20:46.896+0000] {processor.py:842} WARNING - No viable dags retrieved from /home/airflow/.local/lib/python3.8/site-packages/airflow/example_dags/plugins/event_listener.py
[2025-11-10T12:20:46.922+0000] {processor.py:183} INFO - Processing /home/airflow/.local/lib/python3.8/site-packages/airflow/example_dags/plugins/event_listener.py took 0.045 seconds
[2025-11-10T12:21:17.502+0000] {processor.py:161} INFO - Started process (PID=31898) to work on /home/airflow/.local/lib/python3.8/site-packages/airflow/example_dags/plugins/event_listener.py
[2025-11-10T12:21:17.504+0000] {processor.py:830} INFO - Processing file /home/airflow/.local/lib/python3.8/site-packages/airflow/example_dags/plugins/event_listener.py for tasks to queue
[2025-11-10T12:21:17.505+0000] {logging_mixin.py:188} INFO - [2025-11-10T12:21:17.505+0000] {dagbag.py:538} INFO - Filling up the DagBag from /home/airflow/.local/lib/python3.8/site-packages/airflow/example_dags/plugins/event_listener.py
[2025-11-10T12:21:17.509+0000] {processor.py:842} WARNING - No viable dags retrieved from /home/airflow/.local/lib/python3.8/site-packages/airflow/example_dags/plugins/event_listener.py
[2025-11-10T12:21:17.528+0000] {processor.py:183} INFO - Processing /home/airflow/.local/lib/python3.8/site-packages/airflow/example_dags/plugins/event_listener.py took 0.031 seconds
[2025-11-10T12:21:47.717+0000] {processor.py:161} INFO - Started process (PID=31957) to work on /home/airflow/.local/lib/python3.8/site-packages/airflow/example_dags/plugins/event_listener.py
[2025-11-10T12:21:47.719+0000] {processor.py:830} INFO - Processing file /home/airflow/.local/lib/python3.8/site-packages/airflow/example_dags/plugins/event_listener.py for tasks to queue
[2025-11-10T12:21:47.721+0000] {logging_mixin.py:188} INFO - [2025-11-10T12:21:47.721+0000] {dagbag.py:538} INFO - Filling up the DagBag from /home/airflow/.local/lib/python3.8/site-packages/airflow/example_dags/plugins/event_listener.py
[2025-11-10T12:21:47.727+0000] {processor.py:842} WARNING - No viable dags retrieved from /home/airflow/.local/lib/python3.8/site-packages/airflow/example_dags/plugins/event_listener.py
[2025-11-10T12:21:47.760+0000] {processor.py:183} INFO - Processing /home/airflow/.local/lib/python3.8/site-packages/airflow/example_dags/plugins/event_listener.py took 0.050 seconds
[2025-11-10T12:22:17.854+0000] {processor.py:161} INFO - Started process (PID=32015) to work on /home/airflow/.local/lib/python3.8/site-packages/airflow/example_dags/plugins/event_listener.py
[2025-11-10T12:22:17.856+0000] {processor.py:830} INFO - Processing file /home/airflow/.local/lib/python3.8/site-packages/airflow/example_dags/plugins/event_listener.py for tasks to queue
[2025-11-10T12:22:17.858+0000] {logging_mixin.py:188} INFO - [2025-11-10T12:22:17.857+0000] {dagbag.py:538} INFO - Filling up the DagBag from /home/airflow/.local/lib/python3.8/site-packages/airflow/example_dags/plugins/event_listener.py
[2025-11-10T12:22:17.861+0000] {processor.py:842} WARNING - No viable dags retrieved from /home/airflow/.local/lib/python3.8/site-packages/airflow/example_dags/plugins/event_listener.py
[2025-11-10T12:22:17.879+0000] {processor.py:183} INFO - Processing /home/airflow/.local/lib/python3.8/site-packages/airflow/example_dags/plugins/event_listener.py took 0.029 seconds
[2025-11-10T12:22:48.493+0000] {processor.py:161} INFO - Started process (PID=32074) to work on /home/airflow/.local/lib/python3.8/site-packages/airflow/example_dags/plugins/event_listener.py
[2025-11-10T12:22:48.495+0000] {processor.py:830} INFO - Processing file /home/airflow/.local/lib/python3.8/site-packages/airflow/example_dags/plugins/event_listener.py for tasks to queue
[2025-11-10T12:22:48.497+0000] {logging_mixin.py:188} INFO - [2025-11-10T12:22:48.496+0000] {dagbag.py:538} INFO - Filling up the DagBag from /home/airflow/.local/lib/python3.8/site-packages/airflow/example_dags/plugins/event_listener.py
[2025-11-10T12:22:48.500+0000] {processor.py:842} WARNING - No viable dags retrieved from /home/airflow/.local/lib/python3.8/site-packages/airflow/example_dags/plugins/event_listener.py
[2025-11-10T12:22:48.520+0000] {processor.py:183} INFO - Processing /home/airflow/.local/lib/python3.8/site-packages/airflow/example_dags/plugins/event_listener.py took 0.032 seconds
[2025-11-10T12:23:18.827+0000] {processor.py:161} INFO - Started process (PID=32133) to work on /home/airflow/.local/lib/python3.8/site-packages/airflow/example_dags/plugins/event_listener.py
[2025-11-10T12:23:18.828+0000] {processor.py:830} INFO - Processing file /home/airflow/.local/lib/python3.8/site-packages/airflow/example_dags/plugins/event_listener.py for tasks to queue
[2025-11-10T12:23:18.832+0000] {logging_mixin.py:188} INFO - [2025-11-10T12:23:18.829+0000] {dagbag.py:538} INFO - Filling up the DagBag from /home/airflow/.local/lib/python3.8/site-packages/airflow/example_dags/plugins/event_listener.py
[2025-11-10T12:23:18.837+0000] {processor.py:842} WARNING - No viable dags retrieved from /home/airflow/.local/lib/python3.8/site-packages/airflow/example_dags/plugins/event_listener.py
[2025-11-10T12:23:18.856+0000] {processor.py:183} INFO - Processing /home/airflow/.local/lib/python3.8/site-packages/airflow/example_dags/plugins/event_listener.py took 0.033 seconds
[2025-11-10T12:23:49.375+0000] {processor.py:161} INFO - Started process (PID=32192) to work on /home/airflow/.local/lib/python3.8/site-packages/airflow/example_dags/plugins/event_listener.py
[2025-11-10T12:23:49.377+0000] {processor.py:830} INFO - Processing file /home/airflow/.local/lib/python3.8/site-packages/airflow/example_dags/plugins/event_listener.py for tasks to queue
[2025-11-10T12:23:49.378+0000] {logging_mixin.py:188} INFO - [2025-11-10T12:23:49.378+0000] {dagbag.py:538} INFO - Filling up the DagBag from /home/airflow/.local/lib/python3.8/site-packages/airflow/example_dags/plugins/event_listener.py
[2025-11-10T12:23:49.382+0000] {processor.py:842} WARNING - No viable dags retrieved from /home/airflow/.local/lib/python3.8/site-packages/airflow/example_dags/plugins/event_listener.py
[2025-11-10T12:23:49.398+0000] {processor.py:183} INFO - Processing /home/airflow/.local/lib/python3.8/site-packages/airflow/example_dags/plugins/event_listener.py took 0.026 seconds
[2025-11-10T12:24:19.972+0000] {processor.py:161} INFO - Started process (PID=32251) to work on /home/airflow/.local/lib/python3.8/site-packages/airflow/example_dags/plugins/event_listener.py
[2025-11-10T12:24:19.975+0000] {processor.py:830} INFO - Processing file /home/airflow/.local/lib/python3.8/site-packages/airflow/example_dags/plugins/event_listener.py for tasks to queue
[2025-11-10T12:24:19.977+0000] {logging_mixin.py:188} INFO - [2025-11-10T12:24:19.977+0000] {dagbag.py:538} INFO - Filling up the DagBag from /home/airflow/.local/lib/python3.8/site-packages/airflow/example_dags/plugins/event_listener.py
[2025-11-10T12:24:19.982+0000] {processor.py:842} WARNING - No viable dags retrieved from /home/airflow/.local/lib/python3.8/site-packages/airflow/example_dags/plugins/event_listener.py
[2025-11-10T12:24:20.007+0000] {processor.py:183} INFO - Processing /home/airflow/.local/lib/python3.8/site-packages/airflow/example_dags/plugins/event_listener.py took 0.040 seconds
[2025-11-10T12:24:51.139+0000] {processor.py:161} INFO - Started process (PID=32310) to work on /home/airflow/.local/lib/python3.8/site-packages/airflow/example_dags/plugins/event_listener.py
[2025-11-10T12:24:51.149+0000] {processor.py:830} INFO - Processing file /home/airflow/.local/lib/python3.8/site-packages/airflow/example_dags/plugins/event_listener.py for tasks to queue
[2025-11-10T12:24:51.153+0000] {logging_mixin.py:188} INFO - [2025-11-10T12:24:51.152+0000] {dagbag.py:538} INFO - Filling up the DagBag from /home/airflow/.local/lib/python3.8/site-packages/airflow/example_dags/plugins/event_listener.py
[2025-11-10T12:24:51.182+0000] {processor.py:842} WARNING - No viable dags retrieved from /home/airflow/.local/lib/python3.8/site-packages/airflow/example_dags/plugins/event_listener.py
[2025-11-10T12:24:51.235+0000] {processor.py:183} INFO - Processing /home/airflow/.local/lib/python3.8/site-packages/airflow/example_dags/plugins/event_listener.py took 0.129 seconds
[2025-11-10T12:25:21.869+0000] {processor.py:161} INFO - Started process (PID=32369) to work on /home/airflow/.local/lib/python3.8/site-packages/airflow/example_dags/plugins/event_listener.py
[2025-11-10T12:25:21.871+0000] {processor.py:830} INFO - Processing file /home/airflow/.local/lib/python3.8/site-packages/airflow/example_dags/plugins/event_listener.py for tasks to queue
[2025-11-10T12:25:21.872+0000] {logging_mixin.py:188} INFO - [2025-11-10T12:25:21.872+0000] {dagbag.py:538} INFO - Filling up the DagBag from /home/airflow/.local/lib/python3.8/site-packages/airflow/example_dags/plugins/event_listener.py
[2025-11-10T12:25:21.876+0000] {processor.py:842} WARNING - No viable dags retrieved from /home/airflow/.local/lib/python3.8/site-packages/airflow/example_dags/plugins/event_listener.py
[2025-11-10T12:25:21.893+0000] {processor.py:183} INFO - Processing /home/airflow/.local/lib/python3.8/site-packages/airflow/example_dags/plugins/event_listener.py took 0.028 seconds
[2025-11-10T12:25:52.664+0000] {processor.py:161} INFO - Started process (PID=32428) to work on /home/airflow/.local/lib/python3.8/site-packages/airflow/example_dags/plugins/event_listener.py
[2025-11-10T12:25:52.666+0000] {processor.py:830} INFO - Processing file /home/airflow/.local/lib/python3.8/site-packages/airflow/example_dags/plugins/event_listener.py for tasks to queue
[2025-11-10T12:25:52.667+0000] {logging_mixin.py:188} INFO - [2025-11-10T12:25:52.667+0000] {dagbag.py:538} INFO - Filling up the DagBag from /home/airflow/.local/lib/python3.8/site-packages/airflow/example_dags/plugins/event_listener.py
[2025-11-10T12:25:52.670+0000] {processor.py:842} WARNING - No viable dags retrieved from /home/airflow/.local/lib/python3.8/site-packages/airflow/example_dags/plugins/event_listener.py
[2025-11-10T12:25:52.687+0000] {processor.py:183} INFO - Processing /home/airflow/.local/lib/python3.8/site-packages/airflow/example_dags/plugins/event_listener.py took 0.026 seconds
[2025-11-10T12:26:23.055+0000] {processor.py:161} INFO - Started process (PID=32487) to work on /home/airflow/.local/lib/python3.8/site-packages/airflow/example_dags/plugins/event_listener.py
[2025-11-10T12:26:23.057+0000] {processor.py:830} INFO - Processing file /home/airflow/.local/lib/python3.8/site-packages/airflow/example_dags/plugins/event_listener.py for tasks to queue
[2025-11-10T12:26:23.059+0000] {logging_mixin.py:188} INFO - [2025-11-10T12:26:23.058+0000] {dagbag.py:538} INFO - Filling up the DagBag from /home/airflow/.local/lib/python3.8/site-packages/airflow/example_dags/plugins/event_listener.py
[2025-11-10T12:26:23.062+0000] {processor.py:842} WARNING - No viable dags retrieved from /home/airflow/.local/lib/python3.8/site-packages/airflow/example_dags/plugins/event_listener.py
[2025-11-10T12:26:23.080+0000] {processor.py:183} INFO - Processing /home/airflow/.local/lib/python3.8/site-packages/airflow/example_dags/plugins/event_listener.py took 0.030 seconds
[2025-11-10T12:26:53.464+0000] {processor.py:161} INFO - Started process (PID=32547) to work on /home/airflow/.local/lib/python3.8/site-packages/airflow/example_dags/plugins/event_listener.py
[2025-11-10T12:26:53.466+0000] {processor.py:830} INFO - Processing file /home/airflow/.local/lib/python3.8/site-packages/airflow/example_dags/plugins/event_listener.py for tasks to queue
[2025-11-10T12:26:53.467+0000] {logging_mixin.py:188} INFO - [2025-11-10T12:26:53.467+0000] {dagbag.py:538} INFO - Filling up the DagBag from /home/airflow/.local/lib/python3.8/site-packages/airflow/example_dags/plugins/event_listener.py
[2025-11-10T12:26:53.470+0000] {processor.py:842} WARNING - No viable dags retrieved from /home/airflow/.local/lib/python3.8/site-packages/airflow/example_dags/plugins/event_listener.py
[2025-11-10T12:26:53.488+0000] {processor.py:183} INFO - Processing /home/airflow/.local/lib/python3.8/site-packages/airflow/example_dags/plugins/event_listener.py took 0.027 seconds
[2025-11-10T12:27:23.935+0000] {processor.py:161} INFO - Started process (PID=32606) to work on /home/airflow/.local/lib/python3.8/site-packages/airflow/example_dags/plugins/event_listener.py
[2025-11-10T12:27:23.938+0000] {processor.py:830} INFO - Processing file /home/airflow/.local/lib/python3.8/site-packages/airflow/example_dags/plugins/event_listener.py for tasks to queue
[2025-11-10T12:27:23.939+0000] {logging_mixin.py:188} INFO - [2025-11-10T12:27:23.939+0000] {dagbag.py:538} INFO - Filling up the DagBag from /home/airflow/.local/lib/python3.8/site-packages/airflow/example_dags/plugins/event_listener.py
[2025-11-10T12:27:23.943+0000] {processor.py:842} WARNING - No viable dags retrieved from /home/airflow/.local/lib/python3.8/site-packages/airflow/example_dags/plugins/event_listener.py
[2025-11-10T12:27:23.962+0000] {processor.py:183} INFO - Processing /home/airflow/.local/lib/python3.8/site-packages/airflow/example_dags/plugins/event_listener.py took 0.032 seconds
[2025-11-10T12:27:54.210+0000] {processor.py:161} INFO - Started process (PID=32665) to work on /home/airflow/.local/lib/python3.8/site-packages/airflow/example_dags/plugins/event_listener.py
[2025-11-10T12:27:54.213+0000] {processor.py:830} INFO - Processing file /home/airflow/.local/lib/python3.8/site-packages/airflow/example_dags/plugins/event_listener.py for tasks to queue
[2025-11-10T12:27:54.215+0000] {logging_mixin.py:188} INFO - [2025-11-10T12:27:54.214+0000] {dagbag.py:538} INFO - Filling up the DagBag from /home/airflow/.local/lib/python3.8/site-packages/airflow/example_dags/plugins/event_listener.py
[2025-11-10T12:27:54.219+0000] {processor.py:842} WARNING - No viable dags retrieved from /home/airflow/.local/lib/python3.8/site-packages/airflow/example_dags/plugins/event_listener.py
[2025-11-10T12:27:54.237+0000] {processor.py:183} INFO - Processing /home/airflow/.local/lib/python3.8/site-packages/airflow/example_dags/plugins/event_listener.py took 0.033 seconds
[2025-11-10T12:28:24.637+0000] {processor.py:161} INFO - Started process (PID=32724) to work on /home/airflow/.local/lib/python3.8/site-packages/airflow/example_dags/plugins/event_listener.py
[2025-11-10T12:28:24.638+0000] {processor.py:830} INFO - Processing file /home/airflow/.local/lib/python3.8/site-packages/airflow/example_dags/plugins/event_listener.py for tasks to queue
[2025-11-10T12:28:24.640+0000] {logging_mixin.py:188} INFO - [2025-11-10T12:28:24.639+0000] {dagbag.py:538} INFO - Filling up the DagBag from /home/airflow/.local/lib/python3.8/site-packages/airflow/example_dags/plugins/event_listener.py
[2025-11-10T12:28:24.643+0000] {processor.py:842} WARNING - No viable dags retrieved from /home/airflow/.local/lib/python3.8/site-packages/airflow/example_dags/plugins/event_listener.py
[2025-11-10T12:28:24.661+0000] {processor.py:183} INFO - Processing /home/airflow/.local/lib/python3.8/site-packages/airflow/example_dags/plugins/event_listener.py took 0.029 seconds
[2025-11-10T12:28:55.501+0000] {processor.py:161} INFO - Started process (PID=32783) to work on /home/airflow/.local/lib/python3.8/site-packages/airflow/example_dags/plugins/event_listener.py
[2025-11-10T12:28:55.503+0000] {processor.py:830} INFO - Processing file /home/airflow/.local/lib/python3.8/site-packages/airflow/example_dags/plugins/event_listener.py for tasks to queue
[2025-11-10T12:28:55.505+0000] {logging_mixin.py:188} INFO - [2025-11-10T12:28:55.504+0000] {dagbag.py:538} INFO - Filling up the DagBag from /home/airflow/.local/lib/python3.8/site-packages/airflow/example_dags/plugins/event_listener.py
[2025-11-10T12:28:55.509+0000] {processor.py:842} WARNING - No viable dags retrieved from /home/airflow/.local/lib/python3.8/site-packages/airflow/example_dags/plugins/event_listener.py
[2025-11-10T12:28:55.529+0000] {processor.py:183} INFO - Processing /home/airflow/.local/lib/python3.8/site-packages/airflow/example_dags/plugins/event_listener.py took 0.033 seconds
[2025-11-10T12:29:26.542+0000] {processor.py:161} INFO - Started process (PID=32842) to work on /home/airflow/.local/lib/python3.8/site-packages/airflow/example_dags/plugins/event_listener.py
[2025-11-10T12:29:26.545+0000] {processor.py:830} INFO - Processing file /home/airflow/.local/lib/python3.8/site-packages/airflow/example_dags/plugins/event_listener.py for tasks to queue
[2025-11-10T12:29:26.552+0000] {logging_mixin.py:188} INFO - [2025-11-10T12:29:26.551+0000] {dagbag.py:538} INFO - Filling up the DagBag from /home/airflow/.local/lib/python3.8/site-packages/airflow/example_dags/plugins/event_listener.py
[2025-11-10T12:29:26.558+0000] {processor.py:842} WARNING - No viable dags retrieved from /home/airflow/.local/lib/python3.8/site-packages/airflow/example_dags/plugins/event_listener.py
[2025-11-10T12:29:26.598+0000] {processor.py:183} INFO - Processing /home/airflow/.local/lib/python3.8/site-packages/airflow/example_dags/plugins/event_listener.py took 0.063 seconds
[2025-11-10T12:29:57.339+0000] {processor.py:161} INFO - Started process (PID=32901) to work on /home/airflow/.local/lib/python3.8/site-packages/airflow/example_dags/plugins/event_listener.py
[2025-11-10T12:29:57.341+0000] {processor.py:830} INFO - Processing file /home/airflow/.local/lib/python3.8/site-packages/airflow/example_dags/plugins/event_listener.py for tasks to queue
[2025-11-10T12:29:57.342+0000] {logging_mixin.py:188} INFO - [2025-11-10T12:29:57.342+0000] {dagbag.py:538} INFO - Filling up the DagBag from /home/airflow/.local/lib/python3.8/site-packages/airflow/example_dags/plugins/event_listener.py
[2025-11-10T12:29:57.345+0000] {processor.py:842} WARNING - No viable dags retrieved from /home/airflow/.local/lib/python3.8/site-packages/airflow/example_dags/plugins/event_listener.py
[2025-11-10T12:29:57.363+0000] {processor.py:183} INFO - Processing /home/airflow/.local/lib/python3.8/site-packages/airflow/example_dags/plugins/event_listener.py took 0.029 seconds
[2025-11-10T12:30:27.515+0000] {processor.py:161} INFO - Started process (PID=32960) to work on /home/airflow/.local/lib/python3.8/site-packages/airflow/example_dags/plugins/event_listener.py
[2025-11-10T12:30:27.517+0000] {processor.py:830} INFO - Processing file /home/airflow/.local/lib/python3.8/site-packages/airflow/example_dags/plugins/event_listener.py for tasks to queue
[2025-11-10T12:30:27.518+0000] {logging_mixin.py:188} INFO - [2025-11-10T12:30:27.518+0000] {dagbag.py:538} INFO - Filling up the DagBag from /home/airflow/.local/lib/python3.8/site-packages/airflow/example_dags/plugins/event_listener.py
[2025-11-10T12:30:27.521+0000] {processor.py:842} WARNING - No viable dags retrieved from /home/airflow/.local/lib/python3.8/site-packages/airflow/example_dags/plugins/event_listener.py
[2025-11-10T12:30:27.539+0000] {processor.py:183} INFO - Processing /home/airflow/.local/lib/python3.8/site-packages/airflow/example_dags/plugins/event_listener.py took 0.028 seconds
[2025-11-10T12:30:57.584+0000] {processor.py:161} INFO - Started process (PID=33018) to work on /home/airflow/.local/lib/python3.8/site-packages/airflow/example_dags/plugins/event_listener.py
[2025-11-10T12:30:57.585+0000] {processor.py:830} INFO - Processing file /home/airflow/.local/lib/python3.8/site-packages/airflow/example_dags/plugins/event_listener.py for tasks to queue
[2025-11-10T12:30:57.587+0000] {logging_mixin.py:188} INFO - [2025-11-10T12:30:57.586+0000] {dagbag.py:538} INFO - Filling up the DagBag from /home/airflow/.local/lib/python3.8/site-packages/airflow/example_dags/plugins/event_listener.py
[2025-11-10T12:30:57.590+0000] {processor.py:842} WARNING - No viable dags retrieved from /home/airflow/.local/lib/python3.8/site-packages/airflow/example_dags/plugins/event_listener.py
[2025-11-10T12:30:57.610+0000] {processor.py:183} INFO - Processing /home/airflow/.local/lib/python3.8/site-packages/airflow/example_dags/plugins/event_listener.py took 0.030 seconds
[2025-11-10T12:31:28.138+0000] {processor.py:161} INFO - Started process (PID=33078) to work on /home/airflow/.local/lib/python3.8/site-packages/airflow/example_dags/plugins/event_listener.py
[2025-11-10T12:31:28.139+0000] {processor.py:830} INFO - Processing file /home/airflow/.local/lib/python3.8/site-packages/airflow/example_dags/plugins/event_listener.py for tasks to queue
[2025-11-10T12:31:28.141+0000] {logging_mixin.py:188} INFO - [2025-11-10T12:31:28.140+0000] {dagbag.py:538} INFO - Filling up the DagBag from /home/airflow/.local/lib/python3.8/site-packages/airflow/example_dags/plugins/event_listener.py
[2025-11-10T12:31:28.144+0000] {processor.py:842} WARNING - No viable dags retrieved from /home/airflow/.local/lib/python3.8/site-packages/airflow/example_dags/plugins/event_listener.py
[2025-11-10T12:31:28.160+0000] {processor.py:183} INFO - Processing /home/airflow/.local/lib/python3.8/site-packages/airflow/example_dags/plugins/event_listener.py took 0.026 seconds
[2025-11-10T12:31:58.930+0000] {processor.py:161} INFO - Started process (PID=33137) to work on /home/airflow/.local/lib/python3.8/site-packages/airflow/example_dags/plugins/event_listener.py
[2025-11-10T12:31:58.932+0000] {processor.py:830} INFO - Processing file /home/airflow/.local/lib/python3.8/site-packages/airflow/example_dags/plugins/event_listener.py for tasks to queue
[2025-11-10T12:31:58.936+0000] {logging_mixin.py:188} INFO - [2025-11-10T12:31:58.935+0000] {dagbag.py:538} INFO - Filling up the DagBag from /home/airflow/.local/lib/python3.8/site-packages/airflow/example_dags/plugins/event_listener.py
[2025-11-10T12:31:58.939+0000] {processor.py:842} WARNING - No viable dags retrieved from /home/airflow/.local/lib/python3.8/site-packages/airflow/example_dags/plugins/event_listener.py
[2025-11-10T12:31:58.956+0000] {processor.py:183} INFO - Processing /home/airflow/.local/lib/python3.8/site-packages/airflow/example_dags/plugins/event_listener.py took 0.029 seconds
[2025-11-10T12:32:29.383+0000] {processor.py:161} INFO - Started process (PID=33196) to work on /home/airflow/.local/lib/python3.8/site-packages/airflow/example_dags/plugins/event_listener.py
[2025-11-10T12:32:29.384+0000] {processor.py:830} INFO - Processing file /home/airflow/.local/lib/python3.8/site-packages/airflow/example_dags/plugins/event_listener.py for tasks to queue
[2025-11-10T12:32:29.386+0000] {logging_mixin.py:188} INFO - [2025-11-10T12:32:29.385+0000] {dagbag.py:538} INFO - Filling up the DagBag from /home/airflow/.local/lib/python3.8/site-packages/airflow/example_dags/plugins/event_listener.py
[2025-11-10T12:32:29.389+0000] {processor.py:842} WARNING - No viable dags retrieved from /home/airflow/.local/lib/python3.8/site-packages/airflow/example_dags/plugins/event_listener.py
[2025-11-10T12:32:29.406+0000] {processor.py:183} INFO - Processing /home/airflow/.local/lib/python3.8/site-packages/airflow/example_dags/plugins/event_listener.py took 0.027 seconds
[2025-11-10T12:32:59.774+0000] {processor.py:161} INFO - Started process (PID=33255) to work on /home/airflow/.local/lib/python3.8/site-packages/airflow/example_dags/plugins/event_listener.py
[2025-11-10T12:32:59.778+0000] {processor.py:830} INFO - Processing file /home/airflow/.local/lib/python3.8/site-packages/airflow/example_dags/plugins/event_listener.py for tasks to queue
[2025-11-10T12:32:59.780+0000] {logging_mixin.py:188} INFO - [2025-11-10T12:32:59.779+0000] {dagbag.py:538} INFO - Filling up the DagBag from /home/airflow/.local/lib/python3.8/site-packages/airflow/example_dags/plugins/event_listener.py
[2025-11-10T12:32:59.783+0000] {processor.py:842} WARNING - No viable dags retrieved from /home/airflow/.local/lib/python3.8/site-packages/airflow/example_dags/plugins/event_listener.py
[2025-11-10T12:32:59.800+0000] {processor.py:183} INFO - Processing /home/airflow/.local/lib/python3.8/site-packages/airflow/example_dags/plugins/event_listener.py took 0.030 seconds
[2025-11-10T12:33:30.491+0000] {processor.py:161} INFO - Started process (PID=33314) to work on /home/airflow/.local/lib/python3.8/site-packages/airflow/example_dags/plugins/event_listener.py
[2025-11-10T12:33:30.493+0000] {processor.py:830} INFO - Processing file /home/airflow/.local/lib/python3.8/site-packages/airflow/example_dags/plugins/event_listener.py for tasks to queue
[2025-11-10T12:33:30.494+0000] {logging_mixin.py:188} INFO - [2025-11-10T12:33:30.494+0000] {dagbag.py:538} INFO - Filling up the DagBag from /home/airflow/.local/lib/python3.8/site-packages/airflow/example_dags/plugins/event_listener.py
[2025-11-10T12:33:30.498+0000] {processor.py:842} WARNING - No viable dags retrieved from /home/airflow/.local/lib/python3.8/site-packages/airflow/example_dags/plugins/event_listener.py
[2025-11-10T12:33:30.517+0000] {processor.py:183} INFO - Processing /home/airflow/.local/lib/python3.8/site-packages/airflow/example_dags/plugins/event_listener.py took 0.031 seconds
[2025-11-10T12:34:01.393+0000] {processor.py:161} INFO - Started process (PID=33373) to work on /home/airflow/.local/lib/python3.8/site-packages/airflow/example_dags/plugins/event_listener.py
[2025-11-10T12:34:01.396+0000] {processor.py:830} INFO - Processing file /home/airflow/.local/lib/python3.8/site-packages/airflow/example_dags/plugins/event_listener.py for tasks to queue
[2025-11-10T12:34:01.399+0000] {logging_mixin.py:188} INFO - [2025-11-10T12:34:01.398+0000] {dagbag.py:538} INFO - Filling up the DagBag from /home/airflow/.local/lib/python3.8/site-packages/airflow/example_dags/plugins/event_listener.py
[2025-11-10T12:34:01.406+0000] {processor.py:842} WARNING - No viable dags retrieved from /home/airflow/.local/lib/python3.8/site-packages/airflow/example_dags/plugins/event_listener.py
[2025-11-10T12:34:01.446+0000] {processor.py:183} INFO - Processing /home/airflow/.local/lib/python3.8/site-packages/airflow/example_dags/plugins/event_listener.py took 0.063 seconds
[2025-11-10T12:34:31.571+0000] {processor.py:161} INFO - Started process (PID=33433) to work on /home/airflow/.local/lib/python3.8/site-packages/airflow/example_dags/plugins/event_listener.py
[2025-11-10T12:34:31.573+0000] {processor.py:830} INFO - Processing file /home/airflow/.local/lib/python3.8/site-packages/airflow/example_dags/plugins/event_listener.py for tasks to queue
[2025-11-10T12:34:31.575+0000] {logging_mixin.py:188} INFO - [2025-11-10T12:34:31.574+0000] {dagbag.py:538} INFO - Filling up the DagBag from /home/airflow/.local/lib/python3.8/site-packages/airflow/example_dags/plugins/event_listener.py
[2025-11-10T12:34:31.580+0000] {processor.py:842} WARNING - No viable dags retrieved from /home/airflow/.local/lib/python3.8/site-packages/airflow/example_dags/plugins/event_listener.py
[2025-11-10T12:34:31.606+0000] {processor.py:183} INFO - Processing /home/airflow/.local/lib/python3.8/site-packages/airflow/example_dags/plugins/event_listener.py took 0.042 seconds
[2025-11-10T12:35:02.110+0000] {processor.py:161} INFO - Started process (PID=33490) to work on /home/airflow/.local/lib/python3.8/site-packages/airflow/example_dags/plugins/event_listener.py
[2025-11-10T12:35:02.112+0000] {processor.py:830} INFO - Processing file /home/airflow/.local/lib/python3.8/site-packages/airflow/example_dags/plugins/event_listener.py for tasks to queue
[2025-11-10T12:35:02.113+0000] {logging_mixin.py:188} INFO - [2025-11-10T12:35:02.113+0000] {dagbag.py:538} INFO - Filling up the DagBag from /home/airflow/.local/lib/python3.8/site-packages/airflow/example_dags/plugins/event_listener.py
[2025-11-10T12:35:02.117+0000] {processor.py:842} WARNING - No viable dags retrieved from /home/airflow/.local/lib/python3.8/site-packages/airflow/example_dags/plugins/event_listener.py
[2025-11-10T12:35:02.135+0000] {processor.py:183} INFO - Processing /home/airflow/.local/lib/python3.8/site-packages/airflow/example_dags/plugins/event_listener.py took 0.029 seconds
[2025-11-10T12:35:32.396+0000] {processor.py:161} INFO - Started process (PID=33549) to work on /home/airflow/.local/lib/python3.8/site-packages/airflow/example_dags/plugins/event_listener.py
[2025-11-10T12:35:32.397+0000] {processor.py:830} INFO - Processing file /home/airflow/.local/lib/python3.8/site-packages/airflow/example_dags/plugins/event_listener.py for tasks to queue
[2025-11-10T12:35:32.400+0000] {logging_mixin.py:188} INFO - [2025-11-10T12:35:32.399+0000] {dagbag.py:538} INFO - Filling up the DagBag from /home/airflow/.local/lib/python3.8/site-packages/airflow/example_dags/plugins/event_listener.py
[2025-11-10T12:35:32.404+0000] {processor.py:842} WARNING - No viable dags retrieved from /home/airflow/.local/lib/python3.8/site-packages/airflow/example_dags/plugins/event_listener.py
[2025-11-10T12:35:32.429+0000] {processor.py:183} INFO - Processing /home/airflow/.local/lib/python3.8/site-packages/airflow/example_dags/plugins/event_listener.py took 0.039 seconds
[2025-11-10T12:36:02.521+0000] {processor.py:161} INFO - Started process (PID=33608) to work on /home/airflow/.local/lib/python3.8/site-packages/airflow/example_dags/plugins/event_listener.py
[2025-11-10T12:36:02.523+0000] {processor.py:830} INFO - Processing file /home/airflow/.local/lib/python3.8/site-packages/airflow/example_dags/plugins/event_listener.py for tasks to queue
[2025-11-10T12:36:02.524+0000] {logging_mixin.py:188} INFO - [2025-11-10T12:36:02.524+0000] {dagbag.py:538} INFO - Filling up the DagBag from /home/airflow/.local/lib/python3.8/site-packages/airflow/example_dags/plugins/event_listener.py
[2025-11-10T12:36:02.528+0000] {processor.py:842} WARNING - No viable dags retrieved from /home/airflow/.local/lib/python3.8/site-packages/airflow/example_dags/plugins/event_listener.py
[2025-11-10T12:36:02.547+0000] {processor.py:183} INFO - Processing /home/airflow/.local/lib/python3.8/site-packages/airflow/example_dags/plugins/event_listener.py took 0.030 seconds
[2025-11-10T12:36:33.267+0000] {processor.py:161} INFO - Started process (PID=33667) to work on /home/airflow/.local/lib/python3.8/site-packages/airflow/example_dags/plugins/event_listener.py
[2025-11-10T12:36:33.269+0000] {processor.py:830} INFO - Processing file /home/airflow/.local/lib/python3.8/site-packages/airflow/example_dags/plugins/event_listener.py for tasks to queue
[2025-11-10T12:36:33.271+0000] {logging_mixin.py:188} INFO - [2025-11-10T12:36:33.270+0000] {dagbag.py:538} INFO - Filling up the DagBag from /home/airflow/.local/lib/python3.8/site-packages/airflow/example_dags/plugins/event_listener.py
[2025-11-10T12:36:33.274+0000] {processor.py:842} WARNING - No viable dags retrieved from /home/airflow/.local/lib/python3.8/site-packages/airflow/example_dags/plugins/event_listener.py
[2025-11-10T12:36:33.291+0000] {processor.py:183} INFO - Processing /home/airflow/.local/lib/python3.8/site-packages/airflow/example_dags/plugins/event_listener.py took 0.028 seconds
[2025-11-10T12:37:03.878+0000] {processor.py:161} INFO - Started process (PID=33727) to work on /home/airflow/.local/lib/python3.8/site-packages/airflow/example_dags/plugins/event_listener.py
[2025-11-10T12:37:03.880+0000] {processor.py:830} INFO - Processing file /home/airflow/.local/lib/python3.8/site-packages/airflow/example_dags/plugins/event_listener.py for tasks to queue
[2025-11-10T12:37:03.882+0000] {logging_mixin.py:188} INFO - [2025-11-10T12:37:03.882+0000] {dagbag.py:538} INFO - Filling up the DagBag from /home/airflow/.local/lib/python3.8/site-packages/airflow/example_dags/plugins/event_listener.py
[2025-11-10T12:37:03.886+0000] {processor.py:842} WARNING - No viable dags retrieved from /home/airflow/.local/lib/python3.8/site-packages/airflow/example_dags/plugins/event_listener.py
[2025-11-10T12:37:03.907+0000] {processor.py:183} INFO - Processing /home/airflow/.local/lib/python3.8/site-packages/airflow/example_dags/plugins/event_listener.py took 0.035 seconds
[2025-11-10T12:37:34.234+0000] {processor.py:161} INFO - Started process (PID=33787) to work on /home/airflow/.local/lib/python3.8/site-packages/airflow/example_dags/plugins/event_listener.py
[2025-11-10T12:37:34.236+0000] {processor.py:830} INFO - Processing file /home/airflow/.local/lib/python3.8/site-packages/airflow/example_dags/plugins/event_listener.py for tasks to queue
[2025-11-10T12:37:34.241+0000] {logging_mixin.py:188} INFO - [2025-11-10T12:37:34.238+0000] {dagbag.py:538} INFO - Filling up the DagBag from /home/airflow/.local/lib/python3.8/site-packages/airflow/example_dags/plugins/event_listener.py
[2025-11-10T12:37:34.247+0000] {processor.py:842} WARNING - No viable dags retrieved from /home/airflow/.local/lib/python3.8/site-packages/airflow/example_dags/plugins/event_listener.py
[2025-11-10T12:37:34.284+0000] {processor.py:183} INFO - Processing /home/airflow/.local/lib/python3.8/site-packages/airflow/example_dags/plugins/event_listener.py took 0.056 seconds
[2025-11-10T12:38:05.145+0000] {processor.py:161} INFO - Started process (PID=33846) to work on /home/airflow/.local/lib/python3.8/site-packages/airflow/example_dags/plugins/event_listener.py
[2025-11-10T12:38:05.147+0000] {processor.py:830} INFO - Processing file /home/airflow/.local/lib/python3.8/site-packages/airflow/example_dags/plugins/event_listener.py for tasks to queue
[2025-11-10T12:38:05.150+0000] {logging_mixin.py:188} INFO - [2025-11-10T12:38:05.149+0000] {dagbag.py:538} INFO - Filling up the DagBag from /home/airflow/.local/lib/python3.8/site-packages/airflow/example_dags/plugins/event_listener.py
[2025-11-10T12:38:05.155+0000] {processor.py:842} WARNING - No viable dags retrieved from /home/airflow/.local/lib/python3.8/site-packages/airflow/example_dags/plugins/event_listener.py
[2025-11-10T12:38:05.180+0000] {processor.py:183} INFO - Processing /home/airflow/.local/lib/python3.8/site-packages/airflow/example_dags/plugins/event_listener.py took 0.041 seconds
[2025-11-10T12:38:35.320+0000] {processor.py:161} INFO - Started process (PID=33905) to work on /home/airflow/.local/lib/python3.8/site-packages/airflow/example_dags/plugins/event_listener.py
[2025-11-10T12:38:35.321+0000] {processor.py:830} INFO - Processing file /home/airflow/.local/lib/python3.8/site-packages/airflow/example_dags/plugins/event_listener.py for tasks to queue
[2025-11-10T12:38:35.323+0000] {logging_mixin.py:188} INFO - [2025-11-10T12:38:35.322+0000] {dagbag.py:538} INFO - Filling up the DagBag from /home/airflow/.local/lib/python3.8/site-packages/airflow/example_dags/plugins/event_listener.py
[2025-11-10T12:38:35.327+0000] {processor.py:842} WARNING - No viable dags retrieved from /home/airflow/.local/lib/python3.8/site-packages/airflow/example_dags/plugins/event_listener.py
[2025-11-10T12:38:35.347+0000] {processor.py:183} INFO - Processing /home/airflow/.local/lib/python3.8/site-packages/airflow/example_dags/plugins/event_listener.py took 0.032 seconds
[2025-11-10T12:39:05.579+0000] {processor.py:161} INFO - Started process (PID=33964) to work on /home/airflow/.local/lib/python3.8/site-packages/airflow/example_dags/plugins/event_listener.py
[2025-11-10T12:39:05.580+0000] {processor.py:830} INFO - Processing file /home/airflow/.local/lib/python3.8/site-packages/airflow/example_dags/plugins/event_listener.py for tasks to queue
[2025-11-10T12:39:05.582+0000] {logging_mixin.py:188} INFO - [2025-11-10T12:39:05.582+0000] {dagbag.py:538} INFO - Filling up the DagBag from /home/airflow/.local/lib/python3.8/site-packages/airflow/example_dags/plugins/event_listener.py
[2025-11-10T12:39:05.585+0000] {processor.py:842} WARNING - No viable dags retrieved from /home/airflow/.local/lib/python3.8/site-packages/airflow/example_dags/plugins/event_listener.py
[2025-11-10T12:39:05.602+0000] {processor.py:183} INFO - Processing /home/airflow/.local/lib/python3.8/site-packages/airflow/example_dags/plugins/event_listener.py took 0.027 seconds
[2025-11-10T12:39:36.097+0000] {processor.py:161} INFO - Started process (PID=34023) to work on /home/airflow/.local/lib/python3.8/site-packages/airflow/example_dags/plugins/event_listener.py
[2025-11-10T12:39:36.098+0000] {processor.py:830} INFO - Processing file /home/airflow/.local/lib/python3.8/site-packages/airflow/example_dags/plugins/event_listener.py for tasks to queue
[2025-11-10T12:39:36.100+0000] {logging_mixin.py:188} INFO - [2025-11-10T12:39:36.099+0000] {dagbag.py:538} INFO - Filling up the DagBag from /home/airflow/.local/lib/python3.8/site-packages/airflow/example_dags/plugins/event_listener.py
[2025-11-10T12:39:36.103+0000] {processor.py:842} WARNING - No viable dags retrieved from /home/airflow/.local/lib/python3.8/site-packages/airflow/example_dags/plugins/event_listener.py
[2025-11-10T12:39:36.118+0000] {processor.py:183} INFO - Processing /home/airflow/.local/lib/python3.8/site-packages/airflow/example_dags/plugins/event_listener.py took 0.026 seconds
[2025-11-10T12:40:06.326+0000] {processor.py:161} INFO - Started process (PID=34082) to work on /home/airflow/.local/lib/python3.8/site-packages/airflow/example_dags/plugins/event_listener.py
[2025-11-10T12:40:06.327+0000] {processor.py:830} INFO - Processing file /home/airflow/.local/lib/python3.8/site-packages/airflow/example_dags/plugins/event_listener.py for tasks to queue
[2025-11-10T12:40:06.329+0000] {logging_mixin.py:188} INFO - [2025-11-10T12:40:06.329+0000] {dagbag.py:538} INFO - Filling up the DagBag from /home/airflow/.local/lib/python3.8/site-packages/airflow/example_dags/plugins/event_listener.py
[2025-11-10T12:40:06.332+0000] {processor.py:842} WARNING - No viable dags retrieved from /home/airflow/.local/lib/python3.8/site-packages/airflow/example_dags/plugins/event_listener.py
[2025-11-10T12:40:06.349+0000] {processor.py:183} INFO - Processing /home/airflow/.local/lib/python3.8/site-packages/airflow/example_dags/plugins/event_listener.py took 0.026 seconds
[2025-11-10T12:40:36.566+0000] {processor.py:161} INFO - Started process (PID=34141) to work on /home/airflow/.local/lib/python3.8/site-packages/airflow/example_dags/plugins/event_listener.py
[2025-11-10T12:40:36.568+0000] {processor.py:830} INFO - Processing file /home/airflow/.local/lib/python3.8/site-packages/airflow/example_dags/plugins/event_listener.py for tasks to queue
[2025-11-10T12:40:36.570+0000] {logging_mixin.py:188} INFO - [2025-11-10T12:40:36.570+0000] {dagbag.py:538} INFO - Filling up the DagBag from /home/airflow/.local/lib/python3.8/site-packages/airflow/example_dags/plugins/event_listener.py
[2025-11-10T12:40:36.573+0000] {processor.py:842} WARNING - No viable dags retrieved from /home/airflow/.local/lib/python3.8/site-packages/airflow/example_dags/plugins/event_listener.py
[2025-11-10T12:40:36.590+0000] {processor.py:183} INFO - Processing /home/airflow/.local/lib/python3.8/site-packages/airflow/example_dags/plugins/event_listener.py took 0.027 seconds
[2025-11-10T12:41:07.154+0000] {processor.py:161} INFO - Started process (PID=34200) to work on /home/airflow/.local/lib/python3.8/site-packages/airflow/example_dags/plugins/event_listener.py
[2025-11-10T12:41:07.155+0000] {processor.py:830} INFO - Processing file /home/airflow/.local/lib/python3.8/site-packages/airflow/example_dags/plugins/event_listener.py for tasks to queue
[2025-11-10T12:41:07.156+0000] {logging_mixin.py:188} INFO - [2025-11-10T12:41:07.156+0000] {dagbag.py:538} INFO - Filling up the DagBag from /home/airflow/.local/lib/python3.8/site-packages/airflow/example_dags/plugins/event_listener.py
[2025-11-10T12:41:07.159+0000] {processor.py:842} WARNING - No viable dags retrieved from /home/airflow/.local/lib/python3.8/site-packages/airflow/example_dags/plugins/event_listener.py
[2025-11-10T12:41:07.175+0000] {processor.py:183} INFO - Processing /home/airflow/.local/lib/python3.8/site-packages/airflow/example_dags/plugins/event_listener.py took 0.024 seconds
[2025-11-10T12:41:37.487+0000] {processor.py:161} INFO - Started process (PID=34259) to work on /home/airflow/.local/lib/python3.8/site-packages/airflow/example_dags/plugins/event_listener.py
[2025-11-10T12:41:37.491+0000] {processor.py:830} INFO - Processing file /home/airflow/.local/lib/python3.8/site-packages/airflow/example_dags/plugins/event_listener.py for tasks to queue
[2025-11-10T12:41:37.493+0000] {logging_mixin.py:188} INFO - [2025-11-10T12:41:37.492+0000] {dagbag.py:538} INFO - Filling up the DagBag from /home/airflow/.local/lib/python3.8/site-packages/airflow/example_dags/plugins/event_listener.py
[2025-11-10T12:41:37.498+0000] {processor.py:842} WARNING - No viable dags retrieved from /home/airflow/.local/lib/python3.8/site-packages/airflow/example_dags/plugins/event_listener.py
[2025-11-10T12:41:37.536+0000] {processor.py:183} INFO - Processing /home/airflow/.local/lib/python3.8/site-packages/airflow/example_dags/plugins/event_listener.py took 0.056 seconds
[2025-11-10T12:42:08.415+0000] {processor.py:161} INFO - Started process (PID=34318) to work on /home/airflow/.local/lib/python3.8/site-packages/airflow/example_dags/plugins/event_listener.py
[2025-11-10T12:42:08.417+0000] {processor.py:830} INFO - Processing file /home/airflow/.local/lib/python3.8/site-packages/airflow/example_dags/plugins/event_listener.py for tasks to queue
[2025-11-10T12:42:08.418+0000] {logging_mixin.py:188} INFO - [2025-11-10T12:42:08.418+0000] {dagbag.py:538} INFO - Filling up the DagBag from /home/airflow/.local/lib/python3.8/site-packages/airflow/example_dags/plugins/event_listener.py
[2025-11-10T12:42:08.422+0000] {processor.py:842} WARNING - No viable dags retrieved from /home/airflow/.local/lib/python3.8/site-packages/airflow/example_dags/plugins/event_listener.py
[2025-11-10T12:42:08.440+0000] {processor.py:183} INFO - Processing /home/airflow/.local/lib/python3.8/site-packages/airflow/example_dags/plugins/event_listener.py took 0.030 seconds
[2025-11-10T12:42:38.776+0000] {processor.py:161} INFO - Started process (PID=34377) to work on /home/airflow/.local/lib/python3.8/site-packages/airflow/example_dags/plugins/event_listener.py
[2025-11-10T12:42:38.778+0000] {processor.py:830} INFO - Processing file /home/airflow/.local/lib/python3.8/site-packages/airflow/example_dags/plugins/event_listener.py for tasks to queue
[2025-11-10T12:42:38.779+0000] {logging_mixin.py:188} INFO - [2025-11-10T12:42:38.779+0000] {dagbag.py:538} INFO - Filling up the DagBag from /home/airflow/.local/lib/python3.8/site-packages/airflow/example_dags/plugins/event_listener.py
[2025-11-10T12:42:38.787+0000] {processor.py:842} WARNING - No viable dags retrieved from /home/airflow/.local/lib/python3.8/site-packages/airflow/example_dags/plugins/event_listener.py
[2025-11-10T12:42:38.809+0000] {processor.py:183} INFO - Processing /home/airflow/.local/lib/python3.8/site-packages/airflow/example_dags/plugins/event_listener.py took 0.039 seconds
[2025-11-10T12:43:09.341+0000] {processor.py:161} INFO - Started process (PID=34436) to work on /home/airflow/.local/lib/python3.8/site-packages/airflow/example_dags/plugins/event_listener.py
[2025-11-10T12:43:09.344+0000] {processor.py:830} INFO - Processing file /home/airflow/.local/lib/python3.8/site-packages/airflow/example_dags/plugins/event_listener.py for tasks to queue
[2025-11-10T12:43:09.345+0000] {logging_mixin.py:188} INFO - [2025-11-10T12:43:09.345+0000] {dagbag.py:538} INFO - Filling up the DagBag from /home/airflow/.local/lib/python3.8/site-packages/airflow/example_dags/plugins/event_listener.py
[2025-11-10T12:43:09.353+0000] {processor.py:842} WARNING - No viable dags retrieved from /home/airflow/.local/lib/python3.8/site-packages/airflow/example_dags/plugins/event_listener.py
[2025-11-10T12:43:09.377+0000] {processor.py:183} INFO - Processing /home/airflow/.local/lib/python3.8/site-packages/airflow/example_dags/plugins/event_listener.py took 0.044 seconds
[2025-11-10T12:43:39.721+0000] {processor.py:161} INFO - Started process (PID=34495) to work on /home/airflow/.local/lib/python3.8/site-packages/airflow/example_dags/plugins/event_listener.py
[2025-11-10T12:43:39.723+0000] {processor.py:830} INFO - Processing file /home/airflow/.local/lib/python3.8/site-packages/airflow/example_dags/plugins/event_listener.py for tasks to queue
[2025-11-10T12:43:39.725+0000] {logging_mixin.py:188} INFO - [2025-11-10T12:43:39.725+0000] {dagbag.py:538} INFO - Filling up the DagBag from /home/airflow/.local/lib/python3.8/site-packages/airflow/example_dags/plugins/event_listener.py
[2025-11-10T12:43:39.730+0000] {processor.py:842} WARNING - No viable dags retrieved from /home/airflow/.local/lib/python3.8/site-packages/airflow/example_dags/plugins/event_listener.py
[2025-11-10T12:43:39.750+0000] {processor.py:183} INFO - Processing /home/airflow/.local/lib/python3.8/site-packages/airflow/example_dags/plugins/event_listener.py took 0.036 seconds
[2025-11-10T12:44:09.943+0000] {processor.py:161} INFO - Started process (PID=34554) to work on /home/airflow/.local/lib/python3.8/site-packages/airflow/example_dags/plugins/event_listener.py
[2025-11-10T12:44:09.944+0000] {processor.py:830} INFO - Processing file /home/airflow/.local/lib/python3.8/site-packages/airflow/example_dags/plugins/event_listener.py for tasks to queue
[2025-11-10T12:44:09.946+0000] {logging_mixin.py:188} INFO - [2025-11-10T12:44:09.945+0000] {dagbag.py:538} INFO - Filling up the DagBag from /home/airflow/.local/lib/python3.8/site-packages/airflow/example_dags/plugins/event_listener.py
[2025-11-10T12:44:09.949+0000] {processor.py:842} WARNING - No viable dags retrieved from /home/airflow/.local/lib/python3.8/site-packages/airflow/example_dags/plugins/event_listener.py
[2025-11-10T12:44:09.969+0000] {processor.py:183} INFO - Processing /home/airflow/.local/lib/python3.8/site-packages/airflow/example_dags/plugins/event_listener.py took 0.031 seconds
[2025-11-10T12:44:40.123+0000] {processor.py:161} INFO - Started process (PID=34613) to work on /home/airflow/.local/lib/python3.8/site-packages/airflow/example_dags/plugins/event_listener.py
[2025-11-10T12:44:40.125+0000] {processor.py:830} INFO - Processing file /home/airflow/.local/lib/python3.8/site-packages/airflow/example_dags/plugins/event_listener.py for tasks to queue
[2025-11-10T12:44:40.126+0000] {logging_mixin.py:188} INFO - [2025-11-10T12:44:40.126+0000] {dagbag.py:538} INFO - Filling up the DagBag from /home/airflow/.local/lib/python3.8/site-packages/airflow/example_dags/plugins/event_listener.py
[2025-11-10T12:44:40.129+0000] {processor.py:842} WARNING - No viable dags retrieved from /home/airflow/.local/lib/python3.8/site-packages/airflow/example_dags/plugins/event_listener.py
[2025-11-10T12:44:40.147+0000] {processor.py:183} INFO - Processing /home/airflow/.local/lib/python3.8/site-packages/airflow/example_dags/plugins/event_listener.py took 0.028 seconds
[2025-11-10T12:45:10.865+0000] {processor.py:161} INFO - Started process (PID=34672) to work on /home/airflow/.local/lib/python3.8/site-packages/airflow/example_dags/plugins/event_listener.py
[2025-11-10T12:45:10.866+0000] {processor.py:830} INFO - Processing file /home/airflow/.local/lib/python3.8/site-packages/airflow/example_dags/plugins/event_listener.py for tasks to queue
[2025-11-10T12:45:10.868+0000] {logging_mixin.py:188} INFO - [2025-11-10T12:45:10.867+0000] {dagbag.py:538} INFO - Filling up the DagBag from /home/airflow/.local/lib/python3.8/site-packages/airflow/example_dags/plugins/event_listener.py
[2025-11-10T12:45:10.871+0000] {processor.py:842} WARNING - No viable dags retrieved from /home/airflow/.local/lib/python3.8/site-packages/airflow/example_dags/plugins/event_listener.py
[2025-11-10T12:45:10.891+0000] {processor.py:183} INFO - Processing /home/airflow/.local/lib/python3.8/site-packages/airflow/example_dags/plugins/event_listener.py took 0.031 seconds
[2025-11-10T12:45:41.892+0000] {processor.py:161} INFO - Started process (PID=34731) to work on /home/airflow/.local/lib/python3.8/site-packages/airflow/example_dags/plugins/event_listener.py
[2025-11-10T12:45:41.895+0000] {processor.py:830} INFO - Processing file /home/airflow/.local/lib/python3.8/site-packages/airflow/example_dags/plugins/event_listener.py for tasks to queue
[2025-11-10T12:45:41.897+0000] {logging_mixin.py:188} INFO - [2025-11-10T12:45:41.896+0000] {dagbag.py:538} INFO - Filling up the DagBag from /home/airflow/.local/lib/python3.8/site-packages/airflow/example_dags/plugins/event_listener.py
[2025-11-10T12:45:41.904+0000] {processor.py:842} WARNING - No viable dags retrieved from /home/airflow/.local/lib/python3.8/site-packages/airflow/example_dags/plugins/event_listener.py
[2025-11-10T12:45:41.929+0000] {processor.py:183} INFO - Processing /home/airflow/.local/lib/python3.8/site-packages/airflow/example_dags/plugins/event_listener.py took 0.044 seconds
[2025-11-10T12:46:12.630+0000] {processor.py:161} INFO - Started process (PID=34790) to work on /home/airflow/.local/lib/python3.8/site-packages/airflow/example_dags/plugins/event_listener.py
[2025-11-10T12:46:12.632+0000] {processor.py:830} INFO - Processing file /home/airflow/.local/lib/python3.8/site-packages/airflow/example_dags/plugins/event_listener.py for tasks to queue
[2025-11-10T12:46:12.634+0000] {logging_mixin.py:188} INFO - [2025-11-10T12:46:12.633+0000] {dagbag.py:538} INFO - Filling up the DagBag from /home/airflow/.local/lib/python3.8/site-packages/airflow/example_dags/plugins/event_listener.py
[2025-11-10T12:46:12.638+0000] {processor.py:842} WARNING - No viable dags retrieved from /home/airflow/.local/lib/python3.8/site-packages/airflow/example_dags/plugins/event_listener.py
[2025-11-10T12:46:12.666+0000] {processor.py:183} INFO - Processing /home/airflow/.local/lib/python3.8/site-packages/airflow/example_dags/plugins/event_listener.py took 0.042 seconds
[2025-11-10T12:46:43.271+0000] {processor.py:161} INFO - Started process (PID=34849) to work on /home/airflow/.local/lib/python3.8/site-packages/airflow/example_dags/plugins/event_listener.py
[2025-11-10T12:46:43.273+0000] {processor.py:830} INFO - Processing file /home/airflow/.local/lib/python3.8/site-packages/airflow/example_dags/plugins/event_listener.py for tasks to queue
[2025-11-10T12:46:43.274+0000] {logging_mixin.py:188} INFO - [2025-11-10T12:46:43.274+0000] {dagbag.py:538} INFO - Filling up the DagBag from /home/airflow/.local/lib/python3.8/site-packages/airflow/example_dags/plugins/event_listener.py
[2025-11-10T12:46:43.278+0000] {processor.py:842} WARNING - No viable dags retrieved from /home/airflow/.local/lib/python3.8/site-packages/airflow/example_dags/plugins/event_listener.py
[2025-11-10T12:46:43.297+0000] {processor.py:183} INFO - Processing /home/airflow/.local/lib/python3.8/site-packages/airflow/example_dags/plugins/event_listener.py took 0.030 seconds
[2025-11-10T12:47:13.798+0000] {processor.py:161} INFO - Started process (PID=34908) to work on /home/airflow/.local/lib/python3.8/site-packages/airflow/example_dags/plugins/event_listener.py
[2025-11-10T12:47:13.800+0000] {processor.py:830} INFO - Processing file /home/airflow/.local/lib/python3.8/site-packages/airflow/example_dags/plugins/event_listener.py for tasks to queue
[2025-11-10T12:47:13.802+0000] {logging_mixin.py:188} INFO - [2025-11-10T12:47:13.801+0000] {dagbag.py:538} INFO - Filling up the DagBag from /home/airflow/.local/lib/python3.8/site-packages/airflow/example_dags/plugins/event_listener.py
[2025-11-10T12:47:13.806+0000] {processor.py:842} WARNING - No viable dags retrieved from /home/airflow/.local/lib/python3.8/site-packages/airflow/example_dags/plugins/event_listener.py
[2025-11-10T12:47:13.832+0000] {processor.py:183} INFO - Processing /home/airflow/.local/lib/python3.8/site-packages/airflow/example_dags/plugins/event_listener.py took 0.040 seconds
[2025-11-10T12:47:44.418+0000] {processor.py:161} INFO - Started process (PID=34967) to work on /home/airflow/.local/lib/python3.8/site-packages/airflow/example_dags/plugins/event_listener.py
[2025-11-10T12:47:44.420+0000] {processor.py:830} INFO - Processing file /home/airflow/.local/lib/python3.8/site-packages/airflow/example_dags/plugins/event_listener.py for tasks to queue
[2025-11-10T12:47:44.421+0000] {logging_mixin.py:188} INFO - [2025-11-10T12:47:44.421+0000] {dagbag.py:538} INFO - Filling up the DagBag from /home/airflow/.local/lib/python3.8/site-packages/airflow/example_dags/plugins/event_listener.py
[2025-11-10T12:47:44.424+0000] {processor.py:842} WARNING - No viable dags retrieved from /home/airflow/.local/lib/python3.8/site-packages/airflow/example_dags/plugins/event_listener.py
[2025-11-10T12:47:44.442+0000] {processor.py:183} INFO - Processing /home/airflow/.local/lib/python3.8/site-packages/airflow/example_dags/plugins/event_listener.py took 0.029 seconds
[2025-11-10T12:48:15.361+0000] {processor.py:161} INFO - Started process (PID=35026) to work on /home/airflow/.local/lib/python3.8/site-packages/airflow/example_dags/plugins/event_listener.py
[2025-11-10T12:48:15.364+0000] {processor.py:830} INFO - Processing file /home/airflow/.local/lib/python3.8/site-packages/airflow/example_dags/plugins/event_listener.py for tasks to queue
[2025-11-10T12:48:15.366+0000] {logging_mixin.py:188} INFO - [2025-11-10T12:48:15.365+0000] {dagbag.py:538} INFO - Filling up the DagBag from /home/airflow/.local/lib/python3.8/site-packages/airflow/example_dags/plugins/event_listener.py
[2025-11-10T12:48:15.371+0000] {processor.py:842} WARNING - No viable dags retrieved from /home/airflow/.local/lib/python3.8/site-packages/airflow/example_dags/plugins/event_listener.py
[2025-11-10T12:48:15.394+0000] {processor.py:183} INFO - Processing /home/airflow/.local/lib/python3.8/site-packages/airflow/example_dags/plugins/event_listener.py took 0.044 seconds
[2025-11-10T12:48:45.606+0000] {processor.py:161} INFO - Started process (PID=35085) to work on /home/airflow/.local/lib/python3.8/site-packages/airflow/example_dags/plugins/event_listener.py
[2025-11-10T12:48:45.607+0000] {processor.py:830} INFO - Processing file /home/airflow/.local/lib/python3.8/site-packages/airflow/example_dags/plugins/event_listener.py for tasks to queue
[2025-11-10T12:48:45.609+0000] {logging_mixin.py:188} INFO - [2025-11-10T12:48:45.608+0000] {dagbag.py:538} INFO - Filling up the DagBag from /home/airflow/.local/lib/python3.8/site-packages/airflow/example_dags/plugins/event_listener.py
[2025-11-10T12:48:45.612+0000] {processor.py:842} WARNING - No viable dags retrieved from /home/airflow/.local/lib/python3.8/site-packages/airflow/example_dags/plugins/event_listener.py
[2025-11-10T12:48:45.632+0000] {processor.py:183} INFO - Processing /home/airflow/.local/lib/python3.8/site-packages/airflow/example_dags/plugins/event_listener.py took 0.031 seconds
[2025-11-10T12:49:16.551+0000] {processor.py:161} INFO - Started process (PID=35144) to work on /home/airflow/.local/lib/python3.8/site-packages/airflow/example_dags/plugins/event_listener.py
[2025-11-10T12:49:16.553+0000] {processor.py:830} INFO - Processing file /home/airflow/.local/lib/python3.8/site-packages/airflow/example_dags/plugins/event_listener.py for tasks to queue
[2025-11-10T12:49:16.554+0000] {logging_mixin.py:188} INFO - [2025-11-10T12:49:16.554+0000] {dagbag.py:538} INFO - Filling up the DagBag from /home/airflow/.local/lib/python3.8/site-packages/airflow/example_dags/plugins/event_listener.py
[2025-11-10T12:49:16.559+0000] {processor.py:842} WARNING - No viable dags retrieved from /home/airflow/.local/lib/python3.8/site-packages/airflow/example_dags/plugins/event_listener.py
[2025-11-10T12:49:16.579+0000] {processor.py:183} INFO - Processing /home/airflow/.local/lib/python3.8/site-packages/airflow/example_dags/plugins/event_listener.py took 0.033 seconds
[2025-11-10T12:49:47.480+0000] {processor.py:161} INFO - Started process (PID=35203) to work on /home/airflow/.local/lib/python3.8/site-packages/airflow/example_dags/plugins/event_listener.py
[2025-11-10T12:49:47.482+0000] {processor.py:830} INFO - Processing file /home/airflow/.local/lib/python3.8/site-packages/airflow/example_dags/plugins/event_listener.py for tasks to queue
[2025-11-10T12:49:47.484+0000] {logging_mixin.py:188} INFO - [2025-11-10T12:49:47.483+0000] {dagbag.py:538} INFO - Filling up the DagBag from /home/airflow/.local/lib/python3.8/site-packages/airflow/example_dags/plugins/event_listener.py
[2025-11-10T12:49:47.489+0000] {processor.py:842} WARNING - No viable dags retrieved from /home/airflow/.local/lib/python3.8/site-packages/airflow/example_dags/plugins/event_listener.py
[2025-11-10T12:49:47.516+0000] {processor.py:183} INFO - Processing /home/airflow/.local/lib/python3.8/site-packages/airflow/example_dags/plugins/event_listener.py took 0.045 seconds
[2025-11-10T12:50:17.792+0000] {processor.py:161} INFO - Started process (PID=35261) to work on /home/airflow/.local/lib/python3.8/site-packages/airflow/example_dags/plugins/event_listener.py
[2025-11-10T12:50:17.795+0000] {processor.py:830} INFO - Processing file /home/airflow/.local/lib/python3.8/site-packages/airflow/example_dags/plugins/event_listener.py for tasks to queue
[2025-11-10T12:50:17.797+0000] {logging_mixin.py:188} INFO - [2025-11-10T12:50:17.796+0000] {dagbag.py:538} INFO - Filling up the DagBag from /home/airflow/.local/lib/python3.8/site-packages/airflow/example_dags/plugins/event_listener.py
[2025-11-10T12:50:17.801+0000] {processor.py:842} WARNING - No viable dags retrieved from /home/airflow/.local/lib/python3.8/site-packages/airflow/example_dags/plugins/event_listener.py
[2025-11-10T12:50:17.819+0000] {processor.py:183} INFO - Processing /home/airflow/.local/lib/python3.8/site-packages/airflow/example_dags/plugins/event_listener.py took 0.032 seconds
[2025-11-10T12:50:48.684+0000] {processor.py:161} INFO - Started process (PID=35321) to work on /home/airflow/.local/lib/python3.8/site-packages/airflow/example_dags/plugins/event_listener.py
[2025-11-10T12:50:48.685+0000] {processor.py:830} INFO - Processing file /home/airflow/.local/lib/python3.8/site-packages/airflow/example_dags/plugins/event_listener.py for tasks to queue
[2025-11-10T12:50:48.687+0000] {logging_mixin.py:188} INFO - [2025-11-10T12:50:48.686+0000] {dagbag.py:538} INFO - Filling up the DagBag from /home/airflow/.local/lib/python3.8/site-packages/airflow/example_dags/plugins/event_listener.py
[2025-11-10T12:50:48.691+0000] {processor.py:842} WARNING - No viable dags retrieved from /home/airflow/.local/lib/python3.8/site-packages/airflow/example_dags/plugins/event_listener.py
[2025-11-10T12:50:48.713+0000] {processor.py:183} INFO - Processing /home/airflow/.local/lib/python3.8/site-packages/airflow/example_dags/plugins/event_listener.py took 0.035 seconds
[2025-11-10T12:51:18.900+0000] {processor.py:161} INFO - Started process (PID=35379) to work on /home/airflow/.local/lib/python3.8/site-packages/airflow/example_dags/plugins/event_listener.py
[2025-11-10T12:51:18.902+0000] {processor.py:830} INFO - Processing file /home/airflow/.local/lib/python3.8/site-packages/airflow/example_dags/plugins/event_listener.py for tasks to queue
[2025-11-10T12:51:18.904+0000] {logging_mixin.py:188} INFO - [2025-11-10T12:51:18.903+0000] {dagbag.py:538} INFO - Filling up the DagBag from /home/airflow/.local/lib/python3.8/site-packages/airflow/example_dags/plugins/event_listener.py
[2025-11-10T12:51:18.907+0000] {processor.py:842} WARNING - No viable dags retrieved from /home/airflow/.local/lib/python3.8/site-packages/airflow/example_dags/plugins/event_listener.py
[2025-11-10T12:51:18.927+0000] {processor.py:183} INFO - Processing /home/airflow/.local/lib/python3.8/site-packages/airflow/example_dags/plugins/event_listener.py took 0.032 seconds
[2025-11-10T12:51:49.370+0000] {processor.py:161} INFO - Started process (PID=35439) to work on /home/airflow/.local/lib/python3.8/site-packages/airflow/example_dags/plugins/event_listener.py
[2025-11-10T12:51:49.372+0000] {processor.py:830} INFO - Processing file /home/airflow/.local/lib/python3.8/site-packages/airflow/example_dags/plugins/event_listener.py for tasks to queue
[2025-11-10T12:51:49.374+0000] {logging_mixin.py:188} INFO - [2025-11-10T12:51:49.373+0000] {dagbag.py:538} INFO - Filling up the DagBag from /home/airflow/.local/lib/python3.8/site-packages/airflow/example_dags/plugins/event_listener.py
[2025-11-10T12:51:49.377+0000] {processor.py:842} WARNING - No viable dags retrieved from /home/airflow/.local/lib/python3.8/site-packages/airflow/example_dags/plugins/event_listener.py
[2025-11-10T12:51:49.396+0000] {processor.py:183} INFO - Processing /home/airflow/.local/lib/python3.8/site-packages/airflow/example_dags/plugins/event_listener.py took 0.030 seconds
[2025-11-10T12:52:20.175+0000] {processor.py:161} INFO - Started process (PID=35498) to work on /home/airflow/.local/lib/python3.8/site-packages/airflow/example_dags/plugins/event_listener.py
[2025-11-10T12:52:20.177+0000] {processor.py:830} INFO - Processing file /home/airflow/.local/lib/python3.8/site-packages/airflow/example_dags/plugins/event_listener.py for tasks to queue
[2025-11-10T12:52:20.179+0000] {logging_mixin.py:188} INFO - [2025-11-10T12:52:20.178+0000] {dagbag.py:538} INFO - Filling up the DagBag from /home/airflow/.local/lib/python3.8/site-packages/airflow/example_dags/plugins/event_listener.py
[2025-11-10T12:52:20.182+0000] {processor.py:842} WARNING - No viable dags retrieved from /home/airflow/.local/lib/python3.8/site-packages/airflow/example_dags/plugins/event_listener.py
[2025-11-10T12:52:20.200+0000] {processor.py:183} INFO - Processing /home/airflow/.local/lib/python3.8/site-packages/airflow/example_dags/plugins/event_listener.py took 0.028 seconds
[2025-11-10T12:52:50.997+0000] {processor.py:161} INFO - Started process (PID=35557) to work on /home/airflow/.local/lib/python3.8/site-packages/airflow/example_dags/plugins/event_listener.py
[2025-11-10T12:52:50.999+0000] {processor.py:830} INFO - Processing file /home/airflow/.local/lib/python3.8/site-packages/airflow/example_dags/plugins/event_listener.py for tasks to queue
[2025-11-10T12:52:51.001+0000] {logging_mixin.py:188} INFO - [2025-11-10T12:52:51.000+0000] {dagbag.py:538} INFO - Filling up the DagBag from /home/airflow/.local/lib/python3.8/site-packages/airflow/example_dags/plugins/event_listener.py
[2025-11-10T12:52:51.006+0000] {processor.py:842} WARNING - No viable dags retrieved from /home/airflow/.local/lib/python3.8/site-packages/airflow/example_dags/plugins/event_listener.py
[2025-11-10T12:52:51.029+0000] {processor.py:183} INFO - Processing /home/airflow/.local/lib/python3.8/site-packages/airflow/example_dags/plugins/event_listener.py took 0.039 seconds
[2025-11-10T12:53:21.232+0000] {processor.py:161} INFO - Started process (PID=35616) to work on /home/airflow/.local/lib/python3.8/site-packages/airflow/example_dags/plugins/event_listener.py
[2025-11-10T12:53:21.235+0000] {processor.py:830} INFO - Processing file /home/airflow/.local/lib/python3.8/site-packages/airflow/example_dags/plugins/event_listener.py for tasks to queue
[2025-11-10T12:53:21.237+0000] {logging_mixin.py:188} INFO - [2025-11-10T12:53:21.236+0000] {dagbag.py:538} INFO - Filling up the DagBag from /home/airflow/.local/lib/python3.8/site-packages/airflow/example_dags/plugins/event_listener.py
[2025-11-10T12:53:21.242+0000] {processor.py:842} WARNING - No viable dags retrieved from /home/airflow/.local/lib/python3.8/site-packages/airflow/example_dags/plugins/event_listener.py
[2025-11-10T12:53:21.269+0000] {processor.py:183} INFO - Processing /home/airflow/.local/lib/python3.8/site-packages/airflow/example_dags/plugins/event_listener.py took 0.045 seconds
[2025-11-10T12:53:51.405+0000] {processor.py:161} INFO - Started process (PID=35674) to work on /home/airflow/.local/lib/python3.8/site-packages/airflow/example_dags/plugins/event_listener.py
[2025-11-10T12:53:51.407+0000] {processor.py:830} INFO - Processing file /home/airflow/.local/lib/python3.8/site-packages/airflow/example_dags/plugins/event_listener.py for tasks to queue
[2025-11-10T12:53:51.409+0000] {logging_mixin.py:188} INFO - [2025-11-10T12:53:51.409+0000] {dagbag.py:538} INFO - Filling up the DagBag from /home/airflow/.local/lib/python3.8/site-packages/airflow/example_dags/plugins/event_listener.py
[2025-11-10T12:53:51.414+0000] {processor.py:842} WARNING - No viable dags retrieved from /home/airflow/.local/lib/python3.8/site-packages/airflow/example_dags/plugins/event_listener.py
[2025-11-10T12:53:51.438+0000] {processor.py:183} INFO - Processing /home/airflow/.local/lib/python3.8/site-packages/airflow/example_dags/plugins/event_listener.py took 0.038 seconds
[2025-11-10T12:54:22.438+0000] {processor.py:161} INFO - Started process (PID=35734) to work on /home/airflow/.local/lib/python3.8/site-packages/airflow/example_dags/plugins/event_listener.py
[2025-11-10T12:54:22.441+0000] {processor.py:830} INFO - Processing file /home/airflow/.local/lib/python3.8/site-packages/airflow/example_dags/plugins/event_listener.py for tasks to queue
[2025-11-10T12:54:22.443+0000] {logging_mixin.py:188} INFO - [2025-11-10T12:54:22.442+0000] {dagbag.py:538} INFO - Filling up the DagBag from /home/airflow/.local/lib/python3.8/site-packages/airflow/example_dags/plugins/event_listener.py
[2025-11-10T12:54:22.448+0000] {processor.py:842} WARNING - No viable dags retrieved from /home/airflow/.local/lib/python3.8/site-packages/airflow/example_dags/plugins/event_listener.py
[2025-11-10T12:54:22.474+0000] {processor.py:183} INFO - Processing /home/airflow/.local/lib/python3.8/site-packages/airflow/example_dags/plugins/event_listener.py took 0.045 seconds
[2025-11-10T12:54:52.912+0000] {processor.py:161} INFO - Started process (PID=35793) to work on /home/airflow/.local/lib/python3.8/site-packages/airflow/example_dags/plugins/event_listener.py
[2025-11-10T12:54:52.914+0000] {processor.py:830} INFO - Processing file /home/airflow/.local/lib/python3.8/site-packages/airflow/example_dags/plugins/event_listener.py for tasks to queue
[2025-11-10T12:54:52.916+0000] {logging_mixin.py:188} INFO - [2025-11-10T12:54:52.915+0000] {dagbag.py:538} INFO - Filling up the DagBag from /home/airflow/.local/lib/python3.8/site-packages/airflow/example_dags/plugins/event_listener.py
[2025-11-10T12:54:52.921+0000] {processor.py:842} WARNING - No viable dags retrieved from /home/airflow/.local/lib/python3.8/site-packages/airflow/example_dags/plugins/event_listener.py
[2025-11-10T12:54:52.949+0000] {processor.py:183} INFO - Processing /home/airflow/.local/lib/python3.8/site-packages/airflow/example_dags/plugins/event_listener.py took 0.043 seconds
[2025-11-10T12:55:24.004+0000] {processor.py:161} INFO - Started process (PID=35852) to work on /home/airflow/.local/lib/python3.8/site-packages/airflow/example_dags/plugins/event_listener.py
[2025-11-10T12:55:24.006+0000] {processor.py:830} INFO - Processing file /home/airflow/.local/lib/python3.8/site-packages/airflow/example_dags/plugins/event_listener.py for tasks to queue
[2025-11-10T12:55:24.008+0000] {logging_mixin.py:188} INFO - [2025-11-10T12:55:24.007+0000] {dagbag.py:538} INFO - Filling up the DagBag from /home/airflow/.local/lib/python3.8/site-packages/airflow/example_dags/plugins/event_listener.py
[2025-11-10T12:55:24.012+0000] {processor.py:842} WARNING - No viable dags retrieved from /home/airflow/.local/lib/python3.8/site-packages/airflow/example_dags/plugins/event_listener.py
[2025-11-10T12:55:24.036+0000] {processor.py:183} INFO - Processing /home/airflow/.local/lib/python3.8/site-packages/airflow/example_dags/plugins/event_listener.py took 0.037 seconds
[2025-11-10T12:55:54.435+0000] {processor.py:161} INFO - Started process (PID=35912) to work on /home/airflow/.local/lib/python3.8/site-packages/airflow/example_dags/plugins/event_listener.py
[2025-11-10T12:55:54.437+0000] {processor.py:830} INFO - Processing file /home/airflow/.local/lib/python3.8/site-packages/airflow/example_dags/plugins/event_listener.py for tasks to queue
[2025-11-10T12:55:54.438+0000] {logging_mixin.py:188} INFO - [2025-11-10T12:55:54.438+0000] {dagbag.py:538} INFO - Filling up the DagBag from /home/airflow/.local/lib/python3.8/site-packages/airflow/example_dags/plugins/event_listener.py
[2025-11-10T12:55:54.442+0000] {processor.py:842} WARNING - No viable dags retrieved from /home/airflow/.local/lib/python3.8/site-packages/airflow/example_dags/plugins/event_listener.py
[2025-11-10T12:55:54.460+0000] {processor.py:183} INFO - Processing /home/airflow/.local/lib/python3.8/site-packages/airflow/example_dags/plugins/event_listener.py took 0.029 seconds
[2025-11-10T12:56:25.078+0000] {processor.py:161} INFO - Started process (PID=35971) to work on /home/airflow/.local/lib/python3.8/site-packages/airflow/example_dags/plugins/event_listener.py
[2025-11-10T12:56:25.079+0000] {processor.py:830} INFO - Processing file /home/airflow/.local/lib/python3.8/site-packages/airflow/example_dags/plugins/event_listener.py for tasks to queue
[2025-11-10T12:56:25.081+0000] {logging_mixin.py:188} INFO - [2025-11-10T12:56:25.080+0000] {dagbag.py:538} INFO - Filling up the DagBag from /home/airflow/.local/lib/python3.8/site-packages/airflow/example_dags/plugins/event_listener.py
[2025-11-10T12:56:25.084+0000] {processor.py:842} WARNING - No viable dags retrieved from /home/airflow/.local/lib/python3.8/site-packages/airflow/example_dags/plugins/event_listener.py
[2025-11-10T12:56:25.115+0000] {processor.py:183} INFO - Processing /home/airflow/.local/lib/python3.8/site-packages/airflow/example_dags/plugins/event_listener.py took 0.042 seconds
[2025-11-10T12:56:55.878+0000] {processor.py:161} INFO - Started process (PID=36037) to work on /home/airflow/.local/lib/python3.8/site-packages/airflow/example_dags/plugins/event_listener.py
[2025-11-10T12:56:55.879+0000] {processor.py:830} INFO - Processing file /home/airflow/.local/lib/python3.8/site-packages/airflow/example_dags/plugins/event_listener.py for tasks to queue
[2025-11-10T12:56:55.881+0000] {logging_mixin.py:188} INFO - [2025-11-10T12:56:55.880+0000] {dagbag.py:538} INFO - Filling up the DagBag from /home/airflow/.local/lib/python3.8/site-packages/airflow/example_dags/plugins/event_listener.py
[2025-11-10T12:56:55.884+0000] {processor.py:842} WARNING - No viable dags retrieved from /home/airflow/.local/lib/python3.8/site-packages/airflow/example_dags/plugins/event_listener.py
[2025-11-10T12:56:55.903+0000] {processor.py:183} INFO - Processing /home/airflow/.local/lib/python3.8/site-packages/airflow/example_dags/plugins/event_listener.py took 0.031 seconds
[2025-11-10T12:57:26.186+0000] {processor.py:161} INFO - Started process (PID=36096) to work on /home/airflow/.local/lib/python3.8/site-packages/airflow/example_dags/plugins/event_listener.py
[2025-11-10T12:57:26.187+0000] {processor.py:830} INFO - Processing file /home/airflow/.local/lib/python3.8/site-packages/airflow/example_dags/plugins/event_listener.py for tasks to queue
[2025-11-10T12:57:26.189+0000] {logging_mixin.py:188} INFO - [2025-11-10T12:57:26.189+0000] {dagbag.py:538} INFO - Filling up the DagBag from /home/airflow/.local/lib/python3.8/site-packages/airflow/example_dags/plugins/event_listener.py
[2025-11-10T12:57:26.193+0000] {processor.py:842} WARNING - No viable dags retrieved from /home/airflow/.local/lib/python3.8/site-packages/airflow/example_dags/plugins/event_listener.py
[2025-11-10T12:57:26.214+0000] {processor.py:183} INFO - Processing /home/airflow/.local/lib/python3.8/site-packages/airflow/example_dags/plugins/event_listener.py took 0.033 seconds
[2025-11-10T12:57:56.466+0000] {processor.py:161} INFO - Started process (PID=36155) to work on /home/airflow/.local/lib/python3.8/site-packages/airflow/example_dags/plugins/event_listener.py
[2025-11-10T12:57:56.468+0000] {processor.py:830} INFO - Processing file /home/airflow/.local/lib/python3.8/site-packages/airflow/example_dags/plugins/event_listener.py for tasks to queue
[2025-11-10T12:57:56.469+0000] {logging_mixin.py:188} INFO - [2025-11-10T12:57:56.469+0000] {dagbag.py:538} INFO - Filling up the DagBag from /home/airflow/.local/lib/python3.8/site-packages/airflow/example_dags/plugins/event_listener.py
[2025-11-10T12:57:56.473+0000] {processor.py:842} WARNING - No viable dags retrieved from /home/airflow/.local/lib/python3.8/site-packages/airflow/example_dags/plugins/event_listener.py
[2025-11-10T12:57:56.492+0000] {processor.py:183} INFO - Processing /home/airflow/.local/lib/python3.8/site-packages/airflow/example_dags/plugins/event_listener.py took 0.030 seconds
[2025-11-10T12:58:27.482+0000] {processor.py:161} INFO - Started process (PID=36214) to work on /home/airflow/.local/lib/python3.8/site-packages/airflow/example_dags/plugins/event_listener.py
[2025-11-10T12:58:27.484+0000] {processor.py:830} INFO - Processing file /home/airflow/.local/lib/python3.8/site-packages/airflow/example_dags/plugins/event_listener.py for tasks to queue
[2025-11-10T12:58:27.486+0000] {logging_mixin.py:188} INFO - [2025-11-10T12:58:27.486+0000] {dagbag.py:538} INFO - Filling up the DagBag from /home/airflow/.local/lib/python3.8/site-packages/airflow/example_dags/plugins/event_listener.py
[2025-11-10T12:58:27.490+0000] {processor.py:842} WARNING - No viable dags retrieved from /home/airflow/.local/lib/python3.8/site-packages/airflow/example_dags/plugins/event_listener.py
[2025-11-10T12:58:27.513+0000] {processor.py:183} INFO - Processing /home/airflow/.local/lib/python3.8/site-packages/airflow/example_dags/plugins/event_listener.py took 0.037 seconds
[2025-11-10T12:58:58.004+0000] {processor.py:161} INFO - Started process (PID=36273) to work on /home/airflow/.local/lib/python3.8/site-packages/airflow/example_dags/plugins/event_listener.py
[2025-11-10T12:58:58.005+0000] {processor.py:830} INFO - Processing file /home/airflow/.local/lib/python3.8/site-packages/airflow/example_dags/plugins/event_listener.py for tasks to queue
[2025-11-10T12:58:58.007+0000] {logging_mixin.py:188} INFO - [2025-11-10T12:58:58.007+0000] {dagbag.py:538} INFO - Filling up the DagBag from /home/airflow/.local/lib/python3.8/site-packages/airflow/example_dags/plugins/event_listener.py
[2025-11-10T12:58:58.011+0000] {processor.py:842} WARNING - No viable dags retrieved from /home/airflow/.local/lib/python3.8/site-packages/airflow/example_dags/plugins/event_listener.py
[2025-11-10T12:58:58.032+0000] {processor.py:183} INFO - Processing /home/airflow/.local/lib/python3.8/site-packages/airflow/example_dags/plugins/event_listener.py took 0.034 seconds
[2025-11-10T12:59:28.933+0000] {processor.py:161} INFO - Started process (PID=36332) to work on /home/airflow/.local/lib/python3.8/site-packages/airflow/example_dags/plugins/event_listener.py
[2025-11-10T12:59:28.934+0000] {processor.py:830} INFO - Processing file /home/airflow/.local/lib/python3.8/site-packages/airflow/example_dags/plugins/event_listener.py for tasks to queue
[2025-11-10T12:59:28.936+0000] {logging_mixin.py:188} INFO - [2025-11-10T12:59:28.936+0000] {dagbag.py:538} INFO - Filling up the DagBag from /home/airflow/.local/lib/python3.8/site-packages/airflow/example_dags/plugins/event_listener.py
[2025-11-10T12:59:28.940+0000] {processor.py:842} WARNING - No viable dags retrieved from /home/airflow/.local/lib/python3.8/site-packages/airflow/example_dags/plugins/event_listener.py
[2025-11-10T12:59:28.958+0000] {processor.py:183} INFO - Processing /home/airflow/.local/lib/python3.8/site-packages/airflow/example_dags/plugins/event_listener.py took 0.031 seconds
[2025-11-10T12:59:59.321+0000] {processor.py:161} INFO - Started process (PID=36391) to work on /home/airflow/.local/lib/python3.8/site-packages/airflow/example_dags/plugins/event_listener.py
[2025-11-10T12:59:59.322+0000] {processor.py:830} INFO - Processing file /home/airflow/.local/lib/python3.8/site-packages/airflow/example_dags/plugins/event_listener.py for tasks to queue
[2025-11-10T12:59:59.324+0000] {logging_mixin.py:188} INFO - [2025-11-10T12:59:59.324+0000] {dagbag.py:538} INFO - Filling up the DagBag from /home/airflow/.local/lib/python3.8/site-packages/airflow/example_dags/plugins/event_listener.py
[2025-11-10T12:59:59.328+0000] {processor.py:842} WARNING - No viable dags retrieved from /home/airflow/.local/lib/python3.8/site-packages/airflow/example_dags/plugins/event_listener.py
[2025-11-10T12:59:59.350+0000] {processor.py:183} INFO - Processing /home/airflow/.local/lib/python3.8/site-packages/airflow/example_dags/plugins/event_listener.py took 0.035 seconds
[2025-11-10T13:00:29.681+0000] {processor.py:161} INFO - Started process (PID=36451) to work on /home/airflow/.local/lib/python3.8/site-packages/airflow/example_dags/plugins/event_listener.py
[2025-11-10T13:00:29.682+0000] {processor.py:830} INFO - Processing file /home/airflow/.local/lib/python3.8/site-packages/airflow/example_dags/plugins/event_listener.py for tasks to queue
[2025-11-10T13:00:29.685+0000] {logging_mixin.py:188} INFO - [2025-11-10T13:00:29.684+0000] {dagbag.py:538} INFO - Filling up the DagBag from /home/airflow/.local/lib/python3.8/site-packages/airflow/example_dags/plugins/event_listener.py
[2025-11-10T13:00:29.689+0000] {processor.py:842} WARNING - No viable dags retrieved from /home/airflow/.local/lib/python3.8/site-packages/airflow/example_dags/plugins/event_listener.py
[2025-11-10T13:00:29.715+0000] {processor.py:183} INFO - Processing /home/airflow/.local/lib/python3.8/site-packages/airflow/example_dags/plugins/event_listener.py took 0.040 seconds
[2025-11-10T13:01:00.271+0000] {processor.py:161} INFO - Started process (PID=36511) to work on /home/airflow/.local/lib/python3.8/site-packages/airflow/example_dags/plugins/event_listener.py
[2025-11-10T13:01:00.273+0000] {processor.py:830} INFO - Processing file /home/airflow/.local/lib/python3.8/site-packages/airflow/example_dags/plugins/event_listener.py for tasks to queue
[2025-11-10T13:01:00.275+0000] {logging_mixin.py:188} INFO - [2025-11-10T13:01:00.274+0000] {dagbag.py:538} INFO - Filling up the DagBag from /home/airflow/.local/lib/python3.8/site-packages/airflow/example_dags/plugins/event_listener.py
[2025-11-10T13:01:00.279+0000] {processor.py:842} WARNING - No viable dags retrieved from /home/airflow/.local/lib/python3.8/site-packages/airflow/example_dags/plugins/event_listener.py
[2025-11-10T13:01:00.302+0000] {processor.py:183} INFO - Processing /home/airflow/.local/lib/python3.8/site-packages/airflow/example_dags/plugins/event_listener.py took 0.037 seconds
[2025-11-10T13:01:30.789+0000] {processor.py:161} INFO - Started process (PID=36570) to work on /home/airflow/.local/lib/python3.8/site-packages/airflow/example_dags/plugins/event_listener.py
[2025-11-10T13:01:30.791+0000] {processor.py:830} INFO - Processing file /home/airflow/.local/lib/python3.8/site-packages/airflow/example_dags/plugins/event_listener.py for tasks to queue
[2025-11-10T13:01:30.793+0000] {logging_mixin.py:188} INFO - [2025-11-10T13:01:30.793+0000] {dagbag.py:538} INFO - Filling up the DagBag from /home/airflow/.local/lib/python3.8/site-packages/airflow/example_dags/plugins/event_listener.py
[2025-11-10T13:01:30.799+0000] {processor.py:842} WARNING - No viable dags retrieved from /home/airflow/.local/lib/python3.8/site-packages/airflow/example_dags/plugins/event_listener.py
[2025-11-10T13:01:30.821+0000] {processor.py:183} INFO - Processing /home/airflow/.local/lib/python3.8/site-packages/airflow/example_dags/plugins/event_listener.py took 0.039 seconds
[2025-11-10T13:02:01.333+0000] {processor.py:161} INFO - Started process (PID=36629) to work on /home/airflow/.local/lib/python3.8/site-packages/airflow/example_dags/plugins/event_listener.py
[2025-11-10T13:02:01.334+0000] {processor.py:830} INFO - Processing file /home/airflow/.local/lib/python3.8/site-packages/airflow/example_dags/plugins/event_listener.py for tasks to queue
[2025-11-10T13:02:01.336+0000] {logging_mixin.py:188} INFO - [2025-11-10T13:02:01.335+0000] {dagbag.py:538} INFO - Filling up the DagBag from /home/airflow/.local/lib/python3.8/site-packages/airflow/example_dags/plugins/event_listener.py
[2025-11-10T13:02:01.339+0000] {processor.py:842} WARNING - No viable dags retrieved from /home/airflow/.local/lib/python3.8/site-packages/airflow/example_dags/plugins/event_listener.py
[2025-11-10T13:02:01.357+0000] {processor.py:183} INFO - Processing /home/airflow/.local/lib/python3.8/site-packages/airflow/example_dags/plugins/event_listener.py took 0.029 seconds
[2025-11-10T13:02:31.784+0000] {processor.py:161} INFO - Started process (PID=36688) to work on /home/airflow/.local/lib/python3.8/site-packages/airflow/example_dags/plugins/event_listener.py
[2025-11-10T13:02:31.785+0000] {processor.py:830} INFO - Processing file /home/airflow/.local/lib/python3.8/site-packages/airflow/example_dags/plugins/event_listener.py for tasks to queue
[2025-11-10T13:02:31.786+0000] {logging_mixin.py:188} INFO - [2025-11-10T13:02:31.786+0000] {dagbag.py:538} INFO - Filling up the DagBag from /home/airflow/.local/lib/python3.8/site-packages/airflow/example_dags/plugins/event_listener.py
[2025-11-10T13:02:31.790+0000] {processor.py:842} WARNING - No viable dags retrieved from /home/airflow/.local/lib/python3.8/site-packages/airflow/example_dags/plugins/event_listener.py
[2025-11-10T13:02:31.807+0000] {processor.py:183} INFO - Processing /home/airflow/.local/lib/python3.8/site-packages/airflow/example_dags/plugins/event_listener.py took 0.028 seconds
[2025-11-10T13:03:02.667+0000] {processor.py:161} INFO - Started process (PID=36747) to work on /home/airflow/.local/lib/python3.8/site-packages/airflow/example_dags/plugins/event_listener.py
[2025-11-10T13:03:02.670+0000] {processor.py:830} INFO - Processing file /home/airflow/.local/lib/python3.8/site-packages/airflow/example_dags/plugins/event_listener.py for tasks to queue
[2025-11-10T13:03:02.674+0000] {logging_mixin.py:188} INFO - [2025-11-10T13:03:02.673+0000] {dagbag.py:538} INFO - Filling up the DagBag from /home/airflow/.local/lib/python3.8/site-packages/airflow/example_dags/plugins/event_listener.py
[2025-11-10T13:03:02.680+0000] {processor.py:842} WARNING - No viable dags retrieved from /home/airflow/.local/lib/python3.8/site-packages/airflow/example_dags/plugins/event_listener.py
[2025-11-10T13:03:02.714+0000] {processor.py:183} INFO - Processing /home/airflow/.local/lib/python3.8/site-packages/airflow/example_dags/plugins/event_listener.py took 0.056 seconds
[2025-11-10T13:03:33.164+0000] {processor.py:161} INFO - Started process (PID=36807) to work on /home/airflow/.local/lib/python3.8/site-packages/airflow/example_dags/plugins/event_listener.py
[2025-11-10T13:03:33.166+0000] {processor.py:830} INFO - Processing file /home/airflow/.local/lib/python3.8/site-packages/airflow/example_dags/plugins/event_listener.py for tasks to queue
[2025-11-10T13:03:33.168+0000] {logging_mixin.py:188} INFO - [2025-11-10T13:03:33.167+0000] {dagbag.py:538} INFO - Filling up the DagBag from /home/airflow/.local/lib/python3.8/site-packages/airflow/example_dags/plugins/event_listener.py
[2025-11-10T13:03:33.172+0000] {processor.py:842} WARNING - No viable dags retrieved from /home/airflow/.local/lib/python3.8/site-packages/airflow/example_dags/plugins/event_listener.py
[2025-11-10T13:03:33.197+0000] {processor.py:183} INFO - Processing /home/airflow/.local/lib/python3.8/site-packages/airflow/example_dags/plugins/event_listener.py took 0.039 seconds
[2025-11-10T13:04:03.486+0000] {processor.py:161} INFO - Started process (PID=36866) to work on /home/airflow/.local/lib/python3.8/site-packages/airflow/example_dags/plugins/event_listener.py
[2025-11-10T13:04:03.488+0000] {processor.py:830} INFO - Processing file /home/airflow/.local/lib/python3.8/site-packages/airflow/example_dags/plugins/event_listener.py for tasks to queue
[2025-11-10T13:04:03.489+0000] {logging_mixin.py:188} INFO - [2025-11-10T13:04:03.489+0000] {dagbag.py:538} INFO - Filling up the DagBag from /home/airflow/.local/lib/python3.8/site-packages/airflow/example_dags/plugins/event_listener.py
[2025-11-10T13:04:03.493+0000] {processor.py:842} WARNING - No viable dags retrieved from /home/airflow/.local/lib/python3.8/site-packages/airflow/example_dags/plugins/event_listener.py
[2025-11-10T13:04:03.514+0000] {processor.py:183} INFO - Processing /home/airflow/.local/lib/python3.8/site-packages/airflow/example_dags/plugins/event_listener.py took 0.033 seconds
[2025-11-10T13:04:34.038+0000] {processor.py:161} INFO - Started process (PID=36925) to work on /home/airflow/.local/lib/python3.8/site-packages/airflow/example_dags/plugins/event_listener.py
[2025-11-10T13:04:34.040+0000] {processor.py:830} INFO - Processing file /home/airflow/.local/lib/python3.8/site-packages/airflow/example_dags/plugins/event_listener.py for tasks to queue
[2025-11-10T13:04:34.041+0000] {logging_mixin.py:188} INFO - [2025-11-10T13:04:34.041+0000] {dagbag.py:538} INFO - Filling up the DagBag from /home/airflow/.local/lib/python3.8/site-packages/airflow/example_dags/plugins/event_listener.py
[2025-11-10T13:04:34.045+0000] {processor.py:842} WARNING - No viable dags retrieved from /home/airflow/.local/lib/python3.8/site-packages/airflow/example_dags/plugins/event_listener.py
[2025-11-10T13:04:34.064+0000] {processor.py:183} INFO - Processing /home/airflow/.local/lib/python3.8/site-packages/airflow/example_dags/plugins/event_listener.py took 0.031 seconds
[2025-11-10T13:05:04.614+0000] {processor.py:161} INFO - Started process (PID=36984) to work on /home/airflow/.local/lib/python3.8/site-packages/airflow/example_dags/plugins/event_listener.py
[2025-11-10T13:05:04.615+0000] {processor.py:830} INFO - Processing file /home/airflow/.local/lib/python3.8/site-packages/airflow/example_dags/plugins/event_listener.py for tasks to queue
[2025-11-10T13:05:04.617+0000] {logging_mixin.py:188} INFO - [2025-11-10T13:05:04.616+0000] {dagbag.py:538} INFO - Filling up the DagBag from /home/airflow/.local/lib/python3.8/site-packages/airflow/example_dags/plugins/event_listener.py
[2025-11-10T13:05:04.620+0000] {processor.py:842} WARNING - No viable dags retrieved from /home/airflow/.local/lib/python3.8/site-packages/airflow/example_dags/plugins/event_listener.py
[2025-11-10T13:05:04.639+0000] {processor.py:183} INFO - Processing /home/airflow/.local/lib/python3.8/site-packages/airflow/example_dags/plugins/event_listener.py took 0.029 seconds
[2025-11-10T13:05:35.210+0000] {processor.py:161} INFO - Started process (PID=37044) to work on /home/airflow/.local/lib/python3.8/site-packages/airflow/example_dags/plugins/event_listener.py
[2025-11-10T13:05:35.211+0000] {processor.py:830} INFO - Processing file /home/airflow/.local/lib/python3.8/site-packages/airflow/example_dags/plugins/event_listener.py for tasks to queue
[2025-11-10T13:05:35.213+0000] {logging_mixin.py:188} INFO - [2025-11-10T13:05:35.212+0000] {dagbag.py:538} INFO - Filling up the DagBag from /home/airflow/.local/lib/python3.8/site-packages/airflow/example_dags/plugins/event_listener.py
[2025-11-10T13:05:35.216+0000] {processor.py:842} WARNING - No viable dags retrieved from /home/airflow/.local/lib/python3.8/site-packages/airflow/example_dags/plugins/event_listener.py
[2025-11-10T13:05:35.236+0000] {processor.py:183} INFO - Processing /home/airflow/.local/lib/python3.8/site-packages/airflow/example_dags/plugins/event_listener.py took 0.030 seconds
[2025-11-10T13:06:05.467+0000] {processor.py:161} INFO - Started process (PID=37103) to work on /home/airflow/.local/lib/python3.8/site-packages/airflow/example_dags/plugins/event_listener.py
[2025-11-10T13:06:05.469+0000] {processor.py:830} INFO - Processing file /home/airflow/.local/lib/python3.8/site-packages/airflow/example_dags/plugins/event_listener.py for tasks to queue
[2025-11-10T13:06:05.470+0000] {logging_mixin.py:188} INFO - [2025-11-10T13:06:05.470+0000] {dagbag.py:538} INFO - Filling up the DagBag from /home/airflow/.local/lib/python3.8/site-packages/airflow/example_dags/plugins/event_listener.py
[2025-11-10T13:06:05.475+0000] {processor.py:842} WARNING - No viable dags retrieved from /home/airflow/.local/lib/python3.8/site-packages/airflow/example_dags/plugins/event_listener.py
[2025-11-10T13:06:05.499+0000] {processor.py:183} INFO - Processing /home/airflow/.local/lib/python3.8/site-packages/airflow/example_dags/plugins/event_listener.py took 0.037 seconds
[2025-11-10T13:06:36.224+0000] {processor.py:161} INFO - Started process (PID=37162) to work on /home/airflow/.local/lib/python3.8/site-packages/airflow/example_dags/plugins/event_listener.py
[2025-11-10T13:06:36.226+0000] {processor.py:830} INFO - Processing file /home/airflow/.local/lib/python3.8/site-packages/airflow/example_dags/plugins/event_listener.py for tasks to queue
[2025-11-10T13:06:36.227+0000] {logging_mixin.py:188} INFO - [2025-11-10T13:06:36.227+0000] {dagbag.py:538} INFO - Filling up the DagBag from /home/airflow/.local/lib/python3.8/site-packages/airflow/example_dags/plugins/event_listener.py
[2025-11-10T13:06:36.231+0000] {processor.py:842} WARNING - No viable dags retrieved from /home/airflow/.local/lib/python3.8/site-packages/airflow/example_dags/plugins/event_listener.py
[2025-11-10T13:06:36.253+0000] {processor.py:183} INFO - Processing /home/airflow/.local/lib/python3.8/site-packages/airflow/example_dags/plugins/event_listener.py took 0.035 seconds
[2025-11-10T13:07:07.008+0000] {processor.py:161} INFO - Started process (PID=37221) to work on /home/airflow/.local/lib/python3.8/site-packages/airflow/example_dags/plugins/event_listener.py
[2025-11-10T13:07:07.010+0000] {processor.py:830} INFO - Processing file /home/airflow/.local/lib/python3.8/site-packages/airflow/example_dags/plugins/event_listener.py for tasks to queue
[2025-11-10T13:07:07.012+0000] {logging_mixin.py:188} INFO - [2025-11-10T13:07:07.011+0000] {dagbag.py:538} INFO - Filling up the DagBag from /home/airflow/.local/lib/python3.8/site-packages/airflow/example_dags/plugins/event_listener.py
[2025-11-10T13:07:07.017+0000] {processor.py:842} WARNING - No viable dags retrieved from /home/airflow/.local/lib/python3.8/site-packages/airflow/example_dags/plugins/event_listener.py
[2025-11-10T13:07:07.041+0000] {processor.py:183} INFO - Processing /home/airflow/.local/lib/python3.8/site-packages/airflow/example_dags/plugins/event_listener.py took 0.039 seconds
[2025-11-10T13:07:37.839+0000] {processor.py:161} INFO - Started process (PID=37278) to work on /home/airflow/.local/lib/python3.8/site-packages/airflow/example_dags/plugins/event_listener.py
[2025-11-10T13:07:37.841+0000] {processor.py:830} INFO - Processing file /home/airflow/.local/lib/python3.8/site-packages/airflow/example_dags/plugins/event_listener.py for tasks to queue
[2025-11-10T13:07:37.842+0000] {logging_mixin.py:188} INFO - [2025-11-10T13:07:37.842+0000] {dagbag.py:538} INFO - Filling up the DagBag from /home/airflow/.local/lib/python3.8/site-packages/airflow/example_dags/plugins/event_listener.py
[2025-11-10T13:07:37.846+0000] {processor.py:842} WARNING - No viable dags retrieved from /home/airflow/.local/lib/python3.8/site-packages/airflow/example_dags/plugins/event_listener.py
[2025-11-10T13:07:37.872+0000] {processor.py:183} INFO - Processing /home/airflow/.local/lib/python3.8/site-packages/airflow/example_dags/plugins/event_listener.py took 0.038 seconds
[2025-11-10T13:08:08.305+0000] {processor.py:161} INFO - Started process (PID=37338) to work on /home/airflow/.local/lib/python3.8/site-packages/airflow/example_dags/plugins/event_listener.py
[2025-11-10T13:08:08.307+0000] {processor.py:830} INFO - Processing file /home/airflow/.local/lib/python3.8/site-packages/airflow/example_dags/plugins/event_listener.py for tasks to queue
[2025-11-10T13:08:08.309+0000] {logging_mixin.py:188} INFO - [2025-11-10T13:08:08.308+0000] {dagbag.py:538} INFO - Filling up the DagBag from /home/airflow/.local/lib/python3.8/site-packages/airflow/example_dags/plugins/event_listener.py
[2025-11-10T13:08:08.312+0000] {processor.py:842} WARNING - No viable dags retrieved from /home/airflow/.local/lib/python3.8/site-packages/airflow/example_dags/plugins/event_listener.py
[2025-11-10T13:08:08.330+0000] {processor.py:183} INFO - Processing /home/airflow/.local/lib/python3.8/site-packages/airflow/example_dags/plugins/event_listener.py took 0.028 seconds
[2025-11-10T13:08:38.626+0000] {processor.py:161} INFO - Started process (PID=37397) to work on /home/airflow/.local/lib/python3.8/site-packages/airflow/example_dags/plugins/event_listener.py
[2025-11-10T13:08:38.628+0000] {processor.py:830} INFO - Processing file /home/airflow/.local/lib/python3.8/site-packages/airflow/example_dags/plugins/event_listener.py for tasks to queue
[2025-11-10T13:08:38.631+0000] {logging_mixin.py:188} INFO - [2025-11-10T13:08:38.630+0000] {dagbag.py:538} INFO - Filling up the DagBag from /home/airflow/.local/lib/python3.8/site-packages/airflow/example_dags/plugins/event_listener.py
[2025-11-10T13:08:38.636+0000] {processor.py:842} WARNING - No viable dags retrieved from /home/airflow/.local/lib/python3.8/site-packages/airflow/example_dags/plugins/event_listener.py
[2025-11-10T13:08:38.660+0000] {processor.py:183} INFO - Processing /home/airflow/.local/lib/python3.8/site-packages/airflow/example_dags/plugins/event_listener.py took 0.042 seconds
[2025-11-10T13:09:09.461+0000] {processor.py:161} INFO - Started process (PID=37456) to work on /home/airflow/.local/lib/python3.8/site-packages/airflow/example_dags/plugins/event_listener.py
[2025-11-10T13:09:09.463+0000] {processor.py:830} INFO - Processing file /home/airflow/.local/lib/python3.8/site-packages/airflow/example_dags/plugins/event_listener.py for tasks to queue
[2025-11-10T13:09:09.465+0000] {logging_mixin.py:188} INFO - [2025-11-10T13:09:09.464+0000] {dagbag.py:538} INFO - Filling up the DagBag from /home/airflow/.local/lib/python3.8/site-packages/airflow/example_dags/plugins/event_listener.py
[2025-11-10T13:09:09.469+0000] {processor.py:842} WARNING - No viable dags retrieved from /home/airflow/.local/lib/python3.8/site-packages/airflow/example_dags/plugins/event_listener.py
[2025-11-10T13:09:09.492+0000] {processor.py:183} INFO - Processing /home/airflow/.local/lib/python3.8/site-packages/airflow/example_dags/plugins/event_listener.py took 0.037 seconds
[2025-11-10T13:09:40.280+0000] {processor.py:161} INFO - Started process (PID=37516) to work on /home/airflow/.local/lib/python3.8/site-packages/airflow/example_dags/plugins/event_listener.py
[2025-11-10T13:09:40.281+0000] {processor.py:830} INFO - Processing file /home/airflow/.local/lib/python3.8/site-packages/airflow/example_dags/plugins/event_listener.py for tasks to queue
[2025-11-10T13:09:40.283+0000] {logging_mixin.py:188} INFO - [2025-11-10T13:09:40.282+0000] {dagbag.py:538} INFO - Filling up the DagBag from /home/airflow/.local/lib/python3.8/site-packages/airflow/example_dags/plugins/event_listener.py
[2025-11-10T13:09:40.286+0000] {processor.py:842} WARNING - No viable dags retrieved from /home/airflow/.local/lib/python3.8/site-packages/airflow/example_dags/plugins/event_listener.py
[2025-11-10T13:09:40.305+0000] {processor.py:183} INFO - Processing /home/airflow/.local/lib/python3.8/site-packages/airflow/example_dags/plugins/event_listener.py took 0.029 seconds
[2025-11-10T13:10:10.518+0000] {processor.py:161} INFO - Started process (PID=37575) to work on /home/airflow/.local/lib/python3.8/site-packages/airflow/example_dags/plugins/event_listener.py
[2025-11-10T13:10:10.519+0000] {processor.py:830} INFO - Processing file /home/airflow/.local/lib/python3.8/site-packages/airflow/example_dags/plugins/event_listener.py for tasks to queue
[2025-11-10T13:10:10.521+0000] {logging_mixin.py:188} INFO - [2025-11-10T13:10:10.520+0000] {dagbag.py:538} INFO - Filling up the DagBag from /home/airflow/.local/lib/python3.8/site-packages/airflow/example_dags/plugins/event_listener.py
[2025-11-10T13:10:10.525+0000] {processor.py:842} WARNING - No viable dags retrieved from /home/airflow/.local/lib/python3.8/site-packages/airflow/example_dags/plugins/event_listener.py
[2025-11-10T13:10:10.546+0000] {processor.py:183} INFO - Processing /home/airflow/.local/lib/python3.8/site-packages/airflow/example_dags/plugins/event_listener.py took 0.033 seconds
[2025-11-10T13:10:41.170+0000] {processor.py:161} INFO - Started process (PID=37634) to work on /home/airflow/.local/lib/python3.8/site-packages/airflow/example_dags/plugins/event_listener.py
[2025-11-10T13:10:41.172+0000] {processor.py:830} INFO - Processing file /home/airflow/.local/lib/python3.8/site-packages/airflow/example_dags/plugins/event_listener.py for tasks to queue
[2025-11-10T13:10:41.173+0000] {logging_mixin.py:188} INFO - [2025-11-10T13:10:41.173+0000] {dagbag.py:538} INFO - Filling up the DagBag from /home/airflow/.local/lib/python3.8/site-packages/airflow/example_dags/plugins/event_listener.py
[2025-11-10T13:10:41.176+0000] {processor.py:842} WARNING - No viable dags retrieved from /home/airflow/.local/lib/python3.8/site-packages/airflow/example_dags/plugins/event_listener.py
[2025-11-10T13:10:41.197+0000] {processor.py:183} INFO - Processing /home/airflow/.local/lib/python3.8/site-packages/airflow/example_dags/plugins/event_listener.py took 0.031 seconds
[2025-11-10T13:11:11.575+0000] {processor.py:161} INFO - Started process (PID=37693) to work on /home/airflow/.local/lib/python3.8/site-packages/airflow/example_dags/plugins/event_listener.py
[2025-11-10T13:11:11.577+0000] {processor.py:830} INFO - Processing file /home/airflow/.local/lib/python3.8/site-packages/airflow/example_dags/plugins/event_listener.py for tasks to queue
[2025-11-10T13:11:11.579+0000] {logging_mixin.py:188} INFO - [2025-11-10T13:11:11.579+0000] {dagbag.py:538} INFO - Filling up the DagBag from /home/airflow/.local/lib/python3.8/site-packages/airflow/example_dags/plugins/event_listener.py
[2025-11-10T13:11:11.585+0000] {processor.py:842} WARNING - No viable dags retrieved from /home/airflow/.local/lib/python3.8/site-packages/airflow/example_dags/plugins/event_listener.py
[2025-11-10T13:11:11.604+0000] {processor.py:183} INFO - Processing /home/airflow/.local/lib/python3.8/site-packages/airflow/example_dags/plugins/event_listener.py took 0.033 seconds
[2025-11-10T13:11:42.097+0000] {processor.py:161} INFO - Started process (PID=37753) to work on /home/airflow/.local/lib/python3.8/site-packages/airflow/example_dags/plugins/event_listener.py
[2025-11-10T13:11:42.099+0000] {processor.py:830} INFO - Processing file /home/airflow/.local/lib/python3.8/site-packages/airflow/example_dags/plugins/event_listener.py for tasks to queue
[2025-11-10T13:11:42.100+0000] {logging_mixin.py:188} INFO - [2025-11-10T13:11:42.100+0000] {dagbag.py:538} INFO - Filling up the DagBag from /home/airflow/.local/lib/python3.8/site-packages/airflow/example_dags/plugins/event_listener.py
[2025-11-10T13:11:42.104+0000] {processor.py:842} WARNING - No viable dags retrieved from /home/airflow/.local/lib/python3.8/site-packages/airflow/example_dags/plugins/event_listener.py
[2025-11-10T13:11:42.129+0000] {processor.py:183} INFO - Processing /home/airflow/.local/lib/python3.8/site-packages/airflow/example_dags/plugins/event_listener.py took 0.039 seconds
[2025-11-10T13:12:12.684+0000] {processor.py:161} INFO - Started process (PID=37812) to work on /home/airflow/.local/lib/python3.8/site-packages/airflow/example_dags/plugins/event_listener.py
[2025-11-10T13:12:12.686+0000] {processor.py:830} INFO - Processing file /home/airflow/.local/lib/python3.8/site-packages/airflow/example_dags/plugins/event_listener.py for tasks to queue
[2025-11-10T13:12:12.687+0000] {logging_mixin.py:188} INFO - [2025-11-10T13:12:12.687+0000] {dagbag.py:538} INFO - Filling up the DagBag from /home/airflow/.local/lib/python3.8/site-packages/airflow/example_dags/plugins/event_listener.py
[2025-11-10T13:12:12.690+0000] {processor.py:842} WARNING - No viable dags retrieved from /home/airflow/.local/lib/python3.8/site-packages/airflow/example_dags/plugins/event_listener.py
[2025-11-10T13:12:12.708+0000] {processor.py:183} INFO - Processing /home/airflow/.local/lib/python3.8/site-packages/airflow/example_dags/plugins/event_listener.py took 0.028 seconds
[2025-11-10T13:12:43.488+0000] {processor.py:161} INFO - Started process (PID=37871) to work on /home/airflow/.local/lib/python3.8/site-packages/airflow/example_dags/plugins/event_listener.py
[2025-11-10T13:12:43.490+0000] {processor.py:830} INFO - Processing file /home/airflow/.local/lib/python3.8/site-packages/airflow/example_dags/plugins/event_listener.py for tasks to queue
[2025-11-10T13:12:43.494+0000] {logging_mixin.py:188} INFO - [2025-11-10T13:12:43.493+0000] {dagbag.py:538} INFO - Filling up the DagBag from /home/airflow/.local/lib/python3.8/site-packages/airflow/example_dags/plugins/event_listener.py
[2025-11-10T13:12:43.500+0000] {processor.py:842} WARNING - No viable dags retrieved from /home/airflow/.local/lib/python3.8/site-packages/airflow/example_dags/plugins/event_listener.py
[2025-11-10T13:12:43.539+0000] {processor.py:183} INFO - Processing /home/airflow/.local/lib/python3.8/site-packages/airflow/example_dags/plugins/event_listener.py took 0.060 seconds
[2025-11-10T13:13:14.067+0000] {processor.py:161} INFO - Started process (PID=37930) to work on /home/airflow/.local/lib/python3.8/site-packages/airflow/example_dags/plugins/event_listener.py
[2025-11-10T13:13:14.069+0000] {processor.py:830} INFO - Processing file /home/airflow/.local/lib/python3.8/site-packages/airflow/example_dags/plugins/event_listener.py for tasks to queue
[2025-11-10T13:13:14.071+0000] {logging_mixin.py:188} INFO - [2025-11-10T13:13:14.070+0000] {dagbag.py:538} INFO - Filling up the DagBag from /home/airflow/.local/lib/python3.8/site-packages/airflow/example_dags/plugins/event_listener.py
[2025-11-10T13:13:14.074+0000] {processor.py:842} WARNING - No viable dags retrieved from /home/airflow/.local/lib/python3.8/site-packages/airflow/example_dags/plugins/event_listener.py
[2025-11-10T13:13:14.097+0000] {processor.py:183} INFO - Processing /home/airflow/.local/lib/python3.8/site-packages/airflow/example_dags/plugins/event_listener.py took 0.036 seconds
[2025-11-10T13:13:44.516+0000] {processor.py:161} INFO - Started process (PID=37990) to work on /home/airflow/.local/lib/python3.8/site-packages/airflow/example_dags/plugins/event_listener.py
[2025-11-10T13:13:44.518+0000] {processor.py:830} INFO - Processing file /home/airflow/.local/lib/python3.8/site-packages/airflow/example_dags/plugins/event_listener.py for tasks to queue
[2025-11-10T13:13:44.521+0000] {logging_mixin.py:188} INFO - [2025-11-10T13:13:44.520+0000] {dagbag.py:538} INFO - Filling up the DagBag from /home/airflow/.local/lib/python3.8/site-packages/airflow/example_dags/plugins/event_listener.py
[2025-11-10T13:13:44.526+0000] {processor.py:842} WARNING - No viable dags retrieved from /home/airflow/.local/lib/python3.8/site-packages/airflow/example_dags/plugins/event_listener.py
[2025-11-10T13:13:44.554+0000] {processor.py:183} INFO - Processing /home/airflow/.local/lib/python3.8/site-packages/airflow/example_dags/plugins/event_listener.py took 0.047 seconds
[2025-11-10T13:14:14.852+0000] {processor.py:161} INFO - Started process (PID=38049) to work on /home/airflow/.local/lib/python3.8/site-packages/airflow/example_dags/plugins/event_listener.py
[2025-11-10T13:14:14.854+0000] {processor.py:830} INFO - Processing file /home/airflow/.local/lib/python3.8/site-packages/airflow/example_dags/plugins/event_listener.py for tasks to queue
[2025-11-10T13:14:14.856+0000] {logging_mixin.py:188} INFO - [2025-11-10T13:14:14.855+0000] {dagbag.py:538} INFO - Filling up the DagBag from /home/airflow/.local/lib/python3.8/site-packages/airflow/example_dags/plugins/event_listener.py
[2025-11-10T13:14:14.860+0000] {processor.py:842} WARNING - No viable dags retrieved from /home/airflow/.local/lib/python3.8/site-packages/airflow/example_dags/plugins/event_listener.py
[2025-11-10T13:14:14.888+0000] {processor.py:183} INFO - Processing /home/airflow/.local/lib/python3.8/site-packages/airflow/example_dags/plugins/event_listener.py took 0.042 seconds
[2025-11-10T13:14:45.501+0000] {processor.py:161} INFO - Started process (PID=38108) to work on /home/airflow/.local/lib/python3.8/site-packages/airflow/example_dags/plugins/event_listener.py
[2025-11-10T13:14:45.502+0000] {processor.py:830} INFO - Processing file /home/airflow/.local/lib/python3.8/site-packages/airflow/example_dags/plugins/event_listener.py for tasks to queue
[2025-11-10T13:14:45.504+0000] {logging_mixin.py:188} INFO - [2025-11-10T13:14:45.503+0000] {dagbag.py:538} INFO - Filling up the DagBag from /home/airflow/.local/lib/python3.8/site-packages/airflow/example_dags/plugins/event_listener.py
[2025-11-10T13:14:45.507+0000] {processor.py:842} WARNING - No viable dags retrieved from /home/airflow/.local/lib/python3.8/site-packages/airflow/example_dags/plugins/event_listener.py
[2025-11-10T13:14:45.530+0000] {processor.py:183} INFO - Processing /home/airflow/.local/lib/python3.8/site-packages/airflow/example_dags/plugins/event_listener.py took 0.033 seconds
[2025-11-10T13:15:16.593+0000] {processor.py:161} INFO - Started process (PID=38167) to work on /home/airflow/.local/lib/python3.8/site-packages/airflow/example_dags/plugins/event_listener.py
[2025-11-10T13:15:16.595+0000] {processor.py:830} INFO - Processing file /home/airflow/.local/lib/python3.8/site-packages/airflow/example_dags/plugins/event_listener.py for tasks to queue
[2025-11-10T13:15:16.596+0000] {logging_mixin.py:188} INFO - [2025-11-10T13:15:16.596+0000] {dagbag.py:538} INFO - Filling up the DagBag from /home/airflow/.local/lib/python3.8/site-packages/airflow/example_dags/plugins/event_listener.py
[2025-11-10T13:15:16.600+0000] {processor.py:842} WARNING - No viable dags retrieved from /home/airflow/.local/lib/python3.8/site-packages/airflow/example_dags/plugins/event_listener.py
[2025-11-10T13:15:16.622+0000] {processor.py:183} INFO - Processing /home/airflow/.local/lib/python3.8/site-packages/airflow/example_dags/plugins/event_listener.py took 0.035 seconds
[2025-11-10T13:15:46.841+0000] {processor.py:161} INFO - Started process (PID=38226) to work on /home/airflow/.local/lib/python3.8/site-packages/airflow/example_dags/plugins/event_listener.py
[2025-11-10T13:15:46.843+0000] {processor.py:830} INFO - Processing file /home/airflow/.local/lib/python3.8/site-packages/airflow/example_dags/plugins/event_listener.py for tasks to queue
[2025-11-10T13:15:46.844+0000] {logging_mixin.py:188} INFO - [2025-11-10T13:15:46.844+0000] {dagbag.py:538} INFO - Filling up the DagBag from /home/airflow/.local/lib/python3.8/site-packages/airflow/example_dags/plugins/event_listener.py
[2025-11-10T13:15:46.848+0000] {processor.py:842} WARNING - No viable dags retrieved from /home/airflow/.local/lib/python3.8/site-packages/airflow/example_dags/plugins/event_listener.py
[2025-11-10T13:15:46.869+0000] {processor.py:183} INFO - Processing /home/airflow/.local/lib/python3.8/site-packages/airflow/example_dags/plugins/event_listener.py took 0.033 seconds
[2025-11-10T13:16:17.762+0000] {processor.py:161} INFO - Started process (PID=38285) to work on /home/airflow/.local/lib/python3.8/site-packages/airflow/example_dags/plugins/event_listener.py
[2025-11-10T13:16:17.763+0000] {processor.py:830} INFO - Processing file /home/airflow/.local/lib/python3.8/site-packages/airflow/example_dags/plugins/event_listener.py for tasks to queue
[2025-11-10T13:16:17.765+0000] {logging_mixin.py:188} INFO - [2025-11-10T13:16:17.765+0000] {dagbag.py:538} INFO - Filling up the DagBag from /home/airflow/.local/lib/python3.8/site-packages/airflow/example_dags/plugins/event_listener.py
[2025-11-10T13:16:17.769+0000] {processor.py:842} WARNING - No viable dags retrieved from /home/airflow/.local/lib/python3.8/site-packages/airflow/example_dags/plugins/event_listener.py
[2025-11-10T13:16:17.791+0000] {processor.py:183} INFO - Processing /home/airflow/.local/lib/python3.8/site-packages/airflow/example_dags/plugins/event_listener.py took 0.035 seconds
[2025-11-10T13:16:48.674+0000] {processor.py:161} INFO - Started process (PID=38344) to work on /home/airflow/.local/lib/python3.8/site-packages/airflow/example_dags/plugins/event_listener.py
[2025-11-10T13:16:48.676+0000] {processor.py:830} INFO - Processing file /home/airflow/.local/lib/python3.8/site-packages/airflow/example_dags/plugins/event_listener.py for tasks to queue
[2025-11-10T13:16:48.678+0000] {logging_mixin.py:188} INFO - [2025-11-10T13:16:48.677+0000] {dagbag.py:538} INFO - Filling up the DagBag from /home/airflow/.local/lib/python3.8/site-packages/airflow/example_dags/plugins/event_listener.py
[2025-11-10T13:16:48.681+0000] {processor.py:842} WARNING - No viable dags retrieved from /home/airflow/.local/lib/python3.8/site-packages/airflow/example_dags/plugins/event_listener.py
[2025-11-10T13:16:48.699+0000] {processor.py:183} INFO - Processing /home/airflow/.local/lib/python3.8/site-packages/airflow/example_dags/plugins/event_listener.py took 0.029 seconds
[2025-11-10T13:17:19.088+0000] {processor.py:161} INFO - Started process (PID=38403) to work on /home/airflow/.local/lib/python3.8/site-packages/airflow/example_dags/plugins/event_listener.py
[2025-11-10T13:17:19.089+0000] {processor.py:830} INFO - Processing file /home/airflow/.local/lib/python3.8/site-packages/airflow/example_dags/plugins/event_listener.py for tasks to queue
[2025-11-10T13:17:19.091+0000] {logging_mixin.py:188} INFO - [2025-11-10T13:17:19.090+0000] {dagbag.py:538} INFO - Filling up the DagBag from /home/airflow/.local/lib/python3.8/site-packages/airflow/example_dags/plugins/event_listener.py
[2025-11-10T13:17:19.094+0000] {processor.py:842} WARNING - No viable dags retrieved from /home/airflow/.local/lib/python3.8/site-packages/airflow/example_dags/plugins/event_listener.py
[2025-11-10T13:17:19.111+0000] {processor.py:183} INFO - Processing /home/airflow/.local/lib/python3.8/site-packages/airflow/example_dags/plugins/event_listener.py took 0.027 seconds
[2025-11-10T13:17:50.076+0000] {processor.py:161} INFO - Started process (PID=38462) to work on /home/airflow/.local/lib/python3.8/site-packages/airflow/example_dags/plugins/event_listener.py
[2025-11-10T13:17:50.078+0000] {processor.py:830} INFO - Processing file /home/airflow/.local/lib/python3.8/site-packages/airflow/example_dags/plugins/event_listener.py for tasks to queue
[2025-11-10T13:17:50.080+0000] {logging_mixin.py:188} INFO - [2025-11-10T13:17:50.080+0000] {dagbag.py:538} INFO - Filling up the DagBag from /home/airflow/.local/lib/python3.8/site-packages/airflow/example_dags/plugins/event_listener.py
[2025-11-10T13:17:50.084+0000] {processor.py:842} WARNING - No viable dags retrieved from /home/airflow/.local/lib/python3.8/site-packages/airflow/example_dags/plugins/event_listener.py
[2025-11-10T13:17:50.105+0000] {processor.py:183} INFO - Processing /home/airflow/.local/lib/python3.8/site-packages/airflow/example_dags/plugins/event_listener.py took 0.034 seconds
[2025-11-10T13:18:20.794+0000] {processor.py:161} INFO - Started process (PID=38521) to work on /home/airflow/.local/lib/python3.8/site-packages/airflow/example_dags/plugins/event_listener.py
[2025-11-10T13:18:20.796+0000] {processor.py:830} INFO - Processing file /home/airflow/.local/lib/python3.8/site-packages/airflow/example_dags/plugins/event_listener.py for tasks to queue
[2025-11-10T13:18:20.797+0000] {logging_mixin.py:188} INFO - [2025-11-10T13:18:20.797+0000] {dagbag.py:538} INFO - Filling up the DagBag from /home/airflow/.local/lib/python3.8/site-packages/airflow/example_dags/plugins/event_listener.py
[2025-11-10T13:18:20.801+0000] {processor.py:842} WARNING - No viable dags retrieved from /home/airflow/.local/lib/python3.8/site-packages/airflow/example_dags/plugins/event_listener.py
[2025-11-10T13:18:20.821+0000] {processor.py:183} INFO - Processing /home/airflow/.local/lib/python3.8/site-packages/airflow/example_dags/plugins/event_listener.py took 0.032 seconds
[2025-11-10T13:18:51.580+0000] {processor.py:161} INFO - Started process (PID=38579) to work on /home/airflow/.local/lib/python3.8/site-packages/airflow/example_dags/plugins/event_listener.py
[2025-11-10T13:18:51.582+0000] {processor.py:830} INFO - Processing file /home/airflow/.local/lib/python3.8/site-packages/airflow/example_dags/plugins/event_listener.py for tasks to queue
[2025-11-10T13:18:51.584+0000] {logging_mixin.py:188} INFO - [2025-11-10T13:18:51.583+0000] {dagbag.py:538} INFO - Filling up the DagBag from /home/airflow/.local/lib/python3.8/site-packages/airflow/example_dags/plugins/event_listener.py
[2025-11-10T13:18:51.588+0000] {processor.py:842} WARNING - No viable dags retrieved from /home/airflow/.local/lib/python3.8/site-packages/airflow/example_dags/plugins/event_listener.py
[2025-11-10T13:18:51.610+0000] {processor.py:183} INFO - Processing /home/airflow/.local/lib/python3.8/site-packages/airflow/example_dags/plugins/event_listener.py took 0.035 seconds
[2025-11-10T13:19:22.700+0000] {processor.py:161} INFO - Started process (PID=38640) to work on /home/airflow/.local/lib/python3.8/site-packages/airflow/example_dags/plugins/event_listener.py
[2025-11-10T13:19:22.702+0000] {processor.py:830} INFO - Processing file /home/airflow/.local/lib/python3.8/site-packages/airflow/example_dags/plugins/event_listener.py for tasks to queue
[2025-11-10T13:19:22.704+0000] {logging_mixin.py:188} INFO - [2025-11-10T13:19:22.703+0000] {dagbag.py:538} INFO - Filling up the DagBag from /home/airflow/.local/lib/python3.8/site-packages/airflow/example_dags/plugins/event_listener.py
[2025-11-10T13:19:22.709+0000] {processor.py:842} WARNING - No viable dags retrieved from /home/airflow/.local/lib/python3.8/site-packages/airflow/example_dags/plugins/event_listener.py
[2025-11-10T13:19:22.735+0000] {processor.py:183} INFO - Processing /home/airflow/.local/lib/python3.8/site-packages/airflow/example_dags/plugins/event_listener.py took 0.043 seconds
[2025-11-10T13:19:53.864+0000] {processor.py:161} INFO - Started process (PID=38699) to work on /home/airflow/.local/lib/python3.8/site-packages/airflow/example_dags/plugins/event_listener.py
[2025-11-10T13:19:53.866+0000] {processor.py:830} INFO - Processing file /home/airflow/.local/lib/python3.8/site-packages/airflow/example_dags/plugins/event_listener.py for tasks to queue
[2025-11-10T13:19:53.868+0000] {logging_mixin.py:188} INFO - [2025-11-10T13:19:53.867+0000] {dagbag.py:538} INFO - Filling up the DagBag from /home/airflow/.local/lib/python3.8/site-packages/airflow/example_dags/plugins/event_listener.py
[2025-11-10T13:19:53.874+0000] {processor.py:842} WARNING - No viable dags retrieved from /home/airflow/.local/lib/python3.8/site-packages/airflow/example_dags/plugins/event_listener.py
[2025-11-10T13:19:53.902+0000] {processor.py:183} INFO - Processing /home/airflow/.local/lib/python3.8/site-packages/airflow/example_dags/plugins/event_listener.py took 0.045 seconds
[2025-11-10T13:20:24.255+0000] {processor.py:161} INFO - Started process (PID=38758) to work on /home/airflow/.local/lib/python3.8/site-packages/airflow/example_dags/plugins/event_listener.py
[2025-11-10T13:20:24.257+0000] {processor.py:830} INFO - Processing file /home/airflow/.local/lib/python3.8/site-packages/airflow/example_dags/plugins/event_listener.py for tasks to queue
[2025-11-10T13:20:24.259+0000] {logging_mixin.py:188} INFO - [2025-11-10T13:20:24.259+0000] {dagbag.py:538} INFO - Filling up the DagBag from /home/airflow/.local/lib/python3.8/site-packages/airflow/example_dags/plugins/event_listener.py
[2025-11-10T13:20:24.263+0000] {processor.py:842} WARNING - No viable dags retrieved from /home/airflow/.local/lib/python3.8/site-packages/airflow/example_dags/plugins/event_listener.py
[2025-11-10T13:20:24.287+0000] {processor.py:183} INFO - Processing /home/airflow/.local/lib/python3.8/site-packages/airflow/example_dags/plugins/event_listener.py took 0.036 seconds
[2025-11-10T13:20:54.436+0000] {processor.py:161} INFO - Started process (PID=38816) to work on /home/airflow/.local/lib/python3.8/site-packages/airflow/example_dags/plugins/event_listener.py
[2025-11-10T13:20:54.437+0000] {processor.py:830} INFO - Processing file /home/airflow/.local/lib/python3.8/site-packages/airflow/example_dags/plugins/event_listener.py for tasks to queue
[2025-11-10T13:20:54.439+0000] {logging_mixin.py:188} INFO - [2025-11-10T13:20:54.439+0000] {dagbag.py:538} INFO - Filling up the DagBag from /home/airflow/.local/lib/python3.8/site-packages/airflow/example_dags/plugins/event_listener.py
[2025-11-10T13:20:54.442+0000] {processor.py:842} WARNING - No viable dags retrieved from /home/airflow/.local/lib/python3.8/site-packages/airflow/example_dags/plugins/event_listener.py
[2025-11-10T13:20:54.460+0000] {processor.py:183} INFO - Processing /home/airflow/.local/lib/python3.8/site-packages/airflow/example_dags/plugins/event_listener.py took 0.029 seconds
[2025-11-10T13:21:24.771+0000] {processor.py:161} INFO - Started process (PID=38875) to work on /home/airflow/.local/lib/python3.8/site-packages/airflow/example_dags/plugins/event_listener.py
[2025-11-10T13:21:24.772+0000] {processor.py:830} INFO - Processing file /home/airflow/.local/lib/python3.8/site-packages/airflow/example_dags/plugins/event_listener.py for tasks to queue
[2025-11-10T13:21:24.774+0000] {logging_mixin.py:188} INFO - [2025-11-10T13:21:24.774+0000] {dagbag.py:538} INFO - Filling up the DagBag from /home/airflow/.local/lib/python3.8/site-packages/airflow/example_dags/plugins/event_listener.py
[2025-11-10T13:21:24.778+0000] {processor.py:842} WARNING - No viable dags retrieved from /home/airflow/.local/lib/python3.8/site-packages/airflow/example_dags/plugins/event_listener.py
[2025-11-10T13:21:24.795+0000] {processor.py:183} INFO - Processing /home/airflow/.local/lib/python3.8/site-packages/airflow/example_dags/plugins/event_listener.py took 0.029 seconds
[2025-11-10T13:21:55.633+0000] {processor.py:161} INFO - Started process (PID=38935) to work on /home/airflow/.local/lib/python3.8/site-packages/airflow/example_dags/plugins/event_listener.py
[2025-11-10T13:21:55.635+0000] {processor.py:830} INFO - Processing file /home/airflow/.local/lib/python3.8/site-packages/airflow/example_dags/plugins/event_listener.py for tasks to queue
[2025-11-10T13:21:55.637+0000] {logging_mixin.py:188} INFO - [2025-11-10T13:21:55.637+0000] {dagbag.py:538} INFO - Filling up the DagBag from /home/airflow/.local/lib/python3.8/site-packages/airflow/example_dags/plugins/event_listener.py
[2025-11-10T13:21:55.643+0000] {processor.py:842} WARNING - No viable dags retrieved from /home/airflow/.local/lib/python3.8/site-packages/airflow/example_dags/plugins/event_listener.py
[2025-11-10T13:21:55.666+0000] {processor.py:183} INFO - Processing /home/airflow/.local/lib/python3.8/site-packages/airflow/example_dags/plugins/event_listener.py took 0.039 seconds
[2025-11-10T13:22:26.028+0000] {processor.py:161} INFO - Started process (PID=38994) to work on /home/airflow/.local/lib/python3.8/site-packages/airflow/example_dags/plugins/event_listener.py
[2025-11-10T13:22:26.030+0000] {processor.py:830} INFO - Processing file /home/airflow/.local/lib/python3.8/site-packages/airflow/example_dags/plugins/event_listener.py for tasks to queue
[2025-11-10T13:22:26.031+0000] {logging_mixin.py:188} INFO - [2025-11-10T13:22:26.031+0000] {dagbag.py:538} INFO - Filling up the DagBag from /home/airflow/.local/lib/python3.8/site-packages/airflow/example_dags/plugins/event_listener.py
[2025-11-10T13:22:26.035+0000] {processor.py:842} WARNING - No viable dags retrieved from /home/airflow/.local/lib/python3.8/site-packages/airflow/example_dags/plugins/event_listener.py
[2025-11-10T13:22:26.052+0000] {processor.py:183} INFO - Processing /home/airflow/.local/lib/python3.8/site-packages/airflow/example_dags/plugins/event_listener.py took 0.028 seconds
[2025-11-10T13:22:56.552+0000] {processor.py:161} INFO - Started process (PID=39053) to work on /home/airflow/.local/lib/python3.8/site-packages/airflow/example_dags/plugins/event_listener.py
[2025-11-10T13:22:56.554+0000] {processor.py:830} INFO - Processing file /home/airflow/.local/lib/python3.8/site-packages/airflow/example_dags/plugins/event_listener.py for tasks to queue
[2025-11-10T13:22:56.557+0000] {logging_mixin.py:188} INFO - [2025-11-10T13:22:56.556+0000] {dagbag.py:538} INFO - Filling up the DagBag from /home/airflow/.local/lib/python3.8/site-packages/airflow/example_dags/plugins/event_listener.py
[2025-11-10T13:22:56.571+0000] {processor.py:842} WARNING - No viable dags retrieved from /home/airflow/.local/lib/python3.8/site-packages/airflow/example_dags/plugins/event_listener.py
[2025-11-10T13:22:56.607+0000] {processor.py:183} INFO - Processing /home/airflow/.local/lib/python3.8/site-packages/airflow/example_dags/plugins/event_listener.py took 0.072 seconds
[2025-11-10T13:23:27.350+0000] {processor.py:161} INFO - Started process (PID=39112) to work on /home/airflow/.local/lib/python3.8/site-packages/airflow/example_dags/plugins/event_listener.py
[2025-11-10T13:23:27.352+0000] {processor.py:830} INFO - Processing file /home/airflow/.local/lib/python3.8/site-packages/airflow/example_dags/plugins/event_listener.py for tasks to queue
[2025-11-10T13:23:27.353+0000] {logging_mixin.py:188} INFO - [2025-11-10T13:23:27.353+0000] {dagbag.py:538} INFO - Filling up the DagBag from /home/airflow/.local/lib/python3.8/site-packages/airflow/example_dags/plugins/event_listener.py
[2025-11-10T13:23:27.357+0000] {processor.py:842} WARNING - No viable dags retrieved from /home/airflow/.local/lib/python3.8/site-packages/airflow/example_dags/plugins/event_listener.py
[2025-11-10T13:23:27.379+0000] {processor.py:183} INFO - Processing /home/airflow/.local/lib/python3.8/site-packages/airflow/example_dags/plugins/event_listener.py took 0.033 seconds
[2025-11-10T13:23:57.617+0000] {processor.py:161} INFO - Started process (PID=39170) to work on /home/airflow/.local/lib/python3.8/site-packages/airflow/example_dags/plugins/event_listener.py
[2025-11-10T13:23:57.618+0000] {processor.py:830} INFO - Processing file /home/airflow/.local/lib/python3.8/site-packages/airflow/example_dags/plugins/event_listener.py for tasks to queue
[2025-11-10T13:23:57.622+0000] {logging_mixin.py:188} INFO - [2025-11-10T13:23:57.622+0000] {dagbag.py:538} INFO - Filling up the DagBag from /home/airflow/.local/lib/python3.8/site-packages/airflow/example_dags/plugins/event_listener.py
[2025-11-10T13:23:57.626+0000] {processor.py:842} WARNING - No viable dags retrieved from /home/airflow/.local/lib/python3.8/site-packages/airflow/example_dags/plugins/event_listener.py
[2025-11-10T13:23:57.644+0000] {processor.py:183} INFO - Processing /home/airflow/.local/lib/python3.8/site-packages/airflow/example_dags/plugins/event_listener.py took 0.032 seconds
[2025-11-10T13:24:28.336+0000] {processor.py:161} INFO - Started process (PID=39231) to work on /home/airflow/.local/lib/python3.8/site-packages/airflow/example_dags/plugins/event_listener.py
[2025-11-10T13:24:28.338+0000] {processor.py:830} INFO - Processing file /home/airflow/.local/lib/python3.8/site-packages/airflow/example_dags/plugins/event_listener.py for tasks to queue
[2025-11-10T13:24:28.340+0000] {logging_mixin.py:188} INFO - [2025-11-10T13:24:28.339+0000] {dagbag.py:538} INFO - Filling up the DagBag from /home/airflow/.local/lib/python3.8/site-packages/airflow/example_dags/plugins/event_listener.py
[2025-11-10T13:24:28.345+0000] {processor.py:842} WARNING - No viable dags retrieved from /home/airflow/.local/lib/python3.8/site-packages/airflow/example_dags/plugins/event_listener.py
[2025-11-10T13:24:28.371+0000] {processor.py:183} INFO - Processing /home/airflow/.local/lib/python3.8/site-packages/airflow/example_dags/plugins/event_listener.py took 0.041 seconds
[2025-11-10T13:24:58.620+0000] {processor.py:161} INFO - Started process (PID=39290) to work on /home/airflow/.local/lib/python3.8/site-packages/airflow/example_dags/plugins/event_listener.py
[2025-11-10T13:24:58.622+0000] {processor.py:830} INFO - Processing file /home/airflow/.local/lib/python3.8/site-packages/airflow/example_dags/plugins/event_listener.py for tasks to queue
[2025-11-10T13:24:58.625+0000] {logging_mixin.py:188} INFO - [2025-11-10T13:24:58.624+0000] {dagbag.py:538} INFO - Filling up the DagBag from /home/airflow/.local/lib/python3.8/site-packages/airflow/example_dags/plugins/event_listener.py
[2025-11-10T13:24:58.630+0000] {processor.py:842} WARNING - No viable dags retrieved from /home/airflow/.local/lib/python3.8/site-packages/airflow/example_dags/plugins/event_listener.py
[2025-11-10T13:24:58.655+0000] {processor.py:183} INFO - Processing /home/airflow/.local/lib/python3.8/site-packages/airflow/example_dags/plugins/event_listener.py took 0.046 seconds
[2025-11-10T13:25:29.301+0000] {processor.py:161} INFO - Started process (PID=39349) to work on /home/airflow/.local/lib/python3.8/site-packages/airflow/example_dags/plugins/event_listener.py
[2025-11-10T13:25:29.303+0000] {processor.py:830} INFO - Processing file /home/airflow/.local/lib/python3.8/site-packages/airflow/example_dags/plugins/event_listener.py for tasks to queue
[2025-11-10T13:25:29.304+0000] {logging_mixin.py:188} INFO - [2025-11-10T13:25:29.304+0000] {dagbag.py:538} INFO - Filling up the DagBag from /home/airflow/.local/lib/python3.8/site-packages/airflow/example_dags/plugins/event_listener.py
[2025-11-10T13:25:29.308+0000] {processor.py:842} WARNING - No viable dags retrieved from /home/airflow/.local/lib/python3.8/site-packages/airflow/example_dags/plugins/event_listener.py
[2025-11-10T13:25:29.326+0000] {processor.py:183} INFO - Processing /home/airflow/.local/lib/python3.8/site-packages/airflow/example_dags/plugins/event_listener.py took 0.029 seconds
[2025-11-10T13:25:59.649+0000] {processor.py:161} INFO - Started process (PID=39408) to work on /home/airflow/.local/lib/python3.8/site-packages/airflow/example_dags/plugins/event_listener.py
[2025-11-10T13:25:59.658+0000] {processor.py:830} INFO - Processing file /home/airflow/.local/lib/python3.8/site-packages/airflow/example_dags/plugins/event_listener.py for tasks to queue
[2025-11-10T13:25:59.661+0000] {logging_mixin.py:188} INFO - [2025-11-10T13:25:59.661+0000] {dagbag.py:538} INFO - Filling up the DagBag from /home/airflow/.local/lib/python3.8/site-packages/airflow/example_dags/plugins/event_listener.py
[2025-11-10T13:25:59.668+0000] {processor.py:842} WARNING - No viable dags retrieved from /home/airflow/.local/lib/python3.8/site-packages/airflow/example_dags/plugins/event_listener.py
[2025-11-10T13:25:59.729+0000] {processor.py:183} INFO - Processing /home/airflow/.local/lib/python3.8/site-packages/airflow/example_dags/plugins/event_listener.py took 0.092 seconds
[2025-11-10T13:26:30.334+0000] {processor.py:161} INFO - Started process (PID=39467) to work on /home/airflow/.local/lib/python3.8/site-packages/airflow/example_dags/plugins/event_listener.py
[2025-11-10T13:26:30.337+0000] {processor.py:830} INFO - Processing file /home/airflow/.local/lib/python3.8/site-packages/airflow/example_dags/plugins/event_listener.py for tasks to queue
[2025-11-10T13:26:30.340+0000] {logging_mixin.py:188} INFO - [2025-11-10T13:26:30.339+0000] {dagbag.py:538} INFO - Filling up the DagBag from /home/airflow/.local/lib/python3.8/site-packages/airflow/example_dags/plugins/event_listener.py
[2025-11-10T13:26:30.346+0000] {processor.py:842} WARNING - No viable dags retrieved from /home/airflow/.local/lib/python3.8/site-packages/airflow/example_dags/plugins/event_listener.py
[2025-11-10T13:26:30.380+0000] {processor.py:183} INFO - Processing /home/airflow/.local/lib/python3.8/site-packages/airflow/example_dags/plugins/event_listener.py took 0.056 seconds
[2025-11-10T13:27:00.542+0000] {processor.py:161} INFO - Started process (PID=39526) to work on /home/airflow/.local/lib/python3.8/site-packages/airflow/example_dags/plugins/event_listener.py
[2025-11-10T13:27:00.544+0000] {processor.py:830} INFO - Processing file /home/airflow/.local/lib/python3.8/site-packages/airflow/example_dags/plugins/event_listener.py for tasks to queue
[2025-11-10T13:27:00.546+0000] {logging_mixin.py:188} INFO - [2025-11-10T13:27:00.545+0000] {dagbag.py:538} INFO - Filling up the DagBag from /home/airflow/.local/lib/python3.8/site-packages/airflow/example_dags/plugins/event_listener.py
[2025-11-10T13:27:00.549+0000] {processor.py:842} WARNING - No viable dags retrieved from /home/airflow/.local/lib/python3.8/site-packages/airflow/example_dags/plugins/event_listener.py
[2025-11-10T13:27:00.569+0000] {processor.py:183} INFO - Processing /home/airflow/.local/lib/python3.8/site-packages/airflow/example_dags/plugins/event_listener.py took 0.032 seconds
[2025-11-10T13:27:31.150+0000] {processor.py:161} INFO - Started process (PID=39585) to work on /home/airflow/.local/lib/python3.8/site-packages/airflow/example_dags/plugins/event_listener.py
[2025-11-10T13:27:31.151+0000] {processor.py:830} INFO - Processing file /home/airflow/.local/lib/python3.8/site-packages/airflow/example_dags/plugins/event_listener.py for tasks to queue
[2025-11-10T13:27:31.153+0000] {logging_mixin.py:188} INFO - [2025-11-10T13:27:31.153+0000] {dagbag.py:538} INFO - Filling up the DagBag from /home/airflow/.local/lib/python3.8/site-packages/airflow/example_dags/plugins/event_listener.py
[2025-11-10T13:27:31.158+0000] {processor.py:842} WARNING - No viable dags retrieved from /home/airflow/.local/lib/python3.8/site-packages/airflow/example_dags/plugins/event_listener.py
[2025-11-10T13:27:31.179+0000] {processor.py:183} INFO - Processing /home/airflow/.local/lib/python3.8/site-packages/airflow/example_dags/plugins/event_listener.py took 0.034 seconds
[2025-11-10T13:28:01.508+0000] {processor.py:161} INFO - Started process (PID=39644) to work on /home/airflow/.local/lib/python3.8/site-packages/airflow/example_dags/plugins/event_listener.py
[2025-11-10T13:28:01.510+0000] {processor.py:830} INFO - Processing file /home/airflow/.local/lib/python3.8/site-packages/airflow/example_dags/plugins/event_listener.py for tasks to queue
[2025-11-10T13:28:01.512+0000] {logging_mixin.py:188} INFO - [2025-11-10T13:28:01.511+0000] {dagbag.py:538} INFO - Filling up the DagBag from /home/airflow/.local/lib/python3.8/site-packages/airflow/example_dags/plugins/event_listener.py
[2025-11-10T13:28:01.515+0000] {processor.py:842} WARNING - No viable dags retrieved from /home/airflow/.local/lib/python3.8/site-packages/airflow/example_dags/plugins/event_listener.py
[2025-11-10T13:28:01.533+0000] {processor.py:183} INFO - Processing /home/airflow/.local/lib/python3.8/site-packages/airflow/example_dags/plugins/event_listener.py took 0.029 seconds
[2025-11-10T13:28:32.144+0000] {processor.py:161} INFO - Started process (PID=39703) to work on /home/airflow/.local/lib/python3.8/site-packages/airflow/example_dags/plugins/event_listener.py
[2025-11-10T13:28:32.145+0000] {processor.py:830} INFO - Processing file /home/airflow/.local/lib/python3.8/site-packages/airflow/example_dags/plugins/event_listener.py for tasks to queue
[2025-11-10T13:28:32.147+0000] {logging_mixin.py:188} INFO - [2025-11-10T13:28:32.146+0000] {dagbag.py:538} INFO - Filling up the DagBag from /home/airflow/.local/lib/python3.8/site-packages/airflow/example_dags/plugins/event_listener.py
[2025-11-10T13:28:32.150+0000] {processor.py:842} WARNING - No viable dags retrieved from /home/airflow/.local/lib/python3.8/site-packages/airflow/example_dags/plugins/event_listener.py
[2025-11-10T13:28:32.168+0000] {processor.py:183} INFO - Processing /home/airflow/.local/lib/python3.8/site-packages/airflow/example_dags/plugins/event_listener.py took 0.028 seconds
[2025-11-10T13:29:02.340+0000] {processor.py:161} INFO - Started process (PID=39761) to work on /home/airflow/.local/lib/python3.8/site-packages/airflow/example_dags/plugins/event_listener.py
[2025-11-10T13:29:02.341+0000] {processor.py:830} INFO - Processing file /home/airflow/.local/lib/python3.8/site-packages/airflow/example_dags/plugins/event_listener.py for tasks to queue
[2025-11-10T13:29:02.343+0000] {logging_mixin.py:188} INFO - [2025-11-10T13:29:02.343+0000] {dagbag.py:538} INFO - Filling up the DagBag from /home/airflow/.local/lib/python3.8/site-packages/airflow/example_dags/plugins/event_listener.py
[2025-11-10T13:29:02.347+0000] {processor.py:842} WARNING - No viable dags retrieved from /home/airflow/.local/lib/python3.8/site-packages/airflow/example_dags/plugins/event_listener.py
[2025-11-10T13:29:02.367+0000] {processor.py:183} INFO - Processing /home/airflow/.local/lib/python3.8/site-packages/airflow/example_dags/plugins/event_listener.py took 0.033 seconds
[2025-11-10T13:29:33.453+0000] {processor.py:161} INFO - Started process (PID=39821) to work on /home/airflow/.local/lib/python3.8/site-packages/airflow/example_dags/plugins/event_listener.py
[2025-11-10T13:29:33.455+0000] {processor.py:830} INFO - Processing file /home/airflow/.local/lib/python3.8/site-packages/airflow/example_dags/plugins/event_listener.py for tasks to queue
[2025-11-10T13:29:33.458+0000] {logging_mixin.py:188} INFO - [2025-11-10T13:29:33.457+0000] {dagbag.py:538} INFO - Filling up the DagBag from /home/airflow/.local/lib/python3.8/site-packages/airflow/example_dags/plugins/event_listener.py
[2025-11-10T13:29:33.465+0000] {processor.py:842} WARNING - No viable dags retrieved from /home/airflow/.local/lib/python3.8/site-packages/airflow/example_dags/plugins/event_listener.py
[2025-11-10T13:29:33.499+0000] {processor.py:183} INFO - Processing /home/airflow/.local/lib/python3.8/site-packages/airflow/example_dags/plugins/event_listener.py took 0.053 seconds
[2025-11-10T13:30:04.609+0000] {processor.py:161} INFO - Started process (PID=39880) to work on /home/airflow/.local/lib/python3.8/site-packages/airflow/example_dags/plugins/event_listener.py
[2025-11-10T13:30:04.611+0000] {processor.py:830} INFO - Processing file /home/airflow/.local/lib/python3.8/site-packages/airflow/example_dags/plugins/event_listener.py for tasks to queue
[2025-11-10T13:30:04.613+0000] {logging_mixin.py:188} INFO - [2025-11-10T13:30:04.613+0000] {dagbag.py:538} INFO - Filling up the DagBag from /home/airflow/.local/lib/python3.8/site-packages/airflow/example_dags/plugins/event_listener.py
[2025-11-10T13:30:04.618+0000] {processor.py:842} WARNING - No viable dags retrieved from /home/airflow/.local/lib/python3.8/site-packages/airflow/example_dags/plugins/event_listener.py
[2025-11-10T13:30:04.649+0000] {processor.py:183} INFO - Processing /home/airflow/.local/lib/python3.8/site-packages/airflow/example_dags/plugins/event_listener.py took 0.046 seconds
[2025-11-10T13:30:35.046+0000] {processor.py:161} INFO - Started process (PID=39939) to work on /home/airflow/.local/lib/python3.8/site-packages/airflow/example_dags/plugins/event_listener.py
[2025-11-10T13:30:35.048+0000] {processor.py:830} INFO - Processing file /home/airflow/.local/lib/python3.8/site-packages/airflow/example_dags/plugins/event_listener.py for tasks to queue
[2025-11-10T13:30:35.050+0000] {logging_mixin.py:188} INFO - [2025-11-10T13:30:35.049+0000] {dagbag.py:538} INFO - Filling up the DagBag from /home/airflow/.local/lib/python3.8/site-packages/airflow/example_dags/plugins/event_listener.py
[2025-11-10T13:30:35.054+0000] {processor.py:842} WARNING - No viable dags retrieved from /home/airflow/.local/lib/python3.8/site-packages/airflow/example_dags/plugins/event_listener.py
[2025-11-10T13:30:35.073+0000] {processor.py:183} INFO - Processing /home/airflow/.local/lib/python3.8/site-packages/airflow/example_dags/plugins/event_listener.py took 0.031 seconds
[2025-11-10T13:31:05.936+0000] {processor.py:161} INFO - Started process (PID=40004) to work on /home/airflow/.local/lib/python3.8/site-packages/airflow/example_dags/plugins/event_listener.py
[2025-11-10T13:31:05.937+0000] {processor.py:830} INFO - Processing file /home/airflow/.local/lib/python3.8/site-packages/airflow/example_dags/plugins/event_listener.py for tasks to queue
[2025-11-10T13:31:05.939+0000] {logging_mixin.py:188} INFO - [2025-11-10T13:31:05.938+0000] {dagbag.py:538} INFO - Filling up the DagBag from /home/airflow/.local/lib/python3.8/site-packages/airflow/example_dags/plugins/event_listener.py
[2025-11-10T13:31:05.942+0000] {processor.py:842} WARNING - No viable dags retrieved from /home/airflow/.local/lib/python3.8/site-packages/airflow/example_dags/plugins/event_listener.py
[2025-11-10T13:31:05.960+0000] {processor.py:183} INFO - Processing /home/airflow/.local/lib/python3.8/site-packages/airflow/example_dags/plugins/event_listener.py took 0.028 seconds
[2025-11-10T13:31:36.162+0000] {processor.py:161} INFO - Started process (PID=40062) to work on /home/airflow/.local/lib/python3.8/site-packages/airflow/example_dags/plugins/event_listener.py
[2025-11-10T13:31:36.163+0000] {processor.py:830} INFO - Processing file /home/airflow/.local/lib/python3.8/site-packages/airflow/example_dags/plugins/event_listener.py for tasks to queue
[2025-11-10T13:31:36.165+0000] {logging_mixin.py:188} INFO - [2025-11-10T13:31:36.165+0000] {dagbag.py:538} INFO - Filling up the DagBag from /home/airflow/.local/lib/python3.8/site-packages/airflow/example_dags/plugins/event_listener.py
[2025-11-10T13:31:36.168+0000] {processor.py:842} WARNING - No viable dags retrieved from /home/airflow/.local/lib/python3.8/site-packages/airflow/example_dags/plugins/event_listener.py
[2025-11-10T13:31:36.186+0000] {processor.py:183} INFO - Processing /home/airflow/.local/lib/python3.8/site-packages/airflow/example_dags/plugins/event_listener.py took 0.029 seconds
[2025-11-10T13:32:06.634+0000] {processor.py:161} INFO - Started process (PID=40122) to work on /home/airflow/.local/lib/python3.8/site-packages/airflow/example_dags/plugins/event_listener.py
[2025-11-10T13:32:06.636+0000] {processor.py:830} INFO - Processing file /home/airflow/.local/lib/python3.8/site-packages/airflow/example_dags/plugins/event_listener.py for tasks to queue
[2025-11-10T13:32:06.638+0000] {logging_mixin.py:188} INFO - [2025-11-10T13:32:06.637+0000] {dagbag.py:538} INFO - Filling up the DagBag from /home/airflow/.local/lib/python3.8/site-packages/airflow/example_dags/plugins/event_listener.py
[2025-11-10T13:32:06.642+0000] {processor.py:842} WARNING - No viable dags retrieved from /home/airflow/.local/lib/python3.8/site-packages/airflow/example_dags/plugins/event_listener.py
[2025-11-10T13:32:06.662+0000] {processor.py:183} INFO - Processing /home/airflow/.local/lib/python3.8/site-packages/airflow/example_dags/plugins/event_listener.py took 0.034 seconds
[2025-11-10T13:32:37.419+0000] {processor.py:161} INFO - Started process (PID=40181) to work on /home/airflow/.local/lib/python3.8/site-packages/airflow/example_dags/plugins/event_listener.py
[2025-11-10T13:32:37.421+0000] {processor.py:830} INFO - Processing file /home/airflow/.local/lib/python3.8/site-packages/airflow/example_dags/plugins/event_listener.py for tasks to queue
[2025-11-10T13:32:37.422+0000] {logging_mixin.py:188} INFO - [2025-11-10T13:32:37.421+0000] {dagbag.py:538} INFO - Filling up the DagBag from /home/airflow/.local/lib/python3.8/site-packages/airflow/example_dags/plugins/event_listener.py
[2025-11-10T13:32:37.425+0000] {processor.py:842} WARNING - No viable dags retrieved from /home/airflow/.local/lib/python3.8/site-packages/airflow/example_dags/plugins/event_listener.py
[2025-11-10T13:32:37.442+0000] {processor.py:183} INFO - Processing /home/airflow/.local/lib/python3.8/site-packages/airflow/example_dags/plugins/event_listener.py took 0.027 seconds
[2025-11-10T13:33:08.321+0000] {processor.py:161} INFO - Started process (PID=40240) to work on /home/airflow/.local/lib/python3.8/site-packages/airflow/example_dags/plugins/event_listener.py
[2025-11-10T13:33:08.322+0000] {processor.py:830} INFO - Processing file /home/airflow/.local/lib/python3.8/site-packages/airflow/example_dags/plugins/event_listener.py for tasks to queue
[2025-11-10T13:33:08.324+0000] {logging_mixin.py:188} INFO - [2025-11-10T13:33:08.323+0000] {dagbag.py:538} INFO - Filling up the DagBag from /home/airflow/.local/lib/python3.8/site-packages/airflow/example_dags/plugins/event_listener.py
[2025-11-10T13:33:08.327+0000] {processor.py:842} WARNING - No viable dags retrieved from /home/airflow/.local/lib/python3.8/site-packages/airflow/example_dags/plugins/event_listener.py
[2025-11-10T13:33:08.346+0000] {processor.py:183} INFO - Processing /home/airflow/.local/lib/python3.8/site-packages/airflow/example_dags/plugins/event_listener.py took 0.029 seconds
[2025-11-10T13:33:39.145+0000] {processor.py:161} INFO - Started process (PID=40299) to work on /home/airflow/.local/lib/python3.8/site-packages/airflow/example_dags/plugins/event_listener.py
[2025-11-10T13:33:39.147+0000] {processor.py:830} INFO - Processing file /home/airflow/.local/lib/python3.8/site-packages/airflow/example_dags/plugins/event_listener.py for tasks to queue
[2025-11-10T13:33:39.149+0000] {logging_mixin.py:188} INFO - [2025-11-10T13:33:39.148+0000] {dagbag.py:538} INFO - Filling up the DagBag from /home/airflow/.local/lib/python3.8/site-packages/airflow/example_dags/plugins/event_listener.py
[2025-11-10T13:33:39.153+0000] {processor.py:842} WARNING - No viable dags retrieved from /home/airflow/.local/lib/python3.8/site-packages/airflow/example_dags/plugins/event_listener.py
[2025-11-10T13:33:39.172+0000] {processor.py:183} INFO - Processing /home/airflow/.local/lib/python3.8/site-packages/airflow/example_dags/plugins/event_listener.py took 0.032 seconds
[2025-11-10T13:34:09.582+0000] {processor.py:161} INFO - Started process (PID=40358) to work on /home/airflow/.local/lib/python3.8/site-packages/airflow/example_dags/plugins/event_listener.py
[2025-11-10T13:34:09.583+0000] {processor.py:830} INFO - Processing file /home/airflow/.local/lib/python3.8/site-packages/airflow/example_dags/plugins/event_listener.py for tasks to queue
[2025-11-10T13:34:09.584+0000] {logging_mixin.py:188} INFO - [2025-11-10T13:34:09.584+0000] {dagbag.py:538} INFO - Filling up the DagBag from /home/airflow/.local/lib/python3.8/site-packages/airflow/example_dags/plugins/event_listener.py
[2025-11-10T13:34:09.588+0000] {processor.py:842} WARNING - No viable dags retrieved from /home/airflow/.local/lib/python3.8/site-packages/airflow/example_dags/plugins/event_listener.py
[2025-11-10T13:34:09.606+0000] {processor.py:183} INFO - Processing /home/airflow/.local/lib/python3.8/site-packages/airflow/example_dags/plugins/event_listener.py took 0.029 seconds
[2025-11-10T13:34:40.062+0000] {processor.py:161} INFO - Started process (PID=40417) to work on /home/airflow/.local/lib/python3.8/site-packages/airflow/example_dags/plugins/event_listener.py
[2025-11-10T13:34:40.064+0000] {processor.py:830} INFO - Processing file /home/airflow/.local/lib/python3.8/site-packages/airflow/example_dags/plugins/event_listener.py for tasks to queue
[2025-11-10T13:34:40.066+0000] {logging_mixin.py:188} INFO - [2025-11-10T13:34:40.066+0000] {dagbag.py:538} INFO - Filling up the DagBag from /home/airflow/.local/lib/python3.8/site-packages/airflow/example_dags/plugins/event_listener.py
[2025-11-10T13:34:40.070+0000] {processor.py:842} WARNING - No viable dags retrieved from /home/airflow/.local/lib/python3.8/site-packages/airflow/example_dags/plugins/event_listener.py
[2025-11-10T13:34:40.106+0000] {processor.py:183} INFO - Processing /home/airflow/.local/lib/python3.8/site-packages/airflow/example_dags/plugins/event_listener.py took 0.049 seconds
[2025-11-10T13:35:10.816+0000] {processor.py:161} INFO - Started process (PID=40476) to work on /home/airflow/.local/lib/python3.8/site-packages/airflow/example_dags/plugins/event_listener.py
[2025-11-10T13:35:10.818+0000] {processor.py:830} INFO - Processing file /home/airflow/.local/lib/python3.8/site-packages/airflow/example_dags/plugins/event_listener.py for tasks to queue
[2025-11-10T13:35:10.820+0000] {logging_mixin.py:188} INFO - [2025-11-10T13:35:10.819+0000] {dagbag.py:538} INFO - Filling up the DagBag from /home/airflow/.local/lib/python3.8/site-packages/airflow/example_dags/plugins/event_listener.py
[2025-11-10T13:35:10.826+0000] {processor.py:842} WARNING - No viable dags retrieved from /home/airflow/.local/lib/python3.8/site-packages/airflow/example_dags/plugins/event_listener.py
[2025-11-10T13:35:10.868+0000] {processor.py:183} INFO - Processing /home/airflow/.local/lib/python3.8/site-packages/airflow/example_dags/plugins/event_listener.py took 0.073 seconds
[2025-11-10T13:35:41.532+0000] {processor.py:161} INFO - Started process (PID=40535) to work on /home/airflow/.local/lib/python3.8/site-packages/airflow/example_dags/plugins/event_listener.py
[2025-11-10T13:35:41.534+0000] {processor.py:830} INFO - Processing file /home/airflow/.local/lib/python3.8/site-packages/airflow/example_dags/plugins/event_listener.py for tasks to queue
[2025-11-10T13:35:41.535+0000] {logging_mixin.py:188} INFO - [2025-11-10T13:35:41.535+0000] {dagbag.py:538} INFO - Filling up the DagBag from /home/airflow/.local/lib/python3.8/site-packages/airflow/example_dags/plugins/event_listener.py
[2025-11-10T13:35:41.539+0000] {processor.py:842} WARNING - No viable dags retrieved from /home/airflow/.local/lib/python3.8/site-packages/airflow/example_dags/plugins/event_listener.py
[2025-11-10T13:35:41.557+0000] {processor.py:183} INFO - Processing /home/airflow/.local/lib/python3.8/site-packages/airflow/example_dags/plugins/event_listener.py took 0.029 seconds
[2025-11-10T13:36:12.261+0000] {processor.py:161} INFO - Started process (PID=40594) to work on /home/airflow/.local/lib/python3.8/site-packages/airflow/example_dags/plugins/event_listener.py
[2025-11-10T13:36:12.262+0000] {processor.py:830} INFO - Processing file /home/airflow/.local/lib/python3.8/site-packages/airflow/example_dags/plugins/event_listener.py for tasks to queue
[2025-11-10T13:36:12.264+0000] {logging_mixin.py:188} INFO - [2025-11-10T13:36:12.263+0000] {dagbag.py:538} INFO - Filling up the DagBag from /home/airflow/.local/lib/python3.8/site-packages/airflow/example_dags/plugins/event_listener.py
[2025-11-10T13:36:12.267+0000] {processor.py:842} WARNING - No viable dags retrieved from /home/airflow/.local/lib/python3.8/site-packages/airflow/example_dags/plugins/event_listener.py
[2025-11-10T13:36:12.286+0000] {processor.py:183} INFO - Processing /home/airflow/.local/lib/python3.8/site-packages/airflow/example_dags/plugins/event_listener.py took 0.030 seconds
[2025-11-10T13:36:42.858+0000] {processor.py:161} INFO - Started process (PID=40653) to work on /home/airflow/.local/lib/python3.8/site-packages/airflow/example_dags/plugins/event_listener.py
[2025-11-10T13:36:42.860+0000] {processor.py:830} INFO - Processing file /home/airflow/.local/lib/python3.8/site-packages/airflow/example_dags/plugins/event_listener.py for tasks to queue
[2025-11-10T13:36:42.862+0000] {logging_mixin.py:188} INFO - [2025-11-10T13:36:42.861+0000] {dagbag.py:538} INFO - Filling up the DagBag from /home/airflow/.local/lib/python3.8/site-packages/airflow/example_dags/plugins/event_listener.py
[2025-11-10T13:36:42.867+0000] {processor.py:842} WARNING - No viable dags retrieved from /home/airflow/.local/lib/python3.8/site-packages/airflow/example_dags/plugins/event_listener.py
[2025-11-10T13:36:42.885+0000] {processor.py:183} INFO - Processing /home/airflow/.local/lib/python3.8/site-packages/airflow/example_dags/plugins/event_listener.py took 0.033 seconds
[2025-11-10T13:37:13.587+0000] {processor.py:161} INFO - Started process (PID=40712) to work on /home/airflow/.local/lib/python3.8/site-packages/airflow/example_dags/plugins/event_listener.py
[2025-11-10T13:37:13.589+0000] {processor.py:830} INFO - Processing file /home/airflow/.local/lib/python3.8/site-packages/airflow/example_dags/plugins/event_listener.py for tasks to queue
[2025-11-10T13:37:13.590+0000] {logging_mixin.py:188} INFO - [2025-11-10T13:37:13.590+0000] {dagbag.py:538} INFO - Filling up the DagBag from /home/airflow/.local/lib/python3.8/site-packages/airflow/example_dags/plugins/event_listener.py
[2025-11-10T13:37:13.593+0000] {processor.py:842} WARNING - No viable dags retrieved from /home/airflow/.local/lib/python3.8/site-packages/airflow/example_dags/plugins/event_listener.py
[2025-11-10T13:37:13.609+0000] {processor.py:183} INFO - Processing /home/airflow/.local/lib/python3.8/site-packages/airflow/example_dags/plugins/event_listener.py took 0.027 seconds
[2025-11-10T13:37:44.152+0000] {processor.py:161} INFO - Started process (PID=40771) to work on /home/airflow/.local/lib/python3.8/site-packages/airflow/example_dags/plugins/event_listener.py
[2025-11-10T13:37:44.158+0000] {processor.py:830} INFO - Processing file /home/airflow/.local/lib/python3.8/site-packages/airflow/example_dags/plugins/event_listener.py for tasks to queue
[2025-11-10T13:37:44.162+0000] {logging_mixin.py:188} INFO - [2025-11-10T13:37:44.162+0000] {dagbag.py:538} INFO - Filling up the DagBag from /home/airflow/.local/lib/python3.8/site-packages/airflow/example_dags/plugins/event_listener.py
[2025-11-10T13:37:44.167+0000] {processor.py:842} WARNING - No viable dags retrieved from /home/airflow/.local/lib/python3.8/site-packages/airflow/example_dags/plugins/event_listener.py
[2025-11-10T13:37:44.197+0000] {processor.py:183} INFO - Processing /home/airflow/.local/lib/python3.8/site-packages/airflow/example_dags/plugins/event_listener.py took 0.052 seconds
[2025-11-10T13:38:14.762+0000] {processor.py:161} INFO - Started process (PID=40830) to work on /home/airflow/.local/lib/python3.8/site-packages/airflow/example_dags/plugins/event_listener.py
[2025-11-10T13:38:14.764+0000] {processor.py:830} INFO - Processing file /home/airflow/.local/lib/python3.8/site-packages/airflow/example_dags/plugins/event_listener.py for tasks to queue
[2025-11-10T13:38:14.765+0000] {logging_mixin.py:188} INFO - [2025-11-10T13:38:14.765+0000] {dagbag.py:538} INFO - Filling up the DagBag from /home/airflow/.local/lib/python3.8/site-packages/airflow/example_dags/plugins/event_listener.py
[2025-11-10T13:38:14.768+0000] {processor.py:842} WARNING - No viable dags retrieved from /home/airflow/.local/lib/python3.8/site-packages/airflow/example_dags/plugins/event_listener.py
[2025-11-10T13:38:14.791+0000] {processor.py:183} INFO - Processing /home/airflow/.local/lib/python3.8/site-packages/airflow/example_dags/plugins/event_listener.py took 0.033 seconds
[2025-11-10T13:38:45.405+0000] {processor.py:161} INFO - Started process (PID=40890) to work on /home/airflow/.local/lib/python3.8/site-packages/airflow/example_dags/plugins/event_listener.py
[2025-11-10T13:38:45.406+0000] {processor.py:830} INFO - Processing file /home/airflow/.local/lib/python3.8/site-packages/airflow/example_dags/plugins/event_listener.py for tasks to queue
[2025-11-10T13:38:45.408+0000] {logging_mixin.py:188} INFO - [2025-11-10T13:38:45.407+0000] {dagbag.py:538} INFO - Filling up the DagBag from /home/airflow/.local/lib/python3.8/site-packages/airflow/example_dags/plugins/event_listener.py
[2025-11-10T13:38:45.411+0000] {processor.py:842} WARNING - No viable dags retrieved from /home/airflow/.local/lib/python3.8/site-packages/airflow/example_dags/plugins/event_listener.py
[2025-11-10T13:38:45.432+0000] {processor.py:183} INFO - Processing /home/airflow/.local/lib/python3.8/site-packages/airflow/example_dags/plugins/event_listener.py took 0.031 seconds
[2025-11-10T13:39:15.639+0000] {processor.py:161} INFO - Started process (PID=40950) to work on /home/airflow/.local/lib/python3.8/site-packages/airflow/example_dags/plugins/event_listener.py
[2025-11-10T13:39:15.641+0000] {processor.py:830} INFO - Processing file /home/airflow/.local/lib/python3.8/site-packages/airflow/example_dags/plugins/event_listener.py for tasks to queue
[2025-11-10T13:39:15.642+0000] {logging_mixin.py:188} INFO - [2025-11-10T13:39:15.642+0000] {dagbag.py:538} INFO - Filling up the DagBag from /home/airflow/.local/lib/python3.8/site-packages/airflow/example_dags/plugins/event_listener.py
[2025-11-10T13:39:15.646+0000] {processor.py:842} WARNING - No viable dags retrieved from /home/airflow/.local/lib/python3.8/site-packages/airflow/example_dags/plugins/event_listener.py
[2025-11-10T13:39:15.668+0000] {processor.py:183} INFO - Processing /home/airflow/.local/lib/python3.8/site-packages/airflow/example_dags/plugins/event_listener.py took 0.034 seconds
[2025-11-10T13:39:46.262+0000] {processor.py:161} INFO - Started process (PID=41009) to work on /home/airflow/.local/lib/python3.8/site-packages/airflow/example_dags/plugins/event_listener.py
[2025-11-10T13:39:46.264+0000] {processor.py:830} INFO - Processing file /home/airflow/.local/lib/python3.8/site-packages/airflow/example_dags/plugins/event_listener.py for tasks to queue
[2025-11-10T13:39:46.267+0000] {logging_mixin.py:188} INFO - [2025-11-10T13:39:46.266+0000] {dagbag.py:538} INFO - Filling up the DagBag from /home/airflow/.local/lib/python3.8/site-packages/airflow/example_dags/plugins/event_listener.py
[2025-11-10T13:39:46.272+0000] {processor.py:842} WARNING - No viable dags retrieved from /home/airflow/.local/lib/python3.8/site-packages/airflow/example_dags/plugins/event_listener.py
[2025-11-10T13:39:46.298+0000] {processor.py:183} INFO - Processing /home/airflow/.local/lib/python3.8/site-packages/airflow/example_dags/plugins/event_listener.py took 0.042 seconds
[2025-11-10T13:40:16.854+0000] {processor.py:161} INFO - Started process (PID=41068) to work on /home/airflow/.local/lib/python3.8/site-packages/airflow/example_dags/plugins/event_listener.py
[2025-11-10T13:40:16.856+0000] {processor.py:830} INFO - Processing file /home/airflow/.local/lib/python3.8/site-packages/airflow/example_dags/plugins/event_listener.py for tasks to queue
[2025-11-10T13:40:16.857+0000] {logging_mixin.py:188} INFO - [2025-11-10T13:40:16.857+0000] {dagbag.py:538} INFO - Filling up the DagBag from /home/airflow/.local/lib/python3.8/site-packages/airflow/example_dags/plugins/event_listener.py
[2025-11-10T13:40:16.861+0000] {processor.py:842} WARNING - No viable dags retrieved from /home/airflow/.local/lib/python3.8/site-packages/airflow/example_dags/plugins/event_listener.py
[2025-11-10T13:40:16.881+0000] {processor.py:183} INFO - Processing /home/airflow/.local/lib/python3.8/site-packages/airflow/example_dags/plugins/event_listener.py took 0.032 seconds
[2025-11-10T13:40:47.117+0000] {processor.py:161} INFO - Started process (PID=41127) to work on /home/airflow/.local/lib/python3.8/site-packages/airflow/example_dags/plugins/event_listener.py
[2025-11-10T13:40:47.118+0000] {processor.py:830} INFO - Processing file /home/airflow/.local/lib/python3.8/site-packages/airflow/example_dags/plugins/event_listener.py for tasks to queue
[2025-11-10T13:40:47.120+0000] {logging_mixin.py:188} INFO - [2025-11-10T13:40:47.119+0000] {dagbag.py:538} INFO - Filling up the DagBag from /home/airflow/.local/lib/python3.8/site-packages/airflow/example_dags/plugins/event_listener.py
[2025-11-10T13:40:47.123+0000] {processor.py:842} WARNING - No viable dags retrieved from /home/airflow/.local/lib/python3.8/site-packages/airflow/example_dags/plugins/event_listener.py
[2025-11-10T13:40:47.142+0000] {processor.py:183} INFO - Processing /home/airflow/.local/lib/python3.8/site-packages/airflow/example_dags/plugins/event_listener.py took 0.030 seconds
[2025-11-10T13:41:17.959+0000] {processor.py:161} INFO - Started process (PID=41186) to work on /home/airflow/.local/lib/python3.8/site-packages/airflow/example_dags/plugins/event_listener.py
[2025-11-10T13:41:17.962+0000] {processor.py:830} INFO - Processing file /home/airflow/.local/lib/python3.8/site-packages/airflow/example_dags/plugins/event_listener.py for tasks to queue
[2025-11-10T13:41:17.965+0000] {logging_mixin.py:188} INFO - [2025-11-10T13:41:17.964+0000] {dagbag.py:538} INFO - Filling up the DagBag from /home/airflow/.local/lib/python3.8/site-packages/airflow/example_dags/plugins/event_listener.py
[2025-11-10T13:41:17.973+0000] {processor.py:842} WARNING - No viable dags retrieved from /home/airflow/.local/lib/python3.8/site-packages/airflow/example_dags/plugins/event_listener.py
[2025-11-10T13:41:18.033+0000] {processor.py:183} INFO - Processing /home/airflow/.local/lib/python3.8/site-packages/airflow/example_dags/plugins/event_listener.py took 0.087 seconds
[2025-11-10T13:41:48.409+0000] {processor.py:161} INFO - Started process (PID=41245) to work on /home/airflow/.local/lib/python3.8/site-packages/airflow/example_dags/plugins/event_listener.py
[2025-11-10T13:41:48.411+0000] {processor.py:830} INFO - Processing file /home/airflow/.local/lib/python3.8/site-packages/airflow/example_dags/plugins/event_listener.py for tasks to queue
[2025-11-10T13:41:48.413+0000] {logging_mixin.py:188} INFO - [2025-11-10T13:41:48.413+0000] {dagbag.py:538} INFO - Filling up the DagBag from /home/airflow/.local/lib/python3.8/site-packages/airflow/example_dags/plugins/event_listener.py
[2025-11-10T13:41:48.418+0000] {processor.py:842} WARNING - No viable dags retrieved from /home/airflow/.local/lib/python3.8/site-packages/airflow/example_dags/plugins/event_listener.py
[2025-11-10T13:41:48.443+0000] {processor.py:183} INFO - Processing /home/airflow/.local/lib/python3.8/site-packages/airflow/example_dags/plugins/event_listener.py took 0.041 seconds
[2025-11-10T13:42:18.876+0000] {processor.py:161} INFO - Started process (PID=41304) to work on /home/airflow/.local/lib/python3.8/site-packages/airflow/example_dags/plugins/event_listener.py
[2025-11-10T13:42:18.878+0000] {processor.py:830} INFO - Processing file /home/airflow/.local/lib/python3.8/site-packages/airflow/example_dags/plugins/event_listener.py for tasks to queue
[2025-11-10T13:42:18.885+0000] {logging_mixin.py:188} INFO - [2025-11-10T13:42:18.880+0000] {dagbag.py:538} INFO - Filling up the DagBag from /home/airflow/.local/lib/python3.8/site-packages/airflow/example_dags/plugins/event_listener.py
[2025-11-10T13:42:18.889+0000] {processor.py:842} WARNING - No viable dags retrieved from /home/airflow/.local/lib/python3.8/site-packages/airflow/example_dags/plugins/event_listener.py
[2025-11-10T13:42:18.909+0000] {processor.py:183} INFO - Processing /home/airflow/.local/lib/python3.8/site-packages/airflow/example_dags/plugins/event_listener.py took 0.039 seconds
[2025-11-10T13:42:49.306+0000] {processor.py:161} INFO - Started process (PID=41363) to work on /home/airflow/.local/lib/python3.8/site-packages/airflow/example_dags/plugins/event_listener.py
[2025-11-10T13:42:49.308+0000] {processor.py:830} INFO - Processing file /home/airflow/.local/lib/python3.8/site-packages/airflow/example_dags/plugins/event_listener.py for tasks to queue
[2025-11-10T13:42:49.309+0000] {logging_mixin.py:188} INFO - [2025-11-10T13:42:49.309+0000] {dagbag.py:538} INFO - Filling up the DagBag from /home/airflow/.local/lib/python3.8/site-packages/airflow/example_dags/plugins/event_listener.py
[2025-11-10T13:42:49.312+0000] {processor.py:842} WARNING - No viable dags retrieved from /home/airflow/.local/lib/python3.8/site-packages/airflow/example_dags/plugins/event_listener.py
[2025-11-10T13:42:49.330+0000] {processor.py:183} INFO - Processing /home/airflow/.local/lib/python3.8/site-packages/airflow/example_dags/plugins/event_listener.py took 0.029 seconds
[2025-11-10T13:43:19.519+0000] {processor.py:161} INFO - Started process (PID=41422) to work on /home/airflow/.local/lib/python3.8/site-packages/airflow/example_dags/plugins/event_listener.py
[2025-11-10T13:43:19.520+0000] {processor.py:830} INFO - Processing file /home/airflow/.local/lib/python3.8/site-packages/airflow/example_dags/plugins/event_listener.py for tasks to queue
[2025-11-10T13:43:19.522+0000] {logging_mixin.py:188} INFO - [2025-11-10T13:43:19.521+0000] {dagbag.py:538} INFO - Filling up the DagBag from /home/airflow/.local/lib/python3.8/site-packages/airflow/example_dags/plugins/event_listener.py
[2025-11-10T13:43:19.526+0000] {processor.py:842} WARNING - No viable dags retrieved from /home/airflow/.local/lib/python3.8/site-packages/airflow/example_dags/plugins/event_listener.py
[2025-11-10T13:43:19.545+0000] {processor.py:183} INFO - Processing /home/airflow/.local/lib/python3.8/site-packages/airflow/example_dags/plugins/event_listener.py took 0.030 seconds
[2025-11-10T13:43:49.774+0000] {processor.py:161} INFO - Started process (PID=41481) to work on /home/airflow/.local/lib/python3.8/site-packages/airflow/example_dags/plugins/event_listener.py
[2025-11-10T13:43:49.776+0000] {processor.py:830} INFO - Processing file /home/airflow/.local/lib/python3.8/site-packages/airflow/example_dags/plugins/event_listener.py for tasks to queue
[2025-11-10T13:43:49.778+0000] {logging_mixin.py:188} INFO - [2025-11-10T13:43:49.777+0000] {dagbag.py:538} INFO - Filling up the DagBag from /home/airflow/.local/lib/python3.8/site-packages/airflow/example_dags/plugins/event_listener.py
[2025-11-10T13:43:49.781+0000] {processor.py:842} WARNING - No viable dags retrieved from /home/airflow/.local/lib/python3.8/site-packages/airflow/example_dags/plugins/event_listener.py
[2025-11-10T13:43:49.803+0000] {processor.py:183} INFO - Processing /home/airflow/.local/lib/python3.8/site-packages/airflow/example_dags/plugins/event_listener.py took 0.035 seconds
[2025-11-10T13:44:20.538+0000] {processor.py:161} INFO - Started process (PID=41540) to work on /home/airflow/.local/lib/python3.8/site-packages/airflow/example_dags/plugins/event_listener.py
[2025-11-10T13:44:20.541+0000] {processor.py:830} INFO - Processing file /home/airflow/.local/lib/python3.8/site-packages/airflow/example_dags/plugins/event_listener.py for tasks to queue
[2025-11-10T13:44:20.543+0000] {logging_mixin.py:188} INFO - [2025-11-10T13:44:20.542+0000] {dagbag.py:538} INFO - Filling up the DagBag from /home/airflow/.local/lib/python3.8/site-packages/airflow/example_dags/plugins/event_listener.py
[2025-11-10T13:44:20.550+0000] {processor.py:842} WARNING - No viable dags retrieved from /home/airflow/.local/lib/python3.8/site-packages/airflow/example_dags/plugins/event_listener.py
[2025-11-10T13:44:20.584+0000] {processor.py:183} INFO - Processing /home/airflow/.local/lib/python3.8/site-packages/airflow/example_dags/plugins/event_listener.py took 0.055 seconds
[2025-11-10T13:44:51.106+0000] {processor.py:161} INFO - Started process (PID=41599) to work on /home/airflow/.local/lib/python3.8/site-packages/airflow/example_dags/plugins/event_listener.py
[2025-11-10T13:44:51.108+0000] {processor.py:830} INFO - Processing file /home/airflow/.local/lib/python3.8/site-packages/airflow/example_dags/plugins/event_listener.py for tasks to queue
[2025-11-10T13:44:51.111+0000] {logging_mixin.py:188} INFO - [2025-11-10T13:44:51.110+0000] {dagbag.py:538} INFO - Filling up the DagBag from /home/airflow/.local/lib/python3.8/site-packages/airflow/example_dags/plugins/event_listener.py
[2025-11-10T13:44:51.119+0000] {processor.py:842} WARNING - No viable dags retrieved from /home/airflow/.local/lib/python3.8/site-packages/airflow/example_dags/plugins/event_listener.py
[2025-11-10T13:44:51.157+0000] {processor.py:183} INFO - Processing /home/airflow/.local/lib/python3.8/site-packages/airflow/example_dags/plugins/event_listener.py took 0.061 seconds
[2025-11-10T13:45:21.302+0000] {processor.py:161} INFO - Started process (PID=41657) to work on /home/airflow/.local/lib/python3.8/site-packages/airflow/example_dags/plugins/event_listener.py
[2025-11-10T13:45:21.304+0000] {processor.py:830} INFO - Processing file /home/airflow/.local/lib/python3.8/site-packages/airflow/example_dags/plugins/event_listener.py for tasks to queue
[2025-11-10T13:45:21.306+0000] {logging_mixin.py:188} INFO - [2025-11-10T13:45:21.305+0000] {dagbag.py:538} INFO - Filling up the DagBag from /home/airflow/.local/lib/python3.8/site-packages/airflow/example_dags/plugins/event_listener.py
[2025-11-10T13:45:21.309+0000] {processor.py:842} WARNING - No viable dags retrieved from /home/airflow/.local/lib/python3.8/site-packages/airflow/example_dags/plugins/event_listener.py
[2025-11-10T13:45:21.328+0000] {processor.py:183} INFO - Processing /home/airflow/.local/lib/python3.8/site-packages/airflow/example_dags/plugins/event_listener.py took 0.033 seconds
[2025-11-10T13:45:51.839+0000] {processor.py:161} INFO - Started process (PID=41717) to work on /home/airflow/.local/lib/python3.8/site-packages/airflow/example_dags/plugins/event_listener.py
[2025-11-10T13:45:51.840+0000] {processor.py:830} INFO - Processing file /home/airflow/.local/lib/python3.8/site-packages/airflow/example_dags/plugins/event_listener.py for tasks to queue
[2025-11-10T13:45:51.842+0000] {logging_mixin.py:188} INFO - [2025-11-10T13:45:51.842+0000] {dagbag.py:538} INFO - Filling up the DagBag from /home/airflow/.local/lib/python3.8/site-packages/airflow/example_dags/plugins/event_listener.py
[2025-11-10T13:45:51.846+0000] {processor.py:842} WARNING - No viable dags retrieved from /home/airflow/.local/lib/python3.8/site-packages/airflow/example_dags/plugins/event_listener.py
[2025-11-10T13:45:51.870+0000] {processor.py:183} INFO - Processing /home/airflow/.local/lib/python3.8/site-packages/airflow/example_dags/plugins/event_listener.py took 0.038 seconds
[2025-11-10T13:46:22.444+0000] {processor.py:161} INFO - Started process (PID=41776) to work on /home/airflow/.local/lib/python3.8/site-packages/airflow/example_dags/plugins/event_listener.py
[2025-11-10T13:46:22.446+0000] {processor.py:830} INFO - Processing file /home/airflow/.local/lib/python3.8/site-packages/airflow/example_dags/plugins/event_listener.py for tasks to queue
[2025-11-10T13:46:22.447+0000] {logging_mixin.py:188} INFO - [2025-11-10T13:46:22.447+0000] {dagbag.py:538} INFO - Filling up the DagBag from /home/airflow/.local/lib/python3.8/site-packages/airflow/example_dags/plugins/event_listener.py
[2025-11-10T13:46:22.451+0000] {processor.py:842} WARNING - No viable dags retrieved from /home/airflow/.local/lib/python3.8/site-packages/airflow/example_dags/plugins/event_listener.py
[2025-11-10T13:46:22.470+0000] {processor.py:183} INFO - Processing /home/airflow/.local/lib/python3.8/site-packages/airflow/example_dags/plugins/event_listener.py took 0.031 seconds
[2025-11-10T13:46:53.101+0000] {processor.py:161} INFO - Started process (PID=41835) to work on /home/airflow/.local/lib/python3.8/site-packages/airflow/example_dags/plugins/event_listener.py
[2025-11-10T13:46:53.103+0000] {processor.py:830} INFO - Processing file /home/airflow/.local/lib/python3.8/site-packages/airflow/example_dags/plugins/event_listener.py for tasks to queue
[2025-11-10T13:46:53.104+0000] {logging_mixin.py:188} INFO - [2025-11-10T13:46:53.104+0000] {dagbag.py:538} INFO - Filling up the DagBag from /home/airflow/.local/lib/python3.8/site-packages/airflow/example_dags/plugins/event_listener.py
[2025-11-10T13:46:53.108+0000] {processor.py:842} WARNING - No viable dags retrieved from /home/airflow/.local/lib/python3.8/site-packages/airflow/example_dags/plugins/event_listener.py
[2025-11-10T13:46:53.127+0000] {processor.py:183} INFO - Processing /home/airflow/.local/lib/python3.8/site-packages/airflow/example_dags/plugins/event_listener.py took 0.030 seconds
[2025-11-10T13:47:23.935+0000] {processor.py:161} INFO - Started process (PID=41894) to work on /home/airflow/.local/lib/python3.8/site-packages/airflow/example_dags/plugins/event_listener.py
[2025-11-10T13:47:23.937+0000] {processor.py:830} INFO - Processing file /home/airflow/.local/lib/python3.8/site-packages/airflow/example_dags/plugins/event_listener.py for tasks to queue
[2025-11-10T13:47:23.938+0000] {logging_mixin.py:188} INFO - [2025-11-10T13:47:23.938+0000] {dagbag.py:538} INFO - Filling up the DagBag from /home/airflow/.local/lib/python3.8/site-packages/airflow/example_dags/plugins/event_listener.py
[2025-11-10T13:47:23.942+0000] {processor.py:842} WARNING - No viable dags retrieved from /home/airflow/.local/lib/python3.8/site-packages/airflow/example_dags/plugins/event_listener.py
[2025-11-10T13:47:23.960+0000] {processor.py:183} INFO - Processing /home/airflow/.local/lib/python3.8/site-packages/airflow/example_dags/plugins/event_listener.py took 0.031 seconds
[2025-11-10T13:47:54.554+0000] {processor.py:161} INFO - Started process (PID=41953) to work on /home/airflow/.local/lib/python3.8/site-packages/airflow/example_dags/plugins/event_listener.py
[2025-11-10T13:47:54.556+0000] {processor.py:830} INFO - Processing file /home/airflow/.local/lib/python3.8/site-packages/airflow/example_dags/plugins/event_listener.py for tasks to queue
[2025-11-10T13:47:54.558+0000] {logging_mixin.py:188} INFO - [2025-11-10T13:47:54.557+0000] {dagbag.py:538} INFO - Filling up the DagBag from /home/airflow/.local/lib/python3.8/site-packages/airflow/example_dags/plugins/event_listener.py
[2025-11-10T13:47:54.561+0000] {processor.py:842} WARNING - No viable dags retrieved from /home/airflow/.local/lib/python3.8/site-packages/airflow/example_dags/plugins/event_listener.py
[2025-11-10T13:47:54.585+0000] {processor.py:183} INFO - Processing /home/airflow/.local/lib/python3.8/site-packages/airflow/example_dags/plugins/event_listener.py took 0.037 seconds
[2025-11-10T13:48:25.491+0000] {processor.py:161} INFO - Started process (PID=42012) to work on /home/airflow/.local/lib/python3.8/site-packages/airflow/example_dags/plugins/event_listener.py
[2025-11-10T13:48:25.494+0000] {processor.py:830} INFO - Processing file /home/airflow/.local/lib/python3.8/site-packages/airflow/example_dags/plugins/event_listener.py for tasks to queue
[2025-11-10T13:48:25.497+0000] {logging_mixin.py:188} INFO - [2025-11-10T13:48:25.496+0000] {dagbag.py:538} INFO - Filling up the DagBag from /home/airflow/.local/lib/python3.8/site-packages/airflow/example_dags/plugins/event_listener.py
[2025-11-10T13:48:25.504+0000] {processor.py:842} WARNING - No viable dags retrieved from /home/airflow/.local/lib/python3.8/site-packages/airflow/example_dags/plugins/event_listener.py
[2025-11-10T13:48:25.541+0000] {processor.py:183} INFO - Processing /home/airflow/.local/lib/python3.8/site-packages/airflow/example_dags/plugins/event_listener.py took 0.061 seconds
[2025-11-10T13:48:55.878+0000] {processor.py:161} INFO - Started process (PID=42071) to work on /home/airflow/.local/lib/python3.8/site-packages/airflow/example_dags/plugins/event_listener.py
[2025-11-10T13:48:55.880+0000] {processor.py:830} INFO - Processing file /home/airflow/.local/lib/python3.8/site-packages/airflow/example_dags/plugins/event_listener.py for tasks to queue
[2025-11-10T13:48:55.882+0000] {logging_mixin.py:188} INFO - [2025-11-10T13:48:55.881+0000] {dagbag.py:538} INFO - Filling up the DagBag from /home/airflow/.local/lib/python3.8/site-packages/airflow/example_dags/plugins/event_listener.py
[2025-11-10T13:48:55.887+0000] {processor.py:842} WARNING - No viable dags retrieved from /home/airflow/.local/lib/python3.8/site-packages/airflow/example_dags/plugins/event_listener.py
[2025-11-10T13:48:55.911+0000] {processor.py:183} INFO - Processing /home/airflow/.local/lib/python3.8/site-packages/airflow/example_dags/plugins/event_listener.py took 0.042 seconds
[2025-11-10T13:49:26.285+0000] {processor.py:161} INFO - Started process (PID=42130) to work on /home/airflow/.local/lib/python3.8/site-packages/airflow/example_dags/plugins/event_listener.py
[2025-11-10T13:49:26.286+0000] {processor.py:830} INFO - Processing file /home/airflow/.local/lib/python3.8/site-packages/airflow/example_dags/plugins/event_listener.py for tasks to queue
[2025-11-10T13:49:26.288+0000] {logging_mixin.py:188} INFO - [2025-11-10T13:49:26.288+0000] {dagbag.py:538} INFO - Filling up the DagBag from /home/airflow/.local/lib/python3.8/site-packages/airflow/example_dags/plugins/event_listener.py
[2025-11-10T13:49:26.292+0000] {processor.py:842} WARNING - No viable dags retrieved from /home/airflow/.local/lib/python3.8/site-packages/airflow/example_dags/plugins/event_listener.py
[2025-11-10T13:49:26.313+0000] {processor.py:183} INFO - Processing /home/airflow/.local/lib/python3.8/site-packages/airflow/example_dags/plugins/event_listener.py took 0.033 seconds
[2025-11-10T13:49:56.714+0000] {processor.py:161} INFO - Started process (PID=42189) to work on /home/airflow/.local/lib/python3.8/site-packages/airflow/example_dags/plugins/event_listener.py
[2025-11-10T13:49:56.716+0000] {processor.py:830} INFO - Processing file /home/airflow/.local/lib/python3.8/site-packages/airflow/example_dags/plugins/event_listener.py for tasks to queue
[2025-11-10T13:49:56.717+0000] {logging_mixin.py:188} INFO - [2025-11-10T13:49:56.717+0000] {dagbag.py:538} INFO - Filling up the DagBag from /home/airflow/.local/lib/python3.8/site-packages/airflow/example_dags/plugins/event_listener.py
[2025-11-10T13:49:56.721+0000] {processor.py:842} WARNING - No viable dags retrieved from /home/airflow/.local/lib/python3.8/site-packages/airflow/example_dags/plugins/event_listener.py
[2025-11-10T13:49:56.740+0000] {processor.py:183} INFO - Processing /home/airflow/.local/lib/python3.8/site-packages/airflow/example_dags/plugins/event_listener.py took 0.030 seconds
[2025-11-10T13:50:27.100+0000] {processor.py:161} INFO - Started process (PID=42249) to work on /home/airflow/.local/lib/python3.8/site-packages/airflow/example_dags/plugins/event_listener.py
[2025-11-10T13:50:27.101+0000] {processor.py:830} INFO - Processing file /home/airflow/.local/lib/python3.8/site-packages/airflow/example_dags/plugins/event_listener.py for tasks to queue
[2025-11-10T13:50:27.103+0000] {logging_mixin.py:188} INFO - [2025-11-10T13:50:27.102+0000] {dagbag.py:538} INFO - Filling up the DagBag from /home/airflow/.local/lib/python3.8/site-packages/airflow/example_dags/plugins/event_listener.py
[2025-11-10T13:50:27.106+0000] {processor.py:842} WARNING - No viable dags retrieved from /home/airflow/.local/lib/python3.8/site-packages/airflow/example_dags/plugins/event_listener.py
[2025-11-10T13:50:27.125+0000] {processor.py:183} INFO - Processing /home/airflow/.local/lib/python3.8/site-packages/airflow/example_dags/plugins/event_listener.py took 0.030 seconds
[2025-11-10T13:50:58.114+0000] {processor.py:161} INFO - Started process (PID=42308) to work on /home/airflow/.local/lib/python3.8/site-packages/airflow/example_dags/plugins/event_listener.py
[2025-11-10T13:50:58.116+0000] {processor.py:830} INFO - Processing file /home/airflow/.local/lib/python3.8/site-packages/airflow/example_dags/plugins/event_listener.py for tasks to queue
[2025-11-10T13:50:58.118+0000] {logging_mixin.py:188} INFO - [2025-11-10T13:50:58.118+0000] {dagbag.py:538} INFO - Filling up the DagBag from /home/airflow/.local/lib/python3.8/site-packages/airflow/example_dags/plugins/event_listener.py
[2025-11-10T13:50:58.124+0000] {processor.py:842} WARNING - No viable dags retrieved from /home/airflow/.local/lib/python3.8/site-packages/airflow/example_dags/plugins/event_listener.py
[2025-11-10T13:50:58.150+0000] {processor.py:183} INFO - Processing /home/airflow/.local/lib/python3.8/site-packages/airflow/example_dags/plugins/event_listener.py took 0.043 seconds
[2025-11-10T13:51:28.457+0000] {processor.py:161} INFO - Started process (PID=42369) to work on /home/airflow/.local/lib/python3.8/site-packages/airflow/example_dags/plugins/event_listener.py
[2025-11-10T13:51:28.459+0000] {processor.py:830} INFO - Processing file /home/airflow/.local/lib/python3.8/site-packages/airflow/example_dags/plugins/event_listener.py for tasks to queue
[2025-11-10T13:51:28.460+0000] {logging_mixin.py:188} INFO - [2025-11-10T13:51:28.460+0000] {dagbag.py:538} INFO - Filling up the DagBag from /home/airflow/.local/lib/python3.8/site-packages/airflow/example_dags/plugins/event_listener.py
[2025-11-10T13:51:28.465+0000] {processor.py:842} WARNING - No viable dags retrieved from /home/airflow/.local/lib/python3.8/site-packages/airflow/example_dags/plugins/event_listener.py
[2025-11-10T13:51:28.489+0000] {processor.py:183} INFO - Processing /home/airflow/.local/lib/python3.8/site-packages/airflow/example_dags/plugins/event_listener.py took 0.038 seconds
[2025-11-10T13:51:58.880+0000] {processor.py:161} INFO - Started process (PID=42428) to work on /home/airflow/.local/lib/python3.8/site-packages/airflow/example_dags/plugins/event_listener.py
[2025-11-10T13:51:58.882+0000] {processor.py:830} INFO - Processing file /home/airflow/.local/lib/python3.8/site-packages/airflow/example_dags/plugins/event_listener.py for tasks to queue
[2025-11-10T13:51:58.884+0000] {logging_mixin.py:188} INFO - [2025-11-10T13:51:58.883+0000] {dagbag.py:538} INFO - Filling up the DagBag from /home/airflow/.local/lib/python3.8/site-packages/airflow/example_dags/plugins/event_listener.py
[2025-11-10T13:51:58.888+0000] {processor.py:842} WARNING - No viable dags retrieved from /home/airflow/.local/lib/python3.8/site-packages/airflow/example_dags/plugins/event_listener.py
[2025-11-10T13:51:58.911+0000] {processor.py:183} INFO - Processing /home/airflow/.local/lib/python3.8/site-packages/airflow/example_dags/plugins/event_listener.py took 0.036 seconds
[2025-11-10T13:52:29.317+0000] {processor.py:161} INFO - Started process (PID=42485) to work on /home/airflow/.local/lib/python3.8/site-packages/airflow/example_dags/plugins/event_listener.py
[2025-11-10T13:52:29.318+0000] {processor.py:830} INFO - Processing file /home/airflow/.local/lib/python3.8/site-packages/airflow/example_dags/plugins/event_listener.py for tasks to queue
[2025-11-10T13:52:29.320+0000] {logging_mixin.py:188} INFO - [2025-11-10T13:52:29.319+0000] {dagbag.py:538} INFO - Filling up the DagBag from /home/airflow/.local/lib/python3.8/site-packages/airflow/example_dags/plugins/event_listener.py
[2025-11-10T13:52:29.323+0000] {processor.py:842} WARNING - No viable dags retrieved from /home/airflow/.local/lib/python3.8/site-packages/airflow/example_dags/plugins/event_listener.py
[2025-11-10T13:52:29.341+0000] {processor.py:183} INFO - Processing /home/airflow/.local/lib/python3.8/site-packages/airflow/example_dags/plugins/event_listener.py took 0.028 seconds
[2025-11-10T13:52:59.853+0000] {processor.py:161} INFO - Started process (PID=42544) to work on /home/airflow/.local/lib/python3.8/site-packages/airflow/example_dags/plugins/event_listener.py
[2025-11-10T13:52:59.855+0000] {processor.py:830} INFO - Processing file /home/airflow/.local/lib/python3.8/site-packages/airflow/example_dags/plugins/event_listener.py for tasks to queue
[2025-11-10T13:52:59.856+0000] {logging_mixin.py:188} INFO - [2025-11-10T13:52:59.856+0000] {dagbag.py:538} INFO - Filling up the DagBag from /home/airflow/.local/lib/python3.8/site-packages/airflow/example_dags/plugins/event_listener.py
[2025-11-10T13:52:59.860+0000] {processor.py:842} WARNING - No viable dags retrieved from /home/airflow/.local/lib/python3.8/site-packages/airflow/example_dags/plugins/event_listener.py
[2025-11-10T13:52:59.879+0000] {processor.py:183} INFO - Processing /home/airflow/.local/lib/python3.8/site-packages/airflow/example_dags/plugins/event_listener.py took 0.032 seconds
[2025-11-10T13:53:30.728+0000] {processor.py:161} INFO - Started process (PID=42603) to work on /home/airflow/.local/lib/python3.8/site-packages/airflow/example_dags/plugins/event_listener.py
[2025-11-10T13:53:30.730+0000] {processor.py:830} INFO - Processing file /home/airflow/.local/lib/python3.8/site-packages/airflow/example_dags/plugins/event_listener.py for tasks to queue
[2025-11-10T13:53:30.732+0000] {logging_mixin.py:188} INFO - [2025-11-10T13:53:30.731+0000] {dagbag.py:538} INFO - Filling up the DagBag from /home/airflow/.local/lib/python3.8/site-packages/airflow/example_dags/plugins/event_listener.py
[2025-11-10T13:53:30.736+0000] {processor.py:842} WARNING - No viable dags retrieved from /home/airflow/.local/lib/python3.8/site-packages/airflow/example_dags/plugins/event_listener.py
[2025-11-10T13:53:30.765+0000] {processor.py:183} INFO - Processing /home/airflow/.local/lib/python3.8/site-packages/airflow/example_dags/plugins/event_listener.py took 0.045 seconds
[2025-11-10T13:54:01.517+0000] {processor.py:161} INFO - Started process (PID=42662) to work on /home/airflow/.local/lib/python3.8/site-packages/airflow/example_dags/plugins/event_listener.py
[2025-11-10T13:54:01.523+0000] {processor.py:830} INFO - Processing file /home/airflow/.local/lib/python3.8/site-packages/airflow/example_dags/plugins/event_listener.py for tasks to queue
[2025-11-10T13:54:01.527+0000] {logging_mixin.py:188} INFO - [2025-11-10T13:54:01.526+0000] {dagbag.py:538} INFO - Filling up the DagBag from /home/airflow/.local/lib/python3.8/site-packages/airflow/example_dags/plugins/event_listener.py
[2025-11-10T13:54:01.534+0000] {processor.py:842} WARNING - No viable dags retrieved from /home/airflow/.local/lib/python3.8/site-packages/airflow/example_dags/plugins/event_listener.py
[2025-11-10T13:54:01.599+0000] {processor.py:183} INFO - Processing /home/airflow/.local/lib/python3.8/site-packages/airflow/example_dags/plugins/event_listener.py took 0.094 seconds
[2025-11-10T13:54:31.837+0000] {processor.py:161} INFO - Started process (PID=42722) to work on /home/airflow/.local/lib/python3.8/site-packages/airflow/example_dags/plugins/event_listener.py
[2025-11-10T13:54:31.839+0000] {processor.py:830} INFO - Processing file /home/airflow/.local/lib/python3.8/site-packages/airflow/example_dags/plugins/event_listener.py for tasks to queue
[2025-11-10T13:54:31.842+0000] {logging_mixin.py:188} INFO - [2025-11-10T13:54:31.841+0000] {dagbag.py:538} INFO - Filling up the DagBag from /home/airflow/.local/lib/python3.8/site-packages/airflow/example_dags/plugins/event_listener.py
[2025-11-10T13:54:31.850+0000] {processor.py:842} WARNING - No viable dags retrieved from /home/airflow/.local/lib/python3.8/site-packages/airflow/example_dags/plugins/event_listener.py
[2025-11-10T13:54:31.879+0000] {processor.py:183} INFO - Processing /home/airflow/.local/lib/python3.8/site-packages/airflow/example_dags/plugins/event_listener.py took 0.060 seconds
[2025-11-10T13:55:02.713+0000] {processor.py:161} INFO - Started process (PID=42781) to work on /home/airflow/.local/lib/python3.8/site-packages/airflow/example_dags/plugins/event_listener.py
[2025-11-10T13:55:02.714+0000] {processor.py:830} INFO - Processing file /home/airflow/.local/lib/python3.8/site-packages/airflow/example_dags/plugins/event_listener.py for tasks to queue
[2025-11-10T13:55:02.716+0000] {logging_mixin.py:188} INFO - [2025-11-10T13:55:02.715+0000] {dagbag.py:538} INFO - Filling up the DagBag from /home/airflow/.local/lib/python3.8/site-packages/airflow/example_dags/plugins/event_listener.py
[2025-11-10T13:55:02.720+0000] {processor.py:842} WARNING - No viable dags retrieved from /home/airflow/.local/lib/python3.8/site-packages/airflow/example_dags/plugins/event_listener.py
[2025-11-10T13:55:02.743+0000] {processor.py:183} INFO - Processing /home/airflow/.local/lib/python3.8/site-packages/airflow/example_dags/plugins/event_listener.py took 0.037 seconds
[2025-11-10T13:55:33.552+0000] {processor.py:161} INFO - Started process (PID=42840) to work on /home/airflow/.local/lib/python3.8/site-packages/airflow/example_dags/plugins/event_listener.py
[2025-11-10T13:55:33.554+0000] {processor.py:830} INFO - Processing file /home/airflow/.local/lib/python3.8/site-packages/airflow/example_dags/plugins/event_listener.py for tasks to queue
[2025-11-10T13:55:33.555+0000] {logging_mixin.py:188} INFO - [2025-11-10T13:55:33.555+0000] {dagbag.py:538} INFO - Filling up the DagBag from /home/airflow/.local/lib/python3.8/site-packages/airflow/example_dags/plugins/event_listener.py
[2025-11-10T13:55:33.558+0000] {processor.py:842} WARNING - No viable dags retrieved from /home/airflow/.local/lib/python3.8/site-packages/airflow/example_dags/plugins/event_listener.py
[2025-11-10T13:55:33.577+0000] {processor.py:183} INFO - Processing /home/airflow/.local/lib/python3.8/site-packages/airflow/example_dags/plugins/event_listener.py took 0.029 seconds
[2025-11-10T13:56:03.833+0000] {processor.py:161} INFO - Started process (PID=42899) to work on /home/airflow/.local/lib/python3.8/site-packages/airflow/example_dags/plugins/event_listener.py
[2025-11-10T13:56:03.834+0000] {processor.py:830} INFO - Processing file /home/airflow/.local/lib/python3.8/site-packages/airflow/example_dags/plugins/event_listener.py for tasks to queue
[2025-11-10T13:56:03.836+0000] {logging_mixin.py:188} INFO - [2025-11-10T13:56:03.835+0000] {dagbag.py:538} INFO - Filling up the DagBag from /home/airflow/.local/lib/python3.8/site-packages/airflow/example_dags/plugins/event_listener.py
[2025-11-10T13:56:03.839+0000] {processor.py:842} WARNING - No viable dags retrieved from /home/airflow/.local/lib/python3.8/site-packages/airflow/example_dags/plugins/event_listener.py
[2025-11-10T13:56:03.858+0000] {processor.py:183} INFO - Processing /home/airflow/.local/lib/python3.8/site-packages/airflow/example_dags/plugins/event_listener.py took 0.030 seconds
[2025-11-10T13:56:34.271+0000] {processor.py:161} INFO - Started process (PID=42958) to work on /home/airflow/.local/lib/python3.8/site-packages/airflow/example_dags/plugins/event_listener.py
[2025-11-10T13:56:34.272+0000] {processor.py:830} INFO - Processing file /home/airflow/.local/lib/python3.8/site-packages/airflow/example_dags/plugins/event_listener.py for tasks to queue
[2025-11-10T13:56:34.274+0000] {logging_mixin.py:188} INFO - [2025-11-10T13:56:34.273+0000] {dagbag.py:538} INFO - Filling up the DagBag from /home/airflow/.local/lib/python3.8/site-packages/airflow/example_dags/plugins/event_listener.py
[2025-11-10T13:56:34.278+0000] {processor.py:842} WARNING - No viable dags retrieved from /home/airflow/.local/lib/python3.8/site-packages/airflow/example_dags/plugins/event_listener.py
[2025-11-10T13:56:34.298+0000] {processor.py:183} INFO - Processing /home/airflow/.local/lib/python3.8/site-packages/airflow/example_dags/plugins/event_listener.py took 0.031 seconds
[2025-11-10T13:57:05.312+0000] {processor.py:161} INFO - Started process (PID=43017) to work on /home/airflow/.local/lib/python3.8/site-packages/airflow/example_dags/plugins/event_listener.py
[2025-11-10T13:57:05.314+0000] {processor.py:830} INFO - Processing file /home/airflow/.local/lib/python3.8/site-packages/airflow/example_dags/plugins/event_listener.py for tasks to queue
[2025-11-10T13:57:05.315+0000] {logging_mixin.py:188} INFO - [2025-11-10T13:57:05.315+0000] {dagbag.py:538} INFO - Filling up the DagBag from /home/airflow/.local/lib/python3.8/site-packages/airflow/example_dags/plugins/event_listener.py
[2025-11-10T13:57:05.318+0000] {processor.py:842} WARNING - No viable dags retrieved from /home/airflow/.local/lib/python3.8/site-packages/airflow/example_dags/plugins/event_listener.py
[2025-11-10T13:57:05.340+0000] {processor.py:183} INFO - Processing /home/airflow/.local/lib/python3.8/site-packages/airflow/example_dags/plugins/event_listener.py took 0.032 seconds
[2025-11-10T13:57:36.427+0000] {processor.py:161} INFO - Started process (PID=43076) to work on /home/airflow/.local/lib/python3.8/site-packages/airflow/example_dags/plugins/event_listener.py
[2025-11-10T13:57:36.429+0000] {processor.py:830} INFO - Processing file /home/airflow/.local/lib/python3.8/site-packages/airflow/example_dags/plugins/event_listener.py for tasks to queue
[2025-11-10T13:57:36.430+0000] {logging_mixin.py:188} INFO - [2025-11-10T13:57:36.430+0000] {dagbag.py:538} INFO - Filling up the DagBag from /home/airflow/.local/lib/python3.8/site-packages/airflow/example_dags/plugins/event_listener.py
[2025-11-10T13:57:36.434+0000] {processor.py:842} WARNING - No viable dags retrieved from /home/airflow/.local/lib/python3.8/site-packages/airflow/example_dags/plugins/event_listener.py
[2025-11-10T13:57:36.451+0000] {processor.py:183} INFO - Processing /home/airflow/.local/lib/python3.8/site-packages/airflow/example_dags/plugins/event_listener.py took 0.028 seconds
[2025-11-10T13:58:06.803+0000] {processor.py:161} INFO - Started process (PID=43135) to work on /home/airflow/.local/lib/python3.8/site-packages/airflow/example_dags/plugins/event_listener.py
[2025-11-10T13:58:06.805+0000] {processor.py:830} INFO - Processing file /home/airflow/.local/lib/python3.8/site-packages/airflow/example_dags/plugins/event_listener.py for tasks to queue
[2025-11-10T13:58:06.806+0000] {logging_mixin.py:188} INFO - [2025-11-10T13:58:06.806+0000] {dagbag.py:538} INFO - Filling up the DagBag from /home/airflow/.local/lib/python3.8/site-packages/airflow/example_dags/plugins/event_listener.py
[2025-11-10T13:58:06.809+0000] {processor.py:842} WARNING - No viable dags retrieved from /home/airflow/.local/lib/python3.8/site-packages/airflow/example_dags/plugins/event_listener.py
[2025-11-10T13:58:06.829+0000] {processor.py:183} INFO - Processing /home/airflow/.local/lib/python3.8/site-packages/airflow/example_dags/plugins/event_listener.py took 0.030 seconds
[2025-11-10T13:58:37.250+0000] {processor.py:161} INFO - Started process (PID=43194) to work on /home/airflow/.local/lib/python3.8/site-packages/airflow/example_dags/plugins/event_listener.py
[2025-11-10T13:58:37.252+0000] {processor.py:830} INFO - Processing file /home/airflow/.local/lib/python3.8/site-packages/airflow/example_dags/plugins/event_listener.py for tasks to queue
[2025-11-10T13:58:37.253+0000] {logging_mixin.py:188} INFO - [2025-11-10T13:58:37.252+0000] {dagbag.py:538} INFO - Filling up the DagBag from /home/airflow/.local/lib/python3.8/site-packages/airflow/example_dags/plugins/event_listener.py
[2025-11-10T13:58:37.256+0000] {processor.py:842} WARNING - No viable dags retrieved from /home/airflow/.local/lib/python3.8/site-packages/airflow/example_dags/plugins/event_listener.py
[2025-11-10T13:58:37.273+0000] {processor.py:183} INFO - Processing /home/airflow/.local/lib/python3.8/site-packages/airflow/example_dags/plugins/event_listener.py took 0.027 seconds
[2025-11-10T13:59:07.784+0000] {processor.py:161} INFO - Started process (PID=43253) to work on /home/airflow/.local/lib/python3.8/site-packages/airflow/example_dags/plugins/event_listener.py
[2025-11-10T13:59:07.786+0000] {processor.py:830} INFO - Processing file /home/airflow/.local/lib/python3.8/site-packages/airflow/example_dags/plugins/event_listener.py for tasks to queue
[2025-11-10T13:59:07.787+0000] {logging_mixin.py:188} INFO - [2025-11-10T13:59:07.787+0000] {dagbag.py:538} INFO - Filling up the DagBag from /home/airflow/.local/lib/python3.8/site-packages/airflow/example_dags/plugins/event_listener.py
[2025-11-10T13:59:07.791+0000] {processor.py:842} WARNING - No viable dags retrieved from /home/airflow/.local/lib/python3.8/site-packages/airflow/example_dags/plugins/event_listener.py
[2025-11-10T13:59:07.813+0000] {processor.py:183} INFO - Processing /home/airflow/.local/lib/python3.8/site-packages/airflow/example_dags/plugins/event_listener.py took 0.034 seconds
[2025-11-10T13:59:38.466+0000] {processor.py:161} INFO - Started process (PID=43312) to work on /home/airflow/.local/lib/python3.8/site-packages/airflow/example_dags/plugins/event_listener.py
[2025-11-10T13:59:38.467+0000] {processor.py:830} INFO - Processing file /home/airflow/.local/lib/python3.8/site-packages/airflow/example_dags/plugins/event_listener.py for tasks to queue
[2025-11-10T13:59:38.469+0000] {logging_mixin.py:188} INFO - [2025-11-10T13:59:38.468+0000] {dagbag.py:538} INFO - Filling up the DagBag from /home/airflow/.local/lib/python3.8/site-packages/airflow/example_dags/plugins/event_listener.py
[2025-11-10T13:59:38.472+0000] {processor.py:842} WARNING - No viable dags retrieved from /home/airflow/.local/lib/python3.8/site-packages/airflow/example_dags/plugins/event_listener.py
[2025-11-10T13:59:38.491+0000] {processor.py:183} INFO - Processing /home/airflow/.local/lib/python3.8/site-packages/airflow/example_dags/plugins/event_listener.py took 0.029 seconds
[2025-11-10T14:00:08.719+0000] {processor.py:161} INFO - Started process (PID=43371) to work on /home/airflow/.local/lib/python3.8/site-packages/airflow/example_dags/plugins/event_listener.py
[2025-11-10T14:00:08.720+0000] {processor.py:830} INFO - Processing file /home/airflow/.local/lib/python3.8/site-packages/airflow/example_dags/plugins/event_listener.py for tasks to queue
[2025-11-10T14:00:08.722+0000] {logging_mixin.py:188} INFO - [2025-11-10T14:00:08.721+0000] {dagbag.py:538} INFO - Filling up the DagBag from /home/airflow/.local/lib/python3.8/site-packages/airflow/example_dags/plugins/event_listener.py
[2025-11-10T14:00:08.725+0000] {processor.py:842} WARNING - No viable dags retrieved from /home/airflow/.local/lib/python3.8/site-packages/airflow/example_dags/plugins/event_listener.py
[2025-11-10T14:00:08.746+0000] {processor.py:183} INFO - Processing /home/airflow/.local/lib/python3.8/site-packages/airflow/example_dags/plugins/event_listener.py took 0.032 seconds
[2025-11-10T14:00:39.087+0000] {processor.py:161} INFO - Started process (PID=43429) to work on /home/airflow/.local/lib/python3.8/site-packages/airflow/example_dags/plugins/event_listener.py
[2025-11-10T14:00:39.089+0000] {processor.py:830} INFO - Processing file /home/airflow/.local/lib/python3.8/site-packages/airflow/example_dags/plugins/event_listener.py for tasks to queue
[2025-11-10T14:00:39.092+0000] {logging_mixin.py:188} INFO - [2025-11-10T14:00:39.090+0000] {dagbag.py:538} INFO - Filling up the DagBag from /home/airflow/.local/lib/python3.8/site-packages/airflow/example_dags/plugins/event_listener.py
[2025-11-10T14:00:39.099+0000] {processor.py:842} WARNING - No viable dags retrieved from /home/airflow/.local/lib/python3.8/site-packages/airflow/example_dags/plugins/event_listener.py
[2025-11-10T14:00:39.140+0000] {processor.py:183} INFO - Processing /home/airflow/.local/lib/python3.8/site-packages/airflow/example_dags/plugins/event_listener.py took 0.060 seconds
[2025-11-10T14:01:09.605+0000] {processor.py:161} INFO - Started process (PID=43489) to work on /home/airflow/.local/lib/python3.8/site-packages/airflow/example_dags/plugins/event_listener.py
[2025-11-10T14:01:09.607+0000] {processor.py:830} INFO - Processing file /home/airflow/.local/lib/python3.8/site-packages/airflow/example_dags/plugins/event_listener.py for tasks to queue
[2025-11-10T14:01:09.609+0000] {logging_mixin.py:188} INFO - [2025-11-10T14:01:09.608+0000] {dagbag.py:538} INFO - Filling up the DagBag from /home/airflow/.local/lib/python3.8/site-packages/airflow/example_dags/plugins/event_listener.py
[2025-11-10T14:01:09.613+0000] {processor.py:842} WARNING - No viable dags retrieved from /home/airflow/.local/lib/python3.8/site-packages/airflow/example_dags/plugins/event_listener.py
[2025-11-10T14:01:09.638+0000] {processor.py:183} INFO - Processing /home/airflow/.local/lib/python3.8/site-packages/airflow/example_dags/plugins/event_listener.py took 0.039 seconds
[2025-11-10T14:01:40.344+0000] {processor.py:161} INFO - Started process (PID=43548) to work on /home/airflow/.local/lib/python3.8/site-packages/airflow/example_dags/plugins/event_listener.py
[2025-11-10T14:01:40.347+0000] {processor.py:830} INFO - Processing file /home/airflow/.local/lib/python3.8/site-packages/airflow/example_dags/plugins/event_listener.py for tasks to queue
[2025-11-10T14:01:40.350+0000] {logging_mixin.py:188} INFO - [2025-11-10T14:01:40.349+0000] {dagbag.py:538} INFO - Filling up the DagBag from /home/airflow/.local/lib/python3.8/site-packages/airflow/example_dags/plugins/event_listener.py
[2025-11-10T14:01:40.356+0000] {processor.py:842} WARNING - No viable dags retrieved from /home/airflow/.local/lib/python3.8/site-packages/airflow/example_dags/plugins/event_listener.py
[2025-11-10T14:01:40.392+0000] {processor.py:183} INFO - Processing /home/airflow/.local/lib/python3.8/site-packages/airflow/example_dags/plugins/event_listener.py took 0.057 seconds
[2025-11-10T14:02:10.941+0000] {processor.py:161} INFO - Started process (PID=43607) to work on /home/airflow/.local/lib/python3.8/site-packages/airflow/example_dags/plugins/event_listener.py
[2025-11-10T14:02:10.943+0000] {processor.py:830} INFO - Processing file /home/airflow/.local/lib/python3.8/site-packages/airflow/example_dags/plugins/event_listener.py for tasks to queue
[2025-11-10T14:02:10.944+0000] {logging_mixin.py:188} INFO - [2025-11-10T14:02:10.944+0000] {dagbag.py:538} INFO - Filling up the DagBag from /home/airflow/.local/lib/python3.8/site-packages/airflow/example_dags/plugins/event_listener.py
[2025-11-10T14:02:10.948+0000] {processor.py:842} WARNING - No viable dags retrieved from /home/airflow/.local/lib/python3.8/site-packages/airflow/example_dags/plugins/event_listener.py
[2025-11-10T14:02:10.970+0000] {processor.py:183} INFO - Processing /home/airflow/.local/lib/python3.8/site-packages/airflow/example_dags/plugins/event_listener.py took 0.036 seconds
[2025-11-10T14:02:41.603+0000] {processor.py:161} INFO - Started process (PID=43666) to work on /home/airflow/.local/lib/python3.8/site-packages/airflow/example_dags/plugins/event_listener.py
[2025-11-10T14:02:41.606+0000] {processor.py:830} INFO - Processing file /home/airflow/.local/lib/python3.8/site-packages/airflow/example_dags/plugins/event_listener.py for tasks to queue
[2025-11-10T14:02:41.609+0000] {logging_mixin.py:188} INFO - [2025-11-10T14:02:41.608+0000] {dagbag.py:538} INFO - Filling up the DagBag from /home/airflow/.local/lib/python3.8/site-packages/airflow/example_dags/plugins/event_listener.py
[2025-11-10T14:02:41.618+0000] {processor.py:842} WARNING - No viable dags retrieved from /home/airflow/.local/lib/python3.8/site-packages/airflow/example_dags/plugins/event_listener.py
[2025-11-10T14:02:41.675+0000] {processor.py:183} INFO - Processing /home/airflow/.local/lib/python3.8/site-packages/airflow/example_dags/plugins/event_listener.py took 0.103 seconds
[2025-11-10T14:03:11.986+0000] {processor.py:161} INFO - Started process (PID=43724) to work on /home/airflow/.local/lib/python3.8/site-packages/airflow/example_dags/plugins/event_listener.py
[2025-11-10T14:03:11.988+0000] {processor.py:830} INFO - Processing file /home/airflow/.local/lib/python3.8/site-packages/airflow/example_dags/plugins/event_listener.py for tasks to queue
[2025-11-10T14:03:11.990+0000] {logging_mixin.py:188} INFO - [2025-11-10T14:03:11.989+0000] {dagbag.py:538} INFO - Filling up the DagBag from /home/airflow/.local/lib/python3.8/site-packages/airflow/example_dags/plugins/event_listener.py
[2025-11-10T14:03:11.996+0000] {processor.py:842} WARNING - No viable dags retrieved from /home/airflow/.local/lib/python3.8/site-packages/airflow/example_dags/plugins/event_listener.py
[2025-11-10T14:03:12.028+0000] {processor.py:183} INFO - Processing /home/airflow/.local/lib/python3.8/site-packages/airflow/example_dags/plugins/event_listener.py took 0.050 seconds
[2025-11-10T14:03:42.480+0000] {processor.py:161} INFO - Started process (PID=43783) to work on /home/airflow/.local/lib/python3.8/site-packages/airflow/example_dags/plugins/event_listener.py
[2025-11-10T14:03:42.482+0000] {processor.py:830} INFO - Processing file /home/airflow/.local/lib/python3.8/site-packages/airflow/example_dags/plugins/event_listener.py for tasks to queue
[2025-11-10T14:03:42.485+0000] {logging_mixin.py:188} INFO - [2025-11-10T14:03:42.484+0000] {dagbag.py:538} INFO - Filling up the DagBag from /home/airflow/.local/lib/python3.8/site-packages/airflow/example_dags/plugins/event_listener.py
[2025-11-10T14:03:42.493+0000] {processor.py:842} WARNING - No viable dags retrieved from /home/airflow/.local/lib/python3.8/site-packages/airflow/example_dags/plugins/event_listener.py
[2025-11-10T14:03:42.526+0000] {processor.py:183} INFO - Processing /home/airflow/.local/lib/python3.8/site-packages/airflow/example_dags/plugins/event_listener.py took 0.056 seconds
[2025-11-10T14:04:12.811+0000] {processor.py:161} INFO - Started process (PID=43842) to work on /home/airflow/.local/lib/python3.8/site-packages/airflow/example_dags/plugins/event_listener.py
[2025-11-10T14:04:12.813+0000] {processor.py:830} INFO - Processing file /home/airflow/.local/lib/python3.8/site-packages/airflow/example_dags/plugins/event_listener.py for tasks to queue
[2025-11-10T14:04:12.816+0000] {logging_mixin.py:188} INFO - [2025-11-10T14:04:12.815+0000] {dagbag.py:538} INFO - Filling up the DagBag from /home/airflow/.local/lib/python3.8/site-packages/airflow/example_dags/plugins/event_listener.py
[2025-11-10T14:04:12.824+0000] {processor.py:842} WARNING - No viable dags retrieved from /home/airflow/.local/lib/python3.8/site-packages/airflow/example_dags/plugins/event_listener.py
[2025-11-10T14:04:12.849+0000] {processor.py:183} INFO - Processing /home/airflow/.local/lib/python3.8/site-packages/airflow/example_dags/plugins/event_listener.py took 0.050 seconds
[2025-11-10T14:04:43.723+0000] {processor.py:161} INFO - Started process (PID=43902) to work on /home/airflow/.local/lib/python3.8/site-packages/airflow/example_dags/plugins/event_listener.py
[2025-11-10T14:04:43.725+0000] {processor.py:830} INFO - Processing file /home/airflow/.local/lib/python3.8/site-packages/airflow/example_dags/plugins/event_listener.py for tasks to queue
[2025-11-10T14:04:43.726+0000] {logging_mixin.py:188} INFO - [2025-11-10T14:04:43.726+0000] {dagbag.py:538} INFO - Filling up the DagBag from /home/airflow/.local/lib/python3.8/site-packages/airflow/example_dags/plugins/event_listener.py
[2025-11-10T14:04:43.731+0000] {processor.py:842} WARNING - No viable dags retrieved from /home/airflow/.local/lib/python3.8/site-packages/airflow/example_dags/plugins/event_listener.py
[2025-11-10T14:04:43.754+0000] {processor.py:183} INFO - Processing /home/airflow/.local/lib/python3.8/site-packages/airflow/example_dags/plugins/event_listener.py took 0.037 seconds
[2025-11-10T14:05:14.444+0000] {processor.py:161} INFO - Started process (PID=43961) to work on /home/airflow/.local/lib/python3.8/site-packages/airflow/example_dags/plugins/event_listener.py
[2025-11-10T14:05:14.446+0000] {processor.py:830} INFO - Processing file /home/airflow/.local/lib/python3.8/site-packages/airflow/example_dags/plugins/event_listener.py for tasks to queue
[2025-11-10T14:05:14.448+0000] {logging_mixin.py:188} INFO - [2025-11-10T14:05:14.448+0000] {dagbag.py:538} INFO - Filling up the DagBag from /home/airflow/.local/lib/python3.8/site-packages/airflow/example_dags/plugins/event_listener.py
[2025-11-10T14:05:14.456+0000] {processor.py:842} WARNING - No viable dags retrieved from /home/airflow/.local/lib/python3.8/site-packages/airflow/example_dags/plugins/event_listener.py
[2025-11-10T14:05:14.496+0000] {processor.py:183} INFO - Processing /home/airflow/.local/lib/python3.8/site-packages/airflow/example_dags/plugins/event_listener.py took 0.059 seconds
[2025-11-10T14:05:45.124+0000] {processor.py:161} INFO - Started process (PID=44020) to work on /home/airflow/.local/lib/python3.8/site-packages/airflow/example_dags/plugins/event_listener.py
[2025-11-10T14:05:45.127+0000] {processor.py:830} INFO - Processing file /home/airflow/.local/lib/python3.8/site-packages/airflow/example_dags/plugins/event_listener.py for tasks to queue
[2025-11-10T14:05:45.129+0000] {logging_mixin.py:188} INFO - [2025-11-10T14:05:45.128+0000] {dagbag.py:538} INFO - Filling up the DagBag from /home/airflow/.local/lib/python3.8/site-packages/airflow/example_dags/plugins/event_listener.py
[2025-11-10T14:05:45.134+0000] {processor.py:842} WARNING - No viable dags retrieved from /home/airflow/.local/lib/python3.8/site-packages/airflow/example_dags/plugins/event_listener.py
[2025-11-10T14:05:45.163+0000] {processor.py:183} INFO - Processing /home/airflow/.local/lib/python3.8/site-packages/airflow/example_dags/plugins/event_listener.py took 0.048 seconds
[2025-11-10T14:06:16.053+0000] {processor.py:161} INFO - Started process (PID=44079) to work on /home/airflow/.local/lib/python3.8/site-packages/airflow/example_dags/plugins/event_listener.py
[2025-11-10T14:06:16.056+0000] {processor.py:830} INFO - Processing file /home/airflow/.local/lib/python3.8/site-packages/airflow/example_dags/plugins/event_listener.py for tasks to queue
[2025-11-10T14:06:16.059+0000] {logging_mixin.py:188} INFO - [2025-11-10T14:06:16.058+0000] {dagbag.py:538} INFO - Filling up the DagBag from /home/airflow/.local/lib/python3.8/site-packages/airflow/example_dags/plugins/event_listener.py
[2025-11-10T14:06:16.068+0000] {processor.py:842} WARNING - No viable dags retrieved from /home/airflow/.local/lib/python3.8/site-packages/airflow/example_dags/plugins/event_listener.py
[2025-11-10T14:06:16.106+0000] {processor.py:183} INFO - Processing /home/airflow/.local/lib/python3.8/site-packages/airflow/example_dags/plugins/event_listener.py took 0.063 seconds
[2025-11-10T14:06:47.066+0000] {processor.py:161} INFO - Started process (PID=44144) to work on /home/airflow/.local/lib/python3.8/site-packages/airflow/example_dags/plugins/event_listener.py
[2025-11-10T14:06:47.068+0000] {processor.py:830} INFO - Processing file /home/airflow/.local/lib/python3.8/site-packages/airflow/example_dags/plugins/event_listener.py for tasks to queue
[2025-11-10T14:06:47.070+0000] {logging_mixin.py:188} INFO - [2025-11-10T14:06:47.069+0000] {dagbag.py:538} INFO - Filling up the DagBag from /home/airflow/.local/lib/python3.8/site-packages/airflow/example_dags/plugins/event_listener.py
[2025-11-10T14:06:47.075+0000] {processor.py:842} WARNING - No viable dags retrieved from /home/airflow/.local/lib/python3.8/site-packages/airflow/example_dags/plugins/event_listener.py
[2025-11-10T14:06:47.098+0000] {processor.py:183} INFO - Processing /home/airflow/.local/lib/python3.8/site-packages/airflow/example_dags/plugins/event_listener.py took 0.038 seconds
[2025-11-10T14:07:18.098+0000] {processor.py:161} INFO - Started process (PID=44203) to work on /home/airflow/.local/lib/python3.8/site-packages/airflow/example_dags/plugins/event_listener.py
[2025-11-10T14:07:18.100+0000] {processor.py:830} INFO - Processing file /home/airflow/.local/lib/python3.8/site-packages/airflow/example_dags/plugins/event_listener.py for tasks to queue
[2025-11-10T14:07:18.103+0000] {logging_mixin.py:188} INFO - [2025-11-10T14:07:18.102+0000] {dagbag.py:538} INFO - Filling up the DagBag from /home/airflow/.local/lib/python3.8/site-packages/airflow/example_dags/plugins/event_listener.py
[2025-11-10T14:07:18.109+0000] {processor.py:842} WARNING - No viable dags retrieved from /home/airflow/.local/lib/python3.8/site-packages/airflow/example_dags/plugins/event_listener.py
[2025-11-10T14:07:18.142+0000] {processor.py:183} INFO - Processing /home/airflow/.local/lib/python3.8/site-packages/airflow/example_dags/plugins/event_listener.py took 0.052 seconds
[2025-11-10T14:07:49.390+0000] {processor.py:161} INFO - Started process (PID=44262) to work on /home/airflow/.local/lib/python3.8/site-packages/airflow/example_dags/plugins/event_listener.py
[2025-11-10T14:07:49.393+0000] {processor.py:830} INFO - Processing file /home/airflow/.local/lib/python3.8/site-packages/airflow/example_dags/plugins/event_listener.py for tasks to queue
[2025-11-10T14:07:49.396+0000] {logging_mixin.py:188} INFO - [2025-11-10T14:07:49.395+0000] {dagbag.py:538} INFO - Filling up the DagBag from /home/airflow/.local/lib/python3.8/site-packages/airflow/example_dags/plugins/event_listener.py
[2025-11-10T14:07:49.401+0000] {processor.py:842} WARNING - No viable dags retrieved from /home/airflow/.local/lib/python3.8/site-packages/airflow/example_dags/plugins/event_listener.py
[2025-11-10T14:07:49.435+0000] {processor.py:183} INFO - Processing /home/airflow/.local/lib/python3.8/site-packages/airflow/example_dags/plugins/event_listener.py took 0.054 seconds
[2025-11-10T14:08:20.082+0000] {processor.py:161} INFO - Started process (PID=44321) to work on /home/airflow/.local/lib/python3.8/site-packages/airflow/example_dags/plugins/event_listener.py
[2025-11-10T14:08:20.083+0000] {processor.py:830} INFO - Processing file /home/airflow/.local/lib/python3.8/site-packages/airflow/example_dags/plugins/event_listener.py for tasks to queue
[2025-11-10T14:08:20.084+0000] {logging_mixin.py:188} INFO - [2025-11-10T14:08:20.084+0000] {dagbag.py:538} INFO - Filling up the DagBag from /home/airflow/.local/lib/python3.8/site-packages/airflow/example_dags/plugins/event_listener.py
[2025-11-10T14:08:20.088+0000] {processor.py:842} WARNING - No viable dags retrieved from /home/airflow/.local/lib/python3.8/site-packages/airflow/example_dags/plugins/event_listener.py
[2025-11-10T14:08:20.104+0000] {processor.py:183} INFO - Processing /home/airflow/.local/lib/python3.8/site-packages/airflow/example_dags/plugins/event_listener.py took 0.028 seconds
[2025-11-10T14:08:51.059+0000] {processor.py:161} INFO - Started process (PID=44380) to work on /home/airflow/.local/lib/python3.8/site-packages/airflow/example_dags/plugins/event_listener.py
[2025-11-10T14:08:51.062+0000] {processor.py:830} INFO - Processing file /home/airflow/.local/lib/python3.8/site-packages/airflow/example_dags/plugins/event_listener.py for tasks to queue
[2025-11-10T14:08:51.065+0000] {logging_mixin.py:188} INFO - [2025-11-10T14:08:51.063+0000] {dagbag.py:538} INFO - Filling up the DagBag from /home/airflow/.local/lib/python3.8/site-packages/airflow/example_dags/plugins/event_listener.py
[2025-11-10T14:08:51.074+0000] {processor.py:842} WARNING - No viable dags retrieved from /home/airflow/.local/lib/python3.8/site-packages/airflow/example_dags/plugins/event_listener.py
[2025-11-10T14:08:51.113+0000] {processor.py:183} INFO - Processing /home/airflow/.local/lib/python3.8/site-packages/airflow/example_dags/plugins/event_listener.py took 0.066 seconds
[2025-11-10T14:09:21.394+0000] {processor.py:161} INFO - Started process (PID=44439) to work on /home/airflow/.local/lib/python3.8/site-packages/airflow/example_dags/plugins/event_listener.py
[2025-11-10T14:09:21.395+0000] {processor.py:830} INFO - Processing file /home/airflow/.local/lib/python3.8/site-packages/airflow/example_dags/plugins/event_listener.py for tasks to queue
[2025-11-10T14:09:21.397+0000] {logging_mixin.py:188} INFO - [2025-11-10T14:09:21.397+0000] {dagbag.py:538} INFO - Filling up the DagBag from /home/airflow/.local/lib/python3.8/site-packages/airflow/example_dags/plugins/event_listener.py
[2025-11-10T14:09:21.402+0000] {processor.py:842} WARNING - No viable dags retrieved from /home/airflow/.local/lib/python3.8/site-packages/airflow/example_dags/plugins/event_listener.py
[2025-11-10T14:09:21.428+0000] {processor.py:183} INFO - Processing /home/airflow/.local/lib/python3.8/site-packages/airflow/example_dags/plugins/event_listener.py took 0.040 seconds
[2025-11-10T14:09:52.509+0000] {processor.py:161} INFO - Started process (PID=44498) to work on /home/airflow/.local/lib/python3.8/site-packages/airflow/example_dags/plugins/event_listener.py
[2025-11-10T14:09:52.512+0000] {processor.py:830} INFO - Processing file /home/airflow/.local/lib/python3.8/site-packages/airflow/example_dags/plugins/event_listener.py for tasks to queue
[2025-11-10T14:09:52.514+0000] {logging_mixin.py:188} INFO - [2025-11-10T14:09:52.514+0000] {dagbag.py:538} INFO - Filling up the DagBag from /home/airflow/.local/lib/python3.8/site-packages/airflow/example_dags/plugins/event_listener.py
[2025-11-10T14:09:52.522+0000] {processor.py:842} WARNING - No viable dags retrieved from /home/airflow/.local/lib/python3.8/site-packages/airflow/example_dags/plugins/event_listener.py
[2025-11-10T14:09:52.566+0000] {processor.py:183} INFO - Processing /home/airflow/.local/lib/python3.8/site-packages/airflow/example_dags/plugins/event_listener.py took 0.067 seconds
[2025-11-10T14:10:23.020+0000] {processor.py:161} INFO - Started process (PID=44557) to work on /home/airflow/.local/lib/python3.8/site-packages/airflow/example_dags/plugins/event_listener.py
[2025-11-10T14:10:23.022+0000] {processor.py:830} INFO - Processing file /home/airflow/.local/lib/python3.8/site-packages/airflow/example_dags/plugins/event_listener.py for tasks to queue
[2025-11-10T14:10:23.024+0000] {logging_mixin.py:188} INFO - [2025-11-10T14:10:23.023+0000] {dagbag.py:538} INFO - Filling up the DagBag from /home/airflow/.local/lib/python3.8/site-packages/airflow/example_dags/plugins/event_listener.py
[2025-11-10T14:10:23.029+0000] {processor.py:842} WARNING - No viable dags retrieved from /home/airflow/.local/lib/python3.8/site-packages/airflow/example_dags/plugins/event_listener.py
[2025-11-10T14:10:23.050+0000] {processor.py:183} INFO - Processing /home/airflow/.local/lib/python3.8/site-packages/airflow/example_dags/plugins/event_listener.py took 0.034 seconds
[2025-11-10T14:10:53.887+0000] {processor.py:161} INFO - Started process (PID=44616) to work on /home/airflow/.local/lib/python3.8/site-packages/airflow/example_dags/plugins/event_listener.py
[2025-11-10T14:10:53.889+0000] {processor.py:830} INFO - Processing file /home/airflow/.local/lib/python3.8/site-packages/airflow/example_dags/plugins/event_listener.py for tasks to queue
[2025-11-10T14:10:53.890+0000] {logging_mixin.py:188} INFO - [2025-11-10T14:10:53.890+0000] {dagbag.py:538} INFO - Filling up the DagBag from /home/airflow/.local/lib/python3.8/site-packages/airflow/example_dags/plugins/event_listener.py
[2025-11-10T14:10:53.894+0000] {processor.py:842} WARNING - No viable dags retrieved from /home/airflow/.local/lib/python3.8/site-packages/airflow/example_dags/plugins/event_listener.py
[2025-11-10T14:10:53.913+0000] {processor.py:183} INFO - Processing /home/airflow/.local/lib/python3.8/site-packages/airflow/example_dags/plugins/event_listener.py took 0.030 seconds
[2025-11-10T14:11:24.467+0000] {processor.py:161} INFO - Started process (PID=44675) to work on /home/airflow/.local/lib/python3.8/site-packages/airflow/example_dags/plugins/event_listener.py
[2025-11-10T14:11:24.468+0000] {processor.py:830} INFO - Processing file /home/airflow/.local/lib/python3.8/site-packages/airflow/example_dags/plugins/event_listener.py for tasks to queue
[2025-11-10T14:11:24.470+0000] {logging_mixin.py:188} INFO - [2025-11-10T14:11:24.469+0000] {dagbag.py:538} INFO - Filling up the DagBag from /home/airflow/.local/lib/python3.8/site-packages/airflow/example_dags/plugins/event_listener.py
[2025-11-10T14:11:24.473+0000] {processor.py:842} WARNING - No viable dags retrieved from /home/airflow/.local/lib/python3.8/site-packages/airflow/example_dags/plugins/event_listener.py
[2025-11-10T14:11:24.491+0000] {processor.py:183} INFO - Processing /home/airflow/.local/lib/python3.8/site-packages/airflow/example_dags/plugins/event_listener.py took 0.030 seconds
[2025-11-10T14:11:55.330+0000] {processor.py:161} INFO - Started process (PID=44734) to work on /home/airflow/.local/lib/python3.8/site-packages/airflow/example_dags/plugins/event_listener.py
[2025-11-10T14:11:55.331+0000] {processor.py:830} INFO - Processing file /home/airflow/.local/lib/python3.8/site-packages/airflow/example_dags/plugins/event_listener.py for tasks to queue
[2025-11-10T14:11:55.333+0000] {logging_mixin.py:188} INFO - [2025-11-10T14:11:55.332+0000] {dagbag.py:538} INFO - Filling up the DagBag from /home/airflow/.local/lib/python3.8/site-packages/airflow/example_dags/plugins/event_listener.py
[2025-11-10T14:11:55.337+0000] {processor.py:842} WARNING - No viable dags retrieved from /home/airflow/.local/lib/python3.8/site-packages/airflow/example_dags/plugins/event_listener.py
[2025-11-10T14:11:55.357+0000] {processor.py:183} INFO - Processing /home/airflow/.local/lib/python3.8/site-packages/airflow/example_dags/plugins/event_listener.py took 0.032 seconds
[2025-11-10T14:12:26.091+0000] {processor.py:161} INFO - Started process (PID=44793) to work on /home/airflow/.local/lib/python3.8/site-packages/airflow/example_dags/plugins/event_listener.py
[2025-11-10T14:12:26.094+0000] {processor.py:830} INFO - Processing file /home/airflow/.local/lib/python3.8/site-packages/airflow/example_dags/plugins/event_listener.py for tasks to queue
[2025-11-10T14:12:26.097+0000] {logging_mixin.py:188} INFO - [2025-11-10T14:12:26.096+0000] {dagbag.py:538} INFO - Filling up the DagBag from /home/airflow/.local/lib/python3.8/site-packages/airflow/example_dags/plugins/event_listener.py
[2025-11-10T14:12:26.105+0000] {processor.py:842} WARNING - No viable dags retrieved from /home/airflow/.local/lib/python3.8/site-packages/airflow/example_dags/plugins/event_listener.py
[2025-11-10T14:12:26.140+0000] {processor.py:183} INFO - Processing /home/airflow/.local/lib/python3.8/site-packages/airflow/example_dags/plugins/event_listener.py took 0.063 seconds
[2025-11-10T14:12:56.563+0000] {processor.py:161} INFO - Started process (PID=44852) to work on /home/airflow/.local/lib/python3.8/site-packages/airflow/example_dags/plugins/event_listener.py
[2025-11-10T14:12:56.567+0000] {processor.py:830} INFO - Processing file /home/airflow/.local/lib/python3.8/site-packages/airflow/example_dags/plugins/event_listener.py for tasks to queue
[2025-11-10T14:12:56.569+0000] {logging_mixin.py:188} INFO - [2025-11-10T14:12:56.568+0000] {dagbag.py:538} INFO - Filling up the DagBag from /home/airflow/.local/lib/python3.8/site-packages/airflow/example_dags/plugins/event_listener.py
[2025-11-10T14:12:56.572+0000] {processor.py:842} WARNING - No viable dags retrieved from /home/airflow/.local/lib/python3.8/site-packages/airflow/example_dags/plugins/event_listener.py
[2025-11-10T14:12:56.593+0000] {processor.py:183} INFO - Processing /home/airflow/.local/lib/python3.8/site-packages/airflow/example_dags/plugins/event_listener.py took 0.037 seconds
[2025-11-10T14:13:26.917+0000] {processor.py:161} INFO - Started process (PID=44911) to work on /home/airflow/.local/lib/python3.8/site-packages/airflow/example_dags/plugins/event_listener.py
[2025-11-10T14:13:26.919+0000] {processor.py:830} INFO - Processing file /home/airflow/.local/lib/python3.8/site-packages/airflow/example_dags/plugins/event_listener.py for tasks to queue
[2025-11-10T14:13:26.920+0000] {logging_mixin.py:188} INFO - [2025-11-10T14:13:26.919+0000] {dagbag.py:538} INFO - Filling up the DagBag from /home/airflow/.local/lib/python3.8/site-packages/airflow/example_dags/plugins/event_listener.py
[2025-11-10T14:13:26.923+0000] {processor.py:842} WARNING - No viable dags retrieved from /home/airflow/.local/lib/python3.8/site-packages/airflow/example_dags/plugins/event_listener.py
[2025-11-10T14:13:26.940+0000] {processor.py:183} INFO - Processing /home/airflow/.local/lib/python3.8/site-packages/airflow/example_dags/plugins/event_listener.py took 0.027 seconds
[2025-11-10T14:13:57.632+0000] {processor.py:161} INFO - Started process (PID=44970) to work on /home/airflow/.local/lib/python3.8/site-packages/airflow/example_dags/plugins/event_listener.py
[2025-11-10T14:13:57.634+0000] {processor.py:830} INFO - Processing file /home/airflow/.local/lib/python3.8/site-packages/airflow/example_dags/plugins/event_listener.py for tasks to queue
[2025-11-10T14:13:57.635+0000] {logging_mixin.py:188} INFO - [2025-11-10T14:13:57.634+0000] {dagbag.py:538} INFO - Filling up the DagBag from /home/airflow/.local/lib/python3.8/site-packages/airflow/example_dags/plugins/event_listener.py
[2025-11-10T14:13:57.638+0000] {processor.py:842} WARNING - No viable dags retrieved from /home/airflow/.local/lib/python3.8/site-packages/airflow/example_dags/plugins/event_listener.py
[2025-11-10T14:13:57.655+0000] {processor.py:183} INFO - Processing /home/airflow/.local/lib/python3.8/site-packages/airflow/example_dags/plugins/event_listener.py took 0.027 seconds
[2025-11-10T14:14:27.921+0000] {processor.py:161} INFO - Started process (PID=45029) to work on /home/airflow/.local/lib/python3.8/site-packages/airflow/example_dags/plugins/event_listener.py
[2025-11-10T14:14:27.923+0000] {processor.py:830} INFO - Processing file /home/airflow/.local/lib/python3.8/site-packages/airflow/example_dags/plugins/event_listener.py for tasks to queue
[2025-11-10T14:14:27.924+0000] {logging_mixin.py:188} INFO - [2025-11-10T14:14:27.924+0000] {dagbag.py:538} INFO - Filling up the DagBag from /home/airflow/.local/lib/python3.8/site-packages/airflow/example_dags/plugins/event_listener.py
[2025-11-10T14:14:27.929+0000] {processor.py:842} WARNING - No viable dags retrieved from /home/airflow/.local/lib/python3.8/site-packages/airflow/example_dags/plugins/event_listener.py
[2025-11-10T14:14:27.951+0000] {processor.py:183} INFO - Processing /home/airflow/.local/lib/python3.8/site-packages/airflow/example_dags/plugins/event_listener.py took 0.036 seconds
[2025-11-10T14:14:58.059+0000] {processor.py:161} INFO - Started process (PID=45087) to work on /home/airflow/.local/lib/python3.8/site-packages/airflow/example_dags/plugins/event_listener.py
[2025-11-10T14:14:58.061+0000] {processor.py:830} INFO - Processing file /home/airflow/.local/lib/python3.8/site-packages/airflow/example_dags/plugins/event_listener.py for tasks to queue
[2025-11-10T14:14:58.062+0000] {logging_mixin.py:188} INFO - [2025-11-10T14:14:58.062+0000] {dagbag.py:538} INFO - Filling up the DagBag from /home/airflow/.local/lib/python3.8/site-packages/airflow/example_dags/plugins/event_listener.py
[2025-11-10T14:14:58.065+0000] {processor.py:842} WARNING - No viable dags retrieved from /home/airflow/.local/lib/python3.8/site-packages/airflow/example_dags/plugins/event_listener.py
[2025-11-10T14:14:58.087+0000] {processor.py:183} INFO - Processing /home/airflow/.local/lib/python3.8/site-packages/airflow/example_dags/plugins/event_listener.py took 0.031 seconds
[2025-11-10T14:15:28.740+0000] {processor.py:161} INFO - Started process (PID=45146) to work on /home/airflow/.local/lib/python3.8/site-packages/airflow/example_dags/plugins/event_listener.py
[2025-11-10T14:15:28.742+0000] {processor.py:830} INFO - Processing file /home/airflow/.local/lib/python3.8/site-packages/airflow/example_dags/plugins/event_listener.py for tasks to queue
[2025-11-10T14:15:28.744+0000] {logging_mixin.py:188} INFO - [2025-11-10T14:15:28.744+0000] {dagbag.py:538} INFO - Filling up the DagBag from /home/airflow/.local/lib/python3.8/site-packages/airflow/example_dags/plugins/event_listener.py
[2025-11-10T14:15:28.748+0000] {processor.py:842} WARNING - No viable dags retrieved from /home/airflow/.local/lib/python3.8/site-packages/airflow/example_dags/plugins/event_listener.py
[2025-11-10T14:15:28.772+0000] {processor.py:183} INFO - Processing /home/airflow/.local/lib/python3.8/site-packages/airflow/example_dags/plugins/event_listener.py took 0.041 seconds
[2025-11-10T14:15:59.236+0000] {processor.py:161} INFO - Started process (PID=45205) to work on /home/airflow/.local/lib/python3.8/site-packages/airflow/example_dags/plugins/event_listener.py
[2025-11-10T14:15:59.238+0000] {processor.py:830} INFO - Processing file /home/airflow/.local/lib/python3.8/site-packages/airflow/example_dags/plugins/event_listener.py for tasks to queue
[2025-11-10T14:15:59.239+0000] {logging_mixin.py:188} INFO - [2025-11-10T14:15:59.239+0000] {dagbag.py:538} INFO - Filling up the DagBag from /home/airflow/.local/lib/python3.8/site-packages/airflow/example_dags/plugins/event_listener.py
[2025-11-10T14:15:59.243+0000] {processor.py:842} WARNING - No viable dags retrieved from /home/airflow/.local/lib/python3.8/site-packages/airflow/example_dags/plugins/event_listener.py
[2025-11-10T14:15:59.266+0000] {processor.py:183} INFO - Processing /home/airflow/.local/lib/python3.8/site-packages/airflow/example_dags/plugins/event_listener.py took 0.036 seconds
[2025-11-10T14:16:30.035+0000] {processor.py:161} INFO - Started process (PID=45264) to work on /home/airflow/.local/lib/python3.8/site-packages/airflow/example_dags/plugins/event_listener.py
[2025-11-10T14:16:30.037+0000] {processor.py:830} INFO - Processing file /home/airflow/.local/lib/python3.8/site-packages/airflow/example_dags/plugins/event_listener.py for tasks to queue
[2025-11-10T14:16:30.038+0000] {logging_mixin.py:188} INFO - [2025-11-10T14:16:30.038+0000] {dagbag.py:538} INFO - Filling up the DagBag from /home/airflow/.local/lib/python3.8/site-packages/airflow/example_dags/plugins/event_listener.py
[2025-11-10T14:16:30.042+0000] {processor.py:842} WARNING - No viable dags retrieved from /home/airflow/.local/lib/python3.8/site-packages/airflow/example_dags/plugins/event_listener.py
[2025-11-10T14:16:30.061+0000] {processor.py:183} INFO - Processing /home/airflow/.local/lib/python3.8/site-packages/airflow/example_dags/plugins/event_listener.py took 0.031 seconds
[2025-11-10T14:17:00.588+0000] {processor.py:161} INFO - Started process (PID=45323) to work on /home/airflow/.local/lib/python3.8/site-packages/airflow/example_dags/plugins/event_listener.py
[2025-11-10T14:17:00.589+0000] {processor.py:830} INFO - Processing file /home/airflow/.local/lib/python3.8/site-packages/airflow/example_dags/plugins/event_listener.py for tasks to queue
[2025-11-10T14:17:00.591+0000] {logging_mixin.py:188} INFO - [2025-11-10T14:17:00.590+0000] {dagbag.py:538} INFO - Filling up the DagBag from /home/airflow/.local/lib/python3.8/site-packages/airflow/example_dags/plugins/event_listener.py
[2025-11-10T14:17:00.594+0000] {processor.py:842} WARNING - No viable dags retrieved from /home/airflow/.local/lib/python3.8/site-packages/airflow/example_dags/plugins/event_listener.py
[2025-11-10T14:17:00.614+0000] {processor.py:183} INFO - Processing /home/airflow/.local/lib/python3.8/site-packages/airflow/example_dags/plugins/event_listener.py took 0.030 seconds
[2025-11-10T14:17:31.595+0000] {processor.py:161} INFO - Started process (PID=45382) to work on /home/airflow/.local/lib/python3.8/site-packages/airflow/example_dags/plugins/event_listener.py
[2025-11-10T14:17:31.597+0000] {processor.py:830} INFO - Processing file /home/airflow/.local/lib/python3.8/site-packages/airflow/example_dags/plugins/event_listener.py for tasks to queue
[2025-11-10T14:17:31.598+0000] {logging_mixin.py:188} INFO - [2025-11-10T14:17:31.598+0000] {dagbag.py:538} INFO - Filling up the DagBag from /home/airflow/.local/lib/python3.8/site-packages/airflow/example_dags/plugins/event_listener.py
[2025-11-10T14:17:31.604+0000] {processor.py:842} WARNING - No viable dags retrieved from /home/airflow/.local/lib/python3.8/site-packages/airflow/example_dags/plugins/event_listener.py
[2025-11-10T14:17:31.624+0000] {processor.py:183} INFO - Processing /home/airflow/.local/lib/python3.8/site-packages/airflow/example_dags/plugins/event_listener.py took 0.034 seconds
[2025-11-10T14:18:02.892+0000] {processor.py:161} INFO - Started process (PID=45441) to work on /home/airflow/.local/lib/python3.8/site-packages/airflow/example_dags/plugins/event_listener.py
[2025-11-10T14:18:02.894+0000] {processor.py:830} INFO - Processing file /home/airflow/.local/lib/python3.8/site-packages/airflow/example_dags/plugins/event_listener.py for tasks to queue
[2025-11-10T14:18:02.896+0000] {logging_mixin.py:188} INFO - [2025-11-10T14:18:02.895+0000] {dagbag.py:538} INFO - Filling up the DagBag from /home/airflow/.local/lib/python3.8/site-packages/airflow/example_dags/plugins/event_listener.py
[2025-11-10T14:18:02.902+0000] {processor.py:842} WARNING - No viable dags retrieved from /home/airflow/.local/lib/python3.8/site-packages/airflow/example_dags/plugins/event_listener.py
[2025-11-10T14:18:02.934+0000] {processor.py:183} INFO - Processing /home/airflow/.local/lib/python3.8/site-packages/airflow/example_dags/plugins/event_listener.py took 0.049 seconds
[2025-11-10T14:18:33.570+0000] {processor.py:161} INFO - Started process (PID=45501) to work on /home/airflow/.local/lib/python3.8/site-packages/airflow/example_dags/plugins/event_listener.py
[2025-11-10T14:18:33.572+0000] {processor.py:830} INFO - Processing file /home/airflow/.local/lib/python3.8/site-packages/airflow/example_dags/plugins/event_listener.py for tasks to queue
[2025-11-10T14:18:33.573+0000] {logging_mixin.py:188} INFO - [2025-11-10T14:18:33.573+0000] {dagbag.py:538} INFO - Filling up the DagBag from /home/airflow/.local/lib/python3.8/site-packages/airflow/example_dags/plugins/event_listener.py
[2025-11-10T14:18:33.577+0000] {processor.py:842} WARNING - No viable dags retrieved from /home/airflow/.local/lib/python3.8/site-packages/airflow/example_dags/plugins/event_listener.py
[2025-11-10T14:18:33.603+0000] {processor.py:183} INFO - Processing /home/airflow/.local/lib/python3.8/site-packages/airflow/example_dags/plugins/event_listener.py took 0.040 seconds
[2025-11-10T14:19:04.355+0000] {processor.py:161} INFO - Started process (PID=45560) to work on /home/airflow/.local/lib/python3.8/site-packages/airflow/example_dags/plugins/event_listener.py
[2025-11-10T14:19:04.357+0000] {processor.py:830} INFO - Processing file /home/airflow/.local/lib/python3.8/site-packages/airflow/example_dags/plugins/event_listener.py for tasks to queue
[2025-11-10T14:19:04.358+0000] {logging_mixin.py:188} INFO - [2025-11-10T14:19:04.358+0000] {dagbag.py:538} INFO - Filling up the DagBag from /home/airflow/.local/lib/python3.8/site-packages/airflow/example_dags/plugins/event_listener.py
[2025-11-10T14:19:04.362+0000] {processor.py:842} WARNING - No viable dags retrieved from /home/airflow/.local/lib/python3.8/site-packages/airflow/example_dags/plugins/event_listener.py
[2025-11-10T14:19:04.383+0000] {processor.py:183} INFO - Processing /home/airflow/.local/lib/python3.8/site-packages/airflow/example_dags/plugins/event_listener.py took 0.032 seconds
[2025-11-10T14:19:34.549+0000] {processor.py:161} INFO - Started process (PID=45619) to work on /home/airflow/.local/lib/python3.8/site-packages/airflow/example_dags/plugins/event_listener.py
[2025-11-10T14:19:34.551+0000] {processor.py:830} INFO - Processing file /home/airflow/.local/lib/python3.8/site-packages/airflow/example_dags/plugins/event_listener.py for tasks to queue
[2025-11-10T14:19:34.552+0000] {logging_mixin.py:188} INFO - [2025-11-10T14:19:34.552+0000] {dagbag.py:538} INFO - Filling up the DagBag from /home/airflow/.local/lib/python3.8/site-packages/airflow/example_dags/plugins/event_listener.py
[2025-11-10T14:19:34.556+0000] {processor.py:842} WARNING - No viable dags retrieved from /home/airflow/.local/lib/python3.8/site-packages/airflow/example_dags/plugins/event_listener.py
[2025-11-10T14:19:34.574+0000] {processor.py:183} INFO - Processing /home/airflow/.local/lib/python3.8/site-packages/airflow/example_dags/plugins/event_listener.py took 0.031 seconds
[2025-11-10T14:20:04.790+0000] {processor.py:161} INFO - Started process (PID=45678) to work on /home/airflow/.local/lib/python3.8/site-packages/airflow/example_dags/plugins/event_listener.py
[2025-11-10T14:20:04.792+0000] {processor.py:830} INFO - Processing file /home/airflow/.local/lib/python3.8/site-packages/airflow/example_dags/plugins/event_listener.py for tasks to queue
[2025-11-10T14:20:04.794+0000] {logging_mixin.py:188} INFO - [2025-11-10T14:20:04.793+0000] {dagbag.py:538} INFO - Filling up the DagBag from /home/airflow/.local/lib/python3.8/site-packages/airflow/example_dags/plugins/event_listener.py
[2025-11-10T14:20:04.799+0000] {processor.py:842} WARNING - No viable dags retrieved from /home/airflow/.local/lib/python3.8/site-packages/airflow/example_dags/plugins/event_listener.py
[2025-11-10T14:20:04.821+0000] {processor.py:183} INFO - Processing /home/airflow/.local/lib/python3.8/site-packages/airflow/example_dags/plugins/event_listener.py took 0.035 seconds
[2025-11-10T14:20:35.032+0000] {processor.py:161} INFO - Started process (PID=45737) to work on /home/airflow/.local/lib/python3.8/site-packages/airflow/example_dags/plugins/event_listener.py
[2025-11-10T14:20:35.035+0000] {processor.py:830} INFO - Processing file /home/airflow/.local/lib/python3.8/site-packages/airflow/example_dags/plugins/event_listener.py for tasks to queue
[2025-11-10T14:20:35.037+0000] {logging_mixin.py:188} INFO - [2025-11-10T14:20:35.036+0000] {dagbag.py:538} INFO - Filling up the DagBag from /home/airflow/.local/lib/python3.8/site-packages/airflow/example_dags/plugins/event_listener.py
[2025-11-10T14:20:35.041+0000] {processor.py:842} WARNING - No viable dags retrieved from /home/airflow/.local/lib/python3.8/site-packages/airflow/example_dags/plugins/event_listener.py
[2025-11-10T14:20:35.060+0000] {processor.py:183} INFO - Processing /home/airflow/.local/lib/python3.8/site-packages/airflow/example_dags/plugins/event_listener.py took 0.033 seconds
[2025-11-10T14:21:05.293+0000] {processor.py:161} INFO - Started process (PID=45796) to work on /home/airflow/.local/lib/python3.8/site-packages/airflow/example_dags/plugins/event_listener.py
[2025-11-10T14:21:05.295+0000] {processor.py:830} INFO - Processing file /home/airflow/.local/lib/python3.8/site-packages/airflow/example_dags/plugins/event_listener.py for tasks to queue
[2025-11-10T14:21:05.297+0000] {logging_mixin.py:188} INFO - [2025-11-10T14:21:05.296+0000] {dagbag.py:538} INFO - Filling up the DagBag from /home/airflow/.local/lib/python3.8/site-packages/airflow/example_dags/plugins/event_listener.py
[2025-11-10T14:21:05.301+0000] {processor.py:842} WARNING - No viable dags retrieved from /home/airflow/.local/lib/python3.8/site-packages/airflow/example_dags/plugins/event_listener.py
[2025-11-10T14:21:05.324+0000] {processor.py:183} INFO - Processing /home/airflow/.local/lib/python3.8/site-packages/airflow/example_dags/plugins/event_listener.py took 0.037 seconds
[2025-11-10T14:21:36.121+0000] {processor.py:161} INFO - Started process (PID=45856) to work on /home/airflow/.local/lib/python3.8/site-packages/airflow/example_dags/plugins/event_listener.py
[2025-11-10T14:21:36.123+0000] {processor.py:830} INFO - Processing file /home/airflow/.local/lib/python3.8/site-packages/airflow/example_dags/plugins/event_listener.py for tasks to queue
[2025-11-10T14:21:36.125+0000] {logging_mixin.py:188} INFO - [2025-11-10T14:21:36.125+0000] {dagbag.py:538} INFO - Filling up the DagBag from /home/airflow/.local/lib/python3.8/site-packages/airflow/example_dags/plugins/event_listener.py
[2025-11-10T14:21:36.132+0000] {processor.py:842} WARNING - No viable dags retrieved from /home/airflow/.local/lib/python3.8/site-packages/airflow/example_dags/plugins/event_listener.py
[2025-11-10T14:21:36.182+0000] {processor.py:183} INFO - Processing /home/airflow/.local/lib/python3.8/site-packages/airflow/example_dags/plugins/event_listener.py took 0.068 seconds
[2025-11-10T14:22:06.574+0000] {processor.py:161} INFO - Started process (PID=45915) to work on /home/airflow/.local/lib/python3.8/site-packages/airflow/example_dags/plugins/event_listener.py
[2025-11-10T14:22:06.576+0000] {processor.py:830} INFO - Processing file /home/airflow/.local/lib/python3.8/site-packages/airflow/example_dags/plugins/event_listener.py for tasks to queue
[2025-11-10T14:22:06.578+0000] {logging_mixin.py:188} INFO - [2025-11-10T14:22:06.578+0000] {dagbag.py:538} INFO - Filling up the DagBag from /home/airflow/.local/lib/python3.8/site-packages/airflow/example_dags/plugins/event_listener.py
[2025-11-10T14:22:06.584+0000] {processor.py:842} WARNING - No viable dags retrieved from /home/airflow/.local/lib/python3.8/site-packages/airflow/example_dags/plugins/event_listener.py
[2025-11-10T14:22:06.610+0000] {processor.py:183} INFO - Processing /home/airflow/.local/lib/python3.8/site-packages/airflow/example_dags/plugins/event_listener.py took 0.043 seconds
[2025-11-10T14:22:37.083+0000] {processor.py:161} INFO - Started process (PID=45974) to work on /home/airflow/.local/lib/python3.8/site-packages/airflow/example_dags/plugins/event_listener.py
[2025-11-10T14:22:37.085+0000] {processor.py:830} INFO - Processing file /home/airflow/.local/lib/python3.8/site-packages/airflow/example_dags/plugins/event_listener.py for tasks to queue
[2025-11-10T14:22:37.087+0000] {logging_mixin.py:188} INFO - [2025-11-10T14:22:37.087+0000] {dagbag.py:538} INFO - Filling up the DagBag from /home/airflow/.local/lib/python3.8/site-packages/airflow/example_dags/plugins/event_listener.py
[2025-11-10T14:22:37.091+0000] {processor.py:842} WARNING - No viable dags retrieved from /home/airflow/.local/lib/python3.8/site-packages/airflow/example_dags/plugins/event_listener.py
[2025-11-10T14:22:37.113+0000] {processor.py:183} INFO - Processing /home/airflow/.local/lib/python3.8/site-packages/airflow/example_dags/plugins/event_listener.py took 0.036 seconds
[2025-11-10T14:23:07.601+0000] {processor.py:161} INFO - Started process (PID=46033) to work on /home/airflow/.local/lib/python3.8/site-packages/airflow/example_dags/plugins/event_listener.py
[2025-11-10T14:23:07.603+0000] {processor.py:830} INFO - Processing file /home/airflow/.local/lib/python3.8/site-packages/airflow/example_dags/plugins/event_listener.py for tasks to queue
[2025-11-10T14:23:07.605+0000] {logging_mixin.py:188} INFO - [2025-11-10T14:23:07.604+0000] {dagbag.py:538} INFO - Filling up the DagBag from /home/airflow/.local/lib/python3.8/site-packages/airflow/example_dags/plugins/event_listener.py
[2025-11-10T14:23:07.609+0000] {processor.py:842} WARNING - No viable dags retrieved from /home/airflow/.local/lib/python3.8/site-packages/airflow/example_dags/plugins/event_listener.py
[2025-11-10T14:23:07.635+0000] {processor.py:183} INFO - Processing /home/airflow/.local/lib/python3.8/site-packages/airflow/example_dags/plugins/event_listener.py took 0.040 seconds
[2025-11-10T14:23:37.772+0000] {processor.py:161} INFO - Started process (PID=46090) to work on /home/airflow/.local/lib/python3.8/site-packages/airflow/example_dags/plugins/event_listener.py
[2025-11-10T14:23:37.774+0000] {processor.py:830} INFO - Processing file /home/airflow/.local/lib/python3.8/site-packages/airflow/example_dags/plugins/event_listener.py for tasks to queue
[2025-11-10T14:23:37.776+0000] {logging_mixin.py:188} INFO - [2025-11-10T14:23:37.775+0000] {dagbag.py:538} INFO - Filling up the DagBag from /home/airflow/.local/lib/python3.8/site-packages/airflow/example_dags/plugins/event_listener.py
[2025-11-10T14:23:37.779+0000] {processor.py:842} WARNING - No viable dags retrieved from /home/airflow/.local/lib/python3.8/site-packages/airflow/example_dags/plugins/event_listener.py
[2025-11-10T14:23:37.797+0000] {processor.py:183} INFO - Processing /home/airflow/.local/lib/python3.8/site-packages/airflow/example_dags/plugins/event_listener.py took 0.029 seconds
[2025-11-10T14:24:07.966+0000] {processor.py:161} INFO - Started process (PID=46149) to work on /home/airflow/.local/lib/python3.8/site-packages/airflow/example_dags/plugins/event_listener.py
[2025-11-10T14:24:07.968+0000] {processor.py:830} INFO - Processing file /home/airflow/.local/lib/python3.8/site-packages/airflow/example_dags/plugins/event_listener.py for tasks to queue
[2025-11-10T14:24:07.969+0000] {logging_mixin.py:188} INFO - [2025-11-10T14:24:07.969+0000] {dagbag.py:538} INFO - Filling up the DagBag from /home/airflow/.local/lib/python3.8/site-packages/airflow/example_dags/plugins/event_listener.py
[2025-11-10T14:24:07.972+0000] {processor.py:842} WARNING - No viable dags retrieved from /home/airflow/.local/lib/python3.8/site-packages/airflow/example_dags/plugins/event_listener.py
[2025-11-10T14:24:07.991+0000] {processor.py:183} INFO - Processing /home/airflow/.local/lib/python3.8/site-packages/airflow/example_dags/plugins/event_listener.py took 0.029 seconds
[2025-11-10T14:24:38.168+0000] {processor.py:161} INFO - Started process (PID=46208) to work on /home/airflow/.local/lib/python3.8/site-packages/airflow/example_dags/plugins/event_listener.py
[2025-11-10T14:24:38.169+0000] {processor.py:830} INFO - Processing file /home/airflow/.local/lib/python3.8/site-packages/airflow/example_dags/plugins/event_listener.py for tasks to queue
[2025-11-10T14:24:38.171+0000] {logging_mixin.py:188} INFO - [2025-11-10T14:24:38.170+0000] {dagbag.py:538} INFO - Filling up the DagBag from /home/airflow/.local/lib/python3.8/site-packages/airflow/example_dags/plugins/event_listener.py
[2025-11-10T14:24:38.174+0000] {processor.py:842} WARNING - No viable dags retrieved from /home/airflow/.local/lib/python3.8/site-packages/airflow/example_dags/plugins/event_listener.py
[2025-11-10T14:24:38.193+0000] {processor.py:183} INFO - Processing /home/airflow/.local/lib/python3.8/site-packages/airflow/example_dags/plugins/event_listener.py took 0.029 seconds
[2025-11-10T14:25:08.556+0000] {processor.py:161} INFO - Started process (PID=46267) to work on /home/airflow/.local/lib/python3.8/site-packages/airflow/example_dags/plugins/event_listener.py
[2025-11-10T14:25:08.557+0000] {processor.py:830} INFO - Processing file /home/airflow/.local/lib/python3.8/site-packages/airflow/example_dags/plugins/event_listener.py for tasks to queue
[2025-11-10T14:25:08.559+0000] {logging_mixin.py:188} INFO - [2025-11-10T14:25:08.558+0000] {dagbag.py:538} INFO - Filling up the DagBag from /home/airflow/.local/lib/python3.8/site-packages/airflow/example_dags/plugins/event_listener.py
[2025-11-10T14:25:08.563+0000] {processor.py:842} WARNING - No viable dags retrieved from /home/airflow/.local/lib/python3.8/site-packages/airflow/example_dags/plugins/event_listener.py
[2025-11-10T14:25:08.583+0000] {processor.py:183} INFO - Processing /home/airflow/.local/lib/python3.8/site-packages/airflow/example_dags/plugins/event_listener.py took 0.032 seconds
[2025-11-10T14:25:39.005+0000] {processor.py:161} INFO - Started process (PID=46326) to work on /home/airflow/.local/lib/python3.8/site-packages/airflow/example_dags/plugins/event_listener.py
[2025-11-10T14:25:39.006+0000] {processor.py:830} INFO - Processing file /home/airflow/.local/lib/python3.8/site-packages/airflow/example_dags/plugins/event_listener.py for tasks to queue
[2025-11-10T14:25:39.007+0000] {logging_mixin.py:188} INFO - [2025-11-10T14:25:39.007+0000] {dagbag.py:538} INFO - Filling up the DagBag from /home/airflow/.local/lib/python3.8/site-packages/airflow/example_dags/plugins/event_listener.py
[2025-11-10T14:25:39.010+0000] {processor.py:842} WARNING - No viable dags retrieved from /home/airflow/.local/lib/python3.8/site-packages/airflow/example_dags/plugins/event_listener.py
[2025-11-10T14:25:39.028+0000] {processor.py:183} INFO - Processing /home/airflow/.local/lib/python3.8/site-packages/airflow/example_dags/plugins/event_listener.py took 0.028 seconds
[2025-11-10T14:26:09.881+0000] {processor.py:161} INFO - Started process (PID=46385) to work on /home/airflow/.local/lib/python3.8/site-packages/airflow/example_dags/plugins/event_listener.py
[2025-11-10T14:26:09.884+0000] {processor.py:830} INFO - Processing file /home/airflow/.local/lib/python3.8/site-packages/airflow/example_dags/plugins/event_listener.py for tasks to queue
[2025-11-10T14:26:09.887+0000] {logging_mixin.py:188} INFO - [2025-11-10T14:26:09.886+0000] {dagbag.py:538} INFO - Filling up the DagBag from /home/airflow/.local/lib/python3.8/site-packages/airflow/example_dags/plugins/event_listener.py
[2025-11-10T14:26:09.894+0000] {processor.py:842} WARNING - No viable dags retrieved from /home/airflow/.local/lib/python3.8/site-packages/airflow/example_dags/plugins/event_listener.py
[2025-11-10T14:26:09.931+0000] {processor.py:183} INFO - Processing /home/airflow/.local/lib/python3.8/site-packages/airflow/example_dags/plugins/event_listener.py took 0.057 seconds
[2025-11-10T14:26:40.247+0000] {processor.py:161} INFO - Started process (PID=46444) to work on /home/airflow/.local/lib/python3.8/site-packages/airflow/example_dags/plugins/event_listener.py
[2025-11-10T14:26:40.250+0000] {processor.py:830} INFO - Processing file /home/airflow/.local/lib/python3.8/site-packages/airflow/example_dags/plugins/event_listener.py for tasks to queue
[2025-11-10T14:26:40.251+0000] {logging_mixin.py:188} INFO - [2025-11-10T14:26:40.251+0000] {dagbag.py:538} INFO - Filling up the DagBag from /home/airflow/.local/lib/python3.8/site-packages/airflow/example_dags/plugins/event_listener.py
[2025-11-10T14:26:40.256+0000] {processor.py:842} WARNING - No viable dags retrieved from /home/airflow/.local/lib/python3.8/site-packages/airflow/example_dags/plugins/event_listener.py
[2025-11-10T14:26:40.283+0000] {processor.py:183} INFO - Processing /home/airflow/.local/lib/python3.8/site-packages/airflow/example_dags/plugins/event_listener.py took 0.042 seconds
[2025-11-10T14:27:10.671+0000] {processor.py:161} INFO - Started process (PID=46503) to work on /home/airflow/.local/lib/python3.8/site-packages/airflow/example_dags/plugins/event_listener.py
[2025-11-10T14:27:10.673+0000] {processor.py:830} INFO - Processing file /home/airflow/.local/lib/python3.8/site-packages/airflow/example_dags/plugins/event_listener.py for tasks to queue
[2025-11-10T14:27:10.675+0000] {logging_mixin.py:188} INFO - [2025-11-10T14:27:10.674+0000] {dagbag.py:538} INFO - Filling up the DagBag from /home/airflow/.local/lib/python3.8/site-packages/airflow/example_dags/plugins/event_listener.py
[2025-11-10T14:27:10.678+0000] {processor.py:842} WARNING - No viable dags retrieved from /home/airflow/.local/lib/python3.8/site-packages/airflow/example_dags/plugins/event_listener.py
[2025-11-10T14:27:10.698+0000] {processor.py:183} INFO - Processing /home/airflow/.local/lib/python3.8/site-packages/airflow/example_dags/plugins/event_listener.py took 0.030 seconds
[2025-11-10T14:27:41.530+0000] {processor.py:161} INFO - Started process (PID=46562) to work on /home/airflow/.local/lib/python3.8/site-packages/airflow/example_dags/plugins/event_listener.py
[2025-11-10T14:27:41.532+0000] {processor.py:830} INFO - Processing file /home/airflow/.local/lib/python3.8/site-packages/airflow/example_dags/plugins/event_listener.py for tasks to queue
[2025-11-10T14:27:41.534+0000] {logging_mixin.py:188} INFO - [2025-11-10T14:27:41.533+0000] {dagbag.py:538} INFO - Filling up the DagBag from /home/airflow/.local/lib/python3.8/site-packages/airflow/example_dags/plugins/event_listener.py
[2025-11-10T14:27:41.538+0000] {processor.py:842} WARNING - No viable dags retrieved from /home/airflow/.local/lib/python3.8/site-packages/airflow/example_dags/plugins/event_listener.py
[2025-11-10T14:27:41.558+0000] {processor.py:183} INFO - Processing /home/airflow/.local/lib/python3.8/site-packages/airflow/example_dags/plugins/event_listener.py took 0.033 seconds
[2025-11-10T14:28:12.130+0000] {processor.py:161} INFO - Started process (PID=46622) to work on /home/airflow/.local/lib/python3.8/site-packages/airflow/example_dags/plugins/event_listener.py
[2025-11-10T14:28:12.131+0000] {processor.py:830} INFO - Processing file /home/airflow/.local/lib/python3.8/site-packages/airflow/example_dags/plugins/event_listener.py for tasks to queue
[2025-11-10T14:28:12.133+0000] {logging_mixin.py:188} INFO - [2025-11-10T14:28:12.132+0000] {dagbag.py:538} INFO - Filling up the DagBag from /home/airflow/.local/lib/python3.8/site-packages/airflow/example_dags/plugins/event_listener.py
[2025-11-10T14:28:12.136+0000] {processor.py:842} WARNING - No viable dags retrieved from /home/airflow/.local/lib/python3.8/site-packages/airflow/example_dags/plugins/event_listener.py
[2025-11-10T14:28:12.154+0000] {processor.py:183} INFO - Processing /home/airflow/.local/lib/python3.8/site-packages/airflow/example_dags/plugins/event_listener.py took 0.028 seconds
[2025-11-10T14:28:42.687+0000] {processor.py:161} INFO - Started process (PID=46681) to work on /home/airflow/.local/lib/python3.8/site-packages/airflow/example_dags/plugins/event_listener.py
[2025-11-10T14:28:42.688+0000] {processor.py:830} INFO - Processing file /home/airflow/.local/lib/python3.8/site-packages/airflow/example_dags/plugins/event_listener.py for tasks to queue
[2025-11-10T14:28:42.690+0000] {logging_mixin.py:188} INFO - [2025-11-10T14:28:42.689+0000] {dagbag.py:538} INFO - Filling up the DagBag from /home/airflow/.local/lib/python3.8/site-packages/airflow/example_dags/plugins/event_listener.py
[2025-11-10T14:28:42.695+0000] {processor.py:842} WARNING - No viable dags retrieved from /home/airflow/.local/lib/python3.8/site-packages/airflow/example_dags/plugins/event_listener.py
[2025-11-10T14:28:42.723+0000] {processor.py:183} INFO - Processing /home/airflow/.local/lib/python3.8/site-packages/airflow/example_dags/plugins/event_listener.py took 0.040 seconds
[2025-11-10T14:29:13.332+0000] {processor.py:161} INFO - Started process (PID=46740) to work on /home/airflow/.local/lib/python3.8/site-packages/airflow/example_dags/plugins/event_listener.py
[2025-11-10T14:29:13.335+0000] {processor.py:830} INFO - Processing file /home/airflow/.local/lib/python3.8/site-packages/airflow/example_dags/plugins/event_listener.py for tasks to queue
[2025-11-10T14:29:13.338+0000] {logging_mixin.py:188} INFO - [2025-11-10T14:29:13.337+0000] {dagbag.py:538} INFO - Filling up the DagBag from /home/airflow/.local/lib/python3.8/site-packages/airflow/example_dags/plugins/event_listener.py
[2025-11-10T14:29:13.344+0000] {processor.py:842} WARNING - No viable dags retrieved from /home/airflow/.local/lib/python3.8/site-packages/airflow/example_dags/plugins/event_listener.py
[2025-11-10T14:29:13.381+0000] {processor.py:183} INFO - Processing /home/airflow/.local/lib/python3.8/site-packages/airflow/example_dags/plugins/event_listener.py took 0.061 seconds
[2025-11-10T14:29:43.942+0000] {processor.py:161} INFO - Started process (PID=46799) to work on /home/airflow/.local/lib/python3.8/site-packages/airflow/example_dags/plugins/event_listener.py
[2025-11-10T14:29:43.943+0000] {processor.py:830} INFO - Processing file /home/airflow/.local/lib/python3.8/site-packages/airflow/example_dags/plugins/event_listener.py for tasks to queue
[2025-11-10T14:29:43.945+0000] {logging_mixin.py:188} INFO - [2025-11-10T14:29:43.944+0000] {dagbag.py:538} INFO - Filling up the DagBag from /home/airflow/.local/lib/python3.8/site-packages/airflow/example_dags/plugins/event_listener.py
[2025-11-10T14:29:43.948+0000] {processor.py:842} WARNING - No viable dags retrieved from /home/airflow/.local/lib/python3.8/site-packages/airflow/example_dags/plugins/event_listener.py
[2025-11-10T14:29:43.966+0000] {processor.py:183} INFO - Processing /home/airflow/.local/lib/python3.8/site-packages/airflow/example_dags/plugins/event_listener.py took 0.029 seconds
[2025-11-10T14:30:14.475+0000] {processor.py:161} INFO - Started process (PID=46858) to work on /home/airflow/.local/lib/python3.8/site-packages/airflow/example_dags/plugins/event_listener.py
[2025-11-10T14:30:14.477+0000] {processor.py:830} INFO - Processing file /home/airflow/.local/lib/python3.8/site-packages/airflow/example_dags/plugins/event_listener.py for tasks to queue
[2025-11-10T14:30:14.480+0000] {logging_mixin.py:188} INFO - [2025-11-10T14:30:14.479+0000] {dagbag.py:538} INFO - Filling up the DagBag from /home/airflow/.local/lib/python3.8/site-packages/airflow/example_dags/plugins/event_listener.py
[2025-11-10T14:30:14.485+0000] {processor.py:842} WARNING - No viable dags retrieved from /home/airflow/.local/lib/python3.8/site-packages/airflow/example_dags/plugins/event_listener.py
[2025-11-10T14:30:14.511+0000] {processor.py:183} INFO - Processing /home/airflow/.local/lib/python3.8/site-packages/airflow/example_dags/plugins/event_listener.py took 0.046 seconds
[2025-11-10T14:30:44.823+0000] {processor.py:161} INFO - Started process (PID=46917) to work on /home/airflow/.local/lib/python3.8/site-packages/airflow/example_dags/plugins/event_listener.py
[2025-11-10T14:30:44.824+0000] {processor.py:830} INFO - Processing file /home/airflow/.local/lib/python3.8/site-packages/airflow/example_dags/plugins/event_listener.py for tasks to queue
[2025-11-10T14:30:44.826+0000] {logging_mixin.py:188} INFO - [2025-11-10T14:30:44.825+0000] {dagbag.py:538} INFO - Filling up the DagBag from /home/airflow/.local/lib/python3.8/site-packages/airflow/example_dags/plugins/event_listener.py
[2025-11-10T14:30:44.829+0000] {processor.py:842} WARNING - No viable dags retrieved from /home/airflow/.local/lib/python3.8/site-packages/airflow/example_dags/plugins/event_listener.py
[2025-11-10T14:30:44.847+0000] {processor.py:183} INFO - Processing /home/airflow/.local/lib/python3.8/site-packages/airflow/example_dags/plugins/event_listener.py took 0.029 seconds
[2025-11-10T14:31:15.271+0000] {processor.py:161} INFO - Started process (PID=46976) to work on /home/airflow/.local/lib/python3.8/site-packages/airflow/example_dags/plugins/event_listener.py
[2025-11-10T14:31:15.273+0000] {processor.py:830} INFO - Processing file /home/airflow/.local/lib/python3.8/site-packages/airflow/example_dags/plugins/event_listener.py for tasks to queue
[2025-11-10T14:31:15.274+0000] {logging_mixin.py:188} INFO - [2025-11-10T14:31:15.274+0000] {dagbag.py:538} INFO - Filling up the DagBag from /home/airflow/.local/lib/python3.8/site-packages/airflow/example_dags/plugins/event_listener.py
[2025-11-10T14:31:15.278+0000] {processor.py:842} WARNING - No viable dags retrieved from /home/airflow/.local/lib/python3.8/site-packages/airflow/example_dags/plugins/event_listener.py
[2025-11-10T14:31:15.297+0000] {processor.py:183} INFO - Processing /home/airflow/.local/lib/python3.8/site-packages/airflow/example_dags/plugins/event_listener.py took 0.030 seconds
[2025-11-10T14:31:45.978+0000] {processor.py:161} INFO - Started process (PID=47035) to work on /home/airflow/.local/lib/python3.8/site-packages/airflow/example_dags/plugins/event_listener.py
[2025-11-10T14:31:45.979+0000] {processor.py:830} INFO - Processing file /home/airflow/.local/lib/python3.8/site-packages/airflow/example_dags/plugins/event_listener.py for tasks to queue
[2025-11-10T14:31:45.981+0000] {logging_mixin.py:188} INFO - [2025-11-10T14:31:45.981+0000] {dagbag.py:538} INFO - Filling up the DagBag from /home/airflow/.local/lib/python3.8/site-packages/airflow/example_dags/plugins/event_listener.py
[2025-11-10T14:31:45.986+0000] {processor.py:842} WARNING - No viable dags retrieved from /home/airflow/.local/lib/python3.8/site-packages/airflow/example_dags/plugins/event_listener.py
[2025-11-10T14:31:46.005+0000] {processor.py:183} INFO - Processing /home/airflow/.local/lib/python3.8/site-packages/airflow/example_dags/plugins/event_listener.py took 0.032 seconds
[2025-11-10T14:32:16.363+0000] {processor.py:161} INFO - Started process (PID=47094) to work on /home/airflow/.local/lib/python3.8/site-packages/airflow/example_dags/plugins/event_listener.py
[2025-11-10T14:32:16.364+0000] {processor.py:830} INFO - Processing file /home/airflow/.local/lib/python3.8/site-packages/airflow/example_dags/plugins/event_listener.py for tasks to queue
[2025-11-10T14:32:16.366+0000] {logging_mixin.py:188} INFO - [2025-11-10T14:32:16.365+0000] {dagbag.py:538} INFO - Filling up the DagBag from /home/airflow/.local/lib/python3.8/site-packages/airflow/example_dags/plugins/event_listener.py
[2025-11-10T14:32:16.369+0000] {processor.py:842} WARNING - No viable dags retrieved from /home/airflow/.local/lib/python3.8/site-packages/airflow/example_dags/plugins/event_listener.py
[2025-11-10T14:32:16.389+0000] {processor.py:183} INFO - Processing /home/airflow/.local/lib/python3.8/site-packages/airflow/example_dags/plugins/event_listener.py took 0.031 seconds
[2025-11-10T14:32:47.315+0000] {processor.py:161} INFO - Started process (PID=47153) to work on /home/airflow/.local/lib/python3.8/site-packages/airflow/example_dags/plugins/event_listener.py
[2025-11-10T14:32:47.318+0000] {processor.py:830} INFO - Processing file /home/airflow/.local/lib/python3.8/site-packages/airflow/example_dags/plugins/event_listener.py for tasks to queue
[2025-11-10T14:32:47.321+0000] {logging_mixin.py:188} INFO - [2025-11-10T14:32:47.320+0000] {dagbag.py:538} INFO - Filling up the DagBag from /home/airflow/.local/lib/python3.8/site-packages/airflow/example_dags/plugins/event_listener.py
[2025-11-10T14:32:47.328+0000] {processor.py:842} WARNING - No viable dags retrieved from /home/airflow/.local/lib/python3.8/site-packages/airflow/example_dags/plugins/event_listener.py
[2025-11-10T14:32:47.361+0000] {processor.py:183} INFO - Processing /home/airflow/.local/lib/python3.8/site-packages/airflow/example_dags/plugins/event_listener.py took 0.054 seconds
[2025-11-10T14:33:17.717+0000] {processor.py:161} INFO - Started process (PID=47212) to work on /home/airflow/.local/lib/python3.8/site-packages/airflow/example_dags/plugins/event_listener.py
[2025-11-10T14:33:17.719+0000] {processor.py:830} INFO - Processing file /home/airflow/.local/lib/python3.8/site-packages/airflow/example_dags/plugins/event_listener.py for tasks to queue
[2025-11-10T14:33:17.721+0000] {logging_mixin.py:188} INFO - [2025-11-10T14:33:17.721+0000] {dagbag.py:538} INFO - Filling up the DagBag from /home/airflow/.local/lib/python3.8/site-packages/airflow/example_dags/plugins/event_listener.py
[2025-11-10T14:33:17.726+0000] {processor.py:842} WARNING - No viable dags retrieved from /home/airflow/.local/lib/python3.8/site-packages/airflow/example_dags/plugins/event_listener.py
[2025-11-10T14:33:17.751+0000] {processor.py:183} INFO - Processing /home/airflow/.local/lib/python3.8/site-packages/airflow/example_dags/plugins/event_listener.py took 0.041 seconds
[2025-11-10T14:33:48.400+0000] {processor.py:161} INFO - Started process (PID=47271) to work on /home/airflow/.local/lib/python3.8/site-packages/airflow/example_dags/plugins/event_listener.py
[2025-11-10T14:33:48.402+0000] {processor.py:830} INFO - Processing file /home/airflow/.local/lib/python3.8/site-packages/airflow/example_dags/plugins/event_listener.py for tasks to queue
[2025-11-10T14:33:48.403+0000] {logging_mixin.py:188} INFO - [2025-11-10T14:33:48.403+0000] {dagbag.py:538} INFO - Filling up the DagBag from /home/airflow/.local/lib/python3.8/site-packages/airflow/example_dags/plugins/event_listener.py
[2025-11-10T14:33:48.407+0000] {processor.py:842} WARNING - No viable dags retrieved from /home/airflow/.local/lib/python3.8/site-packages/airflow/example_dags/plugins/event_listener.py
[2025-11-10T14:33:48.428+0000] {processor.py:183} INFO - Processing /home/airflow/.local/lib/python3.8/site-packages/airflow/example_dags/plugins/event_listener.py took 0.032 seconds
[2025-11-10T14:34:19.282+0000] {processor.py:161} INFO - Started process (PID=47330) to work on /home/airflow/.local/lib/python3.8/site-packages/airflow/example_dags/plugins/event_listener.py
[2025-11-10T14:34:19.284+0000] {processor.py:830} INFO - Processing file /home/airflow/.local/lib/python3.8/site-packages/airflow/example_dags/plugins/event_listener.py for tasks to queue
[2025-11-10T14:34:19.287+0000] {logging_mixin.py:188} INFO - [2025-11-10T14:34:19.286+0000] {dagbag.py:538} INFO - Filling up the DagBag from /home/airflow/.local/lib/python3.8/site-packages/airflow/example_dags/plugins/event_listener.py
[2025-11-10T14:34:19.292+0000] {processor.py:842} WARNING - No viable dags retrieved from /home/airflow/.local/lib/python3.8/site-packages/airflow/example_dags/plugins/event_listener.py
[2025-11-10T14:34:19.310+0000] {processor.py:183} INFO - Processing /home/airflow/.local/lib/python3.8/site-packages/airflow/example_dags/plugins/event_listener.py took 0.034 seconds
[2025-11-10T14:34:49.785+0000] {processor.py:161} INFO - Started process (PID=47389) to work on /home/airflow/.local/lib/python3.8/site-packages/airflow/example_dags/plugins/event_listener.py
[2025-11-10T14:34:49.791+0000] {processor.py:830} INFO - Processing file /home/airflow/.local/lib/python3.8/site-packages/airflow/example_dags/plugins/event_listener.py for tasks to queue
[2025-11-10T14:34:49.798+0000] {logging_mixin.py:188} INFO - [2025-11-10T14:34:49.798+0000] {dagbag.py:538} INFO - Filling up the DagBag from /home/airflow/.local/lib/python3.8/site-packages/airflow/example_dags/plugins/event_listener.py
[2025-11-10T14:34:49.804+0000] {processor.py:842} WARNING - No viable dags retrieved from /home/airflow/.local/lib/python3.8/site-packages/airflow/example_dags/plugins/event_listener.py
[2025-11-10T14:34:49.849+0000] {processor.py:183} INFO - Processing /home/airflow/.local/lib/python3.8/site-packages/airflow/example_dags/plugins/event_listener.py took 0.070 seconds
[2025-11-10T14:35:20.277+0000] {processor.py:161} INFO - Started process (PID=47448) to work on /home/airflow/.local/lib/python3.8/site-packages/airflow/example_dags/plugins/event_listener.py
[2025-11-10T14:35:20.279+0000] {processor.py:830} INFO - Processing file /home/airflow/.local/lib/python3.8/site-packages/airflow/example_dags/plugins/event_listener.py for tasks to queue
[2025-11-10T14:35:20.283+0000] {logging_mixin.py:188} INFO - [2025-11-10T14:35:20.282+0000] {dagbag.py:538} INFO - Filling up the DagBag from /home/airflow/.local/lib/python3.8/site-packages/airflow/example_dags/plugins/event_listener.py
[2025-11-10T14:35:20.289+0000] {processor.py:842} WARNING - No viable dags retrieved from /home/airflow/.local/lib/python3.8/site-packages/airflow/example_dags/plugins/event_listener.py
[2025-11-10T14:35:20.323+0000] {processor.py:183} INFO - Processing /home/airflow/.local/lib/python3.8/site-packages/airflow/example_dags/plugins/event_listener.py took 0.055 seconds
[2025-11-10T14:35:50.915+0000] {processor.py:161} INFO - Started process (PID=47507) to work on /home/airflow/.local/lib/python3.8/site-packages/airflow/example_dags/plugins/event_listener.py
[2025-11-10T14:35:50.917+0000] {processor.py:830} INFO - Processing file /home/airflow/.local/lib/python3.8/site-packages/airflow/example_dags/plugins/event_listener.py for tasks to queue
[2025-11-10T14:35:50.919+0000] {logging_mixin.py:188} INFO - [2025-11-10T14:35:50.918+0000] {dagbag.py:538} INFO - Filling up the DagBag from /home/airflow/.local/lib/python3.8/site-packages/airflow/example_dags/plugins/event_listener.py
[2025-11-10T14:35:50.923+0000] {processor.py:842} WARNING - No viable dags retrieved from /home/airflow/.local/lib/python3.8/site-packages/airflow/example_dags/plugins/event_listener.py
[2025-11-10T14:35:50.942+0000] {processor.py:183} INFO - Processing /home/airflow/.local/lib/python3.8/site-packages/airflow/example_dags/plugins/event_listener.py took 0.032 seconds
[2025-11-10T14:36:21.623+0000] {processor.py:161} INFO - Started process (PID=47566) to work on /home/airflow/.local/lib/python3.8/site-packages/airflow/example_dags/plugins/event_listener.py
[2025-11-10T14:36:21.625+0000] {processor.py:830} INFO - Processing file /home/airflow/.local/lib/python3.8/site-packages/airflow/example_dags/plugins/event_listener.py for tasks to queue
[2025-11-10T14:36:21.627+0000] {logging_mixin.py:188} INFO - [2025-11-10T14:36:21.627+0000] {dagbag.py:538} INFO - Filling up the DagBag from /home/airflow/.local/lib/python3.8/site-packages/airflow/example_dags/plugins/event_listener.py
[2025-11-10T14:36:21.632+0000] {processor.py:842} WARNING - No viable dags retrieved from /home/airflow/.local/lib/python3.8/site-packages/airflow/example_dags/plugins/event_listener.py
[2025-11-10T14:36:21.655+0000] {processor.py:183} INFO - Processing /home/airflow/.local/lib/python3.8/site-packages/airflow/example_dags/plugins/event_listener.py took 0.038 seconds
[2025-11-10T14:36:52.100+0000] {processor.py:161} INFO - Started process (PID=47625) to work on /home/airflow/.local/lib/python3.8/site-packages/airflow/example_dags/plugins/event_listener.py
[2025-11-10T14:36:52.102+0000] {processor.py:830} INFO - Processing file /home/airflow/.local/lib/python3.8/site-packages/airflow/example_dags/plugins/event_listener.py for tasks to queue
[2025-11-10T14:36:52.105+0000] {logging_mixin.py:188} INFO - [2025-11-10T14:36:52.104+0000] {dagbag.py:538} INFO - Filling up the DagBag from /home/airflow/.local/lib/python3.8/site-packages/airflow/example_dags/plugins/event_listener.py
[2025-11-10T14:36:52.111+0000] {processor.py:842} WARNING - No viable dags retrieved from /home/airflow/.local/lib/python3.8/site-packages/airflow/example_dags/plugins/event_listener.py
[2025-11-10T14:36:52.137+0000] {processor.py:183} INFO - Processing /home/airflow/.local/lib/python3.8/site-packages/airflow/example_dags/plugins/event_listener.py took 0.043 seconds
[2025-11-10T14:37:22.359+0000] {processor.py:161} INFO - Started process (PID=47685) to work on /home/airflow/.local/lib/python3.8/site-packages/airflow/example_dags/plugins/event_listener.py
[2025-11-10T14:37:22.360+0000] {processor.py:830} INFO - Processing file /home/airflow/.local/lib/python3.8/site-packages/airflow/example_dags/plugins/event_listener.py for tasks to queue
[2025-11-10T14:37:22.362+0000] {logging_mixin.py:188} INFO - [2025-11-10T14:37:22.362+0000] {dagbag.py:538} INFO - Filling up the DagBag from /home/airflow/.local/lib/python3.8/site-packages/airflow/example_dags/plugins/event_listener.py
[2025-11-10T14:37:22.366+0000] {processor.py:842} WARNING - No viable dags retrieved from /home/airflow/.local/lib/python3.8/site-packages/airflow/example_dags/plugins/event_listener.py
[2025-11-10T14:37:22.391+0000] {processor.py:183} INFO - Processing /home/airflow/.local/lib/python3.8/site-packages/airflow/example_dags/plugins/event_listener.py took 0.037 seconds
[2025-11-10T14:37:53.048+0000] {processor.py:161} INFO - Started process (PID=47744) to work on /home/airflow/.local/lib/python3.8/site-packages/airflow/example_dags/plugins/event_listener.py
[2025-11-10T14:37:53.049+0000] {processor.py:830} INFO - Processing file /home/airflow/.local/lib/python3.8/site-packages/airflow/example_dags/plugins/event_listener.py for tasks to queue
[2025-11-10T14:37:53.052+0000] {logging_mixin.py:188} INFO - [2025-11-10T14:37:53.051+0000] {dagbag.py:538} INFO - Filling up the DagBag from /home/airflow/.local/lib/python3.8/site-packages/airflow/example_dags/plugins/event_listener.py
[2025-11-10T14:37:53.056+0000] {processor.py:842} WARNING - No viable dags retrieved from /home/airflow/.local/lib/python3.8/site-packages/airflow/example_dags/plugins/event_listener.py
[2025-11-10T14:37:53.082+0000] {processor.py:183} INFO - Processing /home/airflow/.local/lib/python3.8/site-packages/airflow/example_dags/plugins/event_listener.py took 0.041 seconds
[2025-11-10T14:38:23.798+0000] {processor.py:161} INFO - Started process (PID=47803) to work on /home/airflow/.local/lib/python3.8/site-packages/airflow/example_dags/plugins/event_listener.py
[2025-11-10T14:38:23.799+0000] {processor.py:830} INFO - Processing file /home/airflow/.local/lib/python3.8/site-packages/airflow/example_dags/plugins/event_listener.py for tasks to queue
[2025-11-10T14:38:23.801+0000] {logging_mixin.py:188} INFO - [2025-11-10T14:38:23.801+0000] {dagbag.py:538} INFO - Filling up the DagBag from /home/airflow/.local/lib/python3.8/site-packages/airflow/example_dags/plugins/event_listener.py
[2025-11-10T14:38:23.806+0000] {processor.py:842} WARNING - No viable dags retrieved from /home/airflow/.local/lib/python3.8/site-packages/airflow/example_dags/plugins/event_listener.py
[2025-11-10T14:38:23.834+0000] {processor.py:183} INFO - Processing /home/airflow/.local/lib/python3.8/site-packages/airflow/example_dags/plugins/event_listener.py took 0.042 seconds
[2025-11-10T14:38:54.087+0000] {processor.py:161} INFO - Started process (PID=47861) to work on /home/airflow/.local/lib/python3.8/site-packages/airflow/example_dags/plugins/event_listener.py
[2025-11-10T14:38:54.089+0000] {processor.py:830} INFO - Processing file /home/airflow/.local/lib/python3.8/site-packages/airflow/example_dags/plugins/event_listener.py for tasks to queue
[2025-11-10T14:38:54.092+0000] {logging_mixin.py:188} INFO - [2025-11-10T14:38:54.091+0000] {dagbag.py:538} INFO - Filling up the DagBag from /home/airflow/.local/lib/python3.8/site-packages/airflow/example_dags/plugins/event_listener.py
[2025-11-10T14:38:54.097+0000] {processor.py:842} WARNING - No viable dags retrieved from /home/airflow/.local/lib/python3.8/site-packages/airflow/example_dags/plugins/event_listener.py
[2025-11-10T14:38:54.119+0000] {processor.py:183} INFO - Processing /home/airflow/.local/lib/python3.8/site-packages/airflow/example_dags/plugins/event_listener.py took 0.039 seconds
[2025-11-10T14:39:25.113+0000] {processor.py:161} INFO - Started process (PID=47921) to work on /home/airflow/.local/lib/python3.8/site-packages/airflow/example_dags/plugins/event_listener.py
[2025-11-10T14:39:25.114+0000] {processor.py:830} INFO - Processing file /home/airflow/.local/lib/python3.8/site-packages/airflow/example_dags/plugins/event_listener.py for tasks to queue
[2025-11-10T14:39:25.116+0000] {logging_mixin.py:188} INFO - [2025-11-10T14:39:25.115+0000] {dagbag.py:538} INFO - Filling up the DagBag from /home/airflow/.local/lib/python3.8/site-packages/airflow/example_dags/plugins/event_listener.py
[2025-11-10T14:39:25.119+0000] {processor.py:842} WARNING - No viable dags retrieved from /home/airflow/.local/lib/python3.8/site-packages/airflow/example_dags/plugins/event_listener.py
[2025-11-10T14:39:25.139+0000] {processor.py:183} INFO - Processing /home/airflow/.local/lib/python3.8/site-packages/airflow/example_dags/plugins/event_listener.py took 0.031 seconds
[2025-11-10T14:39:55.718+0000] {processor.py:161} INFO - Started process (PID=47980) to work on /home/airflow/.local/lib/python3.8/site-packages/airflow/example_dags/plugins/event_listener.py
[2025-11-10T14:39:55.719+0000] {processor.py:830} INFO - Processing file /home/airflow/.local/lib/python3.8/site-packages/airflow/example_dags/plugins/event_listener.py for tasks to queue
[2025-11-10T14:39:55.721+0000] {logging_mixin.py:188} INFO - [2025-11-10T14:39:55.720+0000] {dagbag.py:538} INFO - Filling up the DagBag from /home/airflow/.local/lib/python3.8/site-packages/airflow/example_dags/plugins/event_listener.py
[2025-11-10T14:39:55.724+0000] {processor.py:842} WARNING - No viable dags retrieved from /home/airflow/.local/lib/python3.8/site-packages/airflow/example_dags/plugins/event_listener.py
[2025-11-10T14:39:55.744+0000] {processor.py:183} INFO - Processing /home/airflow/.local/lib/python3.8/site-packages/airflow/example_dags/plugins/event_listener.py took 0.031 seconds
[2025-11-10T14:40:26.413+0000] {processor.py:161} INFO - Started process (PID=48040) to work on /home/airflow/.local/lib/python3.8/site-packages/airflow/example_dags/plugins/event_listener.py
[2025-11-10T14:40:26.414+0000] {processor.py:830} INFO - Processing file /home/airflow/.local/lib/python3.8/site-packages/airflow/example_dags/plugins/event_listener.py for tasks to queue
[2025-11-10T14:40:26.416+0000] {logging_mixin.py:188} INFO - [2025-11-10T14:40:26.416+0000] {dagbag.py:538} INFO - Filling up the DagBag from /home/airflow/.local/lib/python3.8/site-packages/airflow/example_dags/plugins/event_listener.py
[2025-11-10T14:40:26.420+0000] {processor.py:842} WARNING - No viable dags retrieved from /home/airflow/.local/lib/python3.8/site-packages/airflow/example_dags/plugins/event_listener.py
[2025-11-10T14:40:26.440+0000] {processor.py:183} INFO - Processing /home/airflow/.local/lib/python3.8/site-packages/airflow/example_dags/plugins/event_listener.py took 0.032 seconds
[2025-11-10T14:40:56.874+0000] {processor.py:161} INFO - Started process (PID=48099) to work on /home/airflow/.local/lib/python3.8/site-packages/airflow/example_dags/plugins/event_listener.py
[2025-11-10T14:40:56.875+0000] {processor.py:830} INFO - Processing file /home/airflow/.local/lib/python3.8/site-packages/airflow/example_dags/plugins/event_listener.py for tasks to queue
[2025-11-10T14:40:56.876+0000] {logging_mixin.py:188} INFO - [2025-11-10T14:40:56.876+0000] {dagbag.py:538} INFO - Filling up the DagBag from /home/airflow/.local/lib/python3.8/site-packages/airflow/example_dags/plugins/event_listener.py
[2025-11-10T14:40:56.880+0000] {processor.py:842} WARNING - No viable dags retrieved from /home/airflow/.local/lib/python3.8/site-packages/airflow/example_dags/plugins/event_listener.py
[2025-11-10T14:40:56.898+0000] {processor.py:183} INFO - Processing /home/airflow/.local/lib/python3.8/site-packages/airflow/example_dags/plugins/event_listener.py took 0.029 seconds
[2025-11-10T14:41:27.166+0000] {processor.py:161} INFO - Started process (PID=48158) to work on /home/airflow/.local/lib/python3.8/site-packages/airflow/example_dags/plugins/event_listener.py
[2025-11-10T14:41:27.167+0000] {processor.py:830} INFO - Processing file /home/airflow/.local/lib/python3.8/site-packages/airflow/example_dags/plugins/event_listener.py for tasks to queue
[2025-11-10T14:41:27.169+0000] {logging_mixin.py:188} INFO - [2025-11-10T14:41:27.168+0000] {dagbag.py:538} INFO - Filling up the DagBag from /home/airflow/.local/lib/python3.8/site-packages/airflow/example_dags/plugins/event_listener.py
[2025-11-10T14:41:27.174+0000] {processor.py:842} WARNING - No viable dags retrieved from /home/airflow/.local/lib/python3.8/site-packages/airflow/example_dags/plugins/event_listener.py
[2025-11-10T14:41:27.218+0000] {processor.py:183} INFO - Processing /home/airflow/.local/lib/python3.8/site-packages/airflow/example_dags/plugins/event_listener.py took 0.056 seconds
[2025-11-10T14:41:58.096+0000] {processor.py:161} INFO - Started process (PID=48217) to work on /home/airflow/.local/lib/python3.8/site-packages/airflow/example_dags/plugins/event_listener.py
[2025-11-10T14:41:58.098+0000] {processor.py:830} INFO - Processing file /home/airflow/.local/lib/python3.8/site-packages/airflow/example_dags/plugins/event_listener.py for tasks to queue
[2025-11-10T14:41:58.100+0000] {logging_mixin.py:188} INFO - [2025-11-10T14:41:58.099+0000] {dagbag.py:538} INFO - Filling up the DagBag from /home/airflow/.local/lib/python3.8/site-packages/airflow/example_dags/plugins/event_listener.py
[2025-11-10T14:41:58.106+0000] {processor.py:842} WARNING - No viable dags retrieved from /home/airflow/.local/lib/python3.8/site-packages/airflow/example_dags/plugins/event_listener.py
[2025-11-10T14:41:58.131+0000] {processor.py:183} INFO - Processing /home/airflow/.local/lib/python3.8/site-packages/airflow/example_dags/plugins/event_listener.py took 0.042 seconds
[2025-11-10T14:42:28.481+0000] {processor.py:161} INFO - Started process (PID=48276) to work on /home/airflow/.local/lib/python3.8/site-packages/airflow/example_dags/plugins/event_listener.py
[2025-11-10T14:42:28.482+0000] {processor.py:830} INFO - Processing file /home/airflow/.local/lib/python3.8/site-packages/airflow/example_dags/plugins/event_listener.py for tasks to queue
[2025-11-10T14:42:28.484+0000] {logging_mixin.py:188} INFO - [2025-11-10T14:42:28.484+0000] {dagbag.py:538} INFO - Filling up the DagBag from /home/airflow/.local/lib/python3.8/site-packages/airflow/example_dags/plugins/event_listener.py
[2025-11-10T14:42:28.490+0000] {processor.py:842} WARNING - No viable dags retrieved from /home/airflow/.local/lib/python3.8/site-packages/airflow/example_dags/plugins/event_listener.py
[2025-11-10T14:42:28.512+0000] {processor.py:183} INFO - Processing /home/airflow/.local/lib/python3.8/site-packages/airflow/example_dags/plugins/event_listener.py took 0.037 seconds
[2025-11-10T14:42:59.328+0000] {processor.py:161} INFO - Started process (PID=48341) to work on /home/airflow/.local/lib/python3.8/site-packages/airflow/example_dags/plugins/event_listener.py
[2025-11-10T14:42:59.330+0000] {processor.py:830} INFO - Processing file /home/airflow/.local/lib/python3.8/site-packages/airflow/example_dags/plugins/event_listener.py for tasks to queue
[2025-11-10T14:42:59.333+0000] {logging_mixin.py:188} INFO - [2025-11-10T14:42:59.332+0000] {dagbag.py:538} INFO - Filling up the DagBag from /home/airflow/.local/lib/python3.8/site-packages/airflow/example_dags/plugins/event_listener.py
[2025-11-10T14:42:59.337+0000] {processor.py:842} WARNING - No viable dags retrieved from /home/airflow/.local/lib/python3.8/site-packages/airflow/example_dags/plugins/event_listener.py
[2025-11-10T14:42:59.368+0000] {processor.py:183} INFO - Processing /home/airflow/.local/lib/python3.8/site-packages/airflow/example_dags/plugins/event_listener.py took 0.049 seconds
[2025-11-10T14:43:30.475+0000] {processor.py:161} INFO - Started process (PID=48400) to work on /home/airflow/.local/lib/python3.8/site-packages/airflow/example_dags/plugins/event_listener.py
[2025-11-10T14:43:30.477+0000] {processor.py:830} INFO - Processing file /home/airflow/.local/lib/python3.8/site-packages/airflow/example_dags/plugins/event_listener.py for tasks to queue
[2025-11-10T14:43:30.480+0000] {logging_mixin.py:188} INFO - [2025-11-10T14:43:30.479+0000] {dagbag.py:538} INFO - Filling up the DagBag from /home/airflow/.local/lib/python3.8/site-packages/airflow/example_dags/plugins/event_listener.py
[2025-11-10T14:43:30.485+0000] {processor.py:842} WARNING - No viable dags retrieved from /home/airflow/.local/lib/python3.8/site-packages/airflow/example_dags/plugins/event_listener.py
[2025-11-10T14:43:30.513+0000] {processor.py:183} INFO - Processing /home/airflow/.local/lib/python3.8/site-packages/airflow/example_dags/plugins/event_listener.py took 0.045 seconds
[2025-11-10T14:44:00.870+0000] {processor.py:161} INFO - Started process (PID=48459) to work on /home/airflow/.local/lib/python3.8/site-packages/airflow/example_dags/plugins/event_listener.py
[2025-11-10T14:44:00.871+0000] {processor.py:830} INFO - Processing file /home/airflow/.local/lib/python3.8/site-packages/airflow/example_dags/plugins/event_listener.py for tasks to queue
[2025-11-10T14:44:00.873+0000] {logging_mixin.py:188} INFO - [2025-11-10T14:44:00.872+0000] {dagbag.py:538} INFO - Filling up the DagBag from /home/airflow/.local/lib/python3.8/site-packages/airflow/example_dags/plugins/event_listener.py
[2025-11-10T14:44:00.877+0000] {processor.py:842} WARNING - No viable dags retrieved from /home/airflow/.local/lib/python3.8/site-packages/airflow/example_dags/plugins/event_listener.py
[2025-11-10T14:44:00.898+0000] {processor.py:183} INFO - Processing /home/airflow/.local/lib/python3.8/site-packages/airflow/example_dags/plugins/event_listener.py took 0.035 seconds
[2025-11-10T14:44:31.457+0000] {processor.py:161} INFO - Started process (PID=48518) to work on /home/airflow/.local/lib/python3.8/site-packages/airflow/example_dags/plugins/event_listener.py
[2025-11-10T14:44:31.459+0000] {processor.py:830} INFO - Processing file /home/airflow/.local/lib/python3.8/site-packages/airflow/example_dags/plugins/event_listener.py for tasks to queue
[2025-11-10T14:44:31.460+0000] {logging_mixin.py:188} INFO - [2025-11-10T14:44:31.460+0000] {dagbag.py:538} INFO - Filling up the DagBag from /home/airflow/.local/lib/python3.8/site-packages/airflow/example_dags/plugins/event_listener.py
[2025-11-10T14:44:31.463+0000] {processor.py:842} WARNING - No viable dags retrieved from /home/airflow/.local/lib/python3.8/site-packages/airflow/example_dags/plugins/event_listener.py
[2025-11-10T14:44:31.482+0000] {processor.py:183} INFO - Processing /home/airflow/.local/lib/python3.8/site-packages/airflow/example_dags/plugins/event_listener.py took 0.029 seconds
[2025-11-10T14:45:01.689+0000] {processor.py:161} INFO - Started process (PID=48576) to work on /home/airflow/.local/lib/python3.8/site-packages/airflow/example_dags/plugins/event_listener.py
[2025-11-10T14:45:01.691+0000] {processor.py:830} INFO - Processing file /home/airflow/.local/lib/python3.8/site-packages/airflow/example_dags/plugins/event_listener.py for tasks to queue
[2025-11-10T14:45:01.692+0000] {logging_mixin.py:188} INFO - [2025-11-10T14:45:01.692+0000] {dagbag.py:538} INFO - Filling up the DagBag from /home/airflow/.local/lib/python3.8/site-packages/airflow/example_dags/plugins/event_listener.py
[2025-11-10T14:45:01.696+0000] {processor.py:842} WARNING - No viable dags retrieved from /home/airflow/.local/lib/python3.8/site-packages/airflow/example_dags/plugins/event_listener.py
[2025-11-10T14:45:01.715+0000] {processor.py:183} INFO - Processing /home/airflow/.local/lib/python3.8/site-packages/airflow/example_dags/plugins/event_listener.py took 0.030 seconds
[2025-11-10T14:45:31.937+0000] {processor.py:161} INFO - Started process (PID=48635) to work on /home/airflow/.local/lib/python3.8/site-packages/airflow/example_dags/plugins/event_listener.py
[2025-11-10T14:45:31.939+0000] {processor.py:830} INFO - Processing file /home/airflow/.local/lib/python3.8/site-packages/airflow/example_dags/plugins/event_listener.py for tasks to queue
[2025-11-10T14:45:31.941+0000] {logging_mixin.py:188} INFO - [2025-11-10T14:45:31.941+0000] {dagbag.py:538} INFO - Filling up the DagBag from /home/airflow/.local/lib/python3.8/site-packages/airflow/example_dags/plugins/event_listener.py
[2025-11-10T14:45:31.945+0000] {processor.py:842} WARNING - No viable dags retrieved from /home/airflow/.local/lib/python3.8/site-packages/airflow/example_dags/plugins/event_listener.py
[2025-11-10T14:45:31.964+0000] {processor.py:183} INFO - Processing /home/airflow/.local/lib/python3.8/site-packages/airflow/example_dags/plugins/event_listener.py took 0.038 seconds
[2025-11-10T14:46:02.253+0000] {processor.py:161} INFO - Started process (PID=48695) to work on /home/airflow/.local/lib/python3.8/site-packages/airflow/example_dags/plugins/event_listener.py
[2025-11-10T14:46:02.255+0000] {processor.py:830} INFO - Processing file /home/airflow/.local/lib/python3.8/site-packages/airflow/example_dags/plugins/event_listener.py for tasks to queue
[2025-11-10T14:46:02.256+0000] {logging_mixin.py:188} INFO - [2025-11-10T14:46:02.256+0000] {dagbag.py:538} INFO - Filling up the DagBag from /home/airflow/.local/lib/python3.8/site-packages/airflow/example_dags/plugins/event_listener.py
[2025-11-10T14:46:02.260+0000] {processor.py:842} WARNING - No viable dags retrieved from /home/airflow/.local/lib/python3.8/site-packages/airflow/example_dags/plugins/event_listener.py
[2025-11-10T14:46:02.278+0000] {processor.py:183} INFO - Processing /home/airflow/.local/lib/python3.8/site-packages/airflow/example_dags/plugins/event_listener.py took 0.029 seconds
[2025-11-10T14:46:32.705+0000] {processor.py:161} INFO - Started process (PID=48754) to work on /home/airflow/.local/lib/python3.8/site-packages/airflow/example_dags/plugins/event_listener.py
[2025-11-10T14:46:32.706+0000] {processor.py:830} INFO - Processing file /home/airflow/.local/lib/python3.8/site-packages/airflow/example_dags/plugins/event_listener.py for tasks to queue
[2025-11-10T14:46:32.707+0000] {logging_mixin.py:188} INFO - [2025-11-10T14:46:32.707+0000] {dagbag.py:538} INFO - Filling up the DagBag from /home/airflow/.local/lib/python3.8/site-packages/airflow/example_dags/plugins/event_listener.py
[2025-11-10T14:46:32.711+0000] {processor.py:842} WARNING - No viable dags retrieved from /home/airflow/.local/lib/python3.8/site-packages/airflow/example_dags/plugins/event_listener.py
[2025-11-10T14:46:32.729+0000] {processor.py:183} INFO - Processing /home/airflow/.local/lib/python3.8/site-packages/airflow/example_dags/plugins/event_listener.py took 0.029 seconds
[2025-11-10T14:47:03.789+0000] {processor.py:161} INFO - Started process (PID=48813) to work on /home/airflow/.local/lib/python3.8/site-packages/airflow/example_dags/plugins/event_listener.py
[2025-11-10T14:47:03.792+0000] {processor.py:830} INFO - Processing file /home/airflow/.local/lib/python3.8/site-packages/airflow/example_dags/plugins/event_listener.py for tasks to queue
[2025-11-10T14:47:03.795+0000] {logging_mixin.py:188} INFO - [2025-11-10T14:47:03.794+0000] {dagbag.py:538} INFO - Filling up the DagBag from /home/airflow/.local/lib/python3.8/site-packages/airflow/example_dags/plugins/event_listener.py
[2025-11-10T14:47:03.802+0000] {processor.py:842} WARNING - No viable dags retrieved from /home/airflow/.local/lib/python3.8/site-packages/airflow/example_dags/plugins/event_listener.py
[2025-11-10T14:47:03.828+0000] {processor.py:183} INFO - Processing /home/airflow/.local/lib/python3.8/site-packages/airflow/example_dags/plugins/event_listener.py took 0.045 seconds
[2025-11-10T14:47:34.489+0000] {processor.py:161} INFO - Started process (PID=48872) to work on /home/airflow/.local/lib/python3.8/site-packages/airflow/example_dags/plugins/event_listener.py
[2025-11-10T14:47:34.491+0000] {processor.py:830} INFO - Processing file /home/airflow/.local/lib/python3.8/site-packages/airflow/example_dags/plugins/event_listener.py for tasks to queue
[2025-11-10T14:47:34.493+0000] {logging_mixin.py:188} INFO - [2025-11-10T14:47:34.493+0000] {dagbag.py:538} INFO - Filling up the DagBag from /home/airflow/.local/lib/python3.8/site-packages/airflow/example_dags/plugins/event_listener.py
[2025-11-10T14:47:34.500+0000] {processor.py:842} WARNING - No viable dags retrieved from /home/airflow/.local/lib/python3.8/site-packages/airflow/example_dags/plugins/event_listener.py
[2025-11-10T14:47:34.528+0000] {processor.py:183} INFO - Processing /home/airflow/.local/lib/python3.8/site-packages/airflow/example_dags/plugins/event_listener.py took 0.045 seconds
[2025-11-10T14:48:04.894+0000] {processor.py:161} INFO - Started process (PID=48930) to work on /home/airflow/.local/lib/python3.8/site-packages/airflow/example_dags/plugins/event_listener.py
[2025-11-10T14:48:04.896+0000] {processor.py:830} INFO - Processing file /home/airflow/.local/lib/python3.8/site-packages/airflow/example_dags/plugins/event_listener.py for tasks to queue
[2025-11-10T14:48:04.898+0000] {logging_mixin.py:188} INFO - [2025-11-10T14:48:04.897+0000] {dagbag.py:538} INFO - Filling up the DagBag from /home/airflow/.local/lib/python3.8/site-packages/airflow/example_dags/plugins/event_listener.py
[2025-11-10T14:48:04.902+0000] {processor.py:842} WARNING - No viable dags retrieved from /home/airflow/.local/lib/python3.8/site-packages/airflow/example_dags/plugins/event_listener.py
[2025-11-10T14:48:04.925+0000] {processor.py:183} INFO - Processing /home/airflow/.local/lib/python3.8/site-packages/airflow/example_dags/plugins/event_listener.py took 0.037 seconds
[2025-11-10T14:48:35.895+0000] {processor.py:161} INFO - Started process (PID=48989) to work on /home/airflow/.local/lib/python3.8/site-packages/airflow/example_dags/plugins/event_listener.py
[2025-11-10T14:48:35.897+0000] {processor.py:830} INFO - Processing file /home/airflow/.local/lib/python3.8/site-packages/airflow/example_dags/plugins/event_listener.py for tasks to queue
[2025-11-10T14:48:35.900+0000] {logging_mixin.py:188} INFO - [2025-11-10T14:48:35.899+0000] {dagbag.py:538} INFO - Filling up the DagBag from /home/airflow/.local/lib/python3.8/site-packages/airflow/example_dags/plugins/event_listener.py
[2025-11-10T14:48:35.907+0000] {processor.py:842} WARNING - No viable dags retrieved from /home/airflow/.local/lib/python3.8/site-packages/airflow/example_dags/plugins/event_listener.py
[2025-11-10T14:48:35.944+0000] {processor.py:183} INFO - Processing /home/airflow/.local/lib/python3.8/site-packages/airflow/example_dags/plugins/event_listener.py took 0.058 seconds
[2025-11-10T14:49:06.085+0000] {processor.py:161} INFO - Started process (PID=49048) to work on /home/airflow/.local/lib/python3.8/site-packages/airflow/example_dags/plugins/event_listener.py
[2025-11-10T14:49:06.087+0000] {processor.py:830} INFO - Processing file /home/airflow/.local/lib/python3.8/site-packages/airflow/example_dags/plugins/event_listener.py for tasks to queue
[2025-11-10T14:49:06.088+0000] {logging_mixin.py:188} INFO - [2025-11-10T14:49:06.088+0000] {dagbag.py:538} INFO - Filling up the DagBag from /home/airflow/.local/lib/python3.8/site-packages/airflow/example_dags/plugins/event_listener.py
[2025-11-10T14:49:06.091+0000] {processor.py:842} WARNING - No viable dags retrieved from /home/airflow/.local/lib/python3.8/site-packages/airflow/example_dags/plugins/event_listener.py
[2025-11-10T14:49:06.109+0000] {processor.py:183} INFO - Processing /home/airflow/.local/lib/python3.8/site-packages/airflow/example_dags/plugins/event_listener.py took 0.029 seconds
[2025-11-10T14:49:36.446+0000] {processor.py:161} INFO - Started process (PID=49107) to work on /home/airflow/.local/lib/python3.8/site-packages/airflow/example_dags/plugins/event_listener.py
[2025-11-10T14:49:36.447+0000] {processor.py:830} INFO - Processing file /home/airflow/.local/lib/python3.8/site-packages/airflow/example_dags/plugins/event_listener.py for tasks to queue
[2025-11-10T14:49:36.449+0000] {logging_mixin.py:188} INFO - [2025-11-10T14:49:36.448+0000] {dagbag.py:538} INFO - Filling up the DagBag from /home/airflow/.local/lib/python3.8/site-packages/airflow/example_dags/plugins/event_listener.py
[2025-11-10T14:49:36.452+0000] {processor.py:842} WARNING - No viable dags retrieved from /home/airflow/.local/lib/python3.8/site-packages/airflow/example_dags/plugins/event_listener.py
[2025-11-10T14:49:36.471+0000] {processor.py:183} INFO - Processing /home/airflow/.local/lib/python3.8/site-packages/airflow/example_dags/plugins/event_listener.py took 0.029 seconds
[2025-11-10T14:50:06.819+0000] {processor.py:161} INFO - Started process (PID=49166) to work on /home/airflow/.local/lib/python3.8/site-packages/airflow/example_dags/plugins/event_listener.py
[2025-11-10T14:50:06.820+0000] {processor.py:830} INFO - Processing file /home/airflow/.local/lib/python3.8/site-packages/airflow/example_dags/plugins/event_listener.py for tasks to queue
[2025-11-10T14:50:06.822+0000] {logging_mixin.py:188} INFO - [2025-11-10T14:50:06.822+0000] {dagbag.py:538} INFO - Filling up the DagBag from /home/airflow/.local/lib/python3.8/site-packages/airflow/example_dags/plugins/event_listener.py
[2025-11-10T14:50:06.825+0000] {processor.py:842} WARNING - No viable dags retrieved from /home/airflow/.local/lib/python3.8/site-packages/airflow/example_dags/plugins/event_listener.py
[2025-11-10T14:50:06.854+0000] {processor.py:183} INFO - Processing /home/airflow/.local/lib/python3.8/site-packages/airflow/example_dags/plugins/event_listener.py took 0.041 seconds
[2025-11-10T14:50:37.329+0000] {processor.py:161} INFO - Started process (PID=49225) to work on /home/airflow/.local/lib/python3.8/site-packages/airflow/example_dags/plugins/event_listener.py
[2025-11-10T14:50:37.331+0000] {processor.py:830} INFO - Processing file /home/airflow/.local/lib/python3.8/site-packages/airflow/example_dags/plugins/event_listener.py for tasks to queue
[2025-11-10T14:50:37.332+0000] {logging_mixin.py:188} INFO - [2025-11-10T14:50:37.332+0000] {dagbag.py:538} INFO - Filling up the DagBag from /home/airflow/.local/lib/python3.8/site-packages/airflow/example_dags/plugins/event_listener.py
[2025-11-10T14:50:37.337+0000] {processor.py:842} WARNING - No viable dags retrieved from /home/airflow/.local/lib/python3.8/site-packages/airflow/example_dags/plugins/event_listener.py
[2025-11-10T14:50:37.358+0000] {processor.py:183} INFO - Processing /home/airflow/.local/lib/python3.8/site-packages/airflow/example_dags/plugins/event_listener.py took 0.033 seconds
[2025-11-10T14:51:08.362+0000] {processor.py:161} INFO - Started process (PID=49284) to work on /home/airflow/.local/lib/python3.8/site-packages/airflow/example_dags/plugins/event_listener.py
[2025-11-10T14:51:08.365+0000] {processor.py:830} INFO - Processing file /home/airflow/.local/lib/python3.8/site-packages/airflow/example_dags/plugins/event_listener.py for tasks to queue
[2025-11-10T14:51:08.369+0000] {logging_mixin.py:188} INFO - [2025-11-10T14:51:08.368+0000] {dagbag.py:538} INFO - Filling up the DagBag from /home/airflow/.local/lib/python3.8/site-packages/airflow/example_dags/plugins/event_listener.py
[2025-11-10T14:51:08.375+0000] {processor.py:842} WARNING - No viable dags retrieved from /home/airflow/.local/lib/python3.8/site-packages/airflow/example_dags/plugins/event_listener.py
[2025-11-10T14:51:08.413+0000] {processor.py:183} INFO - Processing /home/airflow/.local/lib/python3.8/site-packages/airflow/example_dags/plugins/event_listener.py took 0.063 seconds
[2025-11-10T14:51:38.661+0000] {processor.py:161} INFO - Started process (PID=49343) to work on /home/airflow/.local/lib/python3.8/site-packages/airflow/example_dags/plugins/event_listener.py
[2025-11-10T14:51:38.663+0000] {processor.py:830} INFO - Processing file /home/airflow/.local/lib/python3.8/site-packages/airflow/example_dags/plugins/event_listener.py for tasks to queue
[2025-11-10T14:51:38.665+0000] {logging_mixin.py:188} INFO - [2025-11-10T14:51:38.664+0000] {dagbag.py:538} INFO - Filling up the DagBag from /home/airflow/.local/lib/python3.8/site-packages/airflow/example_dags/plugins/event_listener.py
[2025-11-10T14:51:38.668+0000] {processor.py:842} WARNING - No viable dags retrieved from /home/airflow/.local/lib/python3.8/site-packages/airflow/example_dags/plugins/event_listener.py
[2025-11-10T14:51:38.689+0000] {processor.py:183} INFO - Processing /home/airflow/.local/lib/python3.8/site-packages/airflow/example_dags/plugins/event_listener.py took 0.033 seconds
[2025-11-10T14:52:09.633+0000] {processor.py:161} INFO - Started process (PID=49402) to work on /home/airflow/.local/lib/python3.8/site-packages/airflow/example_dags/plugins/event_listener.py
[2025-11-10T14:52:09.634+0000] {processor.py:830} INFO - Processing file /home/airflow/.local/lib/python3.8/site-packages/airflow/example_dags/plugins/event_listener.py for tasks to queue
[2025-11-10T14:52:09.636+0000] {logging_mixin.py:188} INFO - [2025-11-10T14:52:09.636+0000] {dagbag.py:538} INFO - Filling up the DagBag from /home/airflow/.local/lib/python3.8/site-packages/airflow/example_dags/plugins/event_listener.py
[2025-11-10T14:52:09.641+0000] {processor.py:842} WARNING - No viable dags retrieved from /home/airflow/.local/lib/python3.8/site-packages/airflow/example_dags/plugins/event_listener.py
[2025-11-10T14:52:09.671+0000] {processor.py:183} INFO - Processing /home/airflow/.local/lib/python3.8/site-packages/airflow/example_dags/plugins/event_listener.py took 0.045 seconds
[2025-11-10T14:52:39.920+0000] {processor.py:161} INFO - Started process (PID=49461) to work on /home/airflow/.local/lib/python3.8/site-packages/airflow/example_dags/plugins/event_listener.py
[2025-11-10T14:52:39.922+0000] {processor.py:830} INFO - Processing file /home/airflow/.local/lib/python3.8/site-packages/airflow/example_dags/plugins/event_listener.py for tasks to queue
[2025-11-10T14:52:39.924+0000] {logging_mixin.py:188} INFO - [2025-11-10T14:52:39.923+0000] {dagbag.py:538} INFO - Filling up the DagBag from /home/airflow/.local/lib/python3.8/site-packages/airflow/example_dags/plugins/event_listener.py
[2025-11-10T14:52:39.928+0000] {processor.py:842} WARNING - No viable dags retrieved from /home/airflow/.local/lib/python3.8/site-packages/airflow/example_dags/plugins/event_listener.py
[2025-11-10T14:52:39.950+0000] {processor.py:183} INFO - Processing /home/airflow/.local/lib/python3.8/site-packages/airflow/example_dags/plugins/event_listener.py took 0.035 seconds
[2025-11-10T14:53:10.610+0000] {processor.py:161} INFO - Started process (PID=49520) to work on /home/airflow/.local/lib/python3.8/site-packages/airflow/example_dags/plugins/event_listener.py
[2025-11-10T14:53:10.615+0000] {processor.py:830} INFO - Processing file /home/airflow/.local/lib/python3.8/site-packages/airflow/example_dags/plugins/event_listener.py for tasks to queue
[2025-11-10T14:53:10.618+0000] {logging_mixin.py:188} INFO - [2025-11-10T14:53:10.617+0000] {dagbag.py:538} INFO - Filling up the DagBag from /home/airflow/.local/lib/python3.8/site-packages/airflow/example_dags/plugins/event_listener.py
[2025-11-10T14:53:10.624+0000] {processor.py:842} WARNING - No viable dags retrieved from /home/airflow/.local/lib/python3.8/site-packages/airflow/example_dags/plugins/event_listener.py
[2025-11-10T14:53:10.667+0000] {processor.py:183} INFO - Processing /home/airflow/.local/lib/python3.8/site-packages/airflow/example_dags/plugins/event_listener.py took 0.083 seconds
[2025-11-10T14:53:41.561+0000] {processor.py:161} INFO - Started process (PID=49579) to work on /home/airflow/.local/lib/python3.8/site-packages/airflow/example_dags/plugins/event_listener.py
[2025-11-10T14:53:41.563+0000] {processor.py:830} INFO - Processing file /home/airflow/.local/lib/python3.8/site-packages/airflow/example_dags/plugins/event_listener.py for tasks to queue
[2025-11-10T14:53:41.565+0000] {logging_mixin.py:188} INFO - [2025-11-10T14:53:41.564+0000] {dagbag.py:538} INFO - Filling up the DagBag from /home/airflow/.local/lib/python3.8/site-packages/airflow/example_dags/plugins/event_listener.py
[2025-11-10T14:53:41.569+0000] {processor.py:842} WARNING - No viable dags retrieved from /home/airflow/.local/lib/python3.8/site-packages/airflow/example_dags/plugins/event_listener.py
[2025-11-10T14:53:41.592+0000] {processor.py:183} INFO - Processing /home/airflow/.local/lib/python3.8/site-packages/airflow/example_dags/plugins/event_listener.py took 0.036 seconds
[2025-11-10T14:54:11.808+0000] {processor.py:161} INFO - Started process (PID=49638) to work on /home/airflow/.local/lib/python3.8/site-packages/airflow/example_dags/plugins/event_listener.py
[2025-11-10T14:54:11.809+0000] {processor.py:830} INFO - Processing file /home/airflow/.local/lib/python3.8/site-packages/airflow/example_dags/plugins/event_listener.py for tasks to queue
[2025-11-10T14:54:11.811+0000] {logging_mixin.py:188} INFO - [2025-11-10T14:54:11.811+0000] {dagbag.py:538} INFO - Filling up the DagBag from /home/airflow/.local/lib/python3.8/site-packages/airflow/example_dags/plugins/event_listener.py
[2025-11-10T14:54:11.815+0000] {processor.py:842} WARNING - No viable dags retrieved from /home/airflow/.local/lib/python3.8/site-packages/airflow/example_dags/plugins/event_listener.py
[2025-11-10T14:54:11.836+0000] {processor.py:183} INFO - Processing /home/airflow/.local/lib/python3.8/site-packages/airflow/example_dags/plugins/event_listener.py took 0.033 seconds
[2025-11-10T14:54:42.431+0000] {processor.py:161} INFO - Started process (PID=49697) to work on /home/airflow/.local/lib/python3.8/site-packages/airflow/example_dags/plugins/event_listener.py
[2025-11-10T14:54:42.433+0000] {processor.py:830} INFO - Processing file /home/airflow/.local/lib/python3.8/site-packages/airflow/example_dags/plugins/event_listener.py for tasks to queue
[2025-11-10T14:54:42.435+0000] {logging_mixin.py:188} INFO - [2025-11-10T14:54:42.434+0000] {dagbag.py:538} INFO - Filling up the DagBag from /home/airflow/.local/lib/python3.8/site-packages/airflow/example_dags/plugins/event_listener.py
[2025-11-10T14:54:42.439+0000] {processor.py:842} WARNING - No viable dags retrieved from /home/airflow/.local/lib/python3.8/site-packages/airflow/example_dags/plugins/event_listener.py
[2025-11-10T14:54:42.463+0000] {processor.py:183} INFO - Processing /home/airflow/.local/lib/python3.8/site-packages/airflow/example_dags/plugins/event_listener.py took 0.038 seconds
[2025-11-10T14:55:12.946+0000] {processor.py:161} INFO - Started process (PID=49756) to work on /home/airflow/.local/lib/python3.8/site-packages/airflow/example_dags/plugins/event_listener.py
[2025-11-10T14:55:12.948+0000] {processor.py:830} INFO - Processing file /home/airflow/.local/lib/python3.8/site-packages/airflow/example_dags/plugins/event_listener.py for tasks to queue
[2025-11-10T14:55:12.949+0000] {logging_mixin.py:188} INFO - [2025-11-10T14:55:12.949+0000] {dagbag.py:538} INFO - Filling up the DagBag from /home/airflow/.local/lib/python3.8/site-packages/airflow/example_dags/plugins/event_listener.py
[2025-11-10T14:55:12.953+0000] {processor.py:842} WARNING - No viable dags retrieved from /home/airflow/.local/lib/python3.8/site-packages/airflow/example_dags/plugins/event_listener.py
[2025-11-10T14:55:12.976+0000] {processor.py:183} INFO - Processing /home/airflow/.local/lib/python3.8/site-packages/airflow/example_dags/plugins/event_listener.py took 0.035 seconds
[2025-11-10T14:55:43.154+0000] {processor.py:161} INFO - Started process (PID=49815) to work on /home/airflow/.local/lib/python3.8/site-packages/airflow/example_dags/plugins/event_listener.py
[2025-11-10T14:55:43.155+0000] {processor.py:830} INFO - Processing file /home/airflow/.local/lib/python3.8/site-packages/airflow/example_dags/plugins/event_listener.py for tasks to queue
[2025-11-10T14:55:43.158+0000] {logging_mixin.py:188} INFO - [2025-11-10T14:55:43.158+0000] {dagbag.py:538} INFO - Filling up the DagBag from /home/airflow/.local/lib/python3.8/site-packages/airflow/example_dags/plugins/event_listener.py
[2025-11-10T14:55:43.163+0000] {processor.py:842} WARNING - No viable dags retrieved from /home/airflow/.local/lib/python3.8/site-packages/airflow/example_dags/plugins/event_listener.py
[2025-11-10T14:55:43.182+0000] {processor.py:183} INFO - Processing /home/airflow/.local/lib/python3.8/site-packages/airflow/example_dags/plugins/event_listener.py took 0.034 seconds
[2025-11-10T14:56:14.333+0000] {processor.py:161} INFO - Started process (PID=49874) to work on /home/airflow/.local/lib/python3.8/site-packages/airflow/example_dags/plugins/event_listener.py
[2025-11-10T14:56:14.336+0000] {processor.py:830} INFO - Processing file /home/airflow/.local/lib/python3.8/site-packages/airflow/example_dags/plugins/event_listener.py for tasks to queue
[2025-11-10T14:56:14.339+0000] {logging_mixin.py:188} INFO - [2025-11-10T14:56:14.338+0000] {dagbag.py:538} INFO - Filling up the DagBag from /home/airflow/.local/lib/python3.8/site-packages/airflow/example_dags/plugins/event_listener.py
[2025-11-10T14:56:14.345+0000] {processor.py:842} WARNING - No viable dags retrieved from /home/airflow/.local/lib/python3.8/site-packages/airflow/example_dags/plugins/event_listener.py
[2025-11-10T14:56:14.371+0000] {processor.py:183} INFO - Processing /home/airflow/.local/lib/python3.8/site-packages/airflow/example_dags/plugins/event_listener.py took 0.044 seconds
[2025-11-10T14:56:45.069+0000] {processor.py:161} INFO - Started process (PID=49933) to work on /home/airflow/.local/lib/python3.8/site-packages/airflow/example_dags/plugins/event_listener.py
[2025-11-10T14:56:45.071+0000] {processor.py:830} INFO - Processing file /home/airflow/.local/lib/python3.8/site-packages/airflow/example_dags/plugins/event_listener.py for tasks to queue
[2025-11-10T14:56:45.073+0000] {logging_mixin.py:188} INFO - [2025-11-10T14:56:45.072+0000] {dagbag.py:538} INFO - Filling up the DagBag from /home/airflow/.local/lib/python3.8/site-packages/airflow/example_dags/plugins/event_listener.py
[2025-11-10T14:56:45.077+0000] {processor.py:842} WARNING - No viable dags retrieved from /home/airflow/.local/lib/python3.8/site-packages/airflow/example_dags/plugins/event_listener.py
[2025-11-10T14:56:45.098+0000] {processor.py:183} INFO - Processing /home/airflow/.local/lib/python3.8/site-packages/airflow/example_dags/plugins/event_listener.py took 0.033 seconds
[2025-11-10T14:57:16.092+0000] {processor.py:161} INFO - Started process (PID=49992) to work on /home/airflow/.local/lib/python3.8/site-packages/airflow/example_dags/plugins/event_listener.py
[2025-11-10T14:57:16.095+0000] {processor.py:830} INFO - Processing file /home/airflow/.local/lib/python3.8/site-packages/airflow/example_dags/plugins/event_listener.py for tasks to queue
[2025-11-10T14:57:16.097+0000] {logging_mixin.py:188} INFO - [2025-11-10T14:57:16.097+0000] {dagbag.py:538} INFO - Filling up the DagBag from /home/airflow/.local/lib/python3.8/site-packages/airflow/example_dags/plugins/event_listener.py
[2025-11-10T14:57:16.102+0000] {processor.py:842} WARNING - No viable dags retrieved from /home/airflow/.local/lib/python3.8/site-packages/airflow/example_dags/plugins/event_listener.py
[2025-11-10T14:57:16.128+0000] {processor.py:183} INFO - Processing /home/airflow/.local/lib/python3.8/site-packages/airflow/example_dags/plugins/event_listener.py took 0.044 seconds
[2025-11-10T14:57:46.751+0000] {processor.py:161} INFO - Started process (PID=50051) to work on /home/airflow/.local/lib/python3.8/site-packages/airflow/example_dags/plugins/event_listener.py
[2025-11-10T14:57:46.752+0000] {processor.py:830} INFO - Processing file /home/airflow/.local/lib/python3.8/site-packages/airflow/example_dags/plugins/event_listener.py for tasks to queue
[2025-11-10T14:57:46.754+0000] {logging_mixin.py:188} INFO - [2025-11-10T14:57:46.753+0000] {dagbag.py:538} INFO - Filling up the DagBag from /home/airflow/.local/lib/python3.8/site-packages/airflow/example_dags/plugins/event_listener.py
[2025-11-10T14:57:46.757+0000] {processor.py:842} WARNING - No viable dags retrieved from /home/airflow/.local/lib/python3.8/site-packages/airflow/example_dags/plugins/event_listener.py
[2025-11-10T14:57:46.776+0000] {processor.py:183} INFO - Processing /home/airflow/.local/lib/python3.8/site-packages/airflow/example_dags/plugins/event_listener.py took 0.029 seconds
[2025-11-10T14:58:17.023+0000] {processor.py:161} INFO - Started process (PID=50111) to work on /home/airflow/.local/lib/python3.8/site-packages/airflow/example_dags/plugins/event_listener.py
[2025-11-10T14:58:17.024+0000] {processor.py:830} INFO - Processing file /home/airflow/.local/lib/python3.8/site-packages/airflow/example_dags/plugins/event_listener.py for tasks to queue
[2025-11-10T14:58:17.026+0000] {logging_mixin.py:188} INFO - [2025-11-10T14:58:17.025+0000] {dagbag.py:538} INFO - Filling up the DagBag from /home/airflow/.local/lib/python3.8/site-packages/airflow/example_dags/plugins/event_listener.py
[2025-11-10T14:58:17.029+0000] {processor.py:842} WARNING - No viable dags retrieved from /home/airflow/.local/lib/python3.8/site-packages/airflow/example_dags/plugins/event_listener.py
[2025-11-10T14:58:17.047+0000] {processor.py:183} INFO - Processing /home/airflow/.local/lib/python3.8/site-packages/airflow/example_dags/plugins/event_listener.py took 0.029 seconds
[2025-11-10T14:58:47.308+0000] {processor.py:161} INFO - Started process (PID=50170) to work on /home/airflow/.local/lib/python3.8/site-packages/airflow/example_dags/plugins/event_listener.py
[2025-11-10T14:58:47.309+0000] {processor.py:830} INFO - Processing file /home/airflow/.local/lib/python3.8/site-packages/airflow/example_dags/plugins/event_listener.py for tasks to queue
[2025-11-10T14:58:47.311+0000] {logging_mixin.py:188} INFO - [2025-11-10T14:58:47.311+0000] {dagbag.py:538} INFO - Filling up the DagBag from /home/airflow/.local/lib/python3.8/site-packages/airflow/example_dags/plugins/event_listener.py
[2025-11-10T14:58:47.315+0000] {processor.py:842} WARNING - No viable dags retrieved from /home/airflow/.local/lib/python3.8/site-packages/airflow/example_dags/plugins/event_listener.py
[2025-11-10T14:58:47.333+0000] {processor.py:183} INFO - Processing /home/airflow/.local/lib/python3.8/site-packages/airflow/example_dags/plugins/event_listener.py took 0.030 seconds
[2025-11-10T14:59:17.537+0000] {processor.py:161} INFO - Started process (PID=50229) to work on /home/airflow/.local/lib/python3.8/site-packages/airflow/example_dags/plugins/event_listener.py
[2025-11-10T14:59:17.539+0000] {processor.py:830} INFO - Processing file /home/airflow/.local/lib/python3.8/site-packages/airflow/example_dags/plugins/event_listener.py for tasks to queue
[2025-11-10T14:59:17.541+0000] {logging_mixin.py:188} INFO - [2025-11-10T14:59:17.540+0000] {dagbag.py:538} INFO - Filling up the DagBag from /home/airflow/.local/lib/python3.8/site-packages/airflow/example_dags/plugins/event_listener.py
[2025-11-10T14:59:17.546+0000] {processor.py:842} WARNING - No viable dags retrieved from /home/airflow/.local/lib/python3.8/site-packages/airflow/example_dags/plugins/event_listener.py
[2025-11-10T14:59:17.570+0000] {processor.py:183} INFO - Processing /home/airflow/.local/lib/python3.8/site-packages/airflow/example_dags/plugins/event_listener.py took 0.039 seconds
[2025-11-10T22:57:56.209+0000] {processor.py:161} INFO - Started process (PID=50331) to work on /home/airflow/.local/lib/python3.8/site-packages/airflow/example_dags/plugins/event_listener.py
[2025-11-10T22:57:56.267+0000] {processor.py:830} INFO - Processing file /home/airflow/.local/lib/python3.8/site-packages/airflow/example_dags/plugins/event_listener.py for tasks to queue
[2025-11-10T22:57:56.278+0000] {logging_mixin.py:188} INFO - [2025-11-10T22:57:56.277+0000] {dagbag.py:538} INFO - Filling up the DagBag from /home/airflow/.local/lib/python3.8/site-packages/airflow/example_dags/plugins/event_listener.py
[2025-11-10T22:57:56.306+0000] {processor.py:842} WARNING - No viable dags retrieved from /home/airflow/.local/lib/python3.8/site-packages/airflow/example_dags/plugins/event_listener.py
[2025-11-10T22:57:56.466+0000] {processor.py:183} INFO - Processing /home/airflow/.local/lib/python3.8/site-packages/airflow/example_dags/plugins/event_listener.py took 0.301 seconds
[2025-11-10T22:58:28.057+0000] {processor.py:161} INFO - Started process (PID=50389) to work on /home/airflow/.local/lib/python3.8/site-packages/airflow/example_dags/plugins/event_listener.py
[2025-11-10T22:58:28.071+0000] {processor.py:830} INFO - Processing file /home/airflow/.local/lib/python3.8/site-packages/airflow/example_dags/plugins/event_listener.py for tasks to queue
[2025-11-10T22:58:28.075+0000] {logging_mixin.py:188} INFO - [2025-11-10T22:58:28.074+0000] {dagbag.py:538} INFO - Filling up the DagBag from /home/airflow/.local/lib/python3.8/site-packages/airflow/example_dags/plugins/event_listener.py
[2025-11-10T22:58:28.090+0000] {processor.py:842} WARNING - No viable dags retrieved from /home/airflow/.local/lib/python3.8/site-packages/airflow/example_dags/plugins/event_listener.py
[2025-11-10T22:58:28.181+0000] {processor.py:183} INFO - Processing /home/airflow/.local/lib/python3.8/site-packages/airflow/example_dags/plugins/event_listener.py took 0.144 seconds
[2025-11-10T22:59:00.119+0000] {processor.py:161} INFO - Started process (PID=50448) to work on /home/airflow/.local/lib/python3.8/site-packages/airflow/example_dags/plugins/event_listener.py
[2025-11-10T22:59:00.134+0000] {processor.py:830} INFO - Processing file /home/airflow/.local/lib/python3.8/site-packages/airflow/example_dags/plugins/event_listener.py for tasks to queue
[2025-11-10T22:59:00.138+0000] {logging_mixin.py:188} INFO - [2025-11-10T22:59:00.137+0000] {dagbag.py:538} INFO - Filling up the DagBag from /home/airflow/.local/lib/python3.8/site-packages/airflow/example_dags/plugins/event_listener.py
[2025-11-10T22:59:00.174+0000] {processor.py:842} WARNING - No viable dags retrieved from /home/airflow/.local/lib/python3.8/site-packages/airflow/example_dags/plugins/event_listener.py
[2025-11-10T22:59:00.243+0000] {processor.py:183} INFO - Processing /home/airflow/.local/lib/python3.8/site-packages/airflow/example_dags/plugins/event_listener.py took 0.146 seconds
[2025-11-10T22:59:33.319+0000] {processor.py:161} INFO - Started process (PID=50507) to work on /home/airflow/.local/lib/python3.8/site-packages/airflow/example_dags/plugins/event_listener.py
[2025-11-10T22:59:33.338+0000] {processor.py:830} INFO - Processing file /home/airflow/.local/lib/python3.8/site-packages/airflow/example_dags/plugins/event_listener.py for tasks to queue
[2025-11-10T22:59:33.351+0000] {logging_mixin.py:188} INFO - [2025-11-10T22:59:33.351+0000] {dagbag.py:538} INFO - Filling up the DagBag from /home/airflow/.local/lib/python3.8/site-packages/airflow/example_dags/plugins/event_listener.py
[2025-11-10T22:59:33.384+0000] {processor.py:842} WARNING - No viable dags retrieved from /home/airflow/.local/lib/python3.8/site-packages/airflow/example_dags/plugins/event_listener.py
[2025-11-10T22:59:33.553+0000] {processor.py:183} INFO - Processing /home/airflow/.local/lib/python3.8/site-packages/airflow/example_dags/plugins/event_listener.py took 0.268 seconds
[2025-11-10T23:00:04.296+0000] {processor.py:161} INFO - Started process (PID=50566) to work on /home/airflow/.local/lib/python3.8/site-packages/airflow/example_dags/plugins/event_listener.py
[2025-11-10T23:00:04.303+0000] {processor.py:830} INFO - Processing file /home/airflow/.local/lib/python3.8/site-packages/airflow/example_dags/plugins/event_listener.py for tasks to queue
[2025-11-10T23:00:04.306+0000] {logging_mixin.py:188} INFO - [2025-11-10T23:00:04.305+0000] {dagbag.py:538} INFO - Filling up the DagBag from /home/airflow/.local/lib/python3.8/site-packages/airflow/example_dags/plugins/event_listener.py
[2025-11-10T23:00:04.325+0000] {processor.py:842} WARNING - No viable dags retrieved from /home/airflow/.local/lib/python3.8/site-packages/airflow/example_dags/plugins/event_listener.py
[2025-11-10T23:00:04.377+0000] {processor.py:183} INFO - Processing /home/airflow/.local/lib/python3.8/site-packages/airflow/example_dags/plugins/event_listener.py took 0.095 seconds
[2025-11-10T23:00:35.302+0000] {processor.py:161} INFO - Started process (PID=50625) to work on /home/airflow/.local/lib/python3.8/site-packages/airflow/example_dags/plugins/event_listener.py
[2025-11-10T23:00:35.306+0000] {processor.py:830} INFO - Processing file /home/airflow/.local/lib/python3.8/site-packages/airflow/example_dags/plugins/event_listener.py for tasks to queue
[2025-11-10T23:00:35.310+0000] {logging_mixin.py:188} INFO - [2025-11-10T23:00:35.309+0000] {dagbag.py:538} INFO - Filling up the DagBag from /home/airflow/.local/lib/python3.8/site-packages/airflow/example_dags/plugins/event_listener.py
[2025-11-10T23:00:35.321+0000] {processor.py:842} WARNING - No viable dags retrieved from /home/airflow/.local/lib/python3.8/site-packages/airflow/example_dags/plugins/event_listener.py
[2025-11-10T23:00:35.379+0000] {processor.py:183} INFO - Processing /home/airflow/.local/lib/python3.8/site-packages/airflow/example_dags/plugins/event_listener.py took 0.089 seconds
[2025-11-10T23:01:05.981+0000] {processor.py:161} INFO - Started process (PID=50684) to work on /home/airflow/.local/lib/python3.8/site-packages/airflow/example_dags/plugins/event_listener.py
[2025-11-10T23:01:05.983+0000] {processor.py:830} INFO - Processing file /home/airflow/.local/lib/python3.8/site-packages/airflow/example_dags/plugins/event_listener.py for tasks to queue
[2025-11-10T23:01:05.985+0000] {logging_mixin.py:188} INFO - [2025-11-10T23:01:05.984+0000] {dagbag.py:538} INFO - Filling up the DagBag from /home/airflow/.local/lib/python3.8/site-packages/airflow/example_dags/plugins/event_listener.py
[2025-11-10T23:01:05.995+0000] {processor.py:842} WARNING - No viable dags retrieved from /home/airflow/.local/lib/python3.8/site-packages/airflow/example_dags/plugins/event_listener.py
[2025-11-10T23:01:06.023+0000] {processor.py:183} INFO - Processing /home/airflow/.local/lib/python3.8/site-packages/airflow/example_dags/plugins/event_listener.py took 0.050 seconds
[2025-11-10T23:01:36.395+0000] {processor.py:161} INFO - Started process (PID=50743) to work on /home/airflow/.local/lib/python3.8/site-packages/airflow/example_dags/plugins/event_listener.py
[2025-11-10T23:01:36.397+0000] {processor.py:830} INFO - Processing file /home/airflow/.local/lib/python3.8/site-packages/airflow/example_dags/plugins/event_listener.py for tasks to queue
[2025-11-10T23:01:36.399+0000] {logging_mixin.py:188} INFO - [2025-11-10T23:01:36.398+0000] {dagbag.py:538} INFO - Filling up the DagBag from /home/airflow/.local/lib/python3.8/site-packages/airflow/example_dags/plugins/event_listener.py
[2025-11-10T23:01:36.403+0000] {processor.py:842} WARNING - No viable dags retrieved from /home/airflow/.local/lib/python3.8/site-packages/airflow/example_dags/plugins/event_listener.py
[2025-11-10T23:01:36.425+0000] {processor.py:183} INFO - Processing /home/airflow/.local/lib/python3.8/site-packages/airflow/example_dags/plugins/event_listener.py took 0.035 seconds
[2025-11-10T23:02:06.652+0000] {processor.py:161} INFO - Started process (PID=50803) to work on /home/airflow/.local/lib/python3.8/site-packages/airflow/example_dags/plugins/event_listener.py
[2025-11-10T23:02:06.654+0000] {processor.py:830} INFO - Processing file /home/airflow/.local/lib/python3.8/site-packages/airflow/example_dags/plugins/event_listener.py for tasks to queue
[2025-11-10T23:02:06.655+0000] {logging_mixin.py:188} INFO - [2025-11-10T23:02:06.655+0000] {dagbag.py:538} INFO - Filling up the DagBag from /home/airflow/.local/lib/python3.8/site-packages/airflow/example_dags/plugins/event_listener.py
[2025-11-10T23:02:06.659+0000] {processor.py:842} WARNING - No viable dags retrieved from /home/airflow/.local/lib/python3.8/site-packages/airflow/example_dags/plugins/event_listener.py
[2025-11-10T23:02:06.682+0000] {processor.py:183} INFO - Processing /home/airflow/.local/lib/python3.8/site-packages/airflow/example_dags/plugins/event_listener.py took 0.036 seconds
[2025-11-10T23:02:37.703+0000] {processor.py:161} INFO - Started process (PID=50862) to work on /home/airflow/.local/lib/python3.8/site-packages/airflow/example_dags/plugins/event_listener.py
[2025-11-10T23:02:37.705+0000] {processor.py:830} INFO - Processing file /home/airflow/.local/lib/python3.8/site-packages/airflow/example_dags/plugins/event_listener.py for tasks to queue
[2025-11-10T23:02:37.707+0000] {logging_mixin.py:188} INFO - [2025-11-10T23:02:37.707+0000] {dagbag.py:538} INFO - Filling up the DagBag from /home/airflow/.local/lib/python3.8/site-packages/airflow/example_dags/plugins/event_listener.py
[2025-11-10T23:02:37.712+0000] {processor.py:842} WARNING - No viable dags retrieved from /home/airflow/.local/lib/python3.8/site-packages/airflow/example_dags/plugins/event_listener.py
[2025-11-10T23:02:37.745+0000] {processor.py:183} INFO - Processing /home/airflow/.local/lib/python3.8/site-packages/airflow/example_dags/plugins/event_listener.py took 0.049 seconds
[2025-11-10T23:03:08.366+0000] {processor.py:161} INFO - Started process (PID=50921) to work on /home/airflow/.local/lib/python3.8/site-packages/airflow/example_dags/plugins/event_listener.py
[2025-11-10T23:03:08.368+0000] {processor.py:830} INFO - Processing file /home/airflow/.local/lib/python3.8/site-packages/airflow/example_dags/plugins/event_listener.py for tasks to queue
[2025-11-10T23:03:08.369+0000] {logging_mixin.py:188} INFO - [2025-11-10T23:03:08.369+0000] {dagbag.py:538} INFO - Filling up the DagBag from /home/airflow/.local/lib/python3.8/site-packages/airflow/example_dags/plugins/event_listener.py
[2025-11-10T23:03:08.373+0000] {processor.py:842} WARNING - No viable dags retrieved from /home/airflow/.local/lib/python3.8/site-packages/airflow/example_dags/plugins/event_listener.py
[2025-11-10T23:03:08.393+0000] {processor.py:183} INFO - Processing /home/airflow/.local/lib/python3.8/site-packages/airflow/example_dags/plugins/event_listener.py took 0.031 seconds
[2025-11-10T23:03:39.179+0000] {processor.py:161} INFO - Started process (PID=50980) to work on /home/airflow/.local/lib/python3.8/site-packages/airflow/example_dags/plugins/event_listener.py
[2025-11-10T23:03:39.181+0000] {processor.py:830} INFO - Processing file /home/airflow/.local/lib/python3.8/site-packages/airflow/example_dags/plugins/event_listener.py for tasks to queue
[2025-11-10T23:03:39.183+0000] {logging_mixin.py:188} INFO - [2025-11-10T23:03:39.183+0000] {dagbag.py:538} INFO - Filling up the DagBag from /home/airflow/.local/lib/python3.8/site-packages/airflow/example_dags/plugins/event_listener.py
[2025-11-10T23:03:39.189+0000] {processor.py:842} WARNING - No viable dags retrieved from /home/airflow/.local/lib/python3.8/site-packages/airflow/example_dags/plugins/event_listener.py
[2025-11-10T23:03:39.215+0000] {processor.py:183} INFO - Processing /home/airflow/.local/lib/python3.8/site-packages/airflow/example_dags/plugins/event_listener.py took 0.042 seconds
[2025-11-10T23:04:09.669+0000] {processor.py:161} INFO - Started process (PID=51039) to work on /home/airflow/.local/lib/python3.8/site-packages/airflow/example_dags/plugins/event_listener.py
[2025-11-10T23:04:09.670+0000] {processor.py:830} INFO - Processing file /home/airflow/.local/lib/python3.8/site-packages/airflow/example_dags/plugins/event_listener.py for tasks to queue
[2025-11-10T23:04:09.671+0000] {logging_mixin.py:188} INFO - [2025-11-10T23:04:09.671+0000] {dagbag.py:538} INFO - Filling up the DagBag from /home/airflow/.local/lib/python3.8/site-packages/airflow/example_dags/plugins/event_listener.py
[2025-11-10T23:04:09.675+0000] {processor.py:842} WARNING - No viable dags retrieved from /home/airflow/.local/lib/python3.8/site-packages/airflow/example_dags/plugins/event_listener.py
[2025-11-10T23:04:09.694+0000] {processor.py:183} INFO - Processing /home/airflow/.local/lib/python3.8/site-packages/airflow/example_dags/plugins/event_listener.py took 0.029 seconds
[2025-11-10T23:04:40.471+0000] {processor.py:161} INFO - Started process (PID=51098) to work on /home/airflow/.local/lib/python3.8/site-packages/airflow/example_dags/plugins/event_listener.py
[2025-11-10T23:04:40.472+0000] {processor.py:830} INFO - Processing file /home/airflow/.local/lib/python3.8/site-packages/airflow/example_dags/plugins/event_listener.py for tasks to queue
[2025-11-10T23:04:40.474+0000] {logging_mixin.py:188} INFO - [2025-11-10T23:04:40.473+0000] {dagbag.py:538} INFO - Filling up the DagBag from /home/airflow/.local/lib/python3.8/site-packages/airflow/example_dags/plugins/event_listener.py
[2025-11-10T23:04:40.478+0000] {processor.py:842} WARNING - No viable dags retrieved from /home/airflow/.local/lib/python3.8/site-packages/airflow/example_dags/plugins/event_listener.py
[2025-11-10T23:04:40.498+0000] {processor.py:183} INFO - Processing /home/airflow/.local/lib/python3.8/site-packages/airflow/example_dags/plugins/event_listener.py took 0.032 seconds
[2025-11-10T23:05:11.181+0000] {processor.py:161} INFO - Started process (PID=51157) to work on /home/airflow/.local/lib/python3.8/site-packages/airflow/example_dags/plugins/event_listener.py
[2025-11-10T23:05:11.183+0000] {processor.py:830} INFO - Processing file /home/airflow/.local/lib/python3.8/site-packages/airflow/example_dags/plugins/event_listener.py for tasks to queue
[2025-11-10T23:05:11.186+0000] {logging_mixin.py:188} INFO - [2025-11-10T23:05:11.186+0000] {dagbag.py:538} INFO - Filling up the DagBag from /home/airflow/.local/lib/python3.8/site-packages/airflow/example_dags/plugins/event_listener.py
[2025-11-10T23:05:11.192+0000] {processor.py:842} WARNING - No viable dags retrieved from /home/airflow/.local/lib/python3.8/site-packages/airflow/example_dags/plugins/event_listener.py
[2025-11-10T23:05:11.215+0000] {processor.py:183} INFO - Processing /home/airflow/.local/lib/python3.8/site-packages/airflow/example_dags/plugins/event_listener.py took 0.041 seconds
[2025-11-10T23:05:41.484+0000] {processor.py:161} INFO - Started process (PID=51216) to work on /home/airflow/.local/lib/python3.8/site-packages/airflow/example_dags/plugins/event_listener.py
[2025-11-10T23:05:41.486+0000] {processor.py:830} INFO - Processing file /home/airflow/.local/lib/python3.8/site-packages/airflow/example_dags/plugins/event_listener.py for tasks to queue
[2025-11-10T23:05:41.488+0000] {logging_mixin.py:188} INFO - [2025-11-10T23:05:41.487+0000] {dagbag.py:538} INFO - Filling up the DagBag from /home/airflow/.local/lib/python3.8/site-packages/airflow/example_dags/plugins/event_listener.py
[2025-11-10T23:05:41.492+0000] {processor.py:842} WARNING - No viable dags retrieved from /home/airflow/.local/lib/python3.8/site-packages/airflow/example_dags/plugins/event_listener.py
[2025-11-10T23:05:41.515+0000] {processor.py:183} INFO - Processing /home/airflow/.local/lib/python3.8/site-packages/airflow/example_dags/plugins/event_listener.py took 0.037 seconds
[2025-11-10T23:06:11.863+0000] {processor.py:161} INFO - Started process (PID=51281) to work on /home/airflow/.local/lib/python3.8/site-packages/airflow/example_dags/plugins/event_listener.py
[2025-11-10T23:06:11.866+0000] {processor.py:830} INFO - Processing file /home/airflow/.local/lib/python3.8/site-packages/airflow/example_dags/plugins/event_listener.py for tasks to queue
[2025-11-10T23:06:11.869+0000] {logging_mixin.py:188} INFO - [2025-11-10T23:06:11.868+0000] {dagbag.py:538} INFO - Filling up the DagBag from /home/airflow/.local/lib/python3.8/site-packages/airflow/example_dags/plugins/event_listener.py
[2025-11-10T23:06:11.881+0000] {processor.py:842} WARNING - No viable dags retrieved from /home/airflow/.local/lib/python3.8/site-packages/airflow/example_dags/plugins/event_listener.py
[2025-11-10T23:06:11.923+0000] {processor.py:183} INFO - Processing /home/airflow/.local/lib/python3.8/site-packages/airflow/example_dags/plugins/event_listener.py took 0.069 seconds
[2025-11-10T23:06:42.359+0000] {processor.py:161} INFO - Started process (PID=51340) to work on /home/airflow/.local/lib/python3.8/site-packages/airflow/example_dags/plugins/event_listener.py
[2025-11-10T23:06:42.362+0000] {processor.py:830} INFO - Processing file /home/airflow/.local/lib/python3.8/site-packages/airflow/example_dags/plugins/event_listener.py for tasks to queue
[2025-11-10T23:06:42.366+0000] {logging_mixin.py:188} INFO - [2025-11-10T23:06:42.364+0000] {dagbag.py:538} INFO - Filling up the DagBag from /home/airflow/.local/lib/python3.8/site-packages/airflow/example_dags/plugins/event_listener.py
[2025-11-10T23:06:42.373+0000] {processor.py:842} WARNING - No viable dags retrieved from /home/airflow/.local/lib/python3.8/site-packages/airflow/example_dags/plugins/event_listener.py
[2025-11-10T23:06:42.405+0000] {processor.py:183} INFO - Processing /home/airflow/.local/lib/python3.8/site-packages/airflow/example_dags/plugins/event_listener.py took 0.053 seconds
[2025-11-10T23:07:12.791+0000] {processor.py:161} INFO - Started process (PID=51398) to work on /home/airflow/.local/lib/python3.8/site-packages/airflow/example_dags/plugins/event_listener.py
[2025-11-10T23:07:12.793+0000] {processor.py:830} INFO - Processing file /home/airflow/.local/lib/python3.8/site-packages/airflow/example_dags/plugins/event_listener.py for tasks to queue
[2025-11-10T23:07:12.796+0000] {logging_mixin.py:188} INFO - [2025-11-10T23:07:12.795+0000] {dagbag.py:538} INFO - Filling up the DagBag from /home/airflow/.local/lib/python3.8/site-packages/airflow/example_dags/plugins/event_listener.py
[2025-11-10T23:07:12.802+0000] {processor.py:842} WARNING - No viable dags retrieved from /home/airflow/.local/lib/python3.8/site-packages/airflow/example_dags/plugins/event_listener.py
[2025-11-10T23:07:12.829+0000] {processor.py:183} INFO - Processing /home/airflow/.local/lib/python3.8/site-packages/airflow/example_dags/plugins/event_listener.py took 0.050 seconds
[2025-11-10T23:07:42.930+0000] {processor.py:161} INFO - Started process (PID=51457) to work on /home/airflow/.local/lib/python3.8/site-packages/airflow/example_dags/plugins/event_listener.py
[2025-11-10T23:07:42.931+0000] {processor.py:830} INFO - Processing file /home/airflow/.local/lib/python3.8/site-packages/airflow/example_dags/plugins/event_listener.py for tasks to queue
[2025-11-10T23:07:42.933+0000] {logging_mixin.py:188} INFO - [2025-11-10T23:07:42.933+0000] {dagbag.py:538} INFO - Filling up the DagBag from /home/airflow/.local/lib/python3.8/site-packages/airflow/example_dags/plugins/event_listener.py
[2025-11-10T23:07:42.936+0000] {processor.py:842} WARNING - No viable dags retrieved from /home/airflow/.local/lib/python3.8/site-packages/airflow/example_dags/plugins/event_listener.py
[2025-11-10T23:07:42.955+0000] {processor.py:183} INFO - Processing /home/airflow/.local/lib/python3.8/site-packages/airflow/example_dags/plugins/event_listener.py took 0.030 seconds
[2025-11-10T23:08:13.583+0000] {processor.py:161} INFO - Started process (PID=51516) to work on /home/airflow/.local/lib/python3.8/site-packages/airflow/example_dags/plugins/event_listener.py
[2025-11-10T23:08:13.584+0000] {processor.py:830} INFO - Processing file /home/airflow/.local/lib/python3.8/site-packages/airflow/example_dags/plugins/event_listener.py for tasks to queue
[2025-11-10T23:08:13.586+0000] {logging_mixin.py:188} INFO - [2025-11-10T23:08:13.585+0000] {dagbag.py:538} INFO - Filling up the DagBag from /home/airflow/.local/lib/python3.8/site-packages/airflow/example_dags/plugins/event_listener.py
[2025-11-10T23:08:13.589+0000] {processor.py:842} WARNING - No viable dags retrieved from /home/airflow/.local/lib/python3.8/site-packages/airflow/example_dags/plugins/event_listener.py
[2025-11-10T23:08:13.611+0000] {processor.py:183} INFO - Processing /home/airflow/.local/lib/python3.8/site-packages/airflow/example_dags/plugins/event_listener.py took 0.034 seconds
[2025-11-10T23:08:44.707+0000] {processor.py:161} INFO - Started process (PID=51575) to work on /home/airflow/.local/lib/python3.8/site-packages/airflow/example_dags/plugins/event_listener.py
[2025-11-10T23:08:44.709+0000] {processor.py:830} INFO - Processing file /home/airflow/.local/lib/python3.8/site-packages/airflow/example_dags/plugins/event_listener.py for tasks to queue
[2025-11-10T23:08:44.711+0000] {logging_mixin.py:188} INFO - [2025-11-10T23:08:44.711+0000] {dagbag.py:538} INFO - Filling up the DagBag from /home/airflow/.local/lib/python3.8/site-packages/airflow/example_dags/plugins/event_listener.py
[2025-11-10T23:08:44.715+0000] {processor.py:842} WARNING - No viable dags retrieved from /home/airflow/.local/lib/python3.8/site-packages/airflow/example_dags/plugins/event_listener.py
[2025-11-10T23:08:44.739+0000] {processor.py:183} INFO - Processing /home/airflow/.local/lib/python3.8/site-packages/airflow/example_dags/plugins/event_listener.py took 0.037 seconds
[2025-11-10T23:09:15.139+0000] {processor.py:161} INFO - Started process (PID=51634) to work on /home/airflow/.local/lib/python3.8/site-packages/airflow/example_dags/plugins/event_listener.py
[2025-11-10T23:09:15.142+0000] {processor.py:830} INFO - Processing file /home/airflow/.local/lib/python3.8/site-packages/airflow/example_dags/plugins/event_listener.py for tasks to queue
[2025-11-10T23:09:15.145+0000] {logging_mixin.py:188} INFO - [2025-11-10T23:09:15.144+0000] {dagbag.py:538} INFO - Filling up the DagBag from /home/airflow/.local/lib/python3.8/site-packages/airflow/example_dags/plugins/event_listener.py
[2025-11-10T23:09:15.151+0000] {processor.py:842} WARNING - No viable dags retrieved from /home/airflow/.local/lib/python3.8/site-packages/airflow/example_dags/plugins/event_listener.py
[2025-11-10T23:09:15.181+0000] {processor.py:183} INFO - Processing /home/airflow/.local/lib/python3.8/site-packages/airflow/example_dags/plugins/event_listener.py took 0.052 seconds
[2025-11-10T23:09:45.384+0000] {processor.py:161} INFO - Started process (PID=51693) to work on /home/airflow/.local/lib/python3.8/site-packages/airflow/example_dags/plugins/event_listener.py
[2025-11-10T23:09:45.386+0000] {processor.py:830} INFO - Processing file /home/airflow/.local/lib/python3.8/site-packages/airflow/example_dags/plugins/event_listener.py for tasks to queue
[2025-11-10T23:09:45.388+0000] {logging_mixin.py:188} INFO - [2025-11-10T23:09:45.387+0000] {dagbag.py:538} INFO - Filling up the DagBag from /home/airflow/.local/lib/python3.8/site-packages/airflow/example_dags/plugins/event_listener.py
[2025-11-10T23:09:45.392+0000] {processor.py:842} WARNING - No viable dags retrieved from /home/airflow/.local/lib/python3.8/site-packages/airflow/example_dags/plugins/event_listener.py
[2025-11-10T23:09:45.411+0000] {processor.py:183} INFO - Processing /home/airflow/.local/lib/python3.8/site-packages/airflow/example_dags/plugins/event_listener.py took 0.031 seconds
[2025-11-10T23:10:15.661+0000] {processor.py:161} INFO - Started process (PID=51753) to work on /home/airflow/.local/lib/python3.8/site-packages/airflow/example_dags/plugins/event_listener.py
[2025-11-10T23:10:15.663+0000] {processor.py:830} INFO - Processing file /home/airflow/.local/lib/python3.8/site-packages/airflow/example_dags/plugins/event_listener.py for tasks to queue
[2025-11-10T23:10:15.664+0000] {logging_mixin.py:188} INFO - [2025-11-10T23:10:15.664+0000] {dagbag.py:538} INFO - Filling up the DagBag from /home/airflow/.local/lib/python3.8/site-packages/airflow/example_dags/plugins/event_listener.py
[2025-11-10T23:10:15.668+0000] {processor.py:842} WARNING - No viable dags retrieved from /home/airflow/.local/lib/python3.8/site-packages/airflow/example_dags/plugins/event_listener.py
[2025-11-10T23:10:15.689+0000] {processor.py:183} INFO - Processing /home/airflow/.local/lib/python3.8/site-packages/airflow/example_dags/plugins/event_listener.py took 0.033 seconds
[2025-11-10T23:10:46.776+0000] {processor.py:161} INFO - Started process (PID=51812) to work on /home/airflow/.local/lib/python3.8/site-packages/airflow/example_dags/plugins/event_listener.py
[2025-11-10T23:10:46.779+0000] {processor.py:830} INFO - Processing file /home/airflow/.local/lib/python3.8/site-packages/airflow/example_dags/plugins/event_listener.py for tasks to queue
[2025-11-10T23:10:46.781+0000] {logging_mixin.py:188} INFO - [2025-11-10T23:10:46.780+0000] {dagbag.py:538} INFO - Filling up the DagBag from /home/airflow/.local/lib/python3.8/site-packages/airflow/example_dags/plugins/event_listener.py
[2025-11-10T23:10:46.789+0000] {processor.py:842} WARNING - No viable dags retrieved from /home/airflow/.local/lib/python3.8/site-packages/airflow/example_dags/plugins/event_listener.py
[2025-11-10T23:10:46.823+0000] {processor.py:183} INFO - Processing /home/airflow/.local/lib/python3.8/site-packages/airflow/example_dags/plugins/event_listener.py took 0.065 seconds
[2025-11-10T23:11:17.194+0000] {processor.py:161} INFO - Started process (PID=51871) to work on /home/airflow/.local/lib/python3.8/site-packages/airflow/example_dags/plugins/event_listener.py
[2025-11-10T23:11:17.196+0000] {processor.py:830} INFO - Processing file /home/airflow/.local/lib/python3.8/site-packages/airflow/example_dags/plugins/event_listener.py for tasks to queue
[2025-11-10T23:11:17.198+0000] {logging_mixin.py:188} INFO - [2025-11-10T23:11:17.197+0000] {dagbag.py:538} INFO - Filling up the DagBag from /home/airflow/.local/lib/python3.8/site-packages/airflow/example_dags/plugins/event_listener.py
[2025-11-10T23:11:17.202+0000] {processor.py:842} WARNING - No viable dags retrieved from /home/airflow/.local/lib/python3.8/site-packages/airflow/example_dags/plugins/event_listener.py
[2025-11-10T23:11:17.224+0000] {processor.py:183} INFO - Processing /home/airflow/.local/lib/python3.8/site-packages/airflow/example_dags/plugins/event_listener.py took 0.035 seconds
[2025-11-10T23:11:48.245+0000] {processor.py:161} INFO - Started process (PID=51930) to work on /home/airflow/.local/lib/python3.8/site-packages/airflow/example_dags/plugins/event_listener.py
[2025-11-10T23:11:48.247+0000] {processor.py:830} INFO - Processing file /home/airflow/.local/lib/python3.8/site-packages/airflow/example_dags/plugins/event_listener.py for tasks to queue
[2025-11-10T23:11:48.249+0000] {logging_mixin.py:188} INFO - [2025-11-10T23:11:48.249+0000] {dagbag.py:538} INFO - Filling up the DagBag from /home/airflow/.local/lib/python3.8/site-packages/airflow/example_dags/plugins/event_listener.py
[2025-11-10T23:11:48.254+0000] {processor.py:842} WARNING - No viable dags retrieved from /home/airflow/.local/lib/python3.8/site-packages/airflow/example_dags/plugins/event_listener.py
[2025-11-10T23:11:48.279+0000] {processor.py:183} INFO - Processing /home/airflow/.local/lib/python3.8/site-packages/airflow/example_dags/plugins/event_listener.py took 0.040 seconds
[2025-11-10T23:12:19.449+0000] {processor.py:161} INFO - Started process (PID=51989) to work on /home/airflow/.local/lib/python3.8/site-packages/airflow/example_dags/plugins/event_listener.py
[2025-11-10T23:12:19.451+0000] {processor.py:830} INFO - Processing file /home/airflow/.local/lib/python3.8/site-packages/airflow/example_dags/plugins/event_listener.py for tasks to queue
[2025-11-10T23:12:19.453+0000] {logging_mixin.py:188} INFO - [2025-11-10T23:12:19.453+0000] {dagbag.py:538} INFO - Filling up the DagBag from /home/airflow/.local/lib/python3.8/site-packages/airflow/example_dags/plugins/event_listener.py
[2025-11-10T23:12:19.457+0000] {processor.py:842} WARNING - No viable dags retrieved from /home/airflow/.local/lib/python3.8/site-packages/airflow/example_dags/plugins/event_listener.py
[2025-11-10T23:12:19.478+0000] {processor.py:183} INFO - Processing /home/airflow/.local/lib/python3.8/site-packages/airflow/example_dags/plugins/event_listener.py took 0.034 seconds
[2025-11-10T23:12:49.759+0000] {processor.py:161} INFO - Started process (PID=52048) to work on /home/airflow/.local/lib/python3.8/site-packages/airflow/example_dags/plugins/event_listener.py
[2025-11-10T23:12:49.761+0000] {processor.py:830} INFO - Processing file /home/airflow/.local/lib/python3.8/site-packages/airflow/example_dags/plugins/event_listener.py for tasks to queue
[2025-11-10T23:12:49.762+0000] {logging_mixin.py:188} INFO - [2025-11-10T23:12:49.762+0000] {dagbag.py:538} INFO - Filling up the DagBag from /home/airflow/.local/lib/python3.8/site-packages/airflow/example_dags/plugins/event_listener.py
[2025-11-10T23:12:49.767+0000] {processor.py:842} WARNING - No viable dags retrieved from /home/airflow/.local/lib/python3.8/site-packages/airflow/example_dags/plugins/event_listener.py
[2025-11-10T23:12:49.790+0000] {processor.py:183} INFO - Processing /home/airflow/.local/lib/python3.8/site-packages/airflow/example_dags/plugins/event_listener.py took 0.037 seconds
[2025-11-10T23:13:20.056+0000] {processor.py:161} INFO - Started process (PID=52106) to work on /home/airflow/.local/lib/python3.8/site-packages/airflow/example_dags/plugins/event_listener.py
[2025-11-10T23:13:20.057+0000] {processor.py:830} INFO - Processing file /home/airflow/.local/lib/python3.8/site-packages/airflow/example_dags/plugins/event_listener.py for tasks to queue
[2025-11-10T23:13:20.059+0000] {logging_mixin.py:188} INFO - [2025-11-10T23:13:20.059+0000] {dagbag.py:538} INFO - Filling up the DagBag from /home/airflow/.local/lib/python3.8/site-packages/airflow/example_dags/plugins/event_listener.py
[2025-11-10T23:13:20.066+0000] {processor.py:842} WARNING - No viable dags retrieved from /home/airflow/.local/lib/python3.8/site-packages/airflow/example_dags/plugins/event_listener.py
[2025-11-10T23:13:20.085+0000] {processor.py:183} INFO - Processing /home/airflow/.local/lib/python3.8/site-packages/airflow/example_dags/plugins/event_listener.py took 0.034 seconds
[2025-11-10T23:13:50.270+0000] {processor.py:161} INFO - Started process (PID=52165) to work on /home/airflow/.local/lib/python3.8/site-packages/airflow/example_dags/plugins/event_listener.py
[2025-11-10T23:13:50.271+0000] {processor.py:830} INFO - Processing file /home/airflow/.local/lib/python3.8/site-packages/airflow/example_dags/plugins/event_listener.py for tasks to queue
[2025-11-10T23:13:50.273+0000] {logging_mixin.py:188} INFO - [2025-11-10T23:13:50.273+0000] {dagbag.py:538} INFO - Filling up the DagBag from /home/airflow/.local/lib/python3.8/site-packages/airflow/example_dags/plugins/event_listener.py
[2025-11-10T23:13:50.278+0000] {processor.py:842} WARNING - No viable dags retrieved from /home/airflow/.local/lib/python3.8/site-packages/airflow/example_dags/plugins/event_listener.py
[2025-11-10T23:13:50.298+0000] {processor.py:183} INFO - Processing /home/airflow/.local/lib/python3.8/site-packages/airflow/example_dags/plugins/event_listener.py took 0.033 seconds
[2025-11-10T23:14:20.753+0000] {processor.py:161} INFO - Started process (PID=52224) to work on /home/airflow/.local/lib/python3.8/site-packages/airflow/example_dags/plugins/event_listener.py
[2025-11-10T23:14:20.754+0000] {processor.py:830} INFO - Processing file /home/airflow/.local/lib/python3.8/site-packages/airflow/example_dags/plugins/event_listener.py for tasks to queue
[2025-11-10T23:14:20.756+0000] {logging_mixin.py:188} INFO - [2025-11-10T23:14:20.755+0000] {dagbag.py:538} INFO - Filling up the DagBag from /home/airflow/.local/lib/python3.8/site-packages/airflow/example_dags/plugins/event_listener.py
[2025-11-10T23:14:20.759+0000] {processor.py:842} WARNING - No viable dags retrieved from /home/airflow/.local/lib/python3.8/site-packages/airflow/example_dags/plugins/event_listener.py
[2025-11-10T23:14:20.779+0000] {processor.py:183} INFO - Processing /home/airflow/.local/lib/python3.8/site-packages/airflow/example_dags/plugins/event_listener.py took 0.030 seconds
[2025-11-10T23:14:51.064+0000] {processor.py:161} INFO - Started process (PID=52284) to work on /home/airflow/.local/lib/python3.8/site-packages/airflow/example_dags/plugins/event_listener.py
[2025-11-10T23:14:51.067+0000] {processor.py:830} INFO - Processing file /home/airflow/.local/lib/python3.8/site-packages/airflow/example_dags/plugins/event_listener.py for tasks to queue
[2025-11-10T23:14:51.069+0000] {logging_mixin.py:188} INFO - [2025-11-10T23:14:51.068+0000] {dagbag.py:538} INFO - Filling up the DagBag from /home/airflow/.local/lib/python3.8/site-packages/airflow/example_dags/plugins/event_listener.py
[2025-11-10T23:14:51.074+0000] {processor.py:842} WARNING - No viable dags retrieved from /home/airflow/.local/lib/python3.8/site-packages/airflow/example_dags/plugins/event_listener.py
[2025-11-10T23:14:51.108+0000] {processor.py:183} INFO - Processing /home/airflow/.local/lib/python3.8/site-packages/airflow/example_dags/plugins/event_listener.py took 0.052 seconds
[2025-11-10T23:15:21.278+0000] {processor.py:161} INFO - Started process (PID=52342) to work on /home/airflow/.local/lib/python3.8/site-packages/airflow/example_dags/plugins/event_listener.py
[2025-11-10T23:15:21.280+0000] {processor.py:830} INFO - Processing file /home/airflow/.local/lib/python3.8/site-packages/airflow/example_dags/plugins/event_listener.py for tasks to queue
[2025-11-10T23:15:21.281+0000] {logging_mixin.py:188} INFO - [2025-11-10T23:15:21.281+0000] {dagbag.py:538} INFO - Filling up the DagBag from /home/airflow/.local/lib/python3.8/site-packages/airflow/example_dags/plugins/event_listener.py
[2025-11-10T23:15:21.285+0000] {processor.py:842} WARNING - No viable dags retrieved from /home/airflow/.local/lib/python3.8/site-packages/airflow/example_dags/plugins/event_listener.py
[2025-11-10T23:15:21.310+0000] {processor.py:183} INFO - Processing /home/airflow/.local/lib/python3.8/site-packages/airflow/example_dags/plugins/event_listener.py took 0.039 seconds
[2025-11-10T23:15:52.389+0000] {processor.py:161} INFO - Started process (PID=52408) to work on /home/airflow/.local/lib/python3.8/site-packages/airflow/example_dags/plugins/event_listener.py
[2025-11-10T23:15:52.391+0000] {processor.py:830} INFO - Processing file /home/airflow/.local/lib/python3.8/site-packages/airflow/example_dags/plugins/event_listener.py for tasks to queue
[2025-11-10T23:15:52.393+0000] {logging_mixin.py:188} INFO - [2025-11-10T23:15:52.393+0000] {dagbag.py:538} INFO - Filling up the DagBag from /home/airflow/.local/lib/python3.8/site-packages/airflow/example_dags/plugins/event_listener.py
[2025-11-10T23:15:52.398+0000] {processor.py:842} WARNING - No viable dags retrieved from /home/airflow/.local/lib/python3.8/site-packages/airflow/example_dags/plugins/event_listener.py
[2025-11-10T23:15:52.418+0000] {processor.py:183} INFO - Processing /home/airflow/.local/lib/python3.8/site-packages/airflow/example_dags/plugins/event_listener.py took 0.035 seconds
[2025-11-10T23:16:23.087+0000] {processor.py:161} INFO - Started process (PID=52467) to work on /home/airflow/.local/lib/python3.8/site-packages/airflow/example_dags/plugins/event_listener.py
[2025-11-10T23:16:23.089+0000] {processor.py:830} INFO - Processing file /home/airflow/.local/lib/python3.8/site-packages/airflow/example_dags/plugins/event_listener.py for tasks to queue
[2025-11-10T23:16:23.091+0000] {logging_mixin.py:188} INFO - [2025-11-10T23:16:23.090+0000] {dagbag.py:538} INFO - Filling up the DagBag from /home/airflow/.local/lib/python3.8/site-packages/airflow/example_dags/plugins/event_listener.py
[2025-11-10T23:16:23.096+0000] {processor.py:842} WARNING - No viable dags retrieved from /home/airflow/.local/lib/python3.8/site-packages/airflow/example_dags/plugins/event_listener.py
[2025-11-10T23:16:23.118+0000] {processor.py:183} INFO - Processing /home/airflow/.local/lib/python3.8/site-packages/airflow/example_dags/plugins/event_listener.py took 0.037 seconds
[2025-11-10T23:16:53.416+0000] {processor.py:161} INFO - Started process (PID=52526) to work on /home/airflow/.local/lib/python3.8/site-packages/airflow/example_dags/plugins/event_listener.py
[2025-11-10T23:16:53.418+0000] {processor.py:830} INFO - Processing file /home/airflow/.local/lib/python3.8/site-packages/airflow/example_dags/plugins/event_listener.py for tasks to queue
[2025-11-10T23:16:53.419+0000] {logging_mixin.py:188} INFO - [2025-11-10T23:16:53.419+0000] {dagbag.py:538} INFO - Filling up the DagBag from /home/airflow/.local/lib/python3.8/site-packages/airflow/example_dags/plugins/event_listener.py
[2025-11-10T23:16:53.423+0000] {processor.py:842} WARNING - No viable dags retrieved from /home/airflow/.local/lib/python3.8/site-packages/airflow/example_dags/plugins/event_listener.py
[2025-11-10T23:16:53.440+0000] {processor.py:183} INFO - Processing /home/airflow/.local/lib/python3.8/site-packages/airflow/example_dags/plugins/event_listener.py took 0.028 seconds
[2025-11-10T23:17:24.303+0000] {processor.py:161} INFO - Started process (PID=52586) to work on /home/airflow/.local/lib/python3.8/site-packages/airflow/example_dags/plugins/event_listener.py
[2025-11-10T23:17:24.304+0000] {processor.py:830} INFO - Processing file /home/airflow/.local/lib/python3.8/site-packages/airflow/example_dags/plugins/event_listener.py for tasks to queue
[2025-11-10T23:17:24.306+0000] {logging_mixin.py:188} INFO - [2025-11-10T23:17:24.305+0000] {dagbag.py:538} INFO - Filling up the DagBag from /home/airflow/.local/lib/python3.8/site-packages/airflow/example_dags/plugins/event_listener.py
[2025-11-10T23:17:24.309+0000] {processor.py:842} WARNING - No viable dags retrieved from /home/airflow/.local/lib/python3.8/site-packages/airflow/example_dags/plugins/event_listener.py
[2025-11-10T23:17:24.326+0000] {processor.py:183} INFO - Processing /home/airflow/.local/lib/python3.8/site-packages/airflow/example_dags/plugins/event_listener.py took 0.027 seconds
[2025-11-10T23:17:54.713+0000] {processor.py:161} INFO - Started process (PID=52645) to work on /home/airflow/.local/lib/python3.8/site-packages/airflow/example_dags/plugins/event_listener.py
[2025-11-10T23:17:54.715+0000] {processor.py:830} INFO - Processing file /home/airflow/.local/lib/python3.8/site-packages/airflow/example_dags/plugins/event_listener.py for tasks to queue
[2025-11-10T23:17:54.717+0000] {logging_mixin.py:188} INFO - [2025-11-10T23:17:54.716+0000] {dagbag.py:538} INFO - Filling up the DagBag from /home/airflow/.local/lib/python3.8/site-packages/airflow/example_dags/plugins/event_listener.py
[2025-11-10T23:17:54.722+0000] {processor.py:842} WARNING - No viable dags retrieved from /home/airflow/.local/lib/python3.8/site-packages/airflow/example_dags/plugins/event_listener.py
[2025-11-10T23:17:54.747+0000] {processor.py:183} INFO - Processing /home/airflow/.local/lib/python3.8/site-packages/airflow/example_dags/plugins/event_listener.py took 0.041 seconds
