[2025-11-13T06:26:26.185+0000] {processor.py:161} INFO - Started process (PID=128) to work on /home/airflow/.local/lib/python3.8/site-packages/airflow/example_dags/example_datasets.py
[2025-11-13T06:26:26.197+0000] {processor.py:830} INFO - Processing file /home/airflow/.local/lib/python3.8/site-packages/airflow/example_dags/example_datasets.py for tasks to queue
[2025-11-13T06:26:26.215+0000] {logging_mixin.py:188} INFO - [2025-11-13T06:26:26.214+0000] {dagbag.py:538} INFO - Filling up the DagBag from /home/airflow/.local/lib/python3.8/site-packages/airflow/example_dags/example_datasets.py
[2025-11-13T06:26:26.272+0000] {processor.py:840} INFO - DAG(s) 'dataset_produces_2', 'dataset_produces_1', 'dataset_consumes_1_never_scheduled', 'dataset_consumes_unknown_never_scheduled', 'dataset_consumes_1_and_2', 'dataset_consumes_1' retrieved from /home/airflow/.local/lib/python3.8/site-packages/airflow/example_dags/example_datasets.py
[2025-11-13T06:26:26.346+0000] {logging_mixin.py:188} INFO - [2025-11-13T06:26:26.345+0000] {dag.py:3036} INFO - Sync 6 DAGs
[2025-11-13T06:26:26.554+0000] {logging_mixin.py:188} INFO - [2025-11-13T06:26:26.554+0000] {dag.py:3823} INFO - Setting next_dagrun for dataset_consumes_1 to None, run_after=None
[2025-11-13T06:26:26.602+0000] {logging_mixin.py:188} INFO - [2025-11-13T06:26:26.590+0000] {dag.py:3823} INFO - Setting next_dagrun for dataset_consumes_1_and_2 to None, run_after=None
[2025-11-13T06:26:26.617+0000] {logging_mixin.py:188} INFO - [2025-11-13T06:26:26.610+0000] {dag.py:3823} INFO - Setting next_dagrun for dataset_consumes_1_never_scheduled to None, run_after=None
[2025-11-13T06:26:26.634+0000] {logging_mixin.py:188} INFO - [2025-11-13T06:26:26.623+0000] {dag.py:3823} INFO - Setting next_dagrun for dataset_consumes_unknown_never_scheduled to None, run_after=None
[2025-11-13T06:26:26.655+0000] {logging_mixin.py:188} INFO - [2025-11-13T06:26:26.654+0000] {dag.py:3823} INFO - Setting next_dagrun for dataset_produces_1 to 2025-11-12 00:00:00+00:00, run_after=2025-11-13 00:00:00+00:00
[2025-11-13T06:26:26.669+0000] {logging_mixin.py:188} INFO - [2025-11-13T06:26:26.669+0000] {dag.py:3823} INFO - Setting next_dagrun for dataset_produces_2 to None, run_after=None
[2025-11-13T06:26:26.858+0000] {processor.py:183} INFO - Processing /home/airflow/.local/lib/python3.8/site-packages/airflow/example_dags/example_datasets.py took 0.693 seconds
[2025-11-13T06:26:57.261+0000] {processor.py:161} INFO - Started process (PID=190) to work on /home/airflow/.local/lib/python3.8/site-packages/airflow/example_dags/example_datasets.py
[2025-11-13T06:26:57.262+0000] {processor.py:830} INFO - Processing file /home/airflow/.local/lib/python3.8/site-packages/airflow/example_dags/example_datasets.py for tasks to queue
[2025-11-13T06:26:57.266+0000] {logging_mixin.py:188} INFO - [2025-11-13T06:26:57.265+0000] {dagbag.py:538} INFO - Filling up the DagBag from /home/airflow/.local/lib/python3.8/site-packages/airflow/example_dags/example_datasets.py
[2025-11-13T06:26:57.278+0000] {processor.py:840} INFO - DAG(s) 'dataset_consumes_1_never_scheduled', 'dataset_consumes_1', 'dataset_produces_1', 'dataset_consumes_unknown_never_scheduled', 'dataset_produces_2', 'dataset_consumes_1_and_2' retrieved from /home/airflow/.local/lib/python3.8/site-packages/airflow/example_dags/example_datasets.py
[2025-11-13T06:26:57.488+0000] {logging_mixin.py:188} INFO - [2025-11-13T06:26:57.488+0000] {dag.py:3036} INFO - Sync 6 DAGs
[2025-11-13T06:26:57.518+0000] {logging_mixin.py:188} INFO - [2025-11-13T06:26:57.518+0000] {dag.py:3823} INFO - Setting next_dagrun for dataset_consumes_1 to None, run_after=None
[2025-11-13T06:26:57.522+0000] {logging_mixin.py:188} INFO - [2025-11-13T06:26:57.522+0000] {dag.py:3823} INFO - Setting next_dagrun for dataset_consumes_1_and_2 to None, run_after=None
[2025-11-13T06:26:57.524+0000] {logging_mixin.py:188} INFO - [2025-11-13T06:26:57.524+0000] {dag.py:3823} INFO - Setting next_dagrun for dataset_consumes_1_never_scheduled to None, run_after=None
[2025-11-13T06:26:57.526+0000] {logging_mixin.py:188} INFO - [2025-11-13T06:26:57.526+0000] {dag.py:3823} INFO - Setting next_dagrun for dataset_consumes_unknown_never_scheduled to None, run_after=None
[2025-11-13T06:26:57.530+0000] {logging_mixin.py:188} INFO - [2025-11-13T06:26:57.530+0000] {dag.py:3823} INFO - Setting next_dagrun for dataset_produces_1 to 2025-11-12 00:00:00+00:00, run_after=2025-11-13 00:00:00+00:00
[2025-11-13T06:26:57.533+0000] {logging_mixin.py:188} INFO - [2025-11-13T06:26:57.532+0000] {dag.py:3823} INFO - Setting next_dagrun for dataset_produces_2 to None, run_after=None
[2025-11-13T06:26:57.579+0000] {processor.py:183} INFO - Processing /home/airflow/.local/lib/python3.8/site-packages/airflow/example_dags/example_datasets.py took 0.323 seconds
[2025-11-13T06:27:27.890+0000] {processor.py:161} INFO - Started process (PID=252) to work on /home/airflow/.local/lib/python3.8/site-packages/airflow/example_dags/example_datasets.py
[2025-11-13T06:27:27.892+0000] {processor.py:830} INFO - Processing file /home/airflow/.local/lib/python3.8/site-packages/airflow/example_dags/example_datasets.py for tasks to queue
[2025-11-13T06:27:27.895+0000] {logging_mixin.py:188} INFO - [2025-11-13T06:27:27.894+0000] {dagbag.py:538} INFO - Filling up the DagBag from /home/airflow/.local/lib/python3.8/site-packages/airflow/example_dags/example_datasets.py
[2025-11-13T06:27:27.907+0000] {processor.py:840} INFO - DAG(s) 'dataset_consumes_1', 'dataset_produces_1', 'dataset_consumes_1_and_2', 'dataset_consumes_1_never_scheduled', 'dataset_produces_2', 'dataset_consumes_unknown_never_scheduled' retrieved from /home/airflow/.local/lib/python3.8/site-packages/airflow/example_dags/example_datasets.py
[2025-11-13T06:27:27.953+0000] {logging_mixin.py:188} INFO - [2025-11-13T06:27:27.952+0000] {dag.py:3036} INFO - Sync 6 DAGs
[2025-11-13T06:27:27.980+0000] {logging_mixin.py:188} INFO - [2025-11-13T06:27:27.979+0000] {dag.py:3823} INFO - Setting next_dagrun for dataset_consumes_1 to None, run_after=None
[2025-11-13T06:27:27.986+0000] {logging_mixin.py:188} INFO - [2025-11-13T06:27:27.986+0000] {dag.py:3823} INFO - Setting next_dagrun for dataset_consumes_1_and_2 to None, run_after=None
[2025-11-13T06:27:27.989+0000] {logging_mixin.py:188} INFO - [2025-11-13T06:27:27.988+0000] {dag.py:3823} INFO - Setting next_dagrun for dataset_consumes_1_never_scheduled to None, run_after=None
[2025-11-13T06:27:27.991+0000] {logging_mixin.py:188} INFO - [2025-11-13T06:27:27.990+0000] {dag.py:3823} INFO - Setting next_dagrun for dataset_consumes_unknown_never_scheduled to None, run_after=None
[2025-11-13T06:27:27.994+0000] {logging_mixin.py:188} INFO - [2025-11-13T06:27:27.994+0000] {dag.py:3823} INFO - Setting next_dagrun for dataset_produces_1 to 2025-11-12 00:00:00+00:00, run_after=2025-11-13 00:00:00+00:00
[2025-11-13T06:27:27.996+0000] {logging_mixin.py:188} INFO - [2025-11-13T06:27:27.996+0000] {dag.py:3823} INFO - Setting next_dagrun for dataset_produces_2 to None, run_after=None
[2025-11-13T06:27:28.043+0000] {processor.py:183} INFO - Processing /home/airflow/.local/lib/python3.8/site-packages/airflow/example_dags/example_datasets.py took 0.157 seconds
[2025-11-13T06:27:58.235+0000] {processor.py:161} INFO - Started process (PID=314) to work on /home/airflow/.local/lib/python3.8/site-packages/airflow/example_dags/example_datasets.py
[2025-11-13T06:27:58.237+0000] {processor.py:830} INFO - Processing file /home/airflow/.local/lib/python3.8/site-packages/airflow/example_dags/example_datasets.py for tasks to queue
[2025-11-13T06:27:58.240+0000] {logging_mixin.py:188} INFO - [2025-11-13T06:27:58.240+0000] {dagbag.py:538} INFO - Filling up the DagBag from /home/airflow/.local/lib/python3.8/site-packages/airflow/example_dags/example_datasets.py
[2025-11-13T06:27:58.253+0000] {processor.py:840} INFO - DAG(s) 'dataset_consumes_1', 'dataset_produces_2', 'dataset_consumes_unknown_never_scheduled', 'dataset_consumes_1_and_2', 'dataset_produces_1', 'dataset_consumes_1_never_scheduled' retrieved from /home/airflow/.local/lib/python3.8/site-packages/airflow/example_dags/example_datasets.py
[2025-11-13T06:27:58.297+0000] {logging_mixin.py:188} INFO - [2025-11-13T06:27:58.297+0000] {dag.py:3036} INFO - Sync 6 DAGs
[2025-11-13T06:27:58.324+0000] {logging_mixin.py:188} INFO - [2025-11-13T06:27:58.324+0000] {dag.py:3823} INFO - Setting next_dagrun for dataset_consumes_1 to None, run_after=None
[2025-11-13T06:27:58.329+0000] {logging_mixin.py:188} INFO - [2025-11-13T06:27:58.329+0000] {dag.py:3823} INFO - Setting next_dagrun for dataset_consumes_1_and_2 to None, run_after=None
[2025-11-13T06:27:58.331+0000] {logging_mixin.py:188} INFO - [2025-11-13T06:27:58.331+0000] {dag.py:3823} INFO - Setting next_dagrun for dataset_consumes_1_never_scheduled to None, run_after=None
[2025-11-13T06:27:58.333+0000] {logging_mixin.py:188} INFO - [2025-11-13T06:27:58.333+0000] {dag.py:3823} INFO - Setting next_dagrun for dataset_consumes_unknown_never_scheduled to None, run_after=None
[2025-11-13T06:27:58.338+0000] {logging_mixin.py:188} INFO - [2025-11-13T06:27:58.337+0000] {dag.py:3823} INFO - Setting next_dagrun for dataset_produces_1 to 2025-11-12 00:00:00+00:00, run_after=2025-11-13 00:00:00+00:00
[2025-11-13T06:27:58.340+0000] {logging_mixin.py:188} INFO - [2025-11-13T06:27:58.340+0000] {dag.py:3823} INFO - Setting next_dagrun for dataset_produces_2 to None, run_after=None
[2025-11-13T06:27:58.381+0000] {processor.py:183} INFO - Processing /home/airflow/.local/lib/python3.8/site-packages/airflow/example_dags/example_datasets.py took 0.150 seconds
[2025-11-13T06:28:29.081+0000] {processor.py:161} INFO - Started process (PID=377) to work on /home/airflow/.local/lib/python3.8/site-packages/airflow/example_dags/example_datasets.py
[2025-11-13T06:28:29.083+0000] {processor.py:830} INFO - Processing file /home/airflow/.local/lib/python3.8/site-packages/airflow/example_dags/example_datasets.py for tasks to queue
[2025-11-13T06:28:29.087+0000] {logging_mixin.py:188} INFO - [2025-11-13T06:28:29.086+0000] {dagbag.py:538} INFO - Filling up the DagBag from /home/airflow/.local/lib/python3.8/site-packages/airflow/example_dags/example_datasets.py
[2025-11-13T06:28:29.101+0000] {processor.py:840} INFO - DAG(s) 'dataset_consumes_1_and_2', 'dataset_consumes_1_never_scheduled', 'dataset_consumes_unknown_never_scheduled', 'dataset_produces_2', 'dataset_produces_1', 'dataset_consumes_1' retrieved from /home/airflow/.local/lib/python3.8/site-packages/airflow/example_dags/example_datasets.py
[2025-11-13T06:28:29.147+0000] {logging_mixin.py:188} INFO - [2025-11-13T06:28:29.147+0000] {dag.py:3036} INFO - Sync 6 DAGs
[2025-11-13T06:28:29.174+0000] {logging_mixin.py:188} INFO - [2025-11-13T06:28:29.173+0000] {dag.py:3823} INFO - Setting next_dagrun for dataset_consumes_1 to None, run_after=None
[2025-11-13T06:28:29.178+0000] {logging_mixin.py:188} INFO - [2025-11-13T06:28:29.178+0000] {dag.py:3823} INFO - Setting next_dagrun for dataset_consumes_1_and_2 to None, run_after=None
[2025-11-13T06:28:29.180+0000] {logging_mixin.py:188} INFO - [2025-11-13T06:28:29.180+0000] {dag.py:3823} INFO - Setting next_dagrun for dataset_consumes_1_never_scheduled to None, run_after=None
[2025-11-13T06:28:29.182+0000] {logging_mixin.py:188} INFO - [2025-11-13T06:28:29.182+0000] {dag.py:3823} INFO - Setting next_dagrun for dataset_consumes_unknown_never_scheduled to None, run_after=None
[2025-11-13T06:28:29.187+0000] {logging_mixin.py:188} INFO - [2025-11-13T06:28:29.187+0000] {dag.py:3823} INFO - Setting next_dagrun for dataset_produces_1 to 2025-11-12 00:00:00+00:00, run_after=2025-11-13 00:00:00+00:00
[2025-11-13T06:28:29.189+0000] {logging_mixin.py:188} INFO - [2025-11-13T06:28:29.189+0000] {dag.py:3823} INFO - Setting next_dagrun for dataset_produces_2 to None, run_after=None
[2025-11-13T06:28:29.233+0000] {processor.py:183} INFO - Processing /home/airflow/.local/lib/python3.8/site-packages/airflow/example_dags/example_datasets.py took 0.156 seconds
[2025-11-13T06:28:59.709+0000] {processor.py:161} INFO - Started process (PID=439) to work on /home/airflow/.local/lib/python3.8/site-packages/airflow/example_dags/example_datasets.py
[2025-11-13T06:28:59.711+0000] {processor.py:830} INFO - Processing file /home/airflow/.local/lib/python3.8/site-packages/airflow/example_dags/example_datasets.py for tasks to queue
[2025-11-13T06:28:59.715+0000] {logging_mixin.py:188} INFO - [2025-11-13T06:28:59.714+0000] {dagbag.py:538} INFO - Filling up the DagBag from /home/airflow/.local/lib/python3.8/site-packages/airflow/example_dags/example_datasets.py
[2025-11-13T06:28:59.733+0000] {processor.py:840} INFO - DAG(s) 'dataset_consumes_1_never_scheduled', 'dataset_consumes_unknown_never_scheduled', 'dataset_produces_2', 'dataset_consumes_1', 'dataset_produces_1', 'dataset_consumes_1_and_2' retrieved from /home/airflow/.local/lib/python3.8/site-packages/airflow/example_dags/example_datasets.py
[2025-11-13T06:28:59.809+0000] {logging_mixin.py:188} INFO - [2025-11-13T06:28:59.809+0000] {dag.py:3036} INFO - Sync 6 DAGs
[2025-11-13T06:28:59.862+0000] {logging_mixin.py:188} INFO - [2025-11-13T06:28:59.861+0000] {dag.py:3823} INFO - Setting next_dagrun for dataset_consumes_1 to None, run_after=None
[2025-11-13T06:28:59.871+0000] {logging_mixin.py:188} INFO - [2025-11-13T06:28:59.870+0000] {dag.py:3823} INFO - Setting next_dagrun for dataset_consumes_1_and_2 to None, run_after=None
[2025-11-13T06:28:59.874+0000] {logging_mixin.py:188} INFO - [2025-11-13T06:28:59.874+0000] {dag.py:3823} INFO - Setting next_dagrun for dataset_consumes_1_never_scheduled to None, run_after=None
[2025-11-13T06:28:59.878+0000] {logging_mixin.py:188} INFO - [2025-11-13T06:28:59.877+0000] {dag.py:3823} INFO - Setting next_dagrun for dataset_consumes_unknown_never_scheduled to None, run_after=None
[2025-11-13T06:28:59.884+0000] {logging_mixin.py:188} INFO - [2025-11-13T06:28:59.884+0000] {dag.py:3823} INFO - Setting next_dagrun for dataset_produces_1 to 2025-11-12 00:00:00+00:00, run_after=2025-11-13 00:00:00+00:00
[2025-11-13T06:28:59.887+0000] {logging_mixin.py:188} INFO - [2025-11-13T06:28:59.887+0000] {dag.py:3823} INFO - Setting next_dagrun for dataset_produces_2 to None, run_after=None
[2025-11-13T06:28:59.966+0000] {processor.py:183} INFO - Processing /home/airflow/.local/lib/python3.8/site-packages/airflow/example_dags/example_datasets.py took 0.264 seconds
[2025-11-13T06:29:30.058+0000] {processor.py:161} INFO - Started process (PID=501) to work on /home/airflow/.local/lib/python3.8/site-packages/airflow/example_dags/example_datasets.py
[2025-11-13T06:29:30.059+0000] {processor.py:830} INFO - Processing file /home/airflow/.local/lib/python3.8/site-packages/airflow/example_dags/example_datasets.py for tasks to queue
[2025-11-13T06:29:30.063+0000] {logging_mixin.py:188} INFO - [2025-11-13T06:29:30.062+0000] {dagbag.py:538} INFO - Filling up the DagBag from /home/airflow/.local/lib/python3.8/site-packages/airflow/example_dags/example_datasets.py
[2025-11-13T06:29:30.078+0000] {processor.py:840} INFO - DAG(s) 'dataset_consumes_1_never_scheduled', 'dataset_consumes_1', 'dataset_consumes_1_and_2', 'dataset_produces_1', 'dataset_consumes_unknown_never_scheduled', 'dataset_produces_2' retrieved from /home/airflow/.local/lib/python3.8/site-packages/airflow/example_dags/example_datasets.py
[2025-11-13T06:29:30.136+0000] {logging_mixin.py:188} INFO - [2025-11-13T06:29:30.136+0000] {dag.py:3036} INFO - Sync 6 DAGs
[2025-11-13T06:29:30.173+0000] {logging_mixin.py:188} INFO - [2025-11-13T06:29:30.172+0000] {dag.py:3823} INFO - Setting next_dagrun for dataset_consumes_1 to None, run_after=None
[2025-11-13T06:29:30.179+0000] {logging_mixin.py:188} INFO - [2025-11-13T06:29:30.178+0000] {dag.py:3823} INFO - Setting next_dagrun for dataset_consumes_1_and_2 to None, run_after=None
[2025-11-13T06:29:30.181+0000] {logging_mixin.py:188} INFO - [2025-11-13T06:29:30.181+0000] {dag.py:3823} INFO - Setting next_dagrun for dataset_consumes_1_never_scheduled to None, run_after=None
[2025-11-13T06:29:30.184+0000] {logging_mixin.py:188} INFO - [2025-11-13T06:29:30.183+0000] {dag.py:3823} INFO - Setting next_dagrun for dataset_consumes_unknown_never_scheduled to None, run_after=None
[2025-11-13T06:29:30.189+0000] {logging_mixin.py:188} INFO - [2025-11-13T06:29:30.188+0000] {dag.py:3823} INFO - Setting next_dagrun for dataset_produces_1 to 2025-11-12 00:00:00+00:00, run_after=2025-11-13 00:00:00+00:00
[2025-11-13T06:29:30.191+0000] {logging_mixin.py:188} INFO - [2025-11-13T06:29:30.191+0000] {dag.py:3823} INFO - Setting next_dagrun for dataset_produces_2 to None, run_after=None
[2025-11-13T06:29:30.245+0000] {processor.py:183} INFO - Processing /home/airflow/.local/lib/python3.8/site-packages/airflow/example_dags/example_datasets.py took 0.193 seconds
[2025-11-13T06:30:00.843+0000] {processor.py:161} INFO - Started process (PID=563) to work on /home/airflow/.local/lib/python3.8/site-packages/airflow/example_dags/example_datasets.py
[2025-11-13T06:30:00.845+0000] {processor.py:830} INFO - Processing file /home/airflow/.local/lib/python3.8/site-packages/airflow/example_dags/example_datasets.py for tasks to queue
[2025-11-13T06:30:00.848+0000] {logging_mixin.py:188} INFO - [2025-11-13T06:30:00.848+0000] {dagbag.py:538} INFO - Filling up the DagBag from /home/airflow/.local/lib/python3.8/site-packages/airflow/example_dags/example_datasets.py
[2025-11-13T06:30:00.863+0000] {processor.py:840} INFO - DAG(s) 'dataset_consumes_1', 'dataset_produces_1', 'dataset_consumes_1_never_scheduled', 'dataset_consumes_1_and_2', 'dataset_consumes_unknown_never_scheduled', 'dataset_produces_2' retrieved from /home/airflow/.local/lib/python3.8/site-packages/airflow/example_dags/example_datasets.py
[2025-11-13T06:30:00.928+0000] {logging_mixin.py:188} INFO - [2025-11-13T06:30:00.927+0000] {dag.py:3036} INFO - Sync 6 DAGs
[2025-11-13T06:30:00.966+0000] {logging_mixin.py:188} INFO - [2025-11-13T06:30:00.965+0000] {dag.py:3823} INFO - Setting next_dagrun for dataset_consumes_1 to None, run_after=None
[2025-11-13T06:30:00.973+0000] {logging_mixin.py:188} INFO - [2025-11-13T06:30:00.972+0000] {dag.py:3823} INFO - Setting next_dagrun for dataset_consumes_1_and_2 to None, run_after=None
[2025-11-13T06:30:00.976+0000] {logging_mixin.py:188} INFO - [2025-11-13T06:30:00.975+0000] {dag.py:3823} INFO - Setting next_dagrun for dataset_consumes_1_never_scheduled to None, run_after=None
[2025-11-13T06:30:00.979+0000] {logging_mixin.py:188} INFO - [2025-11-13T06:30:00.978+0000] {dag.py:3823} INFO - Setting next_dagrun for dataset_consumes_unknown_never_scheduled to None, run_after=None
[2025-11-13T06:30:00.989+0000] {logging_mixin.py:188} INFO - [2025-11-13T06:30:00.988+0000] {dag.py:3823} INFO - Setting next_dagrun for dataset_produces_1 to 2025-11-12 00:00:00+00:00, run_after=2025-11-13 00:00:00+00:00
[2025-11-13T06:30:00.992+0000] {logging_mixin.py:188} INFO - [2025-11-13T06:30:00.992+0000] {dag.py:3823} INFO - Setting next_dagrun for dataset_produces_2 to None, run_after=None
[2025-11-13T06:30:01.096+0000] {processor.py:183} INFO - Processing /home/airflow/.local/lib/python3.8/site-packages/airflow/example_dags/example_datasets.py took 0.258 seconds
[2025-11-13T06:30:31.200+0000] {processor.py:161} INFO - Started process (PID=625) to work on /home/airflow/.local/lib/python3.8/site-packages/airflow/example_dags/example_datasets.py
[2025-11-13T06:30:31.202+0000] {processor.py:830} INFO - Processing file /home/airflow/.local/lib/python3.8/site-packages/airflow/example_dags/example_datasets.py for tasks to queue
[2025-11-13T06:30:31.205+0000] {logging_mixin.py:188} INFO - [2025-11-13T06:30:31.204+0000] {dagbag.py:538} INFO - Filling up the DagBag from /home/airflow/.local/lib/python3.8/site-packages/airflow/example_dags/example_datasets.py
[2025-11-13T06:30:31.217+0000] {processor.py:840} INFO - DAG(s) 'dataset_consumes_unknown_never_scheduled', 'dataset_consumes_1_never_scheduled', 'dataset_produces_2', 'dataset_produces_1', 'dataset_consumes_1_and_2', 'dataset_consumes_1' retrieved from /home/airflow/.local/lib/python3.8/site-packages/airflow/example_dags/example_datasets.py
[2025-11-13T06:30:31.271+0000] {logging_mixin.py:188} INFO - [2025-11-13T06:30:31.271+0000] {dag.py:3036} INFO - Sync 6 DAGs
[2025-11-13T06:30:31.297+0000] {logging_mixin.py:188} INFO - [2025-11-13T06:30:31.297+0000] {dag.py:3823} INFO - Setting next_dagrun for dataset_consumes_1 to None, run_after=None
[2025-11-13T06:30:31.303+0000] {logging_mixin.py:188} INFO - [2025-11-13T06:30:31.303+0000] {dag.py:3823} INFO - Setting next_dagrun for dataset_consumes_1_and_2 to None, run_after=None
[2025-11-13T06:30:31.305+0000] {logging_mixin.py:188} INFO - [2025-11-13T06:30:31.305+0000] {dag.py:3823} INFO - Setting next_dagrun for dataset_consumes_1_never_scheduled to None, run_after=None
[2025-11-13T06:30:31.307+0000] {logging_mixin.py:188} INFO - [2025-11-13T06:30:31.307+0000] {dag.py:3823} INFO - Setting next_dagrun for dataset_consumes_unknown_never_scheduled to None, run_after=None
[2025-11-13T06:30:31.311+0000] {logging_mixin.py:188} INFO - [2025-11-13T06:30:31.311+0000] {dag.py:3823} INFO - Setting next_dagrun for dataset_produces_1 to 2025-11-12 00:00:00+00:00, run_after=2025-11-13 00:00:00+00:00
[2025-11-13T06:30:31.313+0000] {logging_mixin.py:188} INFO - [2025-11-13T06:30:31.313+0000] {dag.py:3823} INFO - Setting next_dagrun for dataset_produces_2 to None, run_after=None
[2025-11-13T06:30:31.351+0000] {processor.py:183} INFO - Processing /home/airflow/.local/lib/python3.8/site-packages/airflow/example_dags/example_datasets.py took 0.156 seconds
[2025-11-13T06:31:01.743+0000] {processor.py:161} INFO - Started process (PID=687) to work on /home/airflow/.local/lib/python3.8/site-packages/airflow/example_dags/example_datasets.py
[2025-11-13T06:31:01.744+0000] {processor.py:830} INFO - Processing file /home/airflow/.local/lib/python3.8/site-packages/airflow/example_dags/example_datasets.py for tasks to queue
[2025-11-13T06:31:01.748+0000] {logging_mixin.py:188} INFO - [2025-11-13T06:31:01.747+0000] {dagbag.py:538} INFO - Filling up the DagBag from /home/airflow/.local/lib/python3.8/site-packages/airflow/example_dags/example_datasets.py
[2025-11-13T06:31:01.766+0000] {processor.py:840} INFO - DAG(s) 'dataset_produces_1', 'dataset_produces_2', 'dataset_consumes_1_and_2', 'dataset_consumes_1_never_scheduled', 'dataset_consumes_1', 'dataset_consumes_unknown_never_scheduled' retrieved from /home/airflow/.local/lib/python3.8/site-packages/airflow/example_dags/example_datasets.py
[2025-11-13T06:31:01.824+0000] {logging_mixin.py:188} INFO - [2025-11-13T06:31:01.823+0000] {dag.py:3036} INFO - Sync 6 DAGs
[2025-11-13T06:31:01.856+0000] {logging_mixin.py:188} INFO - [2025-11-13T06:31:01.856+0000] {dag.py:3823} INFO - Setting next_dagrun for dataset_consumes_1 to None, run_after=None
[2025-11-13T06:31:01.861+0000] {logging_mixin.py:188} INFO - [2025-11-13T06:31:01.861+0000] {dag.py:3823} INFO - Setting next_dagrun for dataset_consumes_1_and_2 to None, run_after=None
[2025-11-13T06:31:01.865+0000] {logging_mixin.py:188} INFO - [2025-11-13T06:31:01.864+0000] {dag.py:3823} INFO - Setting next_dagrun for dataset_consumes_1_never_scheduled to None, run_after=None
[2025-11-13T06:31:01.867+0000] {logging_mixin.py:188} INFO - [2025-11-13T06:31:01.867+0000] {dag.py:3823} INFO - Setting next_dagrun for dataset_consumes_unknown_never_scheduled to None, run_after=None
[2025-11-13T06:31:01.871+0000] {logging_mixin.py:188} INFO - [2025-11-13T06:31:01.871+0000] {dag.py:3823} INFO - Setting next_dagrun for dataset_produces_1 to 2025-11-12 00:00:00+00:00, run_after=2025-11-13 00:00:00+00:00
[2025-11-13T06:31:01.873+0000] {logging_mixin.py:188} INFO - [2025-11-13T06:31:01.873+0000] {dag.py:3823} INFO - Setting next_dagrun for dataset_produces_2 to None, run_after=None
[2025-11-13T06:31:01.916+0000] {processor.py:183} INFO - Processing /home/airflow/.local/lib/python3.8/site-packages/airflow/example_dags/example_datasets.py took 0.181 seconds
[2025-11-13T06:31:32.805+0000] {processor.py:161} INFO - Started process (PID=749) to work on /home/airflow/.local/lib/python3.8/site-packages/airflow/example_dags/example_datasets.py
[2025-11-13T06:31:32.807+0000] {processor.py:830} INFO - Processing file /home/airflow/.local/lib/python3.8/site-packages/airflow/example_dags/example_datasets.py for tasks to queue
[2025-11-13T06:31:32.810+0000] {logging_mixin.py:188} INFO - [2025-11-13T06:31:32.809+0000] {dagbag.py:538} INFO - Filling up the DagBag from /home/airflow/.local/lib/python3.8/site-packages/airflow/example_dags/example_datasets.py
[2025-11-13T06:31:32.823+0000] {processor.py:840} INFO - DAG(s) 'dataset_consumes_1', 'dataset_consumes_1_never_scheduled', 'dataset_consumes_1_and_2', 'dataset_produces_1', 'dataset_consumes_unknown_never_scheduled', 'dataset_produces_2' retrieved from /home/airflow/.local/lib/python3.8/site-packages/airflow/example_dags/example_datasets.py
[2025-11-13T06:31:32.867+0000] {logging_mixin.py:188} INFO - [2025-11-13T06:31:32.867+0000] {dag.py:3036} INFO - Sync 6 DAGs
[2025-11-13T06:31:32.893+0000] {logging_mixin.py:188} INFO - [2025-11-13T06:31:32.892+0000] {dag.py:3823} INFO - Setting next_dagrun for dataset_consumes_1 to None, run_after=None
[2025-11-13T06:31:32.897+0000] {logging_mixin.py:188} INFO - [2025-11-13T06:31:32.897+0000] {dag.py:3823} INFO - Setting next_dagrun for dataset_consumes_1_and_2 to None, run_after=None
[2025-11-13T06:31:32.899+0000] {logging_mixin.py:188} INFO - [2025-11-13T06:31:32.899+0000] {dag.py:3823} INFO - Setting next_dagrun for dataset_consumes_1_never_scheduled to None, run_after=None
[2025-11-13T06:31:32.901+0000] {logging_mixin.py:188} INFO - [2025-11-13T06:31:32.901+0000] {dag.py:3823} INFO - Setting next_dagrun for dataset_consumes_unknown_never_scheduled to None, run_after=None
[2025-11-13T06:31:32.905+0000] {logging_mixin.py:188} INFO - [2025-11-13T06:31:32.905+0000] {dag.py:3823} INFO - Setting next_dagrun for dataset_produces_1 to 2025-11-12 00:00:00+00:00, run_after=2025-11-13 00:00:00+00:00
[2025-11-13T06:31:32.907+0000] {logging_mixin.py:188} INFO - [2025-11-13T06:31:32.907+0000] {dag.py:3823} INFO - Setting next_dagrun for dataset_produces_2 to None, run_after=None
[2025-11-13T06:31:32.950+0000] {processor.py:183} INFO - Processing /home/airflow/.local/lib/python3.8/site-packages/airflow/example_dags/example_datasets.py took 0.150 seconds
[2025-11-13T06:32:03.164+0000] {processor.py:161} INFO - Started process (PID=811) to work on /home/airflow/.local/lib/python3.8/site-packages/airflow/example_dags/example_datasets.py
[2025-11-13T06:32:03.166+0000] {processor.py:830} INFO - Processing file /home/airflow/.local/lib/python3.8/site-packages/airflow/example_dags/example_datasets.py for tasks to queue
[2025-11-13T06:32:03.169+0000] {logging_mixin.py:188} INFO - [2025-11-13T06:32:03.169+0000] {dagbag.py:538} INFO - Filling up the DagBag from /home/airflow/.local/lib/python3.8/site-packages/airflow/example_dags/example_datasets.py
[2025-11-13T06:32:03.193+0000] {processor.py:840} INFO - DAG(s) 'dataset_consumes_1_and_2', 'dataset_produces_1', 'dataset_consumes_1_never_scheduled', 'dataset_consumes_1', 'dataset_produces_2', 'dataset_consumes_unknown_never_scheduled' retrieved from /home/airflow/.local/lib/python3.8/site-packages/airflow/example_dags/example_datasets.py
[2025-11-13T06:32:03.251+0000] {logging_mixin.py:188} INFO - [2025-11-13T06:32:03.251+0000] {dag.py:3036} INFO - Sync 6 DAGs
[2025-11-13T06:32:03.283+0000] {logging_mixin.py:188} INFO - [2025-11-13T06:32:03.283+0000] {dag.py:3823} INFO - Setting next_dagrun for dataset_consumes_1 to None, run_after=None
[2025-11-13T06:32:03.288+0000] {logging_mixin.py:188} INFO - [2025-11-13T06:32:03.287+0000] {dag.py:3823} INFO - Setting next_dagrun for dataset_consumes_1_and_2 to None, run_after=None
[2025-11-13T06:32:03.290+0000] {logging_mixin.py:188} INFO - [2025-11-13T06:32:03.289+0000] {dag.py:3823} INFO - Setting next_dagrun for dataset_consumes_1_never_scheduled to None, run_after=None
[2025-11-13T06:32:03.291+0000] {logging_mixin.py:188} INFO - [2025-11-13T06:32:03.291+0000] {dag.py:3823} INFO - Setting next_dagrun for dataset_consumes_unknown_never_scheduled to None, run_after=None
[2025-11-13T06:32:03.296+0000] {logging_mixin.py:188} INFO - [2025-11-13T06:32:03.295+0000] {dag.py:3823} INFO - Setting next_dagrun for dataset_produces_1 to 2025-11-12 00:00:00+00:00, run_after=2025-11-13 00:00:00+00:00
[2025-11-13T06:32:03.298+0000] {logging_mixin.py:188} INFO - [2025-11-13T06:32:03.298+0000] {dag.py:3823} INFO - Setting next_dagrun for dataset_produces_2 to None, run_after=None
[2025-11-13T06:32:03.345+0000] {processor.py:183} INFO - Processing /home/airflow/.local/lib/python3.8/site-packages/airflow/example_dags/example_datasets.py took 0.188 seconds
[2025-11-13T06:32:33.396+0000] {processor.py:161} INFO - Started process (PID=873) to work on /home/airflow/.local/lib/python3.8/site-packages/airflow/example_dags/example_datasets.py
[2025-11-13T06:32:33.397+0000] {processor.py:830} INFO - Processing file /home/airflow/.local/lib/python3.8/site-packages/airflow/example_dags/example_datasets.py for tasks to queue
[2025-11-13T06:32:33.400+0000] {logging_mixin.py:188} INFO - [2025-11-13T06:32:33.399+0000] {dagbag.py:538} INFO - Filling up the DagBag from /home/airflow/.local/lib/python3.8/site-packages/airflow/example_dags/example_datasets.py
[2025-11-13T06:32:33.410+0000] {processor.py:840} INFO - DAG(s) 'dataset_consumes_1', 'dataset_produces_1', 'dataset_consumes_1_and_2', 'dataset_produces_2', 'dataset_consumes_1_never_scheduled', 'dataset_consumes_unknown_never_scheduled' retrieved from /home/airflow/.local/lib/python3.8/site-packages/airflow/example_dags/example_datasets.py
[2025-11-13T06:32:33.455+0000] {logging_mixin.py:188} INFO - [2025-11-13T06:32:33.455+0000] {dag.py:3036} INFO - Sync 6 DAGs
[2025-11-13T06:32:33.481+0000] {logging_mixin.py:188} INFO - [2025-11-13T06:32:33.481+0000] {dag.py:3823} INFO - Setting next_dagrun for dataset_consumes_1 to None, run_after=None
[2025-11-13T06:32:33.486+0000] {logging_mixin.py:188} INFO - [2025-11-13T06:32:33.486+0000] {dag.py:3823} INFO - Setting next_dagrun for dataset_consumes_1_and_2 to None, run_after=None
[2025-11-13T06:32:33.488+0000] {logging_mixin.py:188} INFO - [2025-11-13T06:32:33.488+0000] {dag.py:3823} INFO - Setting next_dagrun for dataset_consumes_1_never_scheduled to None, run_after=None
[2025-11-13T06:32:33.490+0000] {logging_mixin.py:188} INFO - [2025-11-13T06:32:33.490+0000] {dag.py:3823} INFO - Setting next_dagrun for dataset_consumes_unknown_never_scheduled to None, run_after=None
[2025-11-13T06:32:33.495+0000] {logging_mixin.py:188} INFO - [2025-11-13T06:32:33.494+0000] {dag.py:3823} INFO - Setting next_dagrun for dataset_produces_1 to 2025-11-12 00:00:00+00:00, run_after=2025-11-13 00:00:00+00:00
[2025-11-13T06:32:33.497+0000] {logging_mixin.py:188} INFO - [2025-11-13T06:32:33.497+0000] {dag.py:3823} INFO - Setting next_dagrun for dataset_produces_2 to None, run_after=None
[2025-11-13T06:32:33.541+0000] {processor.py:183} INFO - Processing /home/airflow/.local/lib/python3.8/site-packages/airflow/example_dags/example_datasets.py took 0.149 seconds
[2025-11-13T06:33:04.299+0000] {processor.py:161} INFO - Started process (PID=935) to work on /home/airflow/.local/lib/python3.8/site-packages/airflow/example_dags/example_datasets.py
[2025-11-13T06:33:04.301+0000] {processor.py:830} INFO - Processing file /home/airflow/.local/lib/python3.8/site-packages/airflow/example_dags/example_datasets.py for tasks to queue
[2025-11-13T06:33:04.304+0000] {logging_mixin.py:188} INFO - [2025-11-13T06:33:04.303+0000] {dagbag.py:538} INFO - Filling up the DagBag from /home/airflow/.local/lib/python3.8/site-packages/airflow/example_dags/example_datasets.py
[2025-11-13T06:33:04.323+0000] {processor.py:840} INFO - DAG(s) 'dataset_produces_2', 'dataset_consumes_1', 'dataset_consumes_1_never_scheduled', 'dataset_produces_1', 'dataset_consumes_1_and_2', 'dataset_consumes_unknown_never_scheduled' retrieved from /home/airflow/.local/lib/python3.8/site-packages/airflow/example_dags/example_datasets.py
[2025-11-13T06:33:04.396+0000] {logging_mixin.py:188} INFO - [2025-11-13T06:33:04.396+0000] {dag.py:3036} INFO - Sync 6 DAGs
[2025-11-13T06:33:04.441+0000] {logging_mixin.py:188} INFO - [2025-11-13T06:33:04.441+0000] {dag.py:3823} INFO - Setting next_dagrun for dataset_consumes_1 to None, run_after=None
[2025-11-13T06:33:04.449+0000] {logging_mixin.py:188} INFO - [2025-11-13T06:33:04.449+0000] {dag.py:3823} INFO - Setting next_dagrun for dataset_consumes_1_and_2 to None, run_after=None
[2025-11-13T06:33:04.452+0000] {logging_mixin.py:188} INFO - [2025-11-13T06:33:04.452+0000] {dag.py:3823} INFO - Setting next_dagrun for dataset_consumes_1_never_scheduled to None, run_after=None
[2025-11-13T06:33:04.457+0000] {logging_mixin.py:188} INFO - [2025-11-13T06:33:04.457+0000] {dag.py:3823} INFO - Setting next_dagrun for dataset_consumes_unknown_never_scheduled to None, run_after=None
[2025-11-13T06:33:04.465+0000] {logging_mixin.py:188} INFO - [2025-11-13T06:33:04.464+0000] {dag.py:3823} INFO - Setting next_dagrun for dataset_produces_1 to 2025-11-12 00:00:00+00:00, run_after=2025-11-13 00:00:00+00:00
[2025-11-13T06:33:04.468+0000] {logging_mixin.py:188} INFO - [2025-11-13T06:33:04.468+0000] {dag.py:3823} INFO - Setting next_dagrun for dataset_produces_2 to None, run_after=None
[2025-11-13T06:33:04.579+0000] {processor.py:183} INFO - Processing /home/airflow/.local/lib/python3.8/site-packages/airflow/example_dags/example_datasets.py took 0.286 seconds
[2025-11-13T06:33:34.806+0000] {processor.py:161} INFO - Started process (PID=997) to work on /home/airflow/.local/lib/python3.8/site-packages/airflow/example_dags/example_datasets.py
[2025-11-13T06:33:34.808+0000] {processor.py:830} INFO - Processing file /home/airflow/.local/lib/python3.8/site-packages/airflow/example_dags/example_datasets.py for tasks to queue
[2025-11-13T06:33:34.811+0000] {logging_mixin.py:188} INFO - [2025-11-13T06:33:34.811+0000] {dagbag.py:538} INFO - Filling up the DagBag from /home/airflow/.local/lib/python3.8/site-packages/airflow/example_dags/example_datasets.py
[2025-11-13T06:33:34.830+0000] {processor.py:840} INFO - DAG(s) 'dataset_consumes_1_never_scheduled', 'dataset_produces_1', 'dataset_consumes_1', 'dataset_produces_2', 'dataset_consumes_unknown_never_scheduled', 'dataset_consumes_1_and_2' retrieved from /home/airflow/.local/lib/python3.8/site-packages/airflow/example_dags/example_datasets.py
[2025-11-13T06:33:34.888+0000] {logging_mixin.py:188} INFO - [2025-11-13T06:33:34.887+0000] {dag.py:3036} INFO - Sync 6 DAGs
[2025-11-13T06:33:34.918+0000] {logging_mixin.py:188} INFO - [2025-11-13T06:33:34.918+0000] {dag.py:3823} INFO - Setting next_dagrun for dataset_consumes_1 to None, run_after=None
[2025-11-13T06:33:34.924+0000] {logging_mixin.py:188} INFO - [2025-11-13T06:33:34.923+0000] {dag.py:3823} INFO - Setting next_dagrun for dataset_consumes_1_and_2 to None, run_after=None
[2025-11-13T06:33:34.926+0000] {logging_mixin.py:188} INFO - [2025-11-13T06:33:34.926+0000] {dag.py:3823} INFO - Setting next_dagrun for dataset_consumes_1_never_scheduled to None, run_after=None
[2025-11-13T06:33:34.929+0000] {logging_mixin.py:188} INFO - [2025-11-13T06:33:34.928+0000] {dag.py:3823} INFO - Setting next_dagrun for dataset_consumes_unknown_never_scheduled to None, run_after=None
[2025-11-13T06:33:34.934+0000] {logging_mixin.py:188} INFO - [2025-11-13T06:33:34.933+0000] {dag.py:3823} INFO - Setting next_dagrun for dataset_produces_1 to 2025-11-12 00:00:00+00:00, run_after=2025-11-13 00:00:00+00:00
[2025-11-13T06:33:34.937+0000] {logging_mixin.py:188} INFO - [2025-11-13T06:33:34.936+0000] {dag.py:3823} INFO - Setting next_dagrun for dataset_produces_2 to None, run_after=None
[2025-11-13T06:33:34.998+0000] {processor.py:183} INFO - Processing /home/airflow/.local/lib/python3.8/site-packages/airflow/example_dags/example_datasets.py took 0.196 seconds
[2025-11-13T06:34:05.367+0000] {processor.py:161} INFO - Started process (PID=1059) to work on /home/airflow/.local/lib/python3.8/site-packages/airflow/example_dags/example_datasets.py
[2025-11-13T06:34:05.369+0000] {processor.py:830} INFO - Processing file /home/airflow/.local/lib/python3.8/site-packages/airflow/example_dags/example_datasets.py for tasks to queue
[2025-11-13T06:34:05.373+0000] {logging_mixin.py:188} INFO - [2025-11-13T06:34:05.372+0000] {dagbag.py:538} INFO - Filling up the DagBag from /home/airflow/.local/lib/python3.8/site-packages/airflow/example_dags/example_datasets.py
[2025-11-13T06:34:05.388+0000] {processor.py:840} INFO - DAG(s) 'dataset_consumes_1_never_scheduled', 'dataset_consumes_1_and_2', 'dataset_produces_2', 'dataset_consumes_unknown_never_scheduled', 'dataset_produces_1', 'dataset_consumes_1' retrieved from /home/airflow/.local/lib/python3.8/site-packages/airflow/example_dags/example_datasets.py
[2025-11-13T06:34:05.445+0000] {logging_mixin.py:188} INFO - [2025-11-13T06:34:05.445+0000] {dag.py:3036} INFO - Sync 6 DAGs
[2025-11-13T06:34:05.490+0000] {logging_mixin.py:188} INFO - [2025-11-13T06:34:05.489+0000] {dag.py:3823} INFO - Setting next_dagrun for dataset_consumes_1 to None, run_after=None
[2025-11-13T06:34:05.506+0000] {logging_mixin.py:188} INFO - [2025-11-13T06:34:05.505+0000] {dag.py:3823} INFO - Setting next_dagrun for dataset_consumes_1_and_2 to None, run_after=None
[2025-11-13T06:34:05.510+0000] {logging_mixin.py:188} INFO - [2025-11-13T06:34:05.509+0000] {dag.py:3823} INFO - Setting next_dagrun for dataset_consumes_1_never_scheduled to None, run_after=None
[2025-11-13T06:34:05.516+0000] {logging_mixin.py:188} INFO - [2025-11-13T06:34:05.515+0000] {dag.py:3823} INFO - Setting next_dagrun for dataset_consumes_unknown_never_scheduled to None, run_after=None
[2025-11-13T06:34:05.528+0000] {logging_mixin.py:188} INFO - [2025-11-13T06:34:05.527+0000] {dag.py:3823} INFO - Setting next_dagrun for dataset_produces_1 to 2025-11-12 00:00:00+00:00, run_after=2025-11-13 00:00:00+00:00
[2025-11-13T06:34:05.536+0000] {logging_mixin.py:188} INFO - [2025-11-13T06:34:05.533+0000] {dag.py:3823} INFO - Setting next_dagrun for dataset_produces_2 to None, run_after=None
[2025-11-13T06:34:05.662+0000] {processor.py:183} INFO - Processing /home/airflow/.local/lib/python3.8/site-packages/airflow/example_dags/example_datasets.py took 0.301 seconds
[2025-11-13T06:34:36.580+0000] {processor.py:161} INFO - Started process (PID=1121) to work on /home/airflow/.local/lib/python3.8/site-packages/airflow/example_dags/example_datasets.py
[2025-11-13T06:34:36.584+0000] {processor.py:830} INFO - Processing file /home/airflow/.local/lib/python3.8/site-packages/airflow/example_dags/example_datasets.py for tasks to queue
[2025-11-13T06:34:36.591+0000] {logging_mixin.py:188} INFO - [2025-11-13T06:34:36.590+0000] {dagbag.py:538} INFO - Filling up the DagBag from /home/airflow/.local/lib/python3.8/site-packages/airflow/example_dags/example_datasets.py
[2025-11-13T06:34:36.621+0000] {processor.py:840} INFO - DAG(s) 'dataset_consumes_1_and_2', 'dataset_consumes_1', 'dataset_consumes_1_never_scheduled', 'dataset_consumes_unknown_never_scheduled', 'dataset_produces_2', 'dataset_produces_1' retrieved from /home/airflow/.local/lib/python3.8/site-packages/airflow/example_dags/example_datasets.py
[2025-11-13T06:34:36.734+0000] {logging_mixin.py:188} INFO - [2025-11-13T06:34:36.734+0000] {dag.py:3036} INFO - Sync 6 DAGs
[2025-11-13T06:34:36.800+0000] {logging_mixin.py:188} INFO - [2025-11-13T06:34:36.800+0000] {dag.py:3823} INFO - Setting next_dagrun for dataset_consumes_1 to None, run_after=None
[2025-11-13T06:34:36.809+0000] {logging_mixin.py:188} INFO - [2025-11-13T06:34:36.808+0000] {dag.py:3823} INFO - Setting next_dagrun for dataset_consumes_1_and_2 to None, run_after=None
[2025-11-13T06:34:36.812+0000] {logging_mixin.py:188} INFO - [2025-11-13T06:34:36.812+0000] {dag.py:3823} INFO - Setting next_dagrun for dataset_consumes_1_never_scheduled to None, run_after=None
[2025-11-13T06:34:36.816+0000] {logging_mixin.py:188} INFO - [2025-11-13T06:34:36.816+0000] {dag.py:3823} INFO - Setting next_dagrun for dataset_consumes_unknown_never_scheduled to None, run_after=None
[2025-11-13T06:34:36.822+0000] {logging_mixin.py:188} INFO - [2025-11-13T06:34:36.822+0000] {dag.py:3823} INFO - Setting next_dagrun for dataset_produces_1 to 2025-11-12 00:00:00+00:00, run_after=2025-11-13 00:00:00+00:00
[2025-11-13T06:34:36.825+0000] {logging_mixin.py:188} INFO - [2025-11-13T06:34:36.825+0000] {dag.py:3823} INFO - Setting next_dagrun for dataset_produces_2 to None, run_after=None
[2025-11-13T06:34:36.937+0000] {processor.py:183} INFO - Processing /home/airflow/.local/lib/python3.8/site-packages/airflow/example_dags/example_datasets.py took 0.371 seconds
[2025-11-13T06:35:07.424+0000] {processor.py:161} INFO - Started process (PID=1183) to work on /home/airflow/.local/lib/python3.8/site-packages/airflow/example_dags/example_datasets.py
[2025-11-13T06:35:07.437+0000] {processor.py:830} INFO - Processing file /home/airflow/.local/lib/python3.8/site-packages/airflow/example_dags/example_datasets.py for tasks to queue
[2025-11-13T06:35:07.445+0000] {logging_mixin.py:188} INFO - [2025-11-13T06:35:07.443+0000] {dagbag.py:538} INFO - Filling up the DagBag from /home/airflow/.local/lib/python3.8/site-packages/airflow/example_dags/example_datasets.py
[2025-11-13T06:35:07.501+0000] {processor.py:840} INFO - DAG(s) 'dataset_consumes_unknown_never_scheduled', 'dataset_consumes_1_never_scheduled', 'dataset_produces_1', 'dataset_consumes_1_and_2', 'dataset_produces_2', 'dataset_consumes_1' retrieved from /home/airflow/.local/lib/python3.8/site-packages/airflow/example_dags/example_datasets.py
[2025-11-13T06:35:07.688+0000] {logging_mixin.py:188} INFO - [2025-11-13T06:35:07.688+0000] {dag.py:3036} INFO - Sync 6 DAGs
[2025-11-13T06:35:07.822+0000] {logging_mixin.py:188} INFO - [2025-11-13T06:35:07.822+0000] {dag.py:3823} INFO - Setting next_dagrun for dataset_consumes_1 to None, run_after=None
[2025-11-13T06:35:07.843+0000] {logging_mixin.py:188} INFO - [2025-11-13T06:35:07.843+0000] {dag.py:3823} INFO - Setting next_dagrun for dataset_consumes_1_and_2 to None, run_after=None
[2025-11-13T06:35:07.858+0000] {logging_mixin.py:188} INFO - [2025-11-13T06:35:07.858+0000] {dag.py:3823} INFO - Setting next_dagrun for dataset_consumes_1_never_scheduled to None, run_after=None
[2025-11-13T06:35:07.868+0000] {logging_mixin.py:188} INFO - [2025-11-13T06:35:07.867+0000] {dag.py:3823} INFO - Setting next_dagrun for dataset_consumes_unknown_never_scheduled to None, run_after=None
[2025-11-13T06:35:07.889+0000] {logging_mixin.py:188} INFO - [2025-11-13T06:35:07.888+0000] {dag.py:3823} INFO - Setting next_dagrun for dataset_produces_1 to 2025-11-12 00:00:00+00:00, run_after=2025-11-13 00:00:00+00:00
[2025-11-13T06:35:07.893+0000] {logging_mixin.py:188} INFO - [2025-11-13T06:35:07.893+0000] {dag.py:3823} INFO - Setting next_dagrun for dataset_produces_2 to None, run_after=None
[2025-11-13T06:35:08.096+0000] {processor.py:183} INFO - Processing /home/airflow/.local/lib/python3.8/site-packages/airflow/example_dags/example_datasets.py took 0.684 seconds
[2025-11-13T06:35:38.392+0000] {processor.py:161} INFO - Started process (PID=1245) to work on /home/airflow/.local/lib/python3.8/site-packages/airflow/example_dags/example_datasets.py
[2025-11-13T06:35:38.394+0000] {processor.py:830} INFO - Processing file /home/airflow/.local/lib/python3.8/site-packages/airflow/example_dags/example_datasets.py for tasks to queue
[2025-11-13T06:35:38.397+0000] {logging_mixin.py:188} INFO - [2025-11-13T06:35:38.396+0000] {dagbag.py:538} INFO - Filling up the DagBag from /home/airflow/.local/lib/python3.8/site-packages/airflow/example_dags/example_datasets.py
[2025-11-13T06:35:38.412+0000] {processor.py:840} INFO - DAG(s) 'dataset_consumes_1_and_2', 'dataset_consumes_1', 'dataset_produces_2', 'dataset_consumes_unknown_never_scheduled', 'dataset_consumes_1_never_scheduled', 'dataset_produces_1' retrieved from /home/airflow/.local/lib/python3.8/site-packages/airflow/example_dags/example_datasets.py
[2025-11-13T06:35:38.470+0000] {logging_mixin.py:188} INFO - [2025-11-13T06:35:38.470+0000] {dag.py:3036} INFO - Sync 6 DAGs
[2025-11-13T06:35:38.503+0000] {logging_mixin.py:188} INFO - [2025-11-13T06:35:38.503+0000] {dag.py:3823} INFO - Setting next_dagrun for dataset_consumes_1 to None, run_after=None
[2025-11-13T06:35:38.508+0000] {logging_mixin.py:188} INFO - [2025-11-13T06:35:38.508+0000] {dag.py:3823} INFO - Setting next_dagrun for dataset_consumes_1_and_2 to None, run_after=None
[2025-11-13T06:35:38.512+0000] {logging_mixin.py:188} INFO - [2025-11-13T06:35:38.512+0000] {dag.py:3823} INFO - Setting next_dagrun for dataset_consumes_1_never_scheduled to None, run_after=None
[2025-11-13T06:35:38.515+0000] {logging_mixin.py:188} INFO - [2025-11-13T06:35:38.515+0000] {dag.py:3823} INFO - Setting next_dagrun for dataset_consumes_unknown_never_scheduled to None, run_after=None
[2025-11-13T06:35:38.520+0000] {logging_mixin.py:188} INFO - [2025-11-13T06:35:38.519+0000] {dag.py:3823} INFO - Setting next_dagrun for dataset_produces_1 to 2025-11-12 00:00:00+00:00, run_after=2025-11-13 00:00:00+00:00
[2025-11-13T06:35:38.522+0000] {logging_mixin.py:188} INFO - [2025-11-13T06:35:38.522+0000] {dag.py:3823} INFO - Setting next_dagrun for dataset_produces_2 to None, run_after=None
[2025-11-13T06:35:38.573+0000] {processor.py:183} INFO - Processing /home/airflow/.local/lib/python3.8/site-packages/airflow/example_dags/example_datasets.py took 0.187 seconds
[2025-11-13T06:36:09.058+0000] {processor.py:161} INFO - Started process (PID=1307) to work on /home/airflow/.local/lib/python3.8/site-packages/airflow/example_dags/example_datasets.py
[2025-11-13T06:36:09.059+0000] {processor.py:830} INFO - Processing file /home/airflow/.local/lib/python3.8/site-packages/airflow/example_dags/example_datasets.py for tasks to queue
[2025-11-13T06:36:09.062+0000] {logging_mixin.py:188} INFO - [2025-11-13T06:36:09.062+0000] {dagbag.py:538} INFO - Filling up the DagBag from /home/airflow/.local/lib/python3.8/site-packages/airflow/example_dags/example_datasets.py
[2025-11-13T06:36:09.073+0000] {processor.py:840} INFO - DAG(s) 'dataset_consumes_1_and_2', 'dataset_consumes_1', 'dataset_produces_1', 'dataset_consumes_unknown_never_scheduled', 'dataset_consumes_1_never_scheduled', 'dataset_produces_2' retrieved from /home/airflow/.local/lib/python3.8/site-packages/airflow/example_dags/example_datasets.py
[2025-11-13T06:36:09.116+0000] {logging_mixin.py:188} INFO - [2025-11-13T06:36:09.116+0000] {dag.py:3036} INFO - Sync 6 DAGs
[2025-11-13T06:36:09.141+0000] {logging_mixin.py:188} INFO - [2025-11-13T06:36:09.141+0000] {dag.py:3823} INFO - Setting next_dagrun for dataset_consumes_1 to None, run_after=None
[2025-11-13T06:36:09.146+0000] {logging_mixin.py:188} INFO - [2025-11-13T06:36:09.146+0000] {dag.py:3823} INFO - Setting next_dagrun for dataset_consumes_1_and_2 to None, run_after=None
[2025-11-13T06:36:09.149+0000] {logging_mixin.py:188} INFO - [2025-11-13T06:36:09.149+0000] {dag.py:3823} INFO - Setting next_dagrun for dataset_consumes_1_never_scheduled to None, run_after=None
[2025-11-13T06:36:09.151+0000] {logging_mixin.py:188} INFO - [2025-11-13T06:36:09.151+0000] {dag.py:3823} INFO - Setting next_dagrun for dataset_consumes_unknown_never_scheduled to None, run_after=None
[2025-11-13T06:36:09.155+0000] {logging_mixin.py:188} INFO - [2025-11-13T06:36:09.155+0000] {dag.py:3823} INFO - Setting next_dagrun for dataset_produces_1 to 2025-11-12 00:00:00+00:00, run_after=2025-11-13 00:00:00+00:00
[2025-11-13T06:36:09.158+0000] {logging_mixin.py:188} INFO - [2025-11-13T06:36:09.157+0000] {dag.py:3823} INFO - Setting next_dagrun for dataset_produces_2 to None, run_after=None
[2025-11-13T06:36:09.204+0000] {processor.py:183} INFO - Processing /home/airflow/.local/lib/python3.8/site-packages/airflow/example_dags/example_datasets.py took 0.150 seconds
[2025-11-13T06:36:39.708+0000] {processor.py:161} INFO - Started process (PID=1370) to work on /home/airflow/.local/lib/python3.8/site-packages/airflow/example_dags/example_datasets.py
[2025-11-13T06:36:39.709+0000] {processor.py:830} INFO - Processing file /home/airflow/.local/lib/python3.8/site-packages/airflow/example_dags/example_datasets.py for tasks to queue
[2025-11-13T06:36:39.713+0000] {logging_mixin.py:188} INFO - [2025-11-13T06:36:39.713+0000] {dagbag.py:538} INFO - Filling up the DagBag from /home/airflow/.local/lib/python3.8/site-packages/airflow/example_dags/example_datasets.py
[2025-11-13T06:36:39.727+0000] {processor.py:840} INFO - DAG(s) 'dataset_produces_2', 'dataset_consumes_1', 'dataset_produces_1', 'dataset_consumes_1_never_scheduled', 'dataset_consumes_unknown_never_scheduled', 'dataset_consumes_1_and_2' retrieved from /home/airflow/.local/lib/python3.8/site-packages/airflow/example_dags/example_datasets.py
[2025-11-13T06:36:39.772+0000] {logging_mixin.py:188} INFO - [2025-11-13T06:36:39.772+0000] {dag.py:3036} INFO - Sync 6 DAGs
[2025-11-13T06:36:39.802+0000] {logging_mixin.py:188} INFO - [2025-11-13T06:36:39.802+0000] {dag.py:3823} INFO - Setting next_dagrun for dataset_consumes_1 to None, run_after=None
[2025-11-13T06:36:39.808+0000] {logging_mixin.py:188} INFO - [2025-11-13T06:36:39.808+0000] {dag.py:3823} INFO - Setting next_dagrun for dataset_consumes_1_and_2 to None, run_after=None
[2025-11-13T06:36:39.811+0000] {logging_mixin.py:188} INFO - [2025-11-13T06:36:39.810+0000] {dag.py:3823} INFO - Setting next_dagrun for dataset_consumes_1_never_scheduled to None, run_after=None
[2025-11-13T06:36:39.813+0000] {logging_mixin.py:188} INFO - [2025-11-13T06:36:39.812+0000] {dag.py:3823} INFO - Setting next_dagrun for dataset_consumes_unknown_never_scheduled to None, run_after=None
[2025-11-13T06:36:39.817+0000] {logging_mixin.py:188} INFO - [2025-11-13T06:36:39.817+0000] {dag.py:3823} INFO - Setting next_dagrun for dataset_produces_1 to 2025-11-12 00:00:00+00:00, run_after=2025-11-13 00:00:00+00:00
[2025-11-13T06:36:39.819+0000] {logging_mixin.py:188} INFO - [2025-11-13T06:36:39.819+0000] {dag.py:3823} INFO - Setting next_dagrun for dataset_produces_2 to None, run_after=None
[2025-11-13T06:36:39.872+0000] {processor.py:183} INFO - Processing /home/airflow/.local/lib/python3.8/site-packages/airflow/example_dags/example_datasets.py took 0.171 seconds
[2025-11-13T06:37:10.721+0000] {processor.py:161} INFO - Started process (PID=1432) to work on /home/airflow/.local/lib/python3.8/site-packages/airflow/example_dags/example_datasets.py
[2025-11-13T06:37:10.723+0000] {processor.py:830} INFO - Processing file /home/airflow/.local/lib/python3.8/site-packages/airflow/example_dags/example_datasets.py for tasks to queue
[2025-11-13T06:37:10.726+0000] {logging_mixin.py:188} INFO - [2025-11-13T06:37:10.726+0000] {dagbag.py:538} INFO - Filling up the DagBag from /home/airflow/.local/lib/python3.8/site-packages/airflow/example_dags/example_datasets.py
[2025-11-13T06:37:10.738+0000] {processor.py:840} INFO - DAG(s) 'dataset_produces_2', 'dataset_consumes_1', 'dataset_produces_1', 'dataset_consumes_1_never_scheduled', 'dataset_consumes_unknown_never_scheduled', 'dataset_consumes_1_and_2' retrieved from /home/airflow/.local/lib/python3.8/site-packages/airflow/example_dags/example_datasets.py
[2025-11-13T06:37:10.780+0000] {logging_mixin.py:188} INFO - [2025-11-13T06:37:10.780+0000] {dag.py:3036} INFO - Sync 6 DAGs
[2025-11-13T06:37:10.807+0000] {logging_mixin.py:188} INFO - [2025-11-13T06:37:10.807+0000] {dag.py:3823} INFO - Setting next_dagrun for dataset_consumes_1 to None, run_after=None
[2025-11-13T06:37:10.812+0000] {logging_mixin.py:188} INFO - [2025-11-13T06:37:10.811+0000] {dag.py:3823} INFO - Setting next_dagrun for dataset_consumes_1_and_2 to None, run_after=None
[2025-11-13T06:37:10.814+0000] {logging_mixin.py:188} INFO - [2025-11-13T06:37:10.814+0000] {dag.py:3823} INFO - Setting next_dagrun for dataset_consumes_1_never_scheduled to None, run_after=None
[2025-11-13T06:37:10.817+0000] {logging_mixin.py:188} INFO - [2025-11-13T06:37:10.816+0000] {dag.py:3823} INFO - Setting next_dagrun for dataset_consumes_unknown_never_scheduled to None, run_after=None
[2025-11-13T06:37:10.821+0000] {logging_mixin.py:188} INFO - [2025-11-13T06:37:10.820+0000] {dag.py:3823} INFO - Setting next_dagrun for dataset_produces_1 to 2025-11-12 00:00:00+00:00, run_after=2025-11-13 00:00:00+00:00
[2025-11-13T06:37:10.823+0000] {logging_mixin.py:188} INFO - [2025-11-13T06:37:10.823+0000] {dag.py:3823} INFO - Setting next_dagrun for dataset_produces_2 to None, run_after=None
[2025-11-13T06:37:10.865+0000] {processor.py:183} INFO - Processing /home/airflow/.local/lib/python3.8/site-packages/airflow/example_dags/example_datasets.py took 0.147 seconds
[2025-11-13T06:37:41.770+0000] {processor.py:161} INFO - Started process (PID=1494) to work on /home/airflow/.local/lib/python3.8/site-packages/airflow/example_dags/example_datasets.py
[2025-11-13T06:37:41.771+0000] {processor.py:830} INFO - Processing file /home/airflow/.local/lib/python3.8/site-packages/airflow/example_dags/example_datasets.py for tasks to queue
[2025-11-13T06:37:41.774+0000] {logging_mixin.py:188} INFO - [2025-11-13T06:37:41.773+0000] {dagbag.py:538} INFO - Filling up the DagBag from /home/airflow/.local/lib/python3.8/site-packages/airflow/example_dags/example_datasets.py
[2025-11-13T06:37:41.785+0000] {processor.py:840} INFO - DAG(s) 'dataset_produces_1', 'dataset_produces_2', 'dataset_consumes_1', 'dataset_consumes_1_and_2', 'dataset_consumes_1_never_scheduled', 'dataset_consumes_unknown_never_scheduled' retrieved from /home/airflow/.local/lib/python3.8/site-packages/airflow/example_dags/example_datasets.py
[2025-11-13T06:37:41.830+0000] {logging_mixin.py:188} INFO - [2025-11-13T06:37:41.830+0000] {dag.py:3036} INFO - Sync 6 DAGs
[2025-11-13T06:37:41.857+0000] {logging_mixin.py:188} INFO - [2025-11-13T06:37:41.856+0000] {dag.py:3823} INFO - Setting next_dagrun for dataset_consumes_1 to None, run_after=None
[2025-11-13T06:37:41.861+0000] {logging_mixin.py:188} INFO - [2025-11-13T06:37:41.861+0000] {dag.py:3823} INFO - Setting next_dagrun for dataset_consumes_1_and_2 to None, run_after=None
[2025-11-13T06:37:41.863+0000] {logging_mixin.py:188} INFO - [2025-11-13T06:37:41.863+0000] {dag.py:3823} INFO - Setting next_dagrun for dataset_consumes_1_never_scheduled to None, run_after=None
[2025-11-13T06:37:41.865+0000] {logging_mixin.py:188} INFO - [2025-11-13T06:37:41.865+0000] {dag.py:3823} INFO - Setting next_dagrun for dataset_consumes_unknown_never_scheduled to None, run_after=None
[2025-11-13T06:37:41.869+0000] {logging_mixin.py:188} INFO - [2025-11-13T06:37:41.869+0000] {dag.py:3823} INFO - Setting next_dagrun for dataset_produces_1 to 2025-11-12 00:00:00+00:00, run_after=2025-11-13 00:00:00+00:00
[2025-11-13T06:37:41.871+0000] {logging_mixin.py:188} INFO - [2025-11-13T06:37:41.871+0000] {dag.py:3823} INFO - Setting next_dagrun for dataset_produces_2 to None, run_after=None
[2025-11-13T06:37:41.913+0000] {processor.py:183} INFO - Processing /home/airflow/.local/lib/python3.8/site-packages/airflow/example_dags/example_datasets.py took 0.148 seconds
[2025-11-13T06:38:12.347+0000] {processor.py:161} INFO - Started process (PID=1556) to work on /home/airflow/.local/lib/python3.8/site-packages/airflow/example_dags/example_datasets.py
[2025-11-13T06:38:12.349+0000] {processor.py:830} INFO - Processing file /home/airflow/.local/lib/python3.8/site-packages/airflow/example_dags/example_datasets.py for tasks to queue
[2025-11-13T06:38:12.351+0000] {logging_mixin.py:188} INFO - [2025-11-13T06:38:12.351+0000] {dagbag.py:538} INFO - Filling up the DagBag from /home/airflow/.local/lib/python3.8/site-packages/airflow/example_dags/example_datasets.py
[2025-11-13T06:38:12.365+0000] {processor.py:840} INFO - DAG(s) 'dataset_consumes_1_and_2', 'dataset_consumes_1_never_scheduled', 'dataset_consumes_1', 'dataset_produces_1', 'dataset_produces_2', 'dataset_consumes_unknown_never_scheduled' retrieved from /home/airflow/.local/lib/python3.8/site-packages/airflow/example_dags/example_datasets.py
[2025-11-13T06:38:12.418+0000] {logging_mixin.py:188} INFO - [2025-11-13T06:38:12.418+0000] {dag.py:3036} INFO - Sync 6 DAGs
[2025-11-13T06:38:12.452+0000] {logging_mixin.py:188} INFO - [2025-11-13T06:38:12.451+0000] {dag.py:3823} INFO - Setting next_dagrun for dataset_consumes_1 to None, run_after=None
[2025-11-13T06:38:12.457+0000] {logging_mixin.py:188} INFO - [2025-11-13T06:38:12.457+0000] {dag.py:3823} INFO - Setting next_dagrun for dataset_consumes_1_and_2 to None, run_after=None
[2025-11-13T06:38:12.460+0000] {logging_mixin.py:188} INFO - [2025-11-13T06:38:12.460+0000] {dag.py:3823} INFO - Setting next_dagrun for dataset_consumes_1_never_scheduled to None, run_after=None
[2025-11-13T06:38:12.463+0000] {logging_mixin.py:188} INFO - [2025-11-13T06:38:12.462+0000] {dag.py:3823} INFO - Setting next_dagrun for dataset_consumes_unknown_never_scheduled to None, run_after=None
[2025-11-13T06:38:12.468+0000] {logging_mixin.py:188} INFO - [2025-11-13T06:38:12.467+0000] {dag.py:3823} INFO - Setting next_dagrun for dataset_produces_1 to 2025-11-12 00:00:00+00:00, run_after=2025-11-13 00:00:00+00:00
[2025-11-13T06:38:12.471+0000] {logging_mixin.py:188} INFO - [2025-11-13T06:38:12.470+0000] {dag.py:3823} INFO - Setting next_dagrun for dataset_produces_2 to None, run_after=None
[2025-11-13T06:38:12.528+0000] {processor.py:183} INFO - Processing /home/airflow/.local/lib/python3.8/site-packages/airflow/example_dags/example_datasets.py took 0.185 seconds
[2025-11-13T06:38:42.702+0000] {processor.py:161} INFO - Started process (PID=1618) to work on /home/airflow/.local/lib/python3.8/site-packages/airflow/example_dags/example_datasets.py
[2025-11-13T06:38:42.704+0000] {processor.py:830} INFO - Processing file /home/airflow/.local/lib/python3.8/site-packages/airflow/example_dags/example_datasets.py for tasks to queue
[2025-11-13T06:38:42.706+0000] {logging_mixin.py:188} INFO - [2025-11-13T06:38:42.706+0000] {dagbag.py:538} INFO - Filling up the DagBag from /home/airflow/.local/lib/python3.8/site-packages/airflow/example_dags/example_datasets.py
[2025-11-13T06:38:42.717+0000] {processor.py:840} INFO - DAG(s) 'dataset_produces_1', 'dataset_produces_2', 'dataset_consumes_1_and_2', 'dataset_consumes_1', 'dataset_consumes_1_never_scheduled', 'dataset_consumes_unknown_never_scheduled' retrieved from /home/airflow/.local/lib/python3.8/site-packages/airflow/example_dags/example_datasets.py
[2025-11-13T06:38:42.760+0000] {logging_mixin.py:188} INFO - [2025-11-13T06:38:42.759+0000] {dag.py:3036} INFO - Sync 6 DAGs
[2025-11-13T06:38:42.784+0000] {logging_mixin.py:188} INFO - [2025-11-13T06:38:42.784+0000] {dag.py:3823} INFO - Setting next_dagrun for dataset_consumes_1 to None, run_after=None
[2025-11-13T06:38:42.789+0000] {logging_mixin.py:188} INFO - [2025-11-13T06:38:42.789+0000] {dag.py:3823} INFO - Setting next_dagrun for dataset_consumes_1_and_2 to None, run_after=None
[2025-11-13T06:38:42.791+0000] {logging_mixin.py:188} INFO - [2025-11-13T06:38:42.791+0000] {dag.py:3823} INFO - Setting next_dagrun for dataset_consumes_1_never_scheduled to None, run_after=None
[2025-11-13T06:38:42.793+0000] {logging_mixin.py:188} INFO - [2025-11-13T06:38:42.793+0000] {dag.py:3823} INFO - Setting next_dagrun for dataset_consumes_unknown_never_scheduled to None, run_after=None
[2025-11-13T06:38:42.797+0000] {logging_mixin.py:188} INFO - [2025-11-13T06:38:42.796+0000] {dag.py:3823} INFO - Setting next_dagrun for dataset_produces_1 to 2025-11-12 00:00:00+00:00, run_after=2025-11-13 00:00:00+00:00
[2025-11-13T06:38:42.799+0000] {logging_mixin.py:188} INFO - [2025-11-13T06:38:42.799+0000] {dag.py:3823} INFO - Setting next_dagrun for dataset_produces_2 to None, run_after=None
[2025-11-13T06:38:42.840+0000] {processor.py:183} INFO - Processing /home/airflow/.local/lib/python3.8/site-packages/airflow/example_dags/example_datasets.py took 0.143 seconds
[2025-11-13T06:39:13.578+0000] {processor.py:161} INFO - Started process (PID=1680) to work on /home/airflow/.local/lib/python3.8/site-packages/airflow/example_dags/example_datasets.py
[2025-11-13T06:39:13.580+0000] {processor.py:830} INFO - Processing file /home/airflow/.local/lib/python3.8/site-packages/airflow/example_dags/example_datasets.py for tasks to queue
[2025-11-13T06:39:13.583+0000] {logging_mixin.py:188} INFO - [2025-11-13T06:39:13.583+0000] {dagbag.py:538} INFO - Filling up the DagBag from /home/airflow/.local/lib/python3.8/site-packages/airflow/example_dags/example_datasets.py
[2025-11-13T06:39:13.600+0000] {processor.py:840} INFO - DAG(s) 'dataset_consumes_1_never_scheduled', 'dataset_produces_1', 'dataset_produces_2', 'dataset_consumes_1_and_2', 'dataset_consumes_1', 'dataset_consumes_unknown_never_scheduled' retrieved from /home/airflow/.local/lib/python3.8/site-packages/airflow/example_dags/example_datasets.py
[2025-11-13T06:39:13.704+0000] {logging_mixin.py:188} INFO - [2025-11-13T06:39:13.703+0000] {dag.py:3036} INFO - Sync 6 DAGs
[2025-11-13T06:39:13.812+0000] {logging_mixin.py:188} INFO - [2025-11-13T06:39:13.812+0000] {dag.py:3823} INFO - Setting next_dagrun for dataset_consumes_1 to None, run_after=None
[2025-11-13T06:39:13.825+0000] {logging_mixin.py:188} INFO - [2025-11-13T06:39:13.825+0000] {dag.py:3823} INFO - Setting next_dagrun for dataset_consumes_1_and_2 to None, run_after=None
[2025-11-13T06:39:13.829+0000] {logging_mixin.py:188} INFO - [2025-11-13T06:39:13.829+0000] {dag.py:3823} INFO - Setting next_dagrun for dataset_consumes_1_never_scheduled to None, run_after=None
[2025-11-13T06:39:13.833+0000] {logging_mixin.py:188} INFO - [2025-11-13T06:39:13.833+0000] {dag.py:3823} INFO - Setting next_dagrun for dataset_consumes_unknown_never_scheduled to None, run_after=None
[2025-11-13T06:39:13.841+0000] {logging_mixin.py:188} INFO - [2025-11-13T06:39:13.840+0000] {dag.py:3823} INFO - Setting next_dagrun for dataset_produces_1 to 2025-11-12 00:00:00+00:00, run_after=2025-11-13 00:00:00+00:00
[2025-11-13T06:39:13.844+0000] {logging_mixin.py:188} INFO - [2025-11-13T06:39:13.844+0000] {dag.py:3823} INFO - Setting next_dagrun for dataset_produces_2 to None, run_after=None
[2025-11-13T06:39:13.951+0000] {processor.py:183} INFO - Processing /home/airflow/.local/lib/python3.8/site-packages/airflow/example_dags/example_datasets.py took 0.378 seconds
[2025-11-13T06:39:44.305+0000] {processor.py:161} INFO - Started process (PID=1742) to work on /home/airflow/.local/lib/python3.8/site-packages/airflow/example_dags/example_datasets.py
[2025-11-13T06:39:44.308+0000] {processor.py:830} INFO - Processing file /home/airflow/.local/lib/python3.8/site-packages/airflow/example_dags/example_datasets.py for tasks to queue
[2025-11-13T06:39:44.313+0000] {logging_mixin.py:188} INFO - [2025-11-13T06:39:44.312+0000] {dagbag.py:538} INFO - Filling up the DagBag from /home/airflow/.local/lib/python3.8/site-packages/airflow/example_dags/example_datasets.py
[2025-11-13T06:39:44.356+0000] {processor.py:840} INFO - DAG(s) 'dataset_consumes_1_never_scheduled', 'dataset_produces_2', 'dataset_consumes_unknown_never_scheduled', 'dataset_consumes_1_and_2', 'dataset_consumes_1', 'dataset_produces_1' retrieved from /home/airflow/.local/lib/python3.8/site-packages/airflow/example_dags/example_datasets.py
[2025-11-13T06:39:44.482+0000] {logging_mixin.py:188} INFO - [2025-11-13T06:39:44.481+0000] {dag.py:3036} INFO - Sync 6 DAGs
[2025-11-13T06:39:44.547+0000] {logging_mixin.py:188} INFO - [2025-11-13T06:39:44.547+0000] {dag.py:3823} INFO - Setting next_dagrun for dataset_consumes_1 to None, run_after=None
[2025-11-13T06:39:44.555+0000] {logging_mixin.py:188} INFO - [2025-11-13T06:39:44.554+0000] {dag.py:3823} INFO - Setting next_dagrun for dataset_consumes_1_and_2 to None, run_after=None
[2025-11-13T06:39:44.559+0000] {logging_mixin.py:188} INFO - [2025-11-13T06:39:44.558+0000] {dag.py:3823} INFO - Setting next_dagrun for dataset_consumes_1_never_scheduled to None, run_after=None
[2025-11-13T06:39:44.564+0000] {logging_mixin.py:188} INFO - [2025-11-13T06:39:44.563+0000] {dag.py:3823} INFO - Setting next_dagrun for dataset_consumes_unknown_never_scheduled to None, run_after=None
[2025-11-13T06:39:44.578+0000] {logging_mixin.py:188} INFO - [2025-11-13T06:39:44.577+0000] {dag.py:3823} INFO - Setting next_dagrun for dataset_produces_1 to 2025-11-12 00:00:00+00:00, run_after=2025-11-13 00:00:00+00:00
[2025-11-13T06:39:44.581+0000] {logging_mixin.py:188} INFO - [2025-11-13T06:39:44.581+0000] {dag.py:3823} INFO - Setting next_dagrun for dataset_produces_2 to None, run_after=None
[2025-11-13T06:39:44.655+0000] {processor.py:183} INFO - Processing /home/airflow/.local/lib/python3.8/site-packages/airflow/example_dags/example_datasets.py took 0.361 seconds
[2025-11-13T06:40:15.254+0000] {processor.py:161} INFO - Started process (PID=1804) to work on /home/airflow/.local/lib/python3.8/site-packages/airflow/example_dags/example_datasets.py
[2025-11-13T06:40:15.257+0000] {processor.py:830} INFO - Processing file /home/airflow/.local/lib/python3.8/site-packages/airflow/example_dags/example_datasets.py for tasks to queue
[2025-11-13T06:40:15.262+0000] {logging_mixin.py:188} INFO - [2025-11-13T06:40:15.261+0000] {dagbag.py:538} INFO - Filling up the DagBag from /home/airflow/.local/lib/python3.8/site-packages/airflow/example_dags/example_datasets.py
[2025-11-13T06:40:15.279+0000] {processor.py:840} INFO - DAG(s) 'dataset_consumes_unknown_never_scheduled', 'dataset_produces_1', 'dataset_consumes_1_and_2', 'dataset_produces_2', 'dataset_consumes_1_never_scheduled', 'dataset_consumes_1' retrieved from /home/airflow/.local/lib/python3.8/site-packages/airflow/example_dags/example_datasets.py
[2025-11-13T06:40:15.354+0000] {logging_mixin.py:188} INFO - [2025-11-13T06:40:15.354+0000] {dag.py:3036} INFO - Sync 6 DAGs
[2025-11-13T06:40:15.396+0000] {logging_mixin.py:188} INFO - [2025-11-13T06:40:15.396+0000] {dag.py:3823} INFO - Setting next_dagrun for dataset_consumes_1 to None, run_after=None
[2025-11-13T06:40:15.402+0000] {logging_mixin.py:188} INFO - [2025-11-13T06:40:15.402+0000] {dag.py:3823} INFO - Setting next_dagrun for dataset_consumes_1_and_2 to None, run_after=None
[2025-11-13T06:40:15.407+0000] {logging_mixin.py:188} INFO - [2025-11-13T06:40:15.406+0000] {dag.py:3823} INFO - Setting next_dagrun for dataset_consumes_1_never_scheduled to None, run_after=None
[2025-11-13T06:40:15.410+0000] {logging_mixin.py:188} INFO - [2025-11-13T06:40:15.409+0000] {dag.py:3823} INFO - Setting next_dagrun for dataset_consumes_unknown_never_scheduled to None, run_after=None
[2025-11-13T06:40:15.415+0000] {logging_mixin.py:188} INFO - [2025-11-13T06:40:15.415+0000] {dag.py:3823} INFO - Setting next_dagrun for dataset_produces_1 to 2025-11-12 00:00:00+00:00, run_after=2025-11-13 00:00:00+00:00
[2025-11-13T06:40:15.419+0000] {logging_mixin.py:188} INFO - [2025-11-13T06:40:15.418+0000] {dag.py:3823} INFO - Setting next_dagrun for dataset_produces_2 to None, run_after=None
[2025-11-13T06:40:15.482+0000] {processor.py:183} INFO - Processing /home/airflow/.local/lib/python3.8/site-packages/airflow/example_dags/example_datasets.py took 0.233 seconds
[2025-11-13T06:40:45.968+0000] {processor.py:161} INFO - Started process (PID=1866) to work on /home/airflow/.local/lib/python3.8/site-packages/airflow/example_dags/example_datasets.py
[2025-11-13T06:40:45.971+0000] {processor.py:830} INFO - Processing file /home/airflow/.local/lib/python3.8/site-packages/airflow/example_dags/example_datasets.py for tasks to queue
[2025-11-13T06:40:45.976+0000] {logging_mixin.py:188} INFO - [2025-11-13T06:40:45.975+0000] {dagbag.py:538} INFO - Filling up the DagBag from /home/airflow/.local/lib/python3.8/site-packages/airflow/example_dags/example_datasets.py
[2025-11-13T06:40:45.999+0000] {processor.py:840} INFO - DAG(s) 'dataset_consumes_1_never_scheduled', 'dataset_consumes_1', 'dataset_consumes_unknown_never_scheduled', 'dataset_produces_2', 'dataset_consumes_1_and_2', 'dataset_produces_1' retrieved from /home/airflow/.local/lib/python3.8/site-packages/airflow/example_dags/example_datasets.py
[2025-11-13T06:40:46.151+0000] {logging_mixin.py:188} INFO - [2025-11-13T06:40:46.149+0000] {dag.py:3036} INFO - Sync 6 DAGs
[2025-11-13T06:40:46.272+0000] {logging_mixin.py:188} INFO - [2025-11-13T06:40:46.271+0000] {dag.py:3823} INFO - Setting next_dagrun for dataset_consumes_1 to None, run_after=None
[2025-11-13T06:40:46.296+0000] {logging_mixin.py:188} INFO - [2025-11-13T06:40:46.295+0000] {dag.py:3823} INFO - Setting next_dagrun for dataset_consumes_1_and_2 to None, run_after=None
[2025-11-13T06:40:46.308+0000] {logging_mixin.py:188} INFO - [2025-11-13T06:40:46.307+0000] {dag.py:3823} INFO - Setting next_dagrun for dataset_consumes_1_never_scheduled to None, run_after=None
[2025-11-13T06:40:46.313+0000] {logging_mixin.py:188} INFO - [2025-11-13T06:40:46.312+0000] {dag.py:3823} INFO - Setting next_dagrun for dataset_consumes_unknown_never_scheduled to None, run_after=None
[2025-11-13T06:40:46.333+0000] {logging_mixin.py:188} INFO - [2025-11-13T06:40:46.332+0000] {dag.py:3823} INFO - Setting next_dagrun for dataset_produces_1 to 2025-11-12 00:00:00+00:00, run_after=2025-11-13 00:00:00+00:00
[2025-11-13T06:40:46.342+0000] {logging_mixin.py:188} INFO - [2025-11-13T06:40:46.339+0000] {dag.py:3823} INFO - Setting next_dagrun for dataset_produces_2 to None, run_after=None
[2025-11-13T06:40:46.507+0000] {processor.py:183} INFO - Processing /home/airflow/.local/lib/python3.8/site-packages/airflow/example_dags/example_datasets.py took 0.547 seconds
[2025-11-13T06:41:16.609+0000] {processor.py:161} INFO - Started process (PID=1928) to work on /home/airflow/.local/lib/python3.8/site-packages/airflow/example_dags/example_datasets.py
[2025-11-13T06:41:16.610+0000] {processor.py:830} INFO - Processing file /home/airflow/.local/lib/python3.8/site-packages/airflow/example_dags/example_datasets.py for tasks to queue
[2025-11-13T06:41:16.613+0000] {logging_mixin.py:188} INFO - [2025-11-13T06:41:16.613+0000] {dagbag.py:538} INFO - Filling up the DagBag from /home/airflow/.local/lib/python3.8/site-packages/airflow/example_dags/example_datasets.py
[2025-11-13T06:41:16.625+0000] {processor.py:840} INFO - DAG(s) 'dataset_consumes_1_never_scheduled', 'dataset_consumes_1', 'dataset_consumes_unknown_never_scheduled', 'dataset_consumes_1_and_2', 'dataset_produces_1', 'dataset_produces_2' retrieved from /home/airflow/.local/lib/python3.8/site-packages/airflow/example_dags/example_datasets.py
[2025-11-13T06:41:16.673+0000] {logging_mixin.py:188} INFO - [2025-11-13T06:41:16.673+0000] {dag.py:3036} INFO - Sync 6 DAGs
[2025-11-13T06:41:16.702+0000] {logging_mixin.py:188} INFO - [2025-11-13T06:41:16.701+0000] {dag.py:3823} INFO - Setting next_dagrun for dataset_consumes_1 to None, run_after=None
[2025-11-13T06:41:16.706+0000] {logging_mixin.py:188} INFO - [2025-11-13T06:41:16.706+0000] {dag.py:3823} INFO - Setting next_dagrun for dataset_consumes_1_and_2 to None, run_after=None
[2025-11-13T06:41:16.709+0000] {logging_mixin.py:188} INFO - [2025-11-13T06:41:16.709+0000] {dag.py:3823} INFO - Setting next_dagrun for dataset_consumes_1_never_scheduled to None, run_after=None
[2025-11-13T06:41:16.711+0000] {logging_mixin.py:188} INFO - [2025-11-13T06:41:16.711+0000] {dag.py:3823} INFO - Setting next_dagrun for dataset_consumes_unknown_never_scheduled to None, run_after=None
[2025-11-13T06:41:16.715+0000] {logging_mixin.py:188} INFO - [2025-11-13T06:41:16.715+0000] {dag.py:3823} INFO - Setting next_dagrun for dataset_produces_1 to 2025-11-12 00:00:00+00:00, run_after=2025-11-13 00:00:00+00:00
[2025-11-13T06:41:16.718+0000] {logging_mixin.py:188} INFO - [2025-11-13T06:41:16.717+0000] {dag.py:3823} INFO - Setting next_dagrun for dataset_produces_2 to None, run_after=None
[2025-11-13T06:41:16.762+0000] {processor.py:183} INFO - Processing /home/airflow/.local/lib/python3.8/site-packages/airflow/example_dags/example_datasets.py took 0.158 seconds
[2025-11-13T06:41:47.718+0000] {processor.py:161} INFO - Started process (PID=1990) to work on /home/airflow/.local/lib/python3.8/site-packages/airflow/example_dags/example_datasets.py
[2025-11-13T06:41:47.720+0000] {processor.py:830} INFO - Processing file /home/airflow/.local/lib/python3.8/site-packages/airflow/example_dags/example_datasets.py for tasks to queue
[2025-11-13T06:41:47.724+0000] {logging_mixin.py:188} INFO - [2025-11-13T06:41:47.723+0000] {dagbag.py:538} INFO - Filling up the DagBag from /home/airflow/.local/lib/python3.8/site-packages/airflow/example_dags/example_datasets.py
[2025-11-13T06:41:47.739+0000] {processor.py:840} INFO - DAG(s) 'dataset_produces_2', 'dataset_consumes_1_never_scheduled', 'dataset_consumes_unknown_never_scheduled', 'dataset_consumes_1_and_2', 'dataset_consumes_1', 'dataset_produces_1' retrieved from /home/airflow/.local/lib/python3.8/site-packages/airflow/example_dags/example_datasets.py
[2025-11-13T06:41:47.806+0000] {logging_mixin.py:188} INFO - [2025-11-13T06:41:47.806+0000] {dag.py:3036} INFO - Sync 6 DAGs
[2025-11-13T06:41:47.852+0000] {logging_mixin.py:188} INFO - [2025-11-13T06:41:47.849+0000] {dag.py:3823} INFO - Setting next_dagrun for dataset_consumes_1 to None, run_after=None
[2025-11-13T06:41:47.872+0000] {logging_mixin.py:188} INFO - [2025-11-13T06:41:47.868+0000] {dag.py:3823} INFO - Setting next_dagrun for dataset_consumes_1_and_2 to None, run_after=None
[2025-11-13T06:41:47.878+0000] {logging_mixin.py:188} INFO - [2025-11-13T06:41:47.877+0000] {dag.py:3823} INFO - Setting next_dagrun for dataset_consumes_1_never_scheduled to None, run_after=None
[2025-11-13T06:41:47.882+0000] {logging_mixin.py:188} INFO - [2025-11-13T06:41:47.881+0000] {dag.py:3823} INFO - Setting next_dagrun for dataset_consumes_unknown_never_scheduled to None, run_after=None
[2025-11-13T06:41:47.897+0000] {logging_mixin.py:188} INFO - [2025-11-13T06:41:47.897+0000] {dag.py:3823} INFO - Setting next_dagrun for dataset_produces_1 to 2025-11-12 00:00:00+00:00, run_after=2025-11-13 00:00:00+00:00
[2025-11-13T06:41:47.901+0000] {logging_mixin.py:188} INFO - [2025-11-13T06:41:47.901+0000] {dag.py:3823} INFO - Setting next_dagrun for dataset_produces_2 to None, run_after=None
[2025-11-13T06:41:48.113+0000] {processor.py:183} INFO - Processing /home/airflow/.local/lib/python3.8/site-packages/airflow/example_dags/example_datasets.py took 0.400 seconds
[2025-11-13T06:42:18.361+0000] {processor.py:161} INFO - Started process (PID=2052) to work on /home/airflow/.local/lib/python3.8/site-packages/airflow/example_dags/example_datasets.py
[2025-11-13T06:42:18.365+0000] {processor.py:830} INFO - Processing file /home/airflow/.local/lib/python3.8/site-packages/airflow/example_dags/example_datasets.py for tasks to queue
[2025-11-13T06:42:18.370+0000] {logging_mixin.py:188} INFO - [2025-11-13T06:42:18.369+0000] {dagbag.py:538} INFO - Filling up the DagBag from /home/airflow/.local/lib/python3.8/site-packages/airflow/example_dags/example_datasets.py
[2025-11-13T06:42:18.415+0000] {processor.py:840} INFO - DAG(s) 'dataset_consumes_unknown_never_scheduled', 'dataset_produces_1', 'dataset_consumes_1_never_scheduled', 'dataset_produces_2', 'dataset_consumes_1', 'dataset_consumes_1_and_2' retrieved from /home/airflow/.local/lib/python3.8/site-packages/airflow/example_dags/example_datasets.py
[2025-11-13T06:42:18.575+0000] {logging_mixin.py:188} INFO - [2025-11-13T06:42:18.571+0000] {dag.py:3036} INFO - Sync 6 DAGs
[2025-11-13T06:42:18.673+0000] {logging_mixin.py:188} INFO - [2025-11-13T06:42:18.670+0000] {dag.py:3823} INFO - Setting next_dagrun for dataset_consumes_1 to None, run_after=None
[2025-11-13T06:42:18.695+0000] {logging_mixin.py:188} INFO - [2025-11-13T06:42:18.694+0000] {dag.py:3823} INFO - Setting next_dagrun for dataset_consumes_1_and_2 to None, run_after=None
[2025-11-13T06:42:18.700+0000] {logging_mixin.py:188} INFO - [2025-11-13T06:42:18.699+0000] {dag.py:3823} INFO - Setting next_dagrun for dataset_consumes_1_never_scheduled to None, run_after=None
[2025-11-13T06:42:18.715+0000] {logging_mixin.py:188} INFO - [2025-11-13T06:42:18.715+0000] {dag.py:3823} INFO - Setting next_dagrun for dataset_consumes_unknown_never_scheduled to None, run_after=None
[2025-11-13T06:42:18.734+0000] {logging_mixin.py:188} INFO - [2025-11-13T06:42:18.732+0000] {dag.py:3823} INFO - Setting next_dagrun for dataset_produces_1 to 2025-11-12 00:00:00+00:00, run_after=2025-11-13 00:00:00+00:00
[2025-11-13T06:42:18.739+0000] {logging_mixin.py:188} INFO - [2025-11-13T06:42:18.738+0000] {dag.py:3823} INFO - Setting next_dagrun for dataset_produces_2 to None, run_after=None
[2025-11-13T06:42:18.908+0000] {processor.py:183} INFO - Processing /home/airflow/.local/lib/python3.8/site-packages/airflow/example_dags/example_datasets.py took 0.562 seconds
[2025-11-13T06:42:49.358+0000] {processor.py:161} INFO - Started process (PID=2114) to work on /home/airflow/.local/lib/python3.8/site-packages/airflow/example_dags/example_datasets.py
[2025-11-13T06:42:49.362+0000] {processor.py:830} INFO - Processing file /home/airflow/.local/lib/python3.8/site-packages/airflow/example_dags/example_datasets.py for tasks to queue
[2025-11-13T06:42:49.368+0000] {logging_mixin.py:188} INFO - [2025-11-13T06:42:49.367+0000] {dagbag.py:538} INFO - Filling up the DagBag from /home/airflow/.local/lib/python3.8/site-packages/airflow/example_dags/example_datasets.py
[2025-11-13T06:42:49.396+0000] {processor.py:840} INFO - DAG(s) 'dataset_produces_2', 'dataset_produces_1', 'dataset_consumes_1_never_scheduled', 'dataset_consumes_unknown_never_scheduled', 'dataset_consumes_1', 'dataset_consumes_1_and_2' retrieved from /home/airflow/.local/lib/python3.8/site-packages/airflow/example_dags/example_datasets.py
[2025-11-13T06:42:49.537+0000] {logging_mixin.py:188} INFO - [2025-11-13T06:42:49.536+0000] {dag.py:3036} INFO - Sync 6 DAGs
[2025-11-13T06:42:49.588+0000] {logging_mixin.py:188} INFO - [2025-11-13T06:42:49.587+0000] {dag.py:3823} INFO - Setting next_dagrun for dataset_consumes_1 to None, run_after=None
[2025-11-13T06:42:49.594+0000] {logging_mixin.py:188} INFO - [2025-11-13T06:42:49.594+0000] {dag.py:3823} INFO - Setting next_dagrun for dataset_consumes_1_and_2 to None, run_after=None
[2025-11-13T06:42:49.597+0000] {logging_mixin.py:188} INFO - [2025-11-13T06:42:49.596+0000] {dag.py:3823} INFO - Setting next_dagrun for dataset_consumes_1_never_scheduled to None, run_after=None
[2025-11-13T06:42:49.600+0000] {logging_mixin.py:188} INFO - [2025-11-13T06:42:49.599+0000] {dag.py:3823} INFO - Setting next_dagrun for dataset_consumes_unknown_never_scheduled to None, run_after=None
[2025-11-13T06:42:49.606+0000] {logging_mixin.py:188} INFO - [2025-11-13T06:42:49.605+0000] {dag.py:3823} INFO - Setting next_dagrun for dataset_produces_1 to 2025-11-12 00:00:00+00:00, run_after=2025-11-13 00:00:00+00:00
[2025-11-13T06:42:49.609+0000] {logging_mixin.py:188} INFO - [2025-11-13T06:42:49.608+0000] {dag.py:3823} INFO - Setting next_dagrun for dataset_produces_2 to None, run_after=None
[2025-11-13T06:42:49.671+0000] {processor.py:183} INFO - Processing /home/airflow/.local/lib/python3.8/site-packages/airflow/example_dags/example_datasets.py took 0.324 seconds
[2025-11-13T06:43:19.871+0000] {processor.py:161} INFO - Started process (PID=2176) to work on /home/airflow/.local/lib/python3.8/site-packages/airflow/example_dags/example_datasets.py
[2025-11-13T06:43:19.873+0000] {processor.py:830} INFO - Processing file /home/airflow/.local/lib/python3.8/site-packages/airflow/example_dags/example_datasets.py for tasks to queue
[2025-11-13T06:43:19.877+0000] {logging_mixin.py:188} INFO - [2025-11-13T06:43:19.876+0000] {dagbag.py:538} INFO - Filling up the DagBag from /home/airflow/.local/lib/python3.8/site-packages/airflow/example_dags/example_datasets.py
[2025-11-13T06:43:19.895+0000] {processor.py:840} INFO - DAG(s) 'dataset_produces_2', 'dataset_consumes_1_and_2', 'dataset_consumes_unknown_never_scheduled', 'dataset_produces_1', 'dataset_consumes_1_never_scheduled', 'dataset_consumes_1' retrieved from /home/airflow/.local/lib/python3.8/site-packages/airflow/example_dags/example_datasets.py
[2025-11-13T06:43:19.964+0000] {logging_mixin.py:188} INFO - [2025-11-13T06:43:19.964+0000] {dag.py:3036} INFO - Sync 6 DAGs
[2025-11-13T06:43:20.006+0000] {logging_mixin.py:188} INFO - [2025-11-13T06:43:20.006+0000] {dag.py:3823} INFO - Setting next_dagrun for dataset_consumes_1 to None, run_after=None
[2025-11-13T06:43:20.012+0000] {logging_mixin.py:188} INFO - [2025-11-13T06:43:20.012+0000] {dag.py:3823} INFO - Setting next_dagrun for dataset_consumes_1_and_2 to None, run_after=None
[2025-11-13T06:43:20.015+0000] {logging_mixin.py:188} INFO - [2025-11-13T06:43:20.014+0000] {dag.py:3823} INFO - Setting next_dagrun for dataset_consumes_1_never_scheduled to None, run_after=None
[2025-11-13T06:43:20.017+0000] {logging_mixin.py:188} INFO - [2025-11-13T06:43:20.017+0000] {dag.py:3823} INFO - Setting next_dagrun for dataset_consumes_unknown_never_scheduled to None, run_after=None
[2025-11-13T06:43:20.023+0000] {logging_mixin.py:188} INFO - [2025-11-13T06:43:20.023+0000] {dag.py:3823} INFO - Setting next_dagrun for dataset_produces_1 to 2025-11-12 00:00:00+00:00, run_after=2025-11-13 00:00:00+00:00
[2025-11-13T06:43:20.026+0000] {logging_mixin.py:188} INFO - [2025-11-13T06:43:20.025+0000] {dag.py:3823} INFO - Setting next_dagrun for dataset_produces_2 to None, run_after=None
[2025-11-13T06:43:20.084+0000] {processor.py:183} INFO - Processing /home/airflow/.local/lib/python3.8/site-packages/airflow/example_dags/example_datasets.py took 0.220 seconds
[2025-11-13T06:43:50.172+0000] {processor.py:161} INFO - Started process (PID=2240) to work on /home/airflow/.local/lib/python3.8/site-packages/airflow/example_dags/example_datasets.py
[2025-11-13T06:43:50.175+0000] {processor.py:830} INFO - Processing file /home/airflow/.local/lib/python3.8/site-packages/airflow/example_dags/example_datasets.py for tasks to queue
[2025-11-13T06:43:50.180+0000] {logging_mixin.py:188} INFO - [2025-11-13T06:43:50.179+0000] {dagbag.py:538} INFO - Filling up the DagBag from /home/airflow/.local/lib/python3.8/site-packages/airflow/example_dags/example_datasets.py
[2025-11-13T06:43:50.201+0000] {processor.py:840} INFO - DAG(s) 'dataset_consumes_1', 'dataset_consumes_1_and_2', 'dataset_consumes_unknown_never_scheduled', 'dataset_produces_2', 'dataset_produces_1', 'dataset_consumes_1_never_scheduled' retrieved from /home/airflow/.local/lib/python3.8/site-packages/airflow/example_dags/example_datasets.py
[2025-11-13T06:43:50.265+0000] {logging_mixin.py:188} INFO - [2025-11-13T06:43:50.264+0000] {dag.py:3036} INFO - Sync 6 DAGs
[2025-11-13T06:43:50.302+0000] {logging_mixin.py:188} INFO - [2025-11-13T06:43:50.301+0000] {dag.py:3823} INFO - Setting next_dagrun for dataset_consumes_1 to None, run_after=None
[2025-11-13T06:43:50.309+0000] {logging_mixin.py:188} INFO - [2025-11-13T06:43:50.309+0000] {dag.py:3823} INFO - Setting next_dagrun for dataset_consumes_1_and_2 to None, run_after=None
[2025-11-13T06:43:50.312+0000] {logging_mixin.py:188} INFO - [2025-11-13T06:43:50.312+0000] {dag.py:3823} INFO - Setting next_dagrun for dataset_consumes_1_never_scheduled to None, run_after=None
[2025-11-13T06:43:50.315+0000] {logging_mixin.py:188} INFO - [2025-11-13T06:43:50.314+0000] {dag.py:3823} INFO - Setting next_dagrun for dataset_consumes_unknown_never_scheduled to None, run_after=None
[2025-11-13T06:43:50.320+0000] {logging_mixin.py:188} INFO - [2025-11-13T06:43:50.320+0000] {dag.py:3823} INFO - Setting next_dagrun for dataset_produces_1 to 2025-11-12 00:00:00+00:00, run_after=2025-11-13 00:00:00+00:00
[2025-11-13T06:43:50.323+0000] {logging_mixin.py:188} INFO - [2025-11-13T06:43:50.323+0000] {dag.py:3823} INFO - Setting next_dagrun for dataset_produces_2 to None, run_after=None
[2025-11-13T06:43:50.373+0000] {processor.py:183} INFO - Processing /home/airflow/.local/lib/python3.8/site-packages/airflow/example_dags/example_datasets.py took 0.210 seconds
[2025-11-13T06:44:21.217+0000] {processor.py:161} INFO - Started process (PID=2302) to work on /home/airflow/.local/lib/python3.8/site-packages/airflow/example_dags/example_datasets.py
[2025-11-13T06:44:21.220+0000] {processor.py:830} INFO - Processing file /home/airflow/.local/lib/python3.8/site-packages/airflow/example_dags/example_datasets.py for tasks to queue
[2025-11-13T06:44:21.224+0000] {logging_mixin.py:188} INFO - [2025-11-13T06:44:21.224+0000] {dagbag.py:538} INFO - Filling up the DagBag from /home/airflow/.local/lib/python3.8/site-packages/airflow/example_dags/example_datasets.py
[2025-11-13T06:44:21.248+0000] {processor.py:840} INFO - DAG(s) 'dataset_produces_2', 'dataset_consumes_1_never_scheduled', 'dataset_produces_1', 'dataset_consumes_1_and_2', 'dataset_consumes_1', 'dataset_consumes_unknown_never_scheduled' retrieved from /home/airflow/.local/lib/python3.8/site-packages/airflow/example_dags/example_datasets.py
[2025-11-13T06:44:21.316+0000] {logging_mixin.py:188} INFO - [2025-11-13T06:44:21.315+0000] {dag.py:3036} INFO - Sync 6 DAGs
[2025-11-13T06:44:21.352+0000] {logging_mixin.py:188} INFO - [2025-11-13T06:44:21.351+0000] {dag.py:3823} INFO - Setting next_dagrun for dataset_consumes_1 to None, run_after=None
[2025-11-13T06:44:21.358+0000] {logging_mixin.py:188} INFO - [2025-11-13T06:44:21.357+0000] {dag.py:3823} INFO - Setting next_dagrun for dataset_consumes_1_and_2 to None, run_after=None
[2025-11-13T06:44:21.360+0000] {logging_mixin.py:188} INFO - [2025-11-13T06:44:21.360+0000] {dag.py:3823} INFO - Setting next_dagrun for dataset_consumes_1_never_scheduled to None, run_after=None
[2025-11-13T06:44:21.363+0000] {logging_mixin.py:188} INFO - [2025-11-13T06:44:21.363+0000] {dag.py:3823} INFO - Setting next_dagrun for dataset_consumes_unknown_never_scheduled to None, run_after=None
[2025-11-13T06:44:21.369+0000] {logging_mixin.py:188} INFO - [2025-11-13T06:44:21.368+0000] {dag.py:3823} INFO - Setting next_dagrun for dataset_produces_1 to 2025-11-12 00:00:00+00:00, run_after=2025-11-13 00:00:00+00:00
[2025-11-13T06:44:21.371+0000] {logging_mixin.py:188} INFO - [2025-11-13T06:44:21.371+0000] {dag.py:3823} INFO - Setting next_dagrun for dataset_produces_2 to None, run_after=None
[2025-11-13T06:44:21.434+0000] {processor.py:183} INFO - Processing /home/airflow/.local/lib/python3.8/site-packages/airflow/example_dags/example_datasets.py took 0.227 seconds
[2025-11-13T06:44:52.717+0000] {processor.py:161} INFO - Started process (PID=2364) to work on /home/airflow/.local/lib/python3.8/site-packages/airflow/example_dags/example_datasets.py
[2025-11-13T06:44:52.720+0000] {processor.py:830} INFO - Processing file /home/airflow/.local/lib/python3.8/site-packages/airflow/example_dags/example_datasets.py for tasks to queue
[2025-11-13T06:44:52.727+0000] {logging_mixin.py:188} INFO - [2025-11-13T06:44:52.726+0000] {dagbag.py:538} INFO - Filling up the DagBag from /home/airflow/.local/lib/python3.8/site-packages/airflow/example_dags/example_datasets.py
[2025-11-13T06:44:52.762+0000] {processor.py:840} INFO - DAG(s) 'dataset_consumes_1_and_2', 'dataset_consumes_1', 'dataset_consumes_1_never_scheduled', 'dataset_consumes_unknown_never_scheduled', 'dataset_produces_1', 'dataset_produces_2' retrieved from /home/airflow/.local/lib/python3.8/site-packages/airflow/example_dags/example_datasets.py
[2025-11-13T06:44:52.872+0000] {logging_mixin.py:188} INFO - [2025-11-13T06:44:52.872+0000] {dag.py:3036} INFO - Sync 6 DAGs
[2025-11-13T06:44:52.914+0000] {logging_mixin.py:188} INFO - [2025-11-13T06:44:52.914+0000] {dag.py:3823} INFO - Setting next_dagrun for dataset_consumes_1 to None, run_after=None
[2025-11-13T06:44:52.922+0000] {logging_mixin.py:188} INFO - [2025-11-13T06:44:52.921+0000] {dag.py:3823} INFO - Setting next_dagrun for dataset_consumes_1_and_2 to None, run_after=None
[2025-11-13T06:44:52.925+0000] {logging_mixin.py:188} INFO - [2025-11-13T06:44:52.924+0000] {dag.py:3823} INFO - Setting next_dagrun for dataset_consumes_1_never_scheduled to None, run_after=None
[2025-11-13T06:44:52.927+0000] {logging_mixin.py:188} INFO - [2025-11-13T06:44:52.927+0000] {dag.py:3823} INFO - Setting next_dagrun for dataset_consumes_unknown_never_scheduled to None, run_after=None
[2025-11-13T06:44:52.933+0000] {logging_mixin.py:188} INFO - [2025-11-13T06:44:52.932+0000] {dag.py:3823} INFO - Setting next_dagrun for dataset_produces_1 to 2025-11-12 00:00:00+00:00, run_after=2025-11-13 00:00:00+00:00
[2025-11-13T06:44:52.935+0000] {logging_mixin.py:188} INFO - [2025-11-13T06:44:52.935+0000] {dag.py:3823} INFO - Setting next_dagrun for dataset_produces_2 to None, run_after=None
[2025-11-13T06:44:53.000+0000] {processor.py:183} INFO - Processing /home/airflow/.local/lib/python3.8/site-packages/airflow/example_dags/example_datasets.py took 0.292 seconds
[2025-11-13T06:45:23.903+0000] {processor.py:161} INFO - Started process (PID=2426) to work on /home/airflow/.local/lib/python3.8/site-packages/airflow/example_dags/example_datasets.py
[2025-11-13T06:45:23.905+0000] {processor.py:830} INFO - Processing file /home/airflow/.local/lib/python3.8/site-packages/airflow/example_dags/example_datasets.py for tasks to queue
[2025-11-13T06:45:23.907+0000] {logging_mixin.py:188} INFO - [2025-11-13T06:45:23.907+0000] {dagbag.py:538} INFO - Filling up the DagBag from /home/airflow/.local/lib/python3.8/site-packages/airflow/example_dags/example_datasets.py
[2025-11-13T06:45:23.918+0000] {processor.py:840} INFO - DAG(s) 'dataset_produces_1', 'dataset_consumes_1_never_scheduled', 'dataset_consumes_1', 'dataset_consumes_unknown_never_scheduled', 'dataset_produces_2', 'dataset_consumes_1_and_2' retrieved from /home/airflow/.local/lib/python3.8/site-packages/airflow/example_dags/example_datasets.py
[2025-11-13T06:45:23.964+0000] {logging_mixin.py:188} INFO - [2025-11-13T06:45:23.963+0000] {dag.py:3036} INFO - Sync 6 DAGs
[2025-11-13T06:45:23.989+0000] {logging_mixin.py:188} INFO - [2025-11-13T06:45:23.989+0000] {dag.py:3823} INFO - Setting next_dagrun for dataset_consumes_1 to None, run_after=None
[2025-11-13T06:45:23.997+0000] {logging_mixin.py:188} INFO - [2025-11-13T06:45:23.996+0000] {dag.py:3823} INFO - Setting next_dagrun for dataset_consumes_1_and_2 to None, run_after=None
[2025-11-13T06:45:23.999+0000] {logging_mixin.py:188} INFO - [2025-11-13T06:45:23.998+0000] {dag.py:3823} INFO - Setting next_dagrun for dataset_consumes_1_never_scheduled to None, run_after=None
[2025-11-13T06:45:24.001+0000] {logging_mixin.py:188} INFO - [2025-11-13T06:45:24.001+0000] {dag.py:3823} INFO - Setting next_dagrun for dataset_consumes_unknown_never_scheduled to None, run_after=None
[2025-11-13T06:45:24.005+0000] {logging_mixin.py:188} INFO - [2025-11-13T06:45:24.004+0000] {dag.py:3823} INFO - Setting next_dagrun for dataset_produces_1 to 2025-11-12 00:00:00+00:00, run_after=2025-11-13 00:00:00+00:00
[2025-11-13T06:45:24.007+0000] {logging_mixin.py:188} INFO - [2025-11-13T06:45:24.006+0000] {dag.py:3823} INFO - Setting next_dagrun for dataset_produces_2 to None, run_after=None
[2025-11-13T06:45:24.051+0000] {processor.py:183} INFO - Processing /home/airflow/.local/lib/python3.8/site-packages/airflow/example_dags/example_datasets.py took 0.153 seconds
[2025-11-13T06:45:54.582+0000] {processor.py:161} INFO - Started process (PID=2488) to work on /home/airflow/.local/lib/python3.8/site-packages/airflow/example_dags/example_datasets.py
[2025-11-13T06:45:54.584+0000] {processor.py:830} INFO - Processing file /home/airflow/.local/lib/python3.8/site-packages/airflow/example_dags/example_datasets.py for tasks to queue
[2025-11-13T06:45:54.587+0000] {logging_mixin.py:188} INFO - [2025-11-13T06:45:54.586+0000] {dagbag.py:538} INFO - Filling up the DagBag from /home/airflow/.local/lib/python3.8/site-packages/airflow/example_dags/example_datasets.py
[2025-11-13T06:45:54.599+0000] {processor.py:840} INFO - DAG(s) 'dataset_consumes_1_and_2', 'dataset_produces_1', 'dataset_consumes_1', 'dataset_consumes_unknown_never_scheduled', 'dataset_consumes_1_never_scheduled', 'dataset_produces_2' retrieved from /home/airflow/.local/lib/python3.8/site-packages/airflow/example_dags/example_datasets.py
[2025-11-13T06:45:54.652+0000] {logging_mixin.py:188} INFO - [2025-11-13T06:45:54.652+0000] {dag.py:3036} INFO - Sync 6 DAGs
[2025-11-13T06:45:54.684+0000] {logging_mixin.py:188} INFO - [2025-11-13T06:45:54.683+0000] {dag.py:3823} INFO - Setting next_dagrun for dataset_consumes_1 to None, run_after=None
[2025-11-13T06:45:54.689+0000] {logging_mixin.py:188} INFO - [2025-11-13T06:45:54.689+0000] {dag.py:3823} INFO - Setting next_dagrun for dataset_consumes_1_and_2 to None, run_after=None
[2025-11-13T06:45:54.692+0000] {logging_mixin.py:188} INFO - [2025-11-13T06:45:54.691+0000] {dag.py:3823} INFO - Setting next_dagrun for dataset_consumes_1_never_scheduled to None, run_after=None
[2025-11-13T06:45:54.694+0000] {logging_mixin.py:188} INFO - [2025-11-13T06:45:54.694+0000] {dag.py:3823} INFO - Setting next_dagrun for dataset_consumes_unknown_never_scheduled to None, run_after=None
[2025-11-13T06:45:54.699+0000] {logging_mixin.py:188} INFO - [2025-11-13T06:45:54.699+0000] {dag.py:3823} INFO - Setting next_dagrun for dataset_produces_1 to 2025-11-12 00:00:00+00:00, run_after=2025-11-13 00:00:00+00:00
[2025-11-13T06:45:54.702+0000] {logging_mixin.py:188} INFO - [2025-11-13T06:45:54.701+0000] {dag.py:3823} INFO - Setting next_dagrun for dataset_produces_2 to None, run_after=None
[2025-11-13T06:45:54.776+0000] {processor.py:183} INFO - Processing /home/airflow/.local/lib/python3.8/site-packages/airflow/example_dags/example_datasets.py took 0.199 seconds
[2025-11-13T06:46:25.302+0000] {processor.py:161} INFO - Started process (PID=2551) to work on /home/airflow/.local/lib/python3.8/site-packages/airflow/example_dags/example_datasets.py
[2025-11-13T06:46:25.304+0000] {processor.py:830} INFO - Processing file /home/airflow/.local/lib/python3.8/site-packages/airflow/example_dags/example_datasets.py for tasks to queue
[2025-11-13T06:46:25.309+0000] {logging_mixin.py:188} INFO - [2025-11-13T06:46:25.309+0000] {dagbag.py:538} INFO - Filling up the DagBag from /home/airflow/.local/lib/python3.8/site-packages/airflow/example_dags/example_datasets.py
[2025-11-13T06:46:25.324+0000] {processor.py:840} INFO - DAG(s) 'dataset_consumes_unknown_never_scheduled', 'dataset_consumes_1', 'dataset_produces_2', 'dataset_consumes_1_never_scheduled', 'dataset_consumes_1_and_2', 'dataset_produces_1' retrieved from /home/airflow/.local/lib/python3.8/site-packages/airflow/example_dags/example_datasets.py
[2025-11-13T06:46:25.382+0000] {logging_mixin.py:188} INFO - [2025-11-13T06:46:25.382+0000] {dag.py:3036} INFO - Sync 6 DAGs
[2025-11-13T06:46:25.422+0000] {logging_mixin.py:188} INFO - [2025-11-13T06:46:25.422+0000] {dag.py:3823} INFO - Setting next_dagrun for dataset_consumes_1 to None, run_after=None
[2025-11-13T06:46:25.430+0000] {logging_mixin.py:188} INFO - [2025-11-13T06:46:25.429+0000] {dag.py:3823} INFO - Setting next_dagrun for dataset_consumes_1_and_2 to None, run_after=None
[2025-11-13T06:46:25.436+0000] {logging_mixin.py:188} INFO - [2025-11-13T06:46:25.434+0000] {dag.py:3823} INFO - Setting next_dagrun for dataset_consumes_1_never_scheduled to None, run_after=None
[2025-11-13T06:46:25.440+0000] {logging_mixin.py:188} INFO - [2025-11-13T06:46:25.439+0000] {dag.py:3823} INFO - Setting next_dagrun for dataset_consumes_unknown_never_scheduled to None, run_after=None
[2025-11-13T06:46:25.444+0000] {logging_mixin.py:188} INFO - [2025-11-13T06:46:25.444+0000] {dag.py:3823} INFO - Setting next_dagrun for dataset_produces_1 to 2025-11-12 00:00:00+00:00, run_after=2025-11-13 00:00:00+00:00
[2025-11-13T06:46:25.447+0000] {logging_mixin.py:188} INFO - [2025-11-13T06:46:25.447+0000] {dag.py:3823} INFO - Setting next_dagrun for dataset_produces_2 to None, run_after=None
[2025-11-13T06:46:25.729+0000] {processor.py:183} INFO - Processing /home/airflow/.local/lib/python3.8/site-packages/airflow/example_dags/example_datasets.py took 0.432 seconds
[2025-11-13T06:46:55.999+0000] {processor.py:161} INFO - Started process (PID=2616) to work on /home/airflow/.local/lib/python3.8/site-packages/airflow/example_dags/example_datasets.py
[2025-11-13T06:46:56.001+0000] {processor.py:830} INFO - Processing file /home/airflow/.local/lib/python3.8/site-packages/airflow/example_dags/example_datasets.py for tasks to queue
[2025-11-13T06:46:56.007+0000] {logging_mixin.py:188} INFO - [2025-11-13T06:46:56.006+0000] {dagbag.py:538} INFO - Filling up the DagBag from /home/airflow/.local/lib/python3.8/site-packages/airflow/example_dags/example_datasets.py
[2025-11-13T06:46:56.027+0000] {processor.py:840} INFO - DAG(s) 'dataset_consumes_unknown_never_scheduled', 'dataset_consumes_1_never_scheduled', 'dataset_produces_2', 'dataset_consumes_1', 'dataset_consumes_1_and_2', 'dataset_produces_1' retrieved from /home/airflow/.local/lib/python3.8/site-packages/airflow/example_dags/example_datasets.py
[2025-11-13T06:46:56.102+0000] {logging_mixin.py:188} INFO - [2025-11-13T06:46:56.102+0000] {dag.py:3036} INFO - Sync 6 DAGs
[2025-11-13T06:46:56.148+0000] {logging_mixin.py:188} INFO - [2025-11-13T06:46:56.148+0000] {dag.py:3823} INFO - Setting next_dagrun for dataset_consumes_1 to None, run_after=None
[2025-11-13T06:46:56.156+0000] {logging_mixin.py:188} INFO - [2025-11-13T06:46:56.155+0000] {dag.py:3823} INFO - Setting next_dagrun for dataset_consumes_1_and_2 to None, run_after=None
[2025-11-13T06:46:56.159+0000] {logging_mixin.py:188} INFO - [2025-11-13T06:46:56.158+0000] {dag.py:3823} INFO - Setting next_dagrun for dataset_consumes_1_never_scheduled to None, run_after=None
[2025-11-13T06:46:56.162+0000] {logging_mixin.py:188} INFO - [2025-11-13T06:46:56.162+0000] {dag.py:3823} INFO - Setting next_dagrun for dataset_consumes_unknown_never_scheduled to None, run_after=None
[2025-11-13T06:46:56.172+0000] {logging_mixin.py:188} INFO - [2025-11-13T06:46:56.172+0000] {dag.py:3823} INFO - Setting next_dagrun for dataset_produces_1 to 2025-11-12 00:00:00+00:00, run_after=2025-11-13 00:00:00+00:00
[2025-11-13T06:46:56.176+0000] {logging_mixin.py:188} INFO - [2025-11-13T06:46:56.175+0000] {dag.py:3823} INFO - Setting next_dagrun for dataset_produces_2 to None, run_after=None
[2025-11-13T06:46:56.248+0000] {processor.py:183} INFO - Processing /home/airflow/.local/lib/python3.8/site-packages/airflow/example_dags/example_datasets.py took 0.257 seconds
[2025-11-13T06:47:26.302+0000] {processor.py:161} INFO - Started process (PID=2678) to work on /home/airflow/.local/lib/python3.8/site-packages/airflow/example_dags/example_datasets.py
[2025-11-13T06:47:26.304+0000] {processor.py:830} INFO - Processing file /home/airflow/.local/lib/python3.8/site-packages/airflow/example_dags/example_datasets.py for tasks to queue
[2025-11-13T06:47:26.307+0000] {logging_mixin.py:188} INFO - [2025-11-13T06:47:26.306+0000] {dagbag.py:538} INFO - Filling up the DagBag from /home/airflow/.local/lib/python3.8/site-packages/airflow/example_dags/example_datasets.py
[2025-11-13T06:47:26.319+0000] {processor.py:840} INFO - DAG(s) 'dataset_produces_1', 'dataset_consumes_1', 'dataset_produces_2', 'dataset_consumes_unknown_never_scheduled', 'dataset_consumes_1_and_2', 'dataset_consumes_1_never_scheduled' retrieved from /home/airflow/.local/lib/python3.8/site-packages/airflow/example_dags/example_datasets.py
[2025-11-13T06:47:26.369+0000] {logging_mixin.py:188} INFO - [2025-11-13T06:47:26.369+0000] {dag.py:3036} INFO - Sync 6 DAGs
[2025-11-13T06:47:26.402+0000] {logging_mixin.py:188} INFO - [2025-11-13T06:47:26.402+0000] {dag.py:3823} INFO - Setting next_dagrun for dataset_consumes_1 to None, run_after=None
[2025-11-13T06:47:26.407+0000] {logging_mixin.py:188} INFO - [2025-11-13T06:47:26.407+0000] {dag.py:3823} INFO - Setting next_dagrun for dataset_consumes_1_and_2 to None, run_after=None
[2025-11-13T06:47:26.409+0000] {logging_mixin.py:188} INFO - [2025-11-13T06:47:26.409+0000] {dag.py:3823} INFO - Setting next_dagrun for dataset_consumes_1_never_scheduled to None, run_after=None
[2025-11-13T06:47:26.412+0000] {logging_mixin.py:188} INFO - [2025-11-13T06:47:26.412+0000] {dag.py:3823} INFO - Setting next_dagrun for dataset_consumes_unknown_never_scheduled to None, run_after=None
[2025-11-13T06:47:26.416+0000] {logging_mixin.py:188} INFO - [2025-11-13T06:47:26.416+0000] {dag.py:3823} INFO - Setting next_dagrun for dataset_produces_1 to 2025-11-12 00:00:00+00:00, run_after=2025-11-13 00:00:00+00:00
[2025-11-13T06:47:26.419+0000] {logging_mixin.py:188} INFO - [2025-11-13T06:47:26.418+0000] {dag.py:3823} INFO - Setting next_dagrun for dataset_produces_2 to None, run_after=None
[2025-11-13T06:47:26.463+0000] {processor.py:183} INFO - Processing /home/airflow/.local/lib/python3.8/site-packages/airflow/example_dags/example_datasets.py took 0.165 seconds
[2025-11-13T06:47:57.000+0000] {processor.py:161} INFO - Started process (PID=2739) to work on /home/airflow/.local/lib/python3.8/site-packages/airflow/example_dags/example_datasets.py
[2025-11-13T06:47:57.004+0000] {processor.py:830} INFO - Processing file /home/airflow/.local/lib/python3.8/site-packages/airflow/example_dags/example_datasets.py for tasks to queue
[2025-11-13T06:47:57.020+0000] {logging_mixin.py:188} INFO - [2025-11-13T06:47:57.019+0000] {dagbag.py:538} INFO - Filling up the DagBag from /home/airflow/.local/lib/python3.8/site-packages/airflow/example_dags/example_datasets.py
[2025-11-13T06:47:57.100+0000] {processor.py:840} INFO - DAG(s) 'dataset_consumes_unknown_never_scheduled', 'dataset_produces_2', 'dataset_consumes_1_never_scheduled', 'dataset_consumes_1', 'dataset_produces_1', 'dataset_consumes_1_and_2' retrieved from /home/airflow/.local/lib/python3.8/site-packages/airflow/example_dags/example_datasets.py
[2025-11-13T06:47:57.290+0000] {logging_mixin.py:188} INFO - [2025-11-13T06:47:57.289+0000] {dag.py:3036} INFO - Sync 6 DAGs
[2025-11-13T06:47:57.397+0000] {logging_mixin.py:188} INFO - [2025-11-13T06:47:57.397+0000] {dag.py:3823} INFO - Setting next_dagrun for dataset_consumes_1 to None, run_after=None
[2025-11-13T06:47:57.421+0000] {logging_mixin.py:188} INFO - [2025-11-13T06:47:57.420+0000] {dag.py:3823} INFO - Setting next_dagrun for dataset_consumes_1_and_2 to None, run_after=None
[2025-11-13T06:47:57.432+0000] {logging_mixin.py:188} INFO - [2025-11-13T06:47:57.425+0000] {dag.py:3823} INFO - Setting next_dagrun for dataset_consumes_1_never_scheduled to None, run_after=None
[2025-11-13T06:47:57.437+0000] {logging_mixin.py:188} INFO - [2025-11-13T06:47:57.436+0000] {dag.py:3823} INFO - Setting next_dagrun for dataset_consumes_unknown_never_scheduled to None, run_after=None
[2025-11-13T06:47:57.445+0000] {logging_mixin.py:188} INFO - [2025-11-13T06:47:57.444+0000] {dag.py:3823} INFO - Setting next_dagrun for dataset_produces_1 to 2025-11-12 00:00:00+00:00, run_after=2025-11-13 00:00:00+00:00
[2025-11-13T06:47:57.449+0000] {logging_mixin.py:188} INFO - [2025-11-13T06:47:57.449+0000] {dag.py:3823} INFO - Setting next_dagrun for dataset_produces_2 to None, run_after=None
[2025-11-13T06:47:57.561+0000] {processor.py:183} INFO - Processing /home/airflow/.local/lib/python3.8/site-packages/airflow/example_dags/example_datasets.py took 0.591 seconds
[2025-11-13T06:48:27.903+0000] {processor.py:161} INFO - Started process (PID=2800) to work on /home/airflow/.local/lib/python3.8/site-packages/airflow/example_dags/example_datasets.py
[2025-11-13T06:48:27.905+0000] {processor.py:830} INFO - Processing file /home/airflow/.local/lib/python3.8/site-packages/airflow/example_dags/example_datasets.py for tasks to queue
[2025-11-13T06:48:27.909+0000] {logging_mixin.py:188} INFO - [2025-11-13T06:48:27.909+0000] {dagbag.py:538} INFO - Filling up the DagBag from /home/airflow/.local/lib/python3.8/site-packages/airflow/example_dags/example_datasets.py
[2025-11-13T06:48:27.925+0000] {processor.py:840} INFO - DAG(s) 'dataset_consumes_unknown_never_scheduled', 'dataset_consumes_1', 'dataset_produces_2', 'dataset_consumes_1_and_2', 'dataset_consumes_1_never_scheduled', 'dataset_produces_1' retrieved from /home/airflow/.local/lib/python3.8/site-packages/airflow/example_dags/example_datasets.py
[2025-11-13T06:48:28.008+0000] {logging_mixin.py:188} INFO - [2025-11-13T06:48:28.007+0000] {dag.py:3036} INFO - Sync 6 DAGs
[2025-11-13T06:48:28.069+0000] {logging_mixin.py:188} INFO - [2025-11-13T06:48:28.068+0000] {dag.py:3823} INFO - Setting next_dagrun for dataset_consumes_1 to None, run_after=None
[2025-11-13T06:48:28.077+0000] {logging_mixin.py:188} INFO - [2025-11-13T06:48:28.077+0000] {dag.py:3823} INFO - Setting next_dagrun for dataset_consumes_1_and_2 to None, run_after=None
[2025-11-13T06:48:28.081+0000] {logging_mixin.py:188} INFO - [2025-11-13T06:48:28.080+0000] {dag.py:3823} INFO - Setting next_dagrun for dataset_consumes_1_never_scheduled to None, run_after=None
[2025-11-13T06:48:28.086+0000] {logging_mixin.py:188} INFO - [2025-11-13T06:48:28.086+0000] {dag.py:3823} INFO - Setting next_dagrun for dataset_consumes_unknown_never_scheduled to None, run_after=None
[2025-11-13T06:48:28.093+0000] {logging_mixin.py:188} INFO - [2025-11-13T06:48:28.092+0000] {dag.py:3823} INFO - Setting next_dagrun for dataset_produces_1 to 2025-11-12 00:00:00+00:00, run_after=2025-11-13 00:00:00+00:00
[2025-11-13T06:48:28.096+0000] {logging_mixin.py:188} INFO - [2025-11-13T06:48:28.096+0000] {dag.py:3823} INFO - Setting next_dagrun for dataset_produces_2 to None, run_after=None
[2025-11-13T06:48:28.176+0000] {processor.py:183} INFO - Processing /home/airflow/.local/lib/python3.8/site-packages/airflow/example_dags/example_datasets.py took 0.281 seconds
[2025-11-13T06:49:02.228+0000] {processor.py:161} INFO - Started process (PID=2865) to work on /home/airflow/.local/lib/python3.8/site-packages/airflow/example_dags/example_datasets.py
[2025-11-13T06:49:02.231+0000] {processor.py:830} INFO - Processing file /home/airflow/.local/lib/python3.8/site-packages/airflow/example_dags/example_datasets.py for tasks to queue
[2025-11-13T06:49:02.239+0000] {logging_mixin.py:188} INFO - [2025-11-13T06:49:02.237+0000] {dagbag.py:538} INFO - Filling up the DagBag from /home/airflow/.local/lib/python3.8/site-packages/airflow/example_dags/example_datasets.py
[2025-11-13T06:49:02.261+0000] {processor.py:840} INFO - DAG(s) 'dataset_consumes_1_never_scheduled', 'dataset_produces_1', 'dataset_consumes_1', 'dataset_produces_2', 'dataset_consumes_1_and_2', 'dataset_consumes_unknown_never_scheduled' retrieved from /home/airflow/.local/lib/python3.8/site-packages/airflow/example_dags/example_datasets.py
[2025-11-13T06:49:02.343+0000] {logging_mixin.py:188} INFO - [2025-11-13T06:49:02.343+0000] {dag.py:3036} INFO - Sync 6 DAGs
[2025-11-13T06:49:02.712+0000] {logging_mixin.py:188} INFO - [2025-11-13T06:49:02.712+0000] {dag.py:3823} INFO - Setting next_dagrun for dataset_consumes_1 to None, run_after=None
[2025-11-13T06:49:02.724+0000] {logging_mixin.py:188} INFO - [2025-11-13T06:49:02.723+0000] {dag.py:3823} INFO - Setting next_dagrun for dataset_consumes_1_and_2 to None, run_after=None
[2025-11-13T06:49:02.728+0000] {logging_mixin.py:188} INFO - [2025-11-13T06:49:02.727+0000] {dag.py:3823} INFO - Setting next_dagrun for dataset_consumes_1_never_scheduled to None, run_after=None
[2025-11-13T06:49:02.736+0000] {logging_mixin.py:188} INFO - [2025-11-13T06:49:02.735+0000] {dag.py:3823} INFO - Setting next_dagrun for dataset_consumes_unknown_never_scheduled to None, run_after=None
[2025-11-13T06:49:02.743+0000] {logging_mixin.py:188} INFO - [2025-11-13T06:49:02.743+0000] {dag.py:3823} INFO - Setting next_dagrun for dataset_produces_1 to 2025-11-12 00:00:00+00:00, run_after=2025-11-13 00:00:00+00:00
[2025-11-13T06:49:02.747+0000] {logging_mixin.py:188} INFO - [2025-11-13T06:49:02.746+0000] {dag.py:3823} INFO - Setting next_dagrun for dataset_produces_2 to None, run_after=None
[2025-11-13T06:49:02.827+0000] {processor.py:183} INFO - Processing /home/airflow/.local/lib/python3.8/site-packages/airflow/example_dags/example_datasets.py took 0.607 seconds
[2025-11-13T06:49:33.636+0000] {processor.py:161} INFO - Started process (PID=2933) to work on /home/airflow/.local/lib/python3.8/site-packages/airflow/example_dags/example_datasets.py
[2025-11-13T06:49:33.639+0000] {processor.py:830} INFO - Processing file /home/airflow/.local/lib/python3.8/site-packages/airflow/example_dags/example_datasets.py for tasks to queue
[2025-11-13T06:49:33.644+0000] {logging_mixin.py:188} INFO - [2025-11-13T06:49:33.643+0000] {dagbag.py:538} INFO - Filling up the DagBag from /home/airflow/.local/lib/python3.8/site-packages/airflow/example_dags/example_datasets.py
[2025-11-13T06:49:33.664+0000] {processor.py:840} INFO - DAG(s) 'dataset_consumes_1_never_scheduled', 'dataset_consumes_1', 'dataset_consumes_unknown_never_scheduled', 'dataset_consumes_1_and_2', 'dataset_produces_2', 'dataset_produces_1' retrieved from /home/airflow/.local/lib/python3.8/site-packages/airflow/example_dags/example_datasets.py
[2025-11-13T06:49:33.743+0000] {logging_mixin.py:188} INFO - [2025-11-13T06:49:33.742+0000] {dag.py:3036} INFO - Sync 6 DAGs
[2025-11-13T06:49:33.814+0000] {logging_mixin.py:188} INFO - [2025-11-13T06:49:33.813+0000] {dag.py:3823} INFO - Setting next_dagrun for dataset_consumes_1 to None, run_after=None
[2025-11-13T06:49:34.109+0000] {logging_mixin.py:188} INFO - [2025-11-13T06:49:34.108+0000] {dag.py:3823} INFO - Setting next_dagrun for dataset_consumes_1_and_2 to None, run_after=None
[2025-11-13T06:49:34.112+0000] {logging_mixin.py:188} INFO - [2025-11-13T06:49:34.112+0000] {dag.py:3823} INFO - Setting next_dagrun for dataset_consumes_1_never_scheduled to None, run_after=None
[2025-11-13T06:49:34.115+0000] {logging_mixin.py:188} INFO - [2025-11-13T06:49:34.115+0000] {dag.py:3823} INFO - Setting next_dagrun for dataset_consumes_unknown_never_scheduled to None, run_after=None
[2025-11-13T06:49:34.120+0000] {logging_mixin.py:188} INFO - [2025-11-13T06:49:34.120+0000] {dag.py:3823} INFO - Setting next_dagrun for dataset_produces_1 to 2025-11-12 00:00:00+00:00, run_after=2025-11-13 00:00:00+00:00
[2025-11-13T06:49:34.123+0000] {logging_mixin.py:188} INFO - [2025-11-13T06:49:34.122+0000] {dag.py:3823} INFO - Setting next_dagrun for dataset_produces_2 to None, run_after=None
[2025-11-13T06:49:34.187+0000] {processor.py:183} INFO - Processing /home/airflow/.local/lib/python3.8/site-packages/airflow/example_dags/example_datasets.py took 0.561 seconds
[2025-11-13T06:50:04.697+0000] {processor.py:161} INFO - Started process (PID=2996) to work on /home/airflow/.local/lib/python3.8/site-packages/airflow/example_dags/example_datasets.py
[2025-11-13T06:50:04.700+0000] {processor.py:830} INFO - Processing file /home/airflow/.local/lib/python3.8/site-packages/airflow/example_dags/example_datasets.py for tasks to queue
[2025-11-13T06:50:04.704+0000] {logging_mixin.py:188} INFO - [2025-11-13T06:50:04.704+0000] {dagbag.py:538} INFO - Filling up the DagBag from /home/airflow/.local/lib/python3.8/site-packages/airflow/example_dags/example_datasets.py
[2025-11-13T06:50:04.727+0000] {processor.py:840} INFO - DAG(s) 'dataset_consumes_1_and_2', 'dataset_produces_2', 'dataset_consumes_unknown_never_scheduled', 'dataset_consumes_1', 'dataset_consumes_1_never_scheduled', 'dataset_produces_1' retrieved from /home/airflow/.local/lib/python3.8/site-packages/airflow/example_dags/example_datasets.py
[2025-11-13T06:50:04.805+0000] {logging_mixin.py:188} INFO - [2025-11-13T06:50:04.805+0000] {dag.py:3036} INFO - Sync 6 DAGs
[2025-11-13T06:50:04.849+0000] {logging_mixin.py:188} INFO - [2025-11-13T06:50:04.849+0000] {dag.py:3823} INFO - Setting next_dagrun for dataset_consumes_1 to None, run_after=None
[2025-11-13T06:50:04.857+0000] {logging_mixin.py:188} INFO - [2025-11-13T06:50:04.856+0000] {dag.py:3823} INFO - Setting next_dagrun for dataset_consumes_1_and_2 to None, run_after=None
[2025-11-13T06:50:04.859+0000] {logging_mixin.py:188} INFO - [2025-11-13T06:50:04.859+0000] {dag.py:3823} INFO - Setting next_dagrun for dataset_consumes_1_never_scheduled to None, run_after=None
[2025-11-13T06:50:04.863+0000] {logging_mixin.py:188} INFO - [2025-11-13T06:50:04.862+0000] {dag.py:3823} INFO - Setting next_dagrun for dataset_consumes_unknown_never_scheduled to None, run_after=None
[2025-11-13T06:50:04.868+0000] {logging_mixin.py:188} INFO - [2025-11-13T06:50:04.867+0000] {dag.py:3823} INFO - Setting next_dagrun for dataset_produces_1 to 2025-11-12 00:00:00+00:00, run_after=2025-11-13 00:00:00+00:00
[2025-11-13T06:50:04.872+0000] {logging_mixin.py:188} INFO - [2025-11-13T06:50:04.871+0000] {dag.py:3823} INFO - Setting next_dagrun for dataset_produces_2 to None, run_after=None
[2025-11-13T06:50:05.181+0000] {processor.py:183} INFO - Processing /home/airflow/.local/lib/python3.8/site-packages/airflow/example_dags/example_datasets.py took 0.496 seconds
[2025-11-13T06:50:37.115+0000] {processor.py:161} INFO - Started process (PID=3061) to work on /home/airflow/.local/lib/python3.8/site-packages/airflow/example_dags/example_datasets.py
[2025-11-13T06:50:37.121+0000] {processor.py:830} INFO - Processing file /home/airflow/.local/lib/python3.8/site-packages/airflow/example_dags/example_datasets.py for tasks to queue
[2025-11-13T06:50:37.129+0000] {logging_mixin.py:188} INFO - [2025-11-13T06:50:37.128+0000] {dagbag.py:538} INFO - Filling up the DagBag from /home/airflow/.local/lib/python3.8/site-packages/airflow/example_dags/example_datasets.py
[2025-11-13T06:50:37.170+0000] {processor.py:840} INFO - DAG(s) 'dataset_consumes_unknown_never_scheduled', 'dataset_produces_1', 'dataset_consumes_1_never_scheduled', 'dataset_consumes_1_and_2', 'dataset_produces_2', 'dataset_consumes_1' retrieved from /home/airflow/.local/lib/python3.8/site-packages/airflow/example_dags/example_datasets.py
[2025-11-13T06:50:37.271+0000] {logging_mixin.py:188} INFO - [2025-11-13T06:50:37.270+0000] {dag.py:3036} INFO - Sync 6 DAGs
[2025-11-13T06:50:37.333+0000] {logging_mixin.py:188} INFO - [2025-11-13T06:50:37.332+0000] {dag.py:3823} INFO - Setting next_dagrun for dataset_consumes_1 to None, run_after=None
[2025-11-13T06:50:37.342+0000] {logging_mixin.py:188} INFO - [2025-11-13T06:50:37.341+0000] {dag.py:3823} INFO - Setting next_dagrun for dataset_consumes_1_and_2 to None, run_after=None
[2025-11-13T06:50:37.345+0000] {logging_mixin.py:188} INFO - [2025-11-13T06:50:37.345+0000] {dag.py:3823} INFO - Setting next_dagrun for dataset_consumes_1_never_scheduled to None, run_after=None
[2025-11-13T06:50:37.349+0000] {logging_mixin.py:188} INFO - [2025-11-13T06:50:37.348+0000] {dag.py:3823} INFO - Setting next_dagrun for dataset_consumes_unknown_never_scheduled to None, run_after=None
[2025-11-13T06:50:37.358+0000] {logging_mixin.py:188} INFO - [2025-11-13T06:50:37.358+0000] {dag.py:3823} INFO - Setting next_dagrun for dataset_produces_1 to 2025-11-12 00:00:00+00:00, run_after=2025-11-13 00:00:00+00:00
[2025-11-13T06:50:37.362+0000] {logging_mixin.py:188} INFO - [2025-11-13T06:50:37.362+0000] {dag.py:3823} INFO - Setting next_dagrun for dataset_produces_2 to None, run_after=None
[2025-11-13T06:50:37.458+0000] {processor.py:183} INFO - Processing /home/airflow/.local/lib/python3.8/site-packages/airflow/example_dags/example_datasets.py took 0.354 seconds
