[2025-11-13T06:26:26.379+0000] {processor.py:161} INFO - Started process (PID=129) to work on /home/airflow/.local/lib/python3.8/site-packages/airflow/example_dags/example_task_group_decorator.py
[2025-11-13T06:26:26.395+0000] {processor.py:830} INFO - Processing file /home/airflow/.local/lib/python3.8/site-packages/airflow/example_dags/example_task_group_decorator.py for tasks to queue
[2025-11-13T06:26:26.414+0000] {logging_mixin.py:188} INFO - [2025-11-13T06:26:26.413+0000] {dagbag.py:538} INFO - Filling up the DagBag from /home/airflow/.local/lib/python3.8/site-packages/airflow/example_dags/example_task_group_decorator.py
[2025-11-13T06:26:26.530+0000] {processor.py:840} INFO - DAG(s) 'example_task_group_decorator' retrieved from /home/airflow/.local/lib/python3.8/site-packages/airflow/example_dags/example_task_group_decorator.py
[2025-11-13T06:26:26.671+0000] {logging_mixin.py:188} INFO - [2025-11-13T06:26:26.671+0000] {dag.py:3036} INFO - Sync 1 DAGs
[2025-11-13T06:26:26.991+0000] {logging_mixin.py:188} INFO - [2025-11-13T06:26:26.990+0000] {dag.py:3823} INFO - Setting next_dagrun for example_task_group_decorator to 2025-11-12 00:00:00+00:00, run_after=2025-11-13 00:00:00+00:00
[2025-11-13T06:26:27.174+0000] {processor.py:183} INFO - Processing /home/airflow/.local/lib/python3.8/site-packages/airflow/example_dags/example_task_group_decorator.py took 0.831 seconds
[2025-11-13T06:26:57.632+0000] {processor.py:161} INFO - Started process (PID=191) to work on /home/airflow/.local/lib/python3.8/site-packages/airflow/example_dags/example_task_group_decorator.py
[2025-11-13T06:26:57.633+0000] {processor.py:830} INFO - Processing file /home/airflow/.local/lib/python3.8/site-packages/airflow/example_dags/example_task_group_decorator.py for tasks to queue
[2025-11-13T06:26:57.637+0000] {logging_mixin.py:188} INFO - [2025-11-13T06:26:57.636+0000] {dagbag.py:538} INFO - Filling up the DagBag from /home/airflow/.local/lib/python3.8/site-packages/airflow/example_dags/example_task_group_decorator.py
[2025-11-13T06:26:57.655+0000] {processor.py:840} INFO - DAG(s) 'example_task_group_decorator' retrieved from /home/airflow/.local/lib/python3.8/site-packages/airflow/example_dags/example_task_group_decorator.py
[2025-11-13T06:26:57.783+0000] {logging_mixin.py:188} INFO - [2025-11-13T06:26:57.782+0000] {dag.py:3036} INFO - Sync 1 DAGs
[2025-11-13T06:26:57.805+0000] {logging_mixin.py:188} INFO - [2025-11-13T06:26:57.805+0000] {dag.py:3823} INFO - Setting next_dagrun for example_task_group_decorator to 2025-11-12 00:00:00+00:00, run_after=2025-11-13 00:00:00+00:00
[2025-11-13T06:26:57.840+0000] {processor.py:183} INFO - Processing /home/airflow/.local/lib/python3.8/site-packages/airflow/example_dags/example_task_group_decorator.py took 0.213 seconds
[2025-11-13T06:27:28.092+0000] {processor.py:161} INFO - Started process (PID=253) to work on /home/airflow/.local/lib/python3.8/site-packages/airflow/example_dags/example_task_group_decorator.py
[2025-11-13T06:27:28.094+0000] {processor.py:830} INFO - Processing file /home/airflow/.local/lib/python3.8/site-packages/airflow/example_dags/example_task_group_decorator.py for tasks to queue
[2025-11-13T06:27:28.097+0000] {logging_mixin.py:188} INFO - [2025-11-13T06:27:28.096+0000] {dagbag.py:538} INFO - Filling up the DagBag from /home/airflow/.local/lib/python3.8/site-packages/airflow/example_dags/example_task_group_decorator.py
[2025-11-13T06:27:28.114+0000] {processor.py:840} INFO - DAG(s) 'example_task_group_decorator' retrieved from /home/airflow/.local/lib/python3.8/site-packages/airflow/example_dags/example_task_group_decorator.py
[2025-11-13T06:27:28.146+0000] {logging_mixin.py:188} INFO - [2025-11-13T06:27:28.146+0000] {dag.py:3036} INFO - Sync 1 DAGs
[2025-11-13T06:27:28.173+0000] {logging_mixin.py:188} INFO - [2025-11-13T06:27:28.173+0000] {dag.py:3823} INFO - Setting next_dagrun for example_task_group_decorator to 2025-11-12 00:00:00+00:00, run_after=2025-11-13 00:00:00+00:00
[2025-11-13T06:27:28.198+0000] {processor.py:183} INFO - Processing /home/airflow/.local/lib/python3.8/site-packages/airflow/example_dags/example_task_group_decorator.py took 0.110 seconds
[2025-11-13T06:27:58.291+0000] {processor.py:161} INFO - Started process (PID=315) to work on /home/airflow/.local/lib/python3.8/site-packages/airflow/example_dags/example_task_group_decorator.py
[2025-11-13T06:27:58.293+0000] {processor.py:830} INFO - Processing file /home/airflow/.local/lib/python3.8/site-packages/airflow/example_dags/example_task_group_decorator.py for tasks to queue
[2025-11-13T06:27:58.296+0000] {logging_mixin.py:188} INFO - [2025-11-13T06:27:58.296+0000] {dagbag.py:538} INFO - Filling up the DagBag from /home/airflow/.local/lib/python3.8/site-packages/airflow/example_dags/example_task_group_decorator.py
[2025-11-13T06:27:58.313+0000] {processor.py:840} INFO - DAG(s) 'example_task_group_decorator' retrieved from /home/airflow/.local/lib/python3.8/site-packages/airflow/example_dags/example_task_group_decorator.py
[2025-11-13T06:27:58.345+0000] {logging_mixin.py:188} INFO - [2025-11-13T06:27:58.345+0000] {dag.py:3036} INFO - Sync 1 DAGs
[2025-11-13T06:27:58.372+0000] {logging_mixin.py:188} INFO - [2025-11-13T06:27:58.371+0000] {dag.py:3823} INFO - Setting next_dagrun for example_task_group_decorator to 2025-11-12 00:00:00+00:00, run_after=2025-11-13 00:00:00+00:00
[2025-11-13T06:27:58.398+0000] {processor.py:183} INFO - Processing /home/airflow/.local/lib/python3.8/site-packages/airflow/example_dags/example_task_group_decorator.py took 0.112 seconds
[2025-11-13T06:28:29.131+0000] {processor.py:161} INFO - Started process (PID=378) to work on /home/airflow/.local/lib/python3.8/site-packages/airflow/example_dags/example_task_group_decorator.py
[2025-11-13T06:28:29.133+0000] {processor.py:830} INFO - Processing file /home/airflow/.local/lib/python3.8/site-packages/airflow/example_dags/example_task_group_decorator.py for tasks to queue
[2025-11-13T06:28:29.136+0000] {logging_mixin.py:188} INFO - [2025-11-13T06:28:29.136+0000] {dagbag.py:538} INFO - Filling up the DagBag from /home/airflow/.local/lib/python3.8/site-packages/airflow/example_dags/example_task_group_decorator.py
[2025-11-13T06:28:29.153+0000] {processor.py:840} INFO - DAG(s) 'example_task_group_decorator' retrieved from /home/airflow/.local/lib/python3.8/site-packages/airflow/example_dags/example_task_group_decorator.py
[2025-11-13T06:28:29.183+0000] {logging_mixin.py:188} INFO - [2025-11-13T06:28:29.182+0000] {dag.py:3036} INFO - Sync 1 DAGs
[2025-11-13T06:28:29.213+0000] {logging_mixin.py:188} INFO - [2025-11-13T06:28:29.212+0000] {dag.py:3823} INFO - Setting next_dagrun for example_task_group_decorator to 2025-11-12 00:00:00+00:00, run_after=2025-11-13 00:00:00+00:00
[2025-11-13T06:28:29.237+0000] {processor.py:183} INFO - Processing /home/airflow/.local/lib/python3.8/site-packages/airflow/example_dags/example_task_group_decorator.py took 0.110 seconds
[2025-11-13T06:28:59.773+0000] {processor.py:161} INFO - Started process (PID=440) to work on /home/airflow/.local/lib/python3.8/site-packages/airflow/example_dags/example_task_group_decorator.py
[2025-11-13T06:28:59.775+0000] {processor.py:830} INFO - Processing file /home/airflow/.local/lib/python3.8/site-packages/airflow/example_dags/example_task_group_decorator.py for tasks to queue
[2025-11-13T06:28:59.779+0000] {logging_mixin.py:188} INFO - [2025-11-13T06:28:59.779+0000] {dagbag.py:538} INFO - Filling up the DagBag from /home/airflow/.local/lib/python3.8/site-packages/airflow/example_dags/example_task_group_decorator.py
[2025-11-13T06:28:59.805+0000] {processor.py:840} INFO - DAG(s) 'example_task_group_decorator' retrieved from /home/airflow/.local/lib/python3.8/site-packages/airflow/example_dags/example_task_group_decorator.py
[2025-11-13T06:28:59.858+0000] {logging_mixin.py:188} INFO - [2025-11-13T06:28:59.857+0000] {dag.py:3036} INFO - Sync 1 DAGs
[2025-11-13T06:28:59.906+0000] {logging_mixin.py:188} INFO - [2025-11-13T06:28:59.906+0000] {dag.py:3823} INFO - Setting next_dagrun for example_task_group_decorator to 2025-11-12 00:00:00+00:00, run_after=2025-11-13 00:00:00+00:00
[2025-11-13T06:28:59.956+0000] {processor.py:183} INFO - Processing /home/airflow/.local/lib/python3.8/site-packages/airflow/example_dags/example_task_group_decorator.py took 0.191 seconds
[2025-11-13T06:29:30.060+0000] {processor.py:161} INFO - Started process (PID=502) to work on /home/airflow/.local/lib/python3.8/site-packages/airflow/example_dags/example_task_group_decorator.py
[2025-11-13T06:29:30.062+0000] {processor.py:830} INFO - Processing file /home/airflow/.local/lib/python3.8/site-packages/airflow/example_dags/example_task_group_decorator.py for tasks to queue
[2025-11-13T06:29:30.065+0000] {logging_mixin.py:188} INFO - [2025-11-13T06:29:30.064+0000] {dagbag.py:538} INFO - Filling up the DagBag from /home/airflow/.local/lib/python3.8/site-packages/airflow/example_dags/example_task_group_decorator.py
[2025-11-13T06:29:30.088+0000] {processor.py:840} INFO - DAG(s) 'example_task_group_decorator' retrieved from /home/airflow/.local/lib/python3.8/site-packages/airflow/example_dags/example_task_group_decorator.py
[2025-11-13T06:29:30.127+0000] {logging_mixin.py:188} INFO - [2025-11-13T06:29:30.126+0000] {dag.py:3036} INFO - Sync 1 DAGs
[2025-11-13T06:29:30.163+0000] {logging_mixin.py:188} INFO - [2025-11-13T06:29:30.162+0000] {dag.py:3823} INFO - Setting next_dagrun for example_task_group_decorator to 2025-11-12 00:00:00+00:00, run_after=2025-11-13 00:00:00+00:00
[2025-11-13T06:29:30.195+0000] {processor.py:183} INFO - Processing /home/airflow/.local/lib/python3.8/site-packages/airflow/example_dags/example_task_group_decorator.py took 0.141 seconds
[2025-11-13T06:30:00.901+0000] {processor.py:161} INFO - Started process (PID=564) to work on /home/airflow/.local/lib/python3.8/site-packages/airflow/example_dags/example_task_group_decorator.py
[2025-11-13T06:30:00.903+0000] {processor.py:830} INFO - Processing file /home/airflow/.local/lib/python3.8/site-packages/airflow/example_dags/example_task_group_decorator.py for tasks to queue
[2025-11-13T06:30:00.907+0000] {logging_mixin.py:188} INFO - [2025-11-13T06:30:00.906+0000] {dagbag.py:538} INFO - Filling up the DagBag from /home/airflow/.local/lib/python3.8/site-packages/airflow/example_dags/example_task_group_decorator.py
[2025-11-13T06:30:00.930+0000] {processor.py:840} INFO - DAG(s) 'example_task_group_decorator' retrieved from /home/airflow/.local/lib/python3.8/site-packages/airflow/example_dags/example_task_group_decorator.py
[2025-11-13T06:30:00.972+0000] {logging_mixin.py:188} INFO - [2025-11-13T06:30:00.972+0000] {dag.py:3036} INFO - Sync 1 DAGs
[2025-11-13T06:30:01.027+0000] {logging_mixin.py:188} INFO - [2025-11-13T06:30:01.026+0000] {dag.py:3823} INFO - Setting next_dagrun for example_task_group_decorator to 2025-11-12 00:00:00+00:00, run_after=2025-11-13 00:00:00+00:00
[2025-11-13T06:30:01.091+0000] {processor.py:183} INFO - Processing /home/airflow/.local/lib/python3.8/site-packages/airflow/example_dags/example_task_group_decorator.py took 0.196 seconds
[2025-11-13T06:30:31.255+0000] {processor.py:161} INFO - Started process (PID=626) to work on /home/airflow/.local/lib/python3.8/site-packages/airflow/example_dags/example_task_group_decorator.py
[2025-11-13T06:30:31.256+0000] {processor.py:830} INFO - Processing file /home/airflow/.local/lib/python3.8/site-packages/airflow/example_dags/example_task_group_decorator.py for tasks to queue
[2025-11-13T06:30:31.259+0000] {logging_mixin.py:188} INFO - [2025-11-13T06:30:31.259+0000] {dagbag.py:538} INFO - Filling up the DagBag from /home/airflow/.local/lib/python3.8/site-packages/airflow/example_dags/example_task_group_decorator.py
[2025-11-13T06:30:31.276+0000] {processor.py:840} INFO - DAG(s) 'example_task_group_decorator' retrieved from /home/airflow/.local/lib/python3.8/site-packages/airflow/example_dags/example_task_group_decorator.py
[2025-11-13T06:30:31.305+0000] {logging_mixin.py:188} INFO - [2025-11-13T06:30:31.305+0000] {dag.py:3036} INFO - Sync 1 DAGs
[2025-11-13T06:30:31.331+0000] {logging_mixin.py:188} INFO - [2025-11-13T06:30:31.331+0000] {dag.py:3823} INFO - Setting next_dagrun for example_task_group_decorator to 2025-11-12 00:00:00+00:00, run_after=2025-11-13 00:00:00+00:00
[2025-11-13T06:30:31.357+0000] {processor.py:183} INFO - Processing /home/airflow/.local/lib/python3.8/site-packages/airflow/example_dags/example_task_group_decorator.py took 0.106 seconds
[2025-11-13T06:31:01.792+0000] {processor.py:161} INFO - Started process (PID=688) to work on /home/airflow/.local/lib/python3.8/site-packages/airflow/example_dags/example_task_group_decorator.py
[2025-11-13T06:31:01.795+0000] {processor.py:830} INFO - Processing file /home/airflow/.local/lib/python3.8/site-packages/airflow/example_dags/example_task_group_decorator.py for tasks to queue
[2025-11-13T06:31:01.798+0000] {logging_mixin.py:188} INFO - [2025-11-13T06:31:01.798+0000] {dagbag.py:538} INFO - Filling up the DagBag from /home/airflow/.local/lib/python3.8/site-packages/airflow/example_dags/example_task_group_decorator.py
[2025-11-13T06:31:01.820+0000] {processor.py:840} INFO - DAG(s) 'example_task_group_decorator' retrieved from /home/airflow/.local/lib/python3.8/site-packages/airflow/example_dags/example_task_group_decorator.py
[2025-11-13T06:31:01.854+0000] {logging_mixin.py:188} INFO - [2025-11-13T06:31:01.853+0000] {dag.py:3036} INFO - Sync 1 DAGs
[2025-11-13T06:31:01.883+0000] {logging_mixin.py:188} INFO - [2025-11-13T06:31:01.882+0000] {dag.py:3823} INFO - Setting next_dagrun for example_task_group_decorator to 2025-11-12 00:00:00+00:00, run_after=2025-11-13 00:00:00+00:00
[2025-11-13T06:31:01.906+0000] {processor.py:183} INFO - Processing /home/airflow/.local/lib/python3.8/site-packages/airflow/example_dags/example_task_group_decorator.py took 0.119 seconds
[2025-11-13T06:31:32.851+0000] {processor.py:161} INFO - Started process (PID=750) to work on /home/airflow/.local/lib/python3.8/site-packages/airflow/example_dags/example_task_group_decorator.py
[2025-11-13T06:31:32.852+0000] {processor.py:830} INFO - Processing file /home/airflow/.local/lib/python3.8/site-packages/airflow/example_dags/example_task_group_decorator.py for tasks to queue
[2025-11-13T06:31:32.855+0000] {logging_mixin.py:188} INFO - [2025-11-13T06:31:32.855+0000] {dagbag.py:538} INFO - Filling up the DagBag from /home/airflow/.local/lib/python3.8/site-packages/airflow/example_dags/example_task_group_decorator.py
[2025-11-13T06:31:32.873+0000] {processor.py:840} INFO - DAG(s) 'example_task_group_decorator' retrieved from /home/airflow/.local/lib/python3.8/site-packages/airflow/example_dags/example_task_group_decorator.py
[2025-11-13T06:31:32.902+0000] {logging_mixin.py:188} INFO - [2025-11-13T06:31:32.901+0000] {dag.py:3036} INFO - Sync 1 DAGs
[2025-11-13T06:31:32.928+0000] {logging_mixin.py:188} INFO - [2025-11-13T06:31:32.928+0000] {dag.py:3823} INFO - Setting next_dagrun for example_task_group_decorator to 2025-11-12 00:00:00+00:00, run_after=2025-11-13 00:00:00+00:00
[2025-11-13T06:31:32.954+0000] {processor.py:183} INFO - Processing /home/airflow/.local/lib/python3.8/site-packages/airflow/example_dags/example_task_group_decorator.py took 0.107 seconds
[2025-11-13T06:32:03.236+0000] {processor.py:161} INFO - Started process (PID=812) to work on /home/airflow/.local/lib/python3.8/site-packages/airflow/example_dags/example_task_group_decorator.py
[2025-11-13T06:32:03.238+0000] {processor.py:830} INFO - Processing file /home/airflow/.local/lib/python3.8/site-packages/airflow/example_dags/example_task_group_decorator.py for tasks to queue
[2025-11-13T06:32:03.241+0000] {logging_mixin.py:188} INFO - [2025-11-13T06:32:03.240+0000] {dagbag.py:538} INFO - Filling up the DagBag from /home/airflow/.local/lib/python3.8/site-packages/airflow/example_dags/example_task_group_decorator.py
[2025-11-13T06:32:03.265+0000] {processor.py:840} INFO - DAG(s) 'example_task_group_decorator' retrieved from /home/airflow/.local/lib/python3.8/site-packages/airflow/example_dags/example_task_group_decorator.py
[2025-11-13T06:32:03.293+0000] {logging_mixin.py:188} INFO - [2025-11-13T06:32:03.292+0000] {dag.py:3036} INFO - Sync 1 DAGs
[2025-11-13T06:32:03.323+0000] {logging_mixin.py:188} INFO - [2025-11-13T06:32:03.323+0000] {dag.py:3823} INFO - Setting next_dagrun for example_task_group_decorator to 2025-11-12 00:00:00+00:00, run_after=2025-11-13 00:00:00+00:00
[2025-11-13T06:32:03.348+0000] {processor.py:183} INFO - Processing /home/airflow/.local/lib/python3.8/site-packages/airflow/example_dags/example_task_group_decorator.py took 0.118 seconds
[2025-11-13T06:32:33.571+0000] {processor.py:161} INFO - Started process (PID=874) to work on /home/airflow/.local/lib/python3.8/site-packages/airflow/example_dags/example_task_group_decorator.py
[2025-11-13T06:32:33.573+0000] {processor.py:830} INFO - Processing file /home/airflow/.local/lib/python3.8/site-packages/airflow/example_dags/example_task_group_decorator.py for tasks to queue
[2025-11-13T06:32:33.575+0000] {logging_mixin.py:188} INFO - [2025-11-13T06:32:33.575+0000] {dagbag.py:538} INFO - Filling up the DagBag from /home/airflow/.local/lib/python3.8/site-packages/airflow/example_dags/example_task_group_decorator.py
[2025-11-13T06:32:33.593+0000] {processor.py:840} INFO - DAG(s) 'example_task_group_decorator' retrieved from /home/airflow/.local/lib/python3.8/site-packages/airflow/example_dags/example_task_group_decorator.py
[2025-11-13T06:32:33.633+0000] {logging_mixin.py:188} INFO - [2025-11-13T06:32:33.633+0000] {dag.py:3036} INFO - Sync 1 DAGs
[2025-11-13T06:32:33.664+0000] {logging_mixin.py:188} INFO - [2025-11-13T06:32:33.664+0000] {dag.py:3823} INFO - Setting next_dagrun for example_task_group_decorator to 2025-11-12 00:00:00+00:00, run_after=2025-11-13 00:00:00+00:00
[2025-11-13T06:32:33.692+0000] {processor.py:183} INFO - Processing /home/airflow/.local/lib/python3.8/site-packages/airflow/example_dags/example_task_group_decorator.py took 0.125 seconds
[2025-11-13T06:33:04.389+0000] {processor.py:161} INFO - Started process (PID=936) to work on /home/airflow/.local/lib/python3.8/site-packages/airflow/example_dags/example_task_group_decorator.py
[2025-11-13T06:33:04.392+0000] {processor.py:830} INFO - Processing file /home/airflow/.local/lib/python3.8/site-packages/airflow/example_dags/example_task_group_decorator.py for tasks to queue
[2025-11-13T06:33:04.398+0000] {logging_mixin.py:188} INFO - [2025-11-13T06:33:04.397+0000] {dagbag.py:538} INFO - Filling up the DagBag from /home/airflow/.local/lib/python3.8/site-packages/airflow/example_dags/example_task_group_decorator.py
[2025-11-13T06:33:04.427+0000] {processor.py:840} INFO - DAG(s) 'example_task_group_decorator' retrieved from /home/airflow/.local/lib/python3.8/site-packages/airflow/example_dags/example_task_group_decorator.py
[2025-11-13T06:33:04.475+0000] {logging_mixin.py:188} INFO - [2025-11-13T06:33:04.474+0000] {dag.py:3036} INFO - Sync 1 DAGs
[2025-11-13T06:33:04.562+0000] {logging_mixin.py:188} INFO - [2025-11-13T06:33:04.562+0000] {dag.py:3823} INFO - Setting next_dagrun for example_task_group_decorator to 2025-11-12 00:00:00+00:00, run_after=2025-11-13 00:00:00+00:00
[2025-11-13T06:33:04.597+0000] {processor.py:183} INFO - Processing /home/airflow/.local/lib/python3.8/site-packages/airflow/example_dags/example_task_group_decorator.py took 0.216 seconds
[2025-11-13T06:33:34.807+0000] {processor.py:161} INFO - Started process (PID=998) to work on /home/airflow/.local/lib/python3.8/site-packages/airflow/example_dags/example_task_group_decorator.py
[2025-11-13T06:33:34.808+0000] {processor.py:830} INFO - Processing file /home/airflow/.local/lib/python3.8/site-packages/airflow/example_dags/example_task_group_decorator.py for tasks to queue
[2025-11-13T06:33:34.811+0000] {logging_mixin.py:188} INFO - [2025-11-13T06:33:34.811+0000] {dagbag.py:538} INFO - Filling up the DagBag from /home/airflow/.local/lib/python3.8/site-packages/airflow/example_dags/example_task_group_decorator.py
[2025-11-13T06:33:34.833+0000] {processor.py:840} INFO - DAG(s) 'example_task_group_decorator' retrieved from /home/airflow/.local/lib/python3.8/site-packages/airflow/example_dags/example_task_group_decorator.py
[2025-11-13T06:33:34.875+0000] {logging_mixin.py:188} INFO - [2025-11-13T06:33:34.874+0000] {dag.py:3036} INFO - Sync 1 DAGs
[2025-11-13T06:33:34.905+0000] {logging_mixin.py:188} INFO - [2025-11-13T06:33:34.905+0000] {dag.py:3823} INFO - Setting next_dagrun for example_task_group_decorator to 2025-11-12 00:00:00+00:00, run_after=2025-11-13 00:00:00+00:00
[2025-11-13T06:33:34.935+0000] {processor.py:183} INFO - Processing /home/airflow/.local/lib/python3.8/site-packages/airflow/example_dags/example_task_group_decorator.py took 0.133 seconds
[2025-11-13T06:34:05.417+0000] {processor.py:161} INFO - Started process (PID=1060) to work on /home/airflow/.local/lib/python3.8/site-packages/airflow/example_dags/example_task_group_decorator.py
[2025-11-13T06:34:05.419+0000] {processor.py:830} INFO - Processing file /home/airflow/.local/lib/python3.8/site-packages/airflow/example_dags/example_task_group_decorator.py for tasks to queue
[2025-11-13T06:34:05.423+0000] {logging_mixin.py:188} INFO - [2025-11-13T06:34:05.422+0000] {dagbag.py:538} INFO - Filling up the DagBag from /home/airflow/.local/lib/python3.8/site-packages/airflow/example_dags/example_task_group_decorator.py
[2025-11-13T06:34:05.445+0000] {processor.py:840} INFO - DAG(s) 'example_task_group_decorator' retrieved from /home/airflow/.local/lib/python3.8/site-packages/airflow/example_dags/example_task_group_decorator.py
[2025-11-13T06:34:05.496+0000] {logging_mixin.py:188} INFO - [2025-11-13T06:34:05.495+0000] {dag.py:3036} INFO - Sync 1 DAGs
[2025-11-13T06:34:05.574+0000] {logging_mixin.py:188} INFO - [2025-11-13T06:34:05.573+0000] {dag.py:3823} INFO - Setting next_dagrun for example_task_group_decorator to 2025-11-12 00:00:00+00:00, run_after=2025-11-13 00:00:00+00:00
[2025-11-13T06:34:05.656+0000] {processor.py:183} INFO - Processing /home/airflow/.local/lib/python3.8/site-packages/airflow/example_dags/example_task_group_decorator.py took 0.246 seconds
[2025-11-13T06:34:37.068+0000] {processor.py:161} INFO - Started process (PID=1122) to work on /home/airflow/.local/lib/python3.8/site-packages/airflow/example_dags/example_task_group_decorator.py
[2025-11-13T06:34:37.072+0000] {processor.py:830} INFO - Processing file /home/airflow/.local/lib/python3.8/site-packages/airflow/example_dags/example_task_group_decorator.py for tasks to queue
[2025-11-13T06:34:37.079+0000] {logging_mixin.py:188} INFO - [2025-11-13T06:34:37.078+0000] {dagbag.py:538} INFO - Filling up the DagBag from /home/airflow/.local/lib/python3.8/site-packages/airflow/example_dags/example_task_group_decorator.py
[2025-11-13T06:34:37.135+0000] {processor.py:840} INFO - DAG(s) 'example_task_group_decorator' retrieved from /home/airflow/.local/lib/python3.8/site-packages/airflow/example_dags/example_task_group_decorator.py
[2025-11-13T06:34:37.259+0000] {logging_mixin.py:188} INFO - [2025-11-13T06:34:37.258+0000] {dag.py:3036} INFO - Sync 1 DAGs
[2025-11-13T06:34:37.360+0000] {logging_mixin.py:188} INFO - [2025-11-13T06:34:37.360+0000] {dag.py:3823} INFO - Setting next_dagrun for example_task_group_decorator to 2025-11-12 00:00:00+00:00, run_after=2025-11-13 00:00:00+00:00
[2025-11-13T06:34:37.426+0000] {processor.py:183} INFO - Processing /home/airflow/.local/lib/python3.8/site-packages/airflow/example_dags/example_task_group_decorator.py took 0.371 seconds
[2025-11-13T06:35:07.682+0000] {processor.py:161} INFO - Started process (PID=1184) to work on /home/airflow/.local/lib/python3.8/site-packages/airflow/example_dags/example_task_group_decorator.py
[2025-11-13T06:35:07.685+0000] {processor.py:830} INFO - Processing file /home/airflow/.local/lib/python3.8/site-packages/airflow/example_dags/example_task_group_decorator.py for tasks to queue
[2025-11-13T06:35:07.699+0000] {logging_mixin.py:188} INFO - [2025-11-13T06:35:07.698+0000] {dagbag.py:538} INFO - Filling up the DagBag from /home/airflow/.local/lib/python3.8/site-packages/airflow/example_dags/example_task_group_decorator.py
[2025-11-13T06:35:07.769+0000] {processor.py:840} INFO - DAG(s) 'example_task_group_decorator' retrieved from /home/airflow/.local/lib/python3.8/site-packages/airflow/example_dags/example_task_group_decorator.py
[2025-11-13T06:35:07.877+0000] {logging_mixin.py:188} INFO - [2025-11-13T06:35:07.876+0000] {dag.py:3036} INFO - Sync 1 DAGs
[2025-11-13T06:35:08.036+0000] {logging_mixin.py:188} INFO - [2025-11-13T06:35:08.035+0000] {dag.py:3823} INFO - Setting next_dagrun for example_task_group_decorator to 2025-11-12 00:00:00+00:00, run_after=2025-11-13 00:00:00+00:00
[2025-11-13T06:35:08.147+0000] {processor.py:183} INFO - Processing /home/airflow/.local/lib/python3.8/site-packages/airflow/example_dags/example_task_group_decorator.py took 0.482 seconds
[2025-11-13T06:35:38.618+0000] {processor.py:161} INFO - Started process (PID=1246) to work on /home/airflow/.local/lib/python3.8/site-packages/airflow/example_dags/example_task_group_decorator.py
[2025-11-13T06:35:38.620+0000] {processor.py:830} INFO - Processing file /home/airflow/.local/lib/python3.8/site-packages/airflow/example_dags/example_task_group_decorator.py for tasks to queue
[2025-11-13T06:35:38.624+0000] {logging_mixin.py:188} INFO - [2025-11-13T06:35:38.623+0000] {dagbag.py:538} INFO - Filling up the DagBag from /home/airflow/.local/lib/python3.8/site-packages/airflow/example_dags/example_task_group_decorator.py
[2025-11-13T06:35:38.645+0000] {processor.py:840} INFO - DAG(s) 'example_task_group_decorator' retrieved from /home/airflow/.local/lib/python3.8/site-packages/airflow/example_dags/example_task_group_decorator.py
[2025-11-13T06:35:38.681+0000] {logging_mixin.py:188} INFO - [2025-11-13T06:35:38.680+0000] {dag.py:3036} INFO - Sync 1 DAGs
[2025-11-13T06:35:38.710+0000] {logging_mixin.py:188} INFO - [2025-11-13T06:35:38.710+0000] {dag.py:3823} INFO - Setting next_dagrun for example_task_group_decorator to 2025-11-12 00:00:00+00:00, run_after=2025-11-13 00:00:00+00:00
[2025-11-13T06:35:38.740+0000] {processor.py:183} INFO - Processing /home/airflow/.local/lib/python3.8/site-packages/airflow/example_dags/example_task_group_decorator.py took 0.128 seconds
[2025-11-13T06:36:09.221+0000] {processor.py:161} INFO - Started process (PID=1308) to work on /home/airflow/.local/lib/python3.8/site-packages/airflow/example_dags/example_task_group_decorator.py
[2025-11-13T06:36:09.223+0000] {processor.py:830} INFO - Processing file /home/airflow/.local/lib/python3.8/site-packages/airflow/example_dags/example_task_group_decorator.py for tasks to queue
[2025-11-13T06:36:09.226+0000] {logging_mixin.py:188} INFO - [2025-11-13T06:36:09.225+0000] {dagbag.py:538} INFO - Filling up the DagBag from /home/airflow/.local/lib/python3.8/site-packages/airflow/example_dags/example_task_group_decorator.py
[2025-11-13T06:36:09.246+0000] {processor.py:840} INFO - DAG(s) 'example_task_group_decorator' retrieved from /home/airflow/.local/lib/python3.8/site-packages/airflow/example_dags/example_task_group_decorator.py
[2025-11-13T06:36:09.277+0000] {logging_mixin.py:188} INFO - [2025-11-13T06:36:09.276+0000] {dag.py:3036} INFO - Sync 1 DAGs
[2025-11-13T06:36:09.306+0000] {logging_mixin.py:188} INFO - [2025-11-13T06:36:09.306+0000] {dag.py:3823} INFO - Setting next_dagrun for example_task_group_decorator to 2025-11-12 00:00:00+00:00, run_after=2025-11-13 00:00:00+00:00
[2025-11-13T06:36:09.334+0000] {processor.py:183} INFO - Processing /home/airflow/.local/lib/python3.8/site-packages/airflow/example_dags/example_task_group_decorator.py took 0.117 seconds
[2025-11-13T06:36:39.883+0000] {processor.py:161} INFO - Started process (PID=1371) to work on /home/airflow/.local/lib/python3.8/site-packages/airflow/example_dags/example_task_group_decorator.py
[2025-11-13T06:36:39.886+0000] {processor.py:830} INFO - Processing file /home/airflow/.local/lib/python3.8/site-packages/airflow/example_dags/example_task_group_decorator.py for tasks to queue
[2025-11-13T06:36:39.890+0000] {logging_mixin.py:188} INFO - [2025-11-13T06:36:39.889+0000] {dagbag.py:538} INFO - Filling up the DagBag from /home/airflow/.local/lib/python3.8/site-packages/airflow/example_dags/example_task_group_decorator.py
[2025-11-13T06:36:39.916+0000] {processor.py:840} INFO - DAG(s) 'example_task_group_decorator' retrieved from /home/airflow/.local/lib/python3.8/site-packages/airflow/example_dags/example_task_group_decorator.py
[2025-11-13T06:36:39.968+0000] {logging_mixin.py:188} INFO - [2025-11-13T06:36:39.968+0000] {dag.py:3036} INFO - Sync 1 DAGs
[2025-11-13T06:36:40.016+0000] {logging_mixin.py:188} INFO - [2025-11-13T06:36:40.016+0000] {dag.py:3823} INFO - Setting next_dagrun for example_task_group_decorator to 2025-11-12 00:00:00+00:00, run_after=2025-11-13 00:00:00+00:00
[2025-11-13T06:36:40.055+0000] {processor.py:183} INFO - Processing /home/airflow/.local/lib/python3.8/site-packages/airflow/example_dags/example_task_group_decorator.py took 0.181 seconds
[2025-11-13T06:37:10.884+0000] {processor.py:161} INFO - Started process (PID=1433) to work on /home/airflow/.local/lib/python3.8/site-packages/airflow/example_dags/example_task_group_decorator.py
[2025-11-13T06:37:10.885+0000] {processor.py:830} INFO - Processing file /home/airflow/.local/lib/python3.8/site-packages/airflow/example_dags/example_task_group_decorator.py for tasks to queue
[2025-11-13T06:37:10.888+0000] {logging_mixin.py:188} INFO - [2025-11-13T06:37:10.887+0000] {dagbag.py:538} INFO - Filling up the DagBag from /home/airflow/.local/lib/python3.8/site-packages/airflow/example_dags/example_task_group_decorator.py
[2025-11-13T06:37:10.904+0000] {processor.py:840} INFO - DAG(s) 'example_task_group_decorator' retrieved from /home/airflow/.local/lib/python3.8/site-packages/airflow/example_dags/example_task_group_decorator.py
[2025-11-13T06:37:10.932+0000] {logging_mixin.py:188} INFO - [2025-11-13T06:37:10.932+0000] {dag.py:3036} INFO - Sync 1 DAGs
[2025-11-13T06:37:10.963+0000] {logging_mixin.py:188} INFO - [2025-11-13T06:37:10.963+0000] {dag.py:3823} INFO - Setting next_dagrun for example_task_group_decorator to 2025-11-12 00:00:00+00:00, run_after=2025-11-13 00:00:00+00:00
[2025-11-13T06:37:10.992+0000] {processor.py:183} INFO - Processing /home/airflow/.local/lib/python3.8/site-packages/airflow/example_dags/example_task_group_decorator.py took 0.112 seconds
[2025-11-13T06:37:41.925+0000] {processor.py:161} INFO - Started process (PID=1495) to work on /home/airflow/.local/lib/python3.8/site-packages/airflow/example_dags/example_task_group_decorator.py
[2025-11-13T06:37:41.927+0000] {processor.py:830} INFO - Processing file /home/airflow/.local/lib/python3.8/site-packages/airflow/example_dags/example_task_group_decorator.py for tasks to queue
[2025-11-13T06:37:41.930+0000] {logging_mixin.py:188} INFO - [2025-11-13T06:37:41.929+0000] {dagbag.py:538} INFO - Filling up the DagBag from /home/airflow/.local/lib/python3.8/site-packages/airflow/example_dags/example_task_group_decorator.py
[2025-11-13T06:37:41.960+0000] {processor.py:840} INFO - DAG(s) 'example_task_group_decorator' retrieved from /home/airflow/.local/lib/python3.8/site-packages/airflow/example_dags/example_task_group_decorator.py
[2025-11-13T06:37:41.992+0000] {logging_mixin.py:188} INFO - [2025-11-13T06:37:41.992+0000] {dag.py:3036} INFO - Sync 1 DAGs
[2025-11-13T06:37:42.017+0000] {logging_mixin.py:188} INFO - [2025-11-13T06:37:42.017+0000] {dag.py:3823} INFO - Setting next_dagrun for example_task_group_decorator to 2025-11-12 00:00:00+00:00, run_after=2025-11-13 00:00:00+00:00
[2025-11-13T06:37:42.041+0000] {processor.py:183} INFO - Processing /home/airflow/.local/lib/python3.8/site-packages/airflow/example_dags/example_task_group_decorator.py took 0.119 seconds
[2025-11-13T06:38:12.568+0000] {processor.py:161} INFO - Started process (PID=1557) to work on /home/airflow/.local/lib/python3.8/site-packages/airflow/example_dags/example_task_group_decorator.py
[2025-11-13T06:38:12.570+0000] {processor.py:830} INFO - Processing file /home/airflow/.local/lib/python3.8/site-packages/airflow/example_dags/example_task_group_decorator.py for tasks to queue
[2025-11-13T06:38:12.574+0000] {logging_mixin.py:188} INFO - [2025-11-13T06:38:12.574+0000] {dagbag.py:538} INFO - Filling up the DagBag from /home/airflow/.local/lib/python3.8/site-packages/airflow/example_dags/example_task_group_decorator.py
[2025-11-13T06:38:12.599+0000] {processor.py:840} INFO - DAG(s) 'example_task_group_decorator' retrieved from /home/airflow/.local/lib/python3.8/site-packages/airflow/example_dags/example_task_group_decorator.py
[2025-11-13T06:38:12.640+0000] {logging_mixin.py:188} INFO - [2025-11-13T06:38:12.639+0000] {dag.py:3036} INFO - Sync 1 DAGs
[2025-11-13T06:38:12.676+0000] {logging_mixin.py:188} INFO - [2025-11-13T06:38:12.676+0000] {dag.py:3823} INFO - Setting next_dagrun for example_task_group_decorator to 2025-11-12 00:00:00+00:00, run_after=2025-11-13 00:00:00+00:00
[2025-11-13T06:38:12.708+0000] {processor.py:183} INFO - Processing /home/airflow/.local/lib/python3.8/site-packages/airflow/example_dags/example_task_group_decorator.py took 0.147 seconds
[2025-11-13T06:38:42.878+0000] {processor.py:161} INFO - Started process (PID=1619) to work on /home/airflow/.local/lib/python3.8/site-packages/airflow/example_dags/example_task_group_decorator.py
[2025-11-13T06:38:42.880+0000] {processor.py:830} INFO - Processing file /home/airflow/.local/lib/python3.8/site-packages/airflow/example_dags/example_task_group_decorator.py for tasks to queue
[2025-11-13T06:38:42.882+0000] {logging_mixin.py:188} INFO - [2025-11-13T06:38:42.882+0000] {dagbag.py:538} INFO - Filling up the DagBag from /home/airflow/.local/lib/python3.8/site-packages/airflow/example_dags/example_task_group_decorator.py
[2025-11-13T06:38:42.899+0000] {processor.py:840} INFO - DAG(s) 'example_task_group_decorator' retrieved from /home/airflow/.local/lib/python3.8/site-packages/airflow/example_dags/example_task_group_decorator.py
[2025-11-13T06:38:42.927+0000] {logging_mixin.py:188} INFO - [2025-11-13T06:38:42.927+0000] {dag.py:3036} INFO - Sync 1 DAGs
[2025-11-13T06:38:42.954+0000] {logging_mixin.py:188} INFO - [2025-11-13T06:38:42.953+0000] {dag.py:3823} INFO - Setting next_dagrun for example_task_group_decorator to 2025-11-12 00:00:00+00:00, run_after=2025-11-13 00:00:00+00:00
[2025-11-13T06:38:42.979+0000] {processor.py:183} INFO - Processing /home/airflow/.local/lib/python3.8/site-packages/airflow/example_dags/example_task_group_decorator.py took 0.105 seconds
[2025-11-13T06:39:14.034+0000] {processor.py:161} INFO - Started process (PID=1681) to work on /home/airflow/.local/lib/python3.8/site-packages/airflow/example_dags/example_task_group_decorator.py
[2025-11-13T06:39:14.039+0000] {processor.py:830} INFO - Processing file /home/airflow/.local/lib/python3.8/site-packages/airflow/example_dags/example_task_group_decorator.py for tasks to queue
[2025-11-13T06:39:14.044+0000] {logging_mixin.py:188} INFO - [2025-11-13T06:39:14.043+0000] {dagbag.py:538} INFO - Filling up the DagBag from /home/airflow/.local/lib/python3.8/site-packages/airflow/example_dags/example_task_group_decorator.py
[2025-11-13T06:39:14.080+0000] {processor.py:840} INFO - DAG(s) 'example_task_group_decorator' retrieved from /home/airflow/.local/lib/python3.8/site-packages/airflow/example_dags/example_task_group_decorator.py
[2025-11-13T06:39:14.127+0000] {logging_mixin.py:188} INFO - [2025-11-13T06:39:14.126+0000] {dag.py:3036} INFO - Sync 1 DAGs
[2025-11-13T06:39:14.170+0000] {logging_mixin.py:188} INFO - [2025-11-13T06:39:14.169+0000] {dag.py:3823} INFO - Setting next_dagrun for example_task_group_decorator to 2025-11-12 00:00:00+00:00, run_after=2025-11-13 00:00:00+00:00
[2025-11-13T06:39:14.212+0000] {processor.py:183} INFO - Processing /home/airflow/.local/lib/python3.8/site-packages/airflow/example_dags/example_task_group_decorator.py took 0.198 seconds
[2025-11-13T06:39:44.693+0000] {processor.py:161} INFO - Started process (PID=1743) to work on /home/airflow/.local/lib/python3.8/site-packages/airflow/example_dags/example_task_group_decorator.py
[2025-11-13T06:39:44.695+0000] {processor.py:830} INFO - Processing file /home/airflow/.local/lib/python3.8/site-packages/airflow/example_dags/example_task_group_decorator.py for tasks to queue
[2025-11-13T06:39:44.699+0000] {logging_mixin.py:188} INFO - [2025-11-13T06:39:44.698+0000] {dagbag.py:538} INFO - Filling up the DagBag from /home/airflow/.local/lib/python3.8/site-packages/airflow/example_dags/example_task_group_decorator.py
[2025-11-13T06:39:44.730+0000] {processor.py:840} INFO - DAG(s) 'example_task_group_decorator' retrieved from /home/airflow/.local/lib/python3.8/site-packages/airflow/example_dags/example_task_group_decorator.py
[2025-11-13T06:39:44.774+0000] {logging_mixin.py:188} INFO - [2025-11-13T06:39:44.774+0000] {dag.py:3036} INFO - Sync 1 DAGs
[2025-11-13T06:39:44.831+0000] {logging_mixin.py:188} INFO - [2025-11-13T06:39:44.830+0000] {dag.py:3823} INFO - Setting next_dagrun for example_task_group_decorator to 2025-11-12 00:00:00+00:00, run_after=2025-11-13 00:00:00+00:00
[2025-11-13T06:39:44.872+0000] {processor.py:183} INFO - Processing /home/airflow/.local/lib/python3.8/site-packages/airflow/example_dags/example_task_group_decorator.py took 0.188 seconds
[2025-11-13T06:40:15.504+0000] {processor.py:161} INFO - Started process (PID=1805) to work on /home/airflow/.local/lib/python3.8/site-packages/airflow/example_dags/example_task_group_decorator.py
[2025-11-13T06:40:15.506+0000] {processor.py:830} INFO - Processing file /home/airflow/.local/lib/python3.8/site-packages/airflow/example_dags/example_task_group_decorator.py for tasks to queue
[2025-11-13T06:40:15.510+0000] {logging_mixin.py:188} INFO - [2025-11-13T06:40:15.509+0000] {dagbag.py:538} INFO - Filling up the DagBag from /home/airflow/.local/lib/python3.8/site-packages/airflow/example_dags/example_task_group_decorator.py
[2025-11-13T06:40:15.548+0000] {processor.py:840} INFO - DAG(s) 'example_task_group_decorator' retrieved from /home/airflow/.local/lib/python3.8/site-packages/airflow/example_dags/example_task_group_decorator.py
[2025-11-13T06:40:15.597+0000] {logging_mixin.py:188} INFO - [2025-11-13T06:40:15.597+0000] {dag.py:3036} INFO - Sync 1 DAGs
[2025-11-13T06:40:15.637+0000] {logging_mixin.py:188} INFO - [2025-11-13T06:40:15.637+0000] {dag.py:3823} INFO - Setting next_dagrun for example_task_group_decorator to 2025-11-12 00:00:00+00:00, run_after=2025-11-13 00:00:00+00:00
[2025-11-13T06:40:15.678+0000] {processor.py:183} INFO - Processing /home/airflow/.local/lib/python3.8/site-packages/airflow/example_dags/example_task_group_decorator.py took 0.181 seconds
[2025-11-13T06:40:46.625+0000] {processor.py:161} INFO - Started process (PID=1867) to work on /home/airflow/.local/lib/python3.8/site-packages/airflow/example_dags/example_task_group_decorator.py
[2025-11-13T06:40:46.629+0000] {processor.py:830} INFO - Processing file /home/airflow/.local/lib/python3.8/site-packages/airflow/example_dags/example_task_group_decorator.py for tasks to queue
[2025-11-13T06:40:46.642+0000] {logging_mixin.py:188} INFO - [2025-11-13T06:40:46.641+0000] {dagbag.py:538} INFO - Filling up the DagBag from /home/airflow/.local/lib/python3.8/site-packages/airflow/example_dags/example_task_group_decorator.py
[2025-11-13T06:40:46.727+0000] {processor.py:840} INFO - DAG(s) 'example_task_group_decorator' retrieved from /home/airflow/.local/lib/python3.8/site-packages/airflow/example_dags/example_task_group_decorator.py
[2025-11-13T06:40:46.881+0000] {logging_mixin.py:188} INFO - [2025-11-13T06:40:46.880+0000] {dag.py:3036} INFO - Sync 1 DAGs
[2025-11-13T06:40:47.016+0000] {logging_mixin.py:188} INFO - [2025-11-13T06:40:47.015+0000] {dag.py:3823} INFO - Setting next_dagrun for example_task_group_decorator to 2025-11-12 00:00:00+00:00, run_after=2025-11-13 00:00:00+00:00
[2025-11-13T06:40:47.131+0000] {processor.py:183} INFO - Processing /home/airflow/.local/lib/python3.8/site-packages/airflow/example_dags/example_task_group_decorator.py took 0.520 seconds
[2025-11-13T06:41:17.862+0000] {processor.py:161} INFO - Started process (PID=1929) to work on /home/airflow/.local/lib/python3.8/site-packages/airflow/example_dags/example_task_group_decorator.py
[2025-11-13T06:41:17.864+0000] {processor.py:830} INFO - Processing file /home/airflow/.local/lib/python3.8/site-packages/airflow/example_dags/example_task_group_decorator.py for tasks to queue
[2025-11-13T06:41:17.869+0000] {logging_mixin.py:188} INFO - [2025-11-13T06:41:17.868+0000] {dagbag.py:538} INFO - Filling up the DagBag from /home/airflow/.local/lib/python3.8/site-packages/airflow/example_dags/example_task_group_decorator.py
[2025-11-13T06:41:17.920+0000] {processor.py:840} INFO - DAG(s) 'example_task_group_decorator' retrieved from /home/airflow/.local/lib/python3.8/site-packages/airflow/example_dags/example_task_group_decorator.py
[2025-11-13T06:41:18.030+0000] {logging_mixin.py:188} INFO - [2025-11-13T06:41:18.030+0000] {dag.py:3036} INFO - Sync 1 DAGs
[2025-11-13T06:41:18.114+0000] {logging_mixin.py:188} INFO - [2025-11-13T06:41:18.114+0000] {dag.py:3823} INFO - Setting next_dagrun for example_task_group_decorator to 2025-11-12 00:00:00+00:00, run_after=2025-11-13 00:00:00+00:00
[2025-11-13T06:41:18.186+0000] {processor.py:183} INFO - Processing /home/airflow/.local/lib/python3.8/site-packages/airflow/example_dags/example_task_group_decorator.py took 0.341 seconds
[2025-11-13T06:41:48.368+0000] {processor.py:161} INFO - Started process (PID=1992) to work on /home/airflow/.local/lib/python3.8/site-packages/airflow/example_dags/example_task_group_decorator.py
[2025-11-13T06:41:48.372+0000] {processor.py:830} INFO - Processing file /home/airflow/.local/lib/python3.8/site-packages/airflow/example_dags/example_task_group_decorator.py for tasks to queue
[2025-11-13T06:41:48.385+0000] {logging_mixin.py:188} INFO - [2025-11-13T06:41:48.383+0000] {dagbag.py:538} INFO - Filling up the DagBag from /home/airflow/.local/lib/python3.8/site-packages/airflow/example_dags/example_task_group_decorator.py
[2025-11-13T06:41:48.473+0000] {processor.py:840} INFO - DAG(s) 'example_task_group_decorator' retrieved from /home/airflow/.local/lib/python3.8/site-packages/airflow/example_dags/example_task_group_decorator.py
[2025-11-13T06:41:48.639+0000] {logging_mixin.py:188} INFO - [2025-11-13T06:41:48.638+0000] {dag.py:3036} INFO - Sync 1 DAGs
[2025-11-13T06:41:48.830+0000] {logging_mixin.py:188} INFO - [2025-11-13T06:41:48.821+0000] {dag.py:3823} INFO - Setting next_dagrun for example_task_group_decorator to 2025-11-12 00:00:00+00:00, run_after=2025-11-13 00:00:00+00:00
[2025-11-13T06:41:48.980+0000] {processor.py:183} INFO - Processing /home/airflow/.local/lib/python3.8/site-packages/airflow/example_dags/example_task_group_decorator.py took 0.633 seconds
[2025-11-13T06:42:19.770+0000] {processor.py:161} INFO - Started process (PID=2054) to work on /home/airflow/.local/lib/python3.8/site-packages/airflow/example_dags/example_task_group_decorator.py
[2025-11-13T06:42:19.772+0000] {processor.py:830} INFO - Processing file /home/airflow/.local/lib/python3.8/site-packages/airflow/example_dags/example_task_group_decorator.py for tasks to queue
[2025-11-13T06:42:19.777+0000] {logging_mixin.py:188} INFO - [2025-11-13T06:42:19.776+0000] {dagbag.py:538} INFO - Filling up the DagBag from /home/airflow/.local/lib/python3.8/site-packages/airflow/example_dags/example_task_group_decorator.py
[2025-11-13T06:42:19.805+0000] {processor.py:840} INFO - DAG(s) 'example_task_group_decorator' retrieved from /home/airflow/.local/lib/python3.8/site-packages/airflow/example_dags/example_task_group_decorator.py
[2025-11-13T06:42:19.852+0000] {logging_mixin.py:188} INFO - [2025-11-13T06:42:19.851+0000] {dag.py:3036} INFO - Sync 1 DAGs
[2025-11-13T06:42:19.892+0000] {logging_mixin.py:188} INFO - [2025-11-13T06:42:19.891+0000] {dag.py:3823} INFO - Setting next_dagrun for example_task_group_decorator to 2025-11-12 00:00:00+00:00, run_after=2025-11-13 00:00:00+00:00
[2025-11-13T06:42:19.941+0000] {processor.py:183} INFO - Processing /home/airflow/.local/lib/python3.8/site-packages/airflow/example_dags/example_task_group_decorator.py took 0.181 seconds
[2025-11-13T06:42:50.514+0000] {processor.py:161} INFO - Started process (PID=2116) to work on /home/airflow/.local/lib/python3.8/site-packages/airflow/example_dags/example_task_group_decorator.py
[2025-11-13T06:42:50.516+0000] {processor.py:830} INFO - Processing file /home/airflow/.local/lib/python3.8/site-packages/airflow/example_dags/example_task_group_decorator.py for tasks to queue
[2025-11-13T06:42:50.519+0000] {logging_mixin.py:188} INFO - [2025-11-13T06:42:50.519+0000] {dagbag.py:538} INFO - Filling up the DagBag from /home/airflow/.local/lib/python3.8/site-packages/airflow/example_dags/example_task_group_decorator.py
[2025-11-13T06:42:50.539+0000] {processor.py:840} INFO - DAG(s) 'example_task_group_decorator' retrieved from /home/airflow/.local/lib/python3.8/site-packages/airflow/example_dags/example_task_group_decorator.py
[2025-11-13T06:42:50.572+0000] {logging_mixin.py:188} INFO - [2025-11-13T06:42:50.571+0000] {dag.py:3036} INFO - Sync 1 DAGs
[2025-11-13T06:42:50.603+0000] {logging_mixin.py:188} INFO - [2025-11-13T06:42:50.603+0000] {dag.py:3823} INFO - Setting next_dagrun for example_task_group_decorator to 2025-11-12 00:00:00+00:00, run_after=2025-11-13 00:00:00+00:00
[2025-11-13T06:42:50.633+0000] {processor.py:183} INFO - Processing /home/airflow/.local/lib/python3.8/site-packages/airflow/example_dags/example_task_group_decorator.py took 0.123 seconds
[2025-11-13T06:43:20.985+0000] {processor.py:161} INFO - Started process (PID=2178) to work on /home/airflow/.local/lib/python3.8/site-packages/airflow/example_dags/example_task_group_decorator.py
[2025-11-13T06:43:20.986+0000] {processor.py:830} INFO - Processing file /home/airflow/.local/lib/python3.8/site-packages/airflow/example_dags/example_task_group_decorator.py for tasks to queue
[2025-11-13T06:43:20.989+0000] {logging_mixin.py:188} INFO - [2025-11-13T06:43:20.989+0000] {dagbag.py:538} INFO - Filling up the DagBag from /home/airflow/.local/lib/python3.8/site-packages/airflow/example_dags/example_task_group_decorator.py
[2025-11-13T06:43:21.014+0000] {processor.py:840} INFO - DAG(s) 'example_task_group_decorator' retrieved from /home/airflow/.local/lib/python3.8/site-packages/airflow/example_dags/example_task_group_decorator.py
[2025-11-13T06:43:21.044+0000] {logging_mixin.py:188} INFO - [2025-11-13T06:43:21.044+0000] {dag.py:3036} INFO - Sync 1 DAGs
[2025-11-13T06:43:21.071+0000] {logging_mixin.py:188} INFO - [2025-11-13T06:43:21.071+0000] {dag.py:3823} INFO - Setting next_dagrun for example_task_group_decorator to 2025-11-12 00:00:00+00:00, run_after=2025-11-13 00:00:00+00:00
[2025-11-13T06:43:21.099+0000] {processor.py:183} INFO - Processing /home/airflow/.local/lib/python3.8/site-packages/airflow/example_dags/example_task_group_decorator.py took 0.118 seconds
[2025-11-13T06:43:51.322+0000] {processor.py:161} INFO - Started process (PID=2241) to work on /home/airflow/.local/lib/python3.8/site-packages/airflow/example_dags/example_task_group_decorator.py
[2025-11-13T06:43:51.325+0000] {processor.py:830} INFO - Processing file /home/airflow/.local/lib/python3.8/site-packages/airflow/example_dags/example_task_group_decorator.py for tasks to queue
[2025-11-13T06:43:51.327+0000] {logging_mixin.py:188} INFO - [2025-11-13T06:43:51.327+0000] {dagbag.py:538} INFO - Filling up the DagBag from /home/airflow/.local/lib/python3.8/site-packages/airflow/example_dags/example_task_group_decorator.py
[2025-11-13T06:43:51.345+0000] {processor.py:840} INFO - DAG(s) 'example_task_group_decorator' retrieved from /home/airflow/.local/lib/python3.8/site-packages/airflow/example_dags/example_task_group_decorator.py
[2025-11-13T06:43:51.374+0000] {logging_mixin.py:188} INFO - [2025-11-13T06:43:51.374+0000] {dag.py:3036} INFO - Sync 1 DAGs
[2025-11-13T06:43:51.400+0000] {logging_mixin.py:188} INFO - [2025-11-13T06:43:51.400+0000] {dag.py:3823} INFO - Setting next_dagrun for example_task_group_decorator to 2025-11-12 00:00:00+00:00, run_after=2025-11-13 00:00:00+00:00
[2025-11-13T06:43:51.427+0000] {processor.py:183} INFO - Processing /home/airflow/.local/lib/python3.8/site-packages/airflow/example_dags/example_task_group_decorator.py took 0.109 seconds
[2025-11-13T06:44:21.514+0000] {processor.py:161} INFO - Started process (PID=2303) to work on /home/airflow/.local/lib/python3.8/site-packages/airflow/example_dags/example_task_group_decorator.py
[2025-11-13T06:44:21.516+0000] {processor.py:830} INFO - Processing file /home/airflow/.local/lib/python3.8/site-packages/airflow/example_dags/example_task_group_decorator.py for tasks to queue
[2025-11-13T06:44:21.521+0000] {logging_mixin.py:188} INFO - [2025-11-13T06:44:21.520+0000] {dagbag.py:538} INFO - Filling up the DagBag from /home/airflow/.local/lib/python3.8/site-packages/airflow/example_dags/example_task_group_decorator.py
[2025-11-13T06:44:21.549+0000] {processor.py:840} INFO - DAG(s) 'example_task_group_decorator' retrieved from /home/airflow/.local/lib/python3.8/site-packages/airflow/example_dags/example_task_group_decorator.py
[2025-11-13T06:44:21.594+0000] {logging_mixin.py:188} INFO - [2025-11-13T06:44:21.593+0000] {dag.py:3036} INFO - Sync 1 DAGs
[2025-11-13T06:44:21.636+0000] {logging_mixin.py:188} INFO - [2025-11-13T06:44:21.636+0000] {dag.py:3823} INFO - Setting next_dagrun for example_task_group_decorator to 2025-11-12 00:00:00+00:00, run_after=2025-11-13 00:00:00+00:00
[2025-11-13T06:44:21.672+0000] {processor.py:183} INFO - Processing /home/airflow/.local/lib/python3.8/site-packages/airflow/example_dags/example_task_group_decorator.py took 0.171 seconds
[2025-11-13T06:44:53.058+0000] {processor.py:161} INFO - Started process (PID=2365) to work on /home/airflow/.local/lib/python3.8/site-packages/airflow/example_dags/example_task_group_decorator.py
[2025-11-13T06:44:53.060+0000] {processor.py:830} INFO - Processing file /home/airflow/.local/lib/python3.8/site-packages/airflow/example_dags/example_task_group_decorator.py for tasks to queue
[2025-11-13T06:44:53.064+0000] {logging_mixin.py:188} INFO - [2025-11-13T06:44:53.063+0000] {dagbag.py:538} INFO - Filling up the DagBag from /home/airflow/.local/lib/python3.8/site-packages/airflow/example_dags/example_task_group_decorator.py
[2025-11-13T06:44:53.094+0000] {processor.py:840} INFO - DAG(s) 'example_task_group_decorator' retrieved from /home/airflow/.local/lib/python3.8/site-packages/airflow/example_dags/example_task_group_decorator.py
[2025-11-13T06:44:53.141+0000] {logging_mixin.py:188} INFO - [2025-11-13T06:44:53.140+0000] {dag.py:3036} INFO - Sync 1 DAGs
[2025-11-13T06:44:53.182+0000] {logging_mixin.py:188} INFO - [2025-11-13T06:44:53.181+0000] {dag.py:3823} INFO - Setting next_dagrun for example_task_group_decorator to 2025-11-12 00:00:00+00:00, run_after=2025-11-13 00:00:00+00:00
[2025-11-13T06:44:53.221+0000] {processor.py:183} INFO - Processing /home/airflow/.local/lib/python3.8/site-packages/airflow/example_dags/example_task_group_decorator.py took 0.169 seconds
[2025-11-13T06:45:23.903+0000] {processor.py:161} INFO - Started process (PID=2427) to work on /home/airflow/.local/lib/python3.8/site-packages/airflow/example_dags/example_task_group_decorator.py
[2025-11-13T06:45:23.905+0000] {processor.py:830} INFO - Processing file /home/airflow/.local/lib/python3.8/site-packages/airflow/example_dags/example_task_group_decorator.py for tasks to queue
[2025-11-13T06:45:23.907+0000] {logging_mixin.py:188} INFO - [2025-11-13T06:45:23.907+0000] {dagbag.py:538} INFO - Filling up the DagBag from /home/airflow/.local/lib/python3.8/site-packages/airflow/example_dags/example_task_group_decorator.py
[2025-11-13T06:45:23.924+0000] {processor.py:840} INFO - DAG(s) 'example_task_group_decorator' retrieved from /home/airflow/.local/lib/python3.8/site-packages/airflow/example_dags/example_task_group_decorator.py
[2025-11-13T06:45:23.954+0000] {logging_mixin.py:188} INFO - [2025-11-13T06:45:23.953+0000] {dag.py:3036} INFO - Sync 1 DAGs
[2025-11-13T06:45:23.980+0000] {logging_mixin.py:188} INFO - [2025-11-13T06:45:23.980+0000] {dag.py:3823} INFO - Setting next_dagrun for example_task_group_decorator to 2025-11-12 00:00:00+00:00, run_after=2025-11-13 00:00:00+00:00
[2025-11-13T06:45:24.007+0000] {processor.py:183} INFO - Processing /home/airflow/.local/lib/python3.8/site-packages/airflow/example_dags/example_task_group_decorator.py took 0.108 seconds
[2025-11-13T06:45:54.584+0000] {processor.py:161} INFO - Started process (PID=2489) to work on /home/airflow/.local/lib/python3.8/site-packages/airflow/example_dags/example_task_group_decorator.py
[2025-11-13T06:45:54.586+0000] {processor.py:830} INFO - Processing file /home/airflow/.local/lib/python3.8/site-packages/airflow/example_dags/example_task_group_decorator.py for tasks to queue
[2025-11-13T06:45:54.589+0000] {logging_mixin.py:188} INFO - [2025-11-13T06:45:54.589+0000] {dagbag.py:538} INFO - Filling up the DagBag from /home/airflow/.local/lib/python3.8/site-packages/airflow/example_dags/example_task_group_decorator.py
[2025-11-13T06:45:54.610+0000] {processor.py:840} INFO - DAG(s) 'example_task_group_decorator' retrieved from /home/airflow/.local/lib/python3.8/site-packages/airflow/example_dags/example_task_group_decorator.py
[2025-11-13T06:45:54.645+0000] {logging_mixin.py:188} INFO - [2025-11-13T06:45:54.645+0000] {dag.py:3036} INFO - Sync 1 DAGs
[2025-11-13T06:45:54.676+0000] {logging_mixin.py:188} INFO - [2025-11-13T06:45:54.676+0000] {dag.py:3823} INFO - Setting next_dagrun for example_task_group_decorator to 2025-11-12 00:00:00+00:00, run_after=2025-11-13 00:00:00+00:00
[2025-11-13T06:45:54.709+0000] {processor.py:183} INFO - Processing /home/airflow/.local/lib/python3.8/site-packages/airflow/example_dags/example_task_group_decorator.py took 0.129 seconds
[2025-11-13T06:46:25.298+0000] {processor.py:161} INFO - Started process (PID=2552) to work on /home/airflow/.local/lib/python3.8/site-packages/airflow/example_dags/example_task_group_decorator.py
[2025-11-13T06:46:25.300+0000] {processor.py:830} INFO - Processing file /home/airflow/.local/lib/python3.8/site-packages/airflow/example_dags/example_task_group_decorator.py for tasks to queue
[2025-11-13T06:46:25.303+0000] {logging_mixin.py:188} INFO - [2025-11-13T06:46:25.303+0000] {dagbag.py:538} INFO - Filling up the DagBag from /home/airflow/.local/lib/python3.8/site-packages/airflow/example_dags/example_task_group_decorator.py
[2025-11-13T06:46:25.326+0000] {processor.py:840} INFO - DAG(s) 'example_task_group_decorator' retrieved from /home/airflow/.local/lib/python3.8/site-packages/airflow/example_dags/example_task_group_decorator.py
[2025-11-13T06:46:25.364+0000] {logging_mixin.py:188} INFO - [2025-11-13T06:46:25.364+0000] {dag.py:3036} INFO - Sync 1 DAGs
[2025-11-13T06:46:25.399+0000] {logging_mixin.py:188} INFO - [2025-11-13T06:46:25.398+0000] {dag.py:3823} INFO - Setting next_dagrun for example_task_group_decorator to 2025-11-12 00:00:00+00:00, run_after=2025-11-13 00:00:00+00:00
[2025-11-13T06:46:25.433+0000] {processor.py:183} INFO - Processing /home/airflow/.local/lib/python3.8/site-packages/airflow/example_dags/example_task_group_decorator.py took 0.140 seconds
[2025-11-13T06:46:55.777+0000] {processor.py:161} INFO - Started process (PID=2614) to work on /home/airflow/.local/lib/python3.8/site-packages/airflow/example_dags/example_task_group_decorator.py
[2025-11-13T06:46:55.779+0000] {processor.py:830} INFO - Processing file /home/airflow/.local/lib/python3.8/site-packages/airflow/example_dags/example_task_group_decorator.py for tasks to queue
[2025-11-13T06:46:55.783+0000] {logging_mixin.py:188} INFO - [2025-11-13T06:46:55.782+0000] {dagbag.py:538} INFO - Filling up the DagBag from /home/airflow/.local/lib/python3.8/site-packages/airflow/example_dags/example_task_group_decorator.py
[2025-11-13T06:46:55.818+0000] {processor.py:840} INFO - DAG(s) 'example_task_group_decorator' retrieved from /home/airflow/.local/lib/python3.8/site-packages/airflow/example_dags/example_task_group_decorator.py
[2025-11-13T06:46:55.883+0000] {logging_mixin.py:188} INFO - [2025-11-13T06:46:55.883+0000] {dag.py:3036} INFO - Sync 1 DAGs
[2025-11-13T06:46:55.937+0000] {logging_mixin.py:188} INFO - [2025-11-13T06:46:55.936+0000] {dag.py:3823} INFO - Setting next_dagrun for example_task_group_decorator to 2025-11-12 00:00:00+00:00, run_after=2025-11-13 00:00:00+00:00
[2025-11-13T06:46:55.977+0000] {processor.py:183} INFO - Processing /home/airflow/.local/lib/python3.8/site-packages/airflow/example_dags/example_task_group_decorator.py took 0.206 seconds
[2025-11-13T06:47:26.033+0000] {processor.py:161} INFO - Started process (PID=2676) to work on /home/airflow/.local/lib/python3.8/site-packages/airflow/example_dags/example_task_group_decorator.py
[2025-11-13T06:47:26.035+0000] {processor.py:830} INFO - Processing file /home/airflow/.local/lib/python3.8/site-packages/airflow/example_dags/example_task_group_decorator.py for tasks to queue
[2025-11-13T06:47:26.038+0000] {logging_mixin.py:188} INFO - [2025-11-13T06:47:26.037+0000] {dagbag.py:538} INFO - Filling up the DagBag from /home/airflow/.local/lib/python3.8/site-packages/airflow/example_dags/example_task_group_decorator.py
[2025-11-13T06:47:26.054+0000] {processor.py:840} INFO - DAG(s) 'example_task_group_decorator' retrieved from /home/airflow/.local/lib/python3.8/site-packages/airflow/example_dags/example_task_group_decorator.py
[2025-11-13T06:47:26.084+0000] {logging_mixin.py:188} INFO - [2025-11-13T06:47:26.084+0000] {dag.py:3036} INFO - Sync 1 DAGs
[2025-11-13T06:47:26.110+0000] {logging_mixin.py:188} INFO - [2025-11-13T06:47:26.109+0000] {dag.py:3823} INFO - Setting next_dagrun for example_task_group_decorator to 2025-11-12 00:00:00+00:00, run_after=2025-11-13 00:00:00+00:00
[2025-11-13T06:47:26.135+0000] {processor.py:183} INFO - Processing /home/airflow/.local/lib/python3.8/site-packages/airflow/example_dags/example_task_group_decorator.py took 0.106 seconds
[2025-11-13T06:47:57.627+0000] {processor.py:161} INFO - Started process (PID=2740) to work on /home/airflow/.local/lib/python3.8/site-packages/airflow/example_dags/example_task_group_decorator.py
[2025-11-13T06:47:57.632+0000] {processor.py:830} INFO - Processing file /home/airflow/.local/lib/python3.8/site-packages/airflow/example_dags/example_task_group_decorator.py for tasks to queue
[2025-11-13T06:47:57.638+0000] {logging_mixin.py:188} INFO - [2025-11-13T06:47:57.638+0000] {dagbag.py:538} INFO - Filling up the DagBag from /home/airflow/.local/lib/python3.8/site-packages/airflow/example_dags/example_task_group_decorator.py
[2025-11-13T06:47:57.694+0000] {processor.py:840} INFO - DAG(s) 'example_task_group_decorator' retrieved from /home/airflow/.local/lib/python3.8/site-packages/airflow/example_dags/example_task_group_decorator.py
[2025-11-13T06:47:57.759+0000] {logging_mixin.py:188} INFO - [2025-11-13T06:47:57.759+0000] {dag.py:3036} INFO - Sync 1 DAGs
[2025-11-13T06:47:57.835+0000] {logging_mixin.py:188} INFO - [2025-11-13T06:47:57.834+0000] {dag.py:3823} INFO - Setting next_dagrun for example_task_group_decorator to 2025-11-12 00:00:00+00:00, run_after=2025-11-13 00:00:00+00:00
[2025-11-13T06:47:57.899+0000] {processor.py:183} INFO - Processing /home/airflow/.local/lib/python3.8/site-packages/airflow/example_dags/example_task_group_decorator.py took 0.280 seconds
[2025-11-13T06:48:28.023+0000] {processor.py:161} INFO - Started process (PID=2801) to work on /home/airflow/.local/lib/python3.8/site-packages/airflow/example_dags/example_task_group_decorator.py
[2025-11-13T06:48:28.025+0000] {processor.py:830} INFO - Processing file /home/airflow/.local/lib/python3.8/site-packages/airflow/example_dags/example_task_group_decorator.py for tasks to queue
[2025-11-13T06:48:28.030+0000] {logging_mixin.py:188} INFO - [2025-11-13T06:48:28.029+0000] {dagbag.py:538} INFO - Filling up the DagBag from /home/airflow/.local/lib/python3.8/site-packages/airflow/example_dags/example_task_group_decorator.py
[2025-11-13T06:48:28.067+0000] {processor.py:840} INFO - DAG(s) 'example_task_group_decorator' retrieved from /home/airflow/.local/lib/python3.8/site-packages/airflow/example_dags/example_task_group_decorator.py
[2025-11-13T06:48:28.123+0000] {logging_mixin.py:188} INFO - [2025-11-13T06:48:28.123+0000] {dag.py:3036} INFO - Sync 1 DAGs
[2025-11-13T06:48:28.176+0000] {logging_mixin.py:188} INFO - [2025-11-13T06:48:28.176+0000] {dag.py:3823} INFO - Setting next_dagrun for example_task_group_decorator to 2025-11-12 00:00:00+00:00, run_after=2025-11-13 00:00:00+00:00
[2025-11-13T06:48:28.218+0000] {processor.py:183} INFO - Processing /home/airflow/.local/lib/python3.8/site-packages/airflow/example_dags/example_task_group_decorator.py took 0.203 seconds
[2025-11-13T06:49:02.239+0000] {processor.py:161} INFO - Started process (PID=2866) to work on /home/airflow/.local/lib/python3.8/site-packages/airflow/example_dags/example_task_group_decorator.py
[2025-11-13T06:49:02.242+0000] {processor.py:830} INFO - Processing file /home/airflow/.local/lib/python3.8/site-packages/airflow/example_dags/example_task_group_decorator.py for tasks to queue
[2025-11-13T06:49:02.246+0000] {logging_mixin.py:188} INFO - [2025-11-13T06:49:02.245+0000] {dagbag.py:538} INFO - Filling up the DagBag from /home/airflow/.local/lib/python3.8/site-packages/airflow/example_dags/example_task_group_decorator.py
[2025-11-13T06:49:02.279+0000] {processor.py:840} INFO - DAG(s) 'example_task_group_decorator' retrieved from /home/airflow/.local/lib/python3.8/site-packages/airflow/example_dags/example_task_group_decorator.py
[2025-11-13T06:49:02.338+0000] {logging_mixin.py:188} INFO - [2025-11-13T06:49:02.338+0000] {dag.py:3036} INFO - Sync 1 DAGs
[2025-11-13T06:49:02.714+0000] {logging_mixin.py:188} INFO - [2025-11-13T06:49:02.713+0000] {dag.py:3823} INFO - Setting next_dagrun for example_task_group_decorator to 2025-11-12 00:00:00+00:00, run_after=2025-11-13 00:00:00+00:00
[2025-11-13T06:49:02.777+0000] {processor.py:183} INFO - Processing /home/airflow/.local/lib/python3.8/site-packages/airflow/example_dags/example_task_group_decorator.py took 0.548 seconds
[2025-11-13T06:49:33.761+0000] {processor.py:161} INFO - Started process (PID=2934) to work on /home/airflow/.local/lib/python3.8/site-packages/airflow/example_dags/example_task_group_decorator.py
[2025-11-13T06:49:33.763+0000] {processor.py:830} INFO - Processing file /home/airflow/.local/lib/python3.8/site-packages/airflow/example_dags/example_task_group_decorator.py for tasks to queue
[2025-11-13T06:49:33.769+0000] {logging_mixin.py:188} INFO - [2025-11-13T06:49:33.768+0000] {dagbag.py:538} INFO - Filling up the DagBag from /home/airflow/.local/lib/python3.8/site-packages/airflow/example_dags/example_task_group_decorator.py
[2025-11-13T06:49:33.859+0000] {processor.py:840} INFO - DAG(s) 'example_task_group_decorator' retrieved from /home/airflow/.local/lib/python3.8/site-packages/airflow/example_dags/example_task_group_decorator.py
[2025-11-13T06:49:33.946+0000] {logging_mixin.py:188} INFO - [2025-11-13T06:49:33.945+0000] {dag.py:3036} INFO - Sync 1 DAGs
[2025-11-13T06:49:33.998+0000] {logging_mixin.py:188} INFO - [2025-11-13T06:49:33.998+0000] {dag.py:3823} INFO - Setting next_dagrun for example_task_group_decorator to 2025-11-12 00:00:00+00:00, run_after=2025-11-13 00:00:00+00:00
[2025-11-13T06:49:34.255+0000] {processor.py:183} INFO - Processing /home/airflow/.local/lib/python3.8/site-packages/airflow/example_dags/example_task_group_decorator.py took 0.501 seconds
[2025-11-13T06:50:04.700+0000] {processor.py:161} INFO - Started process (PID=2997) to work on /home/airflow/.local/lib/python3.8/site-packages/airflow/example_dags/example_task_group_decorator.py
[2025-11-13T06:50:04.703+0000] {processor.py:830} INFO - Processing file /home/airflow/.local/lib/python3.8/site-packages/airflow/example_dags/example_task_group_decorator.py for tasks to queue
[2025-11-13T06:50:04.707+0000] {logging_mixin.py:188} INFO - [2025-11-13T06:50:04.706+0000] {dagbag.py:538} INFO - Filling up the DagBag from /home/airflow/.local/lib/python3.8/site-packages/airflow/example_dags/example_task_group_decorator.py
[2025-11-13T06:50:04.742+0000] {processor.py:840} INFO - DAG(s) 'example_task_group_decorator' retrieved from /home/airflow/.local/lib/python3.8/site-packages/airflow/example_dags/example_task_group_decorator.py
[2025-11-13T06:50:04.797+0000] {logging_mixin.py:188} INFO - [2025-11-13T06:50:04.796+0000] {dag.py:3036} INFO - Sync 1 DAGs
[2025-11-13T06:50:04.842+0000] {logging_mixin.py:188} INFO - [2025-11-13T06:50:04.842+0000] {dag.py:3823} INFO - Setting next_dagrun for example_task_group_decorator to 2025-11-12 00:00:00+00:00, run_after=2025-11-13 00:00:00+00:00
[2025-11-13T06:50:04.879+0000] {processor.py:183} INFO - Processing /home/airflow/.local/lib/python3.8/site-packages/airflow/example_dags/example_task_group_decorator.py took 0.194 seconds
[2025-11-13T06:50:37.541+0000] {processor.py:161} INFO - Started process (PID=3062) to work on /home/airflow/.local/lib/python3.8/site-packages/airflow/example_dags/example_task_group_decorator.py
[2025-11-13T06:50:37.544+0000] {processor.py:830} INFO - Processing file /home/airflow/.local/lib/python3.8/site-packages/airflow/example_dags/example_task_group_decorator.py for tasks to queue
[2025-11-13T06:50:37.553+0000] {logging_mixin.py:188} INFO - [2025-11-13T06:50:37.551+0000] {dagbag.py:538} INFO - Filling up the DagBag from /home/airflow/.local/lib/python3.8/site-packages/airflow/example_dags/example_task_group_decorator.py
[2025-11-13T06:50:37.604+0000] {processor.py:840} INFO - DAG(s) 'example_task_group_decorator' retrieved from /home/airflow/.local/lib/python3.8/site-packages/airflow/example_dags/example_task_group_decorator.py
[2025-11-13T06:50:37.677+0000] {logging_mixin.py:188} INFO - [2025-11-13T06:50:37.677+0000] {dag.py:3036} INFO - Sync 1 DAGs
[2025-11-13T06:50:37.770+0000] {logging_mixin.py:188} INFO - [2025-11-13T06:50:37.767+0000] {dag.py:3823} INFO - Setting next_dagrun for example_task_group_decorator to 2025-11-12 00:00:00+00:00, run_after=2025-11-13 00:00:00+00:00
[2025-11-13T06:50:37.849+0000] {processor.py:183} INFO - Processing /home/airflow/.local/lib/python3.8/site-packages/airflow/example_dags/example_task_group_decorator.py took 0.317 seconds
[2025-11-13T06:51:09.168+0000] {processor.py:161} INFO - Started process (PID=3124) to work on /home/airflow/.local/lib/python3.8/site-packages/airflow/example_dags/example_task_group_decorator.py
[2025-11-13T06:51:09.171+0000] {processor.py:830} INFO - Processing file /home/airflow/.local/lib/python3.8/site-packages/airflow/example_dags/example_task_group_decorator.py for tasks to queue
[2025-11-13T06:51:09.178+0000] {logging_mixin.py:188} INFO - [2025-11-13T06:51:09.177+0000] {dagbag.py:538} INFO - Filling up the DagBag from /home/airflow/.local/lib/python3.8/site-packages/airflow/example_dags/example_task_group_decorator.py
[2025-11-13T06:51:09.219+0000] {processor.py:840} INFO - DAG(s) 'example_task_group_decorator' retrieved from /home/airflow/.local/lib/python3.8/site-packages/airflow/example_dags/example_task_group_decorator.py
[2025-11-13T06:51:09.584+0000] {logging_mixin.py:188} INFO - [2025-11-13T06:51:09.583+0000] {dag.py:3036} INFO - Sync 1 DAGs
[2025-11-13T06:51:09.629+0000] {logging_mixin.py:188} INFO - [2025-11-13T06:51:09.629+0000] {dag.py:3823} INFO - Setting next_dagrun for example_task_group_decorator to 2025-11-12 00:00:00+00:00, run_after=2025-11-13 00:00:00+00:00
[2025-11-13T06:51:09.674+0000] {processor.py:183} INFO - Processing /home/airflow/.local/lib/python3.8/site-packages/airflow/example_dags/example_task_group_decorator.py took 0.518 seconds
[2025-11-13T06:51:40.051+0000] {processor.py:161} INFO - Started process (PID=3184) to work on /home/airflow/.local/lib/python3.8/site-packages/airflow/example_dags/example_task_group_decorator.py
[2025-11-13T06:51:40.056+0000] {processor.py:830} INFO - Processing file /home/airflow/.local/lib/python3.8/site-packages/airflow/example_dags/example_task_group_decorator.py for tasks to queue
[2025-11-13T06:51:40.063+0000] {logging_mixin.py:188} INFO - [2025-11-13T06:51:40.062+0000] {dagbag.py:538} INFO - Filling up the DagBag from /home/airflow/.local/lib/python3.8/site-packages/airflow/example_dags/example_task_group_decorator.py
[2025-11-13T06:51:40.126+0000] {processor.py:840} INFO - DAG(s) 'example_task_group_decorator' retrieved from /home/airflow/.local/lib/python3.8/site-packages/airflow/example_dags/example_task_group_decorator.py
[2025-11-13T06:51:40.200+0000] {logging_mixin.py:188} INFO - [2025-11-13T06:51:40.199+0000] {dag.py:3036} INFO - Sync 1 DAGs
[2025-11-13T06:51:40.267+0000] {logging_mixin.py:188} INFO - [2025-11-13T06:51:40.267+0000] {dag.py:3823} INFO - Setting next_dagrun for example_task_group_decorator to 2025-11-12 00:00:00+00:00, run_after=2025-11-13 00:00:00+00:00
[2025-11-13T06:51:40.611+0000] {processor.py:183} INFO - Processing /home/airflow/.local/lib/python3.8/site-packages/airflow/example_dags/example_task_group_decorator.py took 0.567 seconds
[2025-11-13T06:52:11.521+0000] {processor.py:161} INFO - Started process (PID=3246) to work on /home/airflow/.local/lib/python3.8/site-packages/airflow/example_dags/example_task_group_decorator.py
[2025-11-13T06:52:11.524+0000] {processor.py:830} INFO - Processing file /home/airflow/.local/lib/python3.8/site-packages/airflow/example_dags/example_task_group_decorator.py for tasks to queue
[2025-11-13T06:52:11.530+0000] {logging_mixin.py:188} INFO - [2025-11-13T06:52:11.529+0000] {dagbag.py:538} INFO - Filling up the DagBag from /home/airflow/.local/lib/python3.8/site-packages/airflow/example_dags/example_task_group_decorator.py
[2025-11-13T06:52:11.584+0000] {processor.py:840} INFO - DAG(s) 'example_task_group_decorator' retrieved from /home/airflow/.local/lib/python3.8/site-packages/airflow/example_dags/example_task_group_decorator.py
[2025-11-13T06:52:11.647+0000] {logging_mixin.py:188} INFO - [2025-11-13T06:52:11.646+0000] {dag.py:3036} INFO - Sync 1 DAGs
[2025-11-13T06:52:11.727+0000] {logging_mixin.py:188} INFO - [2025-11-13T06:52:11.726+0000] {dag.py:3823} INFO - Setting next_dagrun for example_task_group_decorator to 2025-11-12 00:00:00+00:00, run_after=2025-11-13 00:00:00+00:00
[2025-11-13T06:52:11.812+0000] {processor.py:183} INFO - Processing /home/airflow/.local/lib/python3.8/site-packages/airflow/example_dags/example_task_group_decorator.py took 0.301 seconds
[2025-11-13T06:52:42.125+0000] {processor.py:161} INFO - Started process (PID=3308) to work on /home/airflow/.local/lib/python3.8/site-packages/airflow/example_dags/example_task_group_decorator.py
[2025-11-13T06:52:42.127+0000] {processor.py:830} INFO - Processing file /home/airflow/.local/lib/python3.8/site-packages/airflow/example_dags/example_task_group_decorator.py for tasks to queue
[2025-11-13T06:52:42.132+0000] {logging_mixin.py:188} INFO - [2025-11-13T06:52:42.131+0000] {dagbag.py:538} INFO - Filling up the DagBag from /home/airflow/.local/lib/python3.8/site-packages/airflow/example_dags/example_task_group_decorator.py
[2025-11-13T06:52:42.168+0000] {processor.py:840} INFO - DAG(s) 'example_task_group_decorator' retrieved from /home/airflow/.local/lib/python3.8/site-packages/airflow/example_dags/example_task_group_decorator.py
[2025-11-13T06:52:42.232+0000] {logging_mixin.py:188} INFO - [2025-11-13T06:52:42.232+0000] {dag.py:3036} INFO - Sync 1 DAGs
[2025-11-13T06:52:42.297+0000] {logging_mixin.py:188} INFO - [2025-11-13T06:52:42.297+0000] {dag.py:3823} INFO - Setting next_dagrun for example_task_group_decorator to 2025-11-12 00:00:00+00:00, run_after=2025-11-13 00:00:00+00:00
[2025-11-13T06:52:42.349+0000] {processor.py:183} INFO - Processing /home/airflow/.local/lib/python3.8/site-packages/airflow/example_dags/example_task_group_decorator.py took 0.232 seconds
[2025-11-13T06:53:12.516+0000] {processor.py:161} INFO - Started process (PID=3370) to work on /home/airflow/.local/lib/python3.8/site-packages/airflow/example_dags/example_task_group_decorator.py
[2025-11-13T06:53:12.518+0000] {processor.py:830} INFO - Processing file /home/airflow/.local/lib/python3.8/site-packages/airflow/example_dags/example_task_group_decorator.py for tasks to queue
[2025-11-13T06:53:12.522+0000] {logging_mixin.py:188} INFO - [2025-11-13T06:53:12.521+0000] {dagbag.py:538} INFO - Filling up the DagBag from /home/airflow/.local/lib/python3.8/site-packages/airflow/example_dags/example_task_group_decorator.py
[2025-11-13T06:53:12.545+0000] {processor.py:840} INFO - DAG(s) 'example_task_group_decorator' retrieved from /home/airflow/.local/lib/python3.8/site-packages/airflow/example_dags/example_task_group_decorator.py
[2025-11-13T06:53:12.589+0000] {logging_mixin.py:188} INFO - [2025-11-13T06:53:12.588+0000] {dag.py:3036} INFO - Sync 1 DAGs
[2025-11-13T06:53:12.623+0000] {logging_mixin.py:188} INFO - [2025-11-13T06:53:12.622+0000] {dag.py:3823} INFO - Setting next_dagrun for example_task_group_decorator to 2025-11-12 00:00:00+00:00, run_after=2025-11-13 00:00:00+00:00
[2025-11-13T06:53:12.657+0000] {processor.py:183} INFO - Processing /home/airflow/.local/lib/python3.8/site-packages/airflow/example_dags/example_task_group_decorator.py took 0.147 seconds
[2025-11-13T06:53:42.756+0000] {processor.py:161} INFO - Started process (PID=3432) to work on /home/airflow/.local/lib/python3.8/site-packages/airflow/example_dags/example_task_group_decorator.py
[2025-11-13T06:53:42.758+0000] {processor.py:830} INFO - Processing file /home/airflow/.local/lib/python3.8/site-packages/airflow/example_dags/example_task_group_decorator.py for tasks to queue
[2025-11-13T06:53:42.761+0000] {logging_mixin.py:188} INFO - [2025-11-13T06:53:42.761+0000] {dagbag.py:538} INFO - Filling up the DagBag from /home/airflow/.local/lib/python3.8/site-packages/airflow/example_dags/example_task_group_decorator.py
[2025-11-13T06:53:42.784+0000] {processor.py:840} INFO - DAG(s) 'example_task_group_decorator' retrieved from /home/airflow/.local/lib/python3.8/site-packages/airflow/example_dags/example_task_group_decorator.py
[2025-11-13T06:53:42.825+0000] {logging_mixin.py:188} INFO - [2025-11-13T06:53:42.825+0000] {dag.py:3036} INFO - Sync 1 DAGs
[2025-11-13T06:53:42.858+0000] {logging_mixin.py:188} INFO - [2025-11-13T06:53:42.858+0000] {dag.py:3823} INFO - Setting next_dagrun for example_task_group_decorator to 2025-11-12 00:00:00+00:00, run_after=2025-11-13 00:00:00+00:00
[2025-11-13T06:53:42.891+0000] {processor.py:183} INFO - Processing /home/airflow/.local/lib/python3.8/site-packages/airflow/example_dags/example_task_group_decorator.py took 0.141 seconds
[2025-11-13T06:54:13.331+0000] {processor.py:161} INFO - Started process (PID=3494) to work on /home/airflow/.local/lib/python3.8/site-packages/airflow/example_dags/example_task_group_decorator.py
[2025-11-13T06:54:13.334+0000] {processor.py:830} INFO - Processing file /home/airflow/.local/lib/python3.8/site-packages/airflow/example_dags/example_task_group_decorator.py for tasks to queue
[2025-11-13T06:54:13.339+0000] {logging_mixin.py:188} INFO - [2025-11-13T06:54:13.338+0000] {dagbag.py:538} INFO - Filling up the DagBag from /home/airflow/.local/lib/python3.8/site-packages/airflow/example_dags/example_task_group_decorator.py
[2025-11-13T06:54:13.404+0000] {processor.py:840} INFO - DAG(s) 'example_task_group_decorator' retrieved from /home/airflow/.local/lib/python3.8/site-packages/airflow/example_dags/example_task_group_decorator.py
[2025-11-13T06:54:13.498+0000] {logging_mixin.py:188} INFO - [2025-11-13T06:54:13.497+0000] {dag.py:3036} INFO - Sync 1 DAGs
[2025-11-13T06:54:13.625+0000] {logging_mixin.py:188} INFO - [2025-11-13T06:54:13.624+0000] {dag.py:3823} INFO - Setting next_dagrun for example_task_group_decorator to 2025-11-12 00:00:00+00:00, run_after=2025-11-13 00:00:00+00:00
[2025-11-13T06:54:13.716+0000] {processor.py:183} INFO - Processing /home/airflow/.local/lib/python3.8/site-packages/airflow/example_dags/example_task_group_decorator.py took 0.391 seconds
[2025-11-13T06:54:43.929+0000] {processor.py:161} INFO - Started process (PID=3555) to work on /home/airflow/.local/lib/python3.8/site-packages/airflow/example_dags/example_task_group_decorator.py
[2025-11-13T06:54:43.931+0000] {processor.py:830} INFO - Processing file /home/airflow/.local/lib/python3.8/site-packages/airflow/example_dags/example_task_group_decorator.py for tasks to queue
[2025-11-13T06:54:43.934+0000] {logging_mixin.py:188} INFO - [2025-11-13T06:54:43.934+0000] {dagbag.py:538} INFO - Filling up the DagBag from /home/airflow/.local/lib/python3.8/site-packages/airflow/example_dags/example_task_group_decorator.py
[2025-11-13T06:54:43.970+0000] {processor.py:840} INFO - DAG(s) 'example_task_group_decorator' retrieved from /home/airflow/.local/lib/python3.8/site-packages/airflow/example_dags/example_task_group_decorator.py
[2025-11-13T06:54:44.033+0000] {logging_mixin.py:188} INFO - [2025-11-13T06:54:44.033+0000] {dag.py:3036} INFO - Sync 1 DAGs
[2025-11-13T06:54:44.083+0000] {logging_mixin.py:188} INFO - [2025-11-13T06:54:44.082+0000] {dag.py:3823} INFO - Setting next_dagrun for example_task_group_decorator to 2025-11-12 00:00:00+00:00, run_after=2025-11-13 00:00:00+00:00
[2025-11-13T06:54:44.134+0000] {processor.py:183} INFO - Processing /home/airflow/.local/lib/python3.8/site-packages/airflow/example_dags/example_task_group_decorator.py took 0.212 seconds
[2025-11-13T06:55:14.394+0000] {processor.py:161} INFO - Started process (PID=3617) to work on /home/airflow/.local/lib/python3.8/site-packages/airflow/example_dags/example_task_group_decorator.py
[2025-11-13T06:55:14.397+0000] {processor.py:830} INFO - Processing file /home/airflow/.local/lib/python3.8/site-packages/airflow/example_dags/example_task_group_decorator.py for tasks to queue
[2025-11-13T06:55:14.402+0000] {logging_mixin.py:188} INFO - [2025-11-13T06:55:14.401+0000] {dagbag.py:538} INFO - Filling up the DagBag from /home/airflow/.local/lib/python3.8/site-packages/airflow/example_dags/example_task_group_decorator.py
[2025-11-13T06:55:14.439+0000] {processor.py:840} INFO - DAG(s) 'example_task_group_decorator' retrieved from /home/airflow/.local/lib/python3.8/site-packages/airflow/example_dags/example_task_group_decorator.py
[2025-11-13T06:55:14.501+0000] {logging_mixin.py:188} INFO - [2025-11-13T06:55:14.500+0000] {dag.py:3036} INFO - Sync 1 DAGs
[2025-11-13T06:55:14.551+0000] {logging_mixin.py:188} INFO - [2025-11-13T06:55:14.550+0000] {dag.py:3823} INFO - Setting next_dagrun for example_task_group_decorator to 2025-11-12 00:00:00+00:00, run_after=2025-11-13 00:00:00+00:00
[2025-11-13T06:55:14.595+0000] {processor.py:183} INFO - Processing /home/airflow/.local/lib/python3.8/site-packages/airflow/example_dags/example_task_group_decorator.py took 0.209 seconds
[2025-11-13T06:55:44.923+0000] {processor.py:161} INFO - Started process (PID=3679) to work on /home/airflow/.local/lib/python3.8/site-packages/airflow/example_dags/example_task_group_decorator.py
[2025-11-13T06:55:44.926+0000] {processor.py:830} INFO - Processing file /home/airflow/.local/lib/python3.8/site-packages/airflow/example_dags/example_task_group_decorator.py for tasks to queue
[2025-11-13T06:55:44.935+0000] {logging_mixin.py:188} INFO - [2025-11-13T06:55:44.934+0000] {dagbag.py:538} INFO - Filling up the DagBag from /home/airflow/.local/lib/python3.8/site-packages/airflow/example_dags/example_task_group_decorator.py
[2025-11-13T06:55:44.992+0000] {processor.py:840} INFO - DAG(s) 'example_task_group_decorator' retrieved from /home/airflow/.local/lib/python3.8/site-packages/airflow/example_dags/example_task_group_decorator.py
[2025-11-13T06:55:45.073+0000] {logging_mixin.py:188} INFO - [2025-11-13T06:55:45.072+0000] {dag.py:3036} INFO - Sync 1 DAGs
[2025-11-13T06:55:45.153+0000] {logging_mixin.py:188} INFO - [2025-11-13T06:55:45.152+0000] {dag.py:3823} INFO - Setting next_dagrun for example_task_group_decorator to 2025-11-12 00:00:00+00:00, run_after=2025-11-13 00:00:00+00:00
[2025-11-13T06:55:45.228+0000] {processor.py:183} INFO - Processing /home/airflow/.local/lib/python3.8/site-packages/airflow/example_dags/example_task_group_decorator.py took 0.317 seconds
[2025-11-13T06:56:15.595+0000] {processor.py:161} INFO - Started process (PID=3742) to work on /home/airflow/.local/lib/python3.8/site-packages/airflow/example_dags/example_task_group_decorator.py
[2025-11-13T06:56:15.599+0000] {processor.py:830} INFO - Processing file /home/airflow/.local/lib/python3.8/site-packages/airflow/example_dags/example_task_group_decorator.py for tasks to queue
[2025-11-13T06:56:15.604+0000] {logging_mixin.py:188} INFO - [2025-11-13T06:56:15.603+0000] {dagbag.py:538} INFO - Filling up the DagBag from /home/airflow/.local/lib/python3.8/site-packages/airflow/example_dags/example_task_group_decorator.py
[2025-11-13T06:56:15.645+0000] {processor.py:840} INFO - DAG(s) 'example_task_group_decorator' retrieved from /home/airflow/.local/lib/python3.8/site-packages/airflow/example_dags/example_task_group_decorator.py
[2025-11-13T06:56:15.707+0000] {logging_mixin.py:188} INFO - [2025-11-13T06:56:15.707+0000] {dag.py:3036} INFO - Sync 1 DAGs
[2025-11-13T06:56:15.759+0000] {logging_mixin.py:188} INFO - [2025-11-13T06:56:15.758+0000] {dag.py:3823} INFO - Setting next_dagrun for example_task_group_decorator to 2025-11-12 00:00:00+00:00, run_after=2025-11-13 00:00:00+00:00
[2025-11-13T06:56:15.816+0000] {processor.py:183} INFO - Processing /home/airflow/.local/lib/python3.8/site-packages/airflow/example_dags/example_task_group_decorator.py took 0.231 seconds
[2025-11-13T06:56:46.440+0000] {processor.py:161} INFO - Started process (PID=3804) to work on /home/airflow/.local/lib/python3.8/site-packages/airflow/example_dags/example_task_group_decorator.py
[2025-11-13T06:56:46.444+0000] {processor.py:830} INFO - Processing file /home/airflow/.local/lib/python3.8/site-packages/airflow/example_dags/example_task_group_decorator.py for tasks to queue
[2025-11-13T06:56:46.456+0000] {logging_mixin.py:188} INFO - [2025-11-13T06:56:46.455+0000] {dagbag.py:538} INFO - Filling up the DagBag from /home/airflow/.local/lib/python3.8/site-packages/airflow/example_dags/example_task_group_decorator.py
[2025-11-13T06:56:46.532+0000] {processor.py:840} INFO - DAG(s) 'example_task_group_decorator' retrieved from /home/airflow/.local/lib/python3.8/site-packages/airflow/example_dags/example_task_group_decorator.py
[2025-11-13T06:56:46.620+0000] {logging_mixin.py:188} INFO - [2025-11-13T06:56:46.620+0000] {dag.py:3036} INFO - Sync 1 DAGs
[2025-11-13T06:56:46.718+0000] {logging_mixin.py:188} INFO - [2025-11-13T06:56:46.717+0000] {dag.py:3823} INFO - Setting next_dagrun for example_task_group_decorator to 2025-11-12 00:00:00+00:00, run_after=2025-11-13 00:00:00+00:00
[2025-11-13T06:56:46.783+0000] {processor.py:183} INFO - Processing /home/airflow/.local/lib/python3.8/site-packages/airflow/example_dags/example_task_group_decorator.py took 0.367 seconds
[2025-11-13T06:57:17.767+0000] {processor.py:161} INFO - Started process (PID=3866) to work on /home/airflow/.local/lib/python3.8/site-packages/airflow/example_dags/example_task_group_decorator.py
[2025-11-13T06:57:17.770+0000] {processor.py:830} INFO - Processing file /home/airflow/.local/lib/python3.8/site-packages/airflow/example_dags/example_task_group_decorator.py for tasks to queue
[2025-11-13T06:57:17.774+0000] {logging_mixin.py:188} INFO - [2025-11-13T06:57:17.774+0000] {dagbag.py:538} INFO - Filling up the DagBag from /home/airflow/.local/lib/python3.8/site-packages/airflow/example_dags/example_task_group_decorator.py
[2025-11-13T06:57:17.814+0000] {processor.py:840} INFO - DAG(s) 'example_task_group_decorator' retrieved from /home/airflow/.local/lib/python3.8/site-packages/airflow/example_dags/example_task_group_decorator.py
[2025-11-13T06:57:17.884+0000] {logging_mixin.py:188} INFO - [2025-11-13T06:57:17.884+0000] {dag.py:3036} INFO - Sync 1 DAGs
[2025-11-13T06:57:17.946+0000] {logging_mixin.py:188} INFO - [2025-11-13T06:57:17.946+0000] {dag.py:3823} INFO - Setting next_dagrun for example_task_group_decorator to 2025-11-12 00:00:00+00:00, run_after=2025-11-13 00:00:00+00:00
[2025-11-13T06:57:18.008+0000] {processor.py:183} INFO - Processing /home/airflow/.local/lib/python3.8/site-packages/airflow/example_dags/example_task_group_decorator.py took 0.252 seconds
[2025-11-13T06:57:48.639+0000] {processor.py:161} INFO - Started process (PID=3928) to work on /home/airflow/.local/lib/python3.8/site-packages/airflow/example_dags/example_task_group_decorator.py
[2025-11-13T06:57:48.642+0000] {processor.py:830} INFO - Processing file /home/airflow/.local/lib/python3.8/site-packages/airflow/example_dags/example_task_group_decorator.py for tasks to queue
[2025-11-13T06:57:48.646+0000] {logging_mixin.py:188} INFO - [2025-11-13T06:57:48.645+0000] {dagbag.py:538} INFO - Filling up the DagBag from /home/airflow/.local/lib/python3.8/site-packages/airflow/example_dags/example_task_group_decorator.py
[2025-11-13T06:57:48.678+0000] {processor.py:840} INFO - DAG(s) 'example_task_group_decorator' retrieved from /home/airflow/.local/lib/python3.8/site-packages/airflow/example_dags/example_task_group_decorator.py
[2025-11-13T06:57:48.729+0000] {logging_mixin.py:188} INFO - [2025-11-13T06:57:48.728+0000] {dag.py:3036} INFO - Sync 1 DAGs
[2025-11-13T06:57:48.776+0000] {logging_mixin.py:188} INFO - [2025-11-13T06:57:48.776+0000] {dag.py:3823} INFO - Setting next_dagrun for example_task_group_decorator to 2025-11-12 00:00:00+00:00, run_after=2025-11-13 00:00:00+00:00
[2025-11-13T06:57:48.816+0000] {processor.py:183} INFO - Processing /home/airflow/.local/lib/python3.8/site-packages/airflow/example_dags/example_task_group_decorator.py took 0.183 seconds
[2025-11-13T06:58:19.091+0000] {processor.py:161} INFO - Started process (PID=3991) to work on /home/airflow/.local/lib/python3.8/site-packages/airflow/example_dags/example_task_group_decorator.py
[2025-11-13T06:58:19.096+0000] {processor.py:830} INFO - Processing file /home/airflow/.local/lib/python3.8/site-packages/airflow/example_dags/example_task_group_decorator.py for tasks to queue
[2025-11-13T06:58:19.102+0000] {logging_mixin.py:188} INFO - [2025-11-13T06:58:19.101+0000] {dagbag.py:538} INFO - Filling up the DagBag from /home/airflow/.local/lib/python3.8/site-packages/airflow/example_dags/example_task_group_decorator.py
[2025-11-13T06:58:19.189+0000] {processor.py:840} INFO - DAG(s) 'example_task_group_decorator' retrieved from /home/airflow/.local/lib/python3.8/site-packages/airflow/example_dags/example_task_group_decorator.py
[2025-11-13T06:58:19.292+0000] {logging_mixin.py:188} INFO - [2025-11-13T06:58:19.291+0000] {dag.py:3036} INFO - Sync 1 DAGs
[2025-11-13T06:58:19.383+0000] {logging_mixin.py:188} INFO - [2025-11-13T06:58:19.382+0000] {dag.py:3823} INFO - Setting next_dagrun for example_task_group_decorator to 2025-11-12 00:00:00+00:00, run_after=2025-11-13 00:00:00+00:00
[2025-11-13T06:58:19.474+0000] {processor.py:183} INFO - Processing /home/airflow/.local/lib/python3.8/site-packages/airflow/example_dags/example_task_group_decorator.py took 0.401 seconds
[2025-11-13T06:58:49.652+0000] {processor.py:161} INFO - Started process (PID=4054) to work on /home/airflow/.local/lib/python3.8/site-packages/airflow/example_dags/example_task_group_decorator.py
[2025-11-13T06:58:49.656+0000] {processor.py:830} INFO - Processing file /home/airflow/.local/lib/python3.8/site-packages/airflow/example_dags/example_task_group_decorator.py for tasks to queue
[2025-11-13T06:58:49.663+0000] {logging_mixin.py:188} INFO - [2025-11-13T06:58:49.662+0000] {dagbag.py:538} INFO - Filling up the DagBag from /home/airflow/.local/lib/python3.8/site-packages/airflow/example_dags/example_task_group_decorator.py
[2025-11-13T06:58:49.711+0000] {processor.py:840} INFO - DAG(s) 'example_task_group_decorator' retrieved from /home/airflow/.local/lib/python3.8/site-packages/airflow/example_dags/example_task_group_decorator.py
[2025-11-13T06:58:49.772+0000] {logging_mixin.py:188} INFO - [2025-11-13T06:58:49.771+0000] {dag.py:3036} INFO - Sync 1 DAGs
[2025-11-13T06:58:49.837+0000] {logging_mixin.py:188} INFO - [2025-11-13T06:58:49.836+0000] {dag.py:3823} INFO - Setting next_dagrun for example_task_group_decorator to 2025-11-12 00:00:00+00:00, run_after=2025-11-13 00:00:00+00:00
[2025-11-13T06:58:49.892+0000] {processor.py:183} INFO - Processing /home/airflow/.local/lib/python3.8/site-packages/airflow/example_dags/example_task_group_decorator.py took 0.255 seconds
[2025-11-13T06:59:21.890+0000] {processor.py:161} INFO - Started process (PID=4116) to work on /home/airflow/.local/lib/python3.8/site-packages/airflow/example_dags/example_task_group_decorator.py
[2025-11-13T06:59:21.902+0000] {processor.py:830} INFO - Processing file /home/airflow/.local/lib/python3.8/site-packages/airflow/example_dags/example_task_group_decorator.py for tasks to queue
[2025-11-13T06:59:21.921+0000] {logging_mixin.py:188} INFO - [2025-11-13T06:59:21.921+0000] {dagbag.py:538} INFO - Filling up the DagBag from /home/airflow/.local/lib/python3.8/site-packages/airflow/example_dags/example_task_group_decorator.py
[2025-11-13T06:59:22.065+0000] {processor.py:840} INFO - DAG(s) 'example_task_group_decorator' retrieved from /home/airflow/.local/lib/python3.8/site-packages/airflow/example_dags/example_task_group_decorator.py
[2025-11-13T06:59:22.191+0000] {logging_mixin.py:188} INFO - [2025-11-13T06:59:22.191+0000] {dag.py:3036} INFO - Sync 1 DAGs
[2025-11-13T06:59:22.333+0000] {logging_mixin.py:188} INFO - [2025-11-13T06:59:22.332+0000] {dag.py:3823} INFO - Setting next_dagrun for example_task_group_decorator to 2025-11-12 00:00:00+00:00, run_after=2025-11-13 00:00:00+00:00
[2025-11-13T06:59:22.445+0000] {processor.py:183} INFO - Processing /home/airflow/.local/lib/python3.8/site-packages/airflow/example_dags/example_task_group_decorator.py took 0.586 seconds
[2025-11-13T06:59:54.158+0000] {processor.py:161} INFO - Started process (PID=4179) to work on /home/airflow/.local/lib/python3.8/site-packages/airflow/example_dags/example_task_group_decorator.py
[2025-11-13T06:59:54.424+0000] {processor.py:830} INFO - Processing file /home/airflow/.local/lib/python3.8/site-packages/airflow/example_dags/example_task_group_decorator.py for tasks to queue
[2025-11-13T06:59:54.458+0000] {logging_mixin.py:188} INFO - [2025-11-13T06:59:54.457+0000] {dagbag.py:538} INFO - Filling up the DagBag from /home/airflow/.local/lib/python3.8/site-packages/airflow/example_dags/example_task_group_decorator.py
[2025-11-13T06:59:54.586+0000] {processor.py:840} INFO - DAG(s) 'example_task_group_decorator' retrieved from /home/airflow/.local/lib/python3.8/site-packages/airflow/example_dags/example_task_group_decorator.py
[2025-11-13T06:59:54.865+0000] {logging_mixin.py:188} INFO - [2025-11-13T06:59:54.864+0000] {dag.py:3036} INFO - Sync 1 DAGs
[2025-11-13T06:59:54.995+0000] {logging_mixin.py:188} INFO - [2025-11-13T06:59:54.994+0000] {dag.py:3823} INFO - Setting next_dagrun for example_task_group_decorator to 2025-11-12 00:00:00+00:00, run_after=2025-11-13 00:00:00+00:00
[2025-11-13T06:59:55.102+0000] {processor.py:183} INFO - Processing /home/airflow/.local/lib/python3.8/site-packages/airflow/example_dags/example_task_group_decorator.py took 0.965 seconds
[2025-11-13T07:00:25.380+0000] {processor.py:161} INFO - Started process (PID=4242) to work on /home/airflow/.local/lib/python3.8/site-packages/airflow/example_dags/example_task_group_decorator.py
[2025-11-13T07:00:25.383+0000] {processor.py:830} INFO - Processing file /home/airflow/.local/lib/python3.8/site-packages/airflow/example_dags/example_task_group_decorator.py for tasks to queue
[2025-11-13T07:00:25.392+0000] {logging_mixin.py:188} INFO - [2025-11-13T07:00:25.392+0000] {dagbag.py:538} INFO - Filling up the DagBag from /home/airflow/.local/lib/python3.8/site-packages/airflow/example_dags/example_task_group_decorator.py
[2025-11-13T07:00:25.450+0000] {processor.py:840} INFO - DAG(s) 'example_task_group_decorator' retrieved from /home/airflow/.local/lib/python3.8/site-packages/airflow/example_dags/example_task_group_decorator.py
[2025-11-13T07:00:25.529+0000] {logging_mixin.py:188} INFO - [2025-11-13T07:00:25.529+0000] {dag.py:3036} INFO - Sync 1 DAGs
[2025-11-13T07:00:25.590+0000] {logging_mixin.py:188} INFO - [2025-11-13T07:00:25.589+0000] {dag.py:3823} INFO - Setting next_dagrun for example_task_group_decorator to 2025-11-12 00:00:00+00:00, run_after=2025-11-13 00:00:00+00:00
[2025-11-13T07:00:25.637+0000] {processor.py:183} INFO - Processing /home/airflow/.local/lib/python3.8/site-packages/airflow/example_dags/example_task_group_decorator.py took 0.268 seconds
[2025-11-13T07:00:55.924+0000] {processor.py:161} INFO - Started process (PID=4305) to work on /home/airflow/.local/lib/python3.8/site-packages/airflow/example_dags/example_task_group_decorator.py
[2025-11-13T07:00:55.938+0000] {processor.py:830} INFO - Processing file /home/airflow/.local/lib/python3.8/site-packages/airflow/example_dags/example_task_group_decorator.py for tasks to queue
[2025-11-13T07:00:55.955+0000] {logging_mixin.py:188} INFO - [2025-11-13T07:00:55.954+0000] {dagbag.py:538} INFO - Filling up the DagBag from /home/airflow/.local/lib/python3.8/site-packages/airflow/example_dags/example_task_group_decorator.py
[2025-11-13T07:00:56.071+0000] {processor.py:840} INFO - DAG(s) 'example_task_group_decorator' retrieved from /home/airflow/.local/lib/python3.8/site-packages/airflow/example_dags/example_task_group_decorator.py
[2025-11-13T07:00:56.201+0000] {logging_mixin.py:188} INFO - [2025-11-13T07:00:56.200+0000] {dag.py:3036} INFO - Sync 1 DAGs
[2025-11-13T07:00:56.305+0000] {logging_mixin.py:188} INFO - [2025-11-13T07:00:56.305+0000] {dag.py:3823} INFO - Setting next_dagrun for example_task_group_decorator to 2025-11-12 00:00:00+00:00, run_after=2025-11-13 00:00:00+00:00
[2025-11-13T07:00:56.429+0000] {processor.py:183} INFO - Processing /home/airflow/.local/lib/python3.8/site-packages/airflow/example_dags/example_task_group_decorator.py took 0.527 seconds
[2025-11-13T07:01:26.630+0000] {processor.py:161} INFO - Started process (PID=4370) to work on /home/airflow/.local/lib/python3.8/site-packages/airflow/example_dags/example_task_group_decorator.py
[2025-11-13T07:01:26.632+0000] {processor.py:830} INFO - Processing file /home/airflow/.local/lib/python3.8/site-packages/airflow/example_dags/example_task_group_decorator.py for tasks to queue
[2025-11-13T07:01:26.638+0000] {logging_mixin.py:188} INFO - [2025-11-13T07:01:26.637+0000] {dagbag.py:538} INFO - Filling up the DagBag from /home/airflow/.local/lib/python3.8/site-packages/airflow/example_dags/example_task_group_decorator.py
[2025-11-13T07:01:26.679+0000] {processor.py:840} INFO - DAG(s) 'example_task_group_decorator' retrieved from /home/airflow/.local/lib/python3.8/site-packages/airflow/example_dags/example_task_group_decorator.py
[2025-11-13T07:01:26.744+0000] {logging_mixin.py:188} INFO - [2025-11-13T07:01:26.743+0000] {dag.py:3036} INFO - Sync 1 DAGs
[2025-11-13T07:01:26.802+0000] {logging_mixin.py:188} INFO - [2025-11-13T07:01:26.801+0000] {dag.py:3823} INFO - Setting next_dagrun for example_task_group_decorator to 2025-11-12 00:00:00+00:00, run_after=2025-11-13 00:00:00+00:00
[2025-11-13T07:01:26.857+0000] {processor.py:183} INFO - Processing /home/airflow/.local/lib/python3.8/site-packages/airflow/example_dags/example_task_group_decorator.py took 0.235 seconds
[2025-11-13T07:01:57.237+0000] {processor.py:161} INFO - Started process (PID=4433) to work on /home/airflow/.local/lib/python3.8/site-packages/airflow/example_dags/example_task_group_decorator.py
[2025-11-13T07:01:57.240+0000] {processor.py:830} INFO - Processing file /home/airflow/.local/lib/python3.8/site-packages/airflow/example_dags/example_task_group_decorator.py for tasks to queue
[2025-11-13T07:01:57.246+0000] {logging_mixin.py:188} INFO - [2025-11-13T07:01:57.245+0000] {dagbag.py:538} INFO - Filling up the DagBag from /home/airflow/.local/lib/python3.8/site-packages/airflow/example_dags/example_task_group_decorator.py
[2025-11-13T07:01:57.297+0000] {processor.py:840} INFO - DAG(s) 'example_task_group_decorator' retrieved from /home/airflow/.local/lib/python3.8/site-packages/airflow/example_dags/example_task_group_decorator.py
[2025-11-13T07:01:57.382+0000] {logging_mixin.py:188} INFO - [2025-11-13T07:01:57.381+0000] {dag.py:3036} INFO - Sync 1 DAGs
[2025-11-13T07:01:57.478+0000] {logging_mixin.py:188} INFO - [2025-11-13T07:01:57.478+0000] {dag.py:3823} INFO - Setting next_dagrun for example_task_group_decorator to 2025-11-12 00:00:00+00:00, run_after=2025-11-13 00:00:00+00:00
[2025-11-13T07:01:57.549+0000] {processor.py:183} INFO - Processing /home/airflow/.local/lib/python3.8/site-packages/airflow/example_dags/example_task_group_decorator.py took 0.326 seconds
[2025-11-13T07:02:28.663+0000] {processor.py:161} INFO - Started process (PID=4496) to work on /home/airflow/.local/lib/python3.8/site-packages/airflow/example_dags/example_task_group_decorator.py
[2025-11-13T07:02:28.683+0000] {processor.py:830} INFO - Processing file /home/airflow/.local/lib/python3.8/site-packages/airflow/example_dags/example_task_group_decorator.py for tasks to queue
[2025-11-13T07:02:28.705+0000] {logging_mixin.py:188} INFO - [2025-11-13T07:02:28.703+0000] {dagbag.py:538} INFO - Filling up the DagBag from /home/airflow/.local/lib/python3.8/site-packages/airflow/example_dags/example_task_group_decorator.py
[2025-11-13T07:02:28.821+0000] {processor.py:840} INFO - DAG(s) 'example_task_group_decorator' retrieved from /home/airflow/.local/lib/python3.8/site-packages/airflow/example_dags/example_task_group_decorator.py
[2025-11-13T07:02:28.959+0000] {logging_mixin.py:188} INFO - [2025-11-13T07:02:28.958+0000] {dag.py:3036} INFO - Sync 1 DAGs
[2025-11-13T07:02:29.104+0000] {logging_mixin.py:188} INFO - [2025-11-13T07:02:29.102+0000] {dag.py:3823} INFO - Setting next_dagrun for example_task_group_decorator to 2025-11-12 00:00:00+00:00, run_after=2025-11-13 00:00:00+00:00
[2025-11-13T07:02:29.214+0000] {processor.py:183} INFO - Processing /home/airflow/.local/lib/python3.8/site-packages/airflow/example_dags/example_task_group_decorator.py took 0.560 seconds
[2025-11-13T07:02:59.319+0000] {processor.py:161} INFO - Started process (PID=4559) to work on /home/airflow/.local/lib/python3.8/site-packages/airflow/example_dags/example_task_group_decorator.py
[2025-11-13T07:02:59.323+0000] {processor.py:830} INFO - Processing file /home/airflow/.local/lib/python3.8/site-packages/airflow/example_dags/example_task_group_decorator.py for tasks to queue
[2025-11-13T07:02:59.328+0000] {logging_mixin.py:188} INFO - [2025-11-13T07:02:59.327+0000] {dagbag.py:538} INFO - Filling up the DagBag from /home/airflow/.local/lib/python3.8/site-packages/airflow/example_dags/example_task_group_decorator.py
[2025-11-13T07:02:59.360+0000] {processor.py:840} INFO - DAG(s) 'example_task_group_decorator' retrieved from /home/airflow/.local/lib/python3.8/site-packages/airflow/example_dags/example_task_group_decorator.py
[2025-11-13T07:02:59.404+0000] {logging_mixin.py:188} INFO - [2025-11-13T07:02:59.403+0000] {dag.py:3036} INFO - Sync 1 DAGs
[2025-11-13T07:02:59.443+0000] {logging_mixin.py:188} INFO - [2025-11-13T07:02:59.443+0000] {dag.py:3823} INFO - Setting next_dagrun for example_task_group_decorator to 2025-11-12 00:00:00+00:00, run_after=2025-11-13 00:00:00+00:00
[2025-11-13T07:02:59.480+0000] {processor.py:183} INFO - Processing /home/airflow/.local/lib/python3.8/site-packages/airflow/example_dags/example_task_group_decorator.py took 0.169 seconds
[2025-11-13T07:03:29.658+0000] {processor.py:161} INFO - Started process (PID=4622) to work on /home/airflow/.local/lib/python3.8/site-packages/airflow/example_dags/example_task_group_decorator.py
[2025-11-13T07:03:29.660+0000] {processor.py:830} INFO - Processing file /home/airflow/.local/lib/python3.8/site-packages/airflow/example_dags/example_task_group_decorator.py for tasks to queue
[2025-11-13T07:03:29.664+0000] {logging_mixin.py:188} INFO - [2025-11-13T07:03:29.663+0000] {dagbag.py:538} INFO - Filling up the DagBag from /home/airflow/.local/lib/python3.8/site-packages/airflow/example_dags/example_task_group_decorator.py
[2025-11-13T07:03:29.692+0000] {processor.py:840} INFO - DAG(s) 'example_task_group_decorator' retrieved from /home/airflow/.local/lib/python3.8/site-packages/airflow/example_dags/example_task_group_decorator.py
[2025-11-13T07:03:29.741+0000] {logging_mixin.py:188} INFO - [2025-11-13T07:03:29.741+0000] {dag.py:3036} INFO - Sync 1 DAGs
[2025-11-13T07:03:29.785+0000] {logging_mixin.py:188} INFO - [2025-11-13T07:03:29.785+0000] {dag.py:3823} INFO - Setting next_dagrun for example_task_group_decorator to 2025-11-12 00:00:00+00:00, run_after=2025-11-13 00:00:00+00:00
[2025-11-13T07:03:29.823+0000] {processor.py:183} INFO - Processing /home/airflow/.local/lib/python3.8/site-packages/airflow/example_dags/example_task_group_decorator.py took 0.173 seconds
[2025-11-13T07:04:00.999+0000] {processor.py:161} INFO - Started process (PID=4685) to work on /home/airflow/.local/lib/python3.8/site-packages/airflow/example_dags/example_task_group_decorator.py
[2025-11-13T07:04:01.003+0000] {processor.py:830} INFO - Processing file /home/airflow/.local/lib/python3.8/site-packages/airflow/example_dags/example_task_group_decorator.py for tasks to queue
[2025-11-13T07:04:01.019+0000] {logging_mixin.py:188} INFO - [2025-11-13T07:04:01.018+0000] {dagbag.py:538} INFO - Filling up the DagBag from /home/airflow/.local/lib/python3.8/site-packages/airflow/example_dags/example_task_group_decorator.py
[2025-11-13T07:04:01.189+0000] {processor.py:840} INFO - DAG(s) 'example_task_group_decorator' retrieved from /home/airflow/.local/lib/python3.8/site-packages/airflow/example_dags/example_task_group_decorator.py
[2025-11-13T07:04:01.407+0000] {logging_mixin.py:188} INFO - [2025-11-13T07:04:01.406+0000] {dag.py:3036} INFO - Sync 1 DAGs
[2025-11-13T07:04:01.583+0000] {logging_mixin.py:188} INFO - [2025-11-13T07:04:01.582+0000] {dag.py:3823} INFO - Setting next_dagrun for example_task_group_decorator to 2025-11-12 00:00:00+00:00, run_after=2025-11-13 00:00:00+00:00
[2025-11-13T07:04:01.728+0000] {processor.py:183} INFO - Processing /home/airflow/.local/lib/python3.8/site-packages/airflow/example_dags/example_task_group_decorator.py took 0.754 seconds
[2025-11-13T07:04:32.664+0000] {processor.py:161} INFO - Started process (PID=4748) to work on /home/airflow/.local/lib/python3.8/site-packages/airflow/example_dags/example_task_group_decorator.py
[2025-11-13T07:04:32.668+0000] {processor.py:830} INFO - Processing file /home/airflow/.local/lib/python3.8/site-packages/airflow/example_dags/example_task_group_decorator.py for tasks to queue
[2025-11-13T07:04:32.677+0000] {logging_mixin.py:188} INFO - [2025-11-13T07:04:32.676+0000] {dagbag.py:538} INFO - Filling up the DagBag from /home/airflow/.local/lib/python3.8/site-packages/airflow/example_dags/example_task_group_decorator.py
[2025-11-13T07:04:32.739+0000] {processor.py:840} INFO - DAG(s) 'example_task_group_decorator' retrieved from /home/airflow/.local/lib/python3.8/site-packages/airflow/example_dags/example_task_group_decorator.py
[2025-11-13T07:04:32.829+0000] {logging_mixin.py:188} INFO - [2025-11-13T07:04:32.828+0000] {dag.py:3036} INFO - Sync 1 DAGs
[2025-11-13T07:04:32.936+0000] {logging_mixin.py:188} INFO - [2025-11-13T07:04:32.935+0000] {dag.py:3823} INFO - Setting next_dagrun for example_task_group_decorator to 2025-11-12 00:00:00+00:00, run_after=2025-11-13 00:00:00+00:00
[2025-11-13T07:04:33.011+0000] {processor.py:183} INFO - Processing /home/airflow/.local/lib/python3.8/site-packages/airflow/example_dags/example_task_group_decorator.py took 0.358 seconds
[2025-11-13T07:05:03.605+0000] {processor.py:161} INFO - Started process (PID=4811) to work on /home/airflow/.local/lib/python3.8/site-packages/airflow/example_dags/example_task_group_decorator.py
[2025-11-13T07:05:03.611+0000] {processor.py:830} INFO - Processing file /home/airflow/.local/lib/python3.8/site-packages/airflow/example_dags/example_task_group_decorator.py for tasks to queue
[2025-11-13T07:05:03.617+0000] {logging_mixin.py:188} INFO - [2025-11-13T07:05:03.616+0000] {dagbag.py:538} INFO - Filling up the DagBag from /home/airflow/.local/lib/python3.8/site-packages/airflow/example_dags/example_task_group_decorator.py
[2025-11-13T07:05:03.709+0000] {processor.py:840} INFO - DAG(s) 'example_task_group_decorator' retrieved from /home/airflow/.local/lib/python3.8/site-packages/airflow/example_dags/example_task_group_decorator.py
[2025-11-13T07:05:03.828+0000] {logging_mixin.py:188} INFO - [2025-11-13T07:05:03.827+0000] {dag.py:3036} INFO - Sync 1 DAGs
[2025-11-13T07:05:03.954+0000] {logging_mixin.py:188} INFO - [2025-11-13T07:05:03.953+0000] {dag.py:3823} INFO - Setting next_dagrun for example_task_group_decorator to 2025-11-12 00:00:00+00:00, run_after=2025-11-13 00:00:00+00:00
[2025-11-13T07:05:04.076+0000] {processor.py:183} INFO - Processing /home/airflow/.local/lib/python3.8/site-packages/airflow/example_dags/example_task_group_decorator.py took 0.486 seconds
[2025-11-13T07:05:34.914+0000] {processor.py:161} INFO - Started process (PID=4874) to work on /home/airflow/.local/lib/python3.8/site-packages/airflow/example_dags/example_task_group_decorator.py
[2025-11-13T07:05:34.916+0000] {processor.py:830} INFO - Processing file /home/airflow/.local/lib/python3.8/site-packages/airflow/example_dags/example_task_group_decorator.py for tasks to queue
[2025-11-13T07:05:34.920+0000] {logging_mixin.py:188} INFO - [2025-11-13T07:05:34.919+0000] {dagbag.py:538} INFO - Filling up the DagBag from /home/airflow/.local/lib/python3.8/site-packages/airflow/example_dags/example_task_group_decorator.py
[2025-11-13T07:05:34.943+0000] {processor.py:840} INFO - DAG(s) 'example_task_group_decorator' retrieved from /home/airflow/.local/lib/python3.8/site-packages/airflow/example_dags/example_task_group_decorator.py
[2025-11-13T07:05:34.989+0000] {logging_mixin.py:188} INFO - [2025-11-13T07:05:34.989+0000] {dag.py:3036} INFO - Sync 1 DAGs
[2025-11-13T07:05:35.028+0000] {logging_mixin.py:188} INFO - [2025-11-13T07:05:35.027+0000] {dag.py:3823} INFO - Setting next_dagrun for example_task_group_decorator to 2025-11-12 00:00:00+00:00, run_after=2025-11-13 00:00:00+00:00
[2025-11-13T07:05:35.077+0000] {processor.py:183} INFO - Processing /home/airflow/.local/lib/python3.8/site-packages/airflow/example_dags/example_task_group_decorator.py took 0.170 seconds
[2025-11-13T07:06:05.967+0000] {processor.py:161} INFO - Started process (PID=4938) to work on /home/airflow/.local/lib/python3.8/site-packages/airflow/example_dags/example_task_group_decorator.py
[2025-11-13T07:06:05.970+0000] {processor.py:830} INFO - Processing file /home/airflow/.local/lib/python3.8/site-packages/airflow/example_dags/example_task_group_decorator.py for tasks to queue
[2025-11-13T07:06:05.978+0000] {logging_mixin.py:188} INFO - [2025-11-13T07:06:05.975+0000] {dagbag.py:538} INFO - Filling up the DagBag from /home/airflow/.local/lib/python3.8/site-packages/airflow/example_dags/example_task_group_decorator.py
[2025-11-13T07:06:06.016+0000] {processor.py:840} INFO - DAG(s) 'example_task_group_decorator' retrieved from /home/airflow/.local/lib/python3.8/site-packages/airflow/example_dags/example_task_group_decorator.py
[2025-11-13T07:06:06.069+0000] {logging_mixin.py:188} INFO - [2025-11-13T07:06:06.069+0000] {dag.py:3036} INFO - Sync 1 DAGs
[2025-11-13T07:06:06.111+0000] {logging_mixin.py:188} INFO - [2025-11-13T07:06:06.111+0000] {dag.py:3823} INFO - Setting next_dagrun for example_task_group_decorator to 2025-11-12 00:00:00+00:00, run_after=2025-11-13 00:00:00+00:00
[2025-11-13T07:06:06.149+0000] {processor.py:183} INFO - Processing /home/airflow/.local/lib/python3.8/site-packages/airflow/example_dags/example_task_group_decorator.py took 0.191 seconds
[2025-11-13T07:06:37.485+0000] {processor.py:161} INFO - Started process (PID=5001) to work on /home/airflow/.local/lib/python3.8/site-packages/airflow/example_dags/example_task_group_decorator.py
[2025-11-13T07:06:37.500+0000] {processor.py:830} INFO - Processing file /home/airflow/.local/lib/python3.8/site-packages/airflow/example_dags/example_task_group_decorator.py for tasks to queue
[2025-11-13T07:06:37.510+0000] {logging_mixin.py:188} INFO - [2025-11-13T07:06:37.509+0000] {dagbag.py:538} INFO - Filling up the DagBag from /home/airflow/.local/lib/python3.8/site-packages/airflow/example_dags/example_task_group_decorator.py
[2025-11-13T07:06:37.635+0000] {processor.py:840} INFO - DAG(s) 'example_task_group_decorator' retrieved from /home/airflow/.local/lib/python3.8/site-packages/airflow/example_dags/example_task_group_decorator.py
[2025-11-13T07:06:37.846+0000] {logging_mixin.py:188} INFO - [2025-11-13T07:06:37.845+0000] {dag.py:3036} INFO - Sync 1 DAGs
[2025-11-13T07:06:38.016+0000] {logging_mixin.py:188} INFO - [2025-11-13T07:06:38.015+0000] {dag.py:3823} INFO - Setting next_dagrun for example_task_group_decorator to 2025-11-12 00:00:00+00:00, run_after=2025-11-13 00:00:00+00:00
[2025-11-13T07:06:38.163+0000] {processor.py:183} INFO - Processing /home/airflow/.local/lib/python3.8/site-packages/airflow/example_dags/example_task_group_decorator.py took 0.692 seconds
[2025-11-13T07:07:09.104+0000] {processor.py:161} INFO - Started process (PID=5064) to work on /home/airflow/.local/lib/python3.8/site-packages/airflow/example_dags/example_task_group_decorator.py
[2025-11-13T07:07:09.137+0000] {processor.py:830} INFO - Processing file /home/airflow/.local/lib/python3.8/site-packages/airflow/example_dags/example_task_group_decorator.py for tasks to queue
[2025-11-13T07:07:09.154+0000] {logging_mixin.py:188} INFO - [2025-11-13T07:07:09.153+0000] {dagbag.py:538} INFO - Filling up the DagBag from /home/airflow/.local/lib/python3.8/site-packages/airflow/example_dags/example_task_group_decorator.py
[2025-11-13T07:07:09.290+0000] {processor.py:840} INFO - DAG(s) 'example_task_group_decorator' retrieved from /home/airflow/.local/lib/python3.8/site-packages/airflow/example_dags/example_task_group_decorator.py
[2025-11-13T07:07:09.463+0000] {logging_mixin.py:188} INFO - [2025-11-13T07:07:09.462+0000] {dag.py:3036} INFO - Sync 1 DAGs
[2025-11-13T07:07:09.605+0000] {logging_mixin.py:188} INFO - [2025-11-13T07:07:09.603+0000] {dag.py:3823} INFO - Setting next_dagrun for example_task_group_decorator to 2025-11-12 00:00:00+00:00, run_after=2025-11-13 00:00:00+00:00
[2025-11-13T07:07:09.713+0000] {processor.py:183} INFO - Processing /home/airflow/.local/lib/python3.8/site-packages/airflow/example_dags/example_task_group_decorator.py took 0.644 seconds
[2025-11-13T07:07:40.318+0000] {processor.py:161} INFO - Started process (PID=5125) to work on /home/airflow/.local/lib/python3.8/site-packages/airflow/example_dags/example_task_group_decorator.py
[2025-11-13T07:07:40.322+0000] {processor.py:830} INFO - Processing file /home/airflow/.local/lib/python3.8/site-packages/airflow/example_dags/example_task_group_decorator.py for tasks to queue
[2025-11-13T07:07:40.330+0000] {logging_mixin.py:188} INFO - [2025-11-13T07:07:40.329+0000] {dagbag.py:538} INFO - Filling up the DagBag from /home/airflow/.local/lib/python3.8/site-packages/airflow/example_dags/example_task_group_decorator.py
[2025-11-13T07:07:40.372+0000] {processor.py:840} INFO - DAG(s) 'example_task_group_decorator' retrieved from /home/airflow/.local/lib/python3.8/site-packages/airflow/example_dags/example_task_group_decorator.py
[2025-11-13T07:07:40.424+0000] {logging_mixin.py:188} INFO - [2025-11-13T07:07:40.424+0000] {dag.py:3036} INFO - Sync 1 DAGs
[2025-11-13T07:07:40.478+0000] {logging_mixin.py:188} INFO - [2025-11-13T07:07:40.477+0000] {dag.py:3823} INFO - Setting next_dagrun for example_task_group_decorator to 2025-11-12 00:00:00+00:00, run_after=2025-11-13 00:00:00+00:00
[2025-11-13T07:07:40.531+0000] {processor.py:183} INFO - Processing /home/airflow/.local/lib/python3.8/site-packages/airflow/example_dags/example_task_group_decorator.py took 0.226 seconds
[2025-11-13T07:08:11.079+0000] {processor.py:161} INFO - Started process (PID=5190) to work on /home/airflow/.local/lib/python3.8/site-packages/airflow/example_dags/example_task_group_decorator.py
[2025-11-13T07:08:11.081+0000] {processor.py:830} INFO - Processing file /home/airflow/.local/lib/python3.8/site-packages/airflow/example_dags/example_task_group_decorator.py for tasks to queue
[2025-11-13T07:08:11.087+0000] {logging_mixin.py:188} INFO - [2025-11-13T07:08:11.086+0000] {dagbag.py:538} INFO - Filling up the DagBag from /home/airflow/.local/lib/python3.8/site-packages/airflow/example_dags/example_task_group_decorator.py
[2025-11-13T07:08:11.139+0000] {processor.py:840} INFO - DAG(s) 'example_task_group_decorator' retrieved from /home/airflow/.local/lib/python3.8/site-packages/airflow/example_dags/example_task_group_decorator.py
[2025-11-13T07:08:11.207+0000] {logging_mixin.py:188} INFO - [2025-11-13T07:08:11.206+0000] {dag.py:3036} INFO - Sync 1 DAGs
[2025-11-13T07:08:11.274+0000] {logging_mixin.py:188} INFO - [2025-11-13T07:08:11.273+0000] {dag.py:3823} INFO - Setting next_dagrun for example_task_group_decorator to 2025-11-12 00:00:00+00:00, run_after=2025-11-13 00:00:00+00:00
[2025-11-13T07:08:11.324+0000] {processor.py:183} INFO - Processing /home/airflow/.local/lib/python3.8/site-packages/airflow/example_dags/example_task_group_decorator.py took 0.256 seconds
[2025-11-13T07:08:42.728+0000] {processor.py:161} INFO - Started process (PID=5260) to work on /home/airflow/.local/lib/python3.8/site-packages/airflow/example_dags/example_task_group_decorator.py
[2025-11-13T07:08:42.736+0000] {processor.py:830} INFO - Processing file /home/airflow/.local/lib/python3.8/site-packages/airflow/example_dags/example_task_group_decorator.py for tasks to queue
[2025-11-13T07:08:42.744+0000] {logging_mixin.py:188} INFO - [2025-11-13T07:08:42.743+0000] {dagbag.py:538} INFO - Filling up the DagBag from /home/airflow/.local/lib/python3.8/site-packages/airflow/example_dags/example_task_group_decorator.py
[2025-11-13T07:08:42.804+0000] {processor.py:840} INFO - DAG(s) 'example_task_group_decorator' retrieved from /home/airflow/.local/lib/python3.8/site-packages/airflow/example_dags/example_task_group_decorator.py
[2025-11-13T07:08:42.886+0000] {logging_mixin.py:188} INFO - [2025-11-13T07:08:42.885+0000] {dag.py:3036} INFO - Sync 1 DAGs
[2025-11-13T07:08:42.973+0000] {logging_mixin.py:188} INFO - [2025-11-13T07:08:42.972+0000] {dag.py:3823} INFO - Setting next_dagrun for example_task_group_decorator to 2025-11-12 00:00:00+00:00, run_after=2025-11-13 00:00:00+00:00
[2025-11-13T07:08:43.035+0000] {processor.py:183} INFO - Processing /home/airflow/.local/lib/python3.8/site-packages/airflow/example_dags/example_task_group_decorator.py took 0.318 seconds
[2025-11-13T07:09:13.682+0000] {processor.py:161} INFO - Started process (PID=5323) to work on /home/airflow/.local/lib/python3.8/site-packages/airflow/example_dags/example_task_group_decorator.py
[2025-11-13T07:09:13.685+0000] {processor.py:830} INFO - Processing file /home/airflow/.local/lib/python3.8/site-packages/airflow/example_dags/example_task_group_decorator.py for tasks to queue
[2025-11-13T07:09:13.691+0000] {logging_mixin.py:188} INFO - [2025-11-13T07:09:13.690+0000] {dagbag.py:538} INFO - Filling up the DagBag from /home/airflow/.local/lib/python3.8/site-packages/airflow/example_dags/example_task_group_decorator.py
[2025-11-13T07:09:13.729+0000] {processor.py:840} INFO - DAG(s) 'example_task_group_decorator' retrieved from /home/airflow/.local/lib/python3.8/site-packages/airflow/example_dags/example_task_group_decorator.py
[2025-11-13T07:09:13.799+0000] {logging_mixin.py:188} INFO - [2025-11-13T07:09:13.799+0000] {dag.py:3036} INFO - Sync 1 DAGs
[2025-11-13T07:09:13.854+0000] {logging_mixin.py:188} INFO - [2025-11-13T07:09:13.853+0000] {dag.py:3823} INFO - Setting next_dagrun for example_task_group_decorator to 2025-11-12 00:00:00+00:00, run_after=2025-11-13 00:00:00+00:00
[2025-11-13T07:09:13.912+0000] {processor.py:183} INFO - Processing /home/airflow/.local/lib/python3.8/site-packages/airflow/example_dags/example_task_group_decorator.py took 0.239 seconds
[2025-11-13T07:09:44.586+0000] {processor.py:161} INFO - Started process (PID=5386) to work on /home/airflow/.local/lib/python3.8/site-packages/airflow/example_dags/example_task_group_decorator.py
[2025-11-13T07:09:44.601+0000] {processor.py:830} INFO - Processing file /home/airflow/.local/lib/python3.8/site-packages/airflow/example_dags/example_task_group_decorator.py for tasks to queue
[2025-11-13T07:09:44.608+0000] {logging_mixin.py:188} INFO - [2025-11-13T07:09:44.607+0000] {dagbag.py:538} INFO - Filling up the DagBag from /home/airflow/.local/lib/python3.8/site-packages/airflow/example_dags/example_task_group_decorator.py
[2025-11-13T07:09:44.698+0000] {processor.py:840} INFO - DAG(s) 'example_task_group_decorator' retrieved from /home/airflow/.local/lib/python3.8/site-packages/airflow/example_dags/example_task_group_decorator.py
[2025-11-13T07:09:44.825+0000] {logging_mixin.py:188} INFO - [2025-11-13T07:09:44.823+0000] {dag.py:3036} INFO - Sync 1 DAGs
[2025-11-13T07:09:44.936+0000] {logging_mixin.py:188} INFO - [2025-11-13T07:09:44.935+0000] {dag.py:3823} INFO - Setting next_dagrun for example_task_group_decorator to 2025-11-12 00:00:00+00:00, run_after=2025-11-13 00:00:00+00:00
[2025-11-13T07:09:45.039+0000] {processor.py:183} INFO - Processing /home/airflow/.local/lib/python3.8/site-packages/airflow/example_dags/example_task_group_decorator.py took 0.464 seconds
[2025-11-13T07:10:15.224+0000] {processor.py:161} INFO - Started process (PID=5449) to work on /home/airflow/.local/lib/python3.8/site-packages/airflow/example_dags/example_task_group_decorator.py
[2025-11-13T07:10:15.227+0000] {processor.py:830} INFO - Processing file /home/airflow/.local/lib/python3.8/site-packages/airflow/example_dags/example_task_group_decorator.py for tasks to queue
[2025-11-13T07:10:15.231+0000] {logging_mixin.py:188} INFO - [2025-11-13T07:10:15.231+0000] {dagbag.py:538} INFO - Filling up the DagBag from /home/airflow/.local/lib/python3.8/site-packages/airflow/example_dags/example_task_group_decorator.py
[2025-11-13T07:10:15.271+0000] {processor.py:840} INFO - DAG(s) 'example_task_group_decorator' retrieved from /home/airflow/.local/lib/python3.8/site-packages/airflow/example_dags/example_task_group_decorator.py
[2025-11-13T07:10:15.336+0000] {logging_mixin.py:188} INFO - [2025-11-13T07:10:15.335+0000] {dag.py:3036} INFO - Sync 1 DAGs
[2025-11-13T07:10:15.396+0000] {logging_mixin.py:188} INFO - [2025-11-13T07:10:15.395+0000] {dag.py:3823} INFO - Setting next_dagrun for example_task_group_decorator to 2025-11-12 00:00:00+00:00, run_after=2025-11-13 00:00:00+00:00
[2025-11-13T07:10:15.436+0000] {processor.py:183} INFO - Processing /home/airflow/.local/lib/python3.8/site-packages/airflow/example_dags/example_task_group_decorator.py took 0.221 seconds
[2025-11-13T07:10:45.687+0000] {processor.py:161} INFO - Started process (PID=5512) to work on /home/airflow/.local/lib/python3.8/site-packages/airflow/example_dags/example_task_group_decorator.py
[2025-11-13T07:10:45.690+0000] {processor.py:830} INFO - Processing file /home/airflow/.local/lib/python3.8/site-packages/airflow/example_dags/example_task_group_decorator.py for tasks to queue
[2025-11-13T07:10:45.695+0000] {logging_mixin.py:188} INFO - [2025-11-13T07:10:45.695+0000] {dagbag.py:538} INFO - Filling up the DagBag from /home/airflow/.local/lib/python3.8/site-packages/airflow/example_dags/example_task_group_decorator.py
[2025-11-13T07:10:45.744+0000] {processor.py:840} INFO - DAG(s) 'example_task_group_decorator' retrieved from /home/airflow/.local/lib/python3.8/site-packages/airflow/example_dags/example_task_group_decorator.py
[2025-11-13T07:10:45.853+0000] {logging_mixin.py:188} INFO - [2025-11-13T07:10:45.852+0000] {dag.py:3036} INFO - Sync 1 DAGs
[2025-11-13T07:10:45.950+0000] {logging_mixin.py:188} INFO - [2025-11-13T07:10:45.949+0000] {dag.py:3823} INFO - Setting next_dagrun for example_task_group_decorator to 2025-11-12 00:00:00+00:00, run_after=2025-11-13 00:00:00+00:00
[2025-11-13T07:10:46.063+0000] {processor.py:183} INFO - Processing /home/airflow/.local/lib/python3.8/site-packages/airflow/example_dags/example_task_group_decorator.py took 0.383 seconds
[2025-11-13T07:11:16.543+0000] {processor.py:161} INFO - Started process (PID=5576) to work on /home/airflow/.local/lib/python3.8/site-packages/airflow/example_dags/example_task_group_decorator.py
[2025-11-13T07:11:16.546+0000] {processor.py:830} INFO - Processing file /home/airflow/.local/lib/python3.8/site-packages/airflow/example_dags/example_task_group_decorator.py for tasks to queue
[2025-11-13T07:11:16.555+0000] {logging_mixin.py:188} INFO - [2025-11-13T07:11:16.553+0000] {dagbag.py:538} INFO - Filling up the DagBag from /home/airflow/.local/lib/python3.8/site-packages/airflow/example_dags/example_task_group_decorator.py
[2025-11-13T07:11:16.635+0000] {processor.py:840} INFO - DAG(s) 'example_task_group_decorator' retrieved from /home/airflow/.local/lib/python3.8/site-packages/airflow/example_dags/example_task_group_decorator.py
[2025-11-13T07:11:16.759+0000] {logging_mixin.py:188} INFO - [2025-11-13T07:11:16.758+0000] {dag.py:3036} INFO - Sync 1 DAGs
[2025-11-13T07:11:16.864+0000] {logging_mixin.py:188} INFO - [2025-11-13T07:11:16.863+0000] {dag.py:3823} INFO - Setting next_dagrun for example_task_group_decorator to 2025-11-12 00:00:00+00:00, run_after=2025-11-13 00:00:00+00:00
[2025-11-13T07:11:16.958+0000] {processor.py:183} INFO - Processing /home/airflow/.local/lib/python3.8/site-packages/airflow/example_dags/example_task_group_decorator.py took 0.428 seconds
[2025-11-13T07:11:47.673+0000] {processor.py:161} INFO - Started process (PID=5638) to work on /home/airflow/.local/lib/python3.8/site-packages/airflow/example_dags/example_task_group_decorator.py
[2025-11-13T07:11:47.676+0000] {processor.py:830} INFO - Processing file /home/airflow/.local/lib/python3.8/site-packages/airflow/example_dags/example_task_group_decorator.py for tasks to queue
[2025-11-13T07:11:47.683+0000] {logging_mixin.py:188} INFO - [2025-11-13T07:11:47.682+0000] {dagbag.py:538} INFO - Filling up the DagBag from /home/airflow/.local/lib/python3.8/site-packages/airflow/example_dags/example_task_group_decorator.py
[2025-11-13T07:11:47.748+0000] {processor.py:840} INFO - DAG(s) 'example_task_group_decorator' retrieved from /home/airflow/.local/lib/python3.8/site-packages/airflow/example_dags/example_task_group_decorator.py
[2025-11-13T07:11:47.830+0000] {logging_mixin.py:188} INFO - [2025-11-13T07:11:47.830+0000] {dag.py:3036} INFO - Sync 1 DAGs
[2025-11-13T07:11:47.934+0000] {logging_mixin.py:188} INFO - [2025-11-13T07:11:47.934+0000] {dag.py:3823} INFO - Setting next_dagrun for example_task_group_decorator to 2025-11-12 00:00:00+00:00, run_after=2025-11-13 00:00:00+00:00
[2025-11-13T07:11:48.025+0000] {processor.py:183} INFO - Processing /home/airflow/.local/lib/python3.8/site-packages/airflow/example_dags/example_task_group_decorator.py took 0.362 seconds
[2025-11-13T07:12:18.431+0000] {processor.py:161} INFO - Started process (PID=5701) to work on /home/airflow/.local/lib/python3.8/site-packages/airflow/example_dags/example_task_group_decorator.py
[2025-11-13T07:12:18.445+0000] {processor.py:830} INFO - Processing file /home/airflow/.local/lib/python3.8/site-packages/airflow/example_dags/example_task_group_decorator.py for tasks to queue
[2025-11-13T07:12:18.457+0000] {logging_mixin.py:188} INFO - [2025-11-13T07:12:18.456+0000] {dagbag.py:538} INFO - Filling up the DagBag from /home/airflow/.local/lib/python3.8/site-packages/airflow/example_dags/example_task_group_decorator.py
[2025-11-13T07:12:18.583+0000] {processor.py:840} INFO - DAG(s) 'example_task_group_decorator' retrieved from /home/airflow/.local/lib/python3.8/site-packages/airflow/example_dags/example_task_group_decorator.py
[2025-11-13T07:12:18.762+0000] {logging_mixin.py:188} INFO - [2025-11-13T07:12:18.761+0000] {dag.py:3036} INFO - Sync 1 DAGs
[2025-11-13T07:12:18.968+0000] {logging_mixin.py:188} INFO - [2025-11-13T07:12:18.958+0000] {dag.py:3823} INFO - Setting next_dagrun for example_task_group_decorator to 2025-11-12 00:00:00+00:00, run_after=2025-11-13 00:00:00+00:00
[2025-11-13T07:12:19.114+0000] {processor.py:183} INFO - Processing /home/airflow/.local/lib/python3.8/site-packages/airflow/example_dags/example_task_group_decorator.py took 0.703 seconds
