[2025-11-06T05:06:48.614+0000] {processor.py:161} INFO - Started process (PID=86) to work on /home/airflow/.local/lib/python3.8/site-packages/airflow/example_dags/example_sensors.py
[2025-11-06T05:06:48.644+0000] {processor.py:830} INFO - Processing file /home/airflow/.local/lib/python3.8/site-packages/airflow/example_dags/example_sensors.py for tasks to queue
[2025-11-06T05:06:48.683+0000] {logging_mixin.py:188} INFO - [2025-11-06T05:06:48.670+0000] {dagbag.py:538} INFO - Filling up the DagBag from /home/airflow/.local/lib/python3.8/site-packages/airflow/example_dags/example_sensors.py
[2025-11-06T05:06:48.852+0000] {processor.py:840} INFO - DAG(s) 'example_sensors' retrieved from /home/airflow/.local/lib/python3.8/site-packages/airflow/example_dags/example_sensors.py
[2025-11-06T05:06:49.570+0000] {logging_mixin.py:188} INFO - [2025-11-06T05:06:49.569+0000] {dag.py:3036} INFO - Sync 1 DAGs
[2025-11-06T05:06:49.647+0000] {logging_mixin.py:188} INFO - [2025-11-06T05:06:49.647+0000] {dag.py:3823} INFO - Setting next_dagrun for example_sensors to None, run_after=None
[2025-11-06T05:06:49.885+0000] {processor.py:183} INFO - Processing /home/airflow/.local/lib/python3.8/site-packages/airflow/example_dags/example_sensors.py took 1.343 seconds
[2025-11-06T05:07:36.776+0000] {processor.py:161} INFO - Started process (PID=149) to work on /home/airflow/.local/lib/python3.8/site-packages/airflow/example_dags/example_sensors.py
[2025-11-06T05:07:36.797+0000] {processor.py:830} INFO - Processing file /home/airflow/.local/lib/python3.8/site-packages/airflow/example_dags/example_sensors.py for tasks to queue
[2025-11-06T05:07:36.857+0000] {logging_mixin.py:188} INFO - [2025-11-06T05:07:36.856+0000] {dagbag.py:538} INFO - Filling up the DagBag from /home/airflow/.local/lib/python3.8/site-packages/airflow/example_dags/example_sensors.py
[2025-11-06T05:07:37.191+0000] {processor.py:840} INFO - DAG(s) 'example_sensors' retrieved from /home/airflow/.local/lib/python3.8/site-packages/airflow/example_dags/example_sensors.py
[2025-11-06T05:07:37.897+0000] {logging_mixin.py:188} INFO - [2025-11-06T05:07:37.896+0000] {dag.py:3036} INFO - Sync 1 DAGs
[2025-11-06T05:07:38.210+0000] {logging_mixin.py:188} INFO - [2025-11-06T05:07:38.209+0000] {dag.py:3823} INFO - Setting next_dagrun for example_sensors to None, run_after=None
[2025-11-06T05:07:39.519+0000] {processor.py:183} INFO - Processing /home/airflow/.local/lib/python3.8/site-packages/airflow/example_dags/example_sensors.py took 2.904 seconds
[2025-11-06T05:08:29.519+0000] {processor.py:161} INFO - Started process (PID=184) to work on /home/airflow/.local/lib/python3.8/site-packages/airflow/example_dags/example_sensors.py
[2025-11-06T05:08:29.620+0000] {processor.py:830} INFO - Processing file /home/airflow/.local/lib/python3.8/site-packages/airflow/example_dags/example_sensors.py for tasks to queue
[2025-11-06T05:08:29.811+0000] {logging_mixin.py:188} INFO - [2025-11-06T05:08:29.780+0000] {dagbag.py:538} INFO - Filling up the DagBag from /home/airflow/.local/lib/python3.8/site-packages/airflow/example_dags/example_sensors.py
[2025-11-06T05:08:30.497+0000] {processor.py:840} INFO - DAG(s) 'example_sensors' retrieved from /home/airflow/.local/lib/python3.8/site-packages/airflow/example_dags/example_sensors.py
[2025-11-06T05:08:31.568+0000] {logging_mixin.py:188} INFO - [2025-11-06T05:08:31.568+0000] {dag.py:3036} INFO - Sync 1 DAGs
[2025-11-06T05:08:32.059+0000] {logging_mixin.py:188} INFO - [2025-11-06T05:08:32.059+0000] {dag.py:3823} INFO - Setting next_dagrun for example_sensors to None, run_after=None
[2025-11-06T05:08:32.836+0000] {processor.py:183} INFO - Processing /home/airflow/.local/lib/python3.8/site-packages/airflow/example_dags/example_sensors.py took 3.426 seconds
[2025-11-06T05:09:20.496+0000] {processor.py:161} INFO - Started process (PID=228) to work on /home/airflow/.local/lib/python3.8/site-packages/airflow/example_dags/example_sensors.py
[2025-11-06T05:09:20.541+0000] {processor.py:830} INFO - Processing file /home/airflow/.local/lib/python3.8/site-packages/airflow/example_dags/example_sensors.py for tasks to queue
[2025-11-06T05:09:20.586+0000] {logging_mixin.py:188} INFO - [2025-11-06T05:09:20.581+0000] {dagbag.py:538} INFO - Filling up the DagBag from /home/airflow/.local/lib/python3.8/site-packages/airflow/example_dags/example_sensors.py
[2025-11-06T05:09:20.937+0000] {processor.py:840} INFO - DAG(s) 'example_sensors' retrieved from /home/airflow/.local/lib/python3.8/site-packages/airflow/example_dags/example_sensors.py
[2025-11-06T05:09:21.246+0000] {logging_mixin.py:188} INFO - [2025-11-06T05:09:21.244+0000] {dag.py:3036} INFO - Sync 1 DAGs
[2025-11-06T05:09:21.484+0000] {logging_mixin.py:188} INFO - [2025-11-06T05:09:21.483+0000] {dag.py:3823} INFO - Setting next_dagrun for example_sensors to None, run_after=None
[2025-11-06T05:09:21.699+0000] {processor.py:183} INFO - Processing /home/airflow/.local/lib/python3.8/site-packages/airflow/example_dags/example_sensors.py took 1.387 seconds
[2025-11-06T05:10:22.348+0000] {processor.py:161} INFO - Started process (PID=286) to work on /home/airflow/.local/lib/python3.8/site-packages/airflow/example_dags/example_sensors.py
[2025-11-06T05:10:22.358+0000] {processor.py:830} INFO - Processing file /home/airflow/.local/lib/python3.8/site-packages/airflow/example_dags/example_sensors.py for tasks to queue
[2025-11-06T05:10:22.377+0000] {logging_mixin.py:188} INFO - [2025-11-06T05:10:22.376+0000] {dagbag.py:538} INFO - Filling up the DagBag from /home/airflow/.local/lib/python3.8/site-packages/airflow/example_dags/example_sensors.py
[2025-11-06T05:10:22.525+0000] {processor.py:840} INFO - DAG(s) 'example_sensors' retrieved from /home/airflow/.local/lib/python3.8/site-packages/airflow/example_dags/example_sensors.py
[2025-11-06T05:10:23.005+0000] {logging_mixin.py:188} INFO - [2025-11-06T05:10:23.004+0000] {dag.py:3036} INFO - Sync 1 DAGs
[2025-11-06T05:10:23.368+0000] {logging_mixin.py:188} INFO - [2025-11-06T05:10:23.368+0000] {dag.py:3823} INFO - Setting next_dagrun for example_sensors to None, run_after=None
[2025-11-06T05:10:23.937+0000] {processor.py:183} INFO - Processing /home/airflow/.local/lib/python3.8/site-packages/airflow/example_dags/example_sensors.py took 1.642 seconds
[2025-11-06T05:11:12.292+0000] {processor.py:161} INFO - Started process (PID=320) to work on /home/airflow/.local/lib/python3.8/site-packages/airflow/example_dags/example_sensors.py
[2025-11-06T05:11:12.322+0000] {processor.py:830} INFO - Processing file /home/airflow/.local/lib/python3.8/site-packages/airflow/example_dags/example_sensors.py for tasks to queue
[2025-11-06T05:11:12.479+0000] {logging_mixin.py:188} INFO - [2025-11-06T05:11:12.441+0000] {dagbag.py:538} INFO - Filling up the DagBag from /home/airflow/.local/lib/python3.8/site-packages/airflow/example_dags/example_sensors.py
[2025-11-06T05:11:12.948+0000] {processor.py:840} INFO - DAG(s) 'example_sensors' retrieved from /home/airflow/.local/lib/python3.8/site-packages/airflow/example_dags/example_sensors.py
[2025-11-06T05:11:16.409+0000] {logging_mixin.py:188} INFO - [2025-11-06T05:11:16.395+0000] {dag.py:3036} INFO - Sync 1 DAGs
[2025-11-06T05:11:16.763+0000] {logging_mixin.py:188} INFO - [2025-11-06T05:11:16.763+0000] {dag.py:3823} INFO - Setting next_dagrun for example_sensors to None, run_after=None
[2025-11-06T05:11:17.212+0000] {processor.py:183} INFO - Processing /home/airflow/.local/lib/python3.8/site-packages/airflow/example_dags/example_sensors.py took 5.205 seconds
[2025-11-06T05:12:25.817+0000] {processor.py:161} INFO - Started process (PID=365) to work on /home/airflow/.local/lib/python3.8/site-packages/airflow/example_dags/example_sensors.py
[2025-11-06T05:12:25.825+0000] {processor.py:830} INFO - Processing file /home/airflow/.local/lib/python3.8/site-packages/airflow/example_dags/example_sensors.py for tasks to queue
[2025-11-06T05:12:25.851+0000] {logging_mixin.py:188} INFO - [2025-11-06T05:12:25.848+0000] {dagbag.py:538} INFO - Filling up the DagBag from /home/airflow/.local/lib/python3.8/site-packages/airflow/example_dags/example_sensors.py
[2025-11-06T05:12:25.948+0000] {processor.py:840} INFO - DAG(s) 'example_sensors' retrieved from /home/airflow/.local/lib/python3.8/site-packages/airflow/example_dags/example_sensors.py
[2025-11-06T05:12:26.198+0000] {logging_mixin.py:188} INFO - [2025-11-06T05:12:26.198+0000] {dag.py:3036} INFO - Sync 1 DAGs
[2025-11-06T05:12:26.415+0000] {logging_mixin.py:188} INFO - [2025-11-06T05:12:26.414+0000] {dag.py:3823} INFO - Setting next_dagrun for example_sensors to None, run_after=None
[2025-11-06T05:12:26.862+0000] {processor.py:183} INFO - Processing /home/airflow/.local/lib/python3.8/site-packages/airflow/example_dags/example_sensors.py took 1.102 seconds
[2025-11-06T05:15:07.236+0000] {processor.py:161} INFO - Started process (PID=67) to work on /home/airflow/.local/lib/python3.8/site-packages/airflow/example_dags/example_sensors.py
[2025-11-06T05:15:07.240+0000] {processor.py:830} INFO - Processing file /home/airflow/.local/lib/python3.8/site-packages/airflow/example_dags/example_sensors.py for tasks to queue
[2025-11-06T05:15:07.246+0000] {logging_mixin.py:188} INFO - [2025-11-06T05:15:07.245+0000] {dagbag.py:538} INFO - Filling up the DagBag from /home/airflow/.local/lib/python3.8/site-packages/airflow/example_dags/example_sensors.py
[2025-11-06T05:15:07.291+0000] {processor.py:840} INFO - DAG(s) 'example_sensors' retrieved from /home/airflow/.local/lib/python3.8/site-packages/airflow/example_dags/example_sensors.py
[2025-11-06T05:15:07.634+0000] {logging_mixin.py:188} INFO - [2025-11-06T05:15:07.633+0000] {dag.py:3036} INFO - Sync 1 DAGs
[2025-11-06T05:15:07.669+0000] {logging_mixin.py:188} INFO - [2025-11-06T05:15:07.668+0000] {dag.py:3823} INFO - Setting next_dagrun for example_sensors to None, run_after=None
[2025-11-06T05:15:07.764+0000] {processor.py:183} INFO - Processing /home/airflow/.local/lib/python3.8/site-packages/airflow/example_dags/example_sensors.py took 0.536 seconds
[2025-11-06T05:15:38.172+0000] {processor.py:161} INFO - Started process (PID=121) to work on /home/airflow/.local/lib/python3.8/site-packages/airflow/example_dags/example_sensors.py
[2025-11-06T05:15:38.205+0000] {processor.py:830} INFO - Processing file /home/airflow/.local/lib/python3.8/site-packages/airflow/example_dags/example_sensors.py for tasks to queue
[2025-11-06T05:15:38.214+0000] {logging_mixin.py:188} INFO - [2025-11-06T05:15:38.213+0000] {dagbag.py:538} INFO - Filling up the DagBag from /home/airflow/.local/lib/python3.8/site-packages/airflow/example_dags/example_sensors.py
[2025-11-06T05:15:38.318+0000] {processor.py:840} INFO - DAG(s) 'example_sensors' retrieved from /home/airflow/.local/lib/python3.8/site-packages/airflow/example_dags/example_sensors.py
[2025-11-06T05:15:38.541+0000] {logging_mixin.py:188} INFO - [2025-11-06T05:15:38.541+0000] {dag.py:3036} INFO - Sync 1 DAGs
[2025-11-06T05:15:38.613+0000] {logging_mixin.py:188} INFO - [2025-11-06T05:15:38.607+0000] {dag.py:3823} INFO - Setting next_dagrun for example_sensors to None, run_after=None
[2025-11-06T05:15:38.718+0000] {processor.py:183} INFO - Processing /home/airflow/.local/lib/python3.8/site-packages/airflow/example_dags/example_sensors.py took 0.577 seconds
[2025-11-06T05:16:09.794+0000] {processor.py:161} INFO - Started process (PID=176) to work on /home/airflow/.local/lib/python3.8/site-packages/airflow/example_dags/example_sensors.py
[2025-11-06T05:16:09.802+0000] {processor.py:830} INFO - Processing file /home/airflow/.local/lib/python3.8/site-packages/airflow/example_dags/example_sensors.py for tasks to queue
[2025-11-06T05:16:09.810+0000] {logging_mixin.py:188} INFO - [2025-11-06T05:16:09.809+0000] {dagbag.py:538} INFO - Filling up the DagBag from /home/airflow/.local/lib/python3.8/site-packages/airflow/example_dags/example_sensors.py
[2025-11-06T05:16:09.848+0000] {processor.py:840} INFO - DAG(s) 'example_sensors' retrieved from /home/airflow/.local/lib/python3.8/site-packages/airflow/example_dags/example_sensors.py
[2025-11-06T05:16:09.946+0000] {logging_mixin.py:188} INFO - [2025-11-06T05:16:09.945+0000] {dag.py:3036} INFO - Sync 1 DAGs
[2025-11-06T05:16:09.995+0000] {logging_mixin.py:188} INFO - [2025-11-06T05:16:09.993+0000] {dag.py:3823} INFO - Setting next_dagrun for example_sensors to None, run_after=None
[2025-11-06T05:16:10.070+0000] {processor.py:183} INFO - Processing /home/airflow/.local/lib/python3.8/site-packages/airflow/example_dags/example_sensors.py took 0.287 seconds
[2025-11-06T05:16:40.274+0000] {processor.py:161} INFO - Started process (PID=231) to work on /home/airflow/.local/lib/python3.8/site-packages/airflow/example_dags/example_sensors.py
[2025-11-06T05:16:40.277+0000] {processor.py:830} INFO - Processing file /home/airflow/.local/lib/python3.8/site-packages/airflow/example_dags/example_sensors.py for tasks to queue
[2025-11-06T05:16:40.287+0000] {logging_mixin.py:188} INFO - [2025-11-06T05:16:40.285+0000] {dagbag.py:538} INFO - Filling up the DagBag from /home/airflow/.local/lib/python3.8/site-packages/airflow/example_dags/example_sensors.py
[2025-11-06T05:16:40.336+0000] {processor.py:840} INFO - DAG(s) 'example_sensors' retrieved from /home/airflow/.local/lib/python3.8/site-packages/airflow/example_dags/example_sensors.py
[2025-11-06T05:16:40.421+0000] {logging_mixin.py:188} INFO - [2025-11-06T05:16:40.421+0000] {dag.py:3036} INFO - Sync 1 DAGs
[2025-11-06T05:16:40.467+0000] {logging_mixin.py:188} INFO - [2025-11-06T05:16:40.466+0000] {dag.py:3823} INFO - Setting next_dagrun for example_sensors to None, run_after=None
[2025-11-06T05:16:40.544+0000] {processor.py:183} INFO - Processing /home/airflow/.local/lib/python3.8/site-packages/airflow/example_dags/example_sensors.py took 0.281 seconds
[2025-11-06T05:17:11.380+0000] {processor.py:161} INFO - Started process (PID=286) to work on /home/airflow/.local/lib/python3.8/site-packages/airflow/example_dags/example_sensors.py
[2025-11-06T05:17:11.383+0000] {processor.py:830} INFO - Processing file /home/airflow/.local/lib/python3.8/site-packages/airflow/example_dags/example_sensors.py for tasks to queue
[2025-11-06T05:17:11.390+0000] {logging_mixin.py:188} INFO - [2025-11-06T05:17:11.389+0000] {dagbag.py:538} INFO - Filling up the DagBag from /home/airflow/.local/lib/python3.8/site-packages/airflow/example_dags/example_sensors.py
[2025-11-06T05:17:11.417+0000] {processor.py:840} INFO - DAG(s) 'example_sensors' retrieved from /home/airflow/.local/lib/python3.8/site-packages/airflow/example_dags/example_sensors.py
[2025-11-06T05:17:11.486+0000] {logging_mixin.py:188} INFO - [2025-11-06T05:17:11.485+0000] {dag.py:3036} INFO - Sync 1 DAGs
[2025-11-06T05:17:11.530+0000] {logging_mixin.py:188} INFO - [2025-11-06T05:17:11.529+0000] {dag.py:3823} INFO - Setting next_dagrun for example_sensors to None, run_after=None
[2025-11-06T05:17:11.604+0000] {processor.py:183} INFO - Processing /home/airflow/.local/lib/python3.8/site-packages/airflow/example_dags/example_sensors.py took 0.234 seconds
[2025-11-06T05:17:41.708+0000] {processor.py:161} INFO - Started process (PID=339) to work on /home/airflow/.local/lib/python3.8/site-packages/airflow/example_dags/example_sensors.py
[2025-11-06T05:17:41.710+0000] {processor.py:830} INFO - Processing file /home/airflow/.local/lib/python3.8/site-packages/airflow/example_dags/example_sensors.py for tasks to queue
[2025-11-06T05:17:41.716+0000] {logging_mixin.py:188} INFO - [2025-11-06T05:17:41.715+0000] {dagbag.py:538} INFO - Filling up the DagBag from /home/airflow/.local/lib/python3.8/site-packages/airflow/example_dags/example_sensors.py
[2025-11-06T05:17:41.743+0000] {processor.py:840} INFO - DAG(s) 'example_sensors' retrieved from /home/airflow/.local/lib/python3.8/site-packages/airflow/example_dags/example_sensors.py
[2025-11-06T05:17:41.829+0000] {logging_mixin.py:188} INFO - [2025-11-06T05:17:41.828+0000] {dag.py:3036} INFO - Sync 1 DAGs
[2025-11-06T05:17:41.867+0000] {logging_mixin.py:188} INFO - [2025-11-06T05:17:41.867+0000] {dag.py:3823} INFO - Setting next_dagrun for example_sensors to None, run_after=None
[2025-11-06T05:17:41.924+0000] {processor.py:183} INFO - Processing /home/airflow/.local/lib/python3.8/site-packages/airflow/example_dags/example_sensors.py took 0.225 seconds
[2025-11-06T05:18:12.577+0000] {processor.py:161} INFO - Started process (PID=394) to work on /home/airflow/.local/lib/python3.8/site-packages/airflow/example_dags/example_sensors.py
[2025-11-06T05:18:12.579+0000] {processor.py:830} INFO - Processing file /home/airflow/.local/lib/python3.8/site-packages/airflow/example_dags/example_sensors.py for tasks to queue
[2025-11-06T05:18:12.582+0000] {logging_mixin.py:188} INFO - [2025-11-06T05:18:12.581+0000] {dagbag.py:538} INFO - Filling up the DagBag from /home/airflow/.local/lib/python3.8/site-packages/airflow/example_dags/example_sensors.py
[2025-11-06T05:18:12.594+0000] {processor.py:840} INFO - DAG(s) 'example_sensors' retrieved from /home/airflow/.local/lib/python3.8/site-packages/airflow/example_dags/example_sensors.py
[2025-11-06T05:18:12.629+0000] {logging_mixin.py:188} INFO - [2025-11-06T05:18:12.629+0000] {dag.py:3036} INFO - Sync 1 DAGs
[2025-11-06T05:18:12.644+0000] {logging_mixin.py:188} INFO - [2025-11-06T05:18:12.644+0000] {dag.py:3823} INFO - Setting next_dagrun for example_sensors to None, run_after=None
[2025-11-06T05:18:12.676+0000] {processor.py:183} INFO - Processing /home/airflow/.local/lib/python3.8/site-packages/airflow/example_dags/example_sensors.py took 0.103 seconds
[2025-11-06T05:18:43.496+0000] {processor.py:161} INFO - Started process (PID=449) to work on /home/airflow/.local/lib/python3.8/site-packages/airflow/example_dags/example_sensors.py
[2025-11-06T05:18:43.500+0000] {processor.py:830} INFO - Processing file /home/airflow/.local/lib/python3.8/site-packages/airflow/example_dags/example_sensors.py for tasks to queue
[2025-11-06T05:18:43.517+0000] {logging_mixin.py:188} INFO - [2025-11-06T05:18:43.516+0000] {dagbag.py:538} INFO - Filling up the DagBag from /home/airflow/.local/lib/python3.8/site-packages/airflow/example_dags/example_sensors.py
[2025-11-06T05:18:43.644+0000] {processor.py:840} INFO - DAG(s) 'example_sensors' retrieved from /home/airflow/.local/lib/python3.8/site-packages/airflow/example_dags/example_sensors.py
[2025-11-06T05:18:43.911+0000] {logging_mixin.py:188} INFO - [2025-11-06T05:18:43.910+0000] {dag.py:3036} INFO - Sync 1 DAGs
[2025-11-06T05:18:44.067+0000] {logging_mixin.py:188} INFO - [2025-11-06T05:18:44.056+0000] {dag.py:3823} INFO - Setting next_dagrun for example_sensors to None, run_after=None
[2025-11-06T05:18:44.311+0000] {processor.py:183} INFO - Processing /home/airflow/.local/lib/python3.8/site-packages/airflow/example_dags/example_sensors.py took 0.859 seconds
[2025-11-06T05:19:19.491+0000] {processor.py:161} INFO - Started process (PID=504) to work on /home/airflow/.local/lib/python3.8/site-packages/airflow/example_dags/example_sensors.py
[2025-11-06T05:19:19.496+0000] {processor.py:830} INFO - Processing file /home/airflow/.local/lib/python3.8/site-packages/airflow/example_dags/example_sensors.py for tasks to queue
[2025-11-06T05:19:19.524+0000] {logging_mixin.py:188} INFO - [2025-11-06T05:19:19.513+0000] {dagbag.py:538} INFO - Filling up the DagBag from /home/airflow/.local/lib/python3.8/site-packages/airflow/example_dags/example_sensors.py
[2025-11-06T05:19:19.691+0000] {processor.py:840} INFO - DAG(s) 'example_sensors' retrieved from /home/airflow/.local/lib/python3.8/site-packages/airflow/example_dags/example_sensors.py
[2025-11-06T05:19:19.997+0000] {logging_mixin.py:188} INFO - [2025-11-06T05:19:19.994+0000] {dag.py:3036} INFO - Sync 1 DAGs
[2025-11-06T05:19:20.145+0000] {logging_mixin.py:188} INFO - [2025-11-06T05:19:20.133+0000] {dag.py:3823} INFO - Setting next_dagrun for example_sensors to None, run_after=None
[2025-11-06T05:19:20.392+0000] {processor.py:183} INFO - Processing /home/airflow/.local/lib/python3.8/site-packages/airflow/example_dags/example_sensors.py took 0.977 seconds
[2025-11-06T05:19:51.162+0000] {processor.py:161} INFO - Started process (PID=557) to work on /home/airflow/.local/lib/python3.8/site-packages/airflow/example_dags/example_sensors.py
[2025-11-06T05:19:51.166+0000] {processor.py:830} INFO - Processing file /home/airflow/.local/lib/python3.8/site-packages/airflow/example_dags/example_sensors.py for tasks to queue
[2025-11-06T05:19:51.187+0000] {logging_mixin.py:188} INFO - [2025-11-06T05:19:51.186+0000] {dagbag.py:538} INFO - Filling up the DagBag from /home/airflow/.local/lib/python3.8/site-packages/airflow/example_dags/example_sensors.py
[2025-11-06T05:19:51.263+0000] {processor.py:840} INFO - DAG(s) 'example_sensors' retrieved from /home/airflow/.local/lib/python3.8/site-packages/airflow/example_dags/example_sensors.py
[2025-11-06T05:19:51.535+0000] {logging_mixin.py:188} INFO - [2025-11-06T05:19:51.534+0000] {dag.py:3036} INFO - Sync 1 DAGs
[2025-11-06T05:19:51.669+0000] {logging_mixin.py:188} INFO - [2025-11-06T05:19:51.668+0000] {dag.py:3823} INFO - Setting next_dagrun for example_sensors to None, run_after=None
[2025-11-06T05:19:51.904+0000] {processor.py:183} INFO - Processing /home/airflow/.local/lib/python3.8/site-packages/airflow/example_dags/example_sensors.py took 0.760 seconds
[2025-11-06T05:20:23.923+0000] {processor.py:161} INFO - Started process (PID=612) to work on /home/airflow/.local/lib/python3.8/site-packages/airflow/example_dags/example_sensors.py
[2025-11-06T05:20:23.938+0000] {processor.py:830} INFO - Processing file /home/airflow/.local/lib/python3.8/site-packages/airflow/example_dags/example_sensors.py for tasks to queue
[2025-11-06T05:20:23.958+0000] {logging_mixin.py:188} INFO - [2025-11-06T05:20:23.950+0000] {dagbag.py:538} INFO - Filling up the DagBag from /home/airflow/.local/lib/python3.8/site-packages/airflow/example_dags/example_sensors.py
[2025-11-06T05:20:24.086+0000] {processor.py:840} INFO - DAG(s) 'example_sensors' retrieved from /home/airflow/.local/lib/python3.8/site-packages/airflow/example_dags/example_sensors.py
[2025-11-06T05:20:24.306+0000] {logging_mixin.py:188} INFO - [2025-11-06T05:20:24.305+0000] {dag.py:3036} INFO - Sync 1 DAGs
[2025-11-06T05:20:24.409+0000] {logging_mixin.py:188} INFO - [2025-11-06T05:20:24.408+0000] {dag.py:3823} INFO - Setting next_dagrun for example_sensors to None, run_after=None
[2025-11-06T05:20:24.648+0000] {processor.py:183} INFO - Processing /home/airflow/.local/lib/python3.8/site-packages/airflow/example_dags/example_sensors.py took 0.747 seconds
[2025-11-06T05:20:55.795+0000] {processor.py:161} INFO - Started process (PID=667) to work on /home/airflow/.local/lib/python3.8/site-packages/airflow/example_dags/example_sensors.py
[2025-11-06T05:20:55.811+0000] {processor.py:830} INFO - Processing file /home/airflow/.local/lib/python3.8/site-packages/airflow/example_dags/example_sensors.py for tasks to queue
[2025-11-06T05:20:55.828+0000] {logging_mixin.py:188} INFO - [2025-11-06T05:20:55.827+0000] {dagbag.py:538} INFO - Filling up the DagBag from /home/airflow/.local/lib/python3.8/site-packages/airflow/example_dags/example_sensors.py
[2025-11-06T05:20:55.922+0000] {processor.py:840} INFO - DAG(s) 'example_sensors' retrieved from /home/airflow/.local/lib/python3.8/site-packages/airflow/example_dags/example_sensors.py
[2025-11-06T05:20:56.150+0000] {logging_mixin.py:188} INFO - [2025-11-06T05:20:56.146+0000] {dag.py:3036} INFO - Sync 1 DAGs
[2025-11-06T05:20:56.229+0000] {logging_mixin.py:188} INFO - [2025-11-06T05:20:56.228+0000] {dag.py:3823} INFO - Setting next_dagrun for example_sensors to None, run_after=None
[2025-11-06T05:20:56.385+0000] {processor.py:183} INFO - Processing /home/airflow/.local/lib/python3.8/site-packages/airflow/example_dags/example_sensors.py took 0.615 seconds
[2025-11-06T05:21:28.781+0000] {processor.py:161} INFO - Started process (PID=722) to work on /home/airflow/.local/lib/python3.8/site-packages/airflow/example_dags/example_sensors.py
[2025-11-06T05:21:28.795+0000] {processor.py:830} INFO - Processing file /home/airflow/.local/lib/python3.8/site-packages/airflow/example_dags/example_sensors.py for tasks to queue
[2025-11-06T05:21:28.844+0000] {logging_mixin.py:188} INFO - [2025-11-06T05:21:28.843+0000] {dagbag.py:538} INFO - Filling up the DagBag from /home/airflow/.local/lib/python3.8/site-packages/airflow/example_dags/example_sensors.py
[2025-11-06T05:21:28.967+0000] {processor.py:840} INFO - DAG(s) 'example_sensors' retrieved from /home/airflow/.local/lib/python3.8/site-packages/airflow/example_dags/example_sensors.py
[2025-11-06T05:21:29.292+0000] {logging_mixin.py:188} INFO - [2025-11-06T05:21:29.292+0000] {dag.py:3036} INFO - Sync 1 DAGs
[2025-11-06T05:21:29.405+0000] {logging_mixin.py:188} INFO - [2025-11-06T05:21:29.404+0000] {dag.py:3823} INFO - Setting next_dagrun for example_sensors to None, run_after=None
[2025-11-06T05:21:29.687+0000] {processor.py:183} INFO - Processing /home/airflow/.local/lib/python3.8/site-packages/airflow/example_dags/example_sensors.py took 0.953 seconds
[2025-11-06T05:22:00.061+0000] {processor.py:161} INFO - Started process (PID=776) to work on /home/airflow/.local/lib/python3.8/site-packages/airflow/example_dags/example_sensors.py
[2025-11-06T05:22:00.070+0000] {processor.py:830} INFO - Processing file /home/airflow/.local/lib/python3.8/site-packages/airflow/example_dags/example_sensors.py for tasks to queue
[2025-11-06T05:22:00.079+0000] {logging_mixin.py:188} INFO - [2025-11-06T05:22:00.078+0000] {dagbag.py:538} INFO - Filling up the DagBag from /home/airflow/.local/lib/python3.8/site-packages/airflow/example_dags/example_sensors.py
[2025-11-06T05:22:00.163+0000] {processor.py:840} INFO - DAG(s) 'example_sensors' retrieved from /home/airflow/.local/lib/python3.8/site-packages/airflow/example_dags/example_sensors.py
[2025-11-06T05:22:00.361+0000] {logging_mixin.py:188} INFO - [2025-11-06T05:22:00.360+0000] {dag.py:3036} INFO - Sync 1 DAGs
[2025-11-06T05:22:00.506+0000] {logging_mixin.py:188} INFO - [2025-11-06T05:22:00.505+0000] {dag.py:3823} INFO - Setting next_dagrun for example_sensors to None, run_after=None
[2025-11-06T05:22:00.659+0000] {processor.py:183} INFO - Processing /home/airflow/.local/lib/python3.8/site-packages/airflow/example_dags/example_sensors.py took 0.621 seconds
[2025-11-06T05:22:31.614+0000] {processor.py:161} INFO - Started process (PID=832) to work on /home/airflow/.local/lib/python3.8/site-packages/airflow/example_dags/example_sensors.py
[2025-11-06T05:22:31.633+0000] {processor.py:830} INFO - Processing file /home/airflow/.local/lib/python3.8/site-packages/airflow/example_dags/example_sensors.py for tasks to queue
[2025-11-06T05:22:31.646+0000] {logging_mixin.py:188} INFO - [2025-11-06T05:22:31.645+0000] {dagbag.py:538} INFO - Filling up the DagBag from /home/airflow/.local/lib/python3.8/site-packages/airflow/example_dags/example_sensors.py
[2025-11-06T05:22:31.719+0000] {processor.py:840} INFO - DAG(s) 'example_sensors' retrieved from /home/airflow/.local/lib/python3.8/site-packages/airflow/example_dags/example_sensors.py
[2025-11-06T05:22:31.913+0000] {logging_mixin.py:188} INFO - [2025-11-06T05:22:31.913+0000] {dag.py:3036} INFO - Sync 1 DAGs
[2025-11-06T05:22:31.986+0000] {logging_mixin.py:188} INFO - [2025-11-06T05:22:31.986+0000] {dag.py:3823} INFO - Setting next_dagrun for example_sensors to None, run_after=None
[2025-11-06T05:22:32.093+0000] {processor.py:183} INFO - Processing /home/airflow/.local/lib/python3.8/site-packages/airflow/example_dags/example_sensors.py took 0.503 seconds
[2025-11-06T05:23:02.546+0000] {processor.py:161} INFO - Started process (PID=887) to work on /home/airflow/.local/lib/python3.8/site-packages/airflow/example_dags/example_sensors.py
[2025-11-06T05:23:02.549+0000] {processor.py:830} INFO - Processing file /home/airflow/.local/lib/python3.8/site-packages/airflow/example_dags/example_sensors.py for tasks to queue
[2025-11-06T05:23:02.553+0000] {logging_mixin.py:188} INFO - [2025-11-06T05:23:02.552+0000] {dagbag.py:538} INFO - Filling up the DagBag from /home/airflow/.local/lib/python3.8/site-packages/airflow/example_dags/example_sensors.py
[2025-11-06T05:23:02.586+0000] {processor.py:840} INFO - DAG(s) 'example_sensors' retrieved from /home/airflow/.local/lib/python3.8/site-packages/airflow/example_dags/example_sensors.py
[2025-11-06T05:23:02.639+0000] {logging_mixin.py:188} INFO - [2025-11-06T05:23:02.638+0000] {dag.py:3036} INFO - Sync 1 DAGs
[2025-11-06T05:23:02.661+0000] {logging_mixin.py:188} INFO - [2025-11-06T05:23:02.660+0000] {dag.py:3823} INFO - Setting next_dagrun for example_sensors to None, run_after=None
[2025-11-06T05:23:02.709+0000] {processor.py:183} INFO - Processing /home/airflow/.local/lib/python3.8/site-packages/airflow/example_dags/example_sensors.py took 0.173 seconds
[2025-11-06T05:23:32.972+0000] {processor.py:161} INFO - Started process (PID=942) to work on /home/airflow/.local/lib/python3.8/site-packages/airflow/example_dags/example_sensors.py
[2025-11-06T05:23:32.976+0000] {processor.py:830} INFO - Processing file /home/airflow/.local/lib/python3.8/site-packages/airflow/example_dags/example_sensors.py for tasks to queue
[2025-11-06T05:23:32.983+0000] {logging_mixin.py:188} INFO - [2025-11-06T05:23:32.982+0000] {dagbag.py:538} INFO - Filling up the DagBag from /home/airflow/.local/lib/python3.8/site-packages/airflow/example_dags/example_sensors.py
[2025-11-06T05:23:33.017+0000] {processor.py:840} INFO - DAG(s) 'example_sensors' retrieved from /home/airflow/.local/lib/python3.8/site-packages/airflow/example_dags/example_sensors.py
[2025-11-06T05:23:33.086+0000] {logging_mixin.py:188} INFO - [2025-11-06T05:23:33.085+0000] {dag.py:3036} INFO - Sync 1 DAGs
[2025-11-06T05:23:33.125+0000] {logging_mixin.py:188} INFO - [2025-11-06T05:23:33.124+0000] {dag.py:3823} INFO - Setting next_dagrun for example_sensors to None, run_after=None
[2025-11-06T05:23:33.183+0000] {processor.py:183} INFO - Processing /home/airflow/.local/lib/python3.8/site-packages/airflow/example_dags/example_sensors.py took 0.221 seconds
[2025-11-06T05:24:04.068+0000] {processor.py:161} INFO - Started process (PID=997) to work on /home/airflow/.local/lib/python3.8/site-packages/airflow/example_dags/example_sensors.py
[2025-11-06T05:24:04.071+0000] {processor.py:830} INFO - Processing file /home/airflow/.local/lib/python3.8/site-packages/airflow/example_dags/example_sensors.py for tasks to queue
[2025-11-06T05:24:04.079+0000] {logging_mixin.py:188} INFO - [2025-11-06T05:24:04.078+0000] {dagbag.py:538} INFO - Filling up the DagBag from /home/airflow/.local/lib/python3.8/site-packages/airflow/example_dags/example_sensors.py
[2025-11-06T05:24:04.127+0000] {processor.py:840} INFO - DAG(s) 'example_sensors' retrieved from /home/airflow/.local/lib/python3.8/site-packages/airflow/example_dags/example_sensors.py
[2025-11-06T05:24:04.294+0000] {logging_mixin.py:188} INFO - [2025-11-06T05:24:04.293+0000] {dag.py:3036} INFO - Sync 1 DAGs
[2025-11-06T05:24:04.359+0000] {logging_mixin.py:188} INFO - [2025-11-06T05:24:04.358+0000] {dag.py:3823} INFO - Setting next_dagrun for example_sensors to None, run_after=None
[2025-11-06T05:24:04.488+0000] {processor.py:183} INFO - Processing /home/airflow/.local/lib/python3.8/site-packages/airflow/example_dags/example_sensors.py took 0.430 seconds
[2025-11-06T05:24:34.955+0000] {processor.py:161} INFO - Started process (PID=1058) to work on /home/airflow/.local/lib/python3.8/site-packages/airflow/example_dags/example_sensors.py
[2025-11-06T05:24:34.973+0000] {processor.py:830} INFO - Processing file /home/airflow/.local/lib/python3.8/site-packages/airflow/example_dags/example_sensors.py for tasks to queue
[2025-11-06T05:24:34.989+0000] {logging_mixin.py:188} INFO - [2025-11-06T05:24:34.988+0000] {dagbag.py:538} INFO - Filling up the DagBag from /home/airflow/.local/lib/python3.8/site-packages/airflow/example_dags/example_sensors.py
[2025-11-06T05:24:35.071+0000] {processor.py:840} INFO - DAG(s) 'example_sensors' retrieved from /home/airflow/.local/lib/python3.8/site-packages/airflow/example_dags/example_sensors.py
[2025-11-06T05:24:35.376+0000] {logging_mixin.py:188} INFO - [2025-11-06T05:24:35.376+0000] {dag.py:3036} INFO - Sync 1 DAGs
[2025-11-06T05:24:35.509+0000] {logging_mixin.py:188} INFO - [2025-11-06T05:24:35.509+0000] {dag.py:3823} INFO - Setting next_dagrun for example_sensors to None, run_after=None
[2025-11-06T05:24:35.674+0000] {processor.py:183} INFO - Processing /home/airflow/.local/lib/python3.8/site-packages/airflow/example_dags/example_sensors.py took 0.745 seconds
[2025-11-06T05:25:06.108+0000] {processor.py:161} INFO - Started process (PID=1113) to work on /home/airflow/.local/lib/python3.8/site-packages/airflow/example_dags/example_sensors.py
[2025-11-06T05:25:06.112+0000] {processor.py:830} INFO - Processing file /home/airflow/.local/lib/python3.8/site-packages/airflow/example_dags/example_sensors.py for tasks to queue
[2025-11-06T05:25:06.119+0000] {logging_mixin.py:188} INFO - [2025-11-06T05:25:06.118+0000] {dagbag.py:538} INFO - Filling up the DagBag from /home/airflow/.local/lib/python3.8/site-packages/airflow/example_dags/example_sensors.py
[2025-11-06T05:25:06.152+0000] {processor.py:840} INFO - DAG(s) 'example_sensors' retrieved from /home/airflow/.local/lib/python3.8/site-packages/airflow/example_dags/example_sensors.py
[2025-11-06T05:25:06.241+0000] {logging_mixin.py:188} INFO - [2025-11-06T05:25:06.241+0000] {dag.py:3036} INFO - Sync 1 DAGs
[2025-11-06T05:25:06.287+0000] {logging_mixin.py:188} INFO - [2025-11-06T05:25:06.286+0000] {dag.py:3823} INFO - Setting next_dagrun for example_sensors to None, run_after=None
[2025-11-06T05:25:06.368+0000] {processor.py:183} INFO - Processing /home/airflow/.local/lib/python3.8/site-packages/airflow/example_dags/example_sensors.py took 0.271 seconds
[2025-11-06T05:25:36.694+0000] {processor.py:161} INFO - Started process (PID=1164) to work on /home/airflow/.local/lib/python3.8/site-packages/airflow/example_dags/example_sensors.py
[2025-11-06T05:25:36.697+0000] {processor.py:830} INFO - Processing file /home/airflow/.local/lib/python3.8/site-packages/airflow/example_dags/example_sensors.py for tasks to queue
[2025-11-06T05:25:36.702+0000] {logging_mixin.py:188} INFO - [2025-11-06T05:25:36.702+0000] {dagbag.py:538} INFO - Filling up the DagBag from /home/airflow/.local/lib/python3.8/site-packages/airflow/example_dags/example_sensors.py
[2025-11-06T05:25:36.724+0000] {processor.py:840} INFO - DAG(s) 'example_sensors' retrieved from /home/airflow/.local/lib/python3.8/site-packages/airflow/example_dags/example_sensors.py
[2025-11-06T05:25:36.792+0000] {logging_mixin.py:188} INFO - [2025-11-06T05:25:36.792+0000] {dag.py:3036} INFO - Sync 1 DAGs
[2025-11-06T05:25:36.818+0000] {logging_mixin.py:188} INFO - [2025-11-06T05:25:36.818+0000] {dag.py:3823} INFO - Setting next_dagrun for example_sensors to None, run_after=None
[2025-11-06T05:25:36.854+0000] {processor.py:183} INFO - Processing /home/airflow/.local/lib/python3.8/site-packages/airflow/example_dags/example_sensors.py took 0.168 seconds
[2025-11-06T05:26:06.973+0000] {processor.py:161} INFO - Started process (PID=1215) to work on /home/airflow/.local/lib/python3.8/site-packages/airflow/example_dags/example_sensors.py
[2025-11-06T05:26:06.979+0000] {processor.py:830} INFO - Processing file /home/airflow/.local/lib/python3.8/site-packages/airflow/example_dags/example_sensors.py for tasks to queue
[2025-11-06T05:26:06.986+0000] {logging_mixin.py:188} INFO - [2025-11-06T05:26:06.985+0000] {dagbag.py:538} INFO - Filling up the DagBag from /home/airflow/.local/lib/python3.8/site-packages/airflow/example_dags/example_sensors.py
[2025-11-06T05:26:07.034+0000] {processor.py:840} INFO - DAG(s) 'example_sensors' retrieved from /home/airflow/.local/lib/python3.8/site-packages/airflow/example_dags/example_sensors.py
[2025-11-06T05:26:07.162+0000] {logging_mixin.py:188} INFO - [2025-11-06T05:26:07.161+0000] {dag.py:3036} INFO - Sync 1 DAGs
[2025-11-06T05:26:07.235+0000] {logging_mixin.py:188} INFO - [2025-11-06T05:26:07.235+0000] {dag.py:3823} INFO - Setting next_dagrun for example_sensors to None, run_after=None
[2025-11-06T05:26:07.351+0000] {processor.py:183} INFO - Processing /home/airflow/.local/lib/python3.8/site-packages/airflow/example_dags/example_sensors.py took 0.392 seconds
[2025-11-06T05:26:37.649+0000] {processor.py:161} INFO - Started process (PID=1270) to work on /home/airflow/.local/lib/python3.8/site-packages/airflow/example_dags/example_sensors.py
[2025-11-06T05:26:37.651+0000] {processor.py:830} INFO - Processing file /home/airflow/.local/lib/python3.8/site-packages/airflow/example_dags/example_sensors.py for tasks to queue
[2025-11-06T05:26:37.655+0000] {logging_mixin.py:188} INFO - [2025-11-06T05:26:37.654+0000] {dagbag.py:538} INFO - Filling up the DagBag from /home/airflow/.local/lib/python3.8/site-packages/airflow/example_dags/example_sensors.py
[2025-11-06T05:26:37.670+0000] {processor.py:840} INFO - DAG(s) 'example_sensors' retrieved from /home/airflow/.local/lib/python3.8/site-packages/airflow/example_dags/example_sensors.py
[2025-11-06T05:26:37.719+0000] {logging_mixin.py:188} INFO - [2025-11-06T05:26:37.719+0000] {dag.py:3036} INFO - Sync 1 DAGs
[2025-11-06T05:26:37.741+0000] {logging_mixin.py:188} INFO - [2025-11-06T05:26:37.741+0000] {dag.py:3823} INFO - Setting next_dagrun for example_sensors to None, run_after=None
[2025-11-06T05:26:37.778+0000] {processor.py:183} INFO - Processing /home/airflow/.local/lib/python3.8/site-packages/airflow/example_dags/example_sensors.py took 0.135 seconds
[2025-11-06T05:27:08.010+0000] {processor.py:161} INFO - Started process (PID=1325) to work on /home/airflow/.local/lib/python3.8/site-packages/airflow/example_dags/example_sensors.py
[2025-11-06T05:27:08.012+0000] {processor.py:830} INFO - Processing file /home/airflow/.local/lib/python3.8/site-packages/airflow/example_dags/example_sensors.py for tasks to queue
[2025-11-06T05:27:08.015+0000] {logging_mixin.py:188} INFO - [2025-11-06T05:27:08.015+0000] {dagbag.py:538} INFO - Filling up the DagBag from /home/airflow/.local/lib/python3.8/site-packages/airflow/example_dags/example_sensors.py
[2025-11-06T05:27:08.029+0000] {processor.py:840} INFO - DAG(s) 'example_sensors' retrieved from /home/airflow/.local/lib/python3.8/site-packages/airflow/example_dags/example_sensors.py
[2025-11-06T05:27:08.068+0000] {logging_mixin.py:188} INFO - [2025-11-06T05:27:08.068+0000] {dag.py:3036} INFO - Sync 1 DAGs
[2025-11-06T05:27:08.087+0000] {logging_mixin.py:188} INFO - [2025-11-06T05:27:08.086+0000] {dag.py:3823} INFO - Setting next_dagrun for example_sensors to None, run_after=None
[2025-11-06T05:27:08.120+0000] {processor.py:183} INFO - Processing /home/airflow/.local/lib/python3.8/site-packages/airflow/example_dags/example_sensors.py took 0.116 seconds
[2025-11-06T05:27:38.405+0000] {processor.py:161} INFO - Started process (PID=1380) to work on /home/airflow/.local/lib/python3.8/site-packages/airflow/example_dags/example_sensors.py
[2025-11-06T05:27:38.413+0000] {processor.py:830} INFO - Processing file /home/airflow/.local/lib/python3.8/site-packages/airflow/example_dags/example_sensors.py for tasks to queue
[2025-11-06T05:27:38.421+0000] {logging_mixin.py:188} INFO - [2025-11-06T05:27:38.419+0000] {dagbag.py:538} INFO - Filling up the DagBag from /home/airflow/.local/lib/python3.8/site-packages/airflow/example_dags/example_sensors.py
[2025-11-06T05:27:38.463+0000] {processor.py:840} INFO - DAG(s) 'example_sensors' retrieved from /home/airflow/.local/lib/python3.8/site-packages/airflow/example_dags/example_sensors.py
[2025-11-06T05:27:38.525+0000] {logging_mixin.py:188} INFO - [2025-11-06T05:27:38.525+0000] {dag.py:3036} INFO - Sync 1 DAGs
[2025-11-06T05:27:38.550+0000] {logging_mixin.py:188} INFO - [2025-11-06T05:27:38.550+0000] {dag.py:3823} INFO - Setting next_dagrun for example_sensors to None, run_after=None
[2025-11-06T05:27:38.587+0000] {processor.py:183} INFO - Processing /home/airflow/.local/lib/python3.8/site-packages/airflow/example_dags/example_sensors.py took 0.208 seconds
[2025-11-06T05:28:09.524+0000] {processor.py:161} INFO - Started process (PID=1435) to work on /home/airflow/.local/lib/python3.8/site-packages/airflow/example_dags/example_sensors.py
[2025-11-06T05:28:09.528+0000] {processor.py:830} INFO - Processing file /home/airflow/.local/lib/python3.8/site-packages/airflow/example_dags/example_sensors.py for tasks to queue
[2025-11-06T05:28:09.544+0000] {logging_mixin.py:188} INFO - [2025-11-06T05:28:09.543+0000] {dagbag.py:538} INFO - Filling up the DagBag from /home/airflow/.local/lib/python3.8/site-packages/airflow/example_dags/example_sensors.py
[2025-11-06T05:28:09.595+0000] {processor.py:840} INFO - DAG(s) 'example_sensors' retrieved from /home/airflow/.local/lib/python3.8/site-packages/airflow/example_dags/example_sensors.py
[2025-11-06T05:28:09.730+0000] {logging_mixin.py:188} INFO - [2025-11-06T05:28:09.729+0000] {dag.py:3036} INFO - Sync 1 DAGs
[2025-11-06T05:28:09.791+0000] {logging_mixin.py:188} INFO - [2025-11-06T05:28:09.790+0000] {dag.py:3823} INFO - Setting next_dagrun for example_sensors to None, run_after=None
[2025-11-06T05:28:09.906+0000] {processor.py:183} INFO - Processing /home/airflow/.local/lib/python3.8/site-packages/airflow/example_dags/example_sensors.py took 0.407 seconds
[2025-11-06T05:28:40.248+0000] {processor.py:161} INFO - Started process (PID=1490) to work on /home/airflow/.local/lib/python3.8/site-packages/airflow/example_dags/example_sensors.py
[2025-11-06T05:28:40.252+0000] {processor.py:830} INFO - Processing file /home/airflow/.local/lib/python3.8/site-packages/airflow/example_dags/example_sensors.py for tasks to queue
[2025-11-06T05:28:40.263+0000] {logging_mixin.py:188} INFO - [2025-11-06T05:28:40.260+0000] {dagbag.py:538} INFO - Filling up the DagBag from /home/airflow/.local/lib/python3.8/site-packages/airflow/example_dags/example_sensors.py
[2025-11-06T05:28:40.321+0000] {processor.py:840} INFO - DAG(s) 'example_sensors' retrieved from /home/airflow/.local/lib/python3.8/site-packages/airflow/example_dags/example_sensors.py
[2025-11-06T05:28:40.437+0000] {logging_mixin.py:188} INFO - [2025-11-06T05:28:40.436+0000] {dag.py:3036} INFO - Sync 1 DAGs
[2025-11-06T05:28:40.508+0000] {logging_mixin.py:188} INFO - [2025-11-06T05:28:40.506+0000] {dag.py:3823} INFO - Setting next_dagrun for example_sensors to None, run_after=None
[2025-11-06T05:28:40.593+0000] {processor.py:183} INFO - Processing /home/airflow/.local/lib/python3.8/site-packages/airflow/example_dags/example_sensors.py took 0.361 seconds
[2025-11-06T05:29:11.309+0000] {processor.py:161} INFO - Started process (PID=1545) to work on /home/airflow/.local/lib/python3.8/site-packages/airflow/example_dags/example_sensors.py
[2025-11-06T05:29:11.312+0000] {processor.py:830} INFO - Processing file /home/airflow/.local/lib/python3.8/site-packages/airflow/example_dags/example_sensors.py for tasks to queue
[2025-11-06T05:29:11.317+0000] {logging_mixin.py:188} INFO - [2025-11-06T05:29:11.316+0000] {dagbag.py:538} INFO - Filling up the DagBag from /home/airflow/.local/lib/python3.8/site-packages/airflow/example_dags/example_sensors.py
[2025-11-06T05:29:11.353+0000] {processor.py:840} INFO - DAG(s) 'example_sensors' retrieved from /home/airflow/.local/lib/python3.8/site-packages/airflow/example_dags/example_sensors.py
[2025-11-06T05:29:11.472+0000] {logging_mixin.py:188} INFO - [2025-11-06T05:29:11.469+0000] {dag.py:3036} INFO - Sync 1 DAGs
[2025-11-06T05:29:11.507+0000] {logging_mixin.py:188} INFO - [2025-11-06T05:29:11.506+0000] {dag.py:3823} INFO - Setting next_dagrun for example_sensors to None, run_after=None
[2025-11-06T05:29:11.553+0000] {processor.py:183} INFO - Processing /home/airflow/.local/lib/python3.8/site-packages/airflow/example_dags/example_sensors.py took 0.254 seconds
[2025-11-06T05:29:42.353+0000] {processor.py:161} INFO - Started process (PID=1600) to work on /home/airflow/.local/lib/python3.8/site-packages/airflow/example_dags/example_sensors.py
[2025-11-06T05:29:42.357+0000] {processor.py:830} INFO - Processing file /home/airflow/.local/lib/python3.8/site-packages/airflow/example_dags/example_sensors.py for tasks to queue
[2025-11-06T05:29:42.363+0000] {logging_mixin.py:188} INFO - [2025-11-06T05:29:42.362+0000] {dagbag.py:538} INFO - Filling up the DagBag from /home/airflow/.local/lib/python3.8/site-packages/airflow/example_dags/example_sensors.py
[2025-11-06T05:29:42.383+0000] {processor.py:840} INFO - DAG(s) 'example_sensors' retrieved from /home/airflow/.local/lib/python3.8/site-packages/airflow/example_dags/example_sensors.py
[2025-11-06T05:29:42.443+0000] {logging_mixin.py:188} INFO - [2025-11-06T05:29:42.442+0000] {dag.py:3036} INFO - Sync 1 DAGs
[2025-11-06T05:29:42.469+0000] {logging_mixin.py:188} INFO - [2025-11-06T05:29:42.469+0000] {dag.py:3823} INFO - Setting next_dagrun for example_sensors to None, run_after=None
[2025-11-06T05:29:42.523+0000] {processor.py:183} INFO - Processing /home/airflow/.local/lib/python3.8/site-packages/airflow/example_dags/example_sensors.py took 0.180 seconds
[2025-11-06T05:30:13.211+0000] {processor.py:161} INFO - Started process (PID=1655) to work on /home/airflow/.local/lib/python3.8/site-packages/airflow/example_dags/example_sensors.py
[2025-11-06T05:30:13.215+0000] {processor.py:830} INFO - Processing file /home/airflow/.local/lib/python3.8/site-packages/airflow/example_dags/example_sensors.py for tasks to queue
[2025-11-06T05:30:13.221+0000] {logging_mixin.py:188} INFO - [2025-11-06T05:30:13.220+0000] {dagbag.py:538} INFO - Filling up the DagBag from /home/airflow/.local/lib/python3.8/site-packages/airflow/example_dags/example_sensors.py
[2025-11-06T05:30:13.256+0000] {processor.py:840} INFO - DAG(s) 'example_sensors' retrieved from /home/airflow/.local/lib/python3.8/site-packages/airflow/example_dags/example_sensors.py
[2025-11-06T05:30:13.353+0000] {logging_mixin.py:188} INFO - [2025-11-06T05:30:13.353+0000] {dag.py:3036} INFO - Sync 1 DAGs
[2025-11-06T05:30:13.407+0000] {logging_mixin.py:188} INFO - [2025-11-06T05:30:13.404+0000] {dag.py:3823} INFO - Setting next_dagrun for example_sensors to None, run_after=None
[2025-11-06T05:30:13.481+0000] {processor.py:183} INFO - Processing /home/airflow/.local/lib/python3.8/site-packages/airflow/example_dags/example_sensors.py took 0.283 seconds
[2025-11-06T05:30:44.493+0000] {processor.py:161} INFO - Started process (PID=1711) to work on /home/airflow/.local/lib/python3.8/site-packages/airflow/example_dags/example_sensors.py
[2025-11-06T05:30:44.496+0000] {processor.py:830} INFO - Processing file /home/airflow/.local/lib/python3.8/site-packages/airflow/example_dags/example_sensors.py for tasks to queue
[2025-11-06T05:30:44.504+0000] {logging_mixin.py:188} INFO - [2025-11-06T05:30:44.502+0000] {dagbag.py:538} INFO - Filling up the DagBag from /home/airflow/.local/lib/python3.8/site-packages/airflow/example_dags/example_sensors.py
[2025-11-06T05:30:44.544+0000] {processor.py:840} INFO - DAG(s) 'example_sensors' retrieved from /home/airflow/.local/lib/python3.8/site-packages/airflow/example_dags/example_sensors.py
[2025-11-06T05:30:44.649+0000] {logging_mixin.py:188} INFO - [2025-11-06T05:30:44.648+0000] {dag.py:3036} INFO - Sync 1 DAGs
[2025-11-06T05:30:44.696+0000] {logging_mixin.py:188} INFO - [2025-11-06T05:30:44.696+0000] {dag.py:3823} INFO - Setting next_dagrun for example_sensors to None, run_after=None
[2025-11-06T05:30:44.768+0000] {processor.py:183} INFO - Processing /home/airflow/.local/lib/python3.8/site-packages/airflow/example_dags/example_sensors.py took 0.292 seconds
[2025-11-06T05:31:15.734+0000] {processor.py:161} INFO - Started process (PID=1764) to work on /home/airflow/.local/lib/python3.8/site-packages/airflow/example_dags/example_sensors.py
[2025-11-06T05:31:15.736+0000] {processor.py:830} INFO - Processing file /home/airflow/.local/lib/python3.8/site-packages/airflow/example_dags/example_sensors.py for tasks to queue
[2025-11-06T05:31:15.741+0000] {logging_mixin.py:188} INFO - [2025-11-06T05:31:15.741+0000] {dagbag.py:538} INFO - Filling up the DagBag from /home/airflow/.local/lib/python3.8/site-packages/airflow/example_dags/example_sensors.py
[2025-11-06T05:31:15.755+0000] {processor.py:840} INFO - DAG(s) 'example_sensors' retrieved from /home/airflow/.local/lib/python3.8/site-packages/airflow/example_dags/example_sensors.py
[2025-11-06T05:31:15.802+0000] {logging_mixin.py:188} INFO - [2025-11-06T05:31:15.802+0000] {dag.py:3036} INFO - Sync 1 DAGs
[2025-11-06T05:31:15.828+0000] {logging_mixin.py:188} INFO - [2025-11-06T05:31:15.828+0000] {dag.py:3823} INFO - Setting next_dagrun for example_sensors to None, run_after=None
[2025-11-06T05:31:15.870+0000] {processor.py:183} INFO - Processing /home/airflow/.local/lib/python3.8/site-packages/airflow/example_dags/example_sensors.py took 0.141 seconds
[2025-11-06T05:31:46.205+0000] {processor.py:161} INFO - Started process (PID=1819) to work on /home/airflow/.local/lib/python3.8/site-packages/airflow/example_dags/example_sensors.py
[2025-11-06T05:31:46.206+0000] {processor.py:830} INFO - Processing file /home/airflow/.local/lib/python3.8/site-packages/airflow/example_dags/example_sensors.py for tasks to queue
[2025-11-06T05:31:46.210+0000] {logging_mixin.py:188} INFO - [2025-11-06T05:31:46.209+0000] {dagbag.py:538} INFO - Filling up the DagBag from /home/airflow/.local/lib/python3.8/site-packages/airflow/example_dags/example_sensors.py
[2025-11-06T05:31:46.223+0000] {processor.py:840} INFO - DAG(s) 'example_sensors' retrieved from /home/airflow/.local/lib/python3.8/site-packages/airflow/example_dags/example_sensors.py
[2025-11-06T05:31:46.260+0000] {logging_mixin.py:188} INFO - [2025-11-06T05:31:46.260+0000] {dag.py:3036} INFO - Sync 1 DAGs
[2025-11-06T05:31:46.277+0000] {logging_mixin.py:188} INFO - [2025-11-06T05:31:46.277+0000] {dag.py:3823} INFO - Setting next_dagrun for example_sensors to None, run_after=None
[2025-11-06T05:31:46.309+0000] {processor.py:183} INFO - Processing /home/airflow/.local/lib/python3.8/site-packages/airflow/example_dags/example_sensors.py took 0.109 seconds
[2025-11-06T05:32:16.624+0000] {processor.py:161} INFO - Started process (PID=1874) to work on /home/airflow/.local/lib/python3.8/site-packages/airflow/example_dags/example_sensors.py
[2025-11-06T05:32:16.626+0000] {processor.py:830} INFO - Processing file /home/airflow/.local/lib/python3.8/site-packages/airflow/example_dags/example_sensors.py for tasks to queue
[2025-11-06T05:32:16.629+0000] {logging_mixin.py:188} INFO - [2025-11-06T05:32:16.629+0000] {dagbag.py:538} INFO - Filling up the DagBag from /home/airflow/.local/lib/python3.8/site-packages/airflow/example_dags/example_sensors.py
[2025-11-06T05:32:16.642+0000] {processor.py:840} INFO - DAG(s) 'example_sensors' retrieved from /home/airflow/.local/lib/python3.8/site-packages/airflow/example_dags/example_sensors.py
[2025-11-06T05:32:16.678+0000] {logging_mixin.py:188} INFO - [2025-11-06T05:32:16.678+0000] {dag.py:3036} INFO - Sync 1 DAGs
[2025-11-06T05:32:16.694+0000] {logging_mixin.py:188} INFO - [2025-11-06T05:32:16.694+0000] {dag.py:3823} INFO - Setting next_dagrun for example_sensors to None, run_after=None
[2025-11-06T05:32:16.723+0000] {processor.py:183} INFO - Processing /home/airflow/.local/lib/python3.8/site-packages/airflow/example_dags/example_sensors.py took 0.103 seconds
[2025-11-06T05:32:47.281+0000] {processor.py:161} INFO - Started process (PID=1929) to work on /home/airflow/.local/lib/python3.8/site-packages/airflow/example_dags/example_sensors.py
[2025-11-06T05:32:47.282+0000] {processor.py:830} INFO - Processing file /home/airflow/.local/lib/python3.8/site-packages/airflow/example_dags/example_sensors.py for tasks to queue
[2025-11-06T05:32:47.284+0000] {logging_mixin.py:188} INFO - [2025-11-06T05:32:47.284+0000] {dagbag.py:538} INFO - Filling up the DagBag from /home/airflow/.local/lib/python3.8/site-packages/airflow/example_dags/example_sensors.py
[2025-11-06T05:32:47.296+0000] {processor.py:840} INFO - DAG(s) 'example_sensors' retrieved from /home/airflow/.local/lib/python3.8/site-packages/airflow/example_dags/example_sensors.py
[2025-11-06T05:32:47.326+0000] {logging_mixin.py:188} INFO - [2025-11-06T05:32:47.325+0000] {dag.py:3036} INFO - Sync 1 DAGs
[2025-11-06T05:32:47.341+0000] {logging_mixin.py:188} INFO - [2025-11-06T05:32:47.340+0000] {dag.py:3823} INFO - Setting next_dagrun for example_sensors to None, run_after=None
[2025-11-06T05:32:47.370+0000] {processor.py:183} INFO - Processing /home/airflow/.local/lib/python3.8/site-packages/airflow/example_dags/example_sensors.py took 0.093 seconds
[2025-11-06T05:33:17.829+0000] {processor.py:161} INFO - Started process (PID=1984) to work on /home/airflow/.local/lib/python3.8/site-packages/airflow/example_dags/example_sensors.py
[2025-11-06T05:33:17.831+0000] {processor.py:830} INFO - Processing file /home/airflow/.local/lib/python3.8/site-packages/airflow/example_dags/example_sensors.py for tasks to queue
[2025-11-06T05:33:17.833+0000] {logging_mixin.py:188} INFO - [2025-11-06T05:33:17.833+0000] {dagbag.py:538} INFO - Filling up the DagBag from /home/airflow/.local/lib/python3.8/site-packages/airflow/example_dags/example_sensors.py
[2025-11-06T05:33:17.845+0000] {processor.py:840} INFO - DAG(s) 'example_sensors' retrieved from /home/airflow/.local/lib/python3.8/site-packages/airflow/example_dags/example_sensors.py
[2025-11-06T05:33:17.875+0000] {logging_mixin.py:188} INFO - [2025-11-06T05:33:17.875+0000] {dag.py:3036} INFO - Sync 1 DAGs
[2025-11-06T05:33:17.890+0000] {logging_mixin.py:188} INFO - [2025-11-06T05:33:17.889+0000] {dag.py:3823} INFO - Setting next_dagrun for example_sensors to None, run_after=None
[2025-11-06T05:33:17.921+0000] {processor.py:183} INFO - Processing /home/airflow/.local/lib/python3.8/site-packages/airflow/example_dags/example_sensors.py took 0.095 seconds
[2025-11-06T05:33:48.441+0000] {processor.py:161} INFO - Started process (PID=2039) to work on /home/airflow/.local/lib/python3.8/site-packages/airflow/example_dags/example_sensors.py
[2025-11-06T05:33:48.453+0000] {processor.py:830} INFO - Processing file /home/airflow/.local/lib/python3.8/site-packages/airflow/example_dags/example_sensors.py for tasks to queue
[2025-11-06T05:33:48.459+0000] {logging_mixin.py:188} INFO - [2025-11-06T05:33:48.458+0000] {dagbag.py:538} INFO - Filling up the DagBag from /home/airflow/.local/lib/python3.8/site-packages/airflow/example_dags/example_sensors.py
[2025-11-06T05:33:48.507+0000] {processor.py:840} INFO - DAG(s) 'example_sensors' retrieved from /home/airflow/.local/lib/python3.8/site-packages/airflow/example_dags/example_sensors.py
[2025-11-06T05:33:48.634+0000] {logging_mixin.py:188} INFO - [2025-11-06T05:33:48.634+0000] {dag.py:3036} INFO - Sync 1 DAGs
[2025-11-06T05:33:48.719+0000] {logging_mixin.py:188} INFO - [2025-11-06T05:33:48.719+0000] {dag.py:3823} INFO - Setting next_dagrun for example_sensors to None, run_after=None
[2025-11-06T05:33:48.816+0000] {processor.py:183} INFO - Processing /home/airflow/.local/lib/python3.8/site-packages/airflow/example_dags/example_sensors.py took 0.384 seconds
[2025-11-06T05:34:19.883+0000] {processor.py:161} INFO - Started process (PID=2094) to work on /home/airflow/.local/lib/python3.8/site-packages/airflow/example_dags/example_sensors.py
[2025-11-06T05:34:19.886+0000] {processor.py:830} INFO - Processing file /home/airflow/.local/lib/python3.8/site-packages/airflow/example_dags/example_sensors.py for tasks to queue
[2025-11-06T05:34:19.894+0000] {logging_mixin.py:188} INFO - [2025-11-06T05:34:19.892+0000] {dagbag.py:538} INFO - Filling up the DagBag from /home/airflow/.local/lib/python3.8/site-packages/airflow/example_dags/example_sensors.py
[2025-11-06T05:34:19.930+0000] {processor.py:840} INFO - DAG(s) 'example_sensors' retrieved from /home/airflow/.local/lib/python3.8/site-packages/airflow/example_dags/example_sensors.py
[2025-11-06T05:34:20.025+0000] {logging_mixin.py:188} INFO - [2025-11-06T05:34:20.024+0000] {dag.py:3036} INFO - Sync 1 DAGs
[2025-11-06T05:34:20.074+0000] {logging_mixin.py:188} INFO - [2025-11-06T05:34:20.073+0000] {dag.py:3823} INFO - Setting next_dagrun for example_sensors to None, run_after=None
[2025-11-06T05:34:20.142+0000] {processor.py:183} INFO - Processing /home/airflow/.local/lib/python3.8/site-packages/airflow/example_dags/example_sensors.py took 0.272 seconds
[2025-11-06T05:34:51.018+0000] {processor.py:161} INFO - Started process (PID=2149) to work on /home/airflow/.local/lib/python3.8/site-packages/airflow/example_dags/example_sensors.py
[2025-11-06T05:34:51.032+0000] {processor.py:830} INFO - Processing file /home/airflow/.local/lib/python3.8/site-packages/airflow/example_dags/example_sensors.py for tasks to queue
[2025-11-06T05:34:51.055+0000] {logging_mixin.py:188} INFO - [2025-11-06T05:34:51.054+0000] {dagbag.py:538} INFO - Filling up the DagBag from /home/airflow/.local/lib/python3.8/site-packages/airflow/example_dags/example_sensors.py
[2025-11-06T05:34:51.123+0000] {processor.py:840} INFO - DAG(s) 'example_sensors' retrieved from /home/airflow/.local/lib/python3.8/site-packages/airflow/example_dags/example_sensors.py
[2025-11-06T05:34:51.376+0000] {logging_mixin.py:188} INFO - [2025-11-06T05:34:51.375+0000] {dag.py:3036} INFO - Sync 1 DAGs
[2025-11-06T05:34:51.484+0000] {logging_mixin.py:188} INFO - [2025-11-06T05:34:51.483+0000] {dag.py:3823} INFO - Setting next_dagrun for example_sensors to None, run_after=None
[2025-11-06T05:34:51.741+0000] {processor.py:183} INFO - Processing /home/airflow/.local/lib/python3.8/site-packages/airflow/example_dags/example_sensors.py took 0.755 seconds
[2025-11-06T05:35:22.113+0000] {processor.py:161} INFO - Started process (PID=2204) to work on /home/airflow/.local/lib/python3.8/site-packages/airflow/example_dags/example_sensors.py
[2025-11-06T05:35:22.117+0000] {processor.py:830} INFO - Processing file /home/airflow/.local/lib/python3.8/site-packages/airflow/example_dags/example_sensors.py for tasks to queue
[2025-11-06T05:35:22.122+0000] {logging_mixin.py:188} INFO - [2025-11-06T05:35:22.121+0000] {dagbag.py:538} INFO - Filling up the DagBag from /home/airflow/.local/lib/python3.8/site-packages/airflow/example_dags/example_sensors.py
[2025-11-06T05:35:22.150+0000] {processor.py:840} INFO - DAG(s) 'example_sensors' retrieved from /home/airflow/.local/lib/python3.8/site-packages/airflow/example_dags/example_sensors.py
[2025-11-06T05:35:22.263+0000] {logging_mixin.py:188} INFO - [2025-11-06T05:35:22.263+0000] {dag.py:3036} INFO - Sync 1 DAGs
[2025-11-06T05:35:22.324+0000] {logging_mixin.py:188} INFO - [2025-11-06T05:35:22.323+0000] {dag.py:3823} INFO - Setting next_dagrun for example_sensors to None, run_after=None
[2025-11-06T05:35:22.450+0000] {processor.py:183} INFO - Processing /home/airflow/.local/lib/python3.8/site-packages/airflow/example_dags/example_sensors.py took 0.343 seconds
[2025-11-06T05:35:52.955+0000] {processor.py:161} INFO - Started process (PID=2260) to work on /home/airflow/.local/lib/python3.8/site-packages/airflow/example_dags/example_sensors.py
[2025-11-06T05:35:52.963+0000] {processor.py:830} INFO - Processing file /home/airflow/.local/lib/python3.8/site-packages/airflow/example_dags/example_sensors.py for tasks to queue
[2025-11-06T05:35:52.976+0000] {logging_mixin.py:188} INFO - [2025-11-06T05:35:52.975+0000] {dagbag.py:538} INFO - Filling up the DagBag from /home/airflow/.local/lib/python3.8/site-packages/airflow/example_dags/example_sensors.py
[2025-11-06T05:35:53.021+0000] {processor.py:840} INFO - DAG(s) 'example_sensors' retrieved from /home/airflow/.local/lib/python3.8/site-packages/airflow/example_dags/example_sensors.py
[2025-11-06T05:35:53.151+0000] {logging_mixin.py:188} INFO - [2025-11-06T05:35:53.148+0000] {dag.py:3036} INFO - Sync 1 DAGs
[2025-11-06T05:35:53.220+0000] {logging_mixin.py:188} INFO - [2025-11-06T05:35:53.218+0000] {dag.py:3823} INFO - Setting next_dagrun for example_sensors to None, run_after=None
[2025-11-06T05:35:53.310+0000] {processor.py:183} INFO - Processing /home/airflow/.local/lib/python3.8/site-packages/airflow/example_dags/example_sensors.py took 0.369 seconds
[2025-11-06T05:36:23.856+0000] {processor.py:161} INFO - Started process (PID=2315) to work on /home/airflow/.local/lib/python3.8/site-packages/airflow/example_dags/example_sensors.py
[2025-11-06T05:36:23.872+0000] {processor.py:830} INFO - Processing file /home/airflow/.local/lib/python3.8/site-packages/airflow/example_dags/example_sensors.py for tasks to queue
[2025-11-06T05:36:23.903+0000] {logging_mixin.py:188} INFO - [2025-11-06T05:36:23.891+0000] {dagbag.py:538} INFO - Filling up the DagBag from /home/airflow/.local/lib/python3.8/site-packages/airflow/example_dags/example_sensors.py
[2025-11-06T05:36:23.978+0000] {processor.py:840} INFO - DAG(s) 'example_sensors' retrieved from /home/airflow/.local/lib/python3.8/site-packages/airflow/example_dags/example_sensors.py
[2025-11-06T05:36:24.216+0000] {logging_mixin.py:188} INFO - [2025-11-06T05:36:24.215+0000] {dag.py:3036} INFO - Sync 1 DAGs
[2025-11-06T05:36:24.357+0000] {logging_mixin.py:188} INFO - [2025-11-06T05:36:24.356+0000] {dag.py:3823} INFO - Setting next_dagrun for example_sensors to None, run_after=None
[2025-11-06T05:36:24.497+0000] {processor.py:183} INFO - Processing /home/airflow/.local/lib/python3.8/site-packages/airflow/example_dags/example_sensors.py took 0.686 seconds
[2025-11-06T05:36:55.128+0000] {processor.py:161} INFO - Started process (PID=2370) to work on /home/airflow/.local/lib/python3.8/site-packages/airflow/example_dags/example_sensors.py
[2025-11-06T05:36:55.130+0000] {processor.py:830} INFO - Processing file /home/airflow/.local/lib/python3.8/site-packages/airflow/example_dags/example_sensors.py for tasks to queue
[2025-11-06T05:36:55.139+0000] {logging_mixin.py:188} INFO - [2025-11-06T05:36:55.138+0000] {dagbag.py:538} INFO - Filling up the DagBag from /home/airflow/.local/lib/python3.8/site-packages/airflow/example_dags/example_sensors.py
[2025-11-06T05:36:55.158+0000] {processor.py:840} INFO - DAG(s) 'example_sensors' retrieved from /home/airflow/.local/lib/python3.8/site-packages/airflow/example_dags/example_sensors.py
[2025-11-06T05:36:55.205+0000] {logging_mixin.py:188} INFO - [2025-11-06T05:36:55.205+0000] {dag.py:3036} INFO - Sync 1 DAGs
[2025-11-06T05:36:55.228+0000] {logging_mixin.py:188} INFO - [2025-11-06T05:36:55.227+0000] {dag.py:3823} INFO - Setting next_dagrun for example_sensors to None, run_after=None
[2025-11-06T05:36:55.266+0000] {processor.py:183} INFO - Processing /home/airflow/.local/lib/python3.8/site-packages/airflow/example_dags/example_sensors.py took 0.143 seconds
[2025-11-06T05:37:25.430+0000] {processor.py:161} INFO - Started process (PID=2426) to work on /home/airflow/.local/lib/python3.8/site-packages/airflow/example_dags/example_sensors.py
[2025-11-06T05:37:25.432+0000] {processor.py:830} INFO - Processing file /home/airflow/.local/lib/python3.8/site-packages/airflow/example_dags/example_sensors.py for tasks to queue
[2025-11-06T05:37:25.436+0000] {logging_mixin.py:188} INFO - [2025-11-06T05:37:25.435+0000] {dagbag.py:538} INFO - Filling up the DagBag from /home/airflow/.local/lib/python3.8/site-packages/airflow/example_dags/example_sensors.py
[2025-11-06T05:37:25.466+0000] {processor.py:840} INFO - DAG(s) 'example_sensors' retrieved from /home/airflow/.local/lib/python3.8/site-packages/airflow/example_dags/example_sensors.py
[2025-11-06T05:37:25.518+0000] {logging_mixin.py:188} INFO - [2025-11-06T05:37:25.518+0000] {dag.py:3036} INFO - Sync 1 DAGs
[2025-11-06T05:37:25.569+0000] {logging_mixin.py:188} INFO - [2025-11-06T05:37:25.568+0000] {dag.py:3823} INFO - Setting next_dagrun for example_sensors to None, run_after=None
[2025-11-06T05:37:25.625+0000] {processor.py:183} INFO - Processing /home/airflow/.local/lib/python3.8/site-packages/airflow/example_dags/example_sensors.py took 0.204 seconds
[2025-11-06T05:37:56.160+0000] {processor.py:161} INFO - Started process (PID=2481) to work on /home/airflow/.local/lib/python3.8/site-packages/airflow/example_dags/example_sensors.py
[2025-11-06T05:37:56.173+0000] {processor.py:830} INFO - Processing file /home/airflow/.local/lib/python3.8/site-packages/airflow/example_dags/example_sensors.py for tasks to queue
[2025-11-06T05:37:56.191+0000] {logging_mixin.py:188} INFO - [2025-11-06T05:37:56.189+0000] {dagbag.py:538} INFO - Filling up the DagBag from /home/airflow/.local/lib/python3.8/site-packages/airflow/example_dags/example_sensors.py
[2025-11-06T05:37:56.254+0000] {processor.py:840} INFO - DAG(s) 'example_sensors' retrieved from /home/airflow/.local/lib/python3.8/site-packages/airflow/example_dags/example_sensors.py
[2025-11-06T05:37:56.385+0000] {logging_mixin.py:188} INFO - [2025-11-06T05:37:56.384+0000] {dag.py:3036} INFO - Sync 1 DAGs
[2025-11-06T05:37:56.486+0000] {logging_mixin.py:188} INFO - [2025-11-06T05:37:56.485+0000] {dag.py:3823} INFO - Setting next_dagrun for example_sensors to None, run_after=None
[2025-11-06T05:37:56.640+0000] {processor.py:183} INFO - Processing /home/airflow/.local/lib/python3.8/site-packages/airflow/example_dags/example_sensors.py took 0.497 seconds
[2025-11-06T05:38:27.472+0000] {processor.py:161} INFO - Started process (PID=2536) to work on /home/airflow/.local/lib/python3.8/site-packages/airflow/example_dags/example_sensors.py
[2025-11-06T05:38:27.475+0000] {processor.py:830} INFO - Processing file /home/airflow/.local/lib/python3.8/site-packages/airflow/example_dags/example_sensors.py for tasks to queue
[2025-11-06T05:38:27.479+0000] {logging_mixin.py:188} INFO - [2025-11-06T05:38:27.479+0000] {dagbag.py:538} INFO - Filling up the DagBag from /home/airflow/.local/lib/python3.8/site-packages/airflow/example_dags/example_sensors.py
[2025-11-06T05:38:27.497+0000] {processor.py:840} INFO - DAG(s) 'example_sensors' retrieved from /home/airflow/.local/lib/python3.8/site-packages/airflow/example_dags/example_sensors.py
[2025-11-06T05:38:27.538+0000] {logging_mixin.py:188} INFO - [2025-11-06T05:38:27.537+0000] {dag.py:3036} INFO - Sync 1 DAGs
[2025-11-06T05:38:27.574+0000] {logging_mixin.py:188} INFO - [2025-11-06T05:38:27.573+0000] {dag.py:3823} INFO - Setting next_dagrun for example_sensors to None, run_after=None
[2025-11-06T05:38:27.637+0000] {processor.py:183} INFO - Processing /home/airflow/.local/lib/python3.8/site-packages/airflow/example_dags/example_sensors.py took 0.172 seconds
[2025-11-06T05:38:58.465+0000] {processor.py:161} INFO - Started process (PID=2591) to work on /home/airflow/.local/lib/python3.8/site-packages/airflow/example_dags/example_sensors.py
[2025-11-06T05:38:58.470+0000] {processor.py:830} INFO - Processing file /home/airflow/.local/lib/python3.8/site-packages/airflow/example_dags/example_sensors.py for tasks to queue
[2025-11-06T05:38:58.475+0000] {logging_mixin.py:188} INFO - [2025-11-06T05:38:58.474+0000] {dagbag.py:538} INFO - Filling up the DagBag from /home/airflow/.local/lib/python3.8/site-packages/airflow/example_dags/example_sensors.py
[2025-11-06T05:38:58.502+0000] {processor.py:840} INFO - DAG(s) 'example_sensors' retrieved from /home/airflow/.local/lib/python3.8/site-packages/airflow/example_dags/example_sensors.py
[2025-11-06T05:38:58.567+0000] {logging_mixin.py:188} INFO - [2025-11-06T05:38:58.567+0000] {dag.py:3036} INFO - Sync 1 DAGs
[2025-11-06T05:38:58.596+0000] {logging_mixin.py:188} INFO - [2025-11-06T05:38:58.596+0000] {dag.py:3823} INFO - Setting next_dagrun for example_sensors to None, run_after=None
[2025-11-06T05:38:58.634+0000] {processor.py:183} INFO - Processing /home/airflow/.local/lib/python3.8/site-packages/airflow/example_dags/example_sensors.py took 0.179 seconds
[2025-11-06T05:39:30.633+0000] {processor.py:161} INFO - Started process (PID=2643) to work on /home/airflow/.local/lib/python3.8/site-packages/airflow/example_dags/example_sensors.py
[2025-11-06T05:39:30.636+0000] {processor.py:830} INFO - Processing file /home/airflow/.local/lib/python3.8/site-packages/airflow/example_dags/example_sensors.py for tasks to queue
[2025-11-06T05:39:30.648+0000] {logging_mixin.py:188} INFO - [2025-11-06T05:39:30.646+0000] {dagbag.py:538} INFO - Filling up the DagBag from /home/airflow/.local/lib/python3.8/site-packages/airflow/example_dags/example_sensors.py
[2025-11-06T05:39:30.710+0000] {processor.py:840} INFO - DAG(s) 'example_sensors' retrieved from /home/airflow/.local/lib/python3.8/site-packages/airflow/example_dags/example_sensors.py
[2025-11-06T05:39:30.852+0000] {logging_mixin.py:188} INFO - [2025-11-06T05:39:30.851+0000] {dag.py:3036} INFO - Sync 1 DAGs
[2025-11-06T05:39:31.265+0000] {logging_mixin.py:188} INFO - [2025-11-06T05:39:31.264+0000] {dag.py:3823} INFO - Setting next_dagrun for example_sensors to None, run_after=None
[2025-11-06T05:39:31.360+0000] {processor.py:183} INFO - Processing /home/airflow/.local/lib/python3.8/site-packages/airflow/example_dags/example_sensors.py took 0.761 seconds
[2025-11-06T05:40:01.559+0000] {processor.py:161} INFO - Started process (PID=2698) to work on /home/airflow/.local/lib/python3.8/site-packages/airflow/example_dags/example_sensors.py
[2025-11-06T05:40:01.572+0000] {processor.py:830} INFO - Processing file /home/airflow/.local/lib/python3.8/site-packages/airflow/example_dags/example_sensors.py for tasks to queue
[2025-11-06T05:40:01.580+0000] {logging_mixin.py:188} INFO - [2025-11-06T05:40:01.579+0000] {dagbag.py:538} INFO - Filling up the DagBag from /home/airflow/.local/lib/python3.8/site-packages/airflow/example_dags/example_sensors.py
[2025-11-06T05:40:01.634+0000] {processor.py:840} INFO - DAG(s) 'example_sensors' retrieved from /home/airflow/.local/lib/python3.8/site-packages/airflow/example_dags/example_sensors.py
[2025-11-06T05:40:01.751+0000] {logging_mixin.py:188} INFO - [2025-11-06T05:40:01.750+0000] {dag.py:3036} INFO - Sync 1 DAGs
[2025-11-06T05:40:01.818+0000] {logging_mixin.py:188} INFO - [2025-11-06T05:40:01.817+0000] {dag.py:3823} INFO - Setting next_dagrun for example_sensors to None, run_after=None
[2025-11-06T05:40:02.309+0000] {processor.py:183} INFO - Processing /home/airflow/.local/lib/python3.8/site-packages/airflow/example_dags/example_sensors.py took 0.771 seconds
[2025-11-06T05:40:32.743+0000] {processor.py:161} INFO - Started process (PID=2753) to work on /home/airflow/.local/lib/python3.8/site-packages/airflow/example_dags/example_sensors.py
[2025-11-06T05:40:32.747+0000] {processor.py:830} INFO - Processing file /home/airflow/.local/lib/python3.8/site-packages/airflow/example_dags/example_sensors.py for tasks to queue
[2025-11-06T05:40:32.754+0000] {logging_mixin.py:188} INFO - [2025-11-06T05:40:32.753+0000] {dagbag.py:538} INFO - Filling up the DagBag from /home/airflow/.local/lib/python3.8/site-packages/airflow/example_dags/example_sensors.py
[2025-11-06T05:40:32.779+0000] {processor.py:840} INFO - DAG(s) 'example_sensors' retrieved from /home/airflow/.local/lib/python3.8/site-packages/airflow/example_dags/example_sensors.py
[2025-11-06T05:40:32.866+0000] {logging_mixin.py:188} INFO - [2025-11-06T05:40:32.866+0000] {dag.py:3036} INFO - Sync 1 DAGs
[2025-11-06T05:40:32.904+0000] {logging_mixin.py:188} INFO - [2025-11-06T05:40:32.903+0000] {dag.py:3823} INFO - Setting next_dagrun for example_sensors to None, run_after=None
[2025-11-06T05:40:33.267+0000] {processor.py:183} INFO - Processing /home/airflow/.local/lib/python3.8/site-packages/airflow/example_dags/example_sensors.py took 0.536 seconds
[2025-11-06T05:41:04.319+0000] {processor.py:161} INFO - Started process (PID=2807) to work on /home/airflow/.local/lib/python3.8/site-packages/airflow/example_dags/example_sensors.py
[2025-11-06T05:41:04.335+0000] {processor.py:830} INFO - Processing file /home/airflow/.local/lib/python3.8/site-packages/airflow/example_dags/example_sensors.py for tasks to queue
[2025-11-06T05:41:04.365+0000] {logging_mixin.py:188} INFO - [2025-11-06T05:41:04.364+0000] {dagbag.py:538} INFO - Filling up the DagBag from /home/airflow/.local/lib/python3.8/site-packages/airflow/example_dags/example_sensors.py
[2025-11-06T05:41:04.463+0000] {processor.py:840} INFO - DAG(s) 'example_sensors' retrieved from /home/airflow/.local/lib/python3.8/site-packages/airflow/example_dags/example_sensors.py
[2025-11-06T05:41:04.764+0000] {logging_mixin.py:188} INFO - [2025-11-06T05:41:04.763+0000] {dag.py:3036} INFO - Sync 1 DAGs
[2025-11-06T05:41:04.893+0000] {logging_mixin.py:188} INFO - [2025-11-06T05:41:04.893+0000] {dag.py:3823} INFO - Setting next_dagrun for example_sensors to None, run_after=None
[2025-11-06T05:41:05.118+0000] {processor.py:183} INFO - Processing /home/airflow/.local/lib/python3.8/site-packages/airflow/example_dags/example_sensors.py took 0.845 seconds
[2025-11-06T05:41:42.219+0000] {processor.py:161} INFO - Started process (PID=2860) to work on /home/airflow/.local/lib/python3.8/site-packages/airflow/example_dags/example_sensors.py
[2025-11-06T05:41:42.255+0000] {processor.py:830} INFO - Processing file /home/airflow/.local/lib/python3.8/site-packages/airflow/example_dags/example_sensors.py for tasks to queue
[2025-11-06T05:41:42.298+0000] {logging_mixin.py:188} INFO - [2025-11-06T05:41:42.285+0000] {dagbag.py:538} INFO - Filling up the DagBag from /home/airflow/.local/lib/python3.8/site-packages/airflow/example_dags/example_sensors.py
[2025-11-06T05:41:42.370+0000] {processor.py:840} INFO - DAG(s) 'example_sensors' retrieved from /home/airflow/.local/lib/python3.8/site-packages/airflow/example_dags/example_sensors.py
[2025-11-06T05:41:42.518+0000] {logging_mixin.py:188} INFO - [2025-11-06T05:41:42.518+0000] {dag.py:3036} INFO - Sync 1 DAGs
[2025-11-06T05:41:42.591+0000] {logging_mixin.py:188} INFO - [2025-11-06T05:41:42.590+0000] {dag.py:3823} INFO - Setting next_dagrun for example_sensors to None, run_after=None
[2025-11-06T05:41:42.707+0000] {processor.py:183} INFO - Processing /home/airflow/.local/lib/python3.8/site-packages/airflow/example_dags/example_sensors.py took 0.609 seconds
[2025-11-06T05:42:13.647+0000] {processor.py:161} INFO - Started process (PID=2914) to work on /home/airflow/.local/lib/python3.8/site-packages/airflow/example_dags/example_sensors.py
[2025-11-06T05:42:13.653+0000] {processor.py:830} INFO - Processing file /home/airflow/.local/lib/python3.8/site-packages/airflow/example_dags/example_sensors.py for tasks to queue
[2025-11-06T05:42:13.665+0000] {logging_mixin.py:188} INFO - [2025-11-06T05:42:13.664+0000] {dagbag.py:538} INFO - Filling up the DagBag from /home/airflow/.local/lib/python3.8/site-packages/airflow/example_dags/example_sensors.py
[2025-11-06T05:42:13.759+0000] {processor.py:840} INFO - DAG(s) 'example_sensors' retrieved from /home/airflow/.local/lib/python3.8/site-packages/airflow/example_dags/example_sensors.py
[2025-11-06T05:42:13.969+0000] {logging_mixin.py:188} INFO - [2025-11-06T05:42:13.968+0000] {dag.py:3036} INFO - Sync 1 DAGs
[2025-11-06T05:42:14.095+0000] {logging_mixin.py:188} INFO - [2025-11-06T05:42:14.094+0000] {dag.py:3823} INFO - Setting next_dagrun for example_sensors to None, run_after=None
[2025-11-06T05:42:14.271+0000] {processor.py:183} INFO - Processing /home/airflow/.local/lib/python3.8/site-packages/airflow/example_dags/example_sensors.py took 0.645 seconds
[2025-11-06T05:42:44.846+0000] {processor.py:161} INFO - Started process (PID=2969) to work on /home/airflow/.local/lib/python3.8/site-packages/airflow/example_dags/example_sensors.py
[2025-11-06T05:42:44.849+0000] {processor.py:830} INFO - Processing file /home/airflow/.local/lib/python3.8/site-packages/airflow/example_dags/example_sensors.py for tasks to queue
[2025-11-06T05:42:44.853+0000] {logging_mixin.py:188} INFO - [2025-11-06T05:42:44.852+0000] {dagbag.py:538} INFO - Filling up the DagBag from /home/airflow/.local/lib/python3.8/site-packages/airflow/example_dags/example_sensors.py
[2025-11-06T05:42:44.879+0000] {processor.py:840} INFO - DAG(s) 'example_sensors' retrieved from /home/airflow/.local/lib/python3.8/site-packages/airflow/example_dags/example_sensors.py
[2025-11-06T05:42:44.955+0000] {logging_mixin.py:188} INFO - [2025-11-06T05:42:44.955+0000] {dag.py:3036} INFO - Sync 1 DAGs
[2025-11-06T05:42:44.996+0000] {logging_mixin.py:188} INFO - [2025-11-06T05:42:44.995+0000] {dag.py:3823} INFO - Setting next_dagrun for example_sensors to None, run_after=None
[2025-11-06T05:42:45.070+0000] {processor.py:183} INFO - Processing /home/airflow/.local/lib/python3.8/site-packages/airflow/example_dags/example_sensors.py took 0.241 seconds
[2025-11-06T05:43:15.275+0000] {processor.py:161} INFO - Started process (PID=3024) to work on /home/airflow/.local/lib/python3.8/site-packages/airflow/example_dags/example_sensors.py
[2025-11-06T05:43:15.277+0000] {processor.py:830} INFO - Processing file /home/airflow/.local/lib/python3.8/site-packages/airflow/example_dags/example_sensors.py for tasks to queue
[2025-11-06T05:43:15.283+0000] {logging_mixin.py:188} INFO - [2025-11-06T05:43:15.282+0000] {dagbag.py:538} INFO - Filling up the DagBag from /home/airflow/.local/lib/python3.8/site-packages/airflow/example_dags/example_sensors.py
[2025-11-06T05:43:15.312+0000] {processor.py:840} INFO - DAG(s) 'example_sensors' retrieved from /home/airflow/.local/lib/python3.8/site-packages/airflow/example_dags/example_sensors.py
[2025-11-06T05:43:15.386+0000] {logging_mixin.py:188} INFO - [2025-11-06T05:43:15.385+0000] {dag.py:3036} INFO - Sync 1 DAGs
[2025-11-06T05:43:15.413+0000] {logging_mixin.py:188} INFO - [2025-11-06T05:43:15.412+0000] {dag.py:3823} INFO - Setting next_dagrun for example_sensors to None, run_after=None
[2025-11-06T05:43:15.456+0000] {processor.py:183} INFO - Processing /home/airflow/.local/lib/python3.8/site-packages/airflow/example_dags/example_sensors.py took 0.194 seconds
[2025-11-06T05:43:46.356+0000] {processor.py:161} INFO - Started process (PID=3085) to work on /home/airflow/.local/lib/python3.8/site-packages/airflow/example_dags/example_sensors.py
[2025-11-06T05:43:46.370+0000] {processor.py:830} INFO - Processing file /home/airflow/.local/lib/python3.8/site-packages/airflow/example_dags/example_sensors.py for tasks to queue
[2025-11-06T05:43:46.385+0000] {logging_mixin.py:188} INFO - [2025-11-06T05:43:46.380+0000] {dagbag.py:538} INFO - Filling up the DagBag from /home/airflow/.local/lib/python3.8/site-packages/airflow/example_dags/example_sensors.py
[2025-11-06T05:43:46.514+0000] {processor.py:840} INFO - DAG(s) 'example_sensors' retrieved from /home/airflow/.local/lib/python3.8/site-packages/airflow/example_dags/example_sensors.py
[2025-11-06T05:43:46.733+0000] {logging_mixin.py:188} INFO - [2025-11-06T05:43:46.733+0000] {dag.py:3036} INFO - Sync 1 DAGs
[2025-11-06T05:43:46.810+0000] {logging_mixin.py:188} INFO - [2025-11-06T05:43:46.809+0000] {dag.py:3823} INFO - Setting next_dagrun for example_sensors to None, run_after=None
[2025-11-06T05:43:46.949+0000] {processor.py:183} INFO - Processing /home/airflow/.local/lib/python3.8/site-packages/airflow/example_dags/example_sensors.py took 0.612 seconds
[2025-11-06T05:44:17.264+0000] {processor.py:161} INFO - Started process (PID=3140) to work on /home/airflow/.local/lib/python3.8/site-packages/airflow/example_dags/example_sensors.py
[2025-11-06T05:44:17.266+0000] {processor.py:830} INFO - Processing file /home/airflow/.local/lib/python3.8/site-packages/airflow/example_dags/example_sensors.py for tasks to queue
[2025-11-06T05:44:17.269+0000] {logging_mixin.py:188} INFO - [2025-11-06T05:44:17.268+0000] {dagbag.py:538} INFO - Filling up the DagBag from /home/airflow/.local/lib/python3.8/site-packages/airflow/example_dags/example_sensors.py
[2025-11-06T05:44:17.280+0000] {processor.py:840} INFO - DAG(s) 'example_sensors' retrieved from /home/airflow/.local/lib/python3.8/site-packages/airflow/example_dags/example_sensors.py
[2025-11-06T05:44:17.315+0000] {logging_mixin.py:188} INFO - [2025-11-06T05:44:17.315+0000] {dag.py:3036} INFO - Sync 1 DAGs
[2025-11-06T05:44:17.330+0000] {logging_mixin.py:188} INFO - [2025-11-06T05:44:17.329+0000] {dag.py:3823} INFO - Setting next_dagrun for example_sensors to None, run_after=None
[2025-11-06T05:44:17.357+0000] {processor.py:183} INFO - Processing /home/airflow/.local/lib/python3.8/site-packages/airflow/example_dags/example_sensors.py took 0.097 seconds
[2025-11-06T05:44:47.673+0000] {processor.py:161} INFO - Started process (PID=3195) to work on /home/airflow/.local/lib/python3.8/site-packages/airflow/example_dags/example_sensors.py
[2025-11-06T05:44:47.676+0000] {processor.py:830} INFO - Processing file /home/airflow/.local/lib/python3.8/site-packages/airflow/example_dags/example_sensors.py for tasks to queue
[2025-11-06T05:44:47.680+0000] {logging_mixin.py:188} INFO - [2025-11-06T05:44:47.679+0000] {dagbag.py:538} INFO - Filling up the DagBag from /home/airflow/.local/lib/python3.8/site-packages/airflow/example_dags/example_sensors.py
[2025-11-06T05:44:47.706+0000] {processor.py:840} INFO - DAG(s) 'example_sensors' retrieved from /home/airflow/.local/lib/python3.8/site-packages/airflow/example_dags/example_sensors.py
[2025-11-06T05:44:47.797+0000] {logging_mixin.py:188} INFO - [2025-11-06T05:44:47.796+0000] {dag.py:3036} INFO - Sync 1 DAGs
[2025-11-06T05:44:47.842+0000] {logging_mixin.py:188} INFO - [2025-11-06T05:44:47.841+0000] {dag.py:3823} INFO - Setting next_dagrun for example_sensors to None, run_after=None
[2025-11-06T05:44:47.898+0000] {processor.py:183} INFO - Processing /home/airflow/.local/lib/python3.8/site-packages/airflow/example_dags/example_sensors.py took 0.234 seconds
[2025-11-06T05:45:17.998+0000] {processor.py:161} INFO - Started process (PID=3251) to work on /home/airflow/.local/lib/python3.8/site-packages/airflow/example_dags/example_sensors.py
[2025-11-06T05:45:18.000+0000] {processor.py:830} INFO - Processing file /home/airflow/.local/lib/python3.8/site-packages/airflow/example_dags/example_sensors.py for tasks to queue
[2025-11-06T05:45:18.006+0000] {logging_mixin.py:188} INFO - [2025-11-06T05:45:18.005+0000] {dagbag.py:538} INFO - Filling up the DagBag from /home/airflow/.local/lib/python3.8/site-packages/airflow/example_dags/example_sensors.py
[2025-11-06T05:45:18.032+0000] {processor.py:840} INFO - DAG(s) 'example_sensors' retrieved from /home/airflow/.local/lib/python3.8/site-packages/airflow/example_dags/example_sensors.py
[2025-11-06T05:45:18.111+0000] {logging_mixin.py:188} INFO - [2025-11-06T05:45:18.111+0000] {dag.py:3036} INFO - Sync 1 DAGs
[2025-11-06T05:45:18.151+0000] {logging_mixin.py:188} INFO - [2025-11-06T05:45:18.150+0000] {dag.py:3823} INFO - Setting next_dagrun for example_sensors to None, run_after=None
[2025-11-06T05:45:18.226+0000] {processor.py:183} INFO - Processing /home/airflow/.local/lib/python3.8/site-packages/airflow/example_dags/example_sensors.py took 0.240 seconds
[2025-11-06T05:45:48.687+0000] {processor.py:161} INFO - Started process (PID=3305) to work on /home/airflow/.local/lib/python3.8/site-packages/airflow/example_dags/example_sensors.py
[2025-11-06T05:45:48.692+0000] {processor.py:830} INFO - Processing file /home/airflow/.local/lib/python3.8/site-packages/airflow/example_dags/example_sensors.py for tasks to queue
[2025-11-06T05:45:48.702+0000] {logging_mixin.py:188} INFO - [2025-11-06T05:45:48.700+0000] {dagbag.py:538} INFO - Filling up the DagBag from /home/airflow/.local/lib/python3.8/site-packages/airflow/example_dags/example_sensors.py
[2025-11-06T05:45:48.740+0000] {processor.py:840} INFO - DAG(s) 'example_sensors' retrieved from /home/airflow/.local/lib/python3.8/site-packages/airflow/example_dags/example_sensors.py
[2025-11-06T05:45:48.858+0000] {logging_mixin.py:188} INFO - [2025-11-06T05:45:48.857+0000] {dag.py:3036} INFO - Sync 1 DAGs
[2025-11-06T05:45:48.907+0000] {logging_mixin.py:188} INFO - [2025-11-06T05:45:48.906+0000] {dag.py:3823} INFO - Setting next_dagrun for example_sensors to None, run_after=None
[2025-11-06T05:45:48.984+0000] {processor.py:183} INFO - Processing /home/airflow/.local/lib/python3.8/site-packages/airflow/example_dags/example_sensors.py took 0.309 seconds
[2025-11-06T05:46:20.473+0000] {processor.py:161} INFO - Started process (PID=3357) to work on /home/airflow/.local/lib/python3.8/site-packages/airflow/example_dags/example_sensors.py
[2025-11-06T05:46:20.483+0000] {processor.py:830} INFO - Processing file /home/airflow/.local/lib/python3.8/site-packages/airflow/example_dags/example_sensors.py for tasks to queue
[2025-11-06T05:46:20.498+0000] {logging_mixin.py:188} INFO - [2025-11-06T05:46:20.496+0000] {dagbag.py:538} INFO - Filling up the DagBag from /home/airflow/.local/lib/python3.8/site-packages/airflow/example_dags/example_sensors.py
[2025-11-06T05:46:20.590+0000] {processor.py:840} INFO - DAG(s) 'example_sensors' retrieved from /home/airflow/.local/lib/python3.8/site-packages/airflow/example_dags/example_sensors.py
[2025-11-06T05:46:20.842+0000] {logging_mixin.py:188} INFO - [2025-11-06T05:46:20.841+0000] {dag.py:3036} INFO - Sync 1 DAGs
[2025-11-06T05:46:20.982+0000] {logging_mixin.py:188} INFO - [2025-11-06T05:46:20.981+0000] {dag.py:3823} INFO - Setting next_dagrun for example_sensors to None, run_after=None
[2025-11-06T05:46:21.246+0000] {processor.py:183} INFO - Processing /home/airflow/.local/lib/python3.8/site-packages/airflow/example_dags/example_sensors.py took 0.793 seconds
[2025-11-06T05:46:55.581+0000] {processor.py:161} INFO - Started process (PID=3411) to work on /home/airflow/.local/lib/python3.8/site-packages/airflow/example_dags/example_sensors.py
[2025-11-06T05:46:55.585+0000] {processor.py:830} INFO - Processing file /home/airflow/.local/lib/python3.8/site-packages/airflow/example_dags/example_sensors.py for tasks to queue
[2025-11-06T05:46:55.602+0000] {logging_mixin.py:188} INFO - [2025-11-06T05:46:55.601+0000] {dagbag.py:538} INFO - Filling up the DagBag from /home/airflow/.local/lib/python3.8/site-packages/airflow/example_dags/example_sensors.py
[2025-11-06T05:46:55.661+0000] {processor.py:840} INFO - DAG(s) 'example_sensors' retrieved from /home/airflow/.local/lib/python3.8/site-packages/airflow/example_dags/example_sensors.py
[2025-11-06T05:46:55.918+0000] {logging_mixin.py:188} INFO - [2025-11-06T05:46:55.917+0000] {dag.py:3036} INFO - Sync 1 DAGs
[2025-11-06T05:46:56.028+0000] {logging_mixin.py:188} INFO - [2025-11-06T05:46:56.027+0000] {dag.py:3823} INFO - Setting next_dagrun for example_sensors to None, run_after=None
[2025-11-06T05:46:56.205+0000] {processor.py:183} INFO - Processing /home/airflow/.local/lib/python3.8/site-packages/airflow/example_dags/example_sensors.py took 0.632 seconds
[2025-11-06T05:47:26.847+0000] {processor.py:161} INFO - Started process (PID=3465) to work on /home/airflow/.local/lib/python3.8/site-packages/airflow/example_dags/example_sensors.py
[2025-11-06T05:47:26.856+0000] {processor.py:830} INFO - Processing file /home/airflow/.local/lib/python3.8/site-packages/airflow/example_dags/example_sensors.py for tasks to queue
[2025-11-06T05:47:26.864+0000] {logging_mixin.py:188} INFO - [2025-11-06T05:47:26.863+0000] {dagbag.py:538} INFO - Filling up the DagBag from /home/airflow/.local/lib/python3.8/site-packages/airflow/example_dags/example_sensors.py
[2025-11-06T05:47:26.897+0000] {processor.py:840} INFO - DAG(s) 'example_sensors' retrieved from /home/airflow/.local/lib/python3.8/site-packages/airflow/example_dags/example_sensors.py
[2025-11-06T05:47:26.979+0000] {logging_mixin.py:188} INFO - [2025-11-06T05:47:26.978+0000] {dag.py:3036} INFO - Sync 1 DAGs
[2025-11-06T05:47:27.022+0000] {logging_mixin.py:188} INFO - [2025-11-06T05:47:27.021+0000] {dag.py:3823} INFO - Setting next_dagrun for example_sensors to None, run_after=None
[2025-11-06T05:47:27.114+0000] {processor.py:183} INFO - Processing /home/airflow/.local/lib/python3.8/site-packages/airflow/example_dags/example_sensors.py took 0.283 seconds
[2025-11-06T05:47:58.099+0000] {processor.py:161} INFO - Started process (PID=3519) to work on /home/airflow/.local/lib/python3.8/site-packages/airflow/example_dags/example_sensors.py
[2025-11-06T05:47:58.104+0000] {processor.py:830} INFO - Processing file /home/airflow/.local/lib/python3.8/site-packages/airflow/example_dags/example_sensors.py for tasks to queue
[2025-11-06T05:47:58.113+0000] {logging_mixin.py:188} INFO - [2025-11-06T05:47:58.109+0000] {dagbag.py:538} INFO - Filling up the DagBag from /home/airflow/.local/lib/python3.8/site-packages/airflow/example_dags/example_sensors.py
[2025-11-06T05:47:58.157+0000] {processor.py:840} INFO - DAG(s) 'example_sensors' retrieved from /home/airflow/.local/lib/python3.8/site-packages/airflow/example_dags/example_sensors.py
[2025-11-06T05:47:58.254+0000] {logging_mixin.py:188} INFO - [2025-11-06T05:47:58.253+0000] {dag.py:3036} INFO - Sync 1 DAGs
[2025-11-06T05:47:58.291+0000] {logging_mixin.py:188} INFO - [2025-11-06T05:47:58.291+0000] {dag.py:3823} INFO - Setting next_dagrun for example_sensors to None, run_after=None
[2025-11-06T05:47:58.347+0000] {processor.py:183} INFO - Processing /home/airflow/.local/lib/python3.8/site-packages/airflow/example_dags/example_sensors.py took 0.263 seconds
[2025-11-06T05:48:28.944+0000] {processor.py:161} INFO - Started process (PID=3572) to work on /home/airflow/.local/lib/python3.8/site-packages/airflow/example_dags/example_sensors.py
[2025-11-06T05:48:28.948+0000] {processor.py:830} INFO - Processing file /home/airflow/.local/lib/python3.8/site-packages/airflow/example_dags/example_sensors.py for tasks to queue
[2025-11-06T05:48:28.962+0000] {logging_mixin.py:188} INFO - [2025-11-06T05:48:28.961+0000] {dagbag.py:538} INFO - Filling up the DagBag from /home/airflow/.local/lib/python3.8/site-packages/airflow/example_dags/example_sensors.py
[2025-11-06T05:48:29.017+0000] {processor.py:840} INFO - DAG(s) 'example_sensors' retrieved from /home/airflow/.local/lib/python3.8/site-packages/airflow/example_dags/example_sensors.py
[2025-11-06T05:48:29.188+0000] {logging_mixin.py:188} INFO - [2025-11-06T05:48:29.187+0000] {dag.py:3036} INFO - Sync 1 DAGs
[2025-11-06T05:48:29.243+0000] {logging_mixin.py:188} INFO - [2025-11-06T05:48:29.242+0000] {dag.py:3823} INFO - Setting next_dagrun for example_sensors to None, run_after=None
[2025-11-06T05:48:29.314+0000] {processor.py:183} INFO - Processing /home/airflow/.local/lib/python3.8/site-packages/airflow/example_dags/example_sensors.py took 0.388 seconds
[2025-11-06T05:48:59.626+0000] {processor.py:161} INFO - Started process (PID=3626) to work on /home/airflow/.local/lib/python3.8/site-packages/airflow/example_dags/example_sensors.py
[2025-11-06T05:48:59.630+0000] {processor.py:830} INFO - Processing file /home/airflow/.local/lib/python3.8/site-packages/airflow/example_dags/example_sensors.py for tasks to queue
[2025-11-06T05:48:59.637+0000] {logging_mixin.py:188} INFO - [2025-11-06T05:48:59.636+0000] {dagbag.py:538} INFO - Filling up the DagBag from /home/airflow/.local/lib/python3.8/site-packages/airflow/example_dags/example_sensors.py
[2025-11-06T05:48:59.670+0000] {processor.py:840} INFO - DAG(s) 'example_sensors' retrieved from /home/airflow/.local/lib/python3.8/site-packages/airflow/example_dags/example_sensors.py
[2025-11-06T05:48:59.750+0000] {logging_mixin.py:188} INFO - [2025-11-06T05:48:59.749+0000] {dag.py:3036} INFO - Sync 1 DAGs
[2025-11-06T05:48:59.800+0000] {logging_mixin.py:188} INFO - [2025-11-06T05:48:59.799+0000] {dag.py:3823} INFO - Setting next_dagrun for example_sensors to None, run_after=None
[2025-11-06T05:48:59.889+0000] {processor.py:183} INFO - Processing /home/airflow/.local/lib/python3.8/site-packages/airflow/example_dags/example_sensors.py took 0.274 seconds
[2025-11-06T05:49:30.203+0000] {processor.py:161} INFO - Started process (PID=3681) to work on /home/airflow/.local/lib/python3.8/site-packages/airflow/example_dags/example_sensors.py
[2025-11-06T05:49:30.205+0000] {processor.py:830} INFO - Processing file /home/airflow/.local/lib/python3.8/site-packages/airflow/example_dags/example_sensors.py for tasks to queue
[2025-11-06T05:49:30.207+0000] {logging_mixin.py:188} INFO - [2025-11-06T05:49:30.207+0000] {dagbag.py:538} INFO - Filling up the DagBag from /home/airflow/.local/lib/python3.8/site-packages/airflow/example_dags/example_sensors.py
[2025-11-06T05:49:30.220+0000] {processor.py:840} INFO - DAG(s) 'example_sensors' retrieved from /home/airflow/.local/lib/python3.8/site-packages/airflow/example_dags/example_sensors.py
[2025-11-06T05:49:30.257+0000] {logging_mixin.py:188} INFO - [2025-11-06T05:49:30.256+0000] {dag.py:3036} INFO - Sync 1 DAGs
[2025-11-06T05:49:30.273+0000] {logging_mixin.py:188} INFO - [2025-11-06T05:49:30.273+0000] {dag.py:3823} INFO - Setting next_dagrun for example_sensors to None, run_after=None
[2025-11-06T05:49:30.306+0000] {processor.py:183} INFO - Processing /home/airflow/.local/lib/python3.8/site-packages/airflow/example_dags/example_sensors.py took 0.109 seconds
[2025-11-06T05:50:00.605+0000] {processor.py:161} INFO - Started process (PID=3736) to work on /home/airflow/.local/lib/python3.8/site-packages/airflow/example_dags/example_sensors.py
[2025-11-06T05:50:00.609+0000] {processor.py:830} INFO - Processing file /home/airflow/.local/lib/python3.8/site-packages/airflow/example_dags/example_sensors.py for tasks to queue
[2025-11-06T05:50:00.626+0000] {logging_mixin.py:188} INFO - [2025-11-06T05:50:00.625+0000] {dagbag.py:538} INFO - Filling up the DagBag from /home/airflow/.local/lib/python3.8/site-packages/airflow/example_dags/example_sensors.py
[2025-11-06T05:50:00.689+0000] {processor.py:840} INFO - DAG(s) 'example_sensors' retrieved from /home/airflow/.local/lib/python3.8/site-packages/airflow/example_dags/example_sensors.py
[2025-11-06T05:50:00.825+0000] {logging_mixin.py:188} INFO - [2025-11-06T05:50:00.824+0000] {dag.py:3036} INFO - Sync 1 DAGs
[2025-11-06T05:50:00.924+0000] {logging_mixin.py:188} INFO - [2025-11-06T05:50:00.923+0000] {dag.py:3823} INFO - Setting next_dagrun for example_sensors to None, run_after=None
[2025-11-06T05:50:01.100+0000] {processor.py:183} INFO - Processing /home/airflow/.local/lib/python3.8/site-packages/airflow/example_dags/example_sensors.py took 0.513 seconds
[2025-11-06T05:50:32.453+0000] {processor.py:161} INFO - Started process (PID=3791) to work on /home/airflow/.local/lib/python3.8/site-packages/airflow/example_dags/example_sensors.py
[2025-11-06T05:50:32.472+0000] {processor.py:830} INFO - Processing file /home/airflow/.local/lib/python3.8/site-packages/airflow/example_dags/example_sensors.py for tasks to queue
[2025-11-06T05:50:32.500+0000] {logging_mixin.py:188} INFO - [2025-11-06T05:50:32.492+0000] {dagbag.py:538} INFO - Filling up the DagBag from /home/airflow/.local/lib/python3.8/site-packages/airflow/example_dags/example_sensors.py
[2025-11-06T05:50:32.570+0000] {processor.py:840} INFO - DAG(s) 'example_sensors' retrieved from /home/airflow/.local/lib/python3.8/site-packages/airflow/example_dags/example_sensors.py
[2025-11-06T05:50:32.780+0000] {logging_mixin.py:188} INFO - [2025-11-06T05:50:32.779+0000] {dag.py:3036} INFO - Sync 1 DAGs
[2025-11-06T05:50:32.915+0000] {logging_mixin.py:188} INFO - [2025-11-06T05:50:32.914+0000] {dag.py:3823} INFO - Setting next_dagrun for example_sensors to None, run_after=None
[2025-11-06T05:50:33.118+0000] {processor.py:183} INFO - Processing /home/airflow/.local/lib/python3.8/site-packages/airflow/example_dags/example_sensors.py took 0.695 seconds
[2025-11-06T05:51:03.819+0000] {processor.py:161} INFO - Started process (PID=3846) to work on /home/airflow/.local/lib/python3.8/site-packages/airflow/example_dags/example_sensors.py
[2025-11-06T05:51:03.822+0000] {processor.py:830} INFO - Processing file /home/airflow/.local/lib/python3.8/site-packages/airflow/example_dags/example_sensors.py for tasks to queue
[2025-11-06T05:51:03.828+0000] {logging_mixin.py:188} INFO - [2025-11-06T05:51:03.827+0000] {dagbag.py:538} INFO - Filling up the DagBag from /home/airflow/.local/lib/python3.8/site-packages/airflow/example_dags/example_sensors.py
[2025-11-06T05:51:03.869+0000] {processor.py:840} INFO - DAG(s) 'example_sensors' retrieved from /home/airflow/.local/lib/python3.8/site-packages/airflow/example_dags/example_sensors.py
[2025-11-06T05:51:04.010+0000] {logging_mixin.py:188} INFO - [2025-11-06T05:51:04.008+0000] {dag.py:3036} INFO - Sync 1 DAGs
[2025-11-06T05:51:04.093+0000] {logging_mixin.py:188} INFO - [2025-11-06T05:51:04.092+0000] {dag.py:3823} INFO - Setting next_dagrun for example_sensors to None, run_after=None
[2025-11-06T05:51:04.216+0000] {processor.py:183} INFO - Processing /home/airflow/.local/lib/python3.8/site-packages/airflow/example_dags/example_sensors.py took 0.417 seconds
[2025-11-06T05:51:34.891+0000] {processor.py:161} INFO - Started process (PID=3901) to work on /home/airflow/.local/lib/python3.8/site-packages/airflow/example_dags/example_sensors.py
[2025-11-06T05:51:34.898+0000] {processor.py:830} INFO - Processing file /home/airflow/.local/lib/python3.8/site-packages/airflow/example_dags/example_sensors.py for tasks to queue
[2025-11-06T05:51:34.905+0000] {logging_mixin.py:188} INFO - [2025-11-06T05:51:34.904+0000] {dagbag.py:538} INFO - Filling up the DagBag from /home/airflow/.local/lib/python3.8/site-packages/airflow/example_dags/example_sensors.py
[2025-11-06T05:51:34.937+0000] {processor.py:840} INFO - DAG(s) 'example_sensors' retrieved from /home/airflow/.local/lib/python3.8/site-packages/airflow/example_dags/example_sensors.py
[2025-11-06T05:51:35.025+0000] {logging_mixin.py:188} INFO - [2025-11-06T05:51:35.024+0000] {dag.py:3036} INFO - Sync 1 DAGs
[2025-11-06T05:51:35.076+0000] {logging_mixin.py:188} INFO - [2025-11-06T05:51:35.075+0000] {dag.py:3823} INFO - Setting next_dagrun for example_sensors to None, run_after=None
[2025-11-06T05:51:35.147+0000] {processor.py:183} INFO - Processing /home/airflow/.local/lib/python3.8/site-packages/airflow/example_dags/example_sensors.py took 0.269 seconds
[2025-11-06T05:52:05.736+0000] {processor.py:161} INFO - Started process (PID=3957) to work on /home/airflow/.local/lib/python3.8/site-packages/airflow/example_dags/example_sensors.py
[2025-11-06T05:52:05.741+0000] {processor.py:830} INFO - Processing file /home/airflow/.local/lib/python3.8/site-packages/airflow/example_dags/example_sensors.py for tasks to queue
[2025-11-06T05:52:05.748+0000] {logging_mixin.py:188} INFO - [2025-11-06T05:52:05.746+0000] {dagbag.py:538} INFO - Filling up the DagBag from /home/airflow/.local/lib/python3.8/site-packages/airflow/example_dags/example_sensors.py
[2025-11-06T05:52:05.780+0000] {processor.py:840} INFO - DAG(s) 'example_sensors' retrieved from /home/airflow/.local/lib/python3.8/site-packages/airflow/example_dags/example_sensors.py
[2025-11-06T05:52:05.864+0000] {logging_mixin.py:188} INFO - [2025-11-06T05:52:05.863+0000] {dag.py:3036} INFO - Sync 1 DAGs
[2025-11-06T05:52:05.921+0000] {logging_mixin.py:188} INFO - [2025-11-06T05:52:05.918+0000] {dag.py:3823} INFO - Setting next_dagrun for example_sensors to None, run_after=None
[2025-11-06T05:52:06.018+0000] {processor.py:183} INFO - Processing /home/airflow/.local/lib/python3.8/site-packages/airflow/example_dags/example_sensors.py took 0.296 seconds
[2025-11-06T05:52:37.161+0000] {processor.py:161} INFO - Started process (PID=4012) to work on /home/airflow/.local/lib/python3.8/site-packages/airflow/example_dags/example_sensors.py
[2025-11-06T05:52:37.165+0000] {processor.py:830} INFO - Processing file /home/airflow/.local/lib/python3.8/site-packages/airflow/example_dags/example_sensors.py for tasks to queue
[2025-11-06T05:52:37.175+0000] {logging_mixin.py:188} INFO - [2025-11-06T05:52:37.174+0000] {dagbag.py:538} INFO - Filling up the DagBag from /home/airflow/.local/lib/python3.8/site-packages/airflow/example_dags/example_sensors.py
[2025-11-06T05:52:37.256+0000] {processor.py:840} INFO - DAG(s) 'example_sensors' retrieved from /home/airflow/.local/lib/python3.8/site-packages/airflow/example_dags/example_sensors.py
[2025-11-06T05:52:37.531+0000] {logging_mixin.py:188} INFO - [2025-11-06T05:52:37.530+0000] {dag.py:3036} INFO - Sync 1 DAGs
[2025-11-06T05:52:37.615+0000] {logging_mixin.py:188} INFO - [2025-11-06T05:52:37.614+0000] {dag.py:3823} INFO - Setting next_dagrun for example_sensors to None, run_after=None
[2025-11-06T05:52:37.741+0000] {processor.py:183} INFO - Processing /home/airflow/.local/lib/python3.8/site-packages/airflow/example_dags/example_sensors.py took 0.614 seconds
[2025-11-06T05:53:07.965+0000] {processor.py:161} INFO - Started process (PID=4067) to work on /home/airflow/.local/lib/python3.8/site-packages/airflow/example_dags/example_sensors.py
[2025-11-06T05:53:07.968+0000] {processor.py:830} INFO - Processing file /home/airflow/.local/lib/python3.8/site-packages/airflow/example_dags/example_sensors.py for tasks to queue
[2025-11-06T05:53:07.973+0000] {logging_mixin.py:188} INFO - [2025-11-06T05:53:07.972+0000] {dagbag.py:538} INFO - Filling up the DagBag from /home/airflow/.local/lib/python3.8/site-packages/airflow/example_dags/example_sensors.py
[2025-11-06T05:53:08.002+0000] {processor.py:840} INFO - DAG(s) 'example_sensors' retrieved from /home/airflow/.local/lib/python3.8/site-packages/airflow/example_dags/example_sensors.py
[2025-11-06T05:53:08.052+0000] {logging_mixin.py:188} INFO - [2025-11-06T05:53:08.052+0000] {dag.py:3036} INFO - Sync 1 DAGs
[2025-11-06T05:53:08.075+0000] {logging_mixin.py:188} INFO - [2025-11-06T05:53:08.075+0000] {dag.py:3823} INFO - Setting next_dagrun for example_sensors to None, run_after=None
[2025-11-06T05:53:08.120+0000] {processor.py:183} INFO - Processing /home/airflow/.local/lib/python3.8/site-packages/airflow/example_dags/example_sensors.py took 0.166 seconds
[2025-11-06T05:53:38.678+0000] {processor.py:161} INFO - Started process (PID=4122) to work on /home/airflow/.local/lib/python3.8/site-packages/airflow/example_dags/example_sensors.py
[2025-11-06T05:53:38.681+0000] {processor.py:830} INFO - Processing file /home/airflow/.local/lib/python3.8/site-packages/airflow/example_dags/example_sensors.py for tasks to queue
[2025-11-06T05:53:38.689+0000] {logging_mixin.py:188} INFO - [2025-11-06T05:53:38.688+0000] {dagbag.py:538} INFO - Filling up the DagBag from /home/airflow/.local/lib/python3.8/site-packages/airflow/example_dags/example_sensors.py
[2025-11-06T05:53:38.752+0000] {processor.py:840} INFO - DAG(s) 'example_sensors' retrieved from /home/airflow/.local/lib/python3.8/site-packages/airflow/example_dags/example_sensors.py
[2025-11-06T05:53:38.830+0000] {logging_mixin.py:188} INFO - [2025-11-06T05:53:38.829+0000] {dag.py:3036} INFO - Sync 1 DAGs
[2025-11-06T05:53:38.856+0000] {logging_mixin.py:188} INFO - [2025-11-06T05:53:38.856+0000] {dag.py:3823} INFO - Setting next_dagrun for example_sensors to None, run_after=None
[2025-11-06T05:53:38.898+0000] {processor.py:183} INFO - Processing /home/airflow/.local/lib/python3.8/site-packages/airflow/example_dags/example_sensors.py took 0.236 seconds
[2025-11-06T05:54:09.538+0000] {processor.py:161} INFO - Started process (PID=4177) to work on /home/airflow/.local/lib/python3.8/site-packages/airflow/example_dags/example_sensors.py
[2025-11-06T05:54:09.540+0000] {processor.py:830} INFO - Processing file /home/airflow/.local/lib/python3.8/site-packages/airflow/example_dags/example_sensors.py for tasks to queue
[2025-11-06T05:54:09.542+0000] {logging_mixin.py:188} INFO - [2025-11-06T05:54:09.542+0000] {dagbag.py:538} INFO - Filling up the DagBag from /home/airflow/.local/lib/python3.8/site-packages/airflow/example_dags/example_sensors.py
[2025-11-06T05:54:09.554+0000] {processor.py:840} INFO - DAG(s) 'example_sensors' retrieved from /home/airflow/.local/lib/python3.8/site-packages/airflow/example_dags/example_sensors.py
[2025-11-06T05:54:09.588+0000] {logging_mixin.py:188} INFO - [2025-11-06T05:54:09.587+0000] {dag.py:3036} INFO - Sync 1 DAGs
[2025-11-06T05:54:09.604+0000] {logging_mixin.py:188} INFO - [2025-11-06T05:54:09.604+0000] {dag.py:3823} INFO - Setting next_dagrun for example_sensors to None, run_after=None
[2025-11-06T05:54:09.634+0000] {processor.py:183} INFO - Processing /home/airflow/.local/lib/python3.8/site-packages/airflow/example_dags/example_sensors.py took 0.101 seconds
[2025-11-06T05:54:40.049+0000] {processor.py:161} INFO - Started process (PID=4232) to work on /home/airflow/.local/lib/python3.8/site-packages/airflow/example_dags/example_sensors.py
[2025-11-06T05:54:40.061+0000] {processor.py:830} INFO - Processing file /home/airflow/.local/lib/python3.8/site-packages/airflow/example_dags/example_sensors.py for tasks to queue
[2025-11-06T05:54:40.069+0000] {logging_mixin.py:188} INFO - [2025-11-06T05:54:40.068+0000] {dagbag.py:538} INFO - Filling up the DagBag from /home/airflow/.local/lib/python3.8/site-packages/airflow/example_dags/example_sensors.py
[2025-11-06T05:54:40.125+0000] {processor.py:840} INFO - DAG(s) 'example_sensors' retrieved from /home/airflow/.local/lib/python3.8/site-packages/airflow/example_dags/example_sensors.py
[2025-11-06T05:54:40.275+0000] {logging_mixin.py:188} INFO - [2025-11-06T05:54:40.275+0000] {dag.py:3036} INFO - Sync 1 DAGs
[2025-11-06T05:54:40.330+0000] {logging_mixin.py:188} INFO - [2025-11-06T05:54:40.329+0000] {dag.py:3823} INFO - Setting next_dagrun for example_sensors to None, run_after=None
[2025-11-06T05:54:40.414+0000] {processor.py:183} INFO - Processing /home/airflow/.local/lib/python3.8/site-packages/airflow/example_dags/example_sensors.py took 0.380 seconds
[2025-11-06T05:55:10.677+0000] {processor.py:161} INFO - Started process (PID=4287) to work on /home/airflow/.local/lib/python3.8/site-packages/airflow/example_dags/example_sensors.py
[2025-11-06T05:55:10.682+0000] {processor.py:830} INFO - Processing file /home/airflow/.local/lib/python3.8/site-packages/airflow/example_dags/example_sensors.py for tasks to queue
[2025-11-06T05:55:10.688+0000] {logging_mixin.py:188} INFO - [2025-11-06T05:55:10.687+0000] {dagbag.py:538} INFO - Filling up the DagBag from /home/airflow/.local/lib/python3.8/site-packages/airflow/example_dags/example_sensors.py
[2025-11-06T05:55:10.723+0000] {processor.py:840} INFO - DAG(s) 'example_sensors' retrieved from /home/airflow/.local/lib/python3.8/site-packages/airflow/example_dags/example_sensors.py
[2025-11-06T05:55:10.780+0000] {logging_mixin.py:188} INFO - [2025-11-06T05:55:10.779+0000] {dag.py:3036} INFO - Sync 1 DAGs
[2025-11-06T05:55:10.827+0000] {logging_mixin.py:188} INFO - [2025-11-06T05:55:10.825+0000] {dag.py:3823} INFO - Setting next_dagrun for example_sensors to None, run_after=None
[2025-11-06T05:55:10.878+0000] {processor.py:183} INFO - Processing /home/airflow/.local/lib/python3.8/site-packages/airflow/example_dags/example_sensors.py took 0.214 seconds
[2025-11-06T05:55:41.235+0000] {processor.py:161} INFO - Started process (PID=4342) to work on /home/airflow/.local/lib/python3.8/site-packages/airflow/example_dags/example_sensors.py
[2025-11-06T05:55:41.238+0000] {processor.py:830} INFO - Processing file /home/airflow/.local/lib/python3.8/site-packages/airflow/example_dags/example_sensors.py for tasks to queue
[2025-11-06T05:55:41.244+0000] {logging_mixin.py:188} INFO - [2025-11-06T05:55:41.243+0000] {dagbag.py:538} INFO - Filling up the DagBag from /home/airflow/.local/lib/python3.8/site-packages/airflow/example_dags/example_sensors.py
[2025-11-06T05:55:41.268+0000] {processor.py:840} INFO - DAG(s) 'example_sensors' retrieved from /home/airflow/.local/lib/python3.8/site-packages/airflow/example_dags/example_sensors.py
[2025-11-06T05:55:41.331+0000] {logging_mixin.py:188} INFO - [2025-11-06T05:55:41.330+0000] {dag.py:3036} INFO - Sync 1 DAGs
[2025-11-06T05:55:41.362+0000] {logging_mixin.py:188} INFO - [2025-11-06T05:55:41.362+0000] {dag.py:3823} INFO - Setting next_dagrun for example_sensors to None, run_after=None
[2025-11-06T05:55:41.408+0000] {processor.py:183} INFO - Processing /home/airflow/.local/lib/python3.8/site-packages/airflow/example_dags/example_sensors.py took 0.183 seconds
[2025-11-06T05:56:11.573+0000] {processor.py:161} INFO - Started process (PID=4395) to work on /home/airflow/.local/lib/python3.8/site-packages/airflow/example_dags/example_sensors.py
[2025-11-06T05:56:11.577+0000] {processor.py:830} INFO - Processing file /home/airflow/.local/lib/python3.8/site-packages/airflow/example_dags/example_sensors.py for tasks to queue
[2025-11-06T05:56:11.582+0000] {logging_mixin.py:188} INFO - [2025-11-06T05:56:11.581+0000] {dagbag.py:538} INFO - Filling up the DagBag from /home/airflow/.local/lib/python3.8/site-packages/airflow/example_dags/example_sensors.py
[2025-11-06T05:56:11.615+0000] {processor.py:840} INFO - DAG(s) 'example_sensors' retrieved from /home/airflow/.local/lib/python3.8/site-packages/airflow/example_dags/example_sensors.py
[2025-11-06T05:56:11.714+0000] {logging_mixin.py:188} INFO - [2025-11-06T05:56:11.713+0000] {dag.py:3036} INFO - Sync 1 DAGs
[2025-11-06T05:56:11.761+0000] {logging_mixin.py:188} INFO - [2025-11-06T05:56:11.761+0000] {dag.py:3823} INFO - Setting next_dagrun for example_sensors to None, run_after=None
[2025-11-06T05:56:11.809+0000] {processor.py:183} INFO - Processing /home/airflow/.local/lib/python3.8/site-packages/airflow/example_dags/example_sensors.py took 0.246 seconds
[2025-11-06T05:56:42.875+0000] {processor.py:161} INFO - Started process (PID=4449) to work on /home/airflow/.local/lib/python3.8/site-packages/airflow/example_dags/example_sensors.py
[2025-11-06T05:56:42.944+0000] {processor.py:830} INFO - Processing file /home/airflow/.local/lib/python3.8/site-packages/airflow/example_dags/example_sensors.py for tasks to queue
[2025-11-06T05:56:43.099+0000] {logging_mixin.py:188} INFO - [2025-11-06T05:56:43.089+0000] {dagbag.py:538} INFO - Filling up the DagBag from /home/airflow/.local/lib/python3.8/site-packages/airflow/example_dags/example_sensors.py
[2025-11-06T05:56:43.224+0000] {processor.py:840} INFO - DAG(s) 'example_sensors' retrieved from /home/airflow/.local/lib/python3.8/site-packages/airflow/example_dags/example_sensors.py
[2025-11-06T05:56:43.428+0000] {logging_mixin.py:188} INFO - [2025-11-06T05:56:43.426+0000] {dag.py:3036} INFO - Sync 1 DAGs
[2025-11-06T05:56:43.510+0000] {logging_mixin.py:188} INFO - [2025-11-06T05:56:43.510+0000] {dag.py:3823} INFO - Setting next_dagrun for example_sensors to None, run_after=None
[2025-11-06T05:56:43.639+0000] {processor.py:183} INFO - Processing /home/airflow/.local/lib/python3.8/site-packages/airflow/example_dags/example_sensors.py took 0.797 seconds
[2025-11-06T05:57:14.109+0000] {processor.py:161} INFO - Started process (PID=4504) to work on /home/airflow/.local/lib/python3.8/site-packages/airflow/example_dags/example_sensors.py
[2025-11-06T05:57:14.111+0000] {processor.py:830} INFO - Processing file /home/airflow/.local/lib/python3.8/site-packages/airflow/example_dags/example_sensors.py for tasks to queue
[2025-11-06T05:57:14.115+0000] {logging_mixin.py:188} INFO - [2025-11-06T05:57:14.114+0000] {dagbag.py:538} INFO - Filling up the DagBag from /home/airflow/.local/lib/python3.8/site-packages/airflow/example_dags/example_sensors.py
[2025-11-06T05:57:14.137+0000] {processor.py:840} INFO - DAG(s) 'example_sensors' retrieved from /home/airflow/.local/lib/python3.8/site-packages/airflow/example_dags/example_sensors.py
[2025-11-06T05:57:14.192+0000] {logging_mixin.py:188} INFO - [2025-11-06T05:57:14.192+0000] {dag.py:3036} INFO - Sync 1 DAGs
[2025-11-06T05:57:14.216+0000] {logging_mixin.py:188} INFO - [2025-11-06T05:57:14.215+0000] {dag.py:3823} INFO - Setting next_dagrun for example_sensors to None, run_after=None
[2025-11-06T05:57:14.262+0000] {processor.py:183} INFO - Processing /home/airflow/.local/lib/python3.8/site-packages/airflow/example_dags/example_sensors.py took 0.159 seconds
[2025-11-06T05:57:44.853+0000] {processor.py:161} INFO - Started process (PID=4559) to work on /home/airflow/.local/lib/python3.8/site-packages/airflow/example_dags/example_sensors.py
[2025-11-06T05:57:44.885+0000] {processor.py:830} INFO - Processing file /home/airflow/.local/lib/python3.8/site-packages/airflow/example_dags/example_sensors.py for tasks to queue
[2025-11-06T05:57:44.947+0000] {logging_mixin.py:188} INFO - [2025-11-06T05:57:44.946+0000] {dagbag.py:538} INFO - Filling up the DagBag from /home/airflow/.local/lib/python3.8/site-packages/airflow/example_dags/example_sensors.py
[2025-11-06T05:57:45.018+0000] {processor.py:840} INFO - DAG(s) 'example_sensors' retrieved from /home/airflow/.local/lib/python3.8/site-packages/airflow/example_dags/example_sensors.py
[2025-11-06T05:57:45.309+0000] {logging_mixin.py:188} INFO - [2025-11-06T05:57:45.309+0000] {dag.py:3036} INFO - Sync 1 DAGs
[2025-11-06T05:57:45.360+0000] {logging_mixin.py:188} INFO - [2025-11-06T05:57:45.359+0000] {dag.py:3823} INFO - Setting next_dagrun for example_sensors to None, run_after=None
[2025-11-06T05:57:45.486+0000] {processor.py:183} INFO - Processing /home/airflow/.local/lib/python3.8/site-packages/airflow/example_dags/example_sensors.py took 0.665 seconds
[2025-11-06T05:58:15.914+0000] {processor.py:161} INFO - Started process (PID=4614) to work on /home/airflow/.local/lib/python3.8/site-packages/airflow/example_dags/example_sensors.py
[2025-11-06T05:58:15.918+0000] {processor.py:830} INFO - Processing file /home/airflow/.local/lib/python3.8/site-packages/airflow/example_dags/example_sensors.py for tasks to queue
[2025-11-06T05:58:15.929+0000] {logging_mixin.py:188} INFO - [2025-11-06T05:58:15.928+0000] {dagbag.py:538} INFO - Filling up the DagBag from /home/airflow/.local/lib/python3.8/site-packages/airflow/example_dags/example_sensors.py
[2025-11-06T05:58:15.973+0000] {processor.py:840} INFO - DAG(s) 'example_sensors' retrieved from /home/airflow/.local/lib/python3.8/site-packages/airflow/example_dags/example_sensors.py
[2025-11-06T05:58:16.071+0000] {logging_mixin.py:188} INFO - [2025-11-06T05:58:16.071+0000] {dag.py:3036} INFO - Sync 1 DAGs
[2025-11-06T05:58:16.117+0000] {logging_mixin.py:188} INFO - [2025-11-06T05:58:16.117+0000] {dag.py:3823} INFO - Setting next_dagrun for example_sensors to None, run_after=None
[2025-11-06T05:58:16.205+0000] {processor.py:183} INFO - Processing /home/airflow/.local/lib/python3.8/site-packages/airflow/example_dags/example_sensors.py took 0.311 seconds
[2025-11-06T05:58:46.305+0000] {processor.py:161} INFO - Started process (PID=4669) to work on /home/airflow/.local/lib/python3.8/site-packages/airflow/example_dags/example_sensors.py
[2025-11-06T05:58:46.307+0000] {processor.py:830} INFO - Processing file /home/airflow/.local/lib/python3.8/site-packages/airflow/example_dags/example_sensors.py for tasks to queue
[2025-11-06T05:58:46.311+0000] {logging_mixin.py:188} INFO - [2025-11-06T05:58:46.310+0000] {dagbag.py:538} INFO - Filling up the DagBag from /home/airflow/.local/lib/python3.8/site-packages/airflow/example_dags/example_sensors.py
[2025-11-06T05:58:46.327+0000] {processor.py:840} INFO - DAG(s) 'example_sensors' retrieved from /home/airflow/.local/lib/python3.8/site-packages/airflow/example_dags/example_sensors.py
[2025-11-06T05:58:46.373+0000] {logging_mixin.py:188} INFO - [2025-11-06T05:58:46.373+0000] {dag.py:3036} INFO - Sync 1 DAGs
[2025-11-06T05:58:46.394+0000] {logging_mixin.py:188} INFO - [2025-11-06T05:58:46.394+0000] {dag.py:3823} INFO - Setting next_dagrun for example_sensors to None, run_after=None
[2025-11-06T05:58:46.432+0000] {processor.py:183} INFO - Processing /home/airflow/.local/lib/python3.8/site-packages/airflow/example_dags/example_sensors.py took 0.134 seconds
[2025-11-06T05:59:16.786+0000] {processor.py:161} INFO - Started process (PID=4724) to work on /home/airflow/.local/lib/python3.8/site-packages/airflow/example_dags/example_sensors.py
[2025-11-06T05:59:16.790+0000] {processor.py:830} INFO - Processing file /home/airflow/.local/lib/python3.8/site-packages/airflow/example_dags/example_sensors.py for tasks to queue
[2025-11-06T05:59:16.802+0000] {logging_mixin.py:188} INFO - [2025-11-06T05:59:16.801+0000] {dagbag.py:538} INFO - Filling up the DagBag from /home/airflow/.local/lib/python3.8/site-packages/airflow/example_dags/example_sensors.py
[2025-11-06T05:59:16.839+0000] {processor.py:840} INFO - DAG(s) 'example_sensors' retrieved from /home/airflow/.local/lib/python3.8/site-packages/airflow/example_dags/example_sensors.py
[2025-11-06T05:59:16.932+0000] {logging_mixin.py:188} INFO - [2025-11-06T05:59:16.931+0000] {dag.py:3036} INFO - Sync 1 DAGs
[2025-11-06T05:59:16.980+0000] {logging_mixin.py:188} INFO - [2025-11-06T05:59:16.979+0000] {dag.py:3823} INFO - Setting next_dagrun for example_sensors to None, run_after=None
[2025-11-06T05:59:17.047+0000] {processor.py:183} INFO - Processing /home/airflow/.local/lib/python3.8/site-packages/airflow/example_dags/example_sensors.py took 0.276 seconds
[2025-11-06T05:59:47.472+0000] {processor.py:161} INFO - Started process (PID=4779) to work on /home/airflow/.local/lib/python3.8/site-packages/airflow/example_dags/example_sensors.py
[2025-11-06T05:59:47.478+0000] {processor.py:830} INFO - Processing file /home/airflow/.local/lib/python3.8/site-packages/airflow/example_dags/example_sensors.py for tasks to queue
[2025-11-06T05:59:47.491+0000] {logging_mixin.py:188} INFO - [2025-11-06T05:59:47.490+0000] {dagbag.py:538} INFO - Filling up the DagBag from /home/airflow/.local/lib/python3.8/site-packages/airflow/example_dags/example_sensors.py
[2025-11-06T05:59:47.549+0000] {processor.py:840} INFO - DAG(s) 'example_sensors' retrieved from /home/airflow/.local/lib/python3.8/site-packages/airflow/example_dags/example_sensors.py
[2025-11-06T05:59:47.667+0000] {logging_mixin.py:188} INFO - [2025-11-06T05:59:47.666+0000] {dag.py:3036} INFO - Sync 1 DAGs
[2025-11-06T05:59:47.717+0000] {logging_mixin.py:188} INFO - [2025-11-06T05:59:47.716+0000] {dag.py:3823} INFO - Setting next_dagrun for example_sensors to None, run_after=None
[2025-11-06T05:59:47.805+0000] {processor.py:183} INFO - Processing /home/airflow/.local/lib/python3.8/site-packages/airflow/example_dags/example_sensors.py took 0.354 seconds
[2025-11-06T06:00:18.886+0000] {processor.py:161} INFO - Started process (PID=4834) to work on /home/airflow/.local/lib/python3.8/site-packages/airflow/example_dags/example_sensors.py
[2025-11-06T06:00:18.889+0000] {processor.py:830} INFO - Processing file /home/airflow/.local/lib/python3.8/site-packages/airflow/example_dags/example_sensors.py for tasks to queue
[2025-11-06T06:00:18.896+0000] {logging_mixin.py:188} INFO - [2025-11-06T06:00:18.895+0000] {dagbag.py:538} INFO - Filling up the DagBag from /home/airflow/.local/lib/python3.8/site-packages/airflow/example_dags/example_sensors.py
[2025-11-06T06:00:18.955+0000] {processor.py:840} INFO - DAG(s) 'example_sensors' retrieved from /home/airflow/.local/lib/python3.8/site-packages/airflow/example_dags/example_sensors.py
[2025-11-06T06:00:19.181+0000] {logging_mixin.py:188} INFO - [2025-11-06T06:00:19.171+0000] {dag.py:3036} INFO - Sync 1 DAGs
[2025-11-06T06:00:19.319+0000] {logging_mixin.py:188} INFO - [2025-11-06T06:00:19.319+0000] {dag.py:3823} INFO - Setting next_dagrun for example_sensors to None, run_after=None
[2025-11-06T06:00:19.482+0000] {processor.py:183} INFO - Processing /home/airflow/.local/lib/python3.8/site-packages/airflow/example_dags/example_sensors.py took 0.627 seconds
[2025-11-06T06:00:49.861+0000] {processor.py:161} INFO - Started process (PID=4890) to work on /home/airflow/.local/lib/python3.8/site-packages/airflow/example_dags/example_sensors.py
[2025-11-06T06:00:49.863+0000] {processor.py:830} INFO - Processing file /home/airflow/.local/lib/python3.8/site-packages/airflow/example_dags/example_sensors.py for tasks to queue
[2025-11-06T06:00:49.866+0000] {logging_mixin.py:188} INFO - [2025-11-06T06:00:49.866+0000] {dagbag.py:538} INFO - Filling up the DagBag from /home/airflow/.local/lib/python3.8/site-packages/airflow/example_dags/example_sensors.py
[2025-11-06T06:00:49.879+0000] {processor.py:840} INFO - DAG(s) 'example_sensors' retrieved from /home/airflow/.local/lib/python3.8/site-packages/airflow/example_dags/example_sensors.py
[2025-11-06T06:00:49.923+0000] {logging_mixin.py:188} INFO - [2025-11-06T06:00:49.923+0000] {dag.py:3036} INFO - Sync 1 DAGs
[2025-11-06T06:00:49.946+0000] {logging_mixin.py:188} INFO - [2025-11-06T06:00:49.946+0000] {dag.py:3823} INFO - Setting next_dagrun for example_sensors to None, run_after=None
[2025-11-06T06:00:49.978+0000] {processor.py:183} INFO - Processing /home/airflow/.local/lib/python3.8/site-packages/airflow/example_dags/example_sensors.py took 0.121 seconds
[2025-11-06T06:01:20.919+0000] {processor.py:161} INFO - Started process (PID=4945) to work on /home/airflow/.local/lib/python3.8/site-packages/airflow/example_dags/example_sensors.py
[2025-11-06T06:01:20.926+0000] {processor.py:830} INFO - Processing file /home/airflow/.local/lib/python3.8/site-packages/airflow/example_dags/example_sensors.py for tasks to queue
[2025-11-06T06:01:20.936+0000] {logging_mixin.py:188} INFO - [2025-11-06T06:01:20.935+0000] {dagbag.py:538} INFO - Filling up the DagBag from /home/airflow/.local/lib/python3.8/site-packages/airflow/example_dags/example_sensors.py
[2025-11-06T06:01:20.980+0000] {processor.py:840} INFO - DAG(s) 'example_sensors' retrieved from /home/airflow/.local/lib/python3.8/site-packages/airflow/example_dags/example_sensors.py
[2025-11-06T06:01:21.126+0000] {logging_mixin.py:188} INFO - [2025-11-06T06:01:21.126+0000] {dag.py:3036} INFO - Sync 1 DAGs
[2025-11-06T06:01:21.211+0000] {logging_mixin.py:188} INFO - [2025-11-06T06:01:21.209+0000] {dag.py:3823} INFO - Setting next_dagrun for example_sensors to None, run_after=None
[2025-11-06T06:01:21.307+0000] {processor.py:183} INFO - Processing /home/airflow/.local/lib/python3.8/site-packages/airflow/example_dags/example_sensors.py took 0.402 seconds
[2025-11-06T06:01:51.401+0000] {processor.py:161} INFO - Started process (PID=5000) to work on /home/airflow/.local/lib/python3.8/site-packages/airflow/example_dags/example_sensors.py
[2025-11-06T06:01:51.403+0000] {processor.py:830} INFO - Processing file /home/airflow/.local/lib/python3.8/site-packages/airflow/example_dags/example_sensors.py for tasks to queue
[2025-11-06T06:01:51.406+0000] {logging_mixin.py:188} INFO - [2025-11-06T06:01:51.406+0000] {dagbag.py:538} INFO - Filling up the DagBag from /home/airflow/.local/lib/python3.8/site-packages/airflow/example_dags/example_sensors.py
[2025-11-06T06:01:51.420+0000] {processor.py:840} INFO - DAG(s) 'example_sensors' retrieved from /home/airflow/.local/lib/python3.8/site-packages/airflow/example_dags/example_sensors.py
[2025-11-06T06:01:51.457+0000] {logging_mixin.py:188} INFO - [2025-11-06T06:01:51.456+0000] {dag.py:3036} INFO - Sync 1 DAGs
[2025-11-06T06:01:51.484+0000] {logging_mixin.py:188} INFO - [2025-11-06T06:01:51.484+0000] {dag.py:3823} INFO - Setting next_dagrun for example_sensors to None, run_after=None
[2025-11-06T06:01:51.532+0000] {processor.py:183} INFO - Processing /home/airflow/.local/lib/python3.8/site-packages/airflow/example_dags/example_sensors.py took 0.136 seconds
[2025-11-06T06:02:22.029+0000] {processor.py:161} INFO - Started process (PID=5055) to work on /home/airflow/.local/lib/python3.8/site-packages/airflow/example_dags/example_sensors.py
[2025-11-06T06:02:22.032+0000] {processor.py:830} INFO - Processing file /home/airflow/.local/lib/python3.8/site-packages/airflow/example_dags/example_sensors.py for tasks to queue
[2025-11-06T06:02:22.044+0000] {logging_mixin.py:188} INFO - [2025-11-06T06:02:22.044+0000] {dagbag.py:538} INFO - Filling up the DagBag from /home/airflow/.local/lib/python3.8/site-packages/airflow/example_dags/example_sensors.py
[2025-11-06T06:02:22.079+0000] {processor.py:840} INFO - DAG(s) 'example_sensors' retrieved from /home/airflow/.local/lib/python3.8/site-packages/airflow/example_dags/example_sensors.py
[2025-11-06T06:02:22.159+0000] {logging_mixin.py:188} INFO - [2025-11-06T06:02:22.158+0000] {dag.py:3036} INFO - Sync 1 DAGs
[2025-11-06T06:02:22.207+0000] {logging_mixin.py:188} INFO - [2025-11-06T06:02:22.206+0000] {dag.py:3823} INFO - Setting next_dagrun for example_sensors to None, run_after=None
[2025-11-06T06:02:22.294+0000] {processor.py:183} INFO - Processing /home/airflow/.local/lib/python3.8/site-packages/airflow/example_dags/example_sensors.py took 0.277 seconds
[2025-11-06T06:02:53.017+0000] {processor.py:161} INFO - Started process (PID=5110) to work on /home/airflow/.local/lib/python3.8/site-packages/airflow/example_dags/example_sensors.py
[2025-11-06T06:02:53.018+0000] {processor.py:830} INFO - Processing file /home/airflow/.local/lib/python3.8/site-packages/airflow/example_dags/example_sensors.py for tasks to queue
[2025-11-06T06:02:53.021+0000] {logging_mixin.py:188} INFO - [2025-11-06T06:02:53.021+0000] {dagbag.py:538} INFO - Filling up the DagBag from /home/airflow/.local/lib/python3.8/site-packages/airflow/example_dags/example_sensors.py
[2025-11-06T06:02:53.034+0000] {processor.py:840} INFO - DAG(s) 'example_sensors' retrieved from /home/airflow/.local/lib/python3.8/site-packages/airflow/example_dags/example_sensors.py
[2025-11-06T06:02:53.069+0000] {logging_mixin.py:188} INFO - [2025-11-06T06:02:53.069+0000] {dag.py:3036} INFO - Sync 1 DAGs
[2025-11-06T06:02:53.085+0000] {logging_mixin.py:188} INFO - [2025-11-06T06:02:53.084+0000] {dag.py:3823} INFO - Setting next_dagrun for example_sensors to None, run_after=None
[2025-11-06T06:02:53.112+0000] {processor.py:183} INFO - Processing /home/airflow/.local/lib/python3.8/site-packages/airflow/example_dags/example_sensors.py took 0.100 seconds
[2025-11-06T06:03:23.550+0000] {processor.py:161} INFO - Started process (PID=5165) to work on /home/airflow/.local/lib/python3.8/site-packages/airflow/example_dags/example_sensors.py
[2025-11-06T06:03:23.553+0000] {processor.py:830} INFO - Processing file /home/airflow/.local/lib/python3.8/site-packages/airflow/example_dags/example_sensors.py for tasks to queue
[2025-11-06T06:03:23.560+0000] {logging_mixin.py:188} INFO - [2025-11-06T06:03:23.558+0000] {dagbag.py:538} INFO - Filling up the DagBag from /home/airflow/.local/lib/python3.8/site-packages/airflow/example_dags/example_sensors.py
[2025-11-06T06:03:23.608+0000] {processor.py:840} INFO - DAG(s) 'example_sensors' retrieved from /home/airflow/.local/lib/python3.8/site-packages/airflow/example_dags/example_sensors.py
[2025-11-06T06:03:23.721+0000] {logging_mixin.py:188} INFO - [2025-11-06T06:03:23.721+0000] {dag.py:3036} INFO - Sync 1 DAGs
[2025-11-06T06:03:23.803+0000] {logging_mixin.py:188} INFO - [2025-11-06T06:03:23.802+0000] {dag.py:3823} INFO - Setting next_dagrun for example_sensors to None, run_after=None
[2025-11-06T06:03:23.888+0000] {processor.py:183} INFO - Processing /home/airflow/.local/lib/python3.8/site-packages/airflow/example_dags/example_sensors.py took 0.351 seconds
[2025-11-06T06:03:54.935+0000] {processor.py:161} INFO - Started process (PID=5220) to work on /home/airflow/.local/lib/python3.8/site-packages/airflow/example_dags/example_sensors.py
[2025-11-06T06:03:54.937+0000] {processor.py:830} INFO - Processing file /home/airflow/.local/lib/python3.8/site-packages/airflow/example_dags/example_sensors.py for tasks to queue
[2025-11-06T06:03:54.941+0000] {logging_mixin.py:188} INFO - [2025-11-06T06:03:54.940+0000] {dagbag.py:538} INFO - Filling up the DagBag from /home/airflow/.local/lib/python3.8/site-packages/airflow/example_dags/example_sensors.py
[2025-11-06T06:03:54.956+0000] {processor.py:840} INFO - DAG(s) 'example_sensors' retrieved from /home/airflow/.local/lib/python3.8/site-packages/airflow/example_dags/example_sensors.py
[2025-11-06T06:03:55.028+0000] {logging_mixin.py:188} INFO - [2025-11-06T06:03:55.028+0000] {dag.py:3036} INFO - Sync 1 DAGs
[2025-11-06T06:03:55.058+0000] {logging_mixin.py:188} INFO - [2025-11-06T06:03:55.058+0000] {dag.py:3823} INFO - Setting next_dagrun for example_sensors to None, run_after=None
[2025-11-06T06:03:55.100+0000] {processor.py:183} INFO - Processing /home/airflow/.local/lib/python3.8/site-packages/airflow/example_dags/example_sensors.py took 0.173 seconds
[2025-11-06T06:04:25.169+0000] {processor.py:161} INFO - Started process (PID=5275) to work on /home/airflow/.local/lib/python3.8/site-packages/airflow/example_dags/example_sensors.py
[2025-11-06T06:04:25.171+0000] {processor.py:830} INFO - Processing file /home/airflow/.local/lib/python3.8/site-packages/airflow/example_dags/example_sensors.py for tasks to queue
[2025-11-06T06:04:25.174+0000] {logging_mixin.py:188} INFO - [2025-11-06T06:04:25.173+0000] {dagbag.py:538} INFO - Filling up the DagBag from /home/airflow/.local/lib/python3.8/site-packages/airflow/example_dags/example_sensors.py
[2025-11-06T06:04:25.191+0000] {processor.py:840} INFO - DAG(s) 'example_sensors' retrieved from /home/airflow/.local/lib/python3.8/site-packages/airflow/example_dags/example_sensors.py
[2025-11-06T06:04:25.235+0000] {logging_mixin.py:188} INFO - [2025-11-06T06:04:25.234+0000] {dag.py:3036} INFO - Sync 1 DAGs
[2025-11-06T06:04:25.256+0000] {logging_mixin.py:188} INFO - [2025-11-06T06:04:25.256+0000] {dag.py:3823} INFO - Setting next_dagrun for example_sensors to None, run_after=None
[2025-11-06T06:04:25.299+0000] {processor.py:183} INFO - Processing /home/airflow/.local/lib/python3.8/site-packages/airflow/example_dags/example_sensors.py took 0.137 seconds
[2025-11-06T06:04:55.599+0000] {processor.py:161} INFO - Started process (PID=5330) to work on /home/airflow/.local/lib/python3.8/site-packages/airflow/example_dags/example_sensors.py
[2025-11-06T06:04:55.600+0000] {processor.py:830} INFO - Processing file /home/airflow/.local/lib/python3.8/site-packages/airflow/example_dags/example_sensors.py for tasks to queue
[2025-11-06T06:04:55.603+0000] {logging_mixin.py:188} INFO - [2025-11-06T06:04:55.603+0000] {dagbag.py:538} INFO - Filling up the DagBag from /home/airflow/.local/lib/python3.8/site-packages/airflow/example_dags/example_sensors.py
[2025-11-06T06:04:55.616+0000] {processor.py:840} INFO - DAG(s) 'example_sensors' retrieved from /home/airflow/.local/lib/python3.8/site-packages/airflow/example_dags/example_sensors.py
[2025-11-06T06:04:55.652+0000] {logging_mixin.py:188} INFO - [2025-11-06T06:04:55.652+0000] {dag.py:3036} INFO - Sync 1 DAGs
[2025-11-06T06:04:55.676+0000] {logging_mixin.py:188} INFO - [2025-11-06T06:04:55.675+0000] {dag.py:3823} INFO - Setting next_dagrun for example_sensors to None, run_after=None
[2025-11-06T06:04:55.708+0000] {processor.py:183} INFO - Processing /home/airflow/.local/lib/python3.8/site-packages/airflow/example_dags/example_sensors.py took 0.114 seconds
[2025-11-06T06:05:26.670+0000] {processor.py:161} INFO - Started process (PID=5392) to work on /home/airflow/.local/lib/python3.8/site-packages/airflow/example_dags/example_sensors.py
[2025-11-06T06:05:26.674+0000] {processor.py:830} INFO - Processing file /home/airflow/.local/lib/python3.8/site-packages/airflow/example_dags/example_sensors.py for tasks to queue
[2025-11-06T06:05:26.688+0000] {logging_mixin.py:188} INFO - [2025-11-06T06:05:26.687+0000] {dagbag.py:538} INFO - Filling up the DagBag from /home/airflow/.local/lib/python3.8/site-packages/airflow/example_dags/example_sensors.py
[2025-11-06T06:05:26.730+0000] {processor.py:840} INFO - DAG(s) 'example_sensors' retrieved from /home/airflow/.local/lib/python3.8/site-packages/airflow/example_dags/example_sensors.py
[2025-11-06T06:05:26.834+0000] {logging_mixin.py:188} INFO - [2025-11-06T06:05:26.833+0000] {dag.py:3036} INFO - Sync 1 DAGs
[2025-11-06T06:05:26.887+0000] {logging_mixin.py:188} INFO - [2025-11-06T06:05:26.887+0000] {dag.py:3823} INFO - Setting next_dagrun for example_sensors to None, run_after=None
[2025-11-06T06:05:26.979+0000] {processor.py:183} INFO - Processing /home/airflow/.local/lib/python3.8/site-packages/airflow/example_dags/example_sensors.py took 0.312 seconds
[2025-11-06T06:05:57.183+0000] {processor.py:161} INFO - Started process (PID=5447) to work on /home/airflow/.local/lib/python3.8/site-packages/airflow/example_dags/example_sensors.py
[2025-11-06T06:05:57.184+0000] {processor.py:830} INFO - Processing file /home/airflow/.local/lib/python3.8/site-packages/airflow/example_dags/example_sensors.py for tasks to queue
[2025-11-06T06:05:57.187+0000] {logging_mixin.py:188} INFO - [2025-11-06T06:05:57.187+0000] {dagbag.py:538} INFO - Filling up the DagBag from /home/airflow/.local/lib/python3.8/site-packages/airflow/example_dags/example_sensors.py
[2025-11-06T06:05:57.198+0000] {processor.py:840} INFO - DAG(s) 'example_sensors' retrieved from /home/airflow/.local/lib/python3.8/site-packages/airflow/example_dags/example_sensors.py
[2025-11-06T06:05:57.235+0000] {logging_mixin.py:188} INFO - [2025-11-06T06:05:57.234+0000] {dag.py:3036} INFO - Sync 1 DAGs
[2025-11-06T06:05:57.253+0000] {logging_mixin.py:188} INFO - [2025-11-06T06:05:57.252+0000] {dag.py:3823} INFO - Setting next_dagrun for example_sensors to None, run_after=None
[2025-11-06T06:05:57.287+0000] {processor.py:183} INFO - Processing /home/airflow/.local/lib/python3.8/site-packages/airflow/example_dags/example_sensors.py took 0.108 seconds
[2025-11-06T06:06:28.327+0000] {processor.py:161} INFO - Started process (PID=5502) to work on /home/airflow/.local/lib/python3.8/site-packages/airflow/example_dags/example_sensors.py
[2025-11-06T06:06:28.331+0000] {processor.py:830} INFO - Processing file /home/airflow/.local/lib/python3.8/site-packages/airflow/example_dags/example_sensors.py for tasks to queue
[2025-11-06T06:06:28.338+0000] {logging_mixin.py:188} INFO - [2025-11-06T06:06:28.337+0000] {dagbag.py:538} INFO - Filling up the DagBag from /home/airflow/.local/lib/python3.8/site-packages/airflow/example_dags/example_sensors.py
[2025-11-06T06:06:28.374+0000] {processor.py:840} INFO - DAG(s) 'example_sensors' retrieved from /home/airflow/.local/lib/python3.8/site-packages/airflow/example_dags/example_sensors.py
[2025-11-06T06:06:28.476+0000] {logging_mixin.py:188} INFO - [2025-11-06T06:06:28.475+0000] {dag.py:3036} INFO - Sync 1 DAGs
[2025-11-06T06:06:28.527+0000] {logging_mixin.py:188} INFO - [2025-11-06T06:06:28.526+0000] {dag.py:3823} INFO - Setting next_dagrun for example_sensors to None, run_after=None
[2025-11-06T06:06:28.601+0000] {processor.py:183} INFO - Processing /home/airflow/.local/lib/python3.8/site-packages/airflow/example_dags/example_sensors.py took 0.294 seconds
[2025-11-06T06:06:58.986+0000] {processor.py:161} INFO - Started process (PID=5557) to work on /home/airflow/.local/lib/python3.8/site-packages/airflow/example_dags/example_sensors.py
[2025-11-06T06:06:58.992+0000] {processor.py:830} INFO - Processing file /home/airflow/.local/lib/python3.8/site-packages/airflow/example_dags/example_sensors.py for tasks to queue
[2025-11-06T06:06:59.019+0000] {logging_mixin.py:188} INFO - [2025-11-06T06:06:59.018+0000] {dagbag.py:538} INFO - Filling up the DagBag from /home/airflow/.local/lib/python3.8/site-packages/airflow/example_dags/example_sensors.py
[2025-11-06T06:06:59.056+0000] {processor.py:840} INFO - DAG(s) 'example_sensors' retrieved from /home/airflow/.local/lib/python3.8/site-packages/airflow/example_dags/example_sensors.py
[2025-11-06T06:06:59.220+0000] {logging_mixin.py:188} INFO - [2025-11-06T06:06:59.220+0000] {dag.py:3036} INFO - Sync 1 DAGs
[2025-11-06T06:06:59.275+0000] {logging_mixin.py:188} INFO - [2025-11-06T06:06:59.275+0000] {dag.py:3823} INFO - Setting next_dagrun for example_sensors to None, run_after=None
[2025-11-06T06:06:59.365+0000] {processor.py:183} INFO - Processing /home/airflow/.local/lib/python3.8/site-packages/airflow/example_dags/example_sensors.py took 0.408 seconds
[2025-11-06T06:07:29.533+0000] {processor.py:161} INFO - Started process (PID=5612) to work on /home/airflow/.local/lib/python3.8/site-packages/airflow/example_dags/example_sensors.py
[2025-11-06T06:07:29.535+0000] {processor.py:830} INFO - Processing file /home/airflow/.local/lib/python3.8/site-packages/airflow/example_dags/example_sensors.py for tasks to queue
[2025-11-06T06:07:29.539+0000] {logging_mixin.py:188} INFO - [2025-11-06T06:07:29.538+0000] {dagbag.py:538} INFO - Filling up the DagBag from /home/airflow/.local/lib/python3.8/site-packages/airflow/example_dags/example_sensors.py
[2025-11-06T06:07:29.557+0000] {processor.py:840} INFO - DAG(s) 'example_sensors' retrieved from /home/airflow/.local/lib/python3.8/site-packages/airflow/example_dags/example_sensors.py
[2025-11-06T06:07:29.613+0000] {logging_mixin.py:188} INFO - [2025-11-06T06:07:29.613+0000] {dag.py:3036} INFO - Sync 1 DAGs
[2025-11-06T06:07:29.639+0000] {logging_mixin.py:188} INFO - [2025-11-06T06:07:29.639+0000] {dag.py:3823} INFO - Setting next_dagrun for example_sensors to None, run_after=None
[2025-11-06T06:07:29.701+0000] {processor.py:183} INFO - Processing /home/airflow/.local/lib/python3.8/site-packages/airflow/example_dags/example_sensors.py took 0.175 seconds
[2025-11-06T06:08:00.041+0000] {processor.py:161} INFO - Started process (PID=5667) to work on /home/airflow/.local/lib/python3.8/site-packages/airflow/example_dags/example_sensors.py
[2025-11-06T06:08:00.045+0000] {processor.py:830} INFO - Processing file /home/airflow/.local/lib/python3.8/site-packages/airflow/example_dags/example_sensors.py for tasks to queue
[2025-11-06T06:08:00.053+0000] {logging_mixin.py:188} INFO - [2025-11-06T06:08:00.052+0000] {dagbag.py:538} INFO - Filling up the DagBag from /home/airflow/.local/lib/python3.8/site-packages/airflow/example_dags/example_sensors.py
[2025-11-06T06:08:00.086+0000] {processor.py:840} INFO - DAG(s) 'example_sensors' retrieved from /home/airflow/.local/lib/python3.8/site-packages/airflow/example_dags/example_sensors.py
[2025-11-06T06:08:00.174+0000] {logging_mixin.py:188} INFO - [2025-11-06T06:08:00.173+0000] {dag.py:3036} INFO - Sync 1 DAGs
[2025-11-06T06:08:00.216+0000] {logging_mixin.py:188} INFO - [2025-11-06T06:08:00.215+0000] {dag.py:3823} INFO - Setting next_dagrun for example_sensors to None, run_after=None
[2025-11-06T06:08:00.284+0000] {processor.py:183} INFO - Processing /home/airflow/.local/lib/python3.8/site-packages/airflow/example_dags/example_sensors.py took 0.259 seconds
[2025-11-06T06:08:30.562+0000] {processor.py:161} INFO - Started process (PID=5722) to work on /home/airflow/.local/lib/python3.8/site-packages/airflow/example_dags/example_sensors.py
[2025-11-06T06:08:30.564+0000] {processor.py:830} INFO - Processing file /home/airflow/.local/lib/python3.8/site-packages/airflow/example_dags/example_sensors.py for tasks to queue
[2025-11-06T06:08:30.569+0000] {logging_mixin.py:188} INFO - [2025-11-06T06:08:30.569+0000] {dagbag.py:538} INFO - Filling up the DagBag from /home/airflow/.local/lib/python3.8/site-packages/airflow/example_dags/example_sensors.py
[2025-11-06T06:08:30.590+0000] {processor.py:840} INFO - DAG(s) 'example_sensors' retrieved from /home/airflow/.local/lib/python3.8/site-packages/airflow/example_dags/example_sensors.py
[2025-11-06T06:08:30.629+0000] {logging_mixin.py:188} INFO - [2025-11-06T06:08:30.629+0000] {dag.py:3036} INFO - Sync 1 DAGs
[2025-11-06T06:08:30.651+0000] {logging_mixin.py:188} INFO - [2025-11-06T06:08:30.651+0000] {dag.py:3823} INFO - Setting next_dagrun for example_sensors to None, run_after=None
[2025-11-06T06:08:30.684+0000] {processor.py:183} INFO - Processing /home/airflow/.local/lib/python3.8/site-packages/airflow/example_dags/example_sensors.py took 0.129 seconds
[2025-11-06T06:09:01.289+0000] {processor.py:161} INFO - Started process (PID=5776) to work on /home/airflow/.local/lib/python3.8/site-packages/airflow/example_dags/example_sensors.py
[2025-11-06T06:09:01.315+0000] {processor.py:830} INFO - Processing file /home/airflow/.local/lib/python3.8/site-packages/airflow/example_dags/example_sensors.py for tasks to queue
[2025-11-06T06:09:01.321+0000] {logging_mixin.py:188} INFO - [2025-11-06T06:09:01.320+0000] {dagbag.py:538} INFO - Filling up the DagBag from /home/airflow/.local/lib/python3.8/site-packages/airflow/example_dags/example_sensors.py
[2025-11-06T06:09:01.399+0000] {processor.py:840} INFO - DAG(s) 'example_sensors' retrieved from /home/airflow/.local/lib/python3.8/site-packages/airflow/example_dags/example_sensors.py
[2025-11-06T06:09:01.600+0000] {logging_mixin.py:188} INFO - [2025-11-06T06:09:01.599+0000] {dag.py:3036} INFO - Sync 1 DAGs
[2025-11-06T06:09:01.698+0000] {logging_mixin.py:188} INFO - [2025-11-06T06:09:01.693+0000] {dag.py:3823} INFO - Setting next_dagrun for example_sensors to None, run_after=None
[2025-11-06T06:09:01.825+0000] {processor.py:183} INFO - Processing /home/airflow/.local/lib/python3.8/site-packages/airflow/example_dags/example_sensors.py took 0.557 seconds
[2025-11-06T06:09:32.469+0000] {processor.py:161} INFO - Started process (PID=5831) to work on /home/airflow/.local/lib/python3.8/site-packages/airflow/example_dags/example_sensors.py
[2025-11-06T06:09:32.471+0000] {processor.py:830} INFO - Processing file /home/airflow/.local/lib/python3.8/site-packages/airflow/example_dags/example_sensors.py for tasks to queue
[2025-11-06T06:09:32.475+0000] {logging_mixin.py:188} INFO - [2025-11-06T06:09:32.474+0000] {dagbag.py:538} INFO - Filling up the DagBag from /home/airflow/.local/lib/python3.8/site-packages/airflow/example_dags/example_sensors.py
[2025-11-06T06:09:32.491+0000] {processor.py:840} INFO - DAG(s) 'example_sensors' retrieved from /home/airflow/.local/lib/python3.8/site-packages/airflow/example_dags/example_sensors.py
[2025-11-06T06:09:32.533+0000] {logging_mixin.py:188} INFO - [2025-11-06T06:09:32.533+0000] {dag.py:3036} INFO - Sync 1 DAGs
[2025-11-06T06:09:32.549+0000] {logging_mixin.py:188} INFO - [2025-11-06T06:09:32.549+0000] {dag.py:3823} INFO - Setting next_dagrun for example_sensors to None, run_after=None
[2025-11-06T06:09:32.580+0000] {processor.py:183} INFO - Processing /home/airflow/.local/lib/python3.8/site-packages/airflow/example_dags/example_sensors.py took 0.115 seconds
[2025-11-06T06:10:03.541+0000] {processor.py:161} INFO - Started process (PID=5887) to work on /home/airflow/.local/lib/python3.8/site-packages/airflow/example_dags/example_sensors.py
[2025-11-06T06:10:03.545+0000] {processor.py:830} INFO - Processing file /home/airflow/.local/lib/python3.8/site-packages/airflow/example_dags/example_sensors.py for tasks to queue
[2025-11-06T06:10:03.551+0000] {logging_mixin.py:188} INFO - [2025-11-06T06:10:03.550+0000] {dagbag.py:538} INFO - Filling up the DagBag from /home/airflow/.local/lib/python3.8/site-packages/airflow/example_dags/example_sensors.py
[2025-11-06T06:10:03.602+0000] {processor.py:840} INFO - DAG(s) 'example_sensors' retrieved from /home/airflow/.local/lib/python3.8/site-packages/airflow/example_dags/example_sensors.py
[2025-11-06T06:10:03.709+0000] {logging_mixin.py:188} INFO - [2025-11-06T06:10:03.708+0000] {dag.py:3036} INFO - Sync 1 DAGs
[2025-11-06T06:10:03.759+0000] {logging_mixin.py:188} INFO - [2025-11-06T06:10:03.758+0000] {dag.py:3823} INFO - Setting next_dagrun for example_sensors to None, run_after=None
[2025-11-06T06:10:03.822+0000] {processor.py:183} INFO - Processing /home/airflow/.local/lib/python3.8/site-packages/airflow/example_dags/example_sensors.py took 0.293 seconds
[2025-11-06T06:10:34.032+0000] {processor.py:161} INFO - Started process (PID=5942) to work on /home/airflow/.local/lib/python3.8/site-packages/airflow/example_dags/example_sensors.py
[2025-11-06T06:10:34.035+0000] {processor.py:830} INFO - Processing file /home/airflow/.local/lib/python3.8/site-packages/airflow/example_dags/example_sensors.py for tasks to queue
[2025-11-06T06:10:34.039+0000] {logging_mixin.py:188} INFO - [2025-11-06T06:10:34.038+0000] {dagbag.py:538} INFO - Filling up the DagBag from /home/airflow/.local/lib/python3.8/site-packages/airflow/example_dags/example_sensors.py
[2025-11-06T06:10:34.060+0000] {processor.py:840} INFO - DAG(s) 'example_sensors' retrieved from /home/airflow/.local/lib/python3.8/site-packages/airflow/example_dags/example_sensors.py
[2025-11-06T06:10:34.120+0000] {logging_mixin.py:188} INFO - [2025-11-06T06:10:34.119+0000] {dag.py:3036} INFO - Sync 1 DAGs
[2025-11-06T06:10:34.155+0000] {logging_mixin.py:188} INFO - [2025-11-06T06:10:34.155+0000] {dag.py:3823} INFO - Setting next_dagrun for example_sensors to None, run_after=None
[2025-11-06T06:10:34.218+0000] {processor.py:183} INFO - Processing /home/airflow/.local/lib/python3.8/site-packages/airflow/example_dags/example_sensors.py took 0.198 seconds
[2025-11-06T06:11:04.818+0000] {processor.py:161} INFO - Started process (PID=5997) to work on /home/airflow/.local/lib/python3.8/site-packages/airflow/example_dags/example_sensors.py
[2025-11-06T06:11:04.821+0000] {processor.py:830} INFO - Processing file /home/airflow/.local/lib/python3.8/site-packages/airflow/example_dags/example_sensors.py for tasks to queue
[2025-11-06T06:11:04.827+0000] {logging_mixin.py:188} INFO - [2025-11-06T06:11:04.826+0000] {dagbag.py:538} INFO - Filling up the DagBag from /home/airflow/.local/lib/python3.8/site-packages/airflow/example_dags/example_sensors.py
[2025-11-06T06:11:04.864+0000] {processor.py:840} INFO - DAG(s) 'example_sensors' retrieved from /home/airflow/.local/lib/python3.8/site-packages/airflow/example_dags/example_sensors.py
[2025-11-06T06:11:04.959+0000] {logging_mixin.py:188} INFO - [2025-11-06T06:11:04.958+0000] {dag.py:3036} INFO - Sync 1 DAGs
[2025-11-06T06:11:05.016+0000] {logging_mixin.py:188} INFO - [2025-11-06T06:11:05.016+0000] {dag.py:3823} INFO - Setting next_dagrun for example_sensors to None, run_after=None
[2025-11-06T06:11:05.080+0000] {processor.py:183} INFO - Processing /home/airflow/.local/lib/python3.8/site-packages/airflow/example_dags/example_sensors.py took 0.281 seconds
[2025-11-06T06:11:35.187+0000] {processor.py:161} INFO - Started process (PID=6051) to work on /home/airflow/.local/lib/python3.8/site-packages/airflow/example_dags/example_sensors.py
[2025-11-06T06:11:35.190+0000] {processor.py:830} INFO - Processing file /home/airflow/.local/lib/python3.8/site-packages/airflow/example_dags/example_sensors.py for tasks to queue
[2025-11-06T06:11:35.194+0000] {logging_mixin.py:188} INFO - [2025-11-06T06:11:35.193+0000] {dagbag.py:538} INFO - Filling up the DagBag from /home/airflow/.local/lib/python3.8/site-packages/airflow/example_dags/example_sensors.py
[2025-11-06T06:11:35.211+0000] {processor.py:840} INFO - DAG(s) 'example_sensors' retrieved from /home/airflow/.local/lib/python3.8/site-packages/airflow/example_dags/example_sensors.py
[2025-11-06T06:11:35.259+0000] {logging_mixin.py:188} INFO - [2025-11-06T06:11:35.258+0000] {dag.py:3036} INFO - Sync 1 DAGs
[2025-11-06T06:11:35.282+0000] {logging_mixin.py:188} INFO - [2025-11-06T06:11:35.282+0000] {dag.py:3823} INFO - Setting next_dagrun for example_sensors to None, run_after=None
[2025-11-06T06:11:35.322+0000] {processor.py:183} INFO - Processing /home/airflow/.local/lib/python3.8/site-packages/airflow/example_dags/example_sensors.py took 0.144 seconds
[2025-11-06T06:12:05.788+0000] {processor.py:161} INFO - Started process (PID=6104) to work on /home/airflow/.local/lib/python3.8/site-packages/airflow/example_dags/example_sensors.py
[2025-11-06T06:12:05.793+0000] {processor.py:830} INFO - Processing file /home/airflow/.local/lib/python3.8/site-packages/airflow/example_dags/example_sensors.py for tasks to queue
[2025-11-06T06:12:05.805+0000] {logging_mixin.py:188} INFO - [2025-11-06T06:12:05.799+0000] {dagbag.py:538} INFO - Filling up the DagBag from /home/airflow/.local/lib/python3.8/site-packages/airflow/example_dags/example_sensors.py
[2025-11-06T06:12:05.860+0000] {processor.py:840} INFO - DAG(s) 'example_sensors' retrieved from /home/airflow/.local/lib/python3.8/site-packages/airflow/example_dags/example_sensors.py
[2025-11-06T06:12:05.994+0000] {logging_mixin.py:188} INFO - [2025-11-06T06:12:05.994+0000] {dag.py:3036} INFO - Sync 1 DAGs
[2025-11-06T06:12:06.062+0000] {logging_mixin.py:188} INFO - [2025-11-06T06:12:06.062+0000] {dag.py:3823} INFO - Setting next_dagrun for example_sensors to None, run_after=None
[2025-11-06T06:12:06.163+0000] {processor.py:183} INFO - Processing /home/airflow/.local/lib/python3.8/site-packages/airflow/example_dags/example_sensors.py took 0.392 seconds
[2025-11-06T06:12:37.161+0000] {processor.py:161} INFO - Started process (PID=6158) to work on /home/airflow/.local/lib/python3.8/site-packages/airflow/example_dags/example_sensors.py
[2025-11-06T06:12:37.163+0000] {processor.py:830} INFO - Processing file /home/airflow/.local/lib/python3.8/site-packages/airflow/example_dags/example_sensors.py for tasks to queue
[2025-11-06T06:12:37.167+0000] {logging_mixin.py:188} INFO - [2025-11-06T06:12:37.167+0000] {dagbag.py:538} INFO - Filling up the DagBag from /home/airflow/.local/lib/python3.8/site-packages/airflow/example_dags/example_sensors.py
[2025-11-06T06:12:37.186+0000] {processor.py:840} INFO - DAG(s) 'example_sensors' retrieved from /home/airflow/.local/lib/python3.8/site-packages/airflow/example_dags/example_sensors.py
[2025-11-06T06:12:37.246+0000] {logging_mixin.py:188} INFO - [2025-11-06T06:12:37.246+0000] {dag.py:3036} INFO - Sync 1 DAGs
[2025-11-06T06:12:37.271+0000] {logging_mixin.py:188} INFO - [2025-11-06T06:12:37.271+0000] {dag.py:3823} INFO - Setting next_dagrun for example_sensors to None, run_after=None
[2025-11-06T06:12:37.316+0000] {processor.py:183} INFO - Processing /home/airflow/.local/lib/python3.8/site-packages/airflow/example_dags/example_sensors.py took 0.161 seconds
[2025-11-06T06:13:08.081+0000] {processor.py:161} INFO - Started process (PID=6212) to work on /home/airflow/.local/lib/python3.8/site-packages/airflow/example_dags/example_sensors.py
[2025-11-06T06:13:08.084+0000] {processor.py:830} INFO - Processing file /home/airflow/.local/lib/python3.8/site-packages/airflow/example_dags/example_sensors.py for tasks to queue
[2025-11-06T06:13:08.092+0000] {logging_mixin.py:188} INFO - [2025-11-06T06:13:08.089+0000] {dagbag.py:538} INFO - Filling up the DagBag from /home/airflow/.local/lib/python3.8/site-packages/airflow/example_dags/example_sensors.py
[2025-11-06T06:13:08.116+0000] {processor.py:840} INFO - DAG(s) 'example_sensors' retrieved from /home/airflow/.local/lib/python3.8/site-packages/airflow/example_dags/example_sensors.py
[2025-11-06T06:13:08.192+0000] {logging_mixin.py:188} INFO - [2025-11-06T06:13:08.191+0000] {dag.py:3036} INFO - Sync 1 DAGs
[2025-11-06T06:13:08.225+0000] {logging_mixin.py:188} INFO - [2025-11-06T06:13:08.225+0000] {dag.py:3823} INFO - Setting next_dagrun for example_sensors to None, run_after=None
[2025-11-06T06:13:08.285+0000] {processor.py:183} INFO - Processing /home/airflow/.local/lib/python3.8/site-packages/airflow/example_dags/example_sensors.py took 0.217 seconds
[2025-11-06T06:13:38.439+0000] {processor.py:161} INFO - Started process (PID=6265) to work on /home/airflow/.local/lib/python3.8/site-packages/airflow/example_dags/example_sensors.py
[2025-11-06T06:13:38.443+0000] {processor.py:830} INFO - Processing file /home/airflow/.local/lib/python3.8/site-packages/airflow/example_dags/example_sensors.py for tasks to queue
[2025-11-06T06:13:38.452+0000] {logging_mixin.py:188} INFO - [2025-11-06T06:13:38.450+0000] {dagbag.py:538} INFO - Filling up the DagBag from /home/airflow/.local/lib/python3.8/site-packages/airflow/example_dags/example_sensors.py
[2025-11-06T06:13:38.492+0000] {processor.py:840} INFO - DAG(s) 'example_sensors' retrieved from /home/airflow/.local/lib/python3.8/site-packages/airflow/example_dags/example_sensors.py
[2025-11-06T06:13:38.593+0000] {logging_mixin.py:188} INFO - [2025-11-06T06:13:38.592+0000] {dag.py:3036} INFO - Sync 1 DAGs
[2025-11-06T06:13:38.696+0000] {logging_mixin.py:188} INFO - [2025-11-06T06:13:38.695+0000] {dag.py:3823} INFO - Setting next_dagrun for example_sensors to None, run_after=None
[2025-11-06T06:13:38.787+0000] {processor.py:183} INFO - Processing /home/airflow/.local/lib/python3.8/site-packages/airflow/example_dags/example_sensors.py took 0.361 seconds
[2025-11-06T06:14:08.916+0000] {processor.py:161} INFO - Started process (PID=6320) to work on /home/airflow/.local/lib/python3.8/site-packages/airflow/example_dags/example_sensors.py
[2025-11-06T06:14:08.919+0000] {processor.py:830} INFO - Processing file /home/airflow/.local/lib/python3.8/site-packages/airflow/example_dags/example_sensors.py for tasks to queue
[2025-11-06T06:14:08.925+0000] {logging_mixin.py:188} INFO - [2025-11-06T06:14:08.924+0000] {dagbag.py:538} INFO - Filling up the DagBag from /home/airflow/.local/lib/python3.8/site-packages/airflow/example_dags/example_sensors.py
[2025-11-06T06:14:08.951+0000] {processor.py:840} INFO - DAG(s) 'example_sensors' retrieved from /home/airflow/.local/lib/python3.8/site-packages/airflow/example_dags/example_sensors.py
[2025-11-06T06:14:09.033+0000] {logging_mixin.py:188} INFO - [2025-11-06T06:14:09.032+0000] {dag.py:3036} INFO - Sync 1 DAGs
[2025-11-06T06:14:09.082+0000] {logging_mixin.py:188} INFO - [2025-11-06T06:14:09.081+0000] {dag.py:3823} INFO - Setting next_dagrun for example_sensors to None, run_after=None
[2025-11-06T06:14:09.166+0000] {processor.py:183} INFO - Processing /home/airflow/.local/lib/python3.8/site-packages/airflow/example_dags/example_sensors.py took 0.258 seconds
[2025-11-06T06:14:39.857+0000] {processor.py:161} INFO - Started process (PID=6375) to work on /home/airflow/.local/lib/python3.8/site-packages/airflow/example_dags/example_sensors.py
[2025-11-06T06:14:39.863+0000] {processor.py:830} INFO - Processing file /home/airflow/.local/lib/python3.8/site-packages/airflow/example_dags/example_sensors.py for tasks to queue
[2025-11-06T06:14:39.875+0000] {logging_mixin.py:188} INFO - [2025-11-06T06:14:39.874+0000] {dagbag.py:538} INFO - Filling up the DagBag from /home/airflow/.local/lib/python3.8/site-packages/airflow/example_dags/example_sensors.py
[2025-11-06T06:14:39.910+0000] {processor.py:840} INFO - DAG(s) 'example_sensors' retrieved from /home/airflow/.local/lib/python3.8/site-packages/airflow/example_dags/example_sensors.py
[2025-11-06T06:14:40.027+0000] {logging_mixin.py:188} INFO - [2025-11-06T06:14:40.027+0000] {dag.py:3036} INFO - Sync 1 DAGs
[2025-11-06T06:14:40.074+0000] {logging_mixin.py:188} INFO - [2025-11-06T06:14:40.073+0000] {dag.py:3823} INFO - Setting next_dagrun for example_sensors to None, run_after=None
[2025-11-06T06:14:40.125+0000] {processor.py:183} INFO - Processing /home/airflow/.local/lib/python3.8/site-packages/airflow/example_dags/example_sensors.py took 0.278 seconds
[2025-11-06T06:15:10.536+0000] {processor.py:161} INFO - Started process (PID=6430) to work on /home/airflow/.local/lib/python3.8/site-packages/airflow/example_dags/example_sensors.py
[2025-11-06T06:15:10.538+0000] {processor.py:830} INFO - Processing file /home/airflow/.local/lib/python3.8/site-packages/airflow/example_dags/example_sensors.py for tasks to queue
[2025-11-06T06:15:10.544+0000] {logging_mixin.py:188} INFO - [2025-11-06T06:15:10.543+0000] {dagbag.py:538} INFO - Filling up the DagBag from /home/airflow/.local/lib/python3.8/site-packages/airflow/example_dags/example_sensors.py
[2025-11-06T06:15:10.566+0000] {processor.py:840} INFO - DAG(s) 'example_sensors' retrieved from /home/airflow/.local/lib/python3.8/site-packages/airflow/example_dags/example_sensors.py
[2025-11-06T06:15:10.634+0000] {logging_mixin.py:188} INFO - [2025-11-06T06:15:10.633+0000] {dag.py:3036} INFO - Sync 1 DAGs
[2025-11-06T06:15:10.661+0000] {logging_mixin.py:188} INFO - [2025-11-06T06:15:10.661+0000] {dag.py:3823} INFO - Setting next_dagrun for example_sensors to None, run_after=None
[2025-11-06T06:15:10.721+0000] {processor.py:183} INFO - Processing /home/airflow/.local/lib/python3.8/site-packages/airflow/example_dags/example_sensors.py took 0.193 seconds
[2025-11-06T06:15:41.010+0000] {processor.py:161} INFO - Started process (PID=6485) to work on /home/airflow/.local/lib/python3.8/site-packages/airflow/example_dags/example_sensors.py
[2025-11-06T06:15:41.012+0000] {processor.py:830} INFO - Processing file /home/airflow/.local/lib/python3.8/site-packages/airflow/example_dags/example_sensors.py for tasks to queue
[2025-11-06T06:15:41.015+0000] {logging_mixin.py:188} INFO - [2025-11-06T06:15:41.015+0000] {dagbag.py:538} INFO - Filling up the DagBag from /home/airflow/.local/lib/python3.8/site-packages/airflow/example_dags/example_sensors.py
[2025-11-06T06:15:41.031+0000] {processor.py:840} INFO - DAG(s) 'example_sensors' retrieved from /home/airflow/.local/lib/python3.8/site-packages/airflow/example_dags/example_sensors.py
[2025-11-06T06:15:41.070+0000] {logging_mixin.py:188} INFO - [2025-11-06T06:15:41.070+0000] {dag.py:3036} INFO - Sync 1 DAGs
[2025-11-06T06:15:41.098+0000] {logging_mixin.py:188} INFO - [2025-11-06T06:15:41.098+0000] {dag.py:3823} INFO - Setting next_dagrun for example_sensors to None, run_after=None
[2025-11-06T06:15:41.134+0000] {processor.py:183} INFO - Processing /home/airflow/.local/lib/python3.8/site-packages/airflow/example_dags/example_sensors.py took 0.133 seconds
[2025-11-06T06:16:11.934+0000] {processor.py:161} INFO - Started process (PID=6541) to work on /home/airflow/.local/lib/python3.8/site-packages/airflow/example_dags/example_sensors.py
[2025-11-06T06:16:11.938+0000] {processor.py:830} INFO - Processing file /home/airflow/.local/lib/python3.8/site-packages/airflow/example_dags/example_sensors.py for tasks to queue
[2025-11-06T06:16:11.944+0000] {logging_mixin.py:188} INFO - [2025-11-06T06:16:11.943+0000] {dagbag.py:538} INFO - Filling up the DagBag from /home/airflow/.local/lib/python3.8/site-packages/airflow/example_dags/example_sensors.py
[2025-11-06T06:16:11.975+0000] {processor.py:840} INFO - DAG(s) 'example_sensors' retrieved from /home/airflow/.local/lib/python3.8/site-packages/airflow/example_dags/example_sensors.py
[2025-11-06T06:16:12.058+0000] {logging_mixin.py:188} INFO - [2025-11-06T06:16:12.057+0000] {dag.py:3036} INFO - Sync 1 DAGs
[2025-11-06T06:16:12.098+0000] {logging_mixin.py:188} INFO - [2025-11-06T06:16:12.098+0000] {dag.py:3823} INFO - Setting next_dagrun for example_sensors to None, run_after=None
[2025-11-06T06:16:12.163+0000] {processor.py:183} INFO - Processing /home/airflow/.local/lib/python3.8/site-packages/airflow/example_dags/example_sensors.py took 0.238 seconds
[2025-11-06T06:16:43.291+0000] {processor.py:161} INFO - Started process (PID=6593) to work on /home/airflow/.local/lib/python3.8/site-packages/airflow/example_dags/example_sensors.py
[2025-11-06T06:16:43.303+0000] {processor.py:830} INFO - Processing file /home/airflow/.local/lib/python3.8/site-packages/airflow/example_dags/example_sensors.py for tasks to queue
[2025-11-06T06:16:43.317+0000] {logging_mixin.py:188} INFO - [2025-11-06T06:16:43.316+0000] {dagbag.py:538} INFO - Filling up the DagBag from /home/airflow/.local/lib/python3.8/site-packages/airflow/example_dags/example_sensors.py
[2025-11-06T06:16:43.366+0000] {processor.py:840} INFO - DAG(s) 'example_sensors' retrieved from /home/airflow/.local/lib/python3.8/site-packages/airflow/example_dags/example_sensors.py
[2025-11-06T06:16:43.519+0000] {logging_mixin.py:188} INFO - [2025-11-06T06:16:43.517+0000] {dag.py:3036} INFO - Sync 1 DAGs
[2025-11-06T06:16:43.586+0000] {logging_mixin.py:188} INFO - [2025-11-06T06:16:43.585+0000] {dag.py:3823} INFO - Setting next_dagrun for example_sensors to None, run_after=None
[2025-11-06T06:16:43.676+0000] {processor.py:183} INFO - Processing /home/airflow/.local/lib/python3.8/site-packages/airflow/example_dags/example_sensors.py took 0.405 seconds
[2025-11-06T06:17:14.472+0000] {processor.py:161} INFO - Started process (PID=6648) to work on /home/airflow/.local/lib/python3.8/site-packages/airflow/example_dags/example_sensors.py
[2025-11-06T06:17:14.475+0000] {processor.py:830} INFO - Processing file /home/airflow/.local/lib/python3.8/site-packages/airflow/example_dags/example_sensors.py for tasks to queue
[2025-11-06T06:17:14.479+0000] {logging_mixin.py:188} INFO - [2025-11-06T06:17:14.479+0000] {dagbag.py:538} INFO - Filling up the DagBag from /home/airflow/.local/lib/python3.8/site-packages/airflow/example_dags/example_sensors.py
[2025-11-06T06:17:14.502+0000] {processor.py:840} INFO - DAG(s) 'example_sensors' retrieved from /home/airflow/.local/lib/python3.8/site-packages/airflow/example_dags/example_sensors.py
[2025-11-06T06:17:14.553+0000] {logging_mixin.py:188} INFO - [2025-11-06T06:17:14.553+0000] {dag.py:3036} INFO - Sync 1 DAGs
[2025-11-06T06:17:14.585+0000] {logging_mixin.py:188} INFO - [2025-11-06T06:17:14.584+0000] {dag.py:3823} INFO - Setting next_dagrun for example_sensors to None, run_after=None
[2025-11-06T06:17:14.630+0000] {processor.py:183} INFO - Processing /home/airflow/.local/lib/python3.8/site-packages/airflow/example_dags/example_sensors.py took 0.165 seconds
[2025-11-06T06:17:45.134+0000] {processor.py:161} INFO - Started process (PID=6704) to work on /home/airflow/.local/lib/python3.8/site-packages/airflow/example_dags/example_sensors.py
[2025-11-06T06:17:45.137+0000] {processor.py:830} INFO - Processing file /home/airflow/.local/lib/python3.8/site-packages/airflow/example_dags/example_sensors.py for tasks to queue
[2025-11-06T06:17:45.143+0000] {logging_mixin.py:188} INFO - [2025-11-06T06:17:45.142+0000] {dagbag.py:538} INFO - Filling up the DagBag from /home/airflow/.local/lib/python3.8/site-packages/airflow/example_dags/example_sensors.py
[2025-11-06T06:17:45.168+0000] {processor.py:840} INFO - DAG(s) 'example_sensors' retrieved from /home/airflow/.local/lib/python3.8/site-packages/airflow/example_dags/example_sensors.py
[2025-11-06T06:17:45.227+0000] {logging_mixin.py:188} INFO - [2025-11-06T06:17:45.226+0000] {dag.py:3036} INFO - Sync 1 DAGs
[2025-11-06T06:17:45.268+0000] {logging_mixin.py:188} INFO - [2025-11-06T06:17:45.268+0000] {dag.py:3823} INFO - Setting next_dagrun for example_sensors to None, run_after=None
[2025-11-06T06:17:45.321+0000] {processor.py:183} INFO - Processing /home/airflow/.local/lib/python3.8/site-packages/airflow/example_dags/example_sensors.py took 0.196 seconds
[2025-11-06T06:18:16.005+0000] {processor.py:161} INFO - Started process (PID=6759) to work on /home/airflow/.local/lib/python3.8/site-packages/airflow/example_dags/example_sensors.py
[2025-11-06T06:18:16.014+0000] {processor.py:830} INFO - Processing file /home/airflow/.local/lib/python3.8/site-packages/airflow/example_dags/example_sensors.py for tasks to queue
[2025-11-06T06:18:16.020+0000] {logging_mixin.py:188} INFO - [2025-11-06T06:18:16.019+0000] {dagbag.py:538} INFO - Filling up the DagBag from /home/airflow/.local/lib/python3.8/site-packages/airflow/example_dags/example_sensors.py
[2025-11-06T06:18:16.074+0000] {processor.py:840} INFO - DAG(s) 'example_sensors' retrieved from /home/airflow/.local/lib/python3.8/site-packages/airflow/example_dags/example_sensors.py
[2025-11-06T06:18:16.172+0000] {logging_mixin.py:188} INFO - [2025-11-06T06:18:16.171+0000] {dag.py:3036} INFO - Sync 1 DAGs
[2025-11-06T06:18:16.230+0000] {logging_mixin.py:188} INFO - [2025-11-06T06:18:16.229+0000] {dag.py:3823} INFO - Setting next_dagrun for example_sensors to None, run_after=None
[2025-11-06T06:18:16.303+0000] {processor.py:183} INFO - Processing /home/airflow/.local/lib/python3.8/site-packages/airflow/example_dags/example_sensors.py took 0.316 seconds
[2025-11-06T06:18:47.333+0000] {processor.py:161} INFO - Started process (PID=6813) to work on /home/airflow/.local/lib/python3.8/site-packages/airflow/example_dags/example_sensors.py
[2025-11-06T06:18:47.343+0000] {processor.py:830} INFO - Processing file /home/airflow/.local/lib/python3.8/site-packages/airflow/example_dags/example_sensors.py for tasks to queue
[2025-11-06T06:18:47.376+0000] {logging_mixin.py:188} INFO - [2025-11-06T06:18:47.361+0000] {dagbag.py:538} INFO - Filling up the DagBag from /home/airflow/.local/lib/python3.8/site-packages/airflow/example_dags/example_sensors.py
[2025-11-06T06:18:47.504+0000] {processor.py:840} INFO - DAG(s) 'example_sensors' retrieved from /home/airflow/.local/lib/python3.8/site-packages/airflow/example_dags/example_sensors.py
[2025-11-06T06:18:47.785+0000] {logging_mixin.py:188} INFO - [2025-11-06T06:18:47.784+0000] {dag.py:3036} INFO - Sync 1 DAGs
[2025-11-06T06:18:47.914+0000] {logging_mixin.py:188} INFO - [2025-11-06T06:18:47.903+0000] {dag.py:3823} INFO - Setting next_dagrun for example_sensors to None, run_after=None
[2025-11-06T06:18:48.137+0000] {processor.py:183} INFO - Processing /home/airflow/.local/lib/python3.8/site-packages/airflow/example_dags/example_sensors.py took 0.834 seconds
[2025-11-06T06:19:19.185+0000] {processor.py:161} INFO - Started process (PID=6867) to work on /home/airflow/.local/lib/python3.8/site-packages/airflow/example_dags/example_sensors.py
[2025-11-06T06:19:19.188+0000] {processor.py:830} INFO - Processing file /home/airflow/.local/lib/python3.8/site-packages/airflow/example_dags/example_sensors.py for tasks to queue
[2025-11-06T06:19:19.196+0000] {logging_mixin.py:188} INFO - [2025-11-06T06:19:19.195+0000] {dagbag.py:538} INFO - Filling up the DagBag from /home/airflow/.local/lib/python3.8/site-packages/airflow/example_dags/example_sensors.py
[2025-11-06T06:19:19.236+0000] {processor.py:840} INFO - DAG(s) 'example_sensors' retrieved from /home/airflow/.local/lib/python3.8/site-packages/airflow/example_dags/example_sensors.py
[2025-11-06T06:19:19.334+0000] {logging_mixin.py:188} INFO - [2025-11-06T06:19:19.333+0000] {dag.py:3036} INFO - Sync 1 DAGs
[2025-11-06T06:19:19.403+0000] {logging_mixin.py:188} INFO - [2025-11-06T06:19:19.402+0000] {dag.py:3823} INFO - Setting next_dagrun for example_sensors to None, run_after=None
[2025-11-06T06:19:19.493+0000] {processor.py:183} INFO - Processing /home/airflow/.local/lib/python3.8/site-packages/airflow/example_dags/example_sensors.py took 0.318 seconds
[2025-11-06T06:19:49.772+0000] {processor.py:161} INFO - Started process (PID=6922) to work on /home/airflow/.local/lib/python3.8/site-packages/airflow/example_dags/example_sensors.py
[2025-11-06T06:19:49.788+0000] {processor.py:830} INFO - Processing file /home/airflow/.local/lib/python3.8/site-packages/airflow/example_dags/example_sensors.py for tasks to queue
[2025-11-06T06:19:49.820+0000] {logging_mixin.py:188} INFO - [2025-11-06T06:19:49.819+0000] {dagbag.py:538} INFO - Filling up the DagBag from /home/airflow/.local/lib/python3.8/site-packages/airflow/example_dags/example_sensors.py
[2025-11-06T06:19:49.949+0000] {processor.py:840} INFO - DAG(s) 'example_sensors' retrieved from /home/airflow/.local/lib/python3.8/site-packages/airflow/example_dags/example_sensors.py
[2025-11-06T06:19:50.197+0000] {logging_mixin.py:188} INFO - [2025-11-06T06:19:50.196+0000] {dag.py:3036} INFO - Sync 1 DAGs
[2025-11-06T06:19:50.308+0000] {logging_mixin.py:188} INFO - [2025-11-06T06:19:50.308+0000] {dag.py:3823} INFO - Setting next_dagrun for example_sensors to None, run_after=None
[2025-11-06T06:19:50.448+0000] {processor.py:183} INFO - Processing /home/airflow/.local/lib/python3.8/site-packages/airflow/example_dags/example_sensors.py took 0.724 seconds
[2025-11-06T06:20:21.510+0000] {processor.py:161} INFO - Started process (PID=6977) to work on /home/airflow/.local/lib/python3.8/site-packages/airflow/example_dags/example_sensors.py
[2025-11-06T06:20:21.512+0000] {processor.py:830} INFO - Processing file /home/airflow/.local/lib/python3.8/site-packages/airflow/example_dags/example_sensors.py for tasks to queue
[2025-11-06T06:20:21.517+0000] {logging_mixin.py:188} INFO - [2025-11-06T06:20:21.517+0000] {dagbag.py:538} INFO - Filling up the DagBag from /home/airflow/.local/lib/python3.8/site-packages/airflow/example_dags/example_sensors.py
[2025-11-06T06:20:21.544+0000] {processor.py:840} INFO - DAG(s) 'example_sensors' retrieved from /home/airflow/.local/lib/python3.8/site-packages/airflow/example_dags/example_sensors.py
[2025-11-06T06:20:21.603+0000] {logging_mixin.py:188} INFO - [2025-11-06T06:20:21.603+0000] {dag.py:3036} INFO - Sync 1 DAGs
[2025-11-06T06:20:21.627+0000] {logging_mixin.py:188} INFO - [2025-11-06T06:20:21.626+0000] {dag.py:3823} INFO - Setting next_dagrun for example_sensors to None, run_after=None
[2025-11-06T06:20:21.663+0000] {processor.py:183} INFO - Processing /home/airflow/.local/lib/python3.8/site-packages/airflow/example_dags/example_sensors.py took 0.164 seconds
[2025-11-06T06:20:51.903+0000] {processor.py:161} INFO - Started process (PID=7032) to work on /home/airflow/.local/lib/python3.8/site-packages/airflow/example_dags/example_sensors.py
[2025-11-06T06:20:51.904+0000] {processor.py:830} INFO - Processing file /home/airflow/.local/lib/python3.8/site-packages/airflow/example_dags/example_sensors.py for tasks to queue
[2025-11-06T06:20:51.908+0000] {logging_mixin.py:188} INFO - [2025-11-06T06:20:51.907+0000] {dagbag.py:538} INFO - Filling up the DagBag from /home/airflow/.local/lib/python3.8/site-packages/airflow/example_dags/example_sensors.py
[2025-11-06T06:20:51.923+0000] {processor.py:840} INFO - DAG(s) 'example_sensors' retrieved from /home/airflow/.local/lib/python3.8/site-packages/airflow/example_dags/example_sensors.py
[2025-11-06T06:20:51.965+0000] {logging_mixin.py:188} INFO - [2025-11-06T06:20:51.964+0000] {dag.py:3036} INFO - Sync 1 DAGs
[2025-11-06T06:20:51.984+0000] {logging_mixin.py:188} INFO - [2025-11-06T06:20:51.983+0000] {dag.py:3823} INFO - Setting next_dagrun for example_sensors to None, run_after=None
[2025-11-06T06:20:52.017+0000] {processor.py:183} INFO - Processing /home/airflow/.local/lib/python3.8/site-packages/airflow/example_dags/example_sensors.py took 0.120 seconds
[2025-11-06T06:21:22.267+0000] {processor.py:161} INFO - Started process (PID=7087) to work on /home/airflow/.local/lib/python3.8/site-packages/airflow/example_dags/example_sensors.py
[2025-11-06T06:21:22.279+0000] {processor.py:830} INFO - Processing file /home/airflow/.local/lib/python3.8/site-packages/airflow/example_dags/example_sensors.py for tasks to queue
[2025-11-06T06:21:22.287+0000] {logging_mixin.py:188} INFO - [2025-11-06T06:21:22.286+0000] {dagbag.py:538} INFO - Filling up the DagBag from /home/airflow/.local/lib/python3.8/site-packages/airflow/example_dags/example_sensors.py
[2025-11-06T06:21:22.358+0000] {processor.py:840} INFO - DAG(s) 'example_sensors' retrieved from /home/airflow/.local/lib/python3.8/site-packages/airflow/example_dags/example_sensors.py
[2025-11-06T06:21:22.550+0000] {logging_mixin.py:188} INFO - [2025-11-06T06:21:22.549+0000] {dag.py:3036} INFO - Sync 1 DAGs
[2025-11-06T06:21:22.654+0000] {logging_mixin.py:188} INFO - [2025-11-06T06:21:22.654+0000] {dag.py:3823} INFO - Setting next_dagrun for example_sensors to None, run_after=None
[2025-11-06T06:21:22.778+0000] {processor.py:183} INFO - Processing /home/airflow/.local/lib/python3.8/site-packages/airflow/example_dags/example_sensors.py took 0.533 seconds
[2025-11-06T06:21:53.267+0000] {processor.py:161} INFO - Started process (PID=7143) to work on /home/airflow/.local/lib/python3.8/site-packages/airflow/example_dags/example_sensors.py
[2025-11-06T06:21:53.270+0000] {processor.py:830} INFO - Processing file /home/airflow/.local/lib/python3.8/site-packages/airflow/example_dags/example_sensors.py for tasks to queue
[2025-11-06T06:21:53.275+0000] {logging_mixin.py:188} INFO - [2025-11-06T06:21:53.275+0000] {dagbag.py:538} INFO - Filling up the DagBag from /home/airflow/.local/lib/python3.8/site-packages/airflow/example_dags/example_sensors.py
[2025-11-06T06:21:53.299+0000] {processor.py:840} INFO - DAG(s) 'example_sensors' retrieved from /home/airflow/.local/lib/python3.8/site-packages/airflow/example_dags/example_sensors.py
[2025-11-06T06:21:53.349+0000] {logging_mixin.py:188} INFO - [2025-11-06T06:21:53.349+0000] {dag.py:3036} INFO - Sync 1 DAGs
[2025-11-06T06:21:53.371+0000] {logging_mixin.py:188} INFO - [2025-11-06T06:21:53.370+0000] {dag.py:3823} INFO - Setting next_dagrun for example_sensors to None, run_after=None
[2025-11-06T06:21:53.403+0000] {processor.py:183} INFO - Processing /home/airflow/.local/lib/python3.8/site-packages/airflow/example_dags/example_sensors.py took 0.143 seconds
[2025-11-06T06:22:24.435+0000] {processor.py:161} INFO - Started process (PID=7198) to work on /home/airflow/.local/lib/python3.8/site-packages/airflow/example_dags/example_sensors.py
[2025-11-06T06:22:24.439+0000] {processor.py:830} INFO - Processing file /home/airflow/.local/lib/python3.8/site-packages/airflow/example_dags/example_sensors.py for tasks to queue
[2025-11-06T06:22:24.451+0000] {logging_mixin.py:188} INFO - [2025-11-06T06:22:24.446+0000] {dagbag.py:538} INFO - Filling up the DagBag from /home/airflow/.local/lib/python3.8/site-packages/airflow/example_dags/example_sensors.py
[2025-11-06T06:22:24.497+0000] {processor.py:840} INFO - DAG(s) 'example_sensors' retrieved from /home/airflow/.local/lib/python3.8/site-packages/airflow/example_dags/example_sensors.py
[2025-11-06T06:22:24.578+0000] {logging_mixin.py:188} INFO - [2025-11-06T06:22:24.577+0000] {dag.py:3036} INFO - Sync 1 DAGs
[2025-11-06T06:22:24.611+0000] {logging_mixin.py:188} INFO - [2025-11-06T06:22:24.611+0000] {dag.py:3823} INFO - Setting next_dagrun for example_sensors to None, run_after=None
[2025-11-06T06:22:24.661+0000] {processor.py:183} INFO - Processing /home/airflow/.local/lib/python3.8/site-packages/airflow/example_dags/example_sensors.py took 0.244 seconds
[2025-11-06T06:22:55.052+0000] {processor.py:161} INFO - Started process (PID=7251) to work on /home/airflow/.local/lib/python3.8/site-packages/airflow/example_dags/example_sensors.py
[2025-11-06T06:22:55.088+0000] {processor.py:830} INFO - Processing file /home/airflow/.local/lib/python3.8/site-packages/airflow/example_dags/example_sensors.py for tasks to queue
[2025-11-06T06:22:55.123+0000] {logging_mixin.py:188} INFO - [2025-11-06T06:22:55.121+0000] {dagbag.py:538} INFO - Filling up the DagBag from /home/airflow/.local/lib/python3.8/site-packages/airflow/example_dags/example_sensors.py
[2025-11-06T06:22:55.166+0000] {processor.py:840} INFO - DAG(s) 'example_sensors' retrieved from /home/airflow/.local/lib/python3.8/site-packages/airflow/example_dags/example_sensors.py
[2025-11-06T06:22:55.355+0000] {logging_mixin.py:188} INFO - [2025-11-06T06:22:55.354+0000] {dag.py:3036} INFO - Sync 1 DAGs
[2025-11-06T06:22:55.435+0000] {logging_mixin.py:188} INFO - [2025-11-06T06:22:55.434+0000] {dag.py:3823} INFO - Setting next_dagrun for example_sensors to None, run_after=None
[2025-11-06T06:22:55.567+0000] {processor.py:183} INFO - Processing /home/airflow/.local/lib/python3.8/site-packages/airflow/example_dags/example_sensors.py took 0.536 seconds
[2025-11-06T06:23:26.563+0000] {processor.py:161} INFO - Started process (PID=7306) to work on /home/airflow/.local/lib/python3.8/site-packages/airflow/example_dags/example_sensors.py
[2025-11-06T06:23:26.570+0000] {processor.py:830} INFO - Processing file /home/airflow/.local/lib/python3.8/site-packages/airflow/example_dags/example_sensors.py for tasks to queue
[2025-11-06T06:23:26.584+0000] {logging_mixin.py:188} INFO - [2025-11-06T06:23:26.583+0000] {dagbag.py:538} INFO - Filling up the DagBag from /home/airflow/.local/lib/python3.8/site-packages/airflow/example_dags/example_sensors.py
[2025-11-06T06:23:26.628+0000] {processor.py:840} INFO - DAG(s) 'example_sensors' retrieved from /home/airflow/.local/lib/python3.8/site-packages/airflow/example_dags/example_sensors.py
[2025-11-06T06:23:26.757+0000] {logging_mixin.py:188} INFO - [2025-11-06T06:23:26.756+0000] {dag.py:3036} INFO - Sync 1 DAGs
[2025-11-06T06:23:26.833+0000] {logging_mixin.py:188} INFO - [2025-11-06T06:23:26.832+0000] {dag.py:3823} INFO - Setting next_dagrun for example_sensors to None, run_after=None
[2025-11-06T06:23:26.986+0000] {processor.py:183} INFO - Processing /home/airflow/.local/lib/python3.8/site-packages/airflow/example_dags/example_sensors.py took 0.446 seconds
[2025-11-06T06:23:57.811+0000] {processor.py:161} INFO - Started process (PID=7361) to work on /home/airflow/.local/lib/python3.8/site-packages/airflow/example_dags/example_sensors.py
[2025-11-06T06:23:57.815+0000] {processor.py:830} INFO - Processing file /home/airflow/.local/lib/python3.8/site-packages/airflow/example_dags/example_sensors.py for tasks to queue
[2025-11-06T06:23:57.820+0000] {logging_mixin.py:188} INFO - [2025-11-06T06:23:57.820+0000] {dagbag.py:538} INFO - Filling up the DagBag from /home/airflow/.local/lib/python3.8/site-packages/airflow/example_dags/example_sensors.py
[2025-11-06T06:23:57.852+0000] {processor.py:840} INFO - DAG(s) 'example_sensors' retrieved from /home/airflow/.local/lib/python3.8/site-packages/airflow/example_dags/example_sensors.py
[2025-11-06T06:23:57.930+0000] {logging_mixin.py:188} INFO - [2025-11-06T06:23:57.929+0000] {dag.py:3036} INFO - Sync 1 DAGs
[2025-11-06T06:23:57.990+0000] {logging_mixin.py:188} INFO - [2025-11-06T06:23:57.988+0000] {dag.py:3823} INFO - Setting next_dagrun for example_sensors to None, run_after=None
[2025-11-06T06:23:58.067+0000] {processor.py:183} INFO - Processing /home/airflow/.local/lib/python3.8/site-packages/airflow/example_dags/example_sensors.py took 0.246 seconds
[2025-11-06T06:24:29.035+0000] {processor.py:161} INFO - Started process (PID=7409) to work on /home/airflow/.local/lib/python3.8/site-packages/airflow/example_dags/example_sensors.py
[2025-11-06T06:24:29.071+0000] {processor.py:830} INFO - Processing file /home/airflow/.local/lib/python3.8/site-packages/airflow/example_dags/example_sensors.py for tasks to queue
[2025-11-06T06:24:29.100+0000] {logging_mixin.py:188} INFO - [2025-11-06T06:24:29.099+0000] {dagbag.py:538} INFO - Filling up the DagBag from /home/airflow/.local/lib/python3.8/site-packages/airflow/example_dags/example_sensors.py
[2025-11-06T06:24:29.215+0000] {processor.py:840} INFO - DAG(s) 'example_sensors' retrieved from /home/airflow/.local/lib/python3.8/site-packages/airflow/example_dags/example_sensors.py
[2025-11-06T06:24:29.434+0000] {logging_mixin.py:188} INFO - [2025-11-06T06:24:29.433+0000] {dag.py:3036} INFO - Sync 1 DAGs
[2025-11-06T06:24:29.545+0000] {logging_mixin.py:188} INFO - [2025-11-06T06:24:29.544+0000] {dag.py:3823} INFO - Setting next_dagrun for example_sensors to None, run_after=None
[2025-11-06T06:24:29.743+0000] {processor.py:183} INFO - Processing /home/airflow/.local/lib/python3.8/site-packages/airflow/example_dags/example_sensors.py took 0.740 seconds
[2025-11-06T06:25:00.277+0000] {processor.py:161} INFO - Started process (PID=7463) to work on /home/airflow/.local/lib/python3.8/site-packages/airflow/example_dags/example_sensors.py
[2025-11-06T06:25:00.289+0000] {processor.py:830} INFO - Processing file /home/airflow/.local/lib/python3.8/site-packages/airflow/example_dags/example_sensors.py for tasks to queue
[2025-11-06T06:25:00.304+0000] {logging_mixin.py:188} INFO - [2025-11-06T06:25:00.296+0000] {dagbag.py:538} INFO - Filling up the DagBag from /home/airflow/.local/lib/python3.8/site-packages/airflow/example_dags/example_sensors.py
[2025-11-06T06:25:00.350+0000] {processor.py:840} INFO - DAG(s) 'example_sensors' retrieved from /home/airflow/.local/lib/python3.8/site-packages/airflow/example_dags/example_sensors.py
[2025-11-06T06:25:00.513+0000] {logging_mixin.py:188} INFO - [2025-11-06T06:25:00.512+0000] {dag.py:3036} INFO - Sync 1 DAGs
[2025-11-06T06:25:00.619+0000] {logging_mixin.py:188} INFO - [2025-11-06T06:25:00.618+0000] {dag.py:3823} INFO - Setting next_dagrun for example_sensors to None, run_after=None
[2025-11-06T06:25:00.790+0000] {processor.py:183} INFO - Processing /home/airflow/.local/lib/python3.8/site-packages/airflow/example_dags/example_sensors.py took 0.538 seconds
[2025-11-06T06:25:31.060+0000] {processor.py:161} INFO - Started process (PID=7516) to work on /home/airflow/.local/lib/python3.8/site-packages/airflow/example_dags/example_sensors.py
[2025-11-06T06:25:31.063+0000] {processor.py:830} INFO - Processing file /home/airflow/.local/lib/python3.8/site-packages/airflow/example_dags/example_sensors.py for tasks to queue
[2025-11-06T06:25:31.070+0000] {logging_mixin.py:188} INFO - [2025-11-06T06:25:31.068+0000] {dagbag.py:538} INFO - Filling up the DagBag from /home/airflow/.local/lib/python3.8/site-packages/airflow/example_dags/example_sensors.py
[2025-11-06T06:25:31.109+0000] {processor.py:840} INFO - DAG(s) 'example_sensors' retrieved from /home/airflow/.local/lib/python3.8/site-packages/airflow/example_dags/example_sensors.py
[2025-11-06T06:25:31.219+0000] {logging_mixin.py:188} INFO - [2025-11-06T06:25:31.219+0000] {dag.py:3036} INFO - Sync 1 DAGs
[2025-11-06T06:25:31.262+0000] {logging_mixin.py:188} INFO - [2025-11-06T06:25:31.261+0000] {dag.py:3823} INFO - Setting next_dagrun for example_sensors to None, run_after=None
[2025-11-06T06:25:31.322+0000] {processor.py:183} INFO - Processing /home/airflow/.local/lib/python3.8/site-packages/airflow/example_dags/example_sensors.py took 0.276 seconds
[2025-11-06T06:26:01.545+0000] {processor.py:161} INFO - Started process (PID=7570) to work on /home/airflow/.local/lib/python3.8/site-packages/airflow/example_dags/example_sensors.py
[2025-11-06T06:26:01.550+0000] {processor.py:830} INFO - Processing file /home/airflow/.local/lib/python3.8/site-packages/airflow/example_dags/example_sensors.py for tasks to queue
[2025-11-06T06:26:01.556+0000] {logging_mixin.py:188} INFO - [2025-11-06T06:26:01.555+0000] {dagbag.py:538} INFO - Filling up the DagBag from /home/airflow/.local/lib/python3.8/site-packages/airflow/example_dags/example_sensors.py
[2025-11-06T06:26:01.598+0000] {processor.py:840} INFO - DAG(s) 'example_sensors' retrieved from /home/airflow/.local/lib/python3.8/site-packages/airflow/example_dags/example_sensors.py
[2025-11-06T06:26:01.707+0000] {logging_mixin.py:188} INFO - [2025-11-06T06:26:01.707+0000] {dag.py:3036} INFO - Sync 1 DAGs
[2025-11-06T06:26:01.767+0000] {logging_mixin.py:188} INFO - [2025-11-06T06:26:01.767+0000] {dag.py:3823} INFO - Setting next_dagrun for example_sensors to None, run_after=None
[2025-11-06T06:26:01.874+0000] {processor.py:183} INFO - Processing /home/airflow/.local/lib/python3.8/site-packages/airflow/example_dags/example_sensors.py took 0.340 seconds
[2025-11-06T06:26:32.146+0000] {processor.py:161} INFO - Started process (PID=7625) to work on /home/airflow/.local/lib/python3.8/site-packages/airflow/example_dags/example_sensors.py
[2025-11-06T06:26:32.148+0000] {processor.py:830} INFO - Processing file /home/airflow/.local/lib/python3.8/site-packages/airflow/example_dags/example_sensors.py for tasks to queue
[2025-11-06T06:26:32.151+0000] {logging_mixin.py:188} INFO - [2025-11-06T06:26:32.151+0000] {dagbag.py:538} INFO - Filling up the DagBag from /home/airflow/.local/lib/python3.8/site-packages/airflow/example_dags/example_sensors.py
[2025-11-06T06:26:32.169+0000] {processor.py:840} INFO - DAG(s) 'example_sensors' retrieved from /home/airflow/.local/lib/python3.8/site-packages/airflow/example_dags/example_sensors.py
[2025-11-06T06:26:32.213+0000] {logging_mixin.py:188} INFO - [2025-11-06T06:26:32.213+0000] {dag.py:3036} INFO - Sync 1 DAGs
[2025-11-06T06:26:32.235+0000] {logging_mixin.py:188} INFO - [2025-11-06T06:26:32.235+0000] {dag.py:3823} INFO - Setting next_dagrun for example_sensors to None, run_after=None
[2025-11-06T06:26:32.278+0000] {processor.py:183} INFO - Processing /home/airflow/.local/lib/python3.8/site-packages/airflow/example_dags/example_sensors.py took 0.140 seconds
[2025-11-06T06:27:03.029+0000] {processor.py:161} INFO - Started process (PID=7680) to work on /home/airflow/.local/lib/python3.8/site-packages/airflow/example_dags/example_sensors.py
[2025-11-06T06:27:03.031+0000] {processor.py:830} INFO - Processing file /home/airflow/.local/lib/python3.8/site-packages/airflow/example_dags/example_sensors.py for tasks to queue
[2025-11-06T06:27:03.035+0000] {logging_mixin.py:188} INFO - [2025-11-06T06:27:03.034+0000] {dagbag.py:538} INFO - Filling up the DagBag from /home/airflow/.local/lib/python3.8/site-packages/airflow/example_dags/example_sensors.py
[2025-11-06T06:27:03.048+0000] {processor.py:840} INFO - DAG(s) 'example_sensors' retrieved from /home/airflow/.local/lib/python3.8/site-packages/airflow/example_dags/example_sensors.py
[2025-11-06T06:27:03.090+0000] {logging_mixin.py:188} INFO - [2025-11-06T06:27:03.089+0000] {dag.py:3036} INFO - Sync 1 DAGs
[2025-11-06T06:27:03.108+0000] {logging_mixin.py:188} INFO - [2025-11-06T06:27:03.108+0000] {dag.py:3823} INFO - Setting next_dagrun for example_sensors to None, run_after=None
[2025-11-06T06:27:03.151+0000] {processor.py:183} INFO - Processing /home/airflow/.local/lib/python3.8/site-packages/airflow/example_dags/example_sensors.py took 0.127 seconds
[2025-11-06T06:27:33.966+0000] {processor.py:161} INFO - Started process (PID=7735) to work on /home/airflow/.local/lib/python3.8/site-packages/airflow/example_dags/example_sensors.py
[2025-11-06T06:27:33.968+0000] {processor.py:830} INFO - Processing file /home/airflow/.local/lib/python3.8/site-packages/airflow/example_dags/example_sensors.py for tasks to queue
[2025-11-06T06:27:33.972+0000] {logging_mixin.py:188} INFO - [2025-11-06T06:27:33.971+0000] {dagbag.py:538} INFO - Filling up the DagBag from /home/airflow/.local/lib/python3.8/site-packages/airflow/example_dags/example_sensors.py
[2025-11-06T06:27:33.991+0000] {processor.py:840} INFO - DAG(s) 'example_sensors' retrieved from /home/airflow/.local/lib/python3.8/site-packages/airflow/example_dags/example_sensors.py
[2025-11-06T06:27:34.068+0000] {logging_mixin.py:188} INFO - [2025-11-06T06:27:34.068+0000] {dag.py:3036} INFO - Sync 1 DAGs
[2025-11-06T06:27:34.108+0000] {logging_mixin.py:188} INFO - [2025-11-06T06:27:34.108+0000] {dag.py:3823} INFO - Setting next_dagrun for example_sensors to None, run_after=None
[2025-11-06T06:27:34.176+0000] {processor.py:183} INFO - Processing /home/airflow/.local/lib/python3.8/site-packages/airflow/example_dags/example_sensors.py took 0.219 seconds
[2025-11-06T06:28:04.284+0000] {processor.py:161} INFO - Started process (PID=7790) to work on /home/airflow/.local/lib/python3.8/site-packages/airflow/example_dags/example_sensors.py
[2025-11-06T06:28:04.286+0000] {processor.py:830} INFO - Processing file /home/airflow/.local/lib/python3.8/site-packages/airflow/example_dags/example_sensors.py for tasks to queue
[2025-11-06T06:28:04.290+0000] {logging_mixin.py:188} INFO - [2025-11-06T06:28:04.289+0000] {dagbag.py:538} INFO - Filling up the DagBag from /home/airflow/.local/lib/python3.8/site-packages/airflow/example_dags/example_sensors.py
[2025-11-06T06:28:04.307+0000] {processor.py:840} INFO - DAG(s) 'example_sensors' retrieved from /home/airflow/.local/lib/python3.8/site-packages/airflow/example_dags/example_sensors.py
[2025-11-06T06:28:04.358+0000] {logging_mixin.py:188} INFO - [2025-11-06T06:28:04.358+0000] {dag.py:3036} INFO - Sync 1 DAGs
[2025-11-06T06:28:04.382+0000] {logging_mixin.py:188} INFO - [2025-11-06T06:28:04.381+0000] {dag.py:3823} INFO - Setting next_dagrun for example_sensors to None, run_after=None
[2025-11-06T06:28:04.434+0000] {processor.py:183} INFO - Processing /home/airflow/.local/lib/python3.8/site-packages/airflow/example_dags/example_sensors.py took 0.157 seconds
[2025-11-06T06:28:34.769+0000] {processor.py:161} INFO - Started process (PID=7845) to work on /home/airflow/.local/lib/python3.8/site-packages/airflow/example_dags/example_sensors.py
[2025-11-06T06:28:34.771+0000] {processor.py:830} INFO - Processing file /home/airflow/.local/lib/python3.8/site-packages/airflow/example_dags/example_sensors.py for tasks to queue
[2025-11-06T06:28:34.775+0000] {logging_mixin.py:188} INFO - [2025-11-06T06:28:34.774+0000] {dagbag.py:538} INFO - Filling up the DagBag from /home/airflow/.local/lib/python3.8/site-packages/airflow/example_dags/example_sensors.py
[2025-11-06T06:28:34.790+0000] {processor.py:840} INFO - DAG(s) 'example_sensors' retrieved from /home/airflow/.local/lib/python3.8/site-packages/airflow/example_dags/example_sensors.py
[2025-11-06T06:28:34.840+0000] {logging_mixin.py:188} INFO - [2025-11-06T06:28:34.840+0000] {dag.py:3036} INFO - Sync 1 DAGs
[2025-11-06T06:28:34.864+0000] {logging_mixin.py:188} INFO - [2025-11-06T06:28:34.864+0000] {dag.py:3823} INFO - Setting next_dagrun for example_sensors to None, run_after=None
[2025-11-06T06:28:34.926+0000] {processor.py:183} INFO - Processing /home/airflow/.local/lib/python3.8/site-packages/airflow/example_dags/example_sensors.py took 0.164 seconds
[2025-11-06T06:29:05.862+0000] {processor.py:161} INFO - Started process (PID=7900) to work on /home/airflow/.local/lib/python3.8/site-packages/airflow/example_dags/example_sensors.py
[2025-11-06T06:29:05.868+0000] {processor.py:830} INFO - Processing file /home/airflow/.local/lib/python3.8/site-packages/airflow/example_dags/example_sensors.py for tasks to queue
[2025-11-06T06:29:05.879+0000] {logging_mixin.py:188} INFO - [2025-11-06T06:29:05.873+0000] {dagbag.py:538} INFO - Filling up the DagBag from /home/airflow/.local/lib/python3.8/site-packages/airflow/example_dags/example_sensors.py
[2025-11-06T06:29:05.932+0000] {processor.py:840} INFO - DAG(s) 'example_sensors' retrieved from /home/airflow/.local/lib/python3.8/site-packages/airflow/example_dags/example_sensors.py
[2025-11-06T06:29:06.062+0000] {logging_mixin.py:188} INFO - [2025-11-06T06:29:06.061+0000] {dag.py:3036} INFO - Sync 1 DAGs
[2025-11-06T06:29:06.125+0000] {logging_mixin.py:188} INFO - [2025-11-06T06:29:06.125+0000] {dag.py:3823} INFO - Setting next_dagrun for example_sensors to None, run_after=None
[2025-11-06T06:29:06.249+0000] {processor.py:183} INFO - Processing /home/airflow/.local/lib/python3.8/site-packages/airflow/example_dags/example_sensors.py took 0.403 seconds
[2025-11-06T06:29:36.876+0000] {processor.py:161} INFO - Started process (PID=7955) to work on /home/airflow/.local/lib/python3.8/site-packages/airflow/example_dags/example_sensors.py
[2025-11-06T06:29:36.879+0000] {processor.py:830} INFO - Processing file /home/airflow/.local/lib/python3.8/site-packages/airflow/example_dags/example_sensors.py for tasks to queue
[2025-11-06T06:29:36.895+0000] {logging_mixin.py:188} INFO - [2025-11-06T06:29:36.893+0000] {dagbag.py:538} INFO - Filling up the DagBag from /home/airflow/.local/lib/python3.8/site-packages/airflow/example_dags/example_sensors.py
[2025-11-06T06:29:36.939+0000] {processor.py:840} INFO - DAG(s) 'example_sensors' retrieved from /home/airflow/.local/lib/python3.8/site-packages/airflow/example_dags/example_sensors.py
[2025-11-06T06:29:37.080+0000] {logging_mixin.py:188} INFO - [2025-11-06T06:29:37.079+0000] {dag.py:3036} INFO - Sync 1 DAGs
[2025-11-06T06:29:37.156+0000] {logging_mixin.py:188} INFO - [2025-11-06T06:29:37.156+0000] {dag.py:3823} INFO - Setting next_dagrun for example_sensors to None, run_after=None
[2025-11-06T06:29:37.258+0000] {processor.py:183} INFO - Processing /home/airflow/.local/lib/python3.8/site-packages/airflow/example_dags/example_sensors.py took 0.394 seconds
[2025-11-06T06:30:07.963+0000] {processor.py:161} INFO - Started process (PID=8010) to work on /home/airflow/.local/lib/python3.8/site-packages/airflow/example_dags/example_sensors.py
[2025-11-06T06:30:07.968+0000] {processor.py:830} INFO - Processing file /home/airflow/.local/lib/python3.8/site-packages/airflow/example_dags/example_sensors.py for tasks to queue
[2025-11-06T06:30:07.975+0000] {logging_mixin.py:188} INFO - [2025-11-06T06:30:07.974+0000] {dagbag.py:538} INFO - Filling up the DagBag from /home/airflow/.local/lib/python3.8/site-packages/airflow/example_dags/example_sensors.py
[2025-11-06T06:30:08.014+0000] {processor.py:840} INFO - DAG(s) 'example_sensors' retrieved from /home/airflow/.local/lib/python3.8/site-packages/airflow/example_dags/example_sensors.py
[2025-11-06T06:30:08.138+0000] {logging_mixin.py:188} INFO - [2025-11-06T06:30:08.134+0000] {dag.py:3036} INFO - Sync 1 DAGs
[2025-11-06T06:30:08.214+0000] {logging_mixin.py:188} INFO - [2025-11-06T06:30:08.213+0000] {dag.py:3823} INFO - Setting next_dagrun for example_sensors to None, run_after=None
[2025-11-06T06:30:08.404+0000] {processor.py:183} INFO - Processing /home/airflow/.local/lib/python3.8/site-packages/airflow/example_dags/example_sensors.py took 0.452 seconds
[2025-11-06T06:30:38.631+0000] {processor.py:161} INFO - Started process (PID=8065) to work on /home/airflow/.local/lib/python3.8/site-packages/airflow/example_dags/example_sensors.py
[2025-11-06T06:30:38.634+0000] {processor.py:830} INFO - Processing file /home/airflow/.local/lib/python3.8/site-packages/airflow/example_dags/example_sensors.py for tasks to queue
[2025-11-06T06:30:38.639+0000] {logging_mixin.py:188} INFO - [2025-11-06T06:30:38.638+0000] {dagbag.py:538} INFO - Filling up the DagBag from /home/airflow/.local/lib/python3.8/site-packages/airflow/example_dags/example_sensors.py
[2025-11-06T06:30:38.662+0000] {processor.py:840} INFO - DAG(s) 'example_sensors' retrieved from /home/airflow/.local/lib/python3.8/site-packages/airflow/example_dags/example_sensors.py
[2025-11-06T06:30:38.747+0000] {logging_mixin.py:188} INFO - [2025-11-06T06:30:38.746+0000] {dag.py:3036} INFO - Sync 1 DAGs
[2025-11-06T06:30:38.784+0000] {logging_mixin.py:188} INFO - [2025-11-06T06:30:38.783+0000] {dag.py:3823} INFO - Setting next_dagrun for example_sensors to None, run_after=None
[2025-11-06T06:30:38.840+0000] {processor.py:183} INFO - Processing /home/airflow/.local/lib/python3.8/site-packages/airflow/example_dags/example_sensors.py took 0.219 seconds
[2025-11-06T06:31:09.321+0000] {processor.py:161} INFO - Started process (PID=8128) to work on /home/airflow/.local/lib/python3.8/site-packages/airflow/example_dags/example_sensors.py
[2025-11-06T06:31:09.324+0000] {processor.py:830} INFO - Processing file /home/airflow/.local/lib/python3.8/site-packages/airflow/example_dags/example_sensors.py for tasks to queue
[2025-11-06T06:31:09.327+0000] {logging_mixin.py:188} INFO - [2025-11-06T06:31:09.327+0000] {dagbag.py:538} INFO - Filling up the DagBag from /home/airflow/.local/lib/python3.8/site-packages/airflow/example_dags/example_sensors.py
[2025-11-06T06:31:09.351+0000] {processor.py:840} INFO - DAG(s) 'example_sensors' retrieved from /home/airflow/.local/lib/python3.8/site-packages/airflow/example_dags/example_sensors.py
[2025-11-06T06:31:09.433+0000] {logging_mixin.py:188} INFO - [2025-11-06T06:31:09.433+0000] {dag.py:3036} INFO - Sync 1 DAGs
[2025-11-06T06:31:09.461+0000] {logging_mixin.py:188} INFO - [2025-11-06T06:31:09.461+0000] {dag.py:3823} INFO - Setting next_dagrun for example_sensors to None, run_after=None
[2025-11-06T06:31:09.502+0000] {processor.py:183} INFO - Processing /home/airflow/.local/lib/python3.8/site-packages/airflow/example_dags/example_sensors.py took 0.190 seconds
[2025-11-06T06:31:39.877+0000] {processor.py:161} INFO - Started process (PID=8179) to work on /home/airflow/.local/lib/python3.8/site-packages/airflow/example_dags/example_sensors.py
[2025-11-06T06:31:39.881+0000] {processor.py:830} INFO - Processing file /home/airflow/.local/lib/python3.8/site-packages/airflow/example_dags/example_sensors.py for tasks to queue
[2025-11-06T06:31:39.888+0000] {logging_mixin.py:188} INFO - [2025-11-06T06:31:39.887+0000] {dagbag.py:538} INFO - Filling up the DagBag from /home/airflow/.local/lib/python3.8/site-packages/airflow/example_dags/example_sensors.py
[2025-11-06T06:31:39.956+0000] {processor.py:840} INFO - DAG(s) 'example_sensors' retrieved from /home/airflow/.local/lib/python3.8/site-packages/airflow/example_dags/example_sensors.py
[2025-11-06T06:31:40.053+0000] {logging_mixin.py:188} INFO - [2025-11-06T06:31:40.052+0000] {dag.py:3036} INFO - Sync 1 DAGs
[2025-11-06T06:31:40.098+0000] {logging_mixin.py:188} INFO - [2025-11-06T06:31:40.097+0000] {dag.py:3823} INFO - Setting next_dagrun for example_sensors to None, run_after=None
[2025-11-06T06:31:40.157+0000] {processor.py:183} INFO - Processing /home/airflow/.local/lib/python3.8/site-packages/airflow/example_dags/example_sensors.py took 0.292 seconds
[2025-11-06T06:32:10.530+0000] {processor.py:161} INFO - Started process (PID=8234) to work on /home/airflow/.local/lib/python3.8/site-packages/airflow/example_dags/example_sensors.py
[2025-11-06T06:32:10.536+0000] {processor.py:830} INFO - Processing file /home/airflow/.local/lib/python3.8/site-packages/airflow/example_dags/example_sensors.py for tasks to queue
[2025-11-06T06:32:10.545+0000] {logging_mixin.py:188} INFO - [2025-11-06T06:32:10.544+0000] {dagbag.py:538} INFO - Filling up the DagBag from /home/airflow/.local/lib/python3.8/site-packages/airflow/example_dags/example_sensors.py
[2025-11-06T06:32:10.581+0000] {processor.py:840} INFO - DAG(s) 'example_sensors' retrieved from /home/airflow/.local/lib/python3.8/site-packages/airflow/example_dags/example_sensors.py
[2025-11-06T06:32:10.662+0000] {logging_mixin.py:188} INFO - [2025-11-06T06:32:10.661+0000] {dag.py:3036} INFO - Sync 1 DAGs
[2025-11-06T06:32:10.707+0000] {logging_mixin.py:188} INFO - [2025-11-06T06:32:10.706+0000] {dag.py:3823} INFO - Setting next_dagrun for example_sensors to None, run_after=None
[2025-11-06T06:32:10.780+0000] {processor.py:183} INFO - Processing /home/airflow/.local/lib/python3.8/site-packages/airflow/example_dags/example_sensors.py took 0.263 seconds
[2025-11-06T06:32:41.659+0000] {processor.py:161} INFO - Started process (PID=8288) to work on /home/airflow/.local/lib/python3.8/site-packages/airflow/example_dags/example_sensors.py
[2025-11-06T06:32:41.663+0000] {processor.py:830} INFO - Processing file /home/airflow/.local/lib/python3.8/site-packages/airflow/example_dags/example_sensors.py for tasks to queue
[2025-11-06T06:32:41.677+0000] {logging_mixin.py:188} INFO - [2025-11-06T06:32:41.674+0000] {dagbag.py:538} INFO - Filling up the DagBag from /home/airflow/.local/lib/python3.8/site-packages/airflow/example_dags/example_sensors.py
[2025-11-06T06:32:41.733+0000] {processor.py:840} INFO - DAG(s) 'example_sensors' retrieved from /home/airflow/.local/lib/python3.8/site-packages/airflow/example_dags/example_sensors.py
[2025-11-06T06:32:41.910+0000] {logging_mixin.py:188} INFO - [2025-11-06T06:32:41.909+0000] {dag.py:3036} INFO - Sync 1 DAGs
[2025-11-06T06:32:42.013+0000] {logging_mixin.py:188} INFO - [2025-11-06T06:32:42.001+0000] {dag.py:3823} INFO - Setting next_dagrun for example_sensors to None, run_after=None
[2025-11-06T06:32:42.125+0000] {processor.py:183} INFO - Processing /home/airflow/.local/lib/python3.8/site-packages/airflow/example_dags/example_sensors.py took 0.509 seconds
[2025-11-06T06:33:12.296+0000] {processor.py:161} INFO - Started process (PID=8343) to work on /home/airflow/.local/lib/python3.8/site-packages/airflow/example_dags/example_sensors.py
[2025-11-06T06:33:12.300+0000] {processor.py:830} INFO - Processing file /home/airflow/.local/lib/python3.8/site-packages/airflow/example_dags/example_sensors.py for tasks to queue
[2025-11-06T06:33:12.304+0000] {logging_mixin.py:188} INFO - [2025-11-06T06:33:12.303+0000] {dagbag.py:538} INFO - Filling up the DagBag from /home/airflow/.local/lib/python3.8/site-packages/airflow/example_dags/example_sensors.py
[2025-11-06T06:33:12.321+0000] {processor.py:840} INFO - DAG(s) 'example_sensors' retrieved from /home/airflow/.local/lib/python3.8/site-packages/airflow/example_dags/example_sensors.py
[2025-11-06T06:33:12.368+0000] {logging_mixin.py:188} INFO - [2025-11-06T06:33:12.367+0000] {dag.py:3036} INFO - Sync 1 DAGs
[2025-11-06T06:33:12.389+0000] {logging_mixin.py:188} INFO - [2025-11-06T06:33:12.388+0000] {dag.py:3823} INFO - Setting next_dagrun for example_sensors to None, run_after=None
[2025-11-06T06:33:12.429+0000] {processor.py:183} INFO - Processing /home/airflow/.local/lib/python3.8/site-packages/airflow/example_dags/example_sensors.py took 0.139 seconds
[2025-11-06T06:33:42.576+0000] {processor.py:161} INFO - Started process (PID=8398) to work on /home/airflow/.local/lib/python3.8/site-packages/airflow/example_dags/example_sensors.py
[2025-11-06T06:33:42.578+0000] {processor.py:830} INFO - Processing file /home/airflow/.local/lib/python3.8/site-packages/airflow/example_dags/example_sensors.py for tasks to queue
[2025-11-06T06:33:42.582+0000] {logging_mixin.py:188} INFO - [2025-11-06T06:33:42.581+0000] {dagbag.py:538} INFO - Filling up the DagBag from /home/airflow/.local/lib/python3.8/site-packages/airflow/example_dags/example_sensors.py
[2025-11-06T06:33:42.597+0000] {processor.py:840} INFO - DAG(s) 'example_sensors' retrieved from /home/airflow/.local/lib/python3.8/site-packages/airflow/example_dags/example_sensors.py
[2025-11-06T06:33:42.644+0000] {logging_mixin.py:188} INFO - [2025-11-06T06:33:42.644+0000] {dag.py:3036} INFO - Sync 1 DAGs
[2025-11-06T06:33:42.669+0000] {logging_mixin.py:188} INFO - [2025-11-06T06:33:42.668+0000] {dag.py:3823} INFO - Setting next_dagrun for example_sensors to None, run_after=None
[2025-11-06T06:33:42.706+0000] {processor.py:183} INFO - Processing /home/airflow/.local/lib/python3.8/site-packages/airflow/example_dags/example_sensors.py took 0.135 seconds
[2025-11-06T06:34:12.784+0000] {processor.py:161} INFO - Started process (PID=8450) to work on /home/airflow/.local/lib/python3.8/site-packages/airflow/example_dags/example_sensors.py
[2025-11-06T06:34:12.786+0000] {processor.py:830} INFO - Processing file /home/airflow/.local/lib/python3.8/site-packages/airflow/example_dags/example_sensors.py for tasks to queue
[2025-11-06T06:34:12.790+0000] {logging_mixin.py:188} INFO - [2025-11-06T06:34:12.790+0000] {dagbag.py:538} INFO - Filling up the DagBag from /home/airflow/.local/lib/python3.8/site-packages/airflow/example_dags/example_sensors.py
[2025-11-06T06:34:12.802+0000] {processor.py:840} INFO - DAG(s) 'example_sensors' retrieved from /home/airflow/.local/lib/python3.8/site-packages/airflow/example_dags/example_sensors.py
[2025-11-06T06:34:12.842+0000] {logging_mixin.py:188} INFO - [2025-11-06T06:34:12.841+0000] {dag.py:3036} INFO - Sync 1 DAGs
[2025-11-06T06:34:12.859+0000] {logging_mixin.py:188} INFO - [2025-11-06T06:34:12.859+0000] {dag.py:3823} INFO - Setting next_dagrun for example_sensors to None, run_after=None
[2025-11-06T06:34:12.890+0000] {processor.py:183} INFO - Processing /home/airflow/.local/lib/python3.8/site-packages/airflow/example_dags/example_sensors.py took 0.110 seconds
[2025-11-06T06:34:43.265+0000] {processor.py:161} INFO - Started process (PID=8506) to work on /home/airflow/.local/lib/python3.8/site-packages/airflow/example_dags/example_sensors.py
[2025-11-06T06:34:43.268+0000] {processor.py:830} INFO - Processing file /home/airflow/.local/lib/python3.8/site-packages/airflow/example_dags/example_sensors.py for tasks to queue
[2025-11-06T06:34:43.273+0000] {logging_mixin.py:188} INFO - [2025-11-06T06:34:43.272+0000] {dagbag.py:538} INFO - Filling up the DagBag from /home/airflow/.local/lib/python3.8/site-packages/airflow/example_dags/example_sensors.py
[2025-11-06T06:34:43.290+0000] {processor.py:840} INFO - DAG(s) 'example_sensors' retrieved from /home/airflow/.local/lib/python3.8/site-packages/airflow/example_dags/example_sensors.py
[2025-11-06T06:34:43.350+0000] {logging_mixin.py:188} INFO - [2025-11-06T06:34:43.350+0000] {dag.py:3036} INFO - Sync 1 DAGs
[2025-11-06T06:34:43.392+0000] {logging_mixin.py:188} INFO - [2025-11-06T06:34:43.391+0000] {dag.py:3823} INFO - Setting next_dagrun for example_sensors to None, run_after=None
[2025-11-06T06:34:43.453+0000] {processor.py:183} INFO - Processing /home/airflow/.local/lib/python3.8/site-packages/airflow/example_dags/example_sensors.py took 0.197 seconds
[2025-11-06T06:35:14.208+0000] {processor.py:161} INFO - Started process (PID=8561) to work on /home/airflow/.local/lib/python3.8/site-packages/airflow/example_dags/example_sensors.py
[2025-11-06T06:35:14.217+0000] {processor.py:830} INFO - Processing file /home/airflow/.local/lib/python3.8/site-packages/airflow/example_dags/example_sensors.py for tasks to queue
[2025-11-06T06:35:14.236+0000] {logging_mixin.py:188} INFO - [2025-11-06T06:35:14.235+0000] {dagbag.py:538} INFO - Filling up the DagBag from /home/airflow/.local/lib/python3.8/site-packages/airflow/example_dags/example_sensors.py
[2025-11-06T06:35:14.310+0000] {processor.py:840} INFO - DAG(s) 'example_sensors' retrieved from /home/airflow/.local/lib/python3.8/site-packages/airflow/example_dags/example_sensors.py
[2025-11-06T06:35:14.493+0000] {logging_mixin.py:188} INFO - [2025-11-06T06:35:14.492+0000] {dag.py:3036} INFO - Sync 1 DAGs
[2025-11-06T06:35:14.557+0000] {logging_mixin.py:188} INFO - [2025-11-06T06:35:14.556+0000] {dag.py:3823} INFO - Setting next_dagrun for example_sensors to None, run_after=None
[2025-11-06T06:35:14.674+0000] {processor.py:183} INFO - Processing /home/airflow/.local/lib/python3.8/site-packages/airflow/example_dags/example_sensors.py took 0.492 seconds
[2025-11-06T06:35:45.397+0000] {processor.py:161} INFO - Started process (PID=8616) to work on /home/airflow/.local/lib/python3.8/site-packages/airflow/example_dags/example_sensors.py
[2025-11-06T06:35:45.399+0000] {processor.py:830} INFO - Processing file /home/airflow/.local/lib/python3.8/site-packages/airflow/example_dags/example_sensors.py for tasks to queue
[2025-11-06T06:35:45.402+0000] {logging_mixin.py:188} INFO - [2025-11-06T06:35:45.401+0000] {dagbag.py:538} INFO - Filling up the DagBag from /home/airflow/.local/lib/python3.8/site-packages/airflow/example_dags/example_sensors.py
[2025-11-06T06:35:45.415+0000] {processor.py:840} INFO - DAG(s) 'example_sensors' retrieved from /home/airflow/.local/lib/python3.8/site-packages/airflow/example_dags/example_sensors.py
[2025-11-06T06:35:45.455+0000] {logging_mixin.py:188} INFO - [2025-11-06T06:35:45.455+0000] {dag.py:3036} INFO - Sync 1 DAGs
[2025-11-06T06:35:45.477+0000] {logging_mixin.py:188} INFO - [2025-11-06T06:35:45.476+0000] {dag.py:3823} INFO - Setting next_dagrun for example_sensors to None, run_after=None
[2025-11-06T06:35:45.513+0000] {processor.py:183} INFO - Processing /home/airflow/.local/lib/python3.8/site-packages/airflow/example_dags/example_sensors.py took 0.122 seconds
[2025-11-06T06:36:16.106+0000] {processor.py:161} INFO - Started process (PID=8670) to work on /home/airflow/.local/lib/python3.8/site-packages/airflow/example_dags/example_sensors.py
[2025-11-06T06:36:16.123+0000] {processor.py:830} INFO - Processing file /home/airflow/.local/lib/python3.8/site-packages/airflow/example_dags/example_sensors.py for tasks to queue
[2025-11-06T06:36:16.140+0000] {logging_mixin.py:188} INFO - [2025-11-06T06:36:16.139+0000] {dagbag.py:538} INFO - Filling up the DagBag from /home/airflow/.local/lib/python3.8/site-packages/airflow/example_dags/example_sensors.py
[2025-11-06T06:36:16.242+0000] {processor.py:840} INFO - DAG(s) 'example_sensors' retrieved from /home/airflow/.local/lib/python3.8/site-packages/airflow/example_dags/example_sensors.py
[2025-11-06T06:36:16.426+0000] {logging_mixin.py:188} INFO - [2025-11-06T06:36:16.425+0000] {dag.py:3036} INFO - Sync 1 DAGs
[2025-11-06T06:36:16.563+0000] {logging_mixin.py:188} INFO - [2025-11-06T06:36:16.551+0000] {dag.py:3823} INFO - Setting next_dagrun for example_sensors to None, run_after=None
[2025-11-06T06:36:16.798+0000] {processor.py:183} INFO - Processing /home/airflow/.local/lib/python3.8/site-packages/airflow/example_dags/example_sensors.py took 0.725 seconds
[2025-11-06T06:36:47.398+0000] {processor.py:161} INFO - Started process (PID=8725) to work on /home/airflow/.local/lib/python3.8/site-packages/airflow/example_dags/example_sensors.py
[2025-11-06T06:36:47.405+0000] {processor.py:830} INFO - Processing file /home/airflow/.local/lib/python3.8/site-packages/airflow/example_dags/example_sensors.py for tasks to queue
[2025-11-06T06:36:47.421+0000] {logging_mixin.py:188} INFO - [2025-11-06T06:36:47.412+0000] {dagbag.py:538} INFO - Filling up the DagBag from /home/airflow/.local/lib/python3.8/site-packages/airflow/example_dags/example_sensors.py
[2025-11-06T06:36:47.480+0000] {processor.py:840} INFO - DAG(s) 'example_sensors' retrieved from /home/airflow/.local/lib/python3.8/site-packages/airflow/example_dags/example_sensors.py
[2025-11-06T06:36:47.726+0000] {logging_mixin.py:188} INFO - [2025-11-06T06:36:47.726+0000] {dag.py:3036} INFO - Sync 1 DAGs
[2025-11-06T06:36:47.871+0000] {logging_mixin.py:188} INFO - [2025-11-06T06:36:47.870+0000] {dag.py:3823} INFO - Setting next_dagrun for example_sensors to None, run_after=None
[2025-11-06T06:36:48.036+0000] {processor.py:183} INFO - Processing /home/airflow/.local/lib/python3.8/site-packages/airflow/example_dags/example_sensors.py took 0.658 seconds
[2025-11-06T06:37:18.424+0000] {processor.py:161} INFO - Started process (PID=8781) to work on /home/airflow/.local/lib/python3.8/site-packages/airflow/example_dags/example_sensors.py
[2025-11-06T06:37:18.426+0000] {processor.py:830} INFO - Processing file /home/airflow/.local/lib/python3.8/site-packages/airflow/example_dags/example_sensors.py for tasks to queue
[2025-11-06T06:37:18.430+0000] {logging_mixin.py:188} INFO - [2025-11-06T06:37:18.430+0000] {dagbag.py:538} INFO - Filling up the DagBag from /home/airflow/.local/lib/python3.8/site-packages/airflow/example_dags/example_sensors.py
[2025-11-06T06:37:18.447+0000] {processor.py:840} INFO - DAG(s) 'example_sensors' retrieved from /home/airflow/.local/lib/python3.8/site-packages/airflow/example_dags/example_sensors.py
[2025-11-06T06:37:18.506+0000] {logging_mixin.py:188} INFO - [2025-11-06T06:37:18.505+0000] {dag.py:3036} INFO - Sync 1 DAGs
[2025-11-06T06:37:18.537+0000] {logging_mixin.py:188} INFO - [2025-11-06T06:37:18.536+0000] {dag.py:3823} INFO - Setting next_dagrun for example_sensors to None, run_after=None
[2025-11-06T06:37:18.594+0000] {processor.py:183} INFO - Processing /home/airflow/.local/lib/python3.8/site-packages/airflow/example_dags/example_sensors.py took 0.177 seconds
[2025-11-06T06:37:49.361+0000] {processor.py:161} INFO - Started process (PID=8834) to work on /home/airflow/.local/lib/python3.8/site-packages/airflow/example_dags/example_sensors.py
[2025-11-06T06:37:49.364+0000] {processor.py:830} INFO - Processing file /home/airflow/.local/lib/python3.8/site-packages/airflow/example_dags/example_sensors.py for tasks to queue
[2025-11-06T06:37:49.370+0000] {logging_mixin.py:188} INFO - [2025-11-06T06:37:49.369+0000] {dagbag.py:538} INFO - Filling up the DagBag from /home/airflow/.local/lib/python3.8/site-packages/airflow/example_dags/example_sensors.py
[2025-11-06T06:37:49.393+0000] {processor.py:840} INFO - DAG(s) 'example_sensors' retrieved from /home/airflow/.local/lib/python3.8/site-packages/airflow/example_dags/example_sensors.py
[2025-11-06T06:37:49.484+0000] {logging_mixin.py:188} INFO - [2025-11-06T06:37:49.483+0000] {dag.py:3036} INFO - Sync 1 DAGs
[2025-11-06T06:37:49.526+0000] {logging_mixin.py:188} INFO - [2025-11-06T06:37:49.525+0000] {dag.py:3823} INFO - Setting next_dagrun for example_sensors to None, run_after=None
[2025-11-06T06:37:49.600+0000] {processor.py:183} INFO - Processing /home/airflow/.local/lib/python3.8/site-packages/airflow/example_dags/example_sensors.py took 0.248 seconds
[2025-11-06T06:38:19.976+0000] {processor.py:161} INFO - Started process (PID=8889) to work on /home/airflow/.local/lib/python3.8/site-packages/airflow/example_dags/example_sensors.py
[2025-11-06T06:38:19.979+0000] {processor.py:830} INFO - Processing file /home/airflow/.local/lib/python3.8/site-packages/airflow/example_dags/example_sensors.py for tasks to queue
[2025-11-06T06:38:19.982+0000] {logging_mixin.py:188} INFO - [2025-11-06T06:38:19.982+0000] {dagbag.py:538} INFO - Filling up the DagBag from /home/airflow/.local/lib/python3.8/site-packages/airflow/example_dags/example_sensors.py
[2025-11-06T06:38:19.998+0000] {processor.py:840} INFO - DAG(s) 'example_sensors' retrieved from /home/airflow/.local/lib/python3.8/site-packages/airflow/example_dags/example_sensors.py
[2025-11-06T06:38:20.052+0000] {logging_mixin.py:188} INFO - [2025-11-06T06:38:20.051+0000] {dag.py:3036} INFO - Sync 1 DAGs
[2025-11-06T06:38:20.071+0000] {logging_mixin.py:188} INFO - [2025-11-06T06:38:20.070+0000] {dag.py:3823} INFO - Setting next_dagrun for example_sensors to None, run_after=None
[2025-11-06T06:38:20.112+0000] {processor.py:183} INFO - Processing /home/airflow/.local/lib/python3.8/site-packages/airflow/example_dags/example_sensors.py took 0.143 seconds
[2025-11-06T06:38:50.187+0000] {processor.py:161} INFO - Started process (PID=8944) to work on /home/airflow/.local/lib/python3.8/site-packages/airflow/example_dags/example_sensors.py
[2025-11-06T06:38:50.189+0000] {processor.py:830} INFO - Processing file /home/airflow/.local/lib/python3.8/site-packages/airflow/example_dags/example_sensors.py for tasks to queue
[2025-11-06T06:38:50.192+0000] {logging_mixin.py:188} INFO - [2025-11-06T06:38:50.192+0000] {dagbag.py:538} INFO - Filling up the DagBag from /home/airflow/.local/lib/python3.8/site-packages/airflow/example_dags/example_sensors.py
[2025-11-06T06:38:50.205+0000] {processor.py:840} INFO - DAG(s) 'example_sensors' retrieved from /home/airflow/.local/lib/python3.8/site-packages/airflow/example_dags/example_sensors.py
[2025-11-06T06:38:50.241+0000] {logging_mixin.py:188} INFO - [2025-11-06T06:38:50.241+0000] {dag.py:3036} INFO - Sync 1 DAGs
[2025-11-06T06:38:50.258+0000] {logging_mixin.py:188} INFO - [2025-11-06T06:38:50.258+0000] {dag.py:3823} INFO - Setting next_dagrun for example_sensors to None, run_after=None
[2025-11-06T06:38:50.296+0000] {processor.py:183} INFO - Processing /home/airflow/.local/lib/python3.8/site-packages/airflow/example_dags/example_sensors.py took 0.113 seconds
[2025-11-06T06:39:21.150+0000] {processor.py:161} INFO - Started process (PID=8999) to work on /home/airflow/.local/lib/python3.8/site-packages/airflow/example_dags/example_sensors.py
[2025-11-06T06:39:21.153+0000] {processor.py:830} INFO - Processing file /home/airflow/.local/lib/python3.8/site-packages/airflow/example_dags/example_sensors.py for tasks to queue
[2025-11-06T06:39:21.158+0000] {logging_mixin.py:188} INFO - [2025-11-06T06:39:21.157+0000] {dagbag.py:538} INFO - Filling up the DagBag from /home/airflow/.local/lib/python3.8/site-packages/airflow/example_dags/example_sensors.py
[2025-11-06T06:39:21.183+0000] {processor.py:840} INFO - DAG(s) 'example_sensors' retrieved from /home/airflow/.local/lib/python3.8/site-packages/airflow/example_dags/example_sensors.py
[2025-11-06T06:39:21.255+0000] {logging_mixin.py:188} INFO - [2025-11-06T06:39:21.254+0000] {dag.py:3036} INFO - Sync 1 DAGs
[2025-11-06T06:39:21.290+0000] {logging_mixin.py:188} INFO - [2025-11-06T06:39:21.290+0000] {dag.py:3823} INFO - Setting next_dagrun for example_sensors to None, run_after=None
[2025-11-06T06:39:21.344+0000] {processor.py:183} INFO - Processing /home/airflow/.local/lib/python3.8/site-packages/airflow/example_dags/example_sensors.py took 0.202 seconds
[2025-11-06T06:39:51.706+0000] {processor.py:161} INFO - Started process (PID=9054) to work on /home/airflow/.local/lib/python3.8/site-packages/airflow/example_dags/example_sensors.py
[2025-11-06T06:39:51.714+0000] {processor.py:830} INFO - Processing file /home/airflow/.local/lib/python3.8/site-packages/airflow/example_dags/example_sensors.py for tasks to queue
[2025-11-06T06:39:51.733+0000] {logging_mixin.py:188} INFO - [2025-11-06T06:39:51.728+0000] {dagbag.py:538} INFO - Filling up the DagBag from /home/airflow/.local/lib/python3.8/site-packages/airflow/example_dags/example_sensors.py
[2025-11-06T06:39:51.773+0000] {processor.py:840} INFO - DAG(s) 'example_sensors' retrieved from /home/airflow/.local/lib/python3.8/site-packages/airflow/example_dags/example_sensors.py
[2025-11-06T06:39:51.876+0000] {logging_mixin.py:188} INFO - [2025-11-06T06:39:51.875+0000] {dag.py:3036} INFO - Sync 1 DAGs
[2025-11-06T06:39:51.927+0000] {logging_mixin.py:188} INFO - [2025-11-06T06:39:51.926+0000] {dag.py:3823} INFO - Setting next_dagrun for example_sensors to None, run_after=None
[2025-11-06T06:39:52.009+0000] {processor.py:183} INFO - Processing /home/airflow/.local/lib/python3.8/site-packages/airflow/example_dags/example_sensors.py took 0.318 seconds
[2025-11-06T06:40:22.548+0000] {processor.py:161} INFO - Started process (PID=9109) to work on /home/airflow/.local/lib/python3.8/site-packages/airflow/example_dags/example_sensors.py
[2025-11-06T06:40:22.556+0000] {processor.py:830} INFO - Processing file /home/airflow/.local/lib/python3.8/site-packages/airflow/example_dags/example_sensors.py for tasks to queue
[2025-11-06T06:40:22.567+0000] {logging_mixin.py:188} INFO - [2025-11-06T06:40:22.567+0000] {dagbag.py:538} INFO - Filling up the DagBag from /home/airflow/.local/lib/python3.8/site-packages/airflow/example_dags/example_sensors.py
[2025-11-06T06:40:22.606+0000] {processor.py:840} INFO - DAG(s) 'example_sensors' retrieved from /home/airflow/.local/lib/python3.8/site-packages/airflow/example_dags/example_sensors.py
[2025-11-06T06:40:22.712+0000] {logging_mixin.py:188} INFO - [2025-11-06T06:40:22.711+0000] {dag.py:3036} INFO - Sync 1 DAGs
[2025-11-06T06:40:22.755+0000] {logging_mixin.py:188} INFO - [2025-11-06T06:40:22.755+0000] {dag.py:3823} INFO - Setting next_dagrun for example_sensors to None, run_after=None
[2025-11-06T06:40:22.827+0000] {processor.py:183} INFO - Processing /home/airflow/.local/lib/python3.8/site-packages/airflow/example_dags/example_sensors.py took 0.297 seconds
[2025-11-06T06:40:53.531+0000] {processor.py:161} INFO - Started process (PID=9164) to work on /home/airflow/.local/lib/python3.8/site-packages/airflow/example_dags/example_sensors.py
[2025-11-06T06:40:53.533+0000] {processor.py:830} INFO - Processing file /home/airflow/.local/lib/python3.8/site-packages/airflow/example_dags/example_sensors.py for tasks to queue
[2025-11-06T06:40:53.536+0000] {logging_mixin.py:188} INFO - [2025-11-06T06:40:53.535+0000] {dagbag.py:538} INFO - Filling up the DagBag from /home/airflow/.local/lib/python3.8/site-packages/airflow/example_dags/example_sensors.py
[2025-11-06T06:40:53.561+0000] {processor.py:840} INFO - DAG(s) 'example_sensors' retrieved from /home/airflow/.local/lib/python3.8/site-packages/airflow/example_dags/example_sensors.py
[2025-11-06T06:40:53.622+0000] {logging_mixin.py:188} INFO - [2025-11-06T06:40:53.621+0000] {dag.py:3036} INFO - Sync 1 DAGs
[2025-11-06T06:40:53.668+0000] {logging_mixin.py:188} INFO - [2025-11-06T06:40:53.668+0000] {dag.py:3823} INFO - Setting next_dagrun for example_sensors to None, run_after=None
[2025-11-06T06:40:53.722+0000] {processor.py:183} INFO - Processing /home/airflow/.local/lib/python3.8/site-packages/airflow/example_dags/example_sensors.py took 0.198 seconds
[2025-11-06T06:41:24.080+0000] {processor.py:161} INFO - Started process (PID=9219) to work on /home/airflow/.local/lib/python3.8/site-packages/airflow/example_dags/example_sensors.py
[2025-11-06T06:41:24.081+0000] {processor.py:830} INFO - Processing file /home/airflow/.local/lib/python3.8/site-packages/airflow/example_dags/example_sensors.py for tasks to queue
[2025-11-06T06:41:24.084+0000] {logging_mixin.py:188} INFO - [2025-11-06T06:41:24.084+0000] {dagbag.py:538} INFO - Filling up the DagBag from /home/airflow/.local/lib/python3.8/site-packages/airflow/example_dags/example_sensors.py
[2025-11-06T06:41:24.095+0000] {processor.py:840} INFO - DAG(s) 'example_sensors' retrieved from /home/airflow/.local/lib/python3.8/site-packages/airflow/example_dags/example_sensors.py
[2025-11-06T06:41:24.130+0000] {logging_mixin.py:188} INFO - [2025-11-06T06:41:24.130+0000] {dag.py:3036} INFO - Sync 1 DAGs
[2025-11-06T06:41:24.147+0000] {logging_mixin.py:188} INFO - [2025-11-06T06:41:24.146+0000] {dag.py:3823} INFO - Setting next_dagrun for example_sensors to None, run_after=None
[2025-11-06T06:41:24.174+0000] {processor.py:183} INFO - Processing /home/airflow/.local/lib/python3.8/site-packages/airflow/example_dags/example_sensors.py took 0.099 seconds
[2025-11-06T06:41:54.495+0000] {processor.py:161} INFO - Started process (PID=9274) to work on /home/airflow/.local/lib/python3.8/site-packages/airflow/example_dags/example_sensors.py
[2025-11-06T06:41:54.496+0000] {processor.py:830} INFO - Processing file /home/airflow/.local/lib/python3.8/site-packages/airflow/example_dags/example_sensors.py for tasks to queue
[2025-11-06T06:41:54.499+0000] {logging_mixin.py:188} INFO - [2025-11-06T06:41:54.499+0000] {dagbag.py:538} INFO - Filling up the DagBag from /home/airflow/.local/lib/python3.8/site-packages/airflow/example_dags/example_sensors.py
[2025-11-06T06:41:54.514+0000] {processor.py:840} INFO - DAG(s) 'example_sensors' retrieved from /home/airflow/.local/lib/python3.8/site-packages/airflow/example_dags/example_sensors.py
[2025-11-06T06:41:54.565+0000] {logging_mixin.py:188} INFO - [2025-11-06T06:41:54.564+0000] {dag.py:3036} INFO - Sync 1 DAGs
[2025-11-06T06:41:54.591+0000] {logging_mixin.py:188} INFO - [2025-11-06T06:41:54.591+0000] {dag.py:3823} INFO - Setting next_dagrun for example_sensors to None, run_after=None
[2025-11-06T06:41:54.632+0000] {processor.py:183} INFO - Processing /home/airflow/.local/lib/python3.8/site-packages/airflow/example_dags/example_sensors.py took 0.141 seconds
[2025-11-06T06:42:24.728+0000] {processor.py:161} INFO - Started process (PID=9329) to work on /home/airflow/.local/lib/python3.8/site-packages/airflow/example_dags/example_sensors.py
[2025-11-06T06:42:24.730+0000] {processor.py:830} INFO - Processing file /home/airflow/.local/lib/python3.8/site-packages/airflow/example_dags/example_sensors.py for tasks to queue
[2025-11-06T06:42:24.735+0000] {logging_mixin.py:188} INFO - [2025-11-06T06:42:24.735+0000] {dagbag.py:538} INFO - Filling up the DagBag from /home/airflow/.local/lib/python3.8/site-packages/airflow/example_dags/example_sensors.py
[2025-11-06T06:42:24.755+0000] {processor.py:840} INFO - DAG(s) 'example_sensors' retrieved from /home/airflow/.local/lib/python3.8/site-packages/airflow/example_dags/example_sensors.py
[2025-11-06T06:42:24.818+0000] {logging_mixin.py:188} INFO - [2025-11-06T06:42:24.818+0000] {dag.py:3036} INFO - Sync 1 DAGs
[2025-11-06T06:42:24.847+0000] {logging_mixin.py:188} INFO - [2025-11-06T06:42:24.847+0000] {dag.py:3823} INFO - Setting next_dagrun for example_sensors to None, run_after=None
[2025-11-06T06:42:24.889+0000] {processor.py:183} INFO - Processing /home/airflow/.local/lib/python3.8/site-packages/airflow/example_dags/example_sensors.py took 0.171 seconds
[2025-11-06T06:42:55.042+0000] {processor.py:161} INFO - Started process (PID=9384) to work on /home/airflow/.local/lib/python3.8/site-packages/airflow/example_dags/example_sensors.py
[2025-11-06T06:42:55.045+0000] {processor.py:830} INFO - Processing file /home/airflow/.local/lib/python3.8/site-packages/airflow/example_dags/example_sensors.py for tasks to queue
[2025-11-06T06:42:55.056+0000] {logging_mixin.py:188} INFO - [2025-11-06T06:42:55.054+0000] {dagbag.py:538} INFO - Filling up the DagBag from /home/airflow/.local/lib/python3.8/site-packages/airflow/example_dags/example_sensors.py
[2025-11-06T06:42:55.088+0000] {processor.py:840} INFO - DAG(s) 'example_sensors' retrieved from /home/airflow/.local/lib/python3.8/site-packages/airflow/example_dags/example_sensors.py
[2025-11-06T06:42:55.166+0000] {logging_mixin.py:188} INFO - [2025-11-06T06:42:55.166+0000] {dag.py:3036} INFO - Sync 1 DAGs
[2025-11-06T06:42:55.206+0000] {logging_mixin.py:188} INFO - [2025-11-06T06:42:55.205+0000] {dag.py:3823} INFO - Setting next_dagrun for example_sensors to None, run_after=None
[2025-11-06T06:42:55.271+0000] {processor.py:183} INFO - Processing /home/airflow/.local/lib/python3.8/site-packages/airflow/example_dags/example_sensors.py took 0.250 seconds
[2025-11-06T06:43:25.633+0000] {processor.py:161} INFO - Started process (PID=9438) to work on /home/airflow/.local/lib/python3.8/site-packages/airflow/example_dags/example_sensors.py
[2025-11-06T06:43:25.636+0000] {processor.py:830} INFO - Processing file /home/airflow/.local/lib/python3.8/site-packages/airflow/example_dags/example_sensors.py for tasks to queue
[2025-11-06T06:43:25.644+0000] {logging_mixin.py:188} INFO - [2025-11-06T06:43:25.643+0000] {dagbag.py:538} INFO - Filling up the DagBag from /home/airflow/.local/lib/python3.8/site-packages/airflow/example_dags/example_sensors.py
[2025-11-06T06:43:25.681+0000] {processor.py:840} INFO - DAG(s) 'example_sensors' retrieved from /home/airflow/.local/lib/python3.8/site-packages/airflow/example_dags/example_sensors.py
[2025-11-06T06:43:25.756+0000] {logging_mixin.py:188} INFO - [2025-11-06T06:43:25.756+0000] {dag.py:3036} INFO - Sync 1 DAGs
[2025-11-06T06:43:25.784+0000] {logging_mixin.py:188} INFO - [2025-11-06T06:43:25.784+0000] {dag.py:3823} INFO - Setting next_dagrun for example_sensors to None, run_after=None
[2025-11-06T06:43:25.829+0000] {processor.py:183} INFO - Processing /home/airflow/.local/lib/python3.8/site-packages/airflow/example_dags/example_sensors.py took 0.211 seconds
[2025-11-06T06:43:56.143+0000] {processor.py:161} INFO - Started process (PID=9491) to work on /home/airflow/.local/lib/python3.8/site-packages/airflow/example_dags/example_sensors.py
[2025-11-06T06:43:56.145+0000] {processor.py:830} INFO - Processing file /home/airflow/.local/lib/python3.8/site-packages/airflow/example_dags/example_sensors.py for tasks to queue
[2025-11-06T06:43:56.150+0000] {logging_mixin.py:188} INFO - [2025-11-06T06:43:56.150+0000] {dagbag.py:538} INFO - Filling up the DagBag from /home/airflow/.local/lib/python3.8/site-packages/airflow/example_dags/example_sensors.py
[2025-11-06T06:43:56.188+0000] {processor.py:840} INFO - DAG(s) 'example_sensors' retrieved from /home/airflow/.local/lib/python3.8/site-packages/airflow/example_dags/example_sensors.py
[2025-11-06T06:43:56.242+0000] {logging_mixin.py:188} INFO - [2025-11-06T06:43:56.242+0000] {dag.py:3036} INFO - Sync 1 DAGs
[2025-11-06T06:43:56.266+0000] {logging_mixin.py:188} INFO - [2025-11-06T06:43:56.266+0000] {dag.py:3823} INFO - Setting next_dagrun for example_sensors to None, run_after=None
[2025-11-06T06:43:56.320+0000] {processor.py:183} INFO - Processing /home/airflow/.local/lib/python3.8/site-packages/airflow/example_dags/example_sensors.py took 0.187 seconds
[2025-11-06T06:44:27.598+0000] {processor.py:161} INFO - Started process (PID=9545) to work on /home/airflow/.local/lib/python3.8/site-packages/airflow/example_dags/example_sensors.py
[2025-11-06T06:44:27.604+0000] {processor.py:830} INFO - Processing file /home/airflow/.local/lib/python3.8/site-packages/airflow/example_dags/example_sensors.py for tasks to queue
[2025-11-06T06:44:27.608+0000] {logging_mixin.py:188} INFO - [2025-11-06T06:44:27.607+0000] {dagbag.py:538} INFO - Filling up the DagBag from /home/airflow/.local/lib/python3.8/site-packages/airflow/example_dags/example_sensors.py
[2025-11-06T06:44:27.628+0000] {processor.py:840} INFO - DAG(s) 'example_sensors' retrieved from /home/airflow/.local/lib/python3.8/site-packages/airflow/example_dags/example_sensors.py
[2025-11-06T06:44:27.702+0000] {logging_mixin.py:188} INFO - [2025-11-06T06:44:27.701+0000] {dag.py:3036} INFO - Sync 1 DAGs
[2025-11-06T06:44:28.018+0000] {logging_mixin.py:188} INFO - [2025-11-06T06:44:28.017+0000] {dag.py:3823} INFO - Setting next_dagrun for example_sensors to None, run_after=None
[2025-11-06T06:44:28.063+0000] {processor.py:183} INFO - Processing /home/airflow/.local/lib/python3.8/site-packages/airflow/example_dags/example_sensors.py took 0.475 seconds
[2025-11-06T06:44:58.252+0000] {processor.py:161} INFO - Started process (PID=9596) to work on /home/airflow/.local/lib/python3.8/site-packages/airflow/example_dags/example_sensors.py
[2025-11-06T06:44:58.256+0000] {processor.py:830} INFO - Processing file /home/airflow/.local/lib/python3.8/site-packages/airflow/example_dags/example_sensors.py for tasks to queue
[2025-11-06T06:44:58.262+0000] {logging_mixin.py:188} INFO - [2025-11-06T06:44:58.261+0000] {dagbag.py:538} INFO - Filling up the DagBag from /home/airflow/.local/lib/python3.8/site-packages/airflow/example_dags/example_sensors.py
[2025-11-06T06:44:58.293+0000] {processor.py:840} INFO - DAG(s) 'example_sensors' retrieved from /home/airflow/.local/lib/python3.8/site-packages/airflow/example_dags/example_sensors.py
[2025-11-06T06:44:58.382+0000] {logging_mixin.py:188} INFO - [2025-11-06T06:44:58.381+0000] {dag.py:3036} INFO - Sync 1 DAGs
[2025-11-06T06:44:58.433+0000] {logging_mixin.py:188} INFO - [2025-11-06T06:44:58.432+0000] {dag.py:3823} INFO - Setting next_dagrun for example_sensors to None, run_after=None
[2025-11-06T06:44:58.493+0000] {processor.py:183} INFO - Processing /home/airflow/.local/lib/python3.8/site-packages/airflow/example_dags/example_sensors.py took 0.252 seconds
[2025-11-06T06:45:29.879+0000] {processor.py:161} INFO - Started process (PID=9649) to work on /home/airflow/.local/lib/python3.8/site-packages/airflow/example_dags/example_sensors.py
[2025-11-06T06:45:29.882+0000] {processor.py:830} INFO - Processing file /home/airflow/.local/lib/python3.8/site-packages/airflow/example_dags/example_sensors.py for tasks to queue
[2025-11-06T06:45:29.890+0000] {logging_mixin.py:188} INFO - [2025-11-06T06:45:29.888+0000] {dagbag.py:538} INFO - Filling up the DagBag from /home/airflow/.local/lib/python3.8/site-packages/airflow/example_dags/example_sensors.py
[2025-11-06T06:45:29.916+0000] {processor.py:840} INFO - DAG(s) 'example_sensors' retrieved from /home/airflow/.local/lib/python3.8/site-packages/airflow/example_dags/example_sensors.py
[2025-11-06T06:45:29.980+0000] {logging_mixin.py:188} INFO - [2025-11-06T06:45:29.980+0000] {dag.py:3036} INFO - Sync 1 DAGs
[2025-11-06T06:45:30.035+0000] {logging_mixin.py:188} INFO - [2025-11-06T06:45:30.034+0000] {dag.py:3823} INFO - Setting next_dagrun for example_sensors to None, run_after=None
[2025-11-06T06:45:30.104+0000] {processor.py:183} INFO - Processing /home/airflow/.local/lib/python3.8/site-packages/airflow/example_dags/example_sensors.py took 0.234 seconds
[2025-11-06T06:46:01.961+0000] {processor.py:161} INFO - Started process (PID=9701) to work on /home/airflow/.local/lib/python3.8/site-packages/airflow/example_dags/example_sensors.py
[2025-11-06T06:46:01.965+0000] {processor.py:830} INFO - Processing file /home/airflow/.local/lib/python3.8/site-packages/airflow/example_dags/example_sensors.py for tasks to queue
[2025-11-06T06:46:01.981+0000] {logging_mixin.py:188} INFO - [2025-11-06T06:46:01.980+0000] {dagbag.py:538} INFO - Filling up the DagBag from /home/airflow/.local/lib/python3.8/site-packages/airflow/example_dags/example_sensors.py
[2025-11-06T06:46:02.030+0000] {processor.py:840} INFO - DAG(s) 'example_sensors' retrieved from /home/airflow/.local/lib/python3.8/site-packages/airflow/example_dags/example_sensors.py
[2025-11-06T06:46:02.814+0000] {logging_mixin.py:188} INFO - [2025-11-06T06:46:02.813+0000] {dag.py:3036} INFO - Sync 1 DAGs
[2025-11-06T06:46:02.933+0000] {logging_mixin.py:188} INFO - [2025-11-06T06:46:02.932+0000] {dag.py:3823} INFO - Setting next_dagrun for example_sensors to None, run_after=None
[2025-11-06T06:46:03.051+0000] {processor.py:183} INFO - Processing /home/airflow/.local/lib/python3.8/site-packages/airflow/example_dags/example_sensors.py took 1.106 seconds
[2025-11-06T06:46:33.842+0000] {processor.py:161} INFO - Started process (PID=9756) to work on /home/airflow/.local/lib/python3.8/site-packages/airflow/example_dags/example_sensors.py
[2025-11-06T06:46:33.860+0000] {processor.py:830} INFO - Processing file /home/airflow/.local/lib/python3.8/site-packages/airflow/example_dags/example_sensors.py for tasks to queue
[2025-11-06T06:46:33.892+0000] {logging_mixin.py:188} INFO - [2025-11-06T06:46:33.890+0000] {dagbag.py:538} INFO - Filling up the DagBag from /home/airflow/.local/lib/python3.8/site-packages/airflow/example_dags/example_sensors.py
[2025-11-06T06:46:34.007+0000] {processor.py:840} INFO - DAG(s) 'example_sensors' retrieved from /home/airflow/.local/lib/python3.8/site-packages/airflow/example_dags/example_sensors.py
[2025-11-06T06:46:34.305+0000] {logging_mixin.py:188} INFO - [2025-11-06T06:46:34.303+0000] {dag.py:3036} INFO - Sync 1 DAGs
[2025-11-06T06:46:35.226+0000] {logging_mixin.py:188} INFO - [2025-11-06T06:46:35.225+0000] {dag.py:3823} INFO - Setting next_dagrun for example_sensors to None, run_after=None
[2025-11-06T06:46:35.523+0000] {processor.py:183} INFO - Processing /home/airflow/.local/lib/python3.8/site-packages/airflow/example_dags/example_sensors.py took 1.709 seconds
[2025-11-06T06:47:05.990+0000] {processor.py:161} INFO - Started process (PID=9810) to work on /home/airflow/.local/lib/python3.8/site-packages/airflow/example_dags/example_sensors.py
[2025-11-06T06:47:05.996+0000] {processor.py:830} INFO - Processing file /home/airflow/.local/lib/python3.8/site-packages/airflow/example_dags/example_sensors.py for tasks to queue
[2025-11-06T06:47:06.003+0000] {logging_mixin.py:188} INFO - [2025-11-06T06:47:06.002+0000] {dagbag.py:538} INFO - Filling up the DagBag from /home/airflow/.local/lib/python3.8/site-packages/airflow/example_dags/example_sensors.py
[2025-11-06T06:47:06.049+0000] {processor.py:840} INFO - DAG(s) 'example_sensors' retrieved from /home/airflow/.local/lib/python3.8/site-packages/airflow/example_dags/example_sensors.py
[2025-11-06T06:47:06.183+0000] {logging_mixin.py:188} INFO - [2025-11-06T06:47:06.182+0000] {dag.py:3036} INFO - Sync 1 DAGs
[2025-11-06T06:47:06.260+0000] {logging_mixin.py:188} INFO - [2025-11-06T06:47:06.258+0000] {dag.py:3823} INFO - Setting next_dagrun for example_sensors to None, run_after=None
[2025-11-06T06:47:06.335+0000] {processor.py:183} INFO - Processing /home/airflow/.local/lib/python3.8/site-packages/airflow/example_dags/example_sensors.py took 0.357 seconds
[2025-11-06T06:47:36.725+0000] {processor.py:161} INFO - Started process (PID=9866) to work on /home/airflow/.local/lib/python3.8/site-packages/airflow/example_dags/example_sensors.py
[2025-11-06T06:47:36.731+0000] {processor.py:830} INFO - Processing file /home/airflow/.local/lib/python3.8/site-packages/airflow/example_dags/example_sensors.py for tasks to queue
[2025-11-06T06:47:36.748+0000] {logging_mixin.py:188} INFO - [2025-11-06T06:47:36.741+0000] {dagbag.py:538} INFO - Filling up the DagBag from /home/airflow/.local/lib/python3.8/site-packages/airflow/example_dags/example_sensors.py
[2025-11-06T06:47:36.810+0000] {processor.py:840} INFO - DAG(s) 'example_sensors' retrieved from /home/airflow/.local/lib/python3.8/site-packages/airflow/example_dags/example_sensors.py
[2025-11-06T06:47:37.036+0000] {logging_mixin.py:188} INFO - [2025-11-06T06:47:37.035+0000] {dag.py:3036} INFO - Sync 1 DAGs
[2025-11-06T06:47:37.131+0000] {logging_mixin.py:188} INFO - [2025-11-06T06:47:37.131+0000] {dag.py:3823} INFO - Setting next_dagrun for example_sensors to None, run_after=None
[2025-11-06T06:47:37.225+0000] {processor.py:183} INFO - Processing /home/airflow/.local/lib/python3.8/site-packages/airflow/example_dags/example_sensors.py took 0.519 seconds
[2025-11-06T06:48:07.421+0000] {processor.py:161} INFO - Started process (PID=9921) to work on /home/airflow/.local/lib/python3.8/site-packages/airflow/example_dags/example_sensors.py
[2025-11-06T06:48:07.424+0000] {processor.py:830} INFO - Processing file /home/airflow/.local/lib/python3.8/site-packages/airflow/example_dags/example_sensors.py for tasks to queue
[2025-11-06T06:48:07.428+0000] {logging_mixin.py:188} INFO - [2025-11-06T06:48:07.428+0000] {dagbag.py:538} INFO - Filling up the DagBag from /home/airflow/.local/lib/python3.8/site-packages/airflow/example_dags/example_sensors.py
[2025-11-06T06:48:07.459+0000] {processor.py:840} INFO - DAG(s) 'example_sensors' retrieved from /home/airflow/.local/lib/python3.8/site-packages/airflow/example_dags/example_sensors.py
[2025-11-06T06:48:07.557+0000] {logging_mixin.py:188} INFO - [2025-11-06T06:48:07.556+0000] {dag.py:3036} INFO - Sync 1 DAGs
[2025-11-06T06:48:07.606+0000] {logging_mixin.py:188} INFO - [2025-11-06T06:48:07.606+0000] {dag.py:3823} INFO - Setting next_dagrun for example_sensors to None, run_after=None
[2025-11-06T06:48:07.685+0000] {processor.py:183} INFO - Processing /home/airflow/.local/lib/python3.8/site-packages/airflow/example_dags/example_sensors.py took 0.272 seconds
[2025-11-06T06:48:37.950+0000] {processor.py:161} INFO - Started process (PID=9975) to work on /home/airflow/.local/lib/python3.8/site-packages/airflow/example_dags/example_sensors.py
[2025-11-06T06:48:37.956+0000] {processor.py:830} INFO - Processing file /home/airflow/.local/lib/python3.8/site-packages/airflow/example_dags/example_sensors.py for tasks to queue
[2025-11-06T06:48:37.965+0000] {logging_mixin.py:188} INFO - [2025-11-06T06:48:37.964+0000] {dagbag.py:538} INFO - Filling up the DagBag from /home/airflow/.local/lib/python3.8/site-packages/airflow/example_dags/example_sensors.py
[2025-11-06T06:48:38.035+0000] {processor.py:840} INFO - DAG(s) 'example_sensors' retrieved from /home/airflow/.local/lib/python3.8/site-packages/airflow/example_dags/example_sensors.py
[2025-11-06T06:48:38.221+0000] {logging_mixin.py:188} INFO - [2025-11-06T06:48:38.220+0000] {dag.py:3036} INFO - Sync 1 DAGs
[2025-11-06T06:48:38.285+0000] {logging_mixin.py:188} INFO - [2025-11-06T06:48:38.284+0000] {dag.py:3823} INFO - Setting next_dagrun for example_sensors to None, run_after=None
[2025-11-06T06:48:38.398+0000] {processor.py:183} INFO - Processing /home/airflow/.local/lib/python3.8/site-packages/airflow/example_dags/example_sensors.py took 0.476 seconds
[2025-11-06T06:49:08.967+0000] {processor.py:161} INFO - Started process (PID=10030) to work on /home/airflow/.local/lib/python3.8/site-packages/airflow/example_dags/example_sensors.py
[2025-11-06T06:49:08.971+0000] {processor.py:830} INFO - Processing file /home/airflow/.local/lib/python3.8/site-packages/airflow/example_dags/example_sensors.py for tasks to queue
[2025-11-06T06:49:08.977+0000] {logging_mixin.py:188} INFO - [2025-11-06T06:49:08.976+0000] {dagbag.py:538} INFO - Filling up the DagBag from /home/airflow/.local/lib/python3.8/site-packages/airflow/example_dags/example_sensors.py
[2025-11-06T06:49:09.005+0000] {processor.py:840} INFO - DAG(s) 'example_sensors' retrieved from /home/airflow/.local/lib/python3.8/site-packages/airflow/example_dags/example_sensors.py
[2025-11-06T06:49:09.065+0000] {logging_mixin.py:188} INFO - [2025-11-06T06:49:09.065+0000] {dag.py:3036} INFO - Sync 1 DAGs
[2025-11-06T06:49:09.104+0000] {logging_mixin.py:188} INFO - [2025-11-06T06:49:09.103+0000] {dag.py:3823} INFO - Setting next_dagrun for example_sensors to None, run_after=None
[2025-11-06T06:49:09.162+0000] {processor.py:183} INFO - Processing /home/airflow/.local/lib/python3.8/site-packages/airflow/example_dags/example_sensors.py took 0.203 seconds
[2025-11-06T06:49:39.390+0000] {processor.py:161} INFO - Started process (PID=10085) to work on /home/airflow/.local/lib/python3.8/site-packages/airflow/example_dags/example_sensors.py
[2025-11-06T06:49:39.394+0000] {processor.py:830} INFO - Processing file /home/airflow/.local/lib/python3.8/site-packages/airflow/example_dags/example_sensors.py for tasks to queue
[2025-11-06T06:49:39.399+0000] {logging_mixin.py:188} INFO - [2025-11-06T06:49:39.398+0000] {dagbag.py:538} INFO - Filling up the DagBag from /home/airflow/.local/lib/python3.8/site-packages/airflow/example_dags/example_sensors.py
[2025-11-06T06:49:39.433+0000] {processor.py:840} INFO - DAG(s) 'example_sensors' retrieved from /home/airflow/.local/lib/python3.8/site-packages/airflow/example_dags/example_sensors.py
[2025-11-06T06:49:39.501+0000] {logging_mixin.py:188} INFO - [2025-11-06T06:49:39.500+0000] {dag.py:3036} INFO - Sync 1 DAGs
[2025-11-06T06:49:39.531+0000] {logging_mixin.py:188} INFO - [2025-11-06T06:49:39.531+0000] {dag.py:3823} INFO - Setting next_dagrun for example_sensors to None, run_after=None
[2025-11-06T06:49:39.584+0000] {processor.py:183} INFO - Processing /home/airflow/.local/lib/python3.8/site-packages/airflow/example_dags/example_sensors.py took 0.204 seconds
[2025-11-06T06:50:09.866+0000] {processor.py:161} INFO - Started process (PID=10140) to work on /home/airflow/.local/lib/python3.8/site-packages/airflow/example_dags/example_sensors.py
[2025-11-06T06:50:09.870+0000] {processor.py:830} INFO - Processing file /home/airflow/.local/lib/python3.8/site-packages/airflow/example_dags/example_sensors.py for tasks to queue
[2025-11-06T06:50:09.877+0000] {logging_mixin.py:188} INFO - [2025-11-06T06:50:09.876+0000] {dagbag.py:538} INFO - Filling up the DagBag from /home/airflow/.local/lib/python3.8/site-packages/airflow/example_dags/example_sensors.py
[2025-11-06T06:50:09.908+0000] {processor.py:840} INFO - DAG(s) 'example_sensors' retrieved from /home/airflow/.local/lib/python3.8/site-packages/airflow/example_dags/example_sensors.py
[2025-11-06T06:50:09.968+0000] {logging_mixin.py:188} INFO - [2025-11-06T06:50:09.967+0000] {dag.py:3036} INFO - Sync 1 DAGs
[2025-11-06T06:50:09.993+0000] {logging_mixin.py:188} INFO - [2025-11-06T06:50:09.992+0000] {dag.py:3823} INFO - Setting next_dagrun for example_sensors to None, run_after=None
[2025-11-06T06:50:10.043+0000] {processor.py:183} INFO - Processing /home/airflow/.local/lib/python3.8/site-packages/airflow/example_dags/example_sensors.py took 0.189 seconds
[2025-11-06T06:50:40.377+0000] {processor.py:161} INFO - Started process (PID=10195) to work on /home/airflow/.local/lib/python3.8/site-packages/airflow/example_dags/example_sensors.py
[2025-11-06T06:50:40.385+0000] {processor.py:830} INFO - Processing file /home/airflow/.local/lib/python3.8/site-packages/airflow/example_dags/example_sensors.py for tasks to queue
[2025-11-06T06:50:40.409+0000] {logging_mixin.py:188} INFO - [2025-11-06T06:50:40.406+0000] {dagbag.py:538} INFO - Filling up the DagBag from /home/airflow/.local/lib/python3.8/site-packages/airflow/example_dags/example_sensors.py
[2025-11-06T06:50:40.486+0000] {processor.py:840} INFO - DAG(s) 'example_sensors' retrieved from /home/airflow/.local/lib/python3.8/site-packages/airflow/example_dags/example_sensors.py
[2025-11-06T06:50:40.615+0000] {logging_mixin.py:188} INFO - [2025-11-06T06:50:40.614+0000] {dag.py:3036} INFO - Sync 1 DAGs
[2025-11-06T06:50:40.658+0000] {logging_mixin.py:188} INFO - [2025-11-06T06:50:40.657+0000] {dag.py:3823} INFO - Setting next_dagrun for example_sensors to None, run_after=None
[2025-11-06T06:50:40.725+0000] {processor.py:183} INFO - Processing /home/airflow/.local/lib/python3.8/site-packages/airflow/example_dags/example_sensors.py took 0.418 seconds
[2025-11-06T06:51:11.611+0000] {processor.py:161} INFO - Started process (PID=10250) to work on /home/airflow/.local/lib/python3.8/site-packages/airflow/example_dags/example_sensors.py
[2025-11-06T06:51:11.614+0000] {processor.py:830} INFO - Processing file /home/airflow/.local/lib/python3.8/site-packages/airflow/example_dags/example_sensors.py for tasks to queue
[2025-11-06T06:51:11.627+0000] {logging_mixin.py:188} INFO - [2025-11-06T06:51:11.625+0000] {dagbag.py:538} INFO - Filling up the DagBag from /home/airflow/.local/lib/python3.8/site-packages/airflow/example_dags/example_sensors.py
[2025-11-06T06:51:11.685+0000] {processor.py:840} INFO - DAG(s) 'example_sensors' retrieved from /home/airflow/.local/lib/python3.8/site-packages/airflow/example_dags/example_sensors.py
[2025-11-06T06:51:11.840+0000] {logging_mixin.py:188} INFO - [2025-11-06T06:51:11.839+0000] {dag.py:3036} INFO - Sync 1 DAGs
[2025-11-06T06:51:11.924+0000] {logging_mixin.py:188} INFO - [2025-11-06T06:51:11.923+0000] {dag.py:3823} INFO - Setting next_dagrun for example_sensors to None, run_after=None
[2025-11-06T06:51:12.077+0000] {processor.py:183} INFO - Processing /home/airflow/.local/lib/python3.8/site-packages/airflow/example_dags/example_sensors.py took 0.495 seconds
[2025-11-06T06:51:44.325+0000] {processor.py:161} INFO - Started process (PID=10303) to work on /home/airflow/.local/lib/python3.8/site-packages/airflow/example_dags/example_sensors.py
[2025-11-06T06:51:44.329+0000] {processor.py:830} INFO - Processing file /home/airflow/.local/lib/python3.8/site-packages/airflow/example_dags/example_sensors.py for tasks to queue
[2025-11-06T06:51:44.341+0000] {logging_mixin.py:188} INFO - [2025-11-06T06:51:44.339+0000] {dagbag.py:538} INFO - Filling up the DagBag from /home/airflow/.local/lib/python3.8/site-packages/airflow/example_dags/example_sensors.py
[2025-11-06T06:51:44.386+0000] {processor.py:840} INFO - DAG(s) 'example_sensors' retrieved from /home/airflow/.local/lib/python3.8/site-packages/airflow/example_dags/example_sensors.py
[2025-11-06T06:51:44.551+0000] {logging_mixin.py:188} INFO - [2025-11-06T06:51:44.550+0000] {dag.py:3036} INFO - Sync 1 DAGs
[2025-11-06T06:51:44.616+0000] {logging_mixin.py:188} INFO - [2025-11-06T06:51:44.615+0000] {dag.py:3823} INFO - Setting next_dagrun for example_sensors to None, run_after=None
[2025-11-06T06:51:44.722+0000] {processor.py:183} INFO - Processing /home/airflow/.local/lib/python3.8/site-packages/airflow/example_dags/example_sensors.py took 0.414 seconds
[2025-11-06T06:52:14.972+0000] {processor.py:161} INFO - Started process (PID=10357) to work on /home/airflow/.local/lib/python3.8/site-packages/airflow/example_dags/example_sensors.py
[2025-11-06T06:52:14.974+0000] {processor.py:830} INFO - Processing file /home/airflow/.local/lib/python3.8/site-packages/airflow/example_dags/example_sensors.py for tasks to queue
[2025-11-06T06:52:14.978+0000] {logging_mixin.py:188} INFO - [2025-11-06T06:52:14.977+0000] {dagbag.py:538} INFO - Filling up the DagBag from /home/airflow/.local/lib/python3.8/site-packages/airflow/example_dags/example_sensors.py
[2025-11-06T06:52:14.995+0000] {processor.py:840} INFO - DAG(s) 'example_sensors' retrieved from /home/airflow/.local/lib/python3.8/site-packages/airflow/example_dags/example_sensors.py
[2025-11-06T06:52:15.050+0000] {logging_mixin.py:188} INFO - [2025-11-06T06:52:15.049+0000] {dag.py:3036} INFO - Sync 1 DAGs
[2025-11-06T06:52:15.087+0000] {logging_mixin.py:188} INFO - [2025-11-06T06:52:15.087+0000] {dag.py:3823} INFO - Setting next_dagrun for example_sensors to None, run_after=None
[2025-11-06T06:52:15.143+0000] {processor.py:183} INFO - Processing /home/airflow/.local/lib/python3.8/site-packages/airflow/example_dags/example_sensors.py took 0.178 seconds
[2025-11-06T06:52:45.461+0000] {processor.py:161} INFO - Started process (PID=10410) to work on /home/airflow/.local/lib/python3.8/site-packages/airflow/example_dags/example_sensors.py
[2025-11-06T06:52:45.464+0000] {processor.py:830} INFO - Processing file /home/airflow/.local/lib/python3.8/site-packages/airflow/example_dags/example_sensors.py for tasks to queue
[2025-11-06T06:52:45.470+0000] {logging_mixin.py:188} INFO - [2025-11-06T06:52:45.469+0000] {dagbag.py:538} INFO - Filling up the DagBag from /home/airflow/.local/lib/python3.8/site-packages/airflow/example_dags/example_sensors.py
[2025-11-06T06:52:45.503+0000] {processor.py:840} INFO - DAG(s) 'example_sensors' retrieved from /home/airflow/.local/lib/python3.8/site-packages/airflow/example_dags/example_sensors.py
[2025-11-06T06:52:45.617+0000] {logging_mixin.py:188} INFO - [2025-11-06T06:52:45.616+0000] {dag.py:3036} INFO - Sync 1 DAGs
[2025-11-06T06:52:45.671+0000] {logging_mixin.py:188} INFO - [2025-11-06T06:52:45.671+0000] {dag.py:3823} INFO - Setting next_dagrun for example_sensors to None, run_after=None
[2025-11-06T06:52:45.763+0000] {processor.py:183} INFO - Processing /home/airflow/.local/lib/python3.8/site-packages/airflow/example_dags/example_sensors.py took 0.312 seconds
[2025-11-06T06:53:16.102+0000] {processor.py:161} INFO - Started process (PID=10464) to work on /home/airflow/.local/lib/python3.8/site-packages/airflow/example_dags/example_sensors.py
[2025-11-06T06:53:16.106+0000] {processor.py:830} INFO - Processing file /home/airflow/.local/lib/python3.8/site-packages/airflow/example_dags/example_sensors.py for tasks to queue
[2025-11-06T06:53:16.112+0000] {logging_mixin.py:188} INFO - [2025-11-06T06:53:16.111+0000] {dagbag.py:538} INFO - Filling up the DagBag from /home/airflow/.local/lib/python3.8/site-packages/airflow/example_dags/example_sensors.py
[2025-11-06T06:53:16.146+0000] {processor.py:840} INFO - DAG(s) 'example_sensors' retrieved from /home/airflow/.local/lib/python3.8/site-packages/airflow/example_dags/example_sensors.py
[2025-11-06T06:53:16.261+0000] {logging_mixin.py:188} INFO - [2025-11-06T06:53:16.261+0000] {dag.py:3036} INFO - Sync 1 DAGs
[2025-11-06T06:53:16.304+0000] {logging_mixin.py:188} INFO - [2025-11-06T06:53:16.303+0000] {dag.py:3823} INFO - Setting next_dagrun for example_sensors to None, run_after=None
[2025-11-06T06:53:16.386+0000] {processor.py:183} INFO - Processing /home/airflow/.local/lib/python3.8/site-packages/airflow/example_dags/example_sensors.py took 0.294 seconds
[2025-11-06T06:53:46.735+0000] {processor.py:161} INFO - Started process (PID=10517) to work on /home/airflow/.local/lib/python3.8/site-packages/airflow/example_dags/example_sensors.py
[2025-11-06T06:53:46.737+0000] {processor.py:830} INFO - Processing file /home/airflow/.local/lib/python3.8/site-packages/airflow/example_dags/example_sensors.py for tasks to queue
[2025-11-06T06:53:46.741+0000] {logging_mixin.py:188} INFO - [2025-11-06T06:53:46.741+0000] {dagbag.py:538} INFO - Filling up the DagBag from /home/airflow/.local/lib/python3.8/site-packages/airflow/example_dags/example_sensors.py
[2025-11-06T06:53:46.755+0000] {processor.py:840} INFO - DAG(s) 'example_sensors' retrieved from /home/airflow/.local/lib/python3.8/site-packages/airflow/example_dags/example_sensors.py
[2025-11-06T06:53:46.802+0000] {logging_mixin.py:188} INFO - [2025-11-06T06:53:46.801+0000] {dag.py:3036} INFO - Sync 1 DAGs
[2025-11-06T06:53:46.842+0000] {logging_mixin.py:188} INFO - [2025-11-06T06:53:46.842+0000] {dag.py:3823} INFO - Setting next_dagrun for example_sensors to None, run_after=None
[2025-11-06T06:53:46.873+0000] {processor.py:183} INFO - Processing /home/airflow/.local/lib/python3.8/site-packages/airflow/example_dags/example_sensors.py took 0.144 seconds
[2025-11-06T06:54:17.745+0000] {processor.py:161} INFO - Started process (PID=10572) to work on /home/airflow/.local/lib/python3.8/site-packages/airflow/example_dags/example_sensors.py
[2025-11-06T06:54:17.748+0000] {processor.py:830} INFO - Processing file /home/airflow/.local/lib/python3.8/site-packages/airflow/example_dags/example_sensors.py for tasks to queue
[2025-11-06T06:54:17.752+0000] {logging_mixin.py:188} INFO - [2025-11-06T06:54:17.752+0000] {dagbag.py:538} INFO - Filling up the DagBag from /home/airflow/.local/lib/python3.8/site-packages/airflow/example_dags/example_sensors.py
[2025-11-06T06:54:17.777+0000] {processor.py:840} INFO - DAG(s) 'example_sensors' retrieved from /home/airflow/.local/lib/python3.8/site-packages/airflow/example_dags/example_sensors.py
[2025-11-06T06:54:17.844+0000] {logging_mixin.py:188} INFO - [2025-11-06T06:54:17.843+0000] {dag.py:3036} INFO - Sync 1 DAGs
[2025-11-06T06:54:17.877+0000] {logging_mixin.py:188} INFO - [2025-11-06T06:54:17.876+0000] {dag.py:3823} INFO - Setting next_dagrun for example_sensors to None, run_after=None
[2025-11-06T06:54:17.986+0000] {processor.py:183} INFO - Processing /home/airflow/.local/lib/python3.8/site-packages/airflow/example_dags/example_sensors.py took 0.253 seconds
[2025-11-06T06:54:48.951+0000] {processor.py:161} INFO - Started process (PID=10627) to work on /home/airflow/.local/lib/python3.8/site-packages/airflow/example_dags/example_sensors.py
[2025-11-06T06:54:48.953+0000] {processor.py:830} INFO - Processing file /home/airflow/.local/lib/python3.8/site-packages/airflow/example_dags/example_sensors.py for tasks to queue
[2025-11-06T06:54:48.956+0000] {logging_mixin.py:188} INFO - [2025-11-06T06:54:48.956+0000] {dagbag.py:538} INFO - Filling up the DagBag from /home/airflow/.local/lib/python3.8/site-packages/airflow/example_dags/example_sensors.py
[2025-11-06T06:54:48.968+0000] {processor.py:840} INFO - DAG(s) 'example_sensors' retrieved from /home/airflow/.local/lib/python3.8/site-packages/airflow/example_dags/example_sensors.py
[2025-11-06T06:54:49.004+0000] {logging_mixin.py:188} INFO - [2025-11-06T06:54:49.004+0000] {dag.py:3036} INFO - Sync 1 DAGs
[2025-11-06T06:54:49.027+0000] {logging_mixin.py:188} INFO - [2025-11-06T06:54:49.027+0000] {dag.py:3823} INFO - Setting next_dagrun for example_sensors to None, run_after=None
[2025-11-06T06:54:49.065+0000] {processor.py:183} INFO - Processing /home/airflow/.local/lib/python3.8/site-packages/airflow/example_dags/example_sensors.py took 0.121 seconds
[2025-11-06T06:55:19.207+0000] {processor.py:161} INFO - Started process (PID=10682) to work on /home/airflow/.local/lib/python3.8/site-packages/airflow/example_dags/example_sensors.py
[2025-11-06T06:55:19.208+0000] {processor.py:830} INFO - Processing file /home/airflow/.local/lib/python3.8/site-packages/airflow/example_dags/example_sensors.py for tasks to queue
[2025-11-06T06:55:19.212+0000] {logging_mixin.py:188} INFO - [2025-11-06T06:55:19.211+0000] {dagbag.py:538} INFO - Filling up the DagBag from /home/airflow/.local/lib/python3.8/site-packages/airflow/example_dags/example_sensors.py
[2025-11-06T06:55:19.231+0000] {processor.py:840} INFO - DAG(s) 'example_sensors' retrieved from /home/airflow/.local/lib/python3.8/site-packages/airflow/example_dags/example_sensors.py
[2025-11-06T06:55:19.276+0000] {logging_mixin.py:188} INFO - [2025-11-06T06:55:19.275+0000] {dag.py:3036} INFO - Sync 1 DAGs
[2025-11-06T06:55:19.298+0000] {logging_mixin.py:188} INFO - [2025-11-06T06:55:19.298+0000] {dag.py:3823} INFO - Setting next_dagrun for example_sensors to None, run_after=None
[2025-11-06T06:55:19.331+0000] {processor.py:183} INFO - Processing /home/airflow/.local/lib/python3.8/site-packages/airflow/example_dags/example_sensors.py took 0.130 seconds
[2025-11-06T06:55:49.396+0000] {processor.py:161} INFO - Started process (PID=10737) to work on /home/airflow/.local/lib/python3.8/site-packages/airflow/example_dags/example_sensors.py
[2025-11-06T06:55:49.397+0000] {processor.py:830} INFO - Processing file /home/airflow/.local/lib/python3.8/site-packages/airflow/example_dags/example_sensors.py for tasks to queue
[2025-11-06T06:55:49.401+0000] {logging_mixin.py:188} INFO - [2025-11-06T06:55:49.400+0000] {dagbag.py:538} INFO - Filling up the DagBag from /home/airflow/.local/lib/python3.8/site-packages/airflow/example_dags/example_sensors.py
[2025-11-06T06:55:49.412+0000] {processor.py:840} INFO - DAG(s) 'example_sensors' retrieved from /home/airflow/.local/lib/python3.8/site-packages/airflow/example_dags/example_sensors.py
[2025-11-06T06:55:49.444+0000] {logging_mixin.py:188} INFO - [2025-11-06T06:55:49.444+0000] {dag.py:3036} INFO - Sync 1 DAGs
[2025-11-06T06:55:49.460+0000] {logging_mixin.py:188} INFO - [2025-11-06T06:55:49.459+0000] {dag.py:3823} INFO - Setting next_dagrun for example_sensors to None, run_after=None
[2025-11-06T06:55:49.486+0000] {processor.py:183} INFO - Processing /home/airflow/.local/lib/python3.8/site-packages/airflow/example_dags/example_sensors.py took 0.096 seconds
[2025-11-06T06:56:19.805+0000] {processor.py:161} INFO - Started process (PID=10792) to work on /home/airflow/.local/lib/python3.8/site-packages/airflow/example_dags/example_sensors.py
[2025-11-06T06:56:19.808+0000] {processor.py:830} INFO - Processing file /home/airflow/.local/lib/python3.8/site-packages/airflow/example_dags/example_sensors.py for tasks to queue
[2025-11-06T06:56:19.812+0000] {logging_mixin.py:188} INFO - [2025-11-06T06:56:19.811+0000] {dagbag.py:538} INFO - Filling up the DagBag from /home/airflow/.local/lib/python3.8/site-packages/airflow/example_dags/example_sensors.py
[2025-11-06T06:56:19.833+0000] {processor.py:840} INFO - DAG(s) 'example_sensors' retrieved from /home/airflow/.local/lib/python3.8/site-packages/airflow/example_dags/example_sensors.py
[2025-11-06T06:56:19.878+0000] {logging_mixin.py:188} INFO - [2025-11-06T06:56:19.878+0000] {dag.py:3036} INFO - Sync 1 DAGs
[2025-11-06T06:56:19.900+0000] {logging_mixin.py:188} INFO - [2025-11-06T06:56:19.900+0000] {dag.py:3823} INFO - Setting next_dagrun for example_sensors to None, run_after=None
[2025-11-06T06:56:19.937+0000] {processor.py:183} INFO - Processing /home/airflow/.local/lib/python3.8/site-packages/airflow/example_dags/example_sensors.py took 0.141 seconds
[2025-11-06T06:56:50.697+0000] {processor.py:161} INFO - Started process (PID=10847) to work on /home/airflow/.local/lib/python3.8/site-packages/airflow/example_dags/example_sensors.py
[2025-11-06T06:56:50.700+0000] {processor.py:830} INFO - Processing file /home/airflow/.local/lib/python3.8/site-packages/airflow/example_dags/example_sensors.py for tasks to queue
[2025-11-06T06:56:50.706+0000] {logging_mixin.py:188} INFO - [2025-11-06T06:56:50.705+0000] {dagbag.py:538} INFO - Filling up the DagBag from /home/airflow/.local/lib/python3.8/site-packages/airflow/example_dags/example_sensors.py
[2025-11-06T06:56:50.789+0000] {processor.py:840} INFO - DAG(s) 'example_sensors' retrieved from /home/airflow/.local/lib/python3.8/site-packages/airflow/example_dags/example_sensors.py
[2025-11-06T06:56:50.988+0000] {logging_mixin.py:188} INFO - [2025-11-06T06:56:50.985+0000] {dag.py:3036} INFO - Sync 1 DAGs
[2025-11-06T06:56:51.041+0000] {logging_mixin.py:188} INFO - [2025-11-06T06:56:51.040+0000] {dag.py:3823} INFO - Setting next_dagrun for example_sensors to None, run_after=None
[2025-11-06T06:56:51.149+0000] {processor.py:183} INFO - Processing /home/airflow/.local/lib/python3.8/site-packages/airflow/example_dags/example_sensors.py took 0.469 seconds
[2025-11-06T06:57:21.307+0000] {processor.py:161} INFO - Started process (PID=10901) to work on /home/airflow/.local/lib/python3.8/site-packages/airflow/example_dags/example_sensors.py
[2025-11-06T06:57:21.309+0000] {processor.py:830} INFO - Processing file /home/airflow/.local/lib/python3.8/site-packages/airflow/example_dags/example_sensors.py for tasks to queue
[2025-11-06T06:57:21.312+0000] {logging_mixin.py:188} INFO - [2025-11-06T06:57:21.311+0000] {dagbag.py:538} INFO - Filling up the DagBag from /home/airflow/.local/lib/python3.8/site-packages/airflow/example_dags/example_sensors.py
[2025-11-06T06:57:21.326+0000] {processor.py:840} INFO - DAG(s) 'example_sensors' retrieved from /home/airflow/.local/lib/python3.8/site-packages/airflow/example_dags/example_sensors.py
[2025-11-06T06:57:21.362+0000] {logging_mixin.py:188} INFO - [2025-11-06T06:57:21.361+0000] {dag.py:3036} INFO - Sync 1 DAGs
[2025-11-06T06:57:21.381+0000] {logging_mixin.py:188} INFO - [2025-11-06T06:57:21.381+0000] {dag.py:3823} INFO - Setting next_dagrun for example_sensors to None, run_after=None
[2025-11-06T06:57:21.411+0000] {processor.py:183} INFO - Processing /home/airflow/.local/lib/python3.8/site-packages/airflow/example_dags/example_sensors.py took 0.110 seconds
[2025-11-06T06:57:52.024+0000] {processor.py:161} INFO - Started process (PID=10956) to work on /home/airflow/.local/lib/python3.8/site-packages/airflow/example_dags/example_sensors.py
[2025-11-06T06:57:52.027+0000] {processor.py:830} INFO - Processing file /home/airflow/.local/lib/python3.8/site-packages/airflow/example_dags/example_sensors.py for tasks to queue
[2025-11-06T06:57:52.032+0000] {logging_mixin.py:188} INFO - [2025-11-06T06:57:52.031+0000] {dagbag.py:538} INFO - Filling up the DagBag from /home/airflow/.local/lib/python3.8/site-packages/airflow/example_dags/example_sensors.py
[2025-11-06T06:57:52.059+0000] {processor.py:840} INFO - DAG(s) 'example_sensors' retrieved from /home/airflow/.local/lib/python3.8/site-packages/airflow/example_dags/example_sensors.py
[2025-11-06T06:57:52.128+0000] {logging_mixin.py:188} INFO - [2025-11-06T06:57:52.127+0000] {dag.py:3036} INFO - Sync 1 DAGs
[2025-11-06T06:57:52.166+0000] {logging_mixin.py:188} INFO - [2025-11-06T06:57:52.165+0000] {dag.py:3823} INFO - Setting next_dagrun for example_sensors to None, run_after=None
[2025-11-06T06:57:52.215+0000] {processor.py:183} INFO - Processing /home/airflow/.local/lib/python3.8/site-packages/airflow/example_dags/example_sensors.py took 0.202 seconds
[2025-11-06T06:58:22.364+0000] {processor.py:161} INFO - Started process (PID=11012) to work on /home/airflow/.local/lib/python3.8/site-packages/airflow/example_dags/example_sensors.py
[2025-11-06T06:58:22.366+0000] {processor.py:830} INFO - Processing file /home/airflow/.local/lib/python3.8/site-packages/airflow/example_dags/example_sensors.py for tasks to queue
[2025-11-06T06:58:22.370+0000] {logging_mixin.py:188} INFO - [2025-11-06T06:58:22.369+0000] {dagbag.py:538} INFO - Filling up the DagBag from /home/airflow/.local/lib/python3.8/site-packages/airflow/example_dags/example_sensors.py
[2025-11-06T06:58:22.386+0000] {processor.py:840} INFO - DAG(s) 'example_sensors' retrieved from /home/airflow/.local/lib/python3.8/site-packages/airflow/example_dags/example_sensors.py
[2025-11-06T06:58:22.422+0000] {logging_mixin.py:188} INFO - [2025-11-06T06:58:22.422+0000] {dag.py:3036} INFO - Sync 1 DAGs
[2025-11-06T06:58:22.437+0000] {logging_mixin.py:188} INFO - [2025-11-06T06:58:22.436+0000] {dag.py:3823} INFO - Setting next_dagrun for example_sensors to None, run_after=None
[2025-11-06T06:58:22.461+0000] {processor.py:183} INFO - Processing /home/airflow/.local/lib/python3.8/site-packages/airflow/example_dags/example_sensors.py took 0.103 seconds
[2025-11-06T06:58:52.664+0000] {processor.py:161} INFO - Started process (PID=11067) to work on /home/airflow/.local/lib/python3.8/site-packages/airflow/example_dags/example_sensors.py
[2025-11-06T06:58:52.671+0000] {processor.py:830} INFO - Processing file /home/airflow/.local/lib/python3.8/site-packages/airflow/example_dags/example_sensors.py for tasks to queue
[2025-11-06T06:58:52.685+0000] {logging_mixin.py:188} INFO - [2025-11-06T06:58:52.684+0000] {dagbag.py:538} INFO - Filling up the DagBag from /home/airflow/.local/lib/python3.8/site-packages/airflow/example_dags/example_sensors.py
[2025-11-06T06:58:52.745+0000] {processor.py:840} INFO - DAG(s) 'example_sensors' retrieved from /home/airflow/.local/lib/python3.8/site-packages/airflow/example_dags/example_sensors.py
[2025-11-06T06:58:52.880+0000] {logging_mixin.py:188} INFO - [2025-11-06T06:58:52.879+0000] {dag.py:3036} INFO - Sync 1 DAGs
[2025-11-06T06:58:52.937+0000] {logging_mixin.py:188} INFO - [2025-11-06T06:58:52.937+0000] {dag.py:3823} INFO - Setting next_dagrun for example_sensors to None, run_after=None
[2025-11-06T06:58:53.047+0000] {processor.py:183} INFO - Processing /home/airflow/.local/lib/python3.8/site-packages/airflow/example_dags/example_sensors.py took 0.400 seconds
[2025-11-06T06:59:23.229+0000] {processor.py:161} INFO - Started process (PID=11128) to work on /home/airflow/.local/lib/python3.8/site-packages/airflow/example_dags/example_sensors.py
[2025-11-06T06:59:23.231+0000] {processor.py:830} INFO - Processing file /home/airflow/.local/lib/python3.8/site-packages/airflow/example_dags/example_sensors.py for tasks to queue
[2025-11-06T06:59:23.235+0000] {logging_mixin.py:188} INFO - [2025-11-06T06:59:23.234+0000] {dagbag.py:538} INFO - Filling up the DagBag from /home/airflow/.local/lib/python3.8/site-packages/airflow/example_dags/example_sensors.py
[2025-11-06T06:59:23.256+0000] {processor.py:840} INFO - DAG(s) 'example_sensors' retrieved from /home/airflow/.local/lib/python3.8/site-packages/airflow/example_dags/example_sensors.py
[2025-11-06T06:59:23.309+0000] {logging_mixin.py:188} INFO - [2025-11-06T06:59:23.308+0000] {dag.py:3036} INFO - Sync 1 DAGs
[2025-11-06T06:59:23.343+0000] {logging_mixin.py:188} INFO - [2025-11-06T06:59:23.343+0000] {dag.py:3823} INFO - Setting next_dagrun for example_sensors to None, run_after=None
[2025-11-06T06:59:23.395+0000] {processor.py:183} INFO - Processing /home/airflow/.local/lib/python3.8/site-packages/airflow/example_dags/example_sensors.py took 0.174 seconds
[2025-11-06T06:59:53.884+0000] {processor.py:161} INFO - Started process (PID=11183) to work on /home/airflow/.local/lib/python3.8/site-packages/airflow/example_dags/example_sensors.py
[2025-11-06T06:59:53.887+0000] {processor.py:830} INFO - Processing file /home/airflow/.local/lib/python3.8/site-packages/airflow/example_dags/example_sensors.py for tasks to queue
[2025-11-06T06:59:53.895+0000] {logging_mixin.py:188} INFO - [2025-11-06T06:59:53.894+0000] {dagbag.py:538} INFO - Filling up the DagBag from /home/airflow/.local/lib/python3.8/site-packages/airflow/example_dags/example_sensors.py
[2025-11-06T06:59:53.931+0000] {processor.py:840} INFO - DAG(s) 'example_sensors' retrieved from /home/airflow/.local/lib/python3.8/site-packages/airflow/example_dags/example_sensors.py
[2025-11-06T06:59:54.021+0000] {logging_mixin.py:188} INFO - [2025-11-06T06:59:54.020+0000] {dag.py:3036} INFO - Sync 1 DAGs
[2025-11-06T06:59:54.100+0000] {logging_mixin.py:188} INFO - [2025-11-06T06:59:54.099+0000] {dag.py:3823} INFO - Setting next_dagrun for example_sensors to None, run_after=None
[2025-11-06T06:59:54.179+0000] {processor.py:183} INFO - Processing /home/airflow/.local/lib/python3.8/site-packages/airflow/example_dags/example_sensors.py took 0.308 seconds
[2025-11-06T07:00:25.119+0000] {processor.py:161} INFO - Started process (PID=11238) to work on /home/airflow/.local/lib/python3.8/site-packages/airflow/example_dags/example_sensors.py
[2025-11-06T07:00:25.122+0000] {processor.py:830} INFO - Processing file /home/airflow/.local/lib/python3.8/site-packages/airflow/example_dags/example_sensors.py for tasks to queue
[2025-11-06T07:00:25.128+0000] {logging_mixin.py:188} INFO - [2025-11-06T07:00:25.127+0000] {dagbag.py:538} INFO - Filling up the DagBag from /home/airflow/.local/lib/python3.8/site-packages/airflow/example_dags/example_sensors.py
[2025-11-06T07:00:25.164+0000] {processor.py:840} INFO - DAG(s) 'example_sensors' retrieved from /home/airflow/.local/lib/python3.8/site-packages/airflow/example_dags/example_sensors.py
[2025-11-06T07:00:25.238+0000] {logging_mixin.py:188} INFO - [2025-11-06T07:00:25.237+0000] {dag.py:3036} INFO - Sync 1 DAGs
[2025-11-06T07:00:25.264+0000] {logging_mixin.py:188} INFO - [2025-11-06T07:00:25.264+0000] {dag.py:3823} INFO - Setting next_dagrun for example_sensors to None, run_after=None
[2025-11-06T07:00:25.309+0000] {processor.py:183} INFO - Processing /home/airflow/.local/lib/python3.8/site-packages/airflow/example_dags/example_sensors.py took 0.202 seconds
[2025-11-06T07:00:55.842+0000] {processor.py:161} INFO - Started process (PID=11293) to work on /home/airflow/.local/lib/python3.8/site-packages/airflow/example_dags/example_sensors.py
[2025-11-06T07:00:55.844+0000] {processor.py:830} INFO - Processing file /home/airflow/.local/lib/python3.8/site-packages/airflow/example_dags/example_sensors.py for tasks to queue
[2025-11-06T07:00:55.847+0000] {logging_mixin.py:188} INFO - [2025-11-06T07:00:55.847+0000] {dagbag.py:538} INFO - Filling up the DagBag from /home/airflow/.local/lib/python3.8/site-packages/airflow/example_dags/example_sensors.py
[2025-11-06T07:00:55.863+0000] {processor.py:840} INFO - DAG(s) 'example_sensors' retrieved from /home/airflow/.local/lib/python3.8/site-packages/airflow/example_dags/example_sensors.py
[2025-11-06T07:00:55.908+0000] {logging_mixin.py:188} INFO - [2025-11-06T07:00:55.907+0000] {dag.py:3036} INFO - Sync 1 DAGs
[2025-11-06T07:00:55.927+0000] {logging_mixin.py:188} INFO - [2025-11-06T07:00:55.927+0000] {dag.py:3823} INFO - Setting next_dagrun for example_sensors to None, run_after=None
[2025-11-06T07:00:55.966+0000] {processor.py:183} INFO - Processing /home/airflow/.local/lib/python3.8/site-packages/airflow/example_dags/example_sensors.py took 0.131 seconds
[2025-11-06T07:01:26.725+0000] {processor.py:161} INFO - Started process (PID=11348) to work on /home/airflow/.local/lib/python3.8/site-packages/airflow/example_dags/example_sensors.py
[2025-11-06T07:01:26.728+0000] {processor.py:830} INFO - Processing file /home/airflow/.local/lib/python3.8/site-packages/airflow/example_dags/example_sensors.py for tasks to queue
[2025-11-06T07:01:26.731+0000] {logging_mixin.py:188} INFO - [2025-11-06T07:01:26.731+0000] {dagbag.py:538} INFO - Filling up the DagBag from /home/airflow/.local/lib/python3.8/site-packages/airflow/example_dags/example_sensors.py
[2025-11-06T07:01:26.748+0000] {processor.py:840} INFO - DAG(s) 'example_sensors' retrieved from /home/airflow/.local/lib/python3.8/site-packages/airflow/example_dags/example_sensors.py
[2025-11-06T07:01:26.826+0000] {logging_mixin.py:188} INFO - [2025-11-06T07:01:26.825+0000] {dag.py:3036} INFO - Sync 1 DAGs
[2025-11-06T07:01:26.851+0000] {logging_mixin.py:188} INFO - [2025-11-06T07:01:26.850+0000] {dag.py:3823} INFO - Setting next_dagrun for example_sensors to None, run_after=None
[2025-11-06T07:01:26.883+0000] {processor.py:183} INFO - Processing /home/airflow/.local/lib/python3.8/site-packages/airflow/example_dags/example_sensors.py took 0.162 seconds
[2025-11-06T07:01:58.584+0000] {processor.py:161} INFO - Started process (PID=11402) to work on /home/airflow/.local/lib/python3.8/site-packages/airflow/example_dags/example_sensors.py
[2025-11-06T07:01:58.596+0000] {processor.py:830} INFO - Processing file /home/airflow/.local/lib/python3.8/site-packages/airflow/example_dags/example_sensors.py for tasks to queue
[2025-11-06T07:01:58.603+0000] {logging_mixin.py:188} INFO - [2025-11-06T07:01:58.602+0000] {dagbag.py:538} INFO - Filling up the DagBag from /home/airflow/.local/lib/python3.8/site-packages/airflow/example_dags/example_sensors.py
[2025-11-06T07:01:58.672+0000] {processor.py:840} INFO - DAG(s) 'example_sensors' retrieved from /home/airflow/.local/lib/python3.8/site-packages/airflow/example_dags/example_sensors.py
[2025-11-06T07:01:58.990+0000] {logging_mixin.py:188} INFO - [2025-11-06T07:01:58.989+0000] {dag.py:3036} INFO - Sync 1 DAGs
[2025-11-06T07:01:59.158+0000] {logging_mixin.py:188} INFO - [2025-11-06T07:01:59.157+0000] {dag.py:3823} INFO - Setting next_dagrun for example_sensors to None, run_after=None
[2025-11-06T07:01:59.299+0000] {processor.py:183} INFO - Processing /home/airflow/.local/lib/python3.8/site-packages/airflow/example_dags/example_sensors.py took 0.732 seconds
[2025-11-06T07:02:29.561+0000] {processor.py:161} INFO - Started process (PID=11456) to work on /home/airflow/.local/lib/python3.8/site-packages/airflow/example_dags/example_sensors.py
[2025-11-06T07:02:29.566+0000] {processor.py:830} INFO - Processing file /home/airflow/.local/lib/python3.8/site-packages/airflow/example_dags/example_sensors.py for tasks to queue
[2025-11-06T07:02:29.575+0000] {logging_mixin.py:188} INFO - [2025-11-06T07:02:29.574+0000] {dagbag.py:538} INFO - Filling up the DagBag from /home/airflow/.local/lib/python3.8/site-packages/airflow/example_dags/example_sensors.py
[2025-11-06T07:02:29.611+0000] {processor.py:840} INFO - DAG(s) 'example_sensors' retrieved from /home/airflow/.local/lib/python3.8/site-packages/airflow/example_dags/example_sensors.py
[2025-11-06T07:02:29.737+0000] {logging_mixin.py:188} INFO - [2025-11-06T07:02:29.736+0000] {dag.py:3036} INFO - Sync 1 DAGs
[2025-11-06T07:02:29.792+0000] {logging_mixin.py:188} INFO - [2025-11-06T07:02:29.790+0000] {dag.py:3823} INFO - Setting next_dagrun for example_sensors to None, run_after=None
[2025-11-06T07:02:29.967+0000] {processor.py:183} INFO - Processing /home/airflow/.local/lib/python3.8/site-packages/airflow/example_dags/example_sensors.py took 0.424 seconds
[2025-11-06T07:03:00.363+0000] {processor.py:161} INFO - Started process (PID=11511) to work on /home/airflow/.local/lib/python3.8/site-packages/airflow/example_dags/example_sensors.py
[2025-11-06T07:03:00.367+0000] {processor.py:830} INFO - Processing file /home/airflow/.local/lib/python3.8/site-packages/airflow/example_dags/example_sensors.py for tasks to queue
[2025-11-06T07:03:00.372+0000] {logging_mixin.py:188} INFO - [2025-11-06T07:03:00.371+0000] {dagbag.py:538} INFO - Filling up the DagBag from /home/airflow/.local/lib/python3.8/site-packages/airflow/example_dags/example_sensors.py
[2025-11-06T07:03:00.402+0000] {processor.py:840} INFO - DAG(s) 'example_sensors' retrieved from /home/airflow/.local/lib/python3.8/site-packages/airflow/example_dags/example_sensors.py
[2025-11-06T07:03:00.471+0000] {logging_mixin.py:188} INFO - [2025-11-06T07:03:00.470+0000] {dag.py:3036} INFO - Sync 1 DAGs
[2025-11-06T07:03:00.520+0000] {logging_mixin.py:188} INFO - [2025-11-06T07:03:00.520+0000] {dag.py:3823} INFO - Setting next_dagrun for example_sensors to None, run_after=None
[2025-11-06T07:03:00.633+0000] {processor.py:183} INFO - Processing /home/airflow/.local/lib/python3.8/site-packages/airflow/example_dags/example_sensors.py took 0.253 seconds
[2025-11-06T07:03:30.754+0000] {processor.py:161} INFO - Started process (PID=11566) to work on /home/airflow/.local/lib/python3.8/site-packages/airflow/example_dags/example_sensors.py
[2025-11-06T07:03:30.757+0000] {processor.py:830} INFO - Processing file /home/airflow/.local/lib/python3.8/site-packages/airflow/example_dags/example_sensors.py for tasks to queue
[2025-11-06T07:03:30.765+0000] {logging_mixin.py:188} INFO - [2025-11-06T07:03:30.762+0000] {dagbag.py:538} INFO - Filling up the DagBag from /home/airflow/.local/lib/python3.8/site-packages/airflow/example_dags/example_sensors.py
[2025-11-06T07:03:30.808+0000] {processor.py:840} INFO - DAG(s) 'example_sensors' retrieved from /home/airflow/.local/lib/python3.8/site-packages/airflow/example_dags/example_sensors.py
[2025-11-06T07:03:30.870+0000] {logging_mixin.py:188} INFO - [2025-11-06T07:03:30.870+0000] {dag.py:3036} INFO - Sync 1 DAGs
[2025-11-06T07:03:30.938+0000] {logging_mixin.py:188} INFO - [2025-11-06T07:03:30.938+0000] {dag.py:3823} INFO - Setting next_dagrun for example_sensors to None, run_after=None
[2025-11-06T07:03:31.021+0000] {processor.py:183} INFO - Processing /home/airflow/.local/lib/python3.8/site-packages/airflow/example_dags/example_sensors.py took 0.282 seconds
[2025-11-06T07:04:01.228+0000] {processor.py:161} INFO - Started process (PID=11621) to work on /home/airflow/.local/lib/python3.8/site-packages/airflow/example_dags/example_sensors.py
[2025-11-06T07:04:01.230+0000] {processor.py:830} INFO - Processing file /home/airflow/.local/lib/python3.8/site-packages/airflow/example_dags/example_sensors.py for tasks to queue
[2025-11-06T07:04:01.235+0000] {logging_mixin.py:188} INFO - [2025-11-06T07:04:01.235+0000] {dagbag.py:538} INFO - Filling up the DagBag from /home/airflow/.local/lib/python3.8/site-packages/airflow/example_dags/example_sensors.py
[2025-11-06T07:04:01.254+0000] {processor.py:840} INFO - DAG(s) 'example_sensors' retrieved from /home/airflow/.local/lib/python3.8/site-packages/airflow/example_dags/example_sensors.py
[2025-11-06T07:04:01.303+0000] {logging_mixin.py:188} INFO - [2025-11-06T07:04:01.302+0000] {dag.py:3036} INFO - Sync 1 DAGs
[2025-11-06T07:04:01.327+0000] {logging_mixin.py:188} INFO - [2025-11-06T07:04:01.326+0000] {dag.py:3823} INFO - Setting next_dagrun for example_sensors to None, run_after=None
[2025-11-06T07:04:01.365+0000] {processor.py:183} INFO - Processing /home/airflow/.local/lib/python3.8/site-packages/airflow/example_dags/example_sensors.py took 0.144 seconds
[2025-11-06T07:04:31.713+0000] {processor.py:161} INFO - Started process (PID=11674) to work on /home/airflow/.local/lib/python3.8/site-packages/airflow/example_dags/example_sensors.py
[2025-11-06T07:04:31.715+0000] {processor.py:830} INFO - Processing file /home/airflow/.local/lib/python3.8/site-packages/airflow/example_dags/example_sensors.py for tasks to queue
[2025-11-06T07:04:31.723+0000] {logging_mixin.py:188} INFO - [2025-11-06T07:04:31.722+0000] {dagbag.py:538} INFO - Filling up the DagBag from /home/airflow/.local/lib/python3.8/site-packages/airflow/example_dags/example_sensors.py
[2025-11-06T07:04:31.760+0000] {processor.py:840} INFO - DAG(s) 'example_sensors' retrieved from /home/airflow/.local/lib/python3.8/site-packages/airflow/example_dags/example_sensors.py
[2025-11-06T07:04:31.882+0000] {logging_mixin.py:188} INFO - [2025-11-06T07:04:31.882+0000] {dag.py:3036} INFO - Sync 1 DAGs
[2025-11-06T07:04:31.947+0000] {logging_mixin.py:188} INFO - [2025-11-06T07:04:31.947+0000] {dag.py:3823} INFO - Setting next_dagrun for example_sensors to None, run_after=None
[2025-11-06T07:04:32.048+0000] {processor.py:183} INFO - Processing /home/airflow/.local/lib/python3.8/site-packages/airflow/example_dags/example_sensors.py took 0.349 seconds
[2025-11-06T07:05:02.245+0000] {processor.py:161} INFO - Started process (PID=11729) to work on /home/airflow/.local/lib/python3.8/site-packages/airflow/example_dags/example_sensors.py
[2025-11-06T07:05:02.247+0000] {processor.py:830} INFO - Processing file /home/airflow/.local/lib/python3.8/site-packages/airflow/example_dags/example_sensors.py for tasks to queue
[2025-11-06T07:05:02.252+0000] {logging_mixin.py:188} INFO - [2025-11-06T07:05:02.251+0000] {dagbag.py:538} INFO - Filling up the DagBag from /home/airflow/.local/lib/python3.8/site-packages/airflow/example_dags/example_sensors.py
[2025-11-06T07:05:02.272+0000] {processor.py:840} INFO - DAG(s) 'example_sensors' retrieved from /home/airflow/.local/lib/python3.8/site-packages/airflow/example_dags/example_sensors.py
[2025-11-06T07:05:02.329+0000] {logging_mixin.py:188} INFO - [2025-11-06T07:05:02.329+0000] {dag.py:3036} INFO - Sync 1 DAGs
[2025-11-06T07:05:02.353+0000] {logging_mixin.py:188} INFO - [2025-11-06T07:05:02.353+0000] {dag.py:3823} INFO - Setting next_dagrun for example_sensors to None, run_after=None
[2025-11-06T07:05:02.391+0000] {processor.py:183} INFO - Processing /home/airflow/.local/lib/python3.8/site-packages/airflow/example_dags/example_sensors.py took 0.154 seconds
[2025-11-06T07:05:33.061+0000] {processor.py:161} INFO - Started process (PID=11782) to work on /home/airflow/.local/lib/python3.8/site-packages/airflow/example_dags/example_sensors.py
[2025-11-06T07:05:33.067+0000] {processor.py:830} INFO - Processing file /home/airflow/.local/lib/python3.8/site-packages/airflow/example_dags/example_sensors.py for tasks to queue
[2025-11-06T07:05:33.073+0000] {logging_mixin.py:188} INFO - [2025-11-06T07:05:33.072+0000] {dagbag.py:538} INFO - Filling up the DagBag from /home/airflow/.local/lib/python3.8/site-packages/airflow/example_dags/example_sensors.py
[2025-11-06T07:05:33.107+0000] {processor.py:840} INFO - DAG(s) 'example_sensors' retrieved from /home/airflow/.local/lib/python3.8/site-packages/airflow/example_dags/example_sensors.py
[2025-11-06T07:05:33.247+0000] {logging_mixin.py:188} INFO - [2025-11-06T07:05:33.247+0000] {dag.py:3036} INFO - Sync 1 DAGs
[2025-11-06T07:05:33.289+0000] {logging_mixin.py:188} INFO - [2025-11-06T07:05:33.288+0000] {dag.py:3823} INFO - Setting next_dagrun for example_sensors to None, run_after=None
[2025-11-06T07:05:33.355+0000] {processor.py:183} INFO - Processing /home/airflow/.local/lib/python3.8/site-packages/airflow/example_dags/example_sensors.py took 0.305 seconds
[2025-11-06T07:06:03.712+0000] {processor.py:161} INFO - Started process (PID=11837) to work on /home/airflow/.local/lib/python3.8/site-packages/airflow/example_dags/example_sensors.py
[2025-11-06T07:06:03.716+0000] {processor.py:830} INFO - Processing file /home/airflow/.local/lib/python3.8/site-packages/airflow/example_dags/example_sensors.py for tasks to queue
[2025-11-06T07:06:03.726+0000] {logging_mixin.py:188} INFO - [2025-11-06T07:06:03.725+0000] {dagbag.py:538} INFO - Filling up the DagBag from /home/airflow/.local/lib/python3.8/site-packages/airflow/example_dags/example_sensors.py
[2025-11-06T07:06:03.773+0000] {processor.py:840} INFO - DAG(s) 'example_sensors' retrieved from /home/airflow/.local/lib/python3.8/site-packages/airflow/example_dags/example_sensors.py
[2025-11-06T07:06:03.948+0000] {logging_mixin.py:188} INFO - [2025-11-06T07:06:03.947+0000] {dag.py:3036} INFO - Sync 1 DAGs
[2025-11-06T07:06:04.031+0000] {logging_mixin.py:188} INFO - [2025-11-06T07:06:04.029+0000] {dag.py:3823} INFO - Setting next_dagrun for example_sensors to None, run_after=None
[2025-11-06T07:06:04.182+0000] {processor.py:183} INFO - Processing /home/airflow/.local/lib/python3.8/site-packages/airflow/example_dags/example_sensors.py took 0.488 seconds
[2025-11-06T07:06:34.694+0000] {processor.py:161} INFO - Started process (PID=11891) to work on /home/airflow/.local/lib/python3.8/site-packages/airflow/example_dags/example_sensors.py
[2025-11-06T07:06:34.695+0000] {processor.py:830} INFO - Processing file /home/airflow/.local/lib/python3.8/site-packages/airflow/example_dags/example_sensors.py for tasks to queue
[2025-11-06T07:06:34.698+0000] {logging_mixin.py:188} INFO - [2025-11-06T07:06:34.698+0000] {dagbag.py:538} INFO - Filling up the DagBag from /home/airflow/.local/lib/python3.8/site-packages/airflow/example_dags/example_sensors.py
[2025-11-06T07:06:34.711+0000] {processor.py:840} INFO - DAG(s) 'example_sensors' retrieved from /home/airflow/.local/lib/python3.8/site-packages/airflow/example_dags/example_sensors.py
[2025-11-06T07:06:34.753+0000] {logging_mixin.py:188} INFO - [2025-11-06T07:06:34.752+0000] {dag.py:3036} INFO - Sync 1 DAGs
[2025-11-06T07:06:34.772+0000] {logging_mixin.py:188} INFO - [2025-11-06T07:06:34.772+0000] {dag.py:3823} INFO - Setting next_dagrun for example_sensors to None, run_after=None
[2025-11-06T07:06:34.811+0000] {processor.py:183} INFO - Processing /home/airflow/.local/lib/python3.8/site-packages/airflow/example_dags/example_sensors.py took 0.123 seconds
[2025-11-06T07:07:08.497+0000] {processor.py:161} INFO - Started process (PID=11945) to work on /home/airflow/.local/lib/python3.8/site-packages/airflow/example_dags/example_sensors.py
[2025-11-06T07:07:08.500+0000] {processor.py:830} INFO - Processing file /home/airflow/.local/lib/python3.8/site-packages/airflow/example_dags/example_sensors.py for tasks to queue
[2025-11-06T07:07:08.519+0000] {logging_mixin.py:188} INFO - [2025-11-06T07:07:08.518+0000] {dagbag.py:538} INFO - Filling up the DagBag from /home/airflow/.local/lib/python3.8/site-packages/airflow/example_dags/example_sensors.py
[2025-11-06T07:07:08.607+0000] {processor.py:840} INFO - DAG(s) 'example_sensors' retrieved from /home/airflow/.local/lib/python3.8/site-packages/airflow/example_dags/example_sensors.py
[2025-11-06T07:07:08.822+0000] {logging_mixin.py:188} INFO - [2025-11-06T07:07:08.821+0000] {dag.py:3036} INFO - Sync 1 DAGs
[2025-11-06T07:07:08.926+0000] {logging_mixin.py:188} INFO - [2025-11-06T07:07:08.925+0000] {dag.py:3823} INFO - Setting next_dagrun for example_sensors to None, run_after=None
[2025-11-06T07:07:09.093+0000] {processor.py:183} INFO - Processing /home/airflow/.local/lib/python3.8/site-packages/airflow/example_dags/example_sensors.py took 0.647 seconds
[2025-11-06T07:07:39.310+0000] {processor.py:161} INFO - Started process (PID=11998) to work on /home/airflow/.local/lib/python3.8/site-packages/airflow/example_dags/example_sensors.py
[2025-11-06T07:07:39.313+0000] {processor.py:830} INFO - Processing file /home/airflow/.local/lib/python3.8/site-packages/airflow/example_dags/example_sensors.py for tasks to queue
[2025-11-06T07:07:39.320+0000] {logging_mixin.py:188} INFO - [2025-11-06T07:07:39.319+0000] {dagbag.py:538} INFO - Filling up the DagBag from /home/airflow/.local/lib/python3.8/site-packages/airflow/example_dags/example_sensors.py
[2025-11-06T07:07:39.352+0000] {processor.py:840} INFO - DAG(s) 'example_sensors' retrieved from /home/airflow/.local/lib/python3.8/site-packages/airflow/example_dags/example_sensors.py
[2025-11-06T07:07:39.457+0000] {logging_mixin.py:188} INFO - [2025-11-06T07:07:39.457+0000] {dag.py:3036} INFO - Sync 1 DAGs
[2025-11-06T07:07:39.502+0000] {logging_mixin.py:188} INFO - [2025-11-06T07:07:39.502+0000] {dag.py:3823} INFO - Setting next_dagrun for example_sensors to None, run_after=None
[2025-11-06T07:07:39.570+0000] {processor.py:183} INFO - Processing /home/airflow/.local/lib/python3.8/site-packages/airflow/example_dags/example_sensors.py took 0.273 seconds
[2025-11-06T07:08:09.846+0000] {processor.py:161} INFO - Started process (PID=12053) to work on /home/airflow/.local/lib/python3.8/site-packages/airflow/example_dags/example_sensors.py
[2025-11-06T07:08:09.851+0000] {processor.py:830} INFO - Processing file /home/airflow/.local/lib/python3.8/site-packages/airflow/example_dags/example_sensors.py for tasks to queue
[2025-11-06T07:08:09.863+0000] {logging_mixin.py:188} INFO - [2025-11-06T07:08:09.858+0000] {dagbag.py:538} INFO - Filling up the DagBag from /home/airflow/.local/lib/python3.8/site-packages/airflow/example_dags/example_sensors.py
[2025-11-06T07:08:09.962+0000] {processor.py:840} INFO - DAG(s) 'example_sensors' retrieved from /home/airflow/.local/lib/python3.8/site-packages/airflow/example_dags/example_sensors.py
[2025-11-06T07:08:10.182+0000] {logging_mixin.py:188} INFO - [2025-11-06T07:08:10.182+0000] {dag.py:3036} INFO - Sync 1 DAGs
[2025-11-06T07:08:10.275+0000] {logging_mixin.py:188} INFO - [2025-11-06T07:08:10.274+0000] {dag.py:3823} INFO - Setting next_dagrun for example_sensors to None, run_after=None
[2025-11-06T07:08:10.372+0000] {processor.py:183} INFO - Processing /home/airflow/.local/lib/python3.8/site-packages/airflow/example_dags/example_sensors.py took 0.569 seconds
[2025-11-06T07:08:40.703+0000] {processor.py:161} INFO - Started process (PID=12107) to work on /home/airflow/.local/lib/python3.8/site-packages/airflow/example_dags/example_sensors.py
[2025-11-06T07:08:40.735+0000] {processor.py:830} INFO - Processing file /home/airflow/.local/lib/python3.8/site-packages/airflow/example_dags/example_sensors.py for tasks to queue
[2025-11-06T07:08:40.743+0000] {logging_mixin.py:188} INFO - [2025-11-06T07:08:40.742+0000] {dagbag.py:538} INFO - Filling up the DagBag from /home/airflow/.local/lib/python3.8/site-packages/airflow/example_dags/example_sensors.py
[2025-11-06T07:08:40.926+0000] {processor.py:840} INFO - DAG(s) 'example_sensors' retrieved from /home/airflow/.local/lib/python3.8/site-packages/airflow/example_dags/example_sensors.py
[2025-11-06T07:08:41.259+0000] {logging_mixin.py:188} INFO - [2025-11-06T07:08:41.258+0000] {dag.py:3036} INFO - Sync 1 DAGs
[2025-11-06T07:08:41.482+0000] {logging_mixin.py:188} INFO - [2025-11-06T07:08:41.482+0000] {dag.py:3823} INFO - Setting next_dagrun for example_sensors to None, run_after=None
[2025-11-06T07:08:41.732+0000] {processor.py:183} INFO - Processing /home/airflow/.local/lib/python3.8/site-packages/airflow/example_dags/example_sensors.py took 1.059 seconds
[2025-11-06T07:09:12.061+0000] {processor.py:161} INFO - Started process (PID=12163) to work on /home/airflow/.local/lib/python3.8/site-packages/airflow/example_dags/example_sensors.py
[2025-11-06T07:09:12.062+0000] {processor.py:830} INFO - Processing file /home/airflow/.local/lib/python3.8/site-packages/airflow/example_dags/example_sensors.py for tasks to queue
[2025-11-06T07:09:12.065+0000] {logging_mixin.py:188} INFO - [2025-11-06T07:09:12.065+0000] {dagbag.py:538} INFO - Filling up the DagBag from /home/airflow/.local/lib/python3.8/site-packages/airflow/example_dags/example_sensors.py
[2025-11-06T07:09:12.078+0000] {processor.py:840} INFO - DAG(s) 'example_sensors' retrieved from /home/airflow/.local/lib/python3.8/site-packages/airflow/example_dags/example_sensors.py
[2025-11-06T07:09:12.113+0000] {logging_mixin.py:188} INFO - [2025-11-06T07:09:12.112+0000] {dag.py:3036} INFO - Sync 1 DAGs
[2025-11-06T07:09:12.129+0000] {logging_mixin.py:188} INFO - [2025-11-06T07:09:12.129+0000] {dag.py:3823} INFO - Setting next_dagrun for example_sensors to None, run_after=None
[2025-11-06T07:09:12.159+0000] {processor.py:183} INFO - Processing /home/airflow/.local/lib/python3.8/site-packages/airflow/example_dags/example_sensors.py took 0.104 seconds
[2025-11-06T07:09:42.696+0000] {processor.py:161} INFO - Started process (PID=12219) to work on /home/airflow/.local/lib/python3.8/site-packages/airflow/example_dags/example_sensors.py
[2025-11-06T07:09:42.698+0000] {processor.py:830} INFO - Processing file /home/airflow/.local/lib/python3.8/site-packages/airflow/example_dags/example_sensors.py for tasks to queue
[2025-11-06T07:09:42.701+0000] {logging_mixin.py:188} INFO - [2025-11-06T07:09:42.700+0000] {dagbag.py:538} INFO - Filling up the DagBag from /home/airflow/.local/lib/python3.8/site-packages/airflow/example_dags/example_sensors.py
[2025-11-06T07:09:42.712+0000] {processor.py:840} INFO - DAG(s) 'example_sensors' retrieved from /home/airflow/.local/lib/python3.8/site-packages/airflow/example_dags/example_sensors.py
[2025-11-06T07:09:42.746+0000] {logging_mixin.py:188} INFO - [2025-11-06T07:09:42.745+0000] {dag.py:3036} INFO - Sync 1 DAGs
[2025-11-06T07:09:42.761+0000] {logging_mixin.py:188} INFO - [2025-11-06T07:09:42.761+0000] {dag.py:3823} INFO - Setting next_dagrun for example_sensors to None, run_after=None
[2025-11-06T07:09:42.790+0000] {processor.py:183} INFO - Processing /home/airflow/.local/lib/python3.8/site-packages/airflow/example_dags/example_sensors.py took 0.099 seconds
[2025-11-06T07:10:13.174+0000] {processor.py:161} INFO - Started process (PID=12274) to work on /home/airflow/.local/lib/python3.8/site-packages/airflow/example_dags/example_sensors.py
[2025-11-06T07:10:13.176+0000] {processor.py:830} INFO - Processing file /home/airflow/.local/lib/python3.8/site-packages/airflow/example_dags/example_sensors.py for tasks to queue
[2025-11-06T07:10:13.179+0000] {logging_mixin.py:188} INFO - [2025-11-06T07:10:13.179+0000] {dagbag.py:538} INFO - Filling up the DagBag from /home/airflow/.local/lib/python3.8/site-packages/airflow/example_dags/example_sensors.py
[2025-11-06T07:10:13.194+0000] {processor.py:840} INFO - DAG(s) 'example_sensors' retrieved from /home/airflow/.local/lib/python3.8/site-packages/airflow/example_dags/example_sensors.py
[2025-11-06T07:10:13.246+0000] {logging_mixin.py:188} INFO - [2025-11-06T07:10:13.245+0000] {dag.py:3036} INFO - Sync 1 DAGs
[2025-11-06T07:10:13.275+0000] {logging_mixin.py:188} INFO - [2025-11-06T07:10:13.275+0000] {dag.py:3823} INFO - Setting next_dagrun for example_sensors to None, run_after=None
[2025-11-06T07:10:13.313+0000] {processor.py:183} INFO - Processing /home/airflow/.local/lib/python3.8/site-packages/airflow/example_dags/example_sensors.py took 0.145 seconds
[2025-11-06T07:10:43.685+0000] {processor.py:161} INFO - Started process (PID=12329) to work on /home/airflow/.local/lib/python3.8/site-packages/airflow/example_dags/example_sensors.py
[2025-11-06T07:10:43.687+0000] {processor.py:830} INFO - Processing file /home/airflow/.local/lib/python3.8/site-packages/airflow/example_dags/example_sensors.py for tasks to queue
[2025-11-06T07:10:43.690+0000] {logging_mixin.py:188} INFO - [2025-11-06T07:10:43.689+0000] {dagbag.py:538} INFO - Filling up the DagBag from /home/airflow/.local/lib/python3.8/site-packages/airflow/example_dags/example_sensors.py
[2025-11-06T07:10:43.701+0000] {processor.py:840} INFO - DAG(s) 'example_sensors' retrieved from /home/airflow/.local/lib/python3.8/site-packages/airflow/example_dags/example_sensors.py
[2025-11-06T07:10:43.732+0000] {logging_mixin.py:188} INFO - [2025-11-06T07:10:43.732+0000] {dag.py:3036} INFO - Sync 1 DAGs
[2025-11-06T07:10:43.747+0000] {logging_mixin.py:188} INFO - [2025-11-06T07:10:43.747+0000] {dag.py:3823} INFO - Setting next_dagrun for example_sensors to None, run_after=None
[2025-11-06T07:10:43.773+0000] {processor.py:183} INFO - Processing /home/airflow/.local/lib/python3.8/site-packages/airflow/example_dags/example_sensors.py took 0.093 seconds
[2025-11-06T07:11:14.334+0000] {processor.py:161} INFO - Started process (PID=12384) to work on /home/airflow/.local/lib/python3.8/site-packages/airflow/example_dags/example_sensors.py
[2025-11-06T07:11:14.337+0000] {processor.py:830} INFO - Processing file /home/airflow/.local/lib/python3.8/site-packages/airflow/example_dags/example_sensors.py for tasks to queue
[2025-11-06T07:11:14.341+0000] {logging_mixin.py:188} INFO - [2025-11-06T07:11:14.341+0000] {dagbag.py:538} INFO - Filling up the DagBag from /home/airflow/.local/lib/python3.8/site-packages/airflow/example_dags/example_sensors.py
[2025-11-06T07:11:14.364+0000] {processor.py:840} INFO - DAG(s) 'example_sensors' retrieved from /home/airflow/.local/lib/python3.8/site-packages/airflow/example_dags/example_sensors.py
[2025-11-06T07:11:14.412+0000] {logging_mixin.py:188} INFO - [2025-11-06T07:11:14.411+0000] {dag.py:3036} INFO - Sync 1 DAGs
[2025-11-06T07:11:14.437+0000] {logging_mixin.py:188} INFO - [2025-11-06T07:11:14.437+0000] {dag.py:3823} INFO - Setting next_dagrun for example_sensors to None, run_after=None
[2025-11-06T07:11:14.473+0000] {processor.py:183} INFO - Processing /home/airflow/.local/lib/python3.8/site-packages/airflow/example_dags/example_sensors.py took 0.153 seconds
[2025-11-06T07:11:44.651+0000] {processor.py:161} INFO - Started process (PID=12439) to work on /home/airflow/.local/lib/python3.8/site-packages/airflow/example_dags/example_sensors.py
[2025-11-06T07:11:44.652+0000] {processor.py:830} INFO - Processing file /home/airflow/.local/lib/python3.8/site-packages/airflow/example_dags/example_sensors.py for tasks to queue
[2025-11-06T07:11:44.655+0000] {logging_mixin.py:188} INFO - [2025-11-06T07:11:44.654+0000] {dagbag.py:538} INFO - Filling up the DagBag from /home/airflow/.local/lib/python3.8/site-packages/airflow/example_dags/example_sensors.py
[2025-11-06T07:11:44.667+0000] {processor.py:840} INFO - DAG(s) 'example_sensors' retrieved from /home/airflow/.local/lib/python3.8/site-packages/airflow/example_dags/example_sensors.py
[2025-11-06T07:11:44.702+0000] {logging_mixin.py:188} INFO - [2025-11-06T07:11:44.702+0000] {dag.py:3036} INFO - Sync 1 DAGs
[2025-11-06T07:11:44.719+0000] {logging_mixin.py:188} INFO - [2025-11-06T07:11:44.719+0000] {dag.py:3823} INFO - Setting next_dagrun for example_sensors to None, run_after=None
[2025-11-06T07:11:44.745+0000] {processor.py:183} INFO - Processing /home/airflow/.local/lib/python3.8/site-packages/airflow/example_dags/example_sensors.py took 0.099 seconds
[2025-11-06T07:12:15.034+0000] {processor.py:161} INFO - Started process (PID=12494) to work on /home/airflow/.local/lib/python3.8/site-packages/airflow/example_dags/example_sensors.py
[2025-11-06T07:12:15.036+0000] {processor.py:830} INFO - Processing file /home/airflow/.local/lib/python3.8/site-packages/airflow/example_dags/example_sensors.py for tasks to queue
[2025-11-06T07:12:15.039+0000] {logging_mixin.py:188} INFO - [2025-11-06T07:12:15.039+0000] {dagbag.py:538} INFO - Filling up the DagBag from /home/airflow/.local/lib/python3.8/site-packages/airflow/example_dags/example_sensors.py
[2025-11-06T07:12:15.051+0000] {processor.py:840} INFO - DAG(s) 'example_sensors' retrieved from /home/airflow/.local/lib/python3.8/site-packages/airflow/example_dags/example_sensors.py
[2025-11-06T07:12:15.083+0000] {logging_mixin.py:188} INFO - [2025-11-06T07:12:15.082+0000] {dag.py:3036} INFO - Sync 1 DAGs
[2025-11-06T07:12:15.099+0000] {logging_mixin.py:188} INFO - [2025-11-06T07:12:15.099+0000] {dag.py:3823} INFO - Setting next_dagrun for example_sensors to None, run_after=None
[2025-11-06T07:12:15.126+0000] {processor.py:183} INFO - Processing /home/airflow/.local/lib/python3.8/site-packages/airflow/example_dags/example_sensors.py took 0.097 seconds
[2025-11-06T07:12:45.843+0000] {processor.py:161} INFO - Started process (PID=12549) to work on /home/airflow/.local/lib/python3.8/site-packages/airflow/example_dags/example_sensors.py
[2025-11-06T07:12:45.846+0000] {processor.py:830} INFO - Processing file /home/airflow/.local/lib/python3.8/site-packages/airflow/example_dags/example_sensors.py for tasks to queue
[2025-11-06T07:12:45.858+0000] {logging_mixin.py:188} INFO - [2025-11-06T07:12:45.856+0000] {dagbag.py:538} INFO - Filling up the DagBag from /home/airflow/.local/lib/python3.8/site-packages/airflow/example_dags/example_sensors.py
[2025-11-06T07:12:45.897+0000] {processor.py:840} INFO - DAG(s) 'example_sensors' retrieved from /home/airflow/.local/lib/python3.8/site-packages/airflow/example_dags/example_sensors.py
[2025-11-06T07:12:45.956+0000] {logging_mixin.py:188} INFO - [2025-11-06T07:12:45.956+0000] {dag.py:3036} INFO - Sync 1 DAGs
[2025-11-06T07:12:45.983+0000] {logging_mixin.py:188} INFO - [2025-11-06T07:12:45.982+0000] {dag.py:3823} INFO - Setting next_dagrun for example_sensors to None, run_after=None
[2025-11-06T07:12:46.036+0000] {processor.py:183} INFO - Processing /home/airflow/.local/lib/python3.8/site-packages/airflow/example_dags/example_sensors.py took 0.212 seconds
[2025-11-06T07:13:16.162+0000] {processor.py:161} INFO - Started process (PID=12604) to work on /home/airflow/.local/lib/python3.8/site-packages/airflow/example_dags/example_sensors.py
[2025-11-06T07:13:16.164+0000] {processor.py:830} INFO - Processing file /home/airflow/.local/lib/python3.8/site-packages/airflow/example_dags/example_sensors.py for tasks to queue
[2025-11-06T07:13:16.169+0000] {logging_mixin.py:188} INFO - [2025-11-06T07:13:16.168+0000] {dagbag.py:538} INFO - Filling up the DagBag from /home/airflow/.local/lib/python3.8/site-packages/airflow/example_dags/example_sensors.py
[2025-11-06T07:13:16.197+0000] {processor.py:840} INFO - DAG(s) 'example_sensors' retrieved from /home/airflow/.local/lib/python3.8/site-packages/airflow/example_dags/example_sensors.py
[2025-11-06T07:13:16.268+0000] {logging_mixin.py:188} INFO - [2025-11-06T07:13:16.268+0000] {dag.py:3036} INFO - Sync 1 DAGs
[2025-11-06T07:13:16.300+0000] {logging_mixin.py:188} INFO - [2025-11-06T07:13:16.300+0000] {dag.py:3823} INFO - Setting next_dagrun for example_sensors to None, run_after=None
[2025-11-06T07:13:16.336+0000] {processor.py:183} INFO - Processing /home/airflow/.local/lib/python3.8/site-packages/airflow/example_dags/example_sensors.py took 0.183 seconds
[2025-11-06T07:13:47.329+0000] {processor.py:161} INFO - Started process (PID=12659) to work on /home/airflow/.local/lib/python3.8/site-packages/airflow/example_dags/example_sensors.py
[2025-11-06T07:13:47.336+0000] {processor.py:830} INFO - Processing file /home/airflow/.local/lib/python3.8/site-packages/airflow/example_dags/example_sensors.py for tasks to queue
[2025-11-06T07:13:47.345+0000] {logging_mixin.py:188} INFO - [2025-11-06T07:13:47.344+0000] {dagbag.py:538} INFO - Filling up the DagBag from /home/airflow/.local/lib/python3.8/site-packages/airflow/example_dags/example_sensors.py
[2025-11-06T07:13:47.393+0000] {processor.py:840} INFO - DAG(s) 'example_sensors' retrieved from /home/airflow/.local/lib/python3.8/site-packages/airflow/example_dags/example_sensors.py
[2025-11-06T07:13:47.496+0000] {logging_mixin.py:188} INFO - [2025-11-06T07:13:47.495+0000] {dag.py:3036} INFO - Sync 1 DAGs
[2025-11-06T07:13:47.552+0000] {logging_mixin.py:188} INFO - [2025-11-06T07:13:47.551+0000] {dag.py:3823} INFO - Setting next_dagrun for example_sensors to None, run_after=None
[2025-11-06T07:13:47.629+0000] {processor.py:183} INFO - Processing /home/airflow/.local/lib/python3.8/site-packages/airflow/example_dags/example_sensors.py took 0.313 seconds
[2025-11-06T07:14:18.413+0000] {processor.py:161} INFO - Started process (PID=12714) to work on /home/airflow/.local/lib/python3.8/site-packages/airflow/example_dags/example_sensors.py
[2025-11-06T07:14:18.417+0000] {processor.py:830} INFO - Processing file /home/airflow/.local/lib/python3.8/site-packages/airflow/example_dags/example_sensors.py for tasks to queue
[2025-11-06T07:14:18.425+0000] {logging_mixin.py:188} INFO - [2025-11-06T07:14:18.421+0000] {dagbag.py:538} INFO - Filling up the DagBag from /home/airflow/.local/lib/python3.8/site-packages/airflow/example_dags/example_sensors.py
[2025-11-06T07:14:18.457+0000] {processor.py:840} INFO - DAG(s) 'example_sensors' retrieved from /home/airflow/.local/lib/python3.8/site-packages/airflow/example_dags/example_sensors.py
[2025-11-06T07:14:18.576+0000] {logging_mixin.py:188} INFO - [2025-11-06T07:14:18.575+0000] {dag.py:3036} INFO - Sync 1 DAGs
[2025-11-06T07:14:18.626+0000] {logging_mixin.py:188} INFO - [2025-11-06T07:14:18.625+0000] {dag.py:3823} INFO - Setting next_dagrun for example_sensors to None, run_after=None
[2025-11-06T07:14:18.683+0000] {processor.py:183} INFO - Processing /home/airflow/.local/lib/python3.8/site-packages/airflow/example_dags/example_sensors.py took 0.281 seconds
[2025-11-06T07:14:49.533+0000] {processor.py:161} INFO - Started process (PID=12769) to work on /home/airflow/.local/lib/python3.8/site-packages/airflow/example_dags/example_sensors.py
[2025-11-06T07:14:49.537+0000] {processor.py:830} INFO - Processing file /home/airflow/.local/lib/python3.8/site-packages/airflow/example_dags/example_sensors.py for tasks to queue
[2025-11-06T07:14:49.542+0000] {logging_mixin.py:188} INFO - [2025-11-06T07:14:49.542+0000] {dagbag.py:538} INFO - Filling up the DagBag from /home/airflow/.local/lib/python3.8/site-packages/airflow/example_dags/example_sensors.py
[2025-11-06T07:14:49.571+0000] {processor.py:840} INFO - DAG(s) 'example_sensors' retrieved from /home/airflow/.local/lib/python3.8/site-packages/airflow/example_dags/example_sensors.py
[2025-11-06T07:14:49.635+0000] {logging_mixin.py:188} INFO - [2025-11-06T07:14:49.634+0000] {dag.py:3036} INFO - Sync 1 DAGs
[2025-11-06T07:14:49.662+0000] {logging_mixin.py:188} INFO - [2025-11-06T07:14:49.661+0000] {dag.py:3823} INFO - Setting next_dagrun for example_sensors to None, run_after=None
[2025-11-06T07:14:49.695+0000] {processor.py:183} INFO - Processing /home/airflow/.local/lib/python3.8/site-packages/airflow/example_dags/example_sensors.py took 0.184 seconds
[2025-11-06T07:15:20.269+0000] {processor.py:161} INFO - Started process (PID=12824) to work on /home/airflow/.local/lib/python3.8/site-packages/airflow/example_dags/example_sensors.py
[2025-11-06T07:15:20.271+0000] {processor.py:830} INFO - Processing file /home/airflow/.local/lib/python3.8/site-packages/airflow/example_dags/example_sensors.py for tasks to queue
[2025-11-06T07:15:20.275+0000] {logging_mixin.py:188} INFO - [2025-11-06T07:15:20.274+0000] {dagbag.py:538} INFO - Filling up the DagBag from /home/airflow/.local/lib/python3.8/site-packages/airflow/example_dags/example_sensors.py
[2025-11-06T07:15:20.290+0000] {processor.py:840} INFO - DAG(s) 'example_sensors' retrieved from /home/airflow/.local/lib/python3.8/site-packages/airflow/example_dags/example_sensors.py
[2025-11-06T07:15:20.329+0000] {logging_mixin.py:188} INFO - [2025-11-06T07:15:20.329+0000] {dag.py:3036} INFO - Sync 1 DAGs
[2025-11-06T07:15:20.352+0000] {logging_mixin.py:188} INFO - [2025-11-06T07:15:20.351+0000] {dag.py:3823} INFO - Setting next_dagrun for example_sensors to None, run_after=None
[2025-11-06T07:15:20.386+0000] {processor.py:183} INFO - Processing /home/airflow/.local/lib/python3.8/site-packages/airflow/example_dags/example_sensors.py took 0.122 seconds
[2025-11-06T07:15:50.521+0000] {processor.py:161} INFO - Started process (PID=12879) to work on /home/airflow/.local/lib/python3.8/site-packages/airflow/example_dags/example_sensors.py
[2025-11-06T07:15:50.524+0000] {processor.py:830} INFO - Processing file /home/airflow/.local/lib/python3.8/site-packages/airflow/example_dags/example_sensors.py for tasks to queue
[2025-11-06T07:15:50.530+0000] {logging_mixin.py:188} INFO - [2025-11-06T07:15:50.529+0000] {dagbag.py:538} INFO - Filling up the DagBag from /home/airflow/.local/lib/python3.8/site-packages/airflow/example_dags/example_sensors.py
[2025-11-06T07:15:50.556+0000] {processor.py:840} INFO - DAG(s) 'example_sensors' retrieved from /home/airflow/.local/lib/python3.8/site-packages/airflow/example_dags/example_sensors.py
[2025-11-06T07:15:50.641+0000] {logging_mixin.py:188} INFO - [2025-11-06T07:15:50.640+0000] {dag.py:3036} INFO - Sync 1 DAGs
[2025-11-06T07:15:50.672+0000] {logging_mixin.py:188} INFO - [2025-11-06T07:15:50.672+0000] {dag.py:3823} INFO - Setting next_dagrun for example_sensors to None, run_after=None
[2025-11-06T07:15:50.720+0000] {processor.py:183} INFO - Processing /home/airflow/.local/lib/python3.8/site-packages/airflow/example_dags/example_sensors.py took 0.209 seconds
[2025-11-06T07:16:20.792+0000] {processor.py:161} INFO - Started process (PID=12935) to work on /home/airflow/.local/lib/python3.8/site-packages/airflow/example_dags/example_sensors.py
[2025-11-06T07:16:20.794+0000] {processor.py:830} INFO - Processing file /home/airflow/.local/lib/python3.8/site-packages/airflow/example_dags/example_sensors.py for tasks to queue
[2025-11-06T07:16:20.798+0000] {logging_mixin.py:188} INFO - [2025-11-06T07:16:20.797+0000] {dagbag.py:538} INFO - Filling up the DagBag from /home/airflow/.local/lib/python3.8/site-packages/airflow/example_dags/example_sensors.py
[2025-11-06T07:16:20.816+0000] {processor.py:840} INFO - DAG(s) 'example_sensors' retrieved from /home/airflow/.local/lib/python3.8/site-packages/airflow/example_dags/example_sensors.py
[2025-11-06T07:16:20.857+0000] {logging_mixin.py:188} INFO - [2025-11-06T07:16:20.857+0000] {dag.py:3036} INFO - Sync 1 DAGs
[2025-11-06T07:16:20.875+0000] {logging_mixin.py:188} INFO - [2025-11-06T07:16:20.875+0000] {dag.py:3823} INFO - Setting next_dagrun for example_sensors to None, run_after=None
[2025-11-06T07:16:20.907+0000] {processor.py:183} INFO - Processing /home/airflow/.local/lib/python3.8/site-packages/airflow/example_dags/example_sensors.py took 0.123 seconds
[2025-11-06T07:16:51.690+0000] {processor.py:161} INFO - Started process (PID=12989) to work on /home/airflow/.local/lib/python3.8/site-packages/airflow/example_dags/example_sensors.py
[2025-11-06T07:16:51.693+0000] {processor.py:830} INFO - Processing file /home/airflow/.local/lib/python3.8/site-packages/airflow/example_dags/example_sensors.py for tasks to queue
[2025-11-06T07:16:51.702+0000] {logging_mixin.py:188} INFO - [2025-11-06T07:16:51.702+0000] {dagbag.py:538} INFO - Filling up the DagBag from /home/airflow/.local/lib/python3.8/site-packages/airflow/example_dags/example_sensors.py
[2025-11-06T07:16:51.733+0000] {processor.py:840} INFO - DAG(s) 'example_sensors' retrieved from /home/airflow/.local/lib/python3.8/site-packages/airflow/example_dags/example_sensors.py
[2025-11-06T07:16:51.823+0000] {logging_mixin.py:188} INFO - [2025-11-06T07:16:51.820+0000] {dag.py:3036} INFO - Sync 1 DAGs
[2025-11-06T07:16:51.887+0000] {logging_mixin.py:188} INFO - [2025-11-06T07:16:51.887+0000] {dag.py:3823} INFO - Setting next_dagrun for example_sensors to None, run_after=None
[2025-11-06T07:16:51.980+0000] {processor.py:183} INFO - Processing /home/airflow/.local/lib/python3.8/site-packages/airflow/example_dags/example_sensors.py took 0.302 seconds
[2025-11-06T07:17:22.556+0000] {processor.py:161} INFO - Started process (PID=13044) to work on /home/airflow/.local/lib/python3.8/site-packages/airflow/example_dags/example_sensors.py
[2025-11-06T07:17:22.560+0000] {processor.py:830} INFO - Processing file /home/airflow/.local/lib/python3.8/site-packages/airflow/example_dags/example_sensors.py for tasks to queue
[2025-11-06T07:17:22.569+0000] {logging_mixin.py:188} INFO - [2025-11-06T07:17:22.568+0000] {dagbag.py:538} INFO - Filling up the DagBag from /home/airflow/.local/lib/python3.8/site-packages/airflow/example_dags/example_sensors.py
[2025-11-06T07:17:22.602+0000] {processor.py:840} INFO - DAG(s) 'example_sensors' retrieved from /home/airflow/.local/lib/python3.8/site-packages/airflow/example_dags/example_sensors.py
[2025-11-06T07:17:22.701+0000] {logging_mixin.py:188} INFO - [2025-11-06T07:17:22.700+0000] {dag.py:3036} INFO - Sync 1 DAGs
[2025-11-06T07:17:22.743+0000] {logging_mixin.py:188} INFO - [2025-11-06T07:17:22.742+0000] {dag.py:3823} INFO - Setting next_dagrun for example_sensors to None, run_after=None
[2025-11-06T07:17:22.821+0000] {processor.py:183} INFO - Processing /home/airflow/.local/lib/python3.8/site-packages/airflow/example_dags/example_sensors.py took 0.279 seconds
[2025-11-06T07:17:53.583+0000] {processor.py:161} INFO - Started process (PID=13099) to work on /home/airflow/.local/lib/python3.8/site-packages/airflow/example_dags/example_sensors.py
[2025-11-06T07:17:53.585+0000] {processor.py:830} INFO - Processing file /home/airflow/.local/lib/python3.8/site-packages/airflow/example_dags/example_sensors.py for tasks to queue
[2025-11-06T07:17:53.589+0000] {logging_mixin.py:188} INFO - [2025-11-06T07:17:53.589+0000] {dagbag.py:538} INFO - Filling up the DagBag from /home/airflow/.local/lib/python3.8/site-packages/airflow/example_dags/example_sensors.py
[2025-11-06T07:17:53.604+0000] {processor.py:840} INFO - DAG(s) 'example_sensors' retrieved from /home/airflow/.local/lib/python3.8/site-packages/airflow/example_dags/example_sensors.py
[2025-11-06T07:17:53.642+0000] {logging_mixin.py:188} INFO - [2025-11-06T07:17:53.641+0000] {dag.py:3036} INFO - Sync 1 DAGs
[2025-11-06T07:17:53.667+0000] {logging_mixin.py:188} INFO - [2025-11-06T07:17:53.667+0000] {dag.py:3823} INFO - Setting next_dagrun for example_sensors to None, run_after=None
[2025-11-06T07:17:53.706+0000] {processor.py:183} INFO - Processing /home/airflow/.local/lib/python3.8/site-packages/airflow/example_dags/example_sensors.py took 0.128 seconds
[2025-11-06T07:18:24.537+0000] {processor.py:161} INFO - Started process (PID=13154) to work on /home/airflow/.local/lib/python3.8/site-packages/airflow/example_dags/example_sensors.py
[2025-11-06T07:18:24.541+0000] {processor.py:830} INFO - Processing file /home/airflow/.local/lib/python3.8/site-packages/airflow/example_dags/example_sensors.py for tasks to queue
[2025-11-06T07:18:24.553+0000] {logging_mixin.py:188} INFO - [2025-11-06T07:18:24.552+0000] {dagbag.py:538} INFO - Filling up the DagBag from /home/airflow/.local/lib/python3.8/site-packages/airflow/example_dags/example_sensors.py
[2025-11-06T07:18:24.609+0000] {processor.py:840} INFO - DAG(s) 'example_sensors' retrieved from /home/airflow/.local/lib/python3.8/site-packages/airflow/example_dags/example_sensors.py
[2025-11-06T07:18:24.767+0000] {logging_mixin.py:188} INFO - [2025-11-06T07:18:24.766+0000] {dag.py:3036} INFO - Sync 1 DAGs
[2025-11-06T07:18:24.828+0000] {logging_mixin.py:188} INFO - [2025-11-06T07:18:24.827+0000] {dag.py:3823} INFO - Setting next_dagrun for example_sensors to None, run_after=None
[2025-11-06T07:18:24.919+0000] {processor.py:183} INFO - Processing /home/airflow/.local/lib/python3.8/site-packages/airflow/example_dags/example_sensors.py took 0.413 seconds
[2025-11-06T07:18:55.694+0000] {processor.py:161} INFO - Started process (PID=13208) to work on /home/airflow/.local/lib/python3.8/site-packages/airflow/example_dags/example_sensors.py
[2025-11-06T07:18:55.698+0000] {processor.py:830} INFO - Processing file /home/airflow/.local/lib/python3.8/site-packages/airflow/example_dags/example_sensors.py for tasks to queue
[2025-11-06T07:18:55.707+0000] {logging_mixin.py:188} INFO - [2025-11-06T07:18:55.705+0000] {dagbag.py:538} INFO - Filling up the DagBag from /home/airflow/.local/lib/python3.8/site-packages/airflow/example_dags/example_sensors.py
[2025-11-06T07:18:55.753+0000] {processor.py:840} INFO - DAG(s) 'example_sensors' retrieved from /home/airflow/.local/lib/python3.8/site-packages/airflow/example_dags/example_sensors.py
[2025-11-06T07:18:55.884+0000] {logging_mixin.py:188} INFO - [2025-11-06T07:18:55.883+0000] {dag.py:3036} INFO - Sync 1 DAGs
[2025-11-06T07:18:55.945+0000] {logging_mixin.py:188} INFO - [2025-11-06T07:18:55.944+0000] {dag.py:3823} INFO - Setting next_dagrun for example_sensors to None, run_after=None
[2025-11-06T07:18:56.083+0000] {processor.py:183} INFO - Processing /home/airflow/.local/lib/python3.8/site-packages/airflow/example_dags/example_sensors.py took 0.407 seconds
[2025-11-06T07:19:26.181+0000] {processor.py:161} INFO - Started process (PID=13263) to work on /home/airflow/.local/lib/python3.8/site-packages/airflow/example_dags/example_sensors.py
[2025-11-06T07:19:26.183+0000] {processor.py:830} INFO - Processing file /home/airflow/.local/lib/python3.8/site-packages/airflow/example_dags/example_sensors.py for tasks to queue
[2025-11-06T07:19:26.188+0000] {logging_mixin.py:188} INFO - [2025-11-06T07:19:26.187+0000] {dagbag.py:538} INFO - Filling up the DagBag from /home/airflow/.local/lib/python3.8/site-packages/airflow/example_dags/example_sensors.py
[2025-11-06T07:19:26.204+0000] {processor.py:840} INFO - DAG(s) 'example_sensors' retrieved from /home/airflow/.local/lib/python3.8/site-packages/airflow/example_dags/example_sensors.py
[2025-11-06T07:19:26.255+0000] {logging_mixin.py:188} INFO - [2025-11-06T07:19:26.255+0000] {dag.py:3036} INFO - Sync 1 DAGs
[2025-11-06T07:19:26.279+0000] {logging_mixin.py:188} INFO - [2025-11-06T07:19:26.279+0000] {dag.py:3823} INFO - Setting next_dagrun for example_sensors to None, run_after=None
[2025-11-06T07:19:26.317+0000] {processor.py:183} INFO - Processing /home/airflow/.local/lib/python3.8/site-packages/airflow/example_dags/example_sensors.py took 0.143 seconds
[2025-11-06T07:19:56.849+0000] {processor.py:161} INFO - Started process (PID=13318) to work on /home/airflow/.local/lib/python3.8/site-packages/airflow/example_dags/example_sensors.py
[2025-11-06T07:19:56.853+0000] {processor.py:830} INFO - Processing file /home/airflow/.local/lib/python3.8/site-packages/airflow/example_dags/example_sensors.py for tasks to queue
[2025-11-06T07:19:56.862+0000] {logging_mixin.py:188} INFO - [2025-11-06T07:19:56.860+0000] {dagbag.py:538} INFO - Filling up the DagBag from /home/airflow/.local/lib/python3.8/site-packages/airflow/example_dags/example_sensors.py
[2025-11-06T07:19:56.905+0000] {processor.py:840} INFO - DAG(s) 'example_sensors' retrieved from /home/airflow/.local/lib/python3.8/site-packages/airflow/example_dags/example_sensors.py
[2025-11-06T07:19:57.061+0000] {logging_mixin.py:188} INFO - [2025-11-06T07:19:57.060+0000] {dag.py:3036} INFO - Sync 1 DAGs
[2025-11-06T07:19:57.138+0000] {logging_mixin.py:188} INFO - [2025-11-06T07:19:57.137+0000] {dag.py:3823} INFO - Setting next_dagrun for example_sensors to None, run_after=None
[2025-11-06T07:19:57.264+0000] {processor.py:183} INFO - Processing /home/airflow/.local/lib/python3.8/site-packages/airflow/example_dags/example_sensors.py took 0.430 seconds
[2025-11-06T07:20:27.520+0000] {processor.py:161} INFO - Started process (PID=13373) to work on /home/airflow/.local/lib/python3.8/site-packages/airflow/example_dags/example_sensors.py
[2025-11-06T07:20:27.527+0000] {processor.py:830} INFO - Processing file /home/airflow/.local/lib/python3.8/site-packages/airflow/example_dags/example_sensors.py for tasks to queue
[2025-11-06T07:20:27.537+0000] {logging_mixin.py:188} INFO - [2025-11-06T07:20:27.536+0000] {dagbag.py:538} INFO - Filling up the DagBag from /home/airflow/.local/lib/python3.8/site-packages/airflow/example_dags/example_sensors.py
[2025-11-06T07:20:27.581+0000] {processor.py:840} INFO - DAG(s) 'example_sensors' retrieved from /home/airflow/.local/lib/python3.8/site-packages/airflow/example_dags/example_sensors.py
[2025-11-06T07:20:27.696+0000] {logging_mixin.py:188} INFO - [2025-11-06T07:20:27.696+0000] {dag.py:3036} INFO - Sync 1 DAGs
[2025-11-06T07:20:27.767+0000] {logging_mixin.py:188} INFO - [2025-11-06T07:20:27.766+0000] {dag.py:3823} INFO - Setting next_dagrun for example_sensors to None, run_after=None
[2025-11-06T07:20:27.883+0000] {processor.py:183} INFO - Processing /home/airflow/.local/lib/python3.8/site-packages/airflow/example_dags/example_sensors.py took 0.375 seconds
[2025-11-06T07:20:57.990+0000] {processor.py:161} INFO - Started process (PID=13428) to work on /home/airflow/.local/lib/python3.8/site-packages/airflow/example_dags/example_sensors.py
[2025-11-06T07:20:57.993+0000] {processor.py:830} INFO - Processing file /home/airflow/.local/lib/python3.8/site-packages/airflow/example_dags/example_sensors.py for tasks to queue
[2025-11-06T07:20:57.998+0000] {logging_mixin.py:188} INFO - [2025-11-06T07:20:57.997+0000] {dagbag.py:538} INFO - Filling up the DagBag from /home/airflow/.local/lib/python3.8/site-packages/airflow/example_dags/example_sensors.py
[2025-11-06T07:20:58.021+0000] {processor.py:840} INFO - DAG(s) 'example_sensors' retrieved from /home/airflow/.local/lib/python3.8/site-packages/airflow/example_dags/example_sensors.py
[2025-11-06T07:20:58.080+0000] {logging_mixin.py:188} INFO - [2025-11-06T07:20:58.080+0000] {dag.py:3036} INFO - Sync 1 DAGs
[2025-11-06T07:20:58.128+0000] {logging_mixin.py:188} INFO - [2025-11-06T07:20:58.127+0000] {dag.py:3823} INFO - Setting next_dagrun for example_sensors to None, run_after=None
[2025-11-06T07:20:58.190+0000] {processor.py:183} INFO - Processing /home/airflow/.local/lib/python3.8/site-packages/airflow/example_dags/example_sensors.py took 0.210 seconds
[2025-11-06T07:21:28.505+0000] {processor.py:161} INFO - Started process (PID=13483) to work on /home/airflow/.local/lib/python3.8/site-packages/airflow/example_dags/example_sensors.py
[2025-11-06T07:21:28.513+0000] {processor.py:830} INFO - Processing file /home/airflow/.local/lib/python3.8/site-packages/airflow/example_dags/example_sensors.py for tasks to queue
[2025-11-06T07:21:28.517+0000] {logging_mixin.py:188} INFO - [2025-11-06T07:21:28.517+0000] {dagbag.py:538} INFO - Filling up the DagBag from /home/airflow/.local/lib/python3.8/site-packages/airflow/example_dags/example_sensors.py
[2025-11-06T07:21:28.558+0000] {processor.py:840} INFO - DAG(s) 'example_sensors' retrieved from /home/airflow/.local/lib/python3.8/site-packages/airflow/example_dags/example_sensors.py
[2025-11-06T07:21:28.671+0000] {logging_mixin.py:188} INFO - [2025-11-06T07:21:28.670+0000] {dag.py:3036} INFO - Sync 1 DAGs
[2025-11-06T07:21:28.721+0000] {logging_mixin.py:188} INFO - [2025-11-06T07:21:28.719+0000] {dag.py:3823} INFO - Setting next_dagrun for example_sensors to None, run_after=None
[2025-11-06T07:21:28.798+0000] {processor.py:183} INFO - Processing /home/airflow/.local/lib/python3.8/site-packages/airflow/example_dags/example_sensors.py took 0.302 seconds
[2025-11-06T07:21:59.181+0000] {processor.py:161} INFO - Started process (PID=13537) to work on /home/airflow/.local/lib/python3.8/site-packages/airflow/example_dags/example_sensors.py
[2025-11-06T07:21:59.183+0000] {processor.py:830} INFO - Processing file /home/airflow/.local/lib/python3.8/site-packages/airflow/example_dags/example_sensors.py for tasks to queue
[2025-11-06T07:21:59.189+0000] {logging_mixin.py:188} INFO - [2025-11-06T07:21:59.188+0000] {dagbag.py:538} INFO - Filling up the DagBag from /home/airflow/.local/lib/python3.8/site-packages/airflow/example_dags/example_sensors.py
[2025-11-06T07:21:59.216+0000] {processor.py:840} INFO - DAG(s) 'example_sensors' retrieved from /home/airflow/.local/lib/python3.8/site-packages/airflow/example_dags/example_sensors.py
[2025-11-06T07:21:59.290+0000] {logging_mixin.py:188} INFO - [2025-11-06T07:21:59.289+0000] {dag.py:3036} INFO - Sync 1 DAGs
[2025-11-06T07:21:59.322+0000] {logging_mixin.py:188} INFO - [2025-11-06T07:21:59.322+0000] {dag.py:3823} INFO - Setting next_dagrun for example_sensors to None, run_after=None
[2025-11-06T07:21:59.358+0000] {processor.py:183} INFO - Processing /home/airflow/.local/lib/python3.8/site-packages/airflow/example_dags/example_sensors.py took 0.191 seconds
[2025-11-06T07:22:29.738+0000] {processor.py:161} INFO - Started process (PID=13591) to work on /home/airflow/.local/lib/python3.8/site-packages/airflow/example_dags/example_sensors.py
[2025-11-06T07:22:29.740+0000] {processor.py:830} INFO - Processing file /home/airflow/.local/lib/python3.8/site-packages/airflow/example_dags/example_sensors.py for tasks to queue
[2025-11-06T07:22:29.743+0000] {logging_mixin.py:188} INFO - [2025-11-06T07:22:29.743+0000] {dagbag.py:538} INFO - Filling up the DagBag from /home/airflow/.local/lib/python3.8/site-packages/airflow/example_dags/example_sensors.py
[2025-11-06T07:22:29.763+0000] {processor.py:840} INFO - DAG(s) 'example_sensors' retrieved from /home/airflow/.local/lib/python3.8/site-packages/airflow/example_dags/example_sensors.py
[2025-11-06T07:22:29.879+0000] {logging_mixin.py:188} INFO - [2025-11-06T07:22:29.878+0000] {dag.py:3036} INFO - Sync 1 DAGs
[2025-11-06T07:22:29.971+0000] {logging_mixin.py:188} INFO - [2025-11-06T07:22:29.970+0000] {dag.py:3823} INFO - Setting next_dagrun for example_sensors to None, run_after=None
[2025-11-06T07:22:30.066+0000] {processor.py:183} INFO - Processing /home/airflow/.local/lib/python3.8/site-packages/airflow/example_dags/example_sensors.py took 0.333 seconds
[2025-11-06T07:23:00.508+0000] {processor.py:161} INFO - Started process (PID=13644) to work on /home/airflow/.local/lib/python3.8/site-packages/airflow/example_dags/example_sensors.py
[2025-11-06T07:23:00.511+0000] {processor.py:830} INFO - Processing file /home/airflow/.local/lib/python3.8/site-packages/airflow/example_dags/example_sensors.py for tasks to queue
[2025-11-06T07:23:00.517+0000] {logging_mixin.py:188} INFO - [2025-11-06T07:23:00.517+0000] {dagbag.py:538} INFO - Filling up the DagBag from /home/airflow/.local/lib/python3.8/site-packages/airflow/example_dags/example_sensors.py
[2025-11-06T07:23:00.548+0000] {processor.py:840} INFO - DAG(s) 'example_sensors' retrieved from /home/airflow/.local/lib/python3.8/site-packages/airflow/example_dags/example_sensors.py
[2025-11-06T07:23:00.615+0000] {logging_mixin.py:188} INFO - [2025-11-06T07:23:00.614+0000] {dag.py:3036} INFO - Sync 1 DAGs
[2025-11-06T07:23:00.648+0000] {logging_mixin.py:188} INFO - [2025-11-06T07:23:00.647+0000] {dag.py:3823} INFO - Setting next_dagrun for example_sensors to None, run_after=None
[2025-11-06T07:23:00.698+0000] {processor.py:183} INFO - Processing /home/airflow/.local/lib/python3.8/site-packages/airflow/example_dags/example_sensors.py took 0.200 seconds
[2025-11-06T07:23:30.974+0000] {processor.py:161} INFO - Started process (PID=13699) to work on /home/airflow/.local/lib/python3.8/site-packages/airflow/example_dags/example_sensors.py
[2025-11-06T07:23:30.977+0000] {processor.py:830} INFO - Processing file /home/airflow/.local/lib/python3.8/site-packages/airflow/example_dags/example_sensors.py for tasks to queue
[2025-11-06T07:23:30.981+0000] {logging_mixin.py:188} INFO - [2025-11-06T07:23:30.980+0000] {dagbag.py:538} INFO - Filling up the DagBag from /home/airflow/.local/lib/python3.8/site-packages/airflow/example_dags/example_sensors.py
[2025-11-06T07:23:31.001+0000] {processor.py:840} INFO - DAG(s) 'example_sensors' retrieved from /home/airflow/.local/lib/python3.8/site-packages/airflow/example_dags/example_sensors.py
[2025-11-06T07:23:31.059+0000] {logging_mixin.py:188} INFO - [2025-11-06T07:23:31.058+0000] {dag.py:3036} INFO - Sync 1 DAGs
[2025-11-06T07:23:31.105+0000] {logging_mixin.py:188} INFO - [2025-11-06T07:23:31.104+0000] {dag.py:3823} INFO - Setting next_dagrun for example_sensors to None, run_after=None
[2025-11-06T07:23:31.209+0000] {processor.py:183} INFO - Processing /home/airflow/.local/lib/python3.8/site-packages/airflow/example_dags/example_sensors.py took 0.244 seconds
[2025-11-06T07:24:02.156+0000] {processor.py:161} INFO - Started process (PID=13754) to work on /home/airflow/.local/lib/python3.8/site-packages/airflow/example_dags/example_sensors.py
[2025-11-06T07:24:02.158+0000] {processor.py:830} INFO - Processing file /home/airflow/.local/lib/python3.8/site-packages/airflow/example_dags/example_sensors.py for tasks to queue
[2025-11-06T07:24:02.165+0000] {logging_mixin.py:188} INFO - [2025-11-06T07:24:02.165+0000] {dagbag.py:538} INFO - Filling up the DagBag from /home/airflow/.local/lib/python3.8/site-packages/airflow/example_dags/example_sensors.py
[2025-11-06T07:24:02.235+0000] {processor.py:840} INFO - DAG(s) 'example_sensors' retrieved from /home/airflow/.local/lib/python3.8/site-packages/airflow/example_dags/example_sensors.py
[2025-11-06T07:24:02.293+0000] {logging_mixin.py:188} INFO - [2025-11-06T07:24:02.293+0000] {dag.py:3036} INFO - Sync 1 DAGs
[2025-11-06T07:24:02.323+0000] {logging_mixin.py:188} INFO - [2025-11-06T07:24:02.322+0000] {dag.py:3823} INFO - Setting next_dagrun for example_sensors to None, run_after=None
[2025-11-06T07:24:02.357+0000] {processor.py:183} INFO - Processing /home/airflow/.local/lib/python3.8/site-packages/airflow/example_dags/example_sensors.py took 0.178 seconds
[2025-11-06T07:24:32.933+0000] {processor.py:161} INFO - Started process (PID=13809) to work on /home/airflow/.local/lib/python3.8/site-packages/airflow/example_dags/example_sensors.py
[2025-11-06T07:24:32.936+0000] {processor.py:830} INFO - Processing file /home/airflow/.local/lib/python3.8/site-packages/airflow/example_dags/example_sensors.py for tasks to queue
[2025-11-06T07:24:32.940+0000] {logging_mixin.py:188} INFO - [2025-11-06T07:24:32.940+0000] {dagbag.py:538} INFO - Filling up the DagBag from /home/airflow/.local/lib/python3.8/site-packages/airflow/example_dags/example_sensors.py
[2025-11-06T07:24:32.959+0000] {processor.py:840} INFO - DAG(s) 'example_sensors' retrieved from /home/airflow/.local/lib/python3.8/site-packages/airflow/example_dags/example_sensors.py
[2025-11-06T07:24:33.013+0000] {logging_mixin.py:188} INFO - [2025-11-06T07:24:33.013+0000] {dag.py:3036} INFO - Sync 1 DAGs
[2025-11-06T07:24:33.043+0000] {logging_mixin.py:188} INFO - [2025-11-06T07:24:33.042+0000] {dag.py:3823} INFO - Setting next_dagrun for example_sensors to None, run_after=None
[2025-11-06T07:24:33.083+0000] {processor.py:183} INFO - Processing /home/airflow/.local/lib/python3.8/site-packages/airflow/example_dags/example_sensors.py took 0.157 seconds
[2025-11-06T07:25:03.396+0000] {processor.py:161} INFO - Started process (PID=13864) to work on /home/airflow/.local/lib/python3.8/site-packages/airflow/example_dags/example_sensors.py
[2025-11-06T07:25:03.399+0000] {processor.py:830} INFO - Processing file /home/airflow/.local/lib/python3.8/site-packages/airflow/example_dags/example_sensors.py for tasks to queue
[2025-11-06T07:25:03.405+0000] {logging_mixin.py:188} INFO - [2025-11-06T07:25:03.404+0000] {dagbag.py:538} INFO - Filling up the DagBag from /home/airflow/.local/lib/python3.8/site-packages/airflow/example_dags/example_sensors.py
[2025-11-06T07:25:03.453+0000] {processor.py:840} INFO - DAG(s) 'example_sensors' retrieved from /home/airflow/.local/lib/python3.8/site-packages/airflow/example_dags/example_sensors.py
[2025-11-06T07:25:03.645+0000] {logging_mixin.py:188} INFO - [2025-11-06T07:25:03.645+0000] {dag.py:3036} INFO - Sync 1 DAGs
[2025-11-06T07:25:03.707+0000] {logging_mixin.py:188} INFO - [2025-11-06T07:25:03.706+0000] {dag.py:3823} INFO - Setting next_dagrun for example_sensors to None, run_after=None
[2025-11-06T07:25:03.825+0000] {processor.py:183} INFO - Processing /home/airflow/.local/lib/python3.8/site-packages/airflow/example_dags/example_sensors.py took 0.457 seconds
[2025-11-06T07:25:34.162+0000] {processor.py:161} INFO - Started process (PID=13913) to work on /home/airflow/.local/lib/python3.8/site-packages/airflow/example_dags/example_sensors.py
[2025-11-06T07:25:34.166+0000] {processor.py:830} INFO - Processing file /home/airflow/.local/lib/python3.8/site-packages/airflow/example_dags/example_sensors.py for tasks to queue
[2025-11-06T07:25:34.181+0000] {logging_mixin.py:188} INFO - [2025-11-06T07:25:34.180+0000] {dagbag.py:538} INFO - Filling up the DagBag from /home/airflow/.local/lib/python3.8/site-packages/airflow/example_dags/example_sensors.py
[2025-11-06T07:25:34.230+0000] {processor.py:840} INFO - DAG(s) 'example_sensors' retrieved from /home/airflow/.local/lib/python3.8/site-packages/airflow/example_dags/example_sensors.py
[2025-11-06T07:25:34.389+0000] {logging_mixin.py:188} INFO - [2025-11-06T07:25:34.388+0000] {dag.py:3036} INFO - Sync 1 DAGs
[2025-11-06T07:25:34.461+0000] {logging_mixin.py:188} INFO - [2025-11-06T07:25:34.460+0000] {dag.py:3823} INFO - Setting next_dagrun for example_sensors to None, run_after=None
[2025-11-06T07:25:34.564+0000] {processor.py:183} INFO - Processing /home/airflow/.local/lib/python3.8/site-packages/airflow/example_dags/example_sensors.py took 0.423 seconds
[2025-11-06T07:26:04.666+0000] {processor.py:161} INFO - Started process (PID=13968) to work on /home/airflow/.local/lib/python3.8/site-packages/airflow/example_dags/example_sensors.py
[2025-11-06T07:26:04.668+0000] {processor.py:830} INFO - Processing file /home/airflow/.local/lib/python3.8/site-packages/airflow/example_dags/example_sensors.py for tasks to queue
[2025-11-06T07:26:04.675+0000] {logging_mixin.py:188} INFO - [2025-11-06T07:26:04.674+0000] {dagbag.py:538} INFO - Filling up the DagBag from /home/airflow/.local/lib/python3.8/site-packages/airflow/example_dags/example_sensors.py
[2025-11-06T07:26:04.714+0000] {processor.py:840} INFO - DAG(s) 'example_sensors' retrieved from /home/airflow/.local/lib/python3.8/site-packages/airflow/example_dags/example_sensors.py
[2025-11-06T07:26:04.848+0000] {logging_mixin.py:188} INFO - [2025-11-06T07:26:04.847+0000] {dag.py:3036} INFO - Sync 1 DAGs
[2025-11-06T07:26:04.905+0000] {logging_mixin.py:188} INFO - [2025-11-06T07:26:04.904+0000] {dag.py:3823} INFO - Setting next_dagrun for example_sensors to None, run_after=None
[2025-11-06T07:26:04.961+0000] {processor.py:183} INFO - Processing /home/airflow/.local/lib/python3.8/site-packages/airflow/example_dags/example_sensors.py took 0.304 seconds
[2025-11-06T07:26:35.743+0000] {processor.py:161} INFO - Started process (PID=14022) to work on /home/airflow/.local/lib/python3.8/site-packages/airflow/example_dags/example_sensors.py
[2025-11-06T07:26:35.746+0000] {processor.py:830} INFO - Processing file /home/airflow/.local/lib/python3.8/site-packages/airflow/example_dags/example_sensors.py for tasks to queue
[2025-11-06T07:26:35.749+0000] {logging_mixin.py:188} INFO - [2025-11-06T07:26:35.749+0000] {dagbag.py:538} INFO - Filling up the DagBag from /home/airflow/.local/lib/python3.8/site-packages/airflow/example_dags/example_sensors.py
[2025-11-06T07:26:35.764+0000] {processor.py:840} INFO - DAG(s) 'example_sensors' retrieved from /home/airflow/.local/lib/python3.8/site-packages/airflow/example_dags/example_sensors.py
[2025-11-06T07:26:35.806+0000] {logging_mixin.py:188} INFO - [2025-11-06T07:26:35.806+0000] {dag.py:3036} INFO - Sync 1 DAGs
[2025-11-06T07:26:35.832+0000] {logging_mixin.py:188} INFO - [2025-11-06T07:26:35.832+0000] {dag.py:3823} INFO - Setting next_dagrun for example_sensors to None, run_after=None
[2025-11-06T07:26:35.870+0000] {processor.py:183} INFO - Processing /home/airflow/.local/lib/python3.8/site-packages/airflow/example_dags/example_sensors.py took 0.134 seconds
[2025-11-06T07:27:06.485+0000] {processor.py:161} INFO - Started process (PID=14077) to work on /home/airflow/.local/lib/python3.8/site-packages/airflow/example_dags/example_sensors.py
[2025-11-06T07:27:06.489+0000] {processor.py:830} INFO - Processing file /home/airflow/.local/lib/python3.8/site-packages/airflow/example_dags/example_sensors.py for tasks to queue
[2025-11-06T07:27:06.497+0000] {logging_mixin.py:188} INFO - [2025-11-06T07:27:06.496+0000] {dagbag.py:538} INFO - Filling up the DagBag from /home/airflow/.local/lib/python3.8/site-packages/airflow/example_dags/example_sensors.py
[2025-11-06T07:27:06.522+0000] {processor.py:840} INFO - DAG(s) 'example_sensors' retrieved from /home/airflow/.local/lib/python3.8/site-packages/airflow/example_dags/example_sensors.py
[2025-11-06T07:27:06.625+0000] {logging_mixin.py:188} INFO - [2025-11-06T07:27:06.624+0000] {dag.py:3036} INFO - Sync 1 DAGs
[2025-11-06T07:27:06.691+0000] {logging_mixin.py:188} INFO - [2025-11-06T07:27:06.691+0000] {dag.py:3823} INFO - Setting next_dagrun for example_sensors to None, run_after=None
[2025-11-06T07:27:06.765+0000] {processor.py:183} INFO - Processing /home/airflow/.local/lib/python3.8/site-packages/airflow/example_dags/example_sensors.py took 0.290 seconds
[2025-11-06T07:27:36.867+0000] {processor.py:161} INFO - Started process (PID=14131) to work on /home/airflow/.local/lib/python3.8/site-packages/airflow/example_dags/example_sensors.py
[2025-11-06T07:27:36.869+0000] {processor.py:830} INFO - Processing file /home/airflow/.local/lib/python3.8/site-packages/airflow/example_dags/example_sensors.py for tasks to queue
[2025-11-06T07:27:36.873+0000] {logging_mixin.py:188} INFO - [2025-11-06T07:27:36.872+0000] {dagbag.py:538} INFO - Filling up the DagBag from /home/airflow/.local/lib/python3.8/site-packages/airflow/example_dags/example_sensors.py
[2025-11-06T07:27:36.894+0000] {processor.py:840} INFO - DAG(s) 'example_sensors' retrieved from /home/airflow/.local/lib/python3.8/site-packages/airflow/example_dags/example_sensors.py
[2025-11-06T07:27:36.955+0000] {logging_mixin.py:188} INFO - [2025-11-06T07:27:36.954+0000] {dag.py:3036} INFO - Sync 1 DAGs
[2025-11-06T07:27:36.982+0000] {logging_mixin.py:188} INFO - [2025-11-06T07:27:36.981+0000] {dag.py:3823} INFO - Setting next_dagrun for example_sensors to None, run_after=None
[2025-11-06T07:27:37.033+0000] {processor.py:183} INFO - Processing /home/airflow/.local/lib/python3.8/site-packages/airflow/example_dags/example_sensors.py took 0.173 seconds
[2025-11-06T07:28:08.136+0000] {processor.py:161} INFO - Started process (PID=14186) to work on /home/airflow/.local/lib/python3.8/site-packages/airflow/example_dags/example_sensors.py
[2025-11-06T07:28:08.140+0000] {processor.py:830} INFO - Processing file /home/airflow/.local/lib/python3.8/site-packages/airflow/example_dags/example_sensors.py for tasks to queue
[2025-11-06T07:28:08.148+0000] {logging_mixin.py:188} INFO - [2025-11-06T07:28:08.147+0000] {dagbag.py:538} INFO - Filling up the DagBag from /home/airflow/.local/lib/python3.8/site-packages/airflow/example_dags/example_sensors.py
[2025-11-06T07:28:08.209+0000] {processor.py:840} INFO - DAG(s) 'example_sensors' retrieved from /home/airflow/.local/lib/python3.8/site-packages/airflow/example_dags/example_sensors.py
[2025-11-06T07:28:08.336+0000] {logging_mixin.py:188} INFO - [2025-11-06T07:28:08.335+0000] {dag.py:3036} INFO - Sync 1 DAGs
[2025-11-06T07:28:08.409+0000] {logging_mixin.py:188} INFO - [2025-11-06T07:28:08.408+0000] {dag.py:3823} INFO - Setting next_dagrun for example_sensors to None, run_after=None
[2025-11-06T07:28:08.521+0000] {processor.py:183} INFO - Processing /home/airflow/.local/lib/python3.8/site-packages/airflow/example_dags/example_sensors.py took 0.403 seconds
[2025-11-06T07:28:39.150+0000] {processor.py:161} INFO - Started process (PID=14247) to work on /home/airflow/.local/lib/python3.8/site-packages/airflow/example_dags/example_sensors.py
[2025-11-06T07:28:39.151+0000] {processor.py:830} INFO - Processing file /home/airflow/.local/lib/python3.8/site-packages/airflow/example_dags/example_sensors.py for tasks to queue
[2025-11-06T07:28:39.156+0000] {logging_mixin.py:188} INFO - [2025-11-06T07:28:39.155+0000] {dagbag.py:538} INFO - Filling up the DagBag from /home/airflow/.local/lib/python3.8/site-packages/airflow/example_dags/example_sensors.py
[2025-11-06T07:28:39.174+0000] {processor.py:840} INFO - DAG(s) 'example_sensors' retrieved from /home/airflow/.local/lib/python3.8/site-packages/airflow/example_dags/example_sensors.py
[2025-11-06T07:28:39.217+0000] {logging_mixin.py:188} INFO - [2025-11-06T07:28:39.217+0000] {dag.py:3036} INFO - Sync 1 DAGs
[2025-11-06T07:28:39.238+0000] {logging_mixin.py:188} INFO - [2025-11-06T07:28:39.238+0000] {dag.py:3823} INFO - Setting next_dagrun for example_sensors to None, run_after=None
[2025-11-06T07:28:39.278+0000] {processor.py:183} INFO - Processing /home/airflow/.local/lib/python3.8/site-packages/airflow/example_dags/example_sensors.py took 0.135 seconds
[2025-11-06T07:29:11.860+0000] {processor.py:161} INFO - Started process (PID=14303) to work on /home/airflow/.local/lib/python3.8/site-packages/airflow/example_dags/example_sensors.py
[2025-11-06T07:29:11.877+0000] {processor.py:830} INFO - Processing file /home/airflow/.local/lib/python3.8/site-packages/airflow/example_dags/example_sensors.py for tasks to queue
[2025-11-06T07:29:11.895+0000] {logging_mixin.py:188} INFO - [2025-11-06T07:29:11.894+0000] {dagbag.py:538} INFO - Filling up the DagBag from /home/airflow/.local/lib/python3.8/site-packages/airflow/example_dags/example_sensors.py
[2025-11-06T07:29:11.974+0000] {processor.py:840} INFO - DAG(s) 'example_sensors' retrieved from /home/airflow/.local/lib/python3.8/site-packages/airflow/example_dags/example_sensors.py
[2025-11-06T07:29:12.144+0000] {logging_mixin.py:188} INFO - [2025-11-06T07:29:12.142+0000] {dag.py:3036} INFO - Sync 1 DAGs
[2025-11-06T07:29:12.241+0000] {logging_mixin.py:188} INFO - [2025-11-06T07:29:12.241+0000] {dag.py:3823} INFO - Setting next_dagrun for example_sensors to None, run_after=None
[2025-11-06T07:29:12.378+0000] {processor.py:183} INFO - Processing /home/airflow/.local/lib/python3.8/site-packages/airflow/example_dags/example_sensors.py took 0.533 seconds
[2025-11-06T07:29:43.836+0000] {processor.py:161} INFO - Started process (PID=14358) to work on /home/airflow/.local/lib/python3.8/site-packages/airflow/example_dags/example_sensors.py
[2025-11-06T07:29:43.840+0000] {processor.py:830} INFO - Processing file /home/airflow/.local/lib/python3.8/site-packages/airflow/example_dags/example_sensors.py for tasks to queue
[2025-11-06T07:29:43.847+0000] {logging_mixin.py:188} INFO - [2025-11-06T07:29:43.846+0000] {dagbag.py:538} INFO - Filling up the DagBag from /home/airflow/.local/lib/python3.8/site-packages/airflow/example_dags/example_sensors.py
[2025-11-06T07:29:43.879+0000] {processor.py:840} INFO - DAG(s) 'example_sensors' retrieved from /home/airflow/.local/lib/python3.8/site-packages/airflow/example_dags/example_sensors.py
[2025-11-06T07:29:43.970+0000] {logging_mixin.py:188} INFO - [2025-11-06T07:29:43.969+0000] {dag.py:3036} INFO - Sync 1 DAGs
[2025-11-06T07:29:44.021+0000] {logging_mixin.py:188} INFO - [2025-11-06T07:29:44.020+0000] {dag.py:3823} INFO - Setting next_dagrun for example_sensors to None, run_after=None
[2025-11-06T07:29:44.098+0000] {processor.py:183} INFO - Processing /home/airflow/.local/lib/python3.8/site-packages/airflow/example_dags/example_sensors.py took 0.272 seconds
[2025-11-06T07:30:15.458+0000] {processor.py:161} INFO - Started process (PID=14413) to work on /home/airflow/.local/lib/python3.8/site-packages/airflow/example_dags/example_sensors.py
[2025-11-06T07:30:15.471+0000] {processor.py:830} INFO - Processing file /home/airflow/.local/lib/python3.8/site-packages/airflow/example_dags/example_sensors.py for tasks to queue
[2025-11-06T07:30:15.489+0000] {logging_mixin.py:188} INFO - [2025-11-06T07:30:15.488+0000] {dagbag.py:538} INFO - Filling up the DagBag from /home/airflow/.local/lib/python3.8/site-packages/airflow/example_dags/example_sensors.py
[2025-11-06T07:30:15.587+0000] {processor.py:840} INFO - DAG(s) 'example_sensors' retrieved from /home/airflow/.local/lib/python3.8/site-packages/airflow/example_dags/example_sensors.py
[2025-11-06T07:30:15.942+0000] {logging_mixin.py:188} INFO - [2025-11-06T07:30:15.941+0000] {dag.py:3036} INFO - Sync 1 DAGs
[2025-11-06T07:30:16.111+0000] {logging_mixin.py:188} INFO - [2025-11-06T07:30:16.111+0000] {dag.py:3823} INFO - Setting next_dagrun for example_sensors to None, run_after=None
[2025-11-06T07:30:16.325+0000] {processor.py:183} INFO - Processing /home/airflow/.local/lib/python3.8/site-packages/airflow/example_dags/example_sensors.py took 0.888 seconds
[2025-11-06T07:30:46.827+0000] {processor.py:161} INFO - Started process (PID=14468) to work on /home/airflow/.local/lib/python3.8/site-packages/airflow/example_dags/example_sensors.py
[2025-11-06T07:30:46.832+0000] {processor.py:830} INFO - Processing file /home/airflow/.local/lib/python3.8/site-packages/airflow/example_dags/example_sensors.py for tasks to queue
[2025-11-06T07:30:46.849+0000] {logging_mixin.py:188} INFO - [2025-11-06T07:30:46.848+0000] {dagbag.py:538} INFO - Filling up the DagBag from /home/airflow/.local/lib/python3.8/site-packages/airflow/example_dags/example_sensors.py
[2025-11-06T07:30:46.946+0000] {processor.py:840} INFO - DAG(s) 'example_sensors' retrieved from /home/airflow/.local/lib/python3.8/site-packages/airflow/example_dags/example_sensors.py
[2025-11-06T07:30:47.191+0000] {logging_mixin.py:188} INFO - [2025-11-06T07:30:47.190+0000] {dag.py:3036} INFO - Sync 1 DAGs
[2025-11-06T07:30:47.325+0000] {logging_mixin.py:188} INFO - [2025-11-06T07:30:47.323+0000] {dag.py:3823} INFO - Setting next_dagrun for example_sensors to None, run_after=None
[2025-11-06T07:30:47.469+0000] {processor.py:183} INFO - Processing /home/airflow/.local/lib/python3.8/site-packages/airflow/example_dags/example_sensors.py took 0.674 seconds
[2025-11-06T07:31:18.036+0000] {processor.py:161} INFO - Started process (PID=14522) to work on /home/airflow/.local/lib/python3.8/site-packages/airflow/example_dags/example_sensors.py
[2025-11-06T07:31:18.050+0000] {processor.py:830} INFO - Processing file /home/airflow/.local/lib/python3.8/site-packages/airflow/example_dags/example_sensors.py for tasks to queue
[2025-11-06T07:31:18.075+0000] {logging_mixin.py:188} INFO - [2025-11-06T07:31:18.074+0000] {dagbag.py:538} INFO - Filling up the DagBag from /home/airflow/.local/lib/python3.8/site-packages/airflow/example_dags/example_sensors.py
[2025-11-06T07:31:18.132+0000] {processor.py:840} INFO - DAG(s) 'example_sensors' retrieved from /home/airflow/.local/lib/python3.8/site-packages/airflow/example_dags/example_sensors.py
[2025-11-06T07:31:18.280+0000] {logging_mixin.py:188} INFO - [2025-11-06T07:31:18.279+0000] {dag.py:3036} INFO - Sync 1 DAGs
[2025-11-06T07:31:18.395+0000] {logging_mixin.py:188} INFO - [2025-11-06T07:31:18.394+0000] {dag.py:3823} INFO - Setting next_dagrun for example_sensors to None, run_after=None
[2025-11-06T07:31:18.538+0000] {processor.py:183} INFO - Processing /home/airflow/.local/lib/python3.8/site-packages/airflow/example_dags/example_sensors.py took 0.543 seconds
[2025-11-06T07:31:49.144+0000] {processor.py:161} INFO - Started process (PID=14577) to work on /home/airflow/.local/lib/python3.8/site-packages/airflow/example_dags/example_sensors.py
[2025-11-06T07:31:49.158+0000] {processor.py:830} INFO - Processing file /home/airflow/.local/lib/python3.8/site-packages/airflow/example_dags/example_sensors.py for tasks to queue
[2025-11-06T07:31:49.176+0000] {logging_mixin.py:188} INFO - [2025-11-06T07:31:49.165+0000] {dagbag.py:538} INFO - Filling up the DagBag from /home/airflow/.local/lib/python3.8/site-packages/airflow/example_dags/example_sensors.py
[2025-11-06T07:31:49.242+0000] {processor.py:840} INFO - DAG(s) 'example_sensors' retrieved from /home/airflow/.local/lib/python3.8/site-packages/airflow/example_dags/example_sensors.py
[2025-11-06T07:31:49.440+0000] {logging_mixin.py:188} INFO - [2025-11-06T07:31:49.439+0000] {dag.py:3036} INFO - Sync 1 DAGs
[2025-11-06T07:31:49.502+0000] {logging_mixin.py:188} INFO - [2025-11-06T07:31:49.501+0000] {dag.py:3823} INFO - Setting next_dagrun for example_sensors to None, run_after=None
[2025-11-06T07:31:49.666+0000] {processor.py:183} INFO - Processing /home/airflow/.local/lib/python3.8/site-packages/airflow/example_dags/example_sensors.py took 0.536 seconds
[2025-11-06T07:32:20.128+0000] {processor.py:161} INFO - Started process (PID=14633) to work on /home/airflow/.local/lib/python3.8/site-packages/airflow/example_dags/example_sensors.py
[2025-11-06T07:32:20.133+0000] {processor.py:830} INFO - Processing file /home/airflow/.local/lib/python3.8/site-packages/airflow/example_dags/example_sensors.py for tasks to queue
[2025-11-06T07:32:20.141+0000] {logging_mixin.py:188} INFO - [2025-11-06T07:32:20.140+0000] {dagbag.py:538} INFO - Filling up the DagBag from /home/airflow/.local/lib/python3.8/site-packages/airflow/example_dags/example_sensors.py
[2025-11-06T07:32:20.176+0000] {processor.py:840} INFO - DAG(s) 'example_sensors' retrieved from /home/airflow/.local/lib/python3.8/site-packages/airflow/example_dags/example_sensors.py
[2025-11-06T07:32:20.324+0000] {logging_mixin.py:188} INFO - [2025-11-06T07:32:20.323+0000] {dag.py:3036} INFO - Sync 1 DAGs
[2025-11-06T07:32:20.414+0000] {logging_mixin.py:188} INFO - [2025-11-06T07:32:20.413+0000] {dag.py:3823} INFO - Setting next_dagrun for example_sensors to None, run_after=None
[2025-11-06T07:32:20.542+0000] {processor.py:183} INFO - Processing /home/airflow/.local/lib/python3.8/site-packages/airflow/example_dags/example_sensors.py took 0.423 seconds
[2025-11-06T07:32:51.437+0000] {processor.py:161} INFO - Started process (PID=14689) to work on /home/airflow/.local/lib/python3.8/site-packages/airflow/example_dags/example_sensors.py
[2025-11-06T07:32:51.440+0000] {processor.py:830} INFO - Processing file /home/airflow/.local/lib/python3.8/site-packages/airflow/example_dags/example_sensors.py for tasks to queue
[2025-11-06T07:32:51.447+0000] {logging_mixin.py:188} INFO - [2025-11-06T07:32:51.446+0000] {dagbag.py:538} INFO - Filling up the DagBag from /home/airflow/.local/lib/python3.8/site-packages/airflow/example_dags/example_sensors.py
[2025-11-06T07:32:51.489+0000] {processor.py:840} INFO - DAG(s) 'example_sensors' retrieved from /home/airflow/.local/lib/python3.8/site-packages/airflow/example_dags/example_sensors.py
[2025-11-06T07:32:51.574+0000] {logging_mixin.py:188} INFO - [2025-11-06T07:32:51.574+0000] {dag.py:3036} INFO - Sync 1 DAGs
[2025-11-06T07:32:51.635+0000] {logging_mixin.py:188} INFO - [2025-11-06T07:32:51.635+0000] {dag.py:3823} INFO - Setting next_dagrun for example_sensors to None, run_after=None
[2025-11-06T07:32:51.710+0000] {processor.py:183} INFO - Processing /home/airflow/.local/lib/python3.8/site-packages/airflow/example_dags/example_sensors.py took 0.287 seconds
[2025-11-06T07:33:22.170+0000] {processor.py:161} INFO - Started process (PID=14744) to work on /home/airflow/.local/lib/python3.8/site-packages/airflow/example_dags/example_sensors.py
[2025-11-06T07:33:22.184+0000] {processor.py:830} INFO - Processing file /home/airflow/.local/lib/python3.8/site-packages/airflow/example_dags/example_sensors.py for tasks to queue
[2025-11-06T07:33:22.204+0000] {logging_mixin.py:188} INFO - [2025-11-06T07:33:22.199+0000] {dagbag.py:538} INFO - Filling up the DagBag from /home/airflow/.local/lib/python3.8/site-packages/airflow/example_dags/example_sensors.py
[2025-11-06T07:33:22.283+0000] {processor.py:840} INFO - DAG(s) 'example_sensors' retrieved from /home/airflow/.local/lib/python3.8/site-packages/airflow/example_dags/example_sensors.py
[2025-11-06T07:33:22.426+0000] {logging_mixin.py:188} INFO - [2025-11-06T07:33:22.425+0000] {dag.py:3036} INFO - Sync 1 DAGs
[2025-11-06T07:33:22.502+0000] {logging_mixin.py:188} INFO - [2025-11-06T07:33:22.502+0000] {dag.py:3823} INFO - Setting next_dagrun for example_sensors to None, run_after=None
[2025-11-06T07:33:22.646+0000] {processor.py:183} INFO - Processing /home/airflow/.local/lib/python3.8/site-packages/airflow/example_dags/example_sensors.py took 0.497 seconds
[2025-11-06T07:33:53.557+0000] {processor.py:161} INFO - Started process (PID=14799) to work on /home/airflow/.local/lib/python3.8/site-packages/airflow/example_dags/example_sensors.py
[2025-11-06T07:33:53.560+0000] {processor.py:830} INFO - Processing file /home/airflow/.local/lib/python3.8/site-packages/airflow/example_dags/example_sensors.py for tasks to queue
[2025-11-06T07:33:53.564+0000] {logging_mixin.py:188} INFO - [2025-11-06T07:33:53.563+0000] {dagbag.py:538} INFO - Filling up the DagBag from /home/airflow/.local/lib/python3.8/site-packages/airflow/example_dags/example_sensors.py
[2025-11-06T07:33:53.580+0000] {processor.py:840} INFO - DAG(s) 'example_sensors' retrieved from /home/airflow/.local/lib/python3.8/site-packages/airflow/example_dags/example_sensors.py
[2025-11-06T07:33:53.626+0000] {logging_mixin.py:188} INFO - [2025-11-06T07:33:53.626+0000] {dag.py:3036} INFO - Sync 1 DAGs
[2025-11-06T07:33:53.648+0000] {logging_mixin.py:188} INFO - [2025-11-06T07:33:53.648+0000] {dag.py:3823} INFO - Setting next_dagrun for example_sensors to None, run_after=None
[2025-11-06T07:33:53.688+0000] {processor.py:183} INFO - Processing /home/airflow/.local/lib/python3.8/site-packages/airflow/example_dags/example_sensors.py took 0.138 seconds
[2025-11-06T07:34:24.964+0000] {processor.py:161} INFO - Started process (PID=14854) to work on /home/airflow/.local/lib/python3.8/site-packages/airflow/example_dags/example_sensors.py
[2025-11-06T07:34:24.980+0000] {processor.py:830} INFO - Processing file /home/airflow/.local/lib/python3.8/site-packages/airflow/example_dags/example_sensors.py for tasks to queue
[2025-11-06T07:34:24.997+0000] {logging_mixin.py:188} INFO - [2025-11-06T07:34:24.996+0000] {dagbag.py:538} INFO - Filling up the DagBag from /home/airflow/.local/lib/python3.8/site-packages/airflow/example_dags/example_sensors.py
[2025-11-06T07:34:25.140+0000] {processor.py:840} INFO - DAG(s) 'example_sensors' retrieved from /home/airflow/.local/lib/python3.8/site-packages/airflow/example_dags/example_sensors.py
[2025-11-06T07:34:25.371+0000] {logging_mixin.py:188} INFO - [2025-11-06T07:34:25.370+0000] {dag.py:3036} INFO - Sync 1 DAGs
[2025-11-06T07:34:25.461+0000] {logging_mixin.py:188} INFO - [2025-11-06T07:34:25.460+0000] {dag.py:3823} INFO - Setting next_dagrun for example_sensors to None, run_after=None
[2025-11-06T07:34:25.598+0000] {processor.py:183} INFO - Processing /home/airflow/.local/lib/python3.8/site-packages/airflow/example_dags/example_sensors.py took 0.695 seconds
[2025-11-06T07:34:55.896+0000] {processor.py:161} INFO - Started process (PID=14909) to work on /home/airflow/.local/lib/python3.8/site-packages/airflow/example_dags/example_sensors.py
[2025-11-06T07:34:55.898+0000] {processor.py:830} INFO - Processing file /home/airflow/.local/lib/python3.8/site-packages/airflow/example_dags/example_sensors.py for tasks to queue
[2025-11-06T07:34:55.901+0000] {logging_mixin.py:188} INFO - [2025-11-06T07:34:55.901+0000] {dagbag.py:538} INFO - Filling up the DagBag from /home/airflow/.local/lib/python3.8/site-packages/airflow/example_dags/example_sensors.py
[2025-11-06T07:34:55.918+0000] {processor.py:840} INFO - DAG(s) 'example_sensors' retrieved from /home/airflow/.local/lib/python3.8/site-packages/airflow/example_dags/example_sensors.py
[2025-11-06T07:34:55.976+0000] {logging_mixin.py:188} INFO - [2025-11-06T07:34:55.976+0000] {dag.py:3036} INFO - Sync 1 DAGs
[2025-11-06T07:34:55.999+0000] {logging_mixin.py:188} INFO - [2025-11-06T07:34:55.999+0000] {dag.py:3823} INFO - Setting next_dagrun for example_sensors to None, run_after=None
[2025-11-06T07:34:56.038+0000] {processor.py:183} INFO - Processing /home/airflow/.local/lib/python3.8/site-packages/airflow/example_dags/example_sensors.py took 0.150 seconds
[2025-11-06T07:35:26.577+0000] {processor.py:161} INFO - Started process (PID=14962) to work on /home/airflow/.local/lib/python3.8/site-packages/airflow/example_dags/example_sensors.py
[2025-11-06T07:35:26.592+0000] {processor.py:830} INFO - Processing file /home/airflow/.local/lib/python3.8/site-packages/airflow/example_dags/example_sensors.py for tasks to queue
[2025-11-06T07:35:26.614+0000] {logging_mixin.py:188} INFO - [2025-11-06T07:35:26.613+0000] {dagbag.py:538} INFO - Filling up the DagBag from /home/airflow/.local/lib/python3.8/site-packages/airflow/example_dags/example_sensors.py
[2025-11-06T07:35:26.739+0000] {processor.py:840} INFO - DAG(s) 'example_sensors' retrieved from /home/airflow/.local/lib/python3.8/site-packages/airflow/example_dags/example_sensors.py
[2025-11-06T07:35:26.946+0000] {logging_mixin.py:188} INFO - [2025-11-06T07:35:26.945+0000] {dag.py:3036} INFO - Sync 1 DAGs
[2025-11-06T07:35:27.031+0000] {logging_mixin.py:188} INFO - [2025-11-06T07:35:27.030+0000] {dag.py:3823} INFO - Setting next_dagrun for example_sensors to None, run_after=None
[2025-11-06T07:35:27.195+0000] {processor.py:183} INFO - Processing /home/airflow/.local/lib/python3.8/site-packages/airflow/example_dags/example_sensors.py took 0.651 seconds
[2025-11-06T07:35:58.164+0000] {processor.py:161} INFO - Started process (PID=15015) to work on /home/airflow/.local/lib/python3.8/site-packages/airflow/example_dags/example_sensors.py
[2025-11-06T07:35:58.169+0000] {processor.py:830} INFO - Processing file /home/airflow/.local/lib/python3.8/site-packages/airflow/example_dags/example_sensors.py for tasks to queue
[2025-11-06T07:35:58.179+0000] {logging_mixin.py:188} INFO - [2025-11-06T07:35:58.178+0000] {dagbag.py:538} INFO - Filling up the DagBag from /home/airflow/.local/lib/python3.8/site-packages/airflow/example_dags/example_sensors.py
[2025-11-06T07:35:58.227+0000] {processor.py:840} INFO - DAG(s) 'example_sensors' retrieved from /home/airflow/.local/lib/python3.8/site-packages/airflow/example_dags/example_sensors.py
[2025-11-06T07:35:58.354+0000] {logging_mixin.py:188} INFO - [2025-11-06T07:35:58.353+0000] {dag.py:3036} INFO - Sync 1 DAGs
[2025-11-06T07:35:58.439+0000] {logging_mixin.py:188} INFO - [2025-11-06T07:35:58.438+0000] {dag.py:3823} INFO - Setting next_dagrun for example_sensors to None, run_after=None
[2025-11-06T07:35:58.536+0000] {processor.py:183} INFO - Processing /home/airflow/.local/lib/python3.8/site-packages/airflow/example_dags/example_sensors.py took 0.387 seconds
[2025-11-06T07:36:28.924+0000] {processor.py:161} INFO - Started process (PID=15069) to work on /home/airflow/.local/lib/python3.8/site-packages/airflow/example_dags/example_sensors.py
[2025-11-06T07:36:28.928+0000] {processor.py:830} INFO - Processing file /home/airflow/.local/lib/python3.8/site-packages/airflow/example_dags/example_sensors.py for tasks to queue
[2025-11-06T07:36:28.955+0000] {logging_mixin.py:188} INFO - [2025-11-06T07:36:28.954+0000] {dagbag.py:538} INFO - Filling up the DagBag from /home/airflow/.local/lib/python3.8/site-packages/airflow/example_dags/example_sensors.py
[2025-11-06T07:36:29.060+0000] {processor.py:840} INFO - DAG(s) 'example_sensors' retrieved from /home/airflow/.local/lib/python3.8/site-packages/airflow/example_dags/example_sensors.py
[2025-11-06T07:36:29.189+0000] {logging_mixin.py:188} INFO - [2025-11-06T07:36:29.188+0000] {dag.py:3036} INFO - Sync 1 DAGs
[2025-11-06T07:36:29.296+0000] {logging_mixin.py:188} INFO - [2025-11-06T07:36:29.292+0000] {dag.py:3823} INFO - Setting next_dagrun for example_sensors to None, run_after=None
[2025-11-06T07:36:29.425+0000] {processor.py:183} INFO - Processing /home/airflow/.local/lib/python3.8/site-packages/airflow/example_dags/example_sensors.py took 0.532 seconds
[2025-11-06T07:36:59.870+0000] {processor.py:161} INFO - Started process (PID=15124) to work on /home/airflow/.local/lib/python3.8/site-packages/airflow/example_dags/example_sensors.py
[2025-11-06T07:36:59.875+0000] {processor.py:830} INFO - Processing file /home/airflow/.local/lib/python3.8/site-packages/airflow/example_dags/example_sensors.py for tasks to queue
[2025-11-06T07:36:59.882+0000] {logging_mixin.py:188} INFO - [2025-11-06T07:36:59.881+0000] {dagbag.py:538} INFO - Filling up the DagBag from /home/airflow/.local/lib/python3.8/site-packages/airflow/example_dags/example_sensors.py
[2025-11-06T07:36:59.914+0000] {processor.py:840} INFO - DAG(s) 'example_sensors' retrieved from /home/airflow/.local/lib/python3.8/site-packages/airflow/example_dags/example_sensors.py
[2025-11-06T07:37:00.029+0000] {logging_mixin.py:188} INFO - [2025-11-06T07:37:00.028+0000] {dag.py:3036} INFO - Sync 1 DAGs
[2025-11-06T07:37:00.089+0000] {logging_mixin.py:188} INFO - [2025-11-06T07:37:00.089+0000] {dag.py:3823} INFO - Setting next_dagrun for example_sensors to None, run_after=None
[2025-11-06T07:37:00.174+0000] {processor.py:183} INFO - Processing /home/airflow/.local/lib/python3.8/site-packages/airflow/example_dags/example_sensors.py took 0.314 seconds
[2025-11-06T07:37:31.120+0000] {processor.py:161} INFO - Started process (PID=15178) to work on /home/airflow/.local/lib/python3.8/site-packages/airflow/example_dags/example_sensors.py
[2025-11-06T07:37:31.123+0000] {processor.py:830} INFO - Processing file /home/airflow/.local/lib/python3.8/site-packages/airflow/example_dags/example_sensors.py for tasks to queue
[2025-11-06T07:37:31.133+0000] {logging_mixin.py:188} INFO - [2025-11-06T07:37:31.132+0000] {dagbag.py:538} INFO - Filling up the DagBag from /home/airflow/.local/lib/python3.8/site-packages/airflow/example_dags/example_sensors.py
[2025-11-06T07:37:31.166+0000] {processor.py:840} INFO - DAG(s) 'example_sensors' retrieved from /home/airflow/.local/lib/python3.8/site-packages/airflow/example_dags/example_sensors.py
[2025-11-06T07:37:31.281+0000] {logging_mixin.py:188} INFO - [2025-11-06T07:37:31.280+0000] {dag.py:3036} INFO - Sync 1 DAGs
[2025-11-06T07:37:31.332+0000] {logging_mixin.py:188} INFO - [2025-11-06T07:37:31.332+0000] {dag.py:3823} INFO - Setting next_dagrun for example_sensors to None, run_after=None
[2025-11-06T07:37:31.410+0000] {processor.py:183} INFO - Processing /home/airflow/.local/lib/python3.8/site-packages/airflow/example_dags/example_sensors.py took 0.302 seconds
[2025-11-06T07:38:01.934+0000] {processor.py:161} INFO - Started process (PID=15233) to work on /home/airflow/.local/lib/python3.8/site-packages/airflow/example_dags/example_sensors.py
[2025-11-06T07:38:01.935+0000] {processor.py:830} INFO - Processing file /home/airflow/.local/lib/python3.8/site-packages/airflow/example_dags/example_sensors.py for tasks to queue
[2025-11-06T07:38:01.938+0000] {logging_mixin.py:188} INFO - [2025-11-06T07:38:01.937+0000] {dagbag.py:538} INFO - Filling up the DagBag from /home/airflow/.local/lib/python3.8/site-packages/airflow/example_dags/example_sensors.py
[2025-11-06T07:38:01.949+0000] {processor.py:840} INFO - DAG(s) 'example_sensors' retrieved from /home/airflow/.local/lib/python3.8/site-packages/airflow/example_dags/example_sensors.py
[2025-11-06T07:38:01.980+0000] {logging_mixin.py:188} INFO - [2025-11-06T07:38:01.980+0000] {dag.py:3036} INFO - Sync 1 DAGs
[2025-11-06T07:38:01.995+0000] {logging_mixin.py:188} INFO - [2025-11-06T07:38:01.995+0000] {dag.py:3823} INFO - Setting next_dagrun for example_sensors to None, run_after=None
[2025-11-06T07:38:02.030+0000] {processor.py:183} INFO - Processing /home/airflow/.local/lib/python3.8/site-packages/airflow/example_dags/example_sensors.py took 0.100 seconds
[2025-11-06T07:38:32.251+0000] {processor.py:161} INFO - Started process (PID=15288) to work on /home/airflow/.local/lib/python3.8/site-packages/airflow/example_dags/example_sensors.py
[2025-11-06T07:38:32.255+0000] {processor.py:830} INFO - Processing file /home/airflow/.local/lib/python3.8/site-packages/airflow/example_dags/example_sensors.py for tasks to queue
[2025-11-06T07:38:32.270+0000] {logging_mixin.py:188} INFO - [2025-11-06T07:38:32.269+0000] {dagbag.py:538} INFO - Filling up the DagBag from /home/airflow/.local/lib/python3.8/site-packages/airflow/example_dags/example_sensors.py
[2025-11-06T07:38:32.328+0000] {processor.py:840} INFO - DAG(s) 'example_sensors' retrieved from /home/airflow/.local/lib/python3.8/site-packages/airflow/example_dags/example_sensors.py
[2025-11-06T07:38:32.457+0000] {logging_mixin.py:188} INFO - [2025-11-06T07:38:32.456+0000] {dag.py:3036} INFO - Sync 1 DAGs
[2025-11-06T07:38:32.522+0000] {logging_mixin.py:188} INFO - [2025-11-06T07:38:32.521+0000] {dag.py:3823} INFO - Setting next_dagrun for example_sensors to None, run_after=None
[2025-11-06T07:38:32.611+0000] {processor.py:183} INFO - Processing /home/airflow/.local/lib/python3.8/site-packages/airflow/example_dags/example_sensors.py took 0.375 seconds
[2025-11-06T07:39:02.787+0000] {processor.py:161} INFO - Started process (PID=15341) to work on /home/airflow/.local/lib/python3.8/site-packages/airflow/example_dags/example_sensors.py
[2025-11-06T07:39:02.789+0000] {processor.py:830} INFO - Processing file /home/airflow/.local/lib/python3.8/site-packages/airflow/example_dags/example_sensors.py for tasks to queue
[2025-11-06T07:39:02.794+0000] {logging_mixin.py:188} INFO - [2025-11-06T07:39:02.794+0000] {dagbag.py:538} INFO - Filling up the DagBag from /home/airflow/.local/lib/python3.8/site-packages/airflow/example_dags/example_sensors.py
[2025-11-06T07:39:02.814+0000] {processor.py:840} INFO - DAG(s) 'example_sensors' retrieved from /home/airflow/.local/lib/python3.8/site-packages/airflow/example_dags/example_sensors.py
[2025-11-06T07:39:02.863+0000] {logging_mixin.py:188} INFO - [2025-11-06T07:39:02.862+0000] {dag.py:3036} INFO - Sync 1 DAGs
[2025-11-06T07:39:02.884+0000] {logging_mixin.py:188} INFO - [2025-11-06T07:39:02.884+0000] {dag.py:3823} INFO - Setting next_dagrun for example_sensors to None, run_after=None
[2025-11-06T07:39:02.929+0000] {processor.py:183} INFO - Processing /home/airflow/.local/lib/python3.8/site-packages/airflow/example_dags/example_sensors.py took 0.149 seconds
[2025-11-06T07:39:33.347+0000] {processor.py:161} INFO - Started process (PID=15396) to work on /home/airflow/.local/lib/python3.8/site-packages/airflow/example_dags/example_sensors.py
[2025-11-06T07:39:33.349+0000] {processor.py:830} INFO - Processing file /home/airflow/.local/lib/python3.8/site-packages/airflow/example_dags/example_sensors.py for tasks to queue
[2025-11-06T07:39:33.352+0000] {logging_mixin.py:188} INFO - [2025-11-06T07:39:33.352+0000] {dagbag.py:538} INFO - Filling up the DagBag from /home/airflow/.local/lib/python3.8/site-packages/airflow/example_dags/example_sensors.py
[2025-11-06T07:39:33.369+0000] {processor.py:840} INFO - DAG(s) 'example_sensors' retrieved from /home/airflow/.local/lib/python3.8/site-packages/airflow/example_dags/example_sensors.py
[2025-11-06T07:39:33.410+0000] {logging_mixin.py:188} INFO - [2025-11-06T07:39:33.410+0000] {dag.py:3036} INFO - Sync 1 DAGs
[2025-11-06T07:39:33.434+0000] {logging_mixin.py:188} INFO - [2025-11-06T07:39:33.433+0000] {dag.py:3823} INFO - Setting next_dagrun for example_sensors to None, run_after=None
[2025-11-06T07:39:33.481+0000] {processor.py:183} INFO - Processing /home/airflow/.local/lib/python3.8/site-packages/airflow/example_dags/example_sensors.py took 0.140 seconds
[2025-11-06T07:40:04.072+0000] {processor.py:161} INFO - Started process (PID=15450) to work on /home/airflow/.local/lib/python3.8/site-packages/airflow/example_dags/example_sensors.py
[2025-11-06T07:40:04.077+0000] {processor.py:830} INFO - Processing file /home/airflow/.local/lib/python3.8/site-packages/airflow/example_dags/example_sensors.py for tasks to queue
[2025-11-06T07:40:04.113+0000] {logging_mixin.py:188} INFO - [2025-11-06T07:40:04.111+0000] {dagbag.py:538} INFO - Filling up the DagBag from /home/airflow/.local/lib/python3.8/site-packages/airflow/example_dags/example_sensors.py
[2025-11-06T07:40:04.319+0000] {processor.py:840} INFO - DAG(s) 'example_sensors' retrieved from /home/airflow/.local/lib/python3.8/site-packages/airflow/example_dags/example_sensors.py
[2025-11-06T07:40:04.687+0000] {logging_mixin.py:188} INFO - [2025-11-06T07:40:04.686+0000] {dag.py:3036} INFO - Sync 1 DAGs
[2025-11-06T07:40:04.784+0000] {logging_mixin.py:188} INFO - [2025-11-06T07:40:04.784+0000] {dag.py:3823} INFO - Setting next_dagrun for example_sensors to None, run_after=None
[2025-11-06T07:40:04.987+0000] {processor.py:183} INFO - Processing /home/airflow/.local/lib/python3.8/site-packages/airflow/example_dags/example_sensors.py took 0.970 seconds
[2025-11-06T07:40:35.512+0000] {processor.py:161} INFO - Started process (PID=15506) to work on /home/airflow/.local/lib/python3.8/site-packages/airflow/example_dags/example_sensors.py
[2025-11-06T07:40:35.514+0000] {processor.py:830} INFO - Processing file /home/airflow/.local/lib/python3.8/site-packages/airflow/example_dags/example_sensors.py for tasks to queue
[2025-11-06T07:40:35.519+0000] {logging_mixin.py:188} INFO - [2025-11-06T07:40:35.518+0000] {dagbag.py:538} INFO - Filling up the DagBag from /home/airflow/.local/lib/python3.8/site-packages/airflow/example_dags/example_sensors.py
[2025-11-06T07:40:35.544+0000] {processor.py:840} INFO - DAG(s) 'example_sensors' retrieved from /home/airflow/.local/lib/python3.8/site-packages/airflow/example_dags/example_sensors.py
[2025-11-06T07:40:35.607+0000] {logging_mixin.py:188} INFO - [2025-11-06T07:40:35.607+0000] {dag.py:3036} INFO - Sync 1 DAGs
[2025-11-06T07:40:35.646+0000] {logging_mixin.py:188} INFO - [2025-11-06T07:40:35.645+0000] {dag.py:3823} INFO - Setting next_dagrun for example_sensors to None, run_after=None
[2025-11-06T07:40:35.703+0000] {processor.py:183} INFO - Processing /home/airflow/.local/lib/python3.8/site-packages/airflow/example_dags/example_sensors.py took 0.199 seconds
[2025-11-06T07:41:05.889+0000] {processor.py:161} INFO - Started process (PID=15561) to work on /home/airflow/.local/lib/python3.8/site-packages/airflow/example_dags/example_sensors.py
[2025-11-06T07:41:05.891+0000] {processor.py:830} INFO - Processing file /home/airflow/.local/lib/python3.8/site-packages/airflow/example_dags/example_sensors.py for tasks to queue
[2025-11-06T07:41:05.902+0000] {logging_mixin.py:188} INFO - [2025-11-06T07:41:05.901+0000] {dagbag.py:538} INFO - Filling up the DagBag from /home/airflow/.local/lib/python3.8/site-packages/airflow/example_dags/example_sensors.py
[2025-11-06T07:41:05.951+0000] {processor.py:840} INFO - DAG(s) 'example_sensors' retrieved from /home/airflow/.local/lib/python3.8/site-packages/airflow/example_dags/example_sensors.py
[2025-11-06T07:41:06.046+0000] {logging_mixin.py:188} INFO - [2025-11-06T07:41:06.046+0000] {dag.py:3036} INFO - Sync 1 DAGs
[2025-11-06T07:41:06.096+0000] {logging_mixin.py:188} INFO - [2025-11-06T07:41:06.095+0000] {dag.py:3823} INFO - Setting next_dagrun for example_sensors to None, run_after=None
[2025-11-06T07:41:06.181+0000] {processor.py:183} INFO - Processing /home/airflow/.local/lib/python3.8/site-packages/airflow/example_dags/example_sensors.py took 0.303 seconds
[2025-11-06T07:41:36.795+0000] {processor.py:161} INFO - Started process (PID=15616) to work on /home/airflow/.local/lib/python3.8/site-packages/airflow/example_dags/example_sensors.py
[2025-11-06T07:41:36.798+0000] {processor.py:830} INFO - Processing file /home/airflow/.local/lib/python3.8/site-packages/airflow/example_dags/example_sensors.py for tasks to queue
[2025-11-06T07:41:36.806+0000] {logging_mixin.py:188} INFO - [2025-11-06T07:41:36.804+0000] {dagbag.py:538} INFO - Filling up the DagBag from /home/airflow/.local/lib/python3.8/site-packages/airflow/example_dags/example_sensors.py
[2025-11-06T07:41:36.851+0000] {processor.py:840} INFO - DAG(s) 'example_sensors' retrieved from /home/airflow/.local/lib/python3.8/site-packages/airflow/example_dags/example_sensors.py
[2025-11-06T07:41:36.935+0000] {logging_mixin.py:188} INFO - [2025-11-06T07:41:36.934+0000] {dag.py:3036} INFO - Sync 1 DAGs
[2025-11-06T07:41:36.972+0000] {logging_mixin.py:188} INFO - [2025-11-06T07:41:36.971+0000] {dag.py:3823} INFO - Setting next_dagrun for example_sensors to None, run_after=None
[2025-11-06T07:41:37.029+0000] {processor.py:183} INFO - Processing /home/airflow/.local/lib/python3.8/site-packages/airflow/example_dags/example_sensors.py took 0.246 seconds
[2025-11-06T07:42:07.467+0000] {processor.py:161} INFO - Started process (PID=15671) to work on /home/airflow/.local/lib/python3.8/site-packages/airflow/example_dags/example_sensors.py
[2025-11-06T07:42:07.477+0000] {processor.py:830} INFO - Processing file /home/airflow/.local/lib/python3.8/site-packages/airflow/example_dags/example_sensors.py for tasks to queue
[2025-11-06T07:42:07.489+0000] {logging_mixin.py:188} INFO - [2025-11-06T07:42:07.487+0000] {dagbag.py:538} INFO - Filling up the DagBag from /home/airflow/.local/lib/python3.8/site-packages/airflow/example_dags/example_sensors.py
[2025-11-06T07:42:07.523+0000] {processor.py:840} INFO - DAG(s) 'example_sensors' retrieved from /home/airflow/.local/lib/python3.8/site-packages/airflow/example_dags/example_sensors.py
[2025-11-06T07:42:07.711+0000] {logging_mixin.py:188} INFO - [2025-11-06T07:42:07.711+0000] {dag.py:3036} INFO - Sync 1 DAGs
[2025-11-06T07:42:07.766+0000] {logging_mixin.py:188} INFO - [2025-11-06T07:42:07.765+0000] {dag.py:3823} INFO - Setting next_dagrun for example_sensors to None, run_after=None
[2025-11-06T07:42:07.842+0000] {processor.py:183} INFO - Processing /home/airflow/.local/lib/python3.8/site-packages/airflow/example_dags/example_sensors.py took 0.390 seconds
[2025-11-06T07:42:38.342+0000] {processor.py:161} INFO - Started process (PID=15725) to work on /home/airflow/.local/lib/python3.8/site-packages/airflow/example_dags/example_sensors.py
[2025-11-06T07:42:38.356+0000] {processor.py:830} INFO - Processing file /home/airflow/.local/lib/python3.8/site-packages/airflow/example_dags/example_sensors.py for tasks to queue
[2025-11-06T07:42:38.362+0000] {logging_mixin.py:188} INFO - [2025-11-06T07:42:38.361+0000] {dagbag.py:538} INFO - Filling up the DagBag from /home/airflow/.local/lib/python3.8/site-packages/airflow/example_dags/example_sensors.py
[2025-11-06T07:42:38.474+0000] {processor.py:840} INFO - DAG(s) 'example_sensors' retrieved from /home/airflow/.local/lib/python3.8/site-packages/airflow/example_dags/example_sensors.py
[2025-11-06T07:42:38.734+0000] {logging_mixin.py:188} INFO - [2025-11-06T07:42:38.733+0000] {dag.py:3036} INFO - Sync 1 DAGs
[2025-11-06T07:42:38.868+0000] {logging_mixin.py:188} INFO - [2025-11-06T07:42:38.868+0000] {dag.py:3823} INFO - Setting next_dagrun for example_sensors to None, run_after=None
[2025-11-06T07:42:39.040+0000] {processor.py:183} INFO - Processing /home/airflow/.local/lib/python3.8/site-packages/airflow/example_dags/example_sensors.py took 0.720 seconds
[2025-11-06T07:43:09.378+0000] {processor.py:161} INFO - Started process (PID=15780) to work on /home/airflow/.local/lib/python3.8/site-packages/airflow/example_dags/example_sensors.py
[2025-11-06T07:43:09.391+0000] {processor.py:830} INFO - Processing file /home/airflow/.local/lib/python3.8/site-packages/airflow/example_dags/example_sensors.py for tasks to queue
[2025-11-06T07:43:09.397+0000] {logging_mixin.py:188} INFO - [2025-11-06T07:43:09.396+0000] {dagbag.py:538} INFO - Filling up the DagBag from /home/airflow/.local/lib/python3.8/site-packages/airflow/example_dags/example_sensors.py
[2025-11-06T07:43:09.482+0000] {processor.py:840} INFO - DAG(s) 'example_sensors' retrieved from /home/airflow/.local/lib/python3.8/site-packages/airflow/example_dags/example_sensors.py
[2025-11-06T07:43:09.663+0000] {logging_mixin.py:188} INFO - [2025-11-06T07:43:09.663+0000] {dag.py:3036} INFO - Sync 1 DAGs
[2025-11-06T07:43:09.716+0000] {logging_mixin.py:188} INFO - [2025-11-06T07:43:09.715+0000] {dag.py:3823} INFO - Setting next_dagrun for example_sensors to None, run_after=None
[2025-11-06T07:43:09.810+0000] {processor.py:183} INFO - Processing /home/airflow/.local/lib/python3.8/site-packages/airflow/example_dags/example_sensors.py took 0.452 seconds
[2025-11-06T07:43:40.626+0000] {processor.py:161} INFO - Started process (PID=15833) to work on /home/airflow/.local/lib/python3.8/site-packages/airflow/example_dags/example_sensors.py
[2025-11-06T07:43:40.630+0000] {processor.py:830} INFO - Processing file /home/airflow/.local/lib/python3.8/site-packages/airflow/example_dags/example_sensors.py for tasks to queue
[2025-11-06T07:43:40.633+0000] {logging_mixin.py:188} INFO - [2025-11-06T07:43:40.633+0000] {dagbag.py:538} INFO - Filling up the DagBag from /home/airflow/.local/lib/python3.8/site-packages/airflow/example_dags/example_sensors.py
[2025-11-06T07:43:40.646+0000] {processor.py:840} INFO - DAG(s) 'example_sensors' retrieved from /home/airflow/.local/lib/python3.8/site-packages/airflow/example_dags/example_sensors.py
[2025-11-06T07:43:40.703+0000] {logging_mixin.py:188} INFO - [2025-11-06T07:43:40.702+0000] {dag.py:3036} INFO - Sync 1 DAGs
[2025-11-06T07:43:40.726+0000] {logging_mixin.py:188} INFO - [2025-11-06T07:43:40.726+0000] {dag.py:3823} INFO - Setting next_dagrun for example_sensors to None, run_after=None
[2025-11-06T07:43:40.770+0000] {processor.py:183} INFO - Processing /home/airflow/.local/lib/python3.8/site-packages/airflow/example_dags/example_sensors.py took 0.148 seconds
[2025-11-06T07:44:11.111+0000] {processor.py:161} INFO - Started process (PID=15888) to work on /home/airflow/.local/lib/python3.8/site-packages/airflow/example_dags/example_sensors.py
[2025-11-06T07:44:11.114+0000] {processor.py:830} INFO - Processing file /home/airflow/.local/lib/python3.8/site-packages/airflow/example_dags/example_sensors.py for tasks to queue
[2025-11-06T07:44:11.119+0000] {logging_mixin.py:188} INFO - [2025-11-06T07:44:11.118+0000] {dagbag.py:538} INFO - Filling up the DagBag from /home/airflow/.local/lib/python3.8/site-packages/airflow/example_dags/example_sensors.py
[2025-11-06T07:44:11.146+0000] {processor.py:840} INFO - DAG(s) 'example_sensors' retrieved from /home/airflow/.local/lib/python3.8/site-packages/airflow/example_dags/example_sensors.py
[2025-11-06T07:44:11.221+0000] {logging_mixin.py:188} INFO - [2025-11-06T07:44:11.220+0000] {dag.py:3036} INFO - Sync 1 DAGs
[2025-11-06T07:44:11.275+0000] {logging_mixin.py:188} INFO - [2025-11-06T07:44:11.273+0000] {dag.py:3823} INFO - Setting next_dagrun for example_sensors to None, run_after=None
[2025-11-06T07:44:11.346+0000] {processor.py:183} INFO - Processing /home/airflow/.local/lib/python3.8/site-packages/airflow/example_dags/example_sensors.py took 0.244 seconds
[2025-11-06T07:44:41.741+0000] {processor.py:161} INFO - Started process (PID=15943) to work on /home/airflow/.local/lib/python3.8/site-packages/airflow/example_dags/example_sensors.py
[2025-11-06T07:44:41.744+0000] {processor.py:830} INFO - Processing file /home/airflow/.local/lib/python3.8/site-packages/airflow/example_dags/example_sensors.py for tasks to queue
[2025-11-06T07:44:41.747+0000] {logging_mixin.py:188} INFO - [2025-11-06T07:44:41.747+0000] {dagbag.py:538} INFO - Filling up the DagBag from /home/airflow/.local/lib/python3.8/site-packages/airflow/example_dags/example_sensors.py
[2025-11-06T07:44:41.764+0000] {processor.py:840} INFO - DAG(s) 'example_sensors' retrieved from /home/airflow/.local/lib/python3.8/site-packages/airflow/example_dags/example_sensors.py
[2025-11-06T07:44:41.806+0000] {logging_mixin.py:188} INFO - [2025-11-06T07:44:41.805+0000] {dag.py:3036} INFO - Sync 1 DAGs
[2025-11-06T07:44:41.830+0000] {logging_mixin.py:188} INFO - [2025-11-06T07:44:41.830+0000] {dag.py:3823} INFO - Setting next_dagrun for example_sensors to None, run_after=None
[2025-11-06T07:44:41.864+0000] {processor.py:183} INFO - Processing /home/airflow/.local/lib/python3.8/site-packages/airflow/example_dags/example_sensors.py took 0.128 seconds
[2025-11-06T07:45:12.750+0000] {processor.py:161} INFO - Started process (PID=15998) to work on /home/airflow/.local/lib/python3.8/site-packages/airflow/example_dags/example_sensors.py
[2025-11-06T07:45:12.752+0000] {processor.py:830} INFO - Processing file /home/airflow/.local/lib/python3.8/site-packages/airflow/example_dags/example_sensors.py for tasks to queue
[2025-11-06T07:45:12.754+0000] {logging_mixin.py:188} INFO - [2025-11-06T07:45:12.754+0000] {dagbag.py:538} INFO - Filling up the DagBag from /home/airflow/.local/lib/python3.8/site-packages/airflow/example_dags/example_sensors.py
[2025-11-06T07:45:12.769+0000] {processor.py:840} INFO - DAG(s) 'example_sensors' retrieved from /home/airflow/.local/lib/python3.8/site-packages/airflow/example_dags/example_sensors.py
[2025-11-06T07:45:12.814+0000] {logging_mixin.py:188} INFO - [2025-11-06T07:45:12.814+0000] {dag.py:3036} INFO - Sync 1 DAGs
[2025-11-06T07:45:12.836+0000] {logging_mixin.py:188} INFO - [2025-11-06T07:45:12.836+0000] {dag.py:3823} INFO - Setting next_dagrun for example_sensors to None, run_after=None
[2025-11-06T07:45:12.868+0000] {processor.py:183} INFO - Processing /home/airflow/.local/lib/python3.8/site-packages/airflow/example_dags/example_sensors.py took 0.125 seconds
[2025-11-06T07:45:52.518+0000] {processor.py:161} INFO - Started process (PID=16060) to work on /home/airflow/.local/lib/python3.8/site-packages/airflow/example_dags/example_sensors.py
[2025-11-06T07:45:52.536+0000] {processor.py:830} INFO - Processing file /home/airflow/.local/lib/python3.8/site-packages/airflow/example_dags/example_sensors.py for tasks to queue
[2025-11-06T07:45:52.556+0000] {logging_mixin.py:188} INFO - [2025-11-06T07:45:52.555+0000] {dagbag.py:538} INFO - Filling up the DagBag from /home/airflow/.local/lib/python3.8/site-packages/airflow/example_dags/example_sensors.py
[2025-11-06T07:45:52.665+0000] {processor.py:840} INFO - DAG(s) 'example_sensors' retrieved from /home/airflow/.local/lib/python3.8/site-packages/airflow/example_dags/example_sensors.py
[2025-11-06T07:45:52.919+0000] {logging_mixin.py:188} INFO - [2025-11-06T07:45:52.919+0000] {dag.py:3036} INFO - Sync 1 DAGs
[2025-11-06T07:45:53.066+0000] {logging_mixin.py:188} INFO - [2025-11-06T07:45:53.065+0000] {dag.py:3823} INFO - Setting next_dagrun for example_sensors to None, run_after=None
[2025-11-06T07:45:53.237+0000] {processor.py:183} INFO - Processing /home/airflow/.local/lib/python3.8/site-packages/airflow/example_dags/example_sensors.py took 0.751 seconds
[2025-11-06T07:46:23.503+0000] {processor.py:161} INFO - Started process (PID=16115) to work on /home/airflow/.local/lib/python3.8/site-packages/airflow/example_dags/example_sensors.py
[2025-11-06T07:46:23.508+0000] {processor.py:830} INFO - Processing file /home/airflow/.local/lib/python3.8/site-packages/airflow/example_dags/example_sensors.py for tasks to queue
[2025-11-06T07:46:23.518+0000] {logging_mixin.py:188} INFO - [2025-11-06T07:46:23.517+0000] {dagbag.py:538} INFO - Filling up the DagBag from /home/airflow/.local/lib/python3.8/site-packages/airflow/example_dags/example_sensors.py
[2025-11-06T07:46:23.616+0000] {processor.py:840} INFO - DAG(s) 'example_sensors' retrieved from /home/airflow/.local/lib/python3.8/site-packages/airflow/example_dags/example_sensors.py
[2025-11-06T07:46:23.713+0000] {logging_mixin.py:188} INFO - [2025-11-06T07:46:23.712+0000] {dag.py:3036} INFO - Sync 1 DAGs
[2025-11-06T07:46:23.771+0000] {logging_mixin.py:188} INFO - [2025-11-06T07:46:23.770+0000] {dag.py:3823} INFO - Setting next_dagrun for example_sensors to None, run_after=None
[2025-11-06T07:46:23.861+0000] {processor.py:183} INFO - Processing /home/airflow/.local/lib/python3.8/site-packages/airflow/example_dags/example_sensors.py took 0.374 seconds
[2025-11-06T07:46:54.412+0000] {processor.py:161} INFO - Started process (PID=16167) to work on /home/airflow/.local/lib/python3.8/site-packages/airflow/example_dags/example_sensors.py
[2025-11-06T07:46:54.417+0000] {processor.py:830} INFO - Processing file /home/airflow/.local/lib/python3.8/site-packages/airflow/example_dags/example_sensors.py for tasks to queue
[2025-11-06T07:46:54.448+0000] {logging_mixin.py:188} INFO - [2025-11-06T07:46:54.446+0000] {dagbag.py:538} INFO - Filling up the DagBag from /home/airflow/.local/lib/python3.8/site-packages/airflow/example_dags/example_sensors.py
[2025-11-06T07:46:54.532+0000] {processor.py:840} INFO - DAG(s) 'example_sensors' retrieved from /home/airflow/.local/lib/python3.8/site-packages/airflow/example_dags/example_sensors.py
[2025-11-06T07:46:54.667+0000] {logging_mixin.py:188} INFO - [2025-11-06T07:46:54.664+0000] {dag.py:3036} INFO - Sync 1 DAGs
[2025-11-06T07:46:54.723+0000] {logging_mixin.py:188} INFO - [2025-11-06T07:46:54.722+0000] {dag.py:3823} INFO - Setting next_dagrun for example_sensors to None, run_after=None
[2025-11-06T07:46:54.921+0000] {processor.py:183} INFO - Processing /home/airflow/.local/lib/python3.8/site-packages/airflow/example_dags/example_sensors.py took 0.575 seconds
[2025-11-06T07:47:25.217+0000] {processor.py:161} INFO - Started process (PID=16221) to work on /home/airflow/.local/lib/python3.8/site-packages/airflow/example_dags/example_sensors.py
[2025-11-06T07:47:25.219+0000] {processor.py:830} INFO - Processing file /home/airflow/.local/lib/python3.8/site-packages/airflow/example_dags/example_sensors.py for tasks to queue
[2025-11-06T07:47:25.223+0000] {logging_mixin.py:188} INFO - [2025-11-06T07:47:25.222+0000] {dagbag.py:538} INFO - Filling up the DagBag from /home/airflow/.local/lib/python3.8/site-packages/airflow/example_dags/example_sensors.py
[2025-11-06T07:47:25.238+0000] {processor.py:840} INFO - DAG(s) 'example_sensors' retrieved from /home/airflow/.local/lib/python3.8/site-packages/airflow/example_dags/example_sensors.py
[2025-11-06T07:47:25.284+0000] {logging_mixin.py:188} INFO - [2025-11-06T07:47:25.284+0000] {dag.py:3036} INFO - Sync 1 DAGs
[2025-11-06T07:47:25.305+0000] {logging_mixin.py:188} INFO - [2025-11-06T07:47:25.304+0000] {dag.py:3823} INFO - Setting next_dagrun for example_sensors to None, run_after=None
[2025-11-06T07:47:25.347+0000] {processor.py:183} INFO - Processing /home/airflow/.local/lib/python3.8/site-packages/airflow/example_dags/example_sensors.py took 0.136 seconds
[2025-11-06T07:47:55.936+0000] {processor.py:161} INFO - Started process (PID=16276) to work on /home/airflow/.local/lib/python3.8/site-packages/airflow/example_dags/example_sensors.py
[2025-11-06T07:47:55.939+0000] {processor.py:830} INFO - Processing file /home/airflow/.local/lib/python3.8/site-packages/airflow/example_dags/example_sensors.py for tasks to queue
[2025-11-06T07:47:55.954+0000] {logging_mixin.py:188} INFO - [2025-11-06T07:47:55.953+0000] {dagbag.py:538} INFO - Filling up the DagBag from /home/airflow/.local/lib/python3.8/site-packages/airflow/example_dags/example_sensors.py
[2025-11-06T07:47:55.978+0000] {processor.py:840} INFO - DAG(s) 'example_sensors' retrieved from /home/airflow/.local/lib/python3.8/site-packages/airflow/example_dags/example_sensors.py
[2025-11-06T07:47:56.056+0000] {logging_mixin.py:188} INFO - [2025-11-06T07:47:56.055+0000] {dag.py:3036} INFO - Sync 1 DAGs
[2025-11-06T07:47:56.092+0000] {logging_mixin.py:188} INFO - [2025-11-06T07:47:56.091+0000] {dag.py:3823} INFO - Setting next_dagrun for example_sensors to None, run_after=None
[2025-11-06T07:47:56.473+0000] {processor.py:183} INFO - Processing /home/airflow/.local/lib/python3.8/site-packages/airflow/example_dags/example_sensors.py took 0.556 seconds
[2025-11-06T07:48:27.803+0000] {processor.py:161} INFO - Started process (PID=16332) to work on /home/airflow/.local/lib/python3.8/site-packages/airflow/example_dags/example_sensors.py
[2025-11-06T07:48:27.806+0000] {processor.py:830} INFO - Processing file /home/airflow/.local/lib/python3.8/site-packages/airflow/example_dags/example_sensors.py for tasks to queue
[2025-11-06T07:48:27.814+0000] {logging_mixin.py:188} INFO - [2025-11-06T07:48:27.813+0000] {dagbag.py:538} INFO - Filling up the DagBag from /home/airflow/.local/lib/python3.8/site-packages/airflow/example_dags/example_sensors.py
[2025-11-06T07:48:27.850+0000] {processor.py:840} INFO - DAG(s) 'example_sensors' retrieved from /home/airflow/.local/lib/python3.8/site-packages/airflow/example_dags/example_sensors.py
[2025-11-06T07:48:27.928+0000] {logging_mixin.py:188} INFO - [2025-11-06T07:48:27.926+0000] {dag.py:3036} INFO - Sync 1 DAGs
[2025-11-06T07:48:27.960+0000] {logging_mixin.py:188} INFO - [2025-11-06T07:48:27.959+0000] {dag.py:3823} INFO - Setting next_dagrun for example_sensors to None, run_after=None
[2025-11-06T07:48:28.266+0000] {processor.py:183} INFO - Processing /home/airflow/.local/lib/python3.8/site-packages/airflow/example_dags/example_sensors.py took 0.484 seconds
[2025-11-06T07:48:59.137+0000] {processor.py:161} INFO - Started process (PID=16387) to work on /home/airflow/.local/lib/python3.8/site-packages/airflow/example_dags/example_sensors.py
[2025-11-06T07:48:59.141+0000] {processor.py:830} INFO - Processing file /home/airflow/.local/lib/python3.8/site-packages/airflow/example_dags/example_sensors.py for tasks to queue
[2025-11-06T07:48:59.157+0000] {logging_mixin.py:188} INFO - [2025-11-06T07:48:59.147+0000] {dagbag.py:538} INFO - Filling up the DagBag from /home/airflow/.local/lib/python3.8/site-packages/airflow/example_dags/example_sensors.py
[2025-11-06T07:48:59.254+0000] {processor.py:840} INFO - DAG(s) 'example_sensors' retrieved from /home/airflow/.local/lib/python3.8/site-packages/airflow/example_dags/example_sensors.py
[2025-11-06T07:48:59.397+0000] {logging_mixin.py:188} INFO - [2025-11-06T07:48:59.394+0000] {dag.py:3036} INFO - Sync 1 DAGs
[2025-11-06T07:48:59.454+0000] {logging_mixin.py:188} INFO - [2025-11-06T07:48:59.454+0000] {dag.py:3823} INFO - Setting next_dagrun for example_sensors to None, run_after=None
[2025-11-06T07:48:59.577+0000] {processor.py:183} INFO - Processing /home/airflow/.local/lib/python3.8/site-packages/airflow/example_dags/example_sensors.py took 0.471 seconds
[2025-11-06T07:49:30.064+0000] {processor.py:161} INFO - Started process (PID=16442) to work on /home/airflow/.local/lib/python3.8/site-packages/airflow/example_dags/example_sensors.py
[2025-11-06T07:49:30.069+0000] {processor.py:830} INFO - Processing file /home/airflow/.local/lib/python3.8/site-packages/airflow/example_dags/example_sensors.py for tasks to queue
[2025-11-06T07:49:30.077+0000] {logging_mixin.py:188} INFO - [2025-11-06T07:49:30.075+0000] {dagbag.py:538} INFO - Filling up the DagBag from /home/airflow/.local/lib/python3.8/site-packages/airflow/example_dags/example_sensors.py
[2025-11-06T07:49:30.113+0000] {processor.py:840} INFO - DAG(s) 'example_sensors' retrieved from /home/airflow/.local/lib/python3.8/site-packages/airflow/example_dags/example_sensors.py
[2025-11-06T07:49:30.182+0000] {logging_mixin.py:188} INFO - [2025-11-06T07:49:30.181+0000] {dag.py:3036} INFO - Sync 1 DAGs
[2025-11-06T07:49:30.222+0000] {logging_mixin.py:188} INFO - [2025-11-06T07:49:30.221+0000] {dag.py:3823} INFO - Setting next_dagrun for example_sensors to None, run_after=None
[2025-11-06T07:49:30.278+0000] {processor.py:183} INFO - Processing /home/airflow/.local/lib/python3.8/site-packages/airflow/example_dags/example_sensors.py took 0.227 seconds
[2025-11-06T07:50:00.756+0000] {processor.py:161} INFO - Started process (PID=16495) to work on /home/airflow/.local/lib/python3.8/site-packages/airflow/example_dags/example_sensors.py
[2025-11-06T07:50:00.779+0000] {processor.py:830} INFO - Processing file /home/airflow/.local/lib/python3.8/site-packages/airflow/example_dags/example_sensors.py for tasks to queue
[2025-11-06T07:50:00.788+0000] {logging_mixin.py:188} INFO - [2025-11-06T07:50:00.787+0000] {dagbag.py:538} INFO - Filling up the DagBag from /home/airflow/.local/lib/python3.8/site-packages/airflow/example_dags/example_sensors.py
[2025-11-06T07:50:00.859+0000] {processor.py:840} INFO - DAG(s) 'example_sensors' retrieved from /home/airflow/.local/lib/python3.8/site-packages/airflow/example_dags/example_sensors.py
[2025-11-06T07:50:01.040+0000] {logging_mixin.py:188} INFO - [2025-11-06T07:50:01.039+0000] {dag.py:3036} INFO - Sync 1 DAGs
[2025-11-06T07:50:01.168+0000] {logging_mixin.py:188} INFO - [2025-11-06T07:50:01.167+0000] {dag.py:3823} INFO - Setting next_dagrun for example_sensors to None, run_after=None
[2025-11-06T07:50:01.350+0000] {processor.py:183} INFO - Processing /home/airflow/.local/lib/python3.8/site-packages/airflow/example_dags/example_sensors.py took 0.618 seconds
[2025-11-06T10:56:26.018+0000] {processor.py:161} INFO - Started process (PID=83) to work on /home/airflow/.local/lib/python3.8/site-packages/airflow/example_dags/example_sensors.py
[2025-11-06T10:56:26.066+0000] {processor.py:830} INFO - Processing file /home/airflow/.local/lib/python3.8/site-packages/airflow/example_dags/example_sensors.py for tasks to queue
[2025-11-06T10:56:26.102+0000] {logging_mixin.py:188} INFO - [2025-11-06T10:56:26.101+0000] {dagbag.py:538} INFO - Filling up the DagBag from /home/airflow/.local/lib/python3.8/site-packages/airflow/example_dags/example_sensors.py
[2025-11-06T10:56:26.318+0000] {processor.py:840} INFO - DAG(s) 'example_sensors' retrieved from /home/airflow/.local/lib/python3.8/site-packages/airflow/example_dags/example_sensors.py
[2025-11-06T10:56:26.638+0000] {logging_mixin.py:188} INFO - [2025-11-06T10:56:26.637+0000] {dag.py:3036} INFO - Sync 1 DAGs
[2025-11-06T10:56:26.729+0000] {logging_mixin.py:188} INFO - [2025-11-06T10:56:26.729+0000] {dag.py:3823} INFO - Setting next_dagrun for example_sensors to None, run_after=None
[2025-11-06T10:56:26.880+0000] {processor.py:183} INFO - Processing /home/airflow/.local/lib/python3.8/site-packages/airflow/example_dags/example_sensors.py took 0.917 seconds
[2025-11-06T10:56:57.232+0000] {processor.py:161} INFO - Started process (PID=137) to work on /home/airflow/.local/lib/python3.8/site-packages/airflow/example_dags/example_sensors.py
[2025-11-06T10:56:57.236+0000] {processor.py:830} INFO - Processing file /home/airflow/.local/lib/python3.8/site-packages/airflow/example_dags/example_sensors.py for tasks to queue
[2025-11-06T10:56:57.244+0000] {logging_mixin.py:188} INFO - [2025-11-06T10:56:57.244+0000] {dagbag.py:538} INFO - Filling up the DagBag from /home/airflow/.local/lib/python3.8/site-packages/airflow/example_dags/example_sensors.py
[2025-11-06T10:56:57.444+0000] {processor.py:840} INFO - DAG(s) 'example_sensors' retrieved from /home/airflow/.local/lib/python3.8/site-packages/airflow/example_dags/example_sensors.py
[2025-11-06T10:56:58.945+0000] {logging_mixin.py:188} INFO - [2025-11-06T10:56:58.944+0000] {dag.py:3036} INFO - Sync 1 DAGs
[2025-11-06T10:56:59.016+0000] {logging_mixin.py:188} INFO - [2025-11-06T10:56:59.015+0000] {dag.py:3823} INFO - Setting next_dagrun for example_sensors to None, run_after=None
[2025-11-06T10:56:59.464+0000] {processor.py:183} INFO - Processing /home/airflow/.local/lib/python3.8/site-packages/airflow/example_dags/example_sensors.py took 2.337 seconds
[2025-11-06T10:57:40.670+0000] {processor.py:161} INFO - Started process (PID=187) to work on /home/airflow/.local/lib/python3.8/site-packages/airflow/example_dags/example_sensors.py
[2025-11-06T10:57:40.673+0000] {processor.py:830} INFO - Processing file /home/airflow/.local/lib/python3.8/site-packages/airflow/example_dags/example_sensors.py for tasks to queue
[2025-11-06T10:57:40.681+0000] {logging_mixin.py:188} INFO - [2025-11-06T10:57:40.679+0000] {dagbag.py:538} INFO - Filling up the DagBag from /home/airflow/.local/lib/python3.8/site-packages/airflow/example_dags/example_sensors.py
[2025-11-06T10:57:40.752+0000] {processor.py:840} INFO - DAG(s) 'example_sensors' retrieved from /home/airflow/.local/lib/python3.8/site-packages/airflow/example_dags/example_sensors.py
[2025-11-06T10:57:40.887+0000] {logging_mixin.py:188} INFO - [2025-11-06T10:57:40.886+0000] {dag.py:3036} INFO - Sync 1 DAGs
[2025-11-06T10:57:40.989+0000] {logging_mixin.py:188} INFO - [2025-11-06T10:57:40.988+0000] {dag.py:3823} INFO - Setting next_dagrun for example_sensors to None, run_after=None
[2025-11-06T10:57:41.103+0000] {processor.py:183} INFO - Processing /home/airflow/.local/lib/python3.8/site-packages/airflow/example_dags/example_sensors.py took 0.448 seconds
[2025-11-06T10:58:11.569+0000] {processor.py:161} INFO - Started process (PID=241) to work on /home/airflow/.local/lib/python3.8/site-packages/airflow/example_dags/example_sensors.py
[2025-11-06T10:58:11.575+0000] {processor.py:830} INFO - Processing file /home/airflow/.local/lib/python3.8/site-packages/airflow/example_dags/example_sensors.py for tasks to queue
[2025-11-06T10:58:11.580+0000] {logging_mixin.py:188} INFO - [2025-11-06T10:58:11.580+0000] {dagbag.py:538} INFO - Filling up the DagBag from /home/airflow/.local/lib/python3.8/site-packages/airflow/example_dags/example_sensors.py
[2025-11-06T10:58:11.617+0000] {processor.py:840} INFO - DAG(s) 'example_sensors' retrieved from /home/airflow/.local/lib/python3.8/site-packages/airflow/example_dags/example_sensors.py
[2025-11-06T10:58:11.766+0000] {logging_mixin.py:188} INFO - [2025-11-06T10:58:11.765+0000] {dag.py:3036} INFO - Sync 1 DAGs
[2025-11-06T10:58:11.825+0000] {logging_mixin.py:188} INFO - [2025-11-06T10:58:11.825+0000] {dag.py:3823} INFO - Setting next_dagrun for example_sensors to None, run_after=None
[2025-11-06T10:58:11.913+0000] {processor.py:183} INFO - Processing /home/airflow/.local/lib/python3.8/site-packages/airflow/example_dags/example_sensors.py took 0.357 seconds
[2025-11-06T10:58:42.331+0000] {processor.py:161} INFO - Started process (PID=294) to work on /home/airflow/.local/lib/python3.8/site-packages/airflow/example_dags/example_sensors.py
[2025-11-06T10:58:42.333+0000] {processor.py:830} INFO - Processing file /home/airflow/.local/lib/python3.8/site-packages/airflow/example_dags/example_sensors.py for tasks to queue
[2025-11-06T10:58:42.336+0000] {logging_mixin.py:188} INFO - [2025-11-06T10:58:42.336+0000] {dagbag.py:538} INFO - Filling up the DagBag from /home/airflow/.local/lib/python3.8/site-packages/airflow/example_dags/example_sensors.py
[2025-11-06T10:58:42.350+0000] {processor.py:840} INFO - DAG(s) 'example_sensors' retrieved from /home/airflow/.local/lib/python3.8/site-packages/airflow/example_dags/example_sensors.py
[2025-11-06T10:58:42.389+0000] {logging_mixin.py:188} INFO - [2025-11-06T10:58:42.389+0000] {dag.py:3036} INFO - Sync 1 DAGs
[2025-11-06T10:58:42.407+0000] {logging_mixin.py:188} INFO - [2025-11-06T10:58:42.407+0000] {dag.py:3823} INFO - Setting next_dagrun for example_sensors to None, run_after=None
[2025-11-06T10:58:42.445+0000] {processor.py:183} INFO - Processing /home/airflow/.local/lib/python3.8/site-packages/airflow/example_dags/example_sensors.py took 0.120 seconds
[2025-11-06T10:59:13.378+0000] {processor.py:161} INFO - Started process (PID=350) to work on /home/airflow/.local/lib/python3.8/site-packages/airflow/example_dags/example_sensors.py
[2025-11-06T10:59:13.381+0000] {processor.py:830} INFO - Processing file /home/airflow/.local/lib/python3.8/site-packages/airflow/example_dags/example_sensors.py for tasks to queue
[2025-11-06T10:59:13.386+0000] {logging_mixin.py:188} INFO - [2025-11-06T10:59:13.385+0000] {dagbag.py:538} INFO - Filling up the DagBag from /home/airflow/.local/lib/python3.8/site-packages/airflow/example_dags/example_sensors.py
[2025-11-06T10:59:13.410+0000] {processor.py:840} INFO - DAG(s) 'example_sensors' retrieved from /home/airflow/.local/lib/python3.8/site-packages/airflow/example_dags/example_sensors.py
[2025-11-06T10:59:13.467+0000] {logging_mixin.py:188} INFO - [2025-11-06T10:59:13.467+0000] {dag.py:3036} INFO - Sync 1 DAGs
[2025-11-06T10:59:13.497+0000] {logging_mixin.py:188} INFO - [2025-11-06T10:59:13.497+0000] {dag.py:3823} INFO - Setting next_dagrun for example_sensors to None, run_after=None
[2025-11-06T10:59:13.561+0000] {processor.py:183} INFO - Processing /home/airflow/.local/lib/python3.8/site-packages/airflow/example_dags/example_sensors.py took 0.192 seconds
[2025-11-06T10:59:44.111+0000] {processor.py:161} INFO - Started process (PID=405) to work on /home/airflow/.local/lib/python3.8/site-packages/airflow/example_dags/example_sensors.py
[2025-11-06T10:59:44.116+0000] {processor.py:830} INFO - Processing file /home/airflow/.local/lib/python3.8/site-packages/airflow/example_dags/example_sensors.py for tasks to queue
[2025-11-06T10:59:44.120+0000] {logging_mixin.py:188} INFO - [2025-11-06T10:59:44.119+0000] {dagbag.py:538} INFO - Filling up the DagBag from /home/airflow/.local/lib/python3.8/site-packages/airflow/example_dags/example_sensors.py
[2025-11-06T10:59:44.142+0000] {processor.py:840} INFO - DAG(s) 'example_sensors' retrieved from /home/airflow/.local/lib/python3.8/site-packages/airflow/example_dags/example_sensors.py
[2025-11-06T10:59:44.215+0000] {logging_mixin.py:188} INFO - [2025-11-06T10:59:44.214+0000] {dag.py:3036} INFO - Sync 1 DAGs
[2025-11-06T10:59:44.263+0000] {logging_mixin.py:188} INFO - [2025-11-06T10:59:44.262+0000] {dag.py:3823} INFO - Setting next_dagrun for example_sensors to None, run_after=None
[2025-11-06T10:59:44.329+0000] {processor.py:183} INFO - Processing /home/airflow/.local/lib/python3.8/site-packages/airflow/example_dags/example_sensors.py took 0.224 seconds
[2025-11-06T11:00:14.853+0000] {processor.py:161} INFO - Started process (PID=460) to work on /home/airflow/.local/lib/python3.8/site-packages/airflow/example_dags/example_sensors.py
[2025-11-06T11:00:14.855+0000] {processor.py:830} INFO - Processing file /home/airflow/.local/lib/python3.8/site-packages/airflow/example_dags/example_sensors.py for tasks to queue
[2025-11-06T11:00:14.861+0000] {logging_mixin.py:188} INFO - [2025-11-06T11:00:14.860+0000] {dagbag.py:538} INFO - Filling up the DagBag from /home/airflow/.local/lib/python3.8/site-packages/airflow/example_dags/example_sensors.py
[2025-11-06T11:00:14.902+0000] {processor.py:840} INFO - DAG(s) 'example_sensors' retrieved from /home/airflow/.local/lib/python3.8/site-packages/airflow/example_dags/example_sensors.py
[2025-11-06T11:00:14.964+0000] {logging_mixin.py:188} INFO - [2025-11-06T11:00:14.964+0000] {dag.py:3036} INFO - Sync 1 DAGs
[2025-11-06T11:00:15.002+0000] {logging_mixin.py:188} INFO - [2025-11-06T11:00:15.001+0000] {dag.py:3823} INFO - Setting next_dagrun for example_sensors to None, run_after=None
[2025-11-06T11:00:15.063+0000] {processor.py:183} INFO - Processing /home/airflow/.local/lib/python3.8/site-packages/airflow/example_dags/example_sensors.py took 0.231 seconds
[2025-11-06T11:00:45.479+0000] {processor.py:161} INFO - Started process (PID=521) to work on /home/airflow/.local/lib/python3.8/site-packages/airflow/example_dags/example_sensors.py
[2025-11-06T11:00:45.481+0000] {processor.py:830} INFO - Processing file /home/airflow/.local/lib/python3.8/site-packages/airflow/example_dags/example_sensors.py for tasks to queue
[2025-11-06T11:00:45.485+0000] {logging_mixin.py:188} INFO - [2025-11-06T11:00:45.484+0000] {dagbag.py:538} INFO - Filling up the DagBag from /home/airflow/.local/lib/python3.8/site-packages/airflow/example_dags/example_sensors.py
[2025-11-06T11:00:45.503+0000] {processor.py:840} INFO - DAG(s) 'example_sensors' retrieved from /home/airflow/.local/lib/python3.8/site-packages/airflow/example_dags/example_sensors.py
[2025-11-06T11:00:45.564+0000] {logging_mixin.py:188} INFO - [2025-11-06T11:00:45.563+0000] {dag.py:3036} INFO - Sync 1 DAGs
[2025-11-06T11:00:45.592+0000] {logging_mixin.py:188} INFO - [2025-11-06T11:00:45.592+0000] {dag.py:3823} INFO - Setting next_dagrun for example_sensors to None, run_after=None
[2025-11-06T11:00:45.651+0000] {processor.py:183} INFO - Processing /home/airflow/.local/lib/python3.8/site-packages/airflow/example_dags/example_sensors.py took 0.179 seconds
[2025-11-06T11:01:15.777+0000] {processor.py:161} INFO - Started process (PID=576) to work on /home/airflow/.local/lib/python3.8/site-packages/airflow/example_dags/example_sensors.py
[2025-11-06T11:01:15.779+0000] {processor.py:830} INFO - Processing file /home/airflow/.local/lib/python3.8/site-packages/airflow/example_dags/example_sensors.py for tasks to queue
[2025-11-06T11:01:15.782+0000] {logging_mixin.py:188} INFO - [2025-11-06T11:01:15.781+0000] {dagbag.py:538} INFO - Filling up the DagBag from /home/airflow/.local/lib/python3.8/site-packages/airflow/example_dags/example_sensors.py
[2025-11-06T11:01:15.796+0000] {processor.py:840} INFO - DAG(s) 'example_sensors' retrieved from /home/airflow/.local/lib/python3.8/site-packages/airflow/example_dags/example_sensors.py
[2025-11-06T11:01:15.832+0000] {logging_mixin.py:188} INFO - [2025-11-06T11:01:15.831+0000] {dag.py:3036} INFO - Sync 1 DAGs
[2025-11-06T11:01:15.848+0000] {logging_mixin.py:188} INFO - [2025-11-06T11:01:15.848+0000] {dag.py:3823} INFO - Setting next_dagrun for example_sensors to None, run_after=None
[2025-11-06T11:01:15.879+0000] {processor.py:183} INFO - Processing /home/airflow/.local/lib/python3.8/site-packages/airflow/example_dags/example_sensors.py took 0.107 seconds
[2025-11-06T11:01:47.375+0000] {processor.py:161} INFO - Started process (PID=629) to work on /home/airflow/.local/lib/python3.8/site-packages/airflow/example_dags/example_sensors.py
[2025-11-06T11:01:47.385+0000] {processor.py:830} INFO - Processing file /home/airflow/.local/lib/python3.8/site-packages/airflow/example_dags/example_sensors.py for tasks to queue
[2025-11-06T11:01:47.409+0000] {logging_mixin.py:188} INFO - [2025-11-06T11:01:47.407+0000] {dagbag.py:538} INFO - Filling up the DagBag from /home/airflow/.local/lib/python3.8/site-packages/airflow/example_dags/example_sensors.py
[2025-11-06T11:01:47.475+0000] {processor.py:840} INFO - DAG(s) 'example_sensors' retrieved from /home/airflow/.local/lib/python3.8/site-packages/airflow/example_dags/example_sensors.py
[2025-11-06T11:01:47.706+0000] {logging_mixin.py:188} INFO - [2025-11-06T11:01:47.706+0000] {dag.py:3036} INFO - Sync 1 DAGs
[2025-11-06T11:01:47.835+0000] {logging_mixin.py:188} INFO - [2025-11-06T11:01:47.823+0000] {dag.py:3823} INFO - Setting next_dagrun for example_sensors to None, run_after=None
[2025-11-06T11:01:47.950+0000] {processor.py:183} INFO - Processing /home/airflow/.local/lib/python3.8/site-packages/airflow/example_dags/example_sensors.py took 0.597 seconds
[2025-11-06T11:02:18.546+0000] {processor.py:161} INFO - Started process (PID=684) to work on /home/airflow/.local/lib/python3.8/site-packages/airflow/example_dags/example_sensors.py
[2025-11-06T11:02:18.551+0000] {processor.py:830} INFO - Processing file /home/airflow/.local/lib/python3.8/site-packages/airflow/example_dags/example_sensors.py for tasks to queue
[2025-11-06T11:02:18.575+0000] {logging_mixin.py:188} INFO - [2025-11-06T11:02:18.574+0000] {dagbag.py:538} INFO - Filling up the DagBag from /home/airflow/.local/lib/python3.8/site-packages/airflow/example_dags/example_sensors.py
[2025-11-06T11:02:18.617+0000] {processor.py:840} INFO - DAG(s) 'example_sensors' retrieved from /home/airflow/.local/lib/python3.8/site-packages/airflow/example_dags/example_sensors.py
[2025-11-06T11:02:18.726+0000] {logging_mixin.py:188} INFO - [2025-11-06T11:02:18.725+0000] {dag.py:3036} INFO - Sync 1 DAGs
[2025-11-06T11:02:18.803+0000] {logging_mixin.py:188} INFO - [2025-11-06T11:02:18.802+0000] {dag.py:3823} INFO - Setting next_dagrun for example_sensors to None, run_after=None
[2025-11-06T11:02:18.905+0000] {processor.py:183} INFO - Processing /home/airflow/.local/lib/python3.8/site-packages/airflow/example_dags/example_sensors.py took 0.374 seconds
[2025-11-06T11:02:49.070+0000] {processor.py:161} INFO - Started process (PID=739) to work on /home/airflow/.local/lib/python3.8/site-packages/airflow/example_dags/example_sensors.py
[2025-11-06T11:02:49.072+0000] {processor.py:830} INFO - Processing file /home/airflow/.local/lib/python3.8/site-packages/airflow/example_dags/example_sensors.py for tasks to queue
[2025-11-06T11:02:49.077+0000] {logging_mixin.py:188} INFO - [2025-11-06T11:02:49.076+0000] {dagbag.py:538} INFO - Filling up the DagBag from /home/airflow/.local/lib/python3.8/site-packages/airflow/example_dags/example_sensors.py
[2025-11-06T11:02:49.096+0000] {processor.py:840} INFO - DAG(s) 'example_sensors' retrieved from /home/airflow/.local/lib/python3.8/site-packages/airflow/example_dags/example_sensors.py
[2025-11-06T11:02:49.157+0000] {logging_mixin.py:188} INFO - [2025-11-06T11:02:49.156+0000] {dag.py:3036} INFO - Sync 1 DAGs
[2025-11-06T11:02:49.197+0000] {logging_mixin.py:188} INFO - [2025-11-06T11:02:49.196+0000] {dag.py:3823} INFO - Setting next_dagrun for example_sensors to None, run_after=None
[2025-11-06T11:02:49.248+0000] {processor.py:183} INFO - Processing /home/airflow/.local/lib/python3.8/site-packages/airflow/example_dags/example_sensors.py took 0.185 seconds
[2025-11-06T11:03:19.784+0000] {processor.py:161} INFO - Started process (PID=793) to work on /home/airflow/.local/lib/python3.8/site-packages/airflow/example_dags/example_sensors.py
[2025-11-06T11:03:19.787+0000] {processor.py:830} INFO - Processing file /home/airflow/.local/lib/python3.8/site-packages/airflow/example_dags/example_sensors.py for tasks to queue
[2025-11-06T11:03:19.793+0000] {logging_mixin.py:188} INFO - [2025-11-06T11:03:19.792+0000] {dagbag.py:538} INFO - Filling up the DagBag from /home/airflow/.local/lib/python3.8/site-packages/airflow/example_dags/example_sensors.py
[2025-11-06T11:03:19.832+0000] {processor.py:840} INFO - DAG(s) 'example_sensors' retrieved from /home/airflow/.local/lib/python3.8/site-packages/airflow/example_dags/example_sensors.py
[2025-11-06T11:03:19.935+0000] {logging_mixin.py:188} INFO - [2025-11-06T11:03:19.934+0000] {dag.py:3036} INFO - Sync 1 DAGs
[2025-11-06T11:03:20.003+0000] {logging_mixin.py:188} INFO - [2025-11-06T11:03:20.001+0000] {dag.py:3823} INFO - Setting next_dagrun for example_sensors to None, run_after=None
[2025-11-06T11:03:20.143+0000] {processor.py:183} INFO - Processing /home/airflow/.local/lib/python3.8/site-packages/airflow/example_dags/example_sensors.py took 0.378 seconds
[2025-11-06T11:03:50.913+0000] {processor.py:161} INFO - Started process (PID=848) to work on /home/airflow/.local/lib/python3.8/site-packages/airflow/example_dags/example_sensors.py
[2025-11-06T11:03:50.916+0000] {processor.py:830} INFO - Processing file /home/airflow/.local/lib/python3.8/site-packages/airflow/example_dags/example_sensors.py for tasks to queue
[2025-11-06T11:03:50.923+0000] {logging_mixin.py:188} INFO - [2025-11-06T11:03:50.922+0000] {dagbag.py:538} INFO - Filling up the DagBag from /home/airflow/.local/lib/python3.8/site-packages/airflow/example_dags/example_sensors.py
[2025-11-06T11:03:50.944+0000] {processor.py:840} INFO - DAG(s) 'example_sensors' retrieved from /home/airflow/.local/lib/python3.8/site-packages/airflow/example_dags/example_sensors.py
[2025-11-06T11:03:51.019+0000] {logging_mixin.py:188} INFO - [2025-11-06T11:03:51.018+0000] {dag.py:3036} INFO - Sync 1 DAGs
[2025-11-06T11:03:51.054+0000] {logging_mixin.py:188} INFO - [2025-11-06T11:03:51.053+0000] {dag.py:3823} INFO - Setting next_dagrun for example_sensors to None, run_after=None
[2025-11-06T11:03:51.111+0000] {processor.py:183} INFO - Processing /home/airflow/.local/lib/python3.8/site-packages/airflow/example_dags/example_sensors.py took 0.206 seconds
[2025-11-06T11:04:21.359+0000] {processor.py:161} INFO - Started process (PID=903) to work on /home/airflow/.local/lib/python3.8/site-packages/airflow/example_dags/example_sensors.py
[2025-11-06T11:04:21.361+0000] {processor.py:830} INFO - Processing file /home/airflow/.local/lib/python3.8/site-packages/airflow/example_dags/example_sensors.py for tasks to queue
[2025-11-06T11:04:21.366+0000] {logging_mixin.py:188} INFO - [2025-11-06T11:04:21.365+0000] {dagbag.py:538} INFO - Filling up the DagBag from /home/airflow/.local/lib/python3.8/site-packages/airflow/example_dags/example_sensors.py
[2025-11-06T11:04:21.389+0000] {processor.py:840} INFO - DAG(s) 'example_sensors' retrieved from /home/airflow/.local/lib/python3.8/site-packages/airflow/example_dags/example_sensors.py
[2025-11-06T11:04:21.442+0000] {logging_mixin.py:188} INFO - [2025-11-06T11:04:21.441+0000] {dag.py:3036} INFO - Sync 1 DAGs
[2025-11-06T11:04:21.467+0000] {logging_mixin.py:188} INFO - [2025-11-06T11:04:21.466+0000] {dag.py:3823} INFO - Setting next_dagrun for example_sensors to None, run_after=None
[2025-11-06T11:04:21.506+0000] {processor.py:183} INFO - Processing /home/airflow/.local/lib/python3.8/site-packages/airflow/example_dags/example_sensors.py took 0.153 seconds
[2025-11-06T11:04:52.182+0000] {processor.py:161} INFO - Started process (PID=958) to work on /home/airflow/.local/lib/python3.8/site-packages/airflow/example_dags/example_sensors.py
[2025-11-06T11:04:52.185+0000] {processor.py:830} INFO - Processing file /home/airflow/.local/lib/python3.8/site-packages/airflow/example_dags/example_sensors.py for tasks to queue
[2025-11-06T11:04:52.191+0000] {logging_mixin.py:188} INFO - [2025-11-06T11:04:52.190+0000] {dagbag.py:538} INFO - Filling up the DagBag from /home/airflow/.local/lib/python3.8/site-packages/airflow/example_dags/example_sensors.py
[2025-11-06T11:04:52.226+0000] {processor.py:840} INFO - DAG(s) 'example_sensors' retrieved from /home/airflow/.local/lib/python3.8/site-packages/airflow/example_dags/example_sensors.py
[2025-11-06T11:04:52.342+0000] {logging_mixin.py:188} INFO - [2025-11-06T11:04:52.341+0000] {dag.py:3036} INFO - Sync 1 DAGs
[2025-11-06T11:04:52.423+0000] {logging_mixin.py:188} INFO - [2025-11-06T11:04:52.423+0000] {dag.py:3823} INFO - Setting next_dagrun for example_sensors to None, run_after=None
[2025-11-06T11:04:52.566+0000] {processor.py:183} INFO - Processing /home/airflow/.local/lib/python3.8/site-packages/airflow/example_dags/example_sensors.py took 0.397 seconds
[2025-11-06T11:05:22.815+0000] {processor.py:161} INFO - Started process (PID=1013) to work on /home/airflow/.local/lib/python3.8/site-packages/airflow/example_dags/example_sensors.py
[2025-11-06T11:05:22.819+0000] {processor.py:830} INFO - Processing file /home/airflow/.local/lib/python3.8/site-packages/airflow/example_dags/example_sensors.py for tasks to queue
[2025-11-06T11:05:22.824+0000] {logging_mixin.py:188} INFO - [2025-11-06T11:05:22.824+0000] {dagbag.py:538} INFO - Filling up the DagBag from /home/airflow/.local/lib/python3.8/site-packages/airflow/example_dags/example_sensors.py
[2025-11-06T11:05:22.859+0000] {processor.py:840} INFO - DAG(s) 'example_sensors' retrieved from /home/airflow/.local/lib/python3.8/site-packages/airflow/example_dags/example_sensors.py
[2025-11-06T11:05:22.944+0000] {logging_mixin.py:188} INFO - [2025-11-06T11:05:22.943+0000] {dag.py:3036} INFO - Sync 1 DAGs
[2025-11-06T11:05:22.989+0000] {logging_mixin.py:188} INFO - [2025-11-06T11:05:22.988+0000] {dag.py:3823} INFO - Setting next_dagrun for example_sensors to None, run_after=None
[2025-11-06T11:05:23.064+0000] {processor.py:183} INFO - Processing /home/airflow/.local/lib/python3.8/site-packages/airflow/example_dags/example_sensors.py took 0.267 seconds
[2025-11-06T11:05:53.241+0000] {processor.py:161} INFO - Started process (PID=1069) to work on /home/airflow/.local/lib/python3.8/site-packages/airflow/example_dags/example_sensors.py
[2025-11-06T11:05:53.244+0000] {processor.py:830} INFO - Processing file /home/airflow/.local/lib/python3.8/site-packages/airflow/example_dags/example_sensors.py for tasks to queue
[2025-11-06T11:05:53.250+0000] {logging_mixin.py:188} INFO - [2025-11-06T11:05:53.249+0000] {dagbag.py:538} INFO - Filling up the DagBag from /home/airflow/.local/lib/python3.8/site-packages/airflow/example_dags/example_sensors.py
[2025-11-06T11:05:53.277+0000] {processor.py:840} INFO - DAG(s) 'example_sensors' retrieved from /home/airflow/.local/lib/python3.8/site-packages/airflow/example_dags/example_sensors.py
[2025-11-06T11:05:53.352+0000] {logging_mixin.py:188} INFO - [2025-11-06T11:05:53.351+0000] {dag.py:3036} INFO - Sync 1 DAGs
[2025-11-06T11:05:53.391+0000] {logging_mixin.py:188} INFO - [2025-11-06T11:05:53.391+0000] {dag.py:3823} INFO - Setting next_dagrun for example_sensors to None, run_after=None
[2025-11-06T11:05:53.462+0000] {processor.py:183} INFO - Processing /home/airflow/.local/lib/python3.8/site-packages/airflow/example_dags/example_sensors.py took 0.230 seconds
[2025-11-06T11:06:24.431+0000] {processor.py:161} INFO - Started process (PID=1124) to work on /home/airflow/.local/lib/python3.8/site-packages/airflow/example_dags/example_sensors.py
[2025-11-06T11:06:24.436+0000] {processor.py:830} INFO - Processing file /home/airflow/.local/lib/python3.8/site-packages/airflow/example_dags/example_sensors.py for tasks to queue
[2025-11-06T11:06:24.445+0000] {logging_mixin.py:188} INFO - [2025-11-06T11:06:24.444+0000] {dagbag.py:538} INFO - Filling up the DagBag from /home/airflow/.local/lib/python3.8/site-packages/airflow/example_dags/example_sensors.py
[2025-11-06T11:06:24.503+0000] {processor.py:840} INFO - DAG(s) 'example_sensors' retrieved from /home/airflow/.local/lib/python3.8/site-packages/airflow/example_dags/example_sensors.py
[2025-11-06T11:06:24.665+0000] {logging_mixin.py:188} INFO - [2025-11-06T11:06:24.664+0000] {dag.py:3036} INFO - Sync 1 DAGs
[2025-11-06T11:06:24.730+0000] {logging_mixin.py:188} INFO - [2025-11-06T11:06:24.730+0000] {dag.py:3823} INFO - Setting next_dagrun for example_sensors to None, run_after=None
[2025-11-06T11:06:24.864+0000] {processor.py:183} INFO - Processing /home/airflow/.local/lib/python3.8/site-packages/airflow/example_dags/example_sensors.py took 0.444 seconds
[2025-11-06T11:06:55.408+0000] {processor.py:161} INFO - Started process (PID=1179) to work on /home/airflow/.local/lib/python3.8/site-packages/airflow/example_dags/example_sensors.py
[2025-11-06T11:06:55.410+0000] {processor.py:830} INFO - Processing file /home/airflow/.local/lib/python3.8/site-packages/airflow/example_dags/example_sensors.py for tasks to queue
[2025-11-06T11:06:55.416+0000] {logging_mixin.py:188} INFO - [2025-11-06T11:06:55.415+0000] {dagbag.py:538} INFO - Filling up the DagBag from /home/airflow/.local/lib/python3.8/site-packages/airflow/example_dags/example_sensors.py
[2025-11-06T11:06:55.439+0000] {processor.py:840} INFO - DAG(s) 'example_sensors' retrieved from /home/airflow/.local/lib/python3.8/site-packages/airflow/example_dags/example_sensors.py
[2025-11-06T11:06:55.506+0000] {logging_mixin.py:188} INFO - [2025-11-06T11:06:55.505+0000] {dag.py:3036} INFO - Sync 1 DAGs
[2025-11-06T11:06:55.546+0000] {logging_mixin.py:188} INFO - [2025-11-06T11:06:55.545+0000] {dag.py:3823} INFO - Setting next_dagrun for example_sensors to None, run_after=None
[2025-11-06T11:06:55.605+0000] {processor.py:183} INFO - Processing /home/airflow/.local/lib/python3.8/site-packages/airflow/example_dags/example_sensors.py took 0.205 seconds
[2025-11-06T11:07:25.843+0000] {processor.py:161} INFO - Started process (PID=1234) to work on /home/airflow/.local/lib/python3.8/site-packages/airflow/example_dags/example_sensors.py
[2025-11-06T11:07:25.845+0000] {processor.py:830} INFO - Processing file /home/airflow/.local/lib/python3.8/site-packages/airflow/example_dags/example_sensors.py for tasks to queue
[2025-11-06T11:07:25.849+0000] {logging_mixin.py:188} INFO - [2025-11-06T11:07:25.848+0000] {dagbag.py:538} INFO - Filling up the DagBag from /home/airflow/.local/lib/python3.8/site-packages/airflow/example_dags/example_sensors.py
[2025-11-06T11:07:25.868+0000] {processor.py:840} INFO - DAG(s) 'example_sensors' retrieved from /home/airflow/.local/lib/python3.8/site-packages/airflow/example_dags/example_sensors.py
[2025-11-06T11:07:25.919+0000] {logging_mixin.py:188} INFO - [2025-11-06T11:07:25.919+0000] {dag.py:3036} INFO - Sync 1 DAGs
[2025-11-06T11:07:25.947+0000] {logging_mixin.py:188} INFO - [2025-11-06T11:07:25.947+0000] {dag.py:3823} INFO - Setting next_dagrun for example_sensors to None, run_after=None
[2025-11-06T11:07:26.005+0000] {processor.py:183} INFO - Processing /home/airflow/.local/lib/python3.8/site-packages/airflow/example_dags/example_sensors.py took 0.170 seconds
[2025-11-06T11:07:56.244+0000] {processor.py:161} INFO - Started process (PID=1287) to work on /home/airflow/.local/lib/python3.8/site-packages/airflow/example_dags/example_sensors.py
[2025-11-06T11:07:56.246+0000] {processor.py:830} INFO - Processing file /home/airflow/.local/lib/python3.8/site-packages/airflow/example_dags/example_sensors.py for tasks to queue
[2025-11-06T11:07:56.251+0000] {logging_mixin.py:188} INFO - [2025-11-06T11:07:56.250+0000] {dagbag.py:538} INFO - Filling up the DagBag from /home/airflow/.local/lib/python3.8/site-packages/airflow/example_dags/example_sensors.py
[2025-11-06T11:07:56.264+0000] {processor.py:840} INFO - DAG(s) 'example_sensors' retrieved from /home/airflow/.local/lib/python3.8/site-packages/airflow/example_dags/example_sensors.py
[2025-11-06T11:07:56.297+0000] {logging_mixin.py:188} INFO - [2025-11-06T11:07:56.296+0000] {dag.py:3036} INFO - Sync 1 DAGs
[2025-11-06T11:07:56.312+0000] {logging_mixin.py:188} INFO - [2025-11-06T11:07:56.311+0000] {dag.py:3823} INFO - Setting next_dagrun for example_sensors to None, run_after=None
[2025-11-06T11:07:56.349+0000] {processor.py:183} INFO - Processing /home/airflow/.local/lib/python3.8/site-packages/airflow/example_dags/example_sensors.py took 0.109 seconds
[2025-11-06T11:08:26.955+0000] {processor.py:161} INFO - Started process (PID=1342) to work on /home/airflow/.local/lib/python3.8/site-packages/airflow/example_dags/example_sensors.py
[2025-11-06T11:08:26.956+0000] {processor.py:830} INFO - Processing file /home/airflow/.local/lib/python3.8/site-packages/airflow/example_dags/example_sensors.py for tasks to queue
[2025-11-06T11:08:26.959+0000] {logging_mixin.py:188} INFO - [2025-11-06T11:08:26.959+0000] {dagbag.py:538} INFO - Filling up the DagBag from /home/airflow/.local/lib/python3.8/site-packages/airflow/example_dags/example_sensors.py
[2025-11-06T11:08:26.972+0000] {processor.py:840} INFO - DAG(s) 'example_sensors' retrieved from /home/airflow/.local/lib/python3.8/site-packages/airflow/example_dags/example_sensors.py
[2025-11-06T11:08:27.009+0000] {logging_mixin.py:188} INFO - [2025-11-06T11:08:27.009+0000] {dag.py:3036} INFO - Sync 1 DAGs
[2025-11-06T11:08:27.027+0000] {logging_mixin.py:188} INFO - [2025-11-06T11:08:27.027+0000] {dag.py:3823} INFO - Setting next_dagrun for example_sensors to None, run_after=None
[2025-11-06T11:08:27.062+0000] {processor.py:183} INFO - Processing /home/airflow/.local/lib/python3.8/site-packages/airflow/example_dags/example_sensors.py took 0.111 seconds
[2025-11-06T11:08:57.253+0000] {processor.py:161} INFO - Started process (PID=1397) to work on /home/airflow/.local/lib/python3.8/site-packages/airflow/example_dags/example_sensors.py
[2025-11-06T11:08:57.255+0000] {processor.py:830} INFO - Processing file /home/airflow/.local/lib/python3.8/site-packages/airflow/example_dags/example_sensors.py for tasks to queue
[2025-11-06T11:08:57.260+0000] {logging_mixin.py:188} INFO - [2025-11-06T11:08:57.259+0000] {dagbag.py:538} INFO - Filling up the DagBag from /home/airflow/.local/lib/python3.8/site-packages/airflow/example_dags/example_sensors.py
[2025-11-06T11:08:57.278+0000] {processor.py:840} INFO - DAG(s) 'example_sensors' retrieved from /home/airflow/.local/lib/python3.8/site-packages/airflow/example_dags/example_sensors.py
[2025-11-06T11:08:57.330+0000] {logging_mixin.py:188} INFO - [2025-11-06T11:08:57.330+0000] {dag.py:3036} INFO - Sync 1 DAGs
[2025-11-06T11:08:57.357+0000] {logging_mixin.py:188} INFO - [2025-11-06T11:08:57.357+0000] {dag.py:3823} INFO - Setting next_dagrun for example_sensors to None, run_after=None
[2025-11-06T11:08:57.401+0000] {processor.py:183} INFO - Processing /home/airflow/.local/lib/python3.8/site-packages/airflow/example_dags/example_sensors.py took 0.156 seconds
[2025-11-06T11:09:28.212+0000] {processor.py:161} INFO - Started process (PID=1452) to work on /home/airflow/.local/lib/python3.8/site-packages/airflow/example_dags/example_sensors.py
[2025-11-06T11:09:28.216+0000] {processor.py:830} INFO - Processing file /home/airflow/.local/lib/python3.8/site-packages/airflow/example_dags/example_sensors.py for tasks to queue
[2025-11-06T11:09:28.221+0000] {logging_mixin.py:188} INFO - [2025-11-06T11:09:28.220+0000] {dagbag.py:538} INFO - Filling up the DagBag from /home/airflow/.local/lib/python3.8/site-packages/airflow/example_dags/example_sensors.py
[2025-11-06T11:09:28.242+0000] {processor.py:840} INFO - DAG(s) 'example_sensors' retrieved from /home/airflow/.local/lib/python3.8/site-packages/airflow/example_dags/example_sensors.py
[2025-11-06T11:09:28.296+0000] {logging_mixin.py:188} INFO - [2025-11-06T11:09:28.296+0000] {dag.py:3036} INFO - Sync 1 DAGs
[2025-11-06T11:09:28.316+0000] {logging_mixin.py:188} INFO - [2025-11-06T11:09:28.316+0000] {dag.py:3823} INFO - Setting next_dagrun for example_sensors to None, run_after=None
[2025-11-06T11:09:28.354+0000] {processor.py:183} INFO - Processing /home/airflow/.local/lib/python3.8/site-packages/airflow/example_dags/example_sensors.py took 0.150 seconds
[2025-11-06T11:09:59.121+0000] {processor.py:161} INFO - Started process (PID=1507) to work on /home/airflow/.local/lib/python3.8/site-packages/airflow/example_dags/example_sensors.py
[2025-11-06T11:09:59.123+0000] {processor.py:830} INFO - Processing file /home/airflow/.local/lib/python3.8/site-packages/airflow/example_dags/example_sensors.py for tasks to queue
[2025-11-06T11:09:59.126+0000] {logging_mixin.py:188} INFO - [2025-11-06T11:09:59.125+0000] {dagbag.py:538} INFO - Filling up the DagBag from /home/airflow/.local/lib/python3.8/site-packages/airflow/example_dags/example_sensors.py
[2025-11-06T11:09:59.136+0000] {processor.py:840} INFO - DAG(s) 'example_sensors' retrieved from /home/airflow/.local/lib/python3.8/site-packages/airflow/example_dags/example_sensors.py
[2025-11-06T11:09:59.180+0000] {logging_mixin.py:188} INFO - [2025-11-06T11:09:59.180+0000] {dag.py:3036} INFO - Sync 1 DAGs
[2025-11-06T11:09:59.208+0000] {logging_mixin.py:188} INFO - [2025-11-06T11:09:59.208+0000] {dag.py:3823} INFO - Setting next_dagrun for example_sensors to None, run_after=None
[2025-11-06T11:09:59.257+0000] {processor.py:183} INFO - Processing /home/airflow/.local/lib/python3.8/site-packages/airflow/example_dags/example_sensors.py took 0.140 seconds
[2025-11-06T11:10:29.901+0000] {processor.py:161} INFO - Started process (PID=1562) to work on /home/airflow/.local/lib/python3.8/site-packages/airflow/example_dags/example_sensors.py
[2025-11-06T11:10:29.904+0000] {processor.py:830} INFO - Processing file /home/airflow/.local/lib/python3.8/site-packages/airflow/example_dags/example_sensors.py for tasks to queue
[2025-11-06T11:10:29.909+0000] {logging_mixin.py:188} INFO - [2025-11-06T11:10:29.909+0000] {dagbag.py:538} INFO - Filling up the DagBag from /home/airflow/.local/lib/python3.8/site-packages/airflow/example_dags/example_sensors.py
[2025-11-06T11:10:29.935+0000] {processor.py:840} INFO - DAG(s) 'example_sensors' retrieved from /home/airflow/.local/lib/python3.8/site-packages/airflow/example_dags/example_sensors.py
[2025-11-06T11:10:30.012+0000] {logging_mixin.py:188} INFO - [2025-11-06T11:10:30.012+0000] {dag.py:3036} INFO - Sync 1 DAGs
[2025-11-06T11:10:30.056+0000] {logging_mixin.py:188} INFO - [2025-11-06T11:10:30.055+0000] {dag.py:3823} INFO - Setting next_dagrun for example_sensors to None, run_after=None
[2025-11-06T11:10:30.140+0000] {processor.py:183} INFO - Processing /home/airflow/.local/lib/python3.8/site-packages/airflow/example_dags/example_sensors.py took 0.246 seconds
[2025-11-06T11:11:00.434+0000] {processor.py:161} INFO - Started process (PID=1617) to work on /home/airflow/.local/lib/python3.8/site-packages/airflow/example_dags/example_sensors.py
[2025-11-06T11:11:00.437+0000] {processor.py:830} INFO - Processing file /home/airflow/.local/lib/python3.8/site-packages/airflow/example_dags/example_sensors.py for tasks to queue
[2025-11-06T11:11:00.442+0000] {logging_mixin.py:188} INFO - [2025-11-06T11:11:00.441+0000] {dagbag.py:538} INFO - Filling up the DagBag from /home/airflow/.local/lib/python3.8/site-packages/airflow/example_dags/example_sensors.py
[2025-11-06T11:11:00.465+0000] {processor.py:840} INFO - DAG(s) 'example_sensors' retrieved from /home/airflow/.local/lib/python3.8/site-packages/airflow/example_dags/example_sensors.py
[2025-11-06T11:11:00.546+0000] {logging_mixin.py:188} INFO - [2025-11-06T11:11:00.546+0000] {dag.py:3036} INFO - Sync 1 DAGs
[2025-11-06T11:11:00.579+0000] {logging_mixin.py:188} INFO - [2025-11-06T11:11:00.578+0000] {dag.py:3823} INFO - Setting next_dagrun for example_sensors to None, run_after=None
[2025-11-06T11:11:00.630+0000] {processor.py:183} INFO - Processing /home/airflow/.local/lib/python3.8/site-packages/airflow/example_dags/example_sensors.py took 0.201 seconds
[2025-11-06T11:11:30.930+0000] {processor.py:161} INFO - Started process (PID=1672) to work on /home/airflow/.local/lib/python3.8/site-packages/airflow/example_dags/example_sensors.py
[2025-11-06T11:11:30.935+0000] {processor.py:830} INFO - Processing file /home/airflow/.local/lib/python3.8/site-packages/airflow/example_dags/example_sensors.py for tasks to queue
[2025-11-06T11:11:30.941+0000] {logging_mixin.py:188} INFO - [2025-11-06T11:11:30.940+0000] {dagbag.py:538} INFO - Filling up the DagBag from /home/airflow/.local/lib/python3.8/site-packages/airflow/example_dags/example_sensors.py
[2025-11-06T11:11:30.958+0000] {processor.py:840} INFO - DAG(s) 'example_sensors' retrieved from /home/airflow/.local/lib/python3.8/site-packages/airflow/example_dags/example_sensors.py
[2025-11-06T11:11:31.002+0000] {logging_mixin.py:188} INFO - [2025-11-06T11:11:31.001+0000] {dag.py:3036} INFO - Sync 1 DAGs
[2025-11-06T11:11:31.025+0000] {logging_mixin.py:188} INFO - [2025-11-06T11:11:31.024+0000] {dag.py:3823} INFO - Setting next_dagrun for example_sensors to None, run_after=None
[2025-11-06T11:11:31.069+0000] {processor.py:183} INFO - Processing /home/airflow/.local/lib/python3.8/site-packages/airflow/example_dags/example_sensors.py took 0.148 seconds
[2025-11-06T11:12:01.646+0000] {processor.py:161} INFO - Started process (PID=1727) to work on /home/airflow/.local/lib/python3.8/site-packages/airflow/example_dags/example_sensors.py
[2025-11-06T11:12:01.648+0000] {processor.py:830} INFO - Processing file /home/airflow/.local/lib/python3.8/site-packages/airflow/example_dags/example_sensors.py for tasks to queue
[2025-11-06T11:12:01.650+0000] {logging_mixin.py:188} INFO - [2025-11-06T11:12:01.650+0000] {dagbag.py:538} INFO - Filling up the DagBag from /home/airflow/.local/lib/python3.8/site-packages/airflow/example_dags/example_sensors.py
[2025-11-06T11:12:01.663+0000] {processor.py:840} INFO - DAG(s) 'example_sensors' retrieved from /home/airflow/.local/lib/python3.8/site-packages/airflow/example_dags/example_sensors.py
[2025-11-06T11:12:01.697+0000] {logging_mixin.py:188} INFO - [2025-11-06T11:12:01.697+0000] {dag.py:3036} INFO - Sync 1 DAGs
[2025-11-06T11:12:01.716+0000] {logging_mixin.py:188} INFO - [2025-11-06T11:12:01.716+0000] {dag.py:3823} INFO - Setting next_dagrun for example_sensors to None, run_after=None
[2025-11-06T11:12:01.747+0000] {processor.py:183} INFO - Processing /home/airflow/.local/lib/python3.8/site-packages/airflow/example_dags/example_sensors.py took 0.106 seconds
[2025-11-06T11:12:32.261+0000] {processor.py:161} INFO - Started process (PID=1782) to work on /home/airflow/.local/lib/python3.8/site-packages/airflow/example_dags/example_sensors.py
[2025-11-06T11:12:32.265+0000] {processor.py:830} INFO - Processing file /home/airflow/.local/lib/python3.8/site-packages/airflow/example_dags/example_sensors.py for tasks to queue
[2025-11-06T11:12:32.272+0000] {logging_mixin.py:188} INFO - [2025-11-06T11:12:32.271+0000] {dagbag.py:538} INFO - Filling up the DagBag from /home/airflow/.local/lib/python3.8/site-packages/airflow/example_dags/example_sensors.py
[2025-11-06T11:12:32.316+0000] {processor.py:840} INFO - DAG(s) 'example_sensors' retrieved from /home/airflow/.local/lib/python3.8/site-packages/airflow/example_dags/example_sensors.py
[2025-11-06T11:12:32.496+0000] {logging_mixin.py:188} INFO - [2025-11-06T11:12:32.495+0000] {dag.py:3036} INFO - Sync 1 DAGs
[2025-11-06T11:12:32.592+0000] {logging_mixin.py:188} INFO - [2025-11-06T11:12:32.591+0000] {dag.py:3823} INFO - Setting next_dagrun for example_sensors to None, run_after=None
[2025-11-06T11:12:32.795+0000] {processor.py:183} INFO - Processing /home/airflow/.local/lib/python3.8/site-packages/airflow/example_dags/example_sensors.py took 0.548 seconds
[2025-11-06T11:13:03.462+0000] {processor.py:161} INFO - Started process (PID=1836) to work on /home/airflow/.local/lib/python3.8/site-packages/airflow/example_dags/example_sensors.py
[2025-11-06T11:13:03.464+0000] {processor.py:830} INFO - Processing file /home/airflow/.local/lib/python3.8/site-packages/airflow/example_dags/example_sensors.py for tasks to queue
[2025-11-06T11:13:03.467+0000] {logging_mixin.py:188} INFO - [2025-11-06T11:13:03.466+0000] {dagbag.py:538} INFO - Filling up the DagBag from /home/airflow/.local/lib/python3.8/site-packages/airflow/example_dags/example_sensors.py
[2025-11-06T11:13:03.479+0000] {processor.py:840} INFO - DAG(s) 'example_sensors' retrieved from /home/airflow/.local/lib/python3.8/site-packages/airflow/example_dags/example_sensors.py
[2025-11-06T11:13:03.515+0000] {logging_mixin.py:188} INFO - [2025-11-06T11:13:03.514+0000] {dag.py:3036} INFO - Sync 1 DAGs
[2025-11-06T11:13:03.532+0000] {logging_mixin.py:188} INFO - [2025-11-06T11:13:03.532+0000] {dag.py:3823} INFO - Setting next_dagrun for example_sensors to None, run_after=None
[2025-11-06T11:13:03.565+0000] {processor.py:183} INFO - Processing /home/airflow/.local/lib/python3.8/site-packages/airflow/example_dags/example_sensors.py took 0.108 seconds
[2025-11-06T11:13:34.140+0000] {processor.py:161} INFO - Started process (PID=1891) to work on /home/airflow/.local/lib/python3.8/site-packages/airflow/example_dags/example_sensors.py
[2025-11-06T11:13:34.142+0000] {processor.py:830} INFO - Processing file /home/airflow/.local/lib/python3.8/site-packages/airflow/example_dags/example_sensors.py for tasks to queue
[2025-11-06T11:13:34.145+0000] {logging_mixin.py:188} INFO - [2025-11-06T11:13:34.145+0000] {dagbag.py:538} INFO - Filling up the DagBag from /home/airflow/.local/lib/python3.8/site-packages/airflow/example_dags/example_sensors.py
[2025-11-06T11:13:34.161+0000] {processor.py:840} INFO - DAG(s) 'example_sensors' retrieved from /home/airflow/.local/lib/python3.8/site-packages/airflow/example_dags/example_sensors.py
[2025-11-06T11:13:34.200+0000] {logging_mixin.py:188} INFO - [2025-11-06T11:13:34.200+0000] {dag.py:3036} INFO - Sync 1 DAGs
[2025-11-06T11:13:34.214+0000] {logging_mixin.py:188} INFO - [2025-11-06T11:13:34.214+0000] {dag.py:3823} INFO - Setting next_dagrun for example_sensors to None, run_after=None
[2025-11-06T11:13:34.247+0000] {processor.py:183} INFO - Processing /home/airflow/.local/lib/python3.8/site-packages/airflow/example_dags/example_sensors.py took 0.113 seconds
[2025-11-06T11:14:04.860+0000] {processor.py:161} INFO - Started process (PID=1946) to work on /home/airflow/.local/lib/python3.8/site-packages/airflow/example_dags/example_sensors.py
[2025-11-06T11:14:04.862+0000] {processor.py:830} INFO - Processing file /home/airflow/.local/lib/python3.8/site-packages/airflow/example_dags/example_sensors.py for tasks to queue
[2025-11-06T11:14:04.864+0000] {logging_mixin.py:188} INFO - [2025-11-06T11:14:04.864+0000] {dagbag.py:538} INFO - Filling up the DagBag from /home/airflow/.local/lib/python3.8/site-packages/airflow/example_dags/example_sensors.py
[2025-11-06T11:14:04.875+0000] {processor.py:840} INFO - DAG(s) 'example_sensors' retrieved from /home/airflow/.local/lib/python3.8/site-packages/airflow/example_dags/example_sensors.py
[2025-11-06T11:14:04.906+0000] {logging_mixin.py:188} INFO - [2025-11-06T11:14:04.906+0000] {dag.py:3036} INFO - Sync 1 DAGs
[2025-11-06T11:14:04.922+0000] {logging_mixin.py:188} INFO - [2025-11-06T11:14:04.921+0000] {dag.py:3823} INFO - Setting next_dagrun for example_sensors to None, run_after=None
[2025-11-06T11:14:04.957+0000] {processor.py:183} INFO - Processing /home/airflow/.local/lib/python3.8/site-packages/airflow/example_dags/example_sensors.py took 0.103 seconds
[2025-11-06T11:14:35.231+0000] {processor.py:161} INFO - Started process (PID=2001) to work on /home/airflow/.local/lib/python3.8/site-packages/airflow/example_dags/example_sensors.py
[2025-11-06T11:14:35.233+0000] {processor.py:830} INFO - Processing file /home/airflow/.local/lib/python3.8/site-packages/airflow/example_dags/example_sensors.py for tasks to queue
[2025-11-06T11:14:35.237+0000] {logging_mixin.py:188} INFO - [2025-11-06T11:14:35.237+0000] {dagbag.py:538} INFO - Filling up the DagBag from /home/airflow/.local/lib/python3.8/site-packages/airflow/example_dags/example_sensors.py
[2025-11-06T11:14:35.252+0000] {processor.py:840} INFO - DAG(s) 'example_sensors' retrieved from /home/airflow/.local/lib/python3.8/site-packages/airflow/example_dags/example_sensors.py
[2025-11-06T11:14:35.295+0000] {logging_mixin.py:188} INFO - [2025-11-06T11:14:35.295+0000] {dag.py:3036} INFO - Sync 1 DAGs
[2025-11-06T11:14:35.314+0000] {logging_mixin.py:188} INFO - [2025-11-06T11:14:35.314+0000] {dag.py:3823} INFO - Setting next_dagrun for example_sensors to None, run_after=None
[2025-11-06T11:14:35.347+0000] {processor.py:183} INFO - Processing /home/airflow/.local/lib/python3.8/site-packages/airflow/example_dags/example_sensors.py took 0.123 seconds
[2025-11-06T11:15:06.350+0000] {processor.py:161} INFO - Started process (PID=2056) to work on /home/airflow/.local/lib/python3.8/site-packages/airflow/example_dags/example_sensors.py
[2025-11-06T11:15:06.353+0000] {processor.py:830} INFO - Processing file /home/airflow/.local/lib/python3.8/site-packages/airflow/example_dags/example_sensors.py for tasks to queue
[2025-11-06T11:15:06.359+0000] {logging_mixin.py:188} INFO - [2025-11-06T11:15:06.357+0000] {dagbag.py:538} INFO - Filling up the DagBag from /home/airflow/.local/lib/python3.8/site-packages/airflow/example_dags/example_sensors.py
[2025-11-06T11:15:06.387+0000] {processor.py:840} INFO - DAG(s) 'example_sensors' retrieved from /home/airflow/.local/lib/python3.8/site-packages/airflow/example_dags/example_sensors.py
[2025-11-06T11:15:06.469+0000] {logging_mixin.py:188} INFO - [2025-11-06T11:15:06.468+0000] {dag.py:3036} INFO - Sync 1 DAGs
[2025-11-06T11:15:06.520+0000] {logging_mixin.py:188} INFO - [2025-11-06T11:15:06.520+0000] {dag.py:3823} INFO - Setting next_dagrun for example_sensors to None, run_after=None
[2025-11-06T11:15:06.577+0000] {processor.py:183} INFO - Processing /home/airflow/.local/lib/python3.8/site-packages/airflow/example_dags/example_sensors.py took 0.240 seconds
[2025-11-06T11:15:37.604+0000] {processor.py:161} INFO - Started process (PID=2111) to work on /home/airflow/.local/lib/python3.8/site-packages/airflow/example_dags/example_sensors.py
[2025-11-06T11:15:37.611+0000] {processor.py:830} INFO - Processing file /home/airflow/.local/lib/python3.8/site-packages/airflow/example_dags/example_sensors.py for tasks to queue
[2025-11-06T11:15:37.637+0000] {logging_mixin.py:188} INFO - [2025-11-06T11:15:37.627+0000] {dagbag.py:538} INFO - Filling up the DagBag from /home/airflow/.local/lib/python3.8/site-packages/airflow/example_dags/example_sensors.py
[2025-11-06T11:15:37.696+0000] {processor.py:840} INFO - DAG(s) 'example_sensors' retrieved from /home/airflow/.local/lib/python3.8/site-packages/airflow/example_dags/example_sensors.py
[2025-11-06T11:15:37.930+0000] {logging_mixin.py:188} INFO - [2025-11-06T11:15:37.929+0000] {dag.py:3036} INFO - Sync 1 DAGs
[2025-11-06T11:15:38.080+0000] {logging_mixin.py:188} INFO - [2025-11-06T11:15:38.079+0000] {dag.py:3823} INFO - Setting next_dagrun for example_sensors to None, run_after=None
[2025-11-06T11:15:38.246+0000] {processor.py:183} INFO - Processing /home/airflow/.local/lib/python3.8/site-packages/airflow/example_dags/example_sensors.py took 0.658 seconds
[2025-11-06T11:16:08.791+0000] {processor.py:161} INFO - Started process (PID=2166) to work on /home/airflow/.local/lib/python3.8/site-packages/airflow/example_dags/example_sensors.py
[2025-11-06T11:16:08.793+0000] {processor.py:830} INFO - Processing file /home/airflow/.local/lib/python3.8/site-packages/airflow/example_dags/example_sensors.py for tasks to queue
[2025-11-06T11:16:08.796+0000] {logging_mixin.py:188} INFO - [2025-11-06T11:16:08.796+0000] {dagbag.py:538} INFO - Filling up the DagBag from /home/airflow/.local/lib/python3.8/site-packages/airflow/example_dags/example_sensors.py
[2025-11-06T11:16:08.811+0000] {processor.py:840} INFO - DAG(s) 'example_sensors' retrieved from /home/airflow/.local/lib/python3.8/site-packages/airflow/example_dags/example_sensors.py
[2025-11-06T11:16:08.860+0000] {logging_mixin.py:188} INFO - [2025-11-06T11:16:08.860+0000] {dag.py:3036} INFO - Sync 1 DAGs
[2025-11-06T11:16:08.879+0000] {logging_mixin.py:188} INFO - [2025-11-06T11:16:08.878+0000] {dag.py:3823} INFO - Setting next_dagrun for example_sensors to None, run_after=None
[2025-11-06T11:16:08.925+0000] {processor.py:183} INFO - Processing /home/airflow/.local/lib/python3.8/site-packages/airflow/example_dags/example_sensors.py took 0.140 seconds
[2025-11-06T11:16:39.396+0000] {processor.py:161} INFO - Started process (PID=2221) to work on /home/airflow/.local/lib/python3.8/site-packages/airflow/example_dags/example_sensors.py
[2025-11-06T11:16:39.399+0000] {processor.py:830} INFO - Processing file /home/airflow/.local/lib/python3.8/site-packages/airflow/example_dags/example_sensors.py for tasks to queue
[2025-11-06T11:16:39.406+0000] {logging_mixin.py:188} INFO - [2025-11-06T11:16:39.405+0000] {dagbag.py:538} INFO - Filling up the DagBag from /home/airflow/.local/lib/python3.8/site-packages/airflow/example_dags/example_sensors.py
[2025-11-06T11:16:39.432+0000] {processor.py:840} INFO - DAG(s) 'example_sensors' retrieved from /home/airflow/.local/lib/python3.8/site-packages/airflow/example_dags/example_sensors.py
[2025-11-06T11:16:39.513+0000] {logging_mixin.py:188} INFO - [2025-11-06T11:16:39.512+0000] {dag.py:3036} INFO - Sync 1 DAGs
[2025-11-06T11:16:39.564+0000] {logging_mixin.py:188} INFO - [2025-11-06T11:16:39.563+0000] {dag.py:3823} INFO - Setting next_dagrun for example_sensors to None, run_after=None
[2025-11-06T11:16:39.622+0000] {processor.py:183} INFO - Processing /home/airflow/.local/lib/python3.8/site-packages/airflow/example_dags/example_sensors.py took 0.238 seconds
[2025-11-06T11:17:10.343+0000] {processor.py:161} INFO - Started process (PID=2275) to work on /home/airflow/.local/lib/python3.8/site-packages/airflow/example_dags/example_sensors.py
[2025-11-06T11:17:10.356+0000] {processor.py:830} INFO - Processing file /home/airflow/.local/lib/python3.8/site-packages/airflow/example_dags/example_sensors.py for tasks to queue
[2025-11-06T11:17:10.367+0000] {logging_mixin.py:188} INFO - [2025-11-06T11:17:10.366+0000] {dagbag.py:538} INFO - Filling up the DagBag from /home/airflow/.local/lib/python3.8/site-packages/airflow/example_dags/example_sensors.py
[2025-11-06T11:17:10.415+0000] {processor.py:840} INFO - DAG(s) 'example_sensors' retrieved from /home/airflow/.local/lib/python3.8/site-packages/airflow/example_dags/example_sensors.py
[2025-11-06T11:17:10.554+0000] {logging_mixin.py:188} INFO - [2025-11-06T11:17:10.554+0000] {dag.py:3036} INFO - Sync 1 DAGs
[2025-11-06T11:17:10.647+0000] {logging_mixin.py:188} INFO - [2025-11-06T11:17:10.646+0000] {dag.py:3823} INFO - Setting next_dagrun for example_sensors to None, run_after=None
[2025-11-06T11:17:10.834+0000] {processor.py:183} INFO - Processing /home/airflow/.local/lib/python3.8/site-packages/airflow/example_dags/example_sensors.py took 0.509 seconds
[2025-11-06T11:17:41.603+0000] {processor.py:161} INFO - Started process (PID=2330) to work on /home/airflow/.local/lib/python3.8/site-packages/airflow/example_dags/example_sensors.py
[2025-11-06T11:17:41.605+0000] {processor.py:830} INFO - Processing file /home/airflow/.local/lib/python3.8/site-packages/airflow/example_dags/example_sensors.py for tasks to queue
[2025-11-06T11:17:41.611+0000] {logging_mixin.py:188} INFO - [2025-11-06T11:17:41.610+0000] {dagbag.py:538} INFO - Filling up the DagBag from /home/airflow/.local/lib/python3.8/site-packages/airflow/example_dags/example_sensors.py
[2025-11-06T11:17:41.628+0000] {processor.py:840} INFO - DAG(s) 'example_sensors' retrieved from /home/airflow/.local/lib/python3.8/site-packages/airflow/example_dags/example_sensors.py
[2025-11-06T11:17:41.683+0000] {logging_mixin.py:188} INFO - [2025-11-06T11:17:41.683+0000] {dag.py:3036} INFO - Sync 1 DAGs
[2025-11-06T11:17:41.706+0000] {logging_mixin.py:188} INFO - [2025-11-06T11:17:41.705+0000] {dag.py:3823} INFO - Setting next_dagrun for example_sensors to None, run_after=None
[2025-11-06T11:17:41.751+0000] {processor.py:183} INFO - Processing /home/airflow/.local/lib/python3.8/site-packages/airflow/example_dags/example_sensors.py took 0.155 seconds
[2025-11-06T11:18:11.886+0000] {processor.py:161} INFO - Started process (PID=2385) to work on /home/airflow/.local/lib/python3.8/site-packages/airflow/example_dags/example_sensors.py
[2025-11-06T11:18:11.890+0000] {processor.py:830} INFO - Processing file /home/airflow/.local/lib/python3.8/site-packages/airflow/example_dags/example_sensors.py for tasks to queue
[2025-11-06T11:18:11.893+0000] {logging_mixin.py:188} INFO - [2025-11-06T11:18:11.893+0000] {dagbag.py:538} INFO - Filling up the DagBag from /home/airflow/.local/lib/python3.8/site-packages/airflow/example_dags/example_sensors.py
[2025-11-06T11:18:11.910+0000] {processor.py:840} INFO - DAG(s) 'example_sensors' retrieved from /home/airflow/.local/lib/python3.8/site-packages/airflow/example_dags/example_sensors.py
[2025-11-06T11:18:11.964+0000] {logging_mixin.py:188} INFO - [2025-11-06T11:18:11.963+0000] {dag.py:3036} INFO - Sync 1 DAGs
[2025-11-06T11:18:11.997+0000] {logging_mixin.py:188} INFO - [2025-11-06T11:18:11.996+0000] {dag.py:3823} INFO - Setting next_dagrun for example_sensors to None, run_after=None
[2025-11-06T11:18:12.041+0000] {processor.py:183} INFO - Processing /home/airflow/.local/lib/python3.8/site-packages/airflow/example_dags/example_sensors.py took 0.160 seconds
[2025-11-06T11:18:42.284+0000] {processor.py:161} INFO - Started process (PID=2440) to work on /home/airflow/.local/lib/python3.8/site-packages/airflow/example_dags/example_sensors.py
[2025-11-06T11:18:42.286+0000] {processor.py:830} INFO - Processing file /home/airflow/.local/lib/python3.8/site-packages/airflow/example_dags/example_sensors.py for tasks to queue
[2025-11-06T11:18:42.290+0000] {logging_mixin.py:188} INFO - [2025-11-06T11:18:42.289+0000] {dagbag.py:538} INFO - Filling up the DagBag from /home/airflow/.local/lib/python3.8/site-packages/airflow/example_dags/example_sensors.py
[2025-11-06T11:18:42.311+0000] {processor.py:840} INFO - DAG(s) 'example_sensors' retrieved from /home/airflow/.local/lib/python3.8/site-packages/airflow/example_dags/example_sensors.py
[2025-11-06T11:18:42.401+0000] {logging_mixin.py:188} INFO - [2025-11-06T11:18:42.401+0000] {dag.py:3036} INFO - Sync 1 DAGs
[2025-11-06T11:18:42.443+0000] {logging_mixin.py:188} INFO - [2025-11-06T11:18:42.443+0000] {dag.py:3823} INFO - Setting next_dagrun for example_sensors to None, run_after=None
[2025-11-06T11:18:42.489+0000] {processor.py:183} INFO - Processing /home/airflow/.local/lib/python3.8/site-packages/airflow/example_dags/example_sensors.py took 0.218 seconds
[2025-11-06T11:19:12.946+0000] {processor.py:161} INFO - Started process (PID=2495) to work on /home/airflow/.local/lib/python3.8/site-packages/airflow/example_dags/example_sensors.py
[2025-11-06T11:19:12.948+0000] {processor.py:830} INFO - Processing file /home/airflow/.local/lib/python3.8/site-packages/airflow/example_dags/example_sensors.py for tasks to queue
[2025-11-06T11:19:12.954+0000] {logging_mixin.py:188} INFO - [2025-11-06T11:19:12.952+0000] {dagbag.py:538} INFO - Filling up the DagBag from /home/airflow/.local/lib/python3.8/site-packages/airflow/example_dags/example_sensors.py
[2025-11-06T11:19:12.968+0000] {processor.py:840} INFO - DAG(s) 'example_sensors' retrieved from /home/airflow/.local/lib/python3.8/site-packages/airflow/example_dags/example_sensors.py
[2025-11-06T11:19:13.018+0000] {logging_mixin.py:188} INFO - [2025-11-06T11:19:13.018+0000] {dag.py:3036} INFO - Sync 1 DAGs
[2025-11-06T11:19:13.039+0000] {logging_mixin.py:188} INFO - [2025-11-06T11:19:13.038+0000] {dag.py:3823} INFO - Setting next_dagrun for example_sensors to None, run_after=None
[2025-11-06T11:19:13.087+0000] {processor.py:183} INFO - Processing /home/airflow/.local/lib/python3.8/site-packages/airflow/example_dags/example_sensors.py took 0.147 seconds
[2025-11-06T11:19:43.696+0000] {processor.py:161} INFO - Started process (PID=2550) to work on /home/airflow/.local/lib/python3.8/site-packages/airflow/example_dags/example_sensors.py
[2025-11-06T11:19:43.702+0000] {processor.py:830} INFO - Processing file /home/airflow/.local/lib/python3.8/site-packages/airflow/example_dags/example_sensors.py for tasks to queue
[2025-11-06T11:19:43.712+0000] {logging_mixin.py:188} INFO - [2025-11-06T11:19:43.711+0000] {dagbag.py:538} INFO - Filling up the DagBag from /home/airflow/.local/lib/python3.8/site-packages/airflow/example_dags/example_sensors.py
[2025-11-06T11:19:43.776+0000] {processor.py:840} INFO - DAG(s) 'example_sensors' retrieved from /home/airflow/.local/lib/python3.8/site-packages/airflow/example_dags/example_sensors.py
[2025-11-06T11:19:43.876+0000] {logging_mixin.py:188} INFO - [2025-11-06T11:19:43.875+0000] {dag.py:3036} INFO - Sync 1 DAGs
[2025-11-06T11:19:43.932+0000] {logging_mixin.py:188} INFO - [2025-11-06T11:19:43.931+0000] {dag.py:3823} INFO - Setting next_dagrun for example_sensors to None, run_after=None
[2025-11-06T11:19:43.992+0000] {processor.py:183} INFO - Processing /home/airflow/.local/lib/python3.8/site-packages/airflow/example_dags/example_sensors.py took 0.315 seconds
[2025-11-06T11:20:14.483+0000] {processor.py:161} INFO - Started process (PID=2605) to work on /home/airflow/.local/lib/python3.8/site-packages/airflow/example_dags/example_sensors.py
[2025-11-06T11:20:14.488+0000] {processor.py:830} INFO - Processing file /home/airflow/.local/lib/python3.8/site-packages/airflow/example_dags/example_sensors.py for tasks to queue
[2025-11-06T11:20:14.493+0000] {logging_mixin.py:188} INFO - [2025-11-06T11:20:14.492+0000] {dagbag.py:538} INFO - Filling up the DagBag from /home/airflow/.local/lib/python3.8/site-packages/airflow/example_dags/example_sensors.py
[2025-11-06T11:20:14.517+0000] {processor.py:840} INFO - DAG(s) 'example_sensors' retrieved from /home/airflow/.local/lib/python3.8/site-packages/airflow/example_dags/example_sensors.py
[2025-11-06T11:20:14.614+0000] {logging_mixin.py:188} INFO - [2025-11-06T11:20:14.614+0000] {dag.py:3036} INFO - Sync 1 DAGs
[2025-11-06T11:20:14.659+0000] {logging_mixin.py:188} INFO - [2025-11-06T11:20:14.658+0000] {dag.py:3823} INFO - Setting next_dagrun for example_sensors to None, run_after=None
[2025-11-06T11:20:14.733+0000] {processor.py:183} INFO - Processing /home/airflow/.local/lib/python3.8/site-packages/airflow/example_dags/example_sensors.py took 0.263 seconds
[2025-11-06T11:20:45.346+0000] {processor.py:161} INFO - Started process (PID=2660) to work on /home/airflow/.local/lib/python3.8/site-packages/airflow/example_dags/example_sensors.py
[2025-11-06T11:20:45.355+0000] {processor.py:830} INFO - Processing file /home/airflow/.local/lib/python3.8/site-packages/airflow/example_dags/example_sensors.py for tasks to queue
[2025-11-06T11:20:45.369+0000] {logging_mixin.py:188} INFO - [2025-11-06T11:20:45.362+0000] {dagbag.py:538} INFO - Filling up the DagBag from /home/airflow/.local/lib/python3.8/site-packages/airflow/example_dags/example_sensors.py
[2025-11-06T11:20:45.421+0000] {processor.py:840} INFO - DAG(s) 'example_sensors' retrieved from /home/airflow/.local/lib/python3.8/site-packages/airflow/example_dags/example_sensors.py
[2025-11-06T11:20:45.741+0000] {logging_mixin.py:188} INFO - [2025-11-06T11:20:45.741+0000] {dag.py:3036} INFO - Sync 1 DAGs
[2025-11-06T11:20:45.804+0000] {logging_mixin.py:188} INFO - [2025-11-06T11:20:45.804+0000] {dag.py:3823} INFO - Setting next_dagrun for example_sensors to None, run_after=None
[2025-11-06T11:20:45.970+0000] {processor.py:183} INFO - Processing /home/airflow/.local/lib/python3.8/site-packages/airflow/example_dags/example_sensors.py took 0.637 seconds
[2025-11-06T11:21:17.328+0000] {processor.py:161} INFO - Started process (PID=2715) to work on /home/airflow/.local/lib/python3.8/site-packages/airflow/example_dags/example_sensors.py
[2025-11-06T11:21:17.334+0000] {processor.py:830} INFO - Processing file /home/airflow/.local/lib/python3.8/site-packages/airflow/example_dags/example_sensors.py for tasks to queue
[2025-11-06T11:21:17.378+0000] {logging_mixin.py:188} INFO - [2025-11-06T11:21:17.370+0000] {dagbag.py:538} INFO - Filling up the DagBag from /home/airflow/.local/lib/python3.8/site-packages/airflow/example_dags/example_sensors.py
[2025-11-06T11:21:17.478+0000] {processor.py:840} INFO - DAG(s) 'example_sensors' retrieved from /home/airflow/.local/lib/python3.8/site-packages/airflow/example_dags/example_sensors.py
[2025-11-06T11:21:17.670+0000] {logging_mixin.py:188} INFO - [2025-11-06T11:21:17.670+0000] {dag.py:3036} INFO - Sync 1 DAGs
[2025-11-06T11:21:17.763+0000] {logging_mixin.py:188} INFO - [2025-11-06T11:21:17.763+0000] {dag.py:3823} INFO - Setting next_dagrun for example_sensors to None, run_after=None
[2025-11-06T11:21:17.942+0000] {processor.py:183} INFO - Processing /home/airflow/.local/lib/python3.8/site-packages/airflow/example_dags/example_sensors.py took 0.631 seconds
[2025-11-06T11:21:48.447+0000] {processor.py:161} INFO - Started process (PID=2770) to work on /home/airflow/.local/lib/python3.8/site-packages/airflow/example_dags/example_sensors.py
[2025-11-06T11:21:48.468+0000] {processor.py:830} INFO - Processing file /home/airflow/.local/lib/python3.8/site-packages/airflow/example_dags/example_sensors.py for tasks to queue
[2025-11-06T11:21:48.517+0000] {logging_mixin.py:188} INFO - [2025-11-06T11:21:48.516+0000] {dagbag.py:538} INFO - Filling up the DagBag from /home/airflow/.local/lib/python3.8/site-packages/airflow/example_dags/example_sensors.py
[2025-11-06T11:21:48.628+0000] {processor.py:840} INFO - DAG(s) 'example_sensors' retrieved from /home/airflow/.local/lib/python3.8/site-packages/airflow/example_dags/example_sensors.py
[2025-11-06T11:21:48.804+0000] {logging_mixin.py:188} INFO - [2025-11-06T11:21:48.803+0000] {dag.py:3036} INFO - Sync 1 DAGs
[2025-11-06T11:21:48.885+0000] {logging_mixin.py:188} INFO - [2025-11-06T11:21:48.884+0000] {dag.py:3823} INFO - Setting next_dagrun for example_sensors to None, run_after=None
[2025-11-06T11:21:49.503+0000] {processor.py:183} INFO - Processing /home/airflow/.local/lib/python3.8/site-packages/airflow/example_dags/example_sensors.py took 1.095 seconds
[2025-11-06T11:22:20.100+0000] {processor.py:161} INFO - Started process (PID=2825) to work on /home/airflow/.local/lib/python3.8/site-packages/airflow/example_dags/example_sensors.py
[2025-11-06T11:22:20.102+0000] {processor.py:830} INFO - Processing file /home/airflow/.local/lib/python3.8/site-packages/airflow/example_dags/example_sensors.py for tasks to queue
[2025-11-06T11:22:20.106+0000] {logging_mixin.py:188} INFO - [2025-11-06T11:22:20.105+0000] {dagbag.py:538} INFO - Filling up the DagBag from /home/airflow/.local/lib/python3.8/site-packages/airflow/example_dags/example_sensors.py
[2025-11-06T11:22:20.124+0000] {processor.py:840} INFO - DAG(s) 'example_sensors' retrieved from /home/airflow/.local/lib/python3.8/site-packages/airflow/example_dags/example_sensors.py
[2025-11-06T11:22:20.173+0000] {logging_mixin.py:188} INFO - [2025-11-06T11:22:20.172+0000] {dag.py:3036} INFO - Sync 1 DAGs
[2025-11-06T11:22:20.198+0000] {logging_mixin.py:188} INFO - [2025-11-06T11:22:20.196+0000] {dag.py:3823} INFO - Setting next_dagrun for example_sensors to None, run_after=None
[2025-11-06T11:22:20.248+0000] {processor.py:183} INFO - Processing /home/airflow/.local/lib/python3.8/site-packages/airflow/example_dags/example_sensors.py took 0.154 seconds
[2025-11-06T11:22:50.472+0000] {processor.py:161} INFO - Started process (PID=2878) to work on /home/airflow/.local/lib/python3.8/site-packages/airflow/example_dags/example_sensors.py
[2025-11-06T11:22:50.474+0000] {processor.py:830} INFO - Processing file /home/airflow/.local/lib/python3.8/site-packages/airflow/example_dags/example_sensors.py for tasks to queue
[2025-11-06T11:22:50.477+0000] {logging_mixin.py:188} INFO - [2025-11-06T11:22:50.476+0000] {dagbag.py:538} INFO - Filling up the DagBag from /home/airflow/.local/lib/python3.8/site-packages/airflow/example_dags/example_sensors.py
[2025-11-06T11:22:50.492+0000] {processor.py:840} INFO - DAG(s) 'example_sensors' retrieved from /home/airflow/.local/lib/python3.8/site-packages/airflow/example_dags/example_sensors.py
[2025-11-06T11:22:50.538+0000] {logging_mixin.py:188} INFO - [2025-11-06T11:22:50.538+0000] {dag.py:3036} INFO - Sync 1 DAGs
[2025-11-06T11:22:50.562+0000] {logging_mixin.py:188} INFO - [2025-11-06T11:22:50.562+0000] {dag.py:3823} INFO - Setting next_dagrun for example_sensors to None, run_after=None
[2025-11-06T11:22:50.607+0000] {processor.py:183} INFO - Processing /home/airflow/.local/lib/python3.8/site-packages/airflow/example_dags/example_sensors.py took 0.142 seconds
[2025-11-06T11:23:20.808+0000] {processor.py:161} INFO - Started process (PID=2934) to work on /home/airflow/.local/lib/python3.8/site-packages/airflow/example_dags/example_sensors.py
[2025-11-06T11:23:20.810+0000] {processor.py:830} INFO - Processing file /home/airflow/.local/lib/python3.8/site-packages/airflow/example_dags/example_sensors.py for tasks to queue
[2025-11-06T11:23:20.814+0000] {logging_mixin.py:188} INFO - [2025-11-06T11:23:20.813+0000] {dagbag.py:538} INFO - Filling up the DagBag from /home/airflow/.local/lib/python3.8/site-packages/airflow/example_dags/example_sensors.py
[2025-11-06T11:23:20.830+0000] {processor.py:840} INFO - DAG(s) 'example_sensors' retrieved from /home/airflow/.local/lib/python3.8/site-packages/airflow/example_dags/example_sensors.py
[2025-11-06T11:23:20.875+0000] {logging_mixin.py:188} INFO - [2025-11-06T11:23:20.875+0000] {dag.py:3036} INFO - Sync 1 DAGs
[2025-11-06T11:23:20.896+0000] {logging_mixin.py:188} INFO - [2025-11-06T11:23:20.896+0000] {dag.py:3823} INFO - Setting next_dagrun for example_sensors to None, run_after=None
[2025-11-06T11:23:20.933+0000] {processor.py:183} INFO - Processing /home/airflow/.local/lib/python3.8/site-packages/airflow/example_dags/example_sensors.py took 0.132 seconds
[2025-11-06T11:23:51.663+0000] {processor.py:161} INFO - Started process (PID=2989) to work on /home/airflow/.local/lib/python3.8/site-packages/airflow/example_dags/example_sensors.py
[2025-11-06T11:23:51.666+0000] {processor.py:830} INFO - Processing file /home/airflow/.local/lib/python3.8/site-packages/airflow/example_dags/example_sensors.py for tasks to queue
[2025-11-06T11:23:51.678+0000] {logging_mixin.py:188} INFO - [2025-11-06T11:23:51.677+0000] {dagbag.py:538} INFO - Filling up the DagBag from /home/airflow/.local/lib/python3.8/site-packages/airflow/example_dags/example_sensors.py
[2025-11-06T11:23:51.714+0000] {processor.py:840} INFO - DAG(s) 'example_sensors' retrieved from /home/airflow/.local/lib/python3.8/site-packages/airflow/example_dags/example_sensors.py
[2025-11-06T11:23:52.231+0000] {logging_mixin.py:188} INFO - [2025-11-06T11:23:52.230+0000] {dag.py:3036} INFO - Sync 1 DAGs
[2025-11-06T11:23:52.294+0000] {logging_mixin.py:188} INFO - [2025-11-06T11:23:52.293+0000] {dag.py:3823} INFO - Setting next_dagrun for example_sensors to None, run_after=None
[2025-11-06T11:23:52.372+0000] {processor.py:183} INFO - Processing /home/airflow/.local/lib/python3.8/site-packages/airflow/example_dags/example_sensors.py took 0.724 seconds
[2025-11-06T11:24:24.499+0000] {processor.py:161} INFO - Started process (PID=3044) to work on /home/airflow/.local/lib/python3.8/site-packages/airflow/example_dags/example_sensors.py
[2025-11-06T11:24:24.510+0000] {processor.py:830} INFO - Processing file /home/airflow/.local/lib/python3.8/site-packages/airflow/example_dags/example_sensors.py for tasks to queue
[2025-11-06T11:24:24.535+0000] {logging_mixin.py:188} INFO - [2025-11-06T11:24:24.534+0000] {dagbag.py:538} INFO - Filling up the DagBag from /home/airflow/.local/lib/python3.8/site-packages/airflow/example_dags/example_sensors.py
[2025-11-06T11:24:24.637+0000] {processor.py:840} INFO - DAG(s) 'example_sensors' retrieved from /home/airflow/.local/lib/python3.8/site-packages/airflow/example_dags/example_sensors.py
[2025-11-06T11:24:24.806+0000] {logging_mixin.py:188} INFO - [2025-11-06T11:24:24.806+0000] {dag.py:3036} INFO - Sync 1 DAGs
[2025-11-06T11:24:25.789+0000] {logging_mixin.py:188} INFO - [2025-11-06T11:24:25.788+0000] {dag.py:3823} INFO - Setting next_dagrun for example_sensors to None, run_after=None
[2025-11-06T11:24:25.996+0000] {processor.py:183} INFO - Processing /home/airflow/.local/lib/python3.8/site-packages/airflow/example_dags/example_sensors.py took 1.553 seconds
[2025-11-06T11:24:56.324+0000] {processor.py:161} INFO - Started process (PID=3105) to work on /home/airflow/.local/lib/python3.8/site-packages/airflow/example_dags/example_sensors.py
[2025-11-06T11:24:56.328+0000] {processor.py:830} INFO - Processing file /home/airflow/.local/lib/python3.8/site-packages/airflow/example_dags/example_sensors.py for tasks to queue
[2025-11-06T11:24:56.334+0000] {logging_mixin.py:188} INFO - [2025-11-06T11:24:56.333+0000] {dagbag.py:538} INFO - Filling up the DagBag from /home/airflow/.local/lib/python3.8/site-packages/airflow/example_dags/example_sensors.py
[2025-11-06T11:24:56.372+0000] {processor.py:840} INFO - DAG(s) 'example_sensors' retrieved from /home/airflow/.local/lib/python3.8/site-packages/airflow/example_dags/example_sensors.py
[2025-11-06T11:24:56.469+0000] {logging_mixin.py:188} INFO - [2025-11-06T11:24:56.468+0000] {dag.py:3036} INFO - Sync 1 DAGs
[2025-11-06T11:24:56.507+0000] {logging_mixin.py:188} INFO - [2025-11-06T11:24:56.506+0000] {dag.py:3823} INFO - Setting next_dagrun for example_sensors to None, run_after=None
[2025-11-06T11:24:56.568+0000] {processor.py:183} INFO - Processing /home/airflow/.local/lib/python3.8/site-packages/airflow/example_dags/example_sensors.py took 0.257 seconds
[2025-11-06T11:25:29.514+0000] {processor.py:161} INFO - Started process (PID=3159) to work on /home/airflow/.local/lib/python3.8/site-packages/airflow/example_dags/example_sensors.py
[2025-11-06T11:25:29.517+0000] {processor.py:830} INFO - Processing file /home/airflow/.local/lib/python3.8/site-packages/airflow/example_dags/example_sensors.py for tasks to queue
[2025-11-06T11:25:29.525+0000] {logging_mixin.py:188} INFO - [2025-11-06T11:25:29.524+0000] {dagbag.py:538} INFO - Filling up the DagBag from /home/airflow/.local/lib/python3.8/site-packages/airflow/example_dags/example_sensors.py
[2025-11-06T11:25:29.549+0000] {processor.py:840} INFO - DAG(s) 'example_sensors' retrieved from /home/airflow/.local/lib/python3.8/site-packages/airflow/example_dags/example_sensors.py
[2025-11-06T11:25:29.606+0000] {logging_mixin.py:188} INFO - [2025-11-06T11:25:29.606+0000] {dag.py:3036} INFO - Sync 1 DAGs
[2025-11-06T11:25:29.638+0000] {logging_mixin.py:188} INFO - [2025-11-06T11:25:29.638+0000] {dag.py:3823} INFO - Setting next_dagrun for example_sensors to None, run_after=None
[2025-11-06T11:25:29.684+0000] {processor.py:183} INFO - Processing /home/airflow/.local/lib/python3.8/site-packages/airflow/example_dags/example_sensors.py took 0.178 seconds
[2025-11-06T11:26:01.541+0000] {processor.py:161} INFO - Started process (PID=3214) to work on /home/airflow/.local/lib/python3.8/site-packages/airflow/example_dags/example_sensors.py
[2025-11-06T11:26:01.544+0000] {processor.py:830} INFO - Processing file /home/airflow/.local/lib/python3.8/site-packages/airflow/example_dags/example_sensors.py for tasks to queue
[2025-11-06T11:26:01.552+0000] {logging_mixin.py:188} INFO - [2025-11-06T11:26:01.552+0000] {dagbag.py:538} INFO - Filling up the DagBag from /home/airflow/.local/lib/python3.8/site-packages/airflow/example_dags/example_sensors.py
[2025-11-06T11:26:01.574+0000] {processor.py:840} INFO - DAG(s) 'example_sensors' retrieved from /home/airflow/.local/lib/python3.8/site-packages/airflow/example_dags/example_sensors.py
[2025-11-06T11:26:01.627+0000] {logging_mixin.py:188} INFO - [2025-11-06T11:26:01.626+0000] {dag.py:3036} INFO - Sync 1 DAGs
[2025-11-06T11:26:01.653+0000] {logging_mixin.py:188} INFO - [2025-11-06T11:26:01.653+0000] {dag.py:3823} INFO - Setting next_dagrun for example_sensors to None, run_after=None
[2025-11-06T11:26:01.692+0000] {processor.py:183} INFO - Processing /home/airflow/.local/lib/python3.8/site-packages/airflow/example_dags/example_sensors.py took 0.169 seconds
[2025-11-06T11:26:32.046+0000] {processor.py:161} INFO - Started process (PID=3266) to work on /home/airflow/.local/lib/python3.8/site-packages/airflow/example_dags/example_sensors.py
[2025-11-06T11:26:32.050+0000] {processor.py:830} INFO - Processing file /home/airflow/.local/lib/python3.8/site-packages/airflow/example_dags/example_sensors.py for tasks to queue
[2025-11-06T11:26:32.058+0000] {logging_mixin.py:188} INFO - [2025-11-06T11:26:32.056+0000] {dagbag.py:538} INFO - Filling up the DagBag from /home/airflow/.local/lib/python3.8/site-packages/airflow/example_dags/example_sensors.py
[2025-11-06T11:26:32.087+0000] {processor.py:840} INFO - DAG(s) 'example_sensors' retrieved from /home/airflow/.local/lib/python3.8/site-packages/airflow/example_dags/example_sensors.py
[2025-11-06T11:26:32.158+0000] {logging_mixin.py:188} INFO - [2025-11-06T11:26:32.157+0000] {dag.py:3036} INFO - Sync 1 DAGs
[2025-11-06T11:26:32.196+0000] {logging_mixin.py:188} INFO - [2025-11-06T11:26:32.195+0000] {dag.py:3823} INFO - Setting next_dagrun for example_sensors to None, run_after=None
[2025-11-06T11:26:32.259+0000] {processor.py:183} INFO - Processing /home/airflow/.local/lib/python3.8/site-packages/airflow/example_dags/example_sensors.py took 0.225 seconds
[2025-11-06T11:27:03.250+0000] {processor.py:161} INFO - Started process (PID=3321) to work on /home/airflow/.local/lib/python3.8/site-packages/airflow/example_dags/example_sensors.py
[2025-11-06T11:27:03.252+0000] {processor.py:830} INFO - Processing file /home/airflow/.local/lib/python3.8/site-packages/airflow/example_dags/example_sensors.py for tasks to queue
[2025-11-06T11:27:03.256+0000] {logging_mixin.py:188} INFO - [2025-11-06T11:27:03.256+0000] {dagbag.py:538} INFO - Filling up the DagBag from /home/airflow/.local/lib/python3.8/site-packages/airflow/example_dags/example_sensors.py
[2025-11-06T11:27:03.272+0000] {processor.py:840} INFO - DAG(s) 'example_sensors' retrieved from /home/airflow/.local/lib/python3.8/site-packages/airflow/example_dags/example_sensors.py
[2025-11-06T11:27:03.320+0000] {logging_mixin.py:188} INFO - [2025-11-06T11:27:03.319+0000] {dag.py:3036} INFO - Sync 1 DAGs
[2025-11-06T11:27:03.342+0000] {logging_mixin.py:188} INFO - [2025-11-06T11:27:03.342+0000] {dag.py:3823} INFO - Setting next_dagrun for example_sensors to None, run_after=None
[2025-11-06T11:27:03.390+0000] {processor.py:183} INFO - Processing /home/airflow/.local/lib/python3.8/site-packages/airflow/example_dags/example_sensors.py took 0.146 seconds
[2025-11-06T11:27:33.999+0000] {processor.py:161} INFO - Started process (PID=3376) to work on /home/airflow/.local/lib/python3.8/site-packages/airflow/example_dags/example_sensors.py
[2025-11-06T11:27:34.003+0000] {processor.py:830} INFO - Processing file /home/airflow/.local/lib/python3.8/site-packages/airflow/example_dags/example_sensors.py for tasks to queue
[2025-11-06T11:27:34.010+0000] {logging_mixin.py:188} INFO - [2025-11-06T11:27:34.008+0000] {dagbag.py:538} INFO - Filling up the DagBag from /home/airflow/.local/lib/python3.8/site-packages/airflow/example_dags/example_sensors.py
[2025-11-06T11:27:34.039+0000] {processor.py:840} INFO - DAG(s) 'example_sensors' retrieved from /home/airflow/.local/lib/python3.8/site-packages/airflow/example_dags/example_sensors.py
[2025-11-06T11:27:34.104+0000] {logging_mixin.py:188} INFO - [2025-11-06T11:27:34.103+0000] {dag.py:3036} INFO - Sync 1 DAGs
[2025-11-06T11:27:34.146+0000] {logging_mixin.py:188} INFO - [2025-11-06T11:27:34.145+0000] {dag.py:3823} INFO - Setting next_dagrun for example_sensors to None, run_after=None
[2025-11-06T11:27:34.209+0000] {processor.py:183} INFO - Processing /home/airflow/.local/lib/python3.8/site-packages/airflow/example_dags/example_sensors.py took 0.226 seconds
[2025-11-06T11:28:04.498+0000] {processor.py:161} INFO - Started process (PID=3429) to work on /home/airflow/.local/lib/python3.8/site-packages/airflow/example_dags/example_sensors.py
[2025-11-06T11:28:04.501+0000] {processor.py:830} INFO - Processing file /home/airflow/.local/lib/python3.8/site-packages/airflow/example_dags/example_sensors.py for tasks to queue
[2025-11-06T11:28:04.517+0000] {logging_mixin.py:188} INFO - [2025-11-06T11:28:04.516+0000] {dagbag.py:538} INFO - Filling up the DagBag from /home/airflow/.local/lib/python3.8/site-packages/airflow/example_dags/example_sensors.py
[2025-11-06T11:28:04.614+0000] {processor.py:840} INFO - DAG(s) 'example_sensors' retrieved from /home/airflow/.local/lib/python3.8/site-packages/airflow/example_dags/example_sensors.py
[2025-11-06T11:28:04.865+0000] {logging_mixin.py:188} INFO - [2025-11-06T11:28:04.865+0000] {dag.py:3036} INFO - Sync 1 DAGs
[2025-11-06T11:28:05.017+0000] {logging_mixin.py:188} INFO - [2025-11-06T11:28:05.016+0000] {dag.py:3823} INFO - Setting next_dagrun for example_sensors to None, run_after=None
[2025-11-06T11:28:05.145+0000] {processor.py:183} INFO - Processing /home/airflow/.local/lib/python3.8/site-packages/airflow/example_dags/example_sensors.py took 0.668 seconds
[2025-11-06T11:28:35.732+0000] {processor.py:161} INFO - Started process (PID=3483) to work on /home/airflow/.local/lib/python3.8/site-packages/airflow/example_dags/example_sensors.py
[2025-11-06T11:28:35.733+0000] {processor.py:830} INFO - Processing file /home/airflow/.local/lib/python3.8/site-packages/airflow/example_dags/example_sensors.py for tasks to queue
[2025-11-06T11:28:35.737+0000] {logging_mixin.py:188} INFO - [2025-11-06T11:28:35.736+0000] {dagbag.py:538} INFO - Filling up the DagBag from /home/airflow/.local/lib/python3.8/site-packages/airflow/example_dags/example_sensors.py
[2025-11-06T11:28:35.755+0000] {processor.py:840} INFO - DAG(s) 'example_sensors' retrieved from /home/airflow/.local/lib/python3.8/site-packages/airflow/example_dags/example_sensors.py
[2025-11-06T11:28:35.803+0000] {logging_mixin.py:188} INFO - [2025-11-06T11:28:35.802+0000] {dag.py:3036} INFO - Sync 1 DAGs
[2025-11-06T11:28:35.828+0000] {logging_mixin.py:188} INFO - [2025-11-06T11:28:35.827+0000] {dag.py:3823} INFO - Setting next_dagrun for example_sensors to None, run_after=None
[2025-11-06T11:28:35.871+0000] {processor.py:183} INFO - Processing /home/airflow/.local/lib/python3.8/site-packages/airflow/example_dags/example_sensors.py took 0.145 seconds
[2025-11-06T11:29:06.332+0000] {processor.py:161} INFO - Started process (PID=3539) to work on /home/airflow/.local/lib/python3.8/site-packages/airflow/example_dags/example_sensors.py
[2025-11-06T11:29:06.341+0000] {processor.py:830} INFO - Processing file /home/airflow/.local/lib/python3.8/site-packages/airflow/example_dags/example_sensors.py for tasks to queue
[2025-11-06T11:29:06.348+0000] {logging_mixin.py:188} INFO - [2025-11-06T11:29:06.347+0000] {dagbag.py:538} INFO - Filling up the DagBag from /home/airflow/.local/lib/python3.8/site-packages/airflow/example_dags/example_sensors.py
[2025-11-06T11:29:06.462+0000] {processor.py:840} INFO - DAG(s) 'example_sensors' retrieved from /home/airflow/.local/lib/python3.8/site-packages/airflow/example_dags/example_sensors.py
[2025-11-06T11:29:06.571+0000] {logging_mixin.py:188} INFO - [2025-11-06T11:29:06.571+0000] {dag.py:3036} INFO - Sync 1 DAGs
[2025-11-06T11:29:06.650+0000] {logging_mixin.py:188} INFO - [2025-11-06T11:29:06.650+0000] {dag.py:3823} INFO - Setting next_dagrun for example_sensors to None, run_after=None
[2025-11-06T11:29:06.840+0000] {processor.py:183} INFO - Processing /home/airflow/.local/lib/python3.8/site-packages/airflow/example_dags/example_sensors.py took 0.515 seconds
[2025-11-06T11:29:37.219+0000] {processor.py:161} INFO - Started process (PID=3593) to work on /home/airflow/.local/lib/python3.8/site-packages/airflow/example_dags/example_sensors.py
[2025-11-06T11:29:37.226+0000] {processor.py:830} INFO - Processing file /home/airflow/.local/lib/python3.8/site-packages/airflow/example_dags/example_sensors.py for tasks to queue
[2025-11-06T11:29:37.234+0000] {logging_mixin.py:188} INFO - [2025-11-06T11:29:37.233+0000] {dagbag.py:538} INFO - Filling up the DagBag from /home/airflow/.local/lib/python3.8/site-packages/airflow/example_dags/example_sensors.py
[2025-11-06T11:29:37.348+0000] {processor.py:840} INFO - DAG(s) 'example_sensors' retrieved from /home/airflow/.local/lib/python3.8/site-packages/airflow/example_dags/example_sensors.py
[2025-11-06T11:29:37.551+0000] {logging_mixin.py:188} INFO - [2025-11-06T11:29:37.550+0000] {dag.py:3036} INFO - Sync 1 DAGs
[2025-11-06T11:29:37.614+0000] {logging_mixin.py:188} INFO - [2025-11-06T11:29:37.613+0000] {dag.py:3823} INFO - Setting next_dagrun for example_sensors to None, run_after=None
[2025-11-06T11:29:37.723+0000] {processor.py:183} INFO - Processing /home/airflow/.local/lib/python3.8/site-packages/airflow/example_dags/example_sensors.py took 0.537 seconds
[2025-11-06T11:30:08.106+0000] {processor.py:161} INFO - Started process (PID=3649) to work on /home/airflow/.local/lib/python3.8/site-packages/airflow/example_dags/example_sensors.py
[2025-11-06T11:30:08.107+0000] {processor.py:830} INFO - Processing file /home/airflow/.local/lib/python3.8/site-packages/airflow/example_dags/example_sensors.py for tasks to queue
[2025-11-06T11:30:08.111+0000] {logging_mixin.py:188} INFO - [2025-11-06T11:30:08.110+0000] {dagbag.py:538} INFO - Filling up the DagBag from /home/airflow/.local/lib/python3.8/site-packages/airflow/example_dags/example_sensors.py
[2025-11-06T11:30:08.125+0000] {processor.py:840} INFO - DAG(s) 'example_sensors' retrieved from /home/airflow/.local/lib/python3.8/site-packages/airflow/example_dags/example_sensors.py
[2025-11-06T11:30:08.170+0000] {logging_mixin.py:188} INFO - [2025-11-06T11:30:08.169+0000] {dag.py:3036} INFO - Sync 1 DAGs
[2025-11-06T11:30:08.196+0000] {logging_mixin.py:188} INFO - [2025-11-06T11:30:08.196+0000] {dag.py:3823} INFO - Setting next_dagrun for example_sensors to None, run_after=None
[2025-11-06T11:30:08.247+0000] {processor.py:183} INFO - Processing /home/airflow/.local/lib/python3.8/site-packages/airflow/example_dags/example_sensors.py took 0.146 seconds
[2025-11-06T11:30:39.135+0000] {processor.py:161} INFO - Started process (PID=3704) to work on /home/airflow/.local/lib/python3.8/site-packages/airflow/example_dags/example_sensors.py
[2025-11-06T11:30:39.151+0000] {processor.py:830} INFO - Processing file /home/airflow/.local/lib/python3.8/site-packages/airflow/example_dags/example_sensors.py for tasks to queue
[2025-11-06T11:30:39.167+0000] {logging_mixin.py:188} INFO - [2025-11-06T11:30:39.165+0000] {dagbag.py:538} INFO - Filling up the DagBag from /home/airflow/.local/lib/python3.8/site-packages/airflow/example_dags/example_sensors.py
[2025-11-06T11:30:39.290+0000] {processor.py:840} INFO - DAG(s) 'example_sensors' retrieved from /home/airflow/.local/lib/python3.8/site-packages/airflow/example_dags/example_sensors.py
[2025-11-06T11:30:39.472+0000] {logging_mixin.py:188} INFO - [2025-11-06T11:30:39.470+0000] {dag.py:3036} INFO - Sync 1 DAGs
[2025-11-06T11:30:39.580+0000] {logging_mixin.py:188} INFO - [2025-11-06T11:30:39.579+0000] {dag.py:3823} INFO - Setting next_dagrun for example_sensors to None, run_after=None
[2025-11-06T11:30:39.744+0000] {processor.py:183} INFO - Processing /home/airflow/.local/lib/python3.8/site-packages/airflow/example_dags/example_sensors.py took 0.644 seconds
[2025-11-06T11:31:10.383+0000] {processor.py:161} INFO - Started process (PID=3759) to work on /home/airflow/.local/lib/python3.8/site-packages/airflow/example_dags/example_sensors.py
[2025-11-06T11:31:10.397+0000] {processor.py:830} INFO - Processing file /home/airflow/.local/lib/python3.8/site-packages/airflow/example_dags/example_sensors.py for tasks to queue
[2025-11-06T11:31:10.405+0000] {logging_mixin.py:188} INFO - [2025-11-06T11:31:10.404+0000] {dagbag.py:538} INFO - Filling up the DagBag from /home/airflow/.local/lib/python3.8/site-packages/airflow/example_dags/example_sensors.py
[2025-11-06T11:31:10.446+0000] {processor.py:840} INFO - DAG(s) 'example_sensors' retrieved from /home/airflow/.local/lib/python3.8/site-packages/airflow/example_dags/example_sensors.py
[2025-11-06T11:31:10.596+0000] {logging_mixin.py:188} INFO - [2025-11-06T11:31:10.595+0000] {dag.py:3036} INFO - Sync 1 DAGs
[2025-11-06T11:31:10.692+0000] {logging_mixin.py:188} INFO - [2025-11-06T11:31:10.691+0000] {dag.py:3823} INFO - Setting next_dagrun for example_sensors to None, run_after=None
[2025-11-06T11:31:10.804+0000] {processor.py:183} INFO - Processing /home/airflow/.local/lib/python3.8/site-packages/airflow/example_dags/example_sensors.py took 0.434 seconds
[2025-11-06T11:31:44.035+0000] {processor.py:161} INFO - Started process (PID=3815) to work on /home/airflow/.local/lib/python3.8/site-packages/airflow/example_dags/example_sensors.py
[2025-11-06T11:31:44.111+0000] {processor.py:830} INFO - Processing file /home/airflow/.local/lib/python3.8/site-packages/airflow/example_dags/example_sensors.py for tasks to queue
[2025-11-06T11:31:44.136+0000] {logging_mixin.py:188} INFO - [2025-11-06T11:31:44.135+0000] {dagbag.py:538} INFO - Filling up the DagBag from /home/airflow/.local/lib/python3.8/site-packages/airflow/example_dags/example_sensors.py
[2025-11-06T11:31:44.258+0000] {processor.py:840} INFO - DAG(s) 'example_sensors' retrieved from /home/airflow/.local/lib/python3.8/site-packages/airflow/example_dags/example_sensors.py
[2025-11-06T11:31:44.436+0000] {logging_mixin.py:188} INFO - [2025-11-06T11:31:44.434+0000] {dag.py:3036} INFO - Sync 1 DAGs
[2025-11-06T11:31:44.499+0000] {logging_mixin.py:188} INFO - [2025-11-06T11:31:44.498+0000] {dag.py:3823} INFO - Setting next_dagrun for example_sensors to None, run_after=None
[2025-11-06T11:31:44.614+0000] {processor.py:183} INFO - Processing /home/airflow/.local/lib/python3.8/site-packages/airflow/example_dags/example_sensors.py took 0.599 seconds
[2025-11-06T11:32:15.272+0000] {processor.py:161} INFO - Started process (PID=3869) to work on /home/airflow/.local/lib/python3.8/site-packages/airflow/example_dags/example_sensors.py
[2025-11-06T11:32:15.275+0000] {processor.py:830} INFO - Processing file /home/airflow/.local/lib/python3.8/site-packages/airflow/example_dags/example_sensors.py for tasks to queue
[2025-11-06T11:32:15.281+0000] {logging_mixin.py:188} INFO - [2025-11-06T11:32:15.280+0000] {dagbag.py:538} INFO - Filling up the DagBag from /home/airflow/.local/lib/python3.8/site-packages/airflow/example_dags/example_sensors.py
[2025-11-06T11:32:15.304+0000] {processor.py:840} INFO - DAG(s) 'example_sensors' retrieved from /home/airflow/.local/lib/python3.8/site-packages/airflow/example_dags/example_sensors.py
[2025-11-06T11:32:15.390+0000] {logging_mixin.py:188} INFO - [2025-11-06T11:32:15.389+0000] {dag.py:3036} INFO - Sync 1 DAGs
[2025-11-06T11:32:15.498+0000] {logging_mixin.py:188} INFO - [2025-11-06T11:32:15.498+0000] {dag.py:3823} INFO - Setting next_dagrun for example_sensors to None, run_after=None
[2025-11-06T11:32:15.572+0000] {processor.py:183} INFO - Processing /home/airflow/.local/lib/python3.8/site-packages/airflow/example_dags/example_sensors.py took 0.309 seconds
[2025-11-06T11:32:46.248+0000] {processor.py:161} INFO - Started process (PID=3924) to work on /home/airflow/.local/lib/python3.8/site-packages/airflow/example_dags/example_sensors.py
[2025-11-06T11:32:46.251+0000] {processor.py:830} INFO - Processing file /home/airflow/.local/lib/python3.8/site-packages/airflow/example_dags/example_sensors.py for tasks to queue
[2025-11-06T11:32:46.256+0000] {logging_mixin.py:188} INFO - [2025-11-06T11:32:46.256+0000] {dagbag.py:538} INFO - Filling up the DagBag from /home/airflow/.local/lib/python3.8/site-packages/airflow/example_dags/example_sensors.py
[2025-11-06T11:32:46.279+0000] {processor.py:840} INFO - DAG(s) 'example_sensors' retrieved from /home/airflow/.local/lib/python3.8/site-packages/airflow/example_dags/example_sensors.py
[2025-11-06T11:32:46.359+0000] {logging_mixin.py:188} INFO - [2025-11-06T11:32:46.358+0000] {dag.py:3036} INFO - Sync 1 DAGs
[2025-11-06T11:32:46.404+0000] {logging_mixin.py:188} INFO - [2025-11-06T11:32:46.403+0000] {dag.py:3823} INFO - Setting next_dagrun for example_sensors to None, run_after=None
[2025-11-06T11:32:46.468+0000] {processor.py:183} INFO - Processing /home/airflow/.local/lib/python3.8/site-packages/airflow/example_dags/example_sensors.py took 0.228 seconds
[2025-11-06T11:33:16.802+0000] {processor.py:161} INFO - Started process (PID=3979) to work on /home/airflow/.local/lib/python3.8/site-packages/airflow/example_dags/example_sensors.py
[2025-11-06T11:33:16.804+0000] {processor.py:830} INFO - Processing file /home/airflow/.local/lib/python3.8/site-packages/airflow/example_dags/example_sensors.py for tasks to queue
[2025-11-06T11:33:16.808+0000] {logging_mixin.py:188} INFO - [2025-11-06T11:33:16.808+0000] {dagbag.py:538} INFO - Filling up the DagBag from /home/airflow/.local/lib/python3.8/site-packages/airflow/example_dags/example_sensors.py
[2025-11-06T11:33:16.824+0000] {processor.py:840} INFO - DAG(s) 'example_sensors' retrieved from /home/airflow/.local/lib/python3.8/site-packages/airflow/example_dags/example_sensors.py
[2025-11-06T11:33:16.865+0000] {logging_mixin.py:188} INFO - [2025-11-06T11:33:16.865+0000] {dag.py:3036} INFO - Sync 1 DAGs
[2025-11-06T11:33:16.899+0000] {logging_mixin.py:188} INFO - [2025-11-06T11:33:16.897+0000] {dag.py:3823} INFO - Setting next_dagrun for example_sensors to None, run_after=None
[2025-11-06T11:33:16.962+0000] {processor.py:183} INFO - Processing /home/airflow/.local/lib/python3.8/site-packages/airflow/example_dags/example_sensors.py took 0.166 seconds
[2025-11-06T11:33:47.231+0000] {processor.py:161} INFO - Started process (PID=4035) to work on /home/airflow/.local/lib/python3.8/site-packages/airflow/example_dags/example_sensors.py
[2025-11-06T11:33:47.236+0000] {processor.py:830} INFO - Processing file /home/airflow/.local/lib/python3.8/site-packages/airflow/example_dags/example_sensors.py for tasks to queue
[2025-11-06T11:33:47.243+0000] {logging_mixin.py:188} INFO - [2025-11-06T11:33:47.242+0000] {dagbag.py:538} INFO - Filling up the DagBag from /home/airflow/.local/lib/python3.8/site-packages/airflow/example_dags/example_sensors.py
[2025-11-06T11:33:47.273+0000] {processor.py:840} INFO - DAG(s) 'example_sensors' retrieved from /home/airflow/.local/lib/python3.8/site-packages/airflow/example_dags/example_sensors.py
[2025-11-06T11:33:47.341+0000] {logging_mixin.py:188} INFO - [2025-11-06T11:33:47.341+0000] {dag.py:3036} INFO - Sync 1 DAGs
[2025-11-06T11:33:47.373+0000] {logging_mixin.py:188} INFO - [2025-11-06T11:33:47.373+0000] {dag.py:3823} INFO - Setting next_dagrun for example_sensors to None, run_after=None
[2025-11-06T11:33:47.425+0000] {processor.py:183} INFO - Processing /home/airflow/.local/lib/python3.8/site-packages/airflow/example_dags/example_sensors.py took 0.210 seconds
[2025-11-06T11:34:18.698+0000] {processor.py:161} INFO - Started process (PID=4091) to work on /home/airflow/.local/lib/python3.8/site-packages/airflow/example_dags/example_sensors.py
[2025-11-06T11:34:18.701+0000] {processor.py:830} INFO - Processing file /home/airflow/.local/lib/python3.8/site-packages/airflow/example_dags/example_sensors.py for tasks to queue
[2025-11-06T11:34:18.708+0000] {logging_mixin.py:188} INFO - [2025-11-06T11:34:18.705+0000] {dagbag.py:538} INFO - Filling up the DagBag from /home/airflow/.local/lib/python3.8/site-packages/airflow/example_dags/example_sensors.py
[2025-11-06T11:34:18.732+0000] {processor.py:840} INFO - DAG(s) 'example_sensors' retrieved from /home/airflow/.local/lib/python3.8/site-packages/airflow/example_dags/example_sensors.py
[2025-11-06T11:34:18.798+0000] {logging_mixin.py:188} INFO - [2025-11-06T11:34:18.797+0000] {dag.py:3036} INFO - Sync 1 DAGs
[2025-11-06T11:34:18.850+0000] {logging_mixin.py:188} INFO - [2025-11-06T11:34:18.850+0000] {dag.py:3823} INFO - Setting next_dagrun for example_sensors to None, run_after=None
[2025-11-06T11:34:18.887+0000] {processor.py:183} INFO - Processing /home/airflow/.local/lib/python3.8/site-packages/airflow/example_dags/example_sensors.py took 0.196 seconds
[2025-11-06T11:34:50.630+0000] {processor.py:161} INFO - Started process (PID=4146) to work on /home/airflow/.local/lib/python3.8/site-packages/airflow/example_dags/example_sensors.py
[2025-11-06T11:34:50.643+0000] {processor.py:830} INFO - Processing file /home/airflow/.local/lib/python3.8/site-packages/airflow/example_dags/example_sensors.py for tasks to queue
[2025-11-06T11:34:50.676+0000] {logging_mixin.py:188} INFO - [2025-11-06T11:34:50.676+0000] {dagbag.py:538} INFO - Filling up the DagBag from /home/airflow/.local/lib/python3.8/site-packages/airflow/example_dags/example_sensors.py
[2025-11-06T11:34:50.787+0000] {processor.py:840} INFO - DAG(s) 'example_sensors' retrieved from /home/airflow/.local/lib/python3.8/site-packages/airflow/example_dags/example_sensors.py
[2025-11-06T11:34:50.992+0000] {logging_mixin.py:188} INFO - [2025-11-06T11:34:50.991+0000] {dag.py:3036} INFO - Sync 1 DAGs
[2025-11-06T11:34:51.097+0000] {logging_mixin.py:188} INFO - [2025-11-06T11:34:51.096+0000] {dag.py:3823} INFO - Setting next_dagrun for example_sensors to None, run_after=None
[2025-11-06T11:34:51.291+0000] {processor.py:183} INFO - Processing /home/airflow/.local/lib/python3.8/site-packages/airflow/example_dags/example_sensors.py took 0.693 seconds
[2025-11-06T11:35:21.398+0000] {processor.py:161} INFO - Started process (PID=4200) to work on /home/airflow/.local/lib/python3.8/site-packages/airflow/example_dags/example_sensors.py
[2025-11-06T11:35:21.400+0000] {processor.py:830} INFO - Processing file /home/airflow/.local/lib/python3.8/site-packages/airflow/example_dags/example_sensors.py for tasks to queue
[2025-11-06T11:35:21.403+0000] {logging_mixin.py:188} INFO - [2025-11-06T11:35:21.403+0000] {dagbag.py:538} INFO - Filling up the DagBag from /home/airflow/.local/lib/python3.8/site-packages/airflow/example_dags/example_sensors.py
[2025-11-06T11:35:21.417+0000] {processor.py:840} INFO - DAG(s) 'example_sensors' retrieved from /home/airflow/.local/lib/python3.8/site-packages/airflow/example_dags/example_sensors.py
[2025-11-06T11:35:21.462+0000] {logging_mixin.py:188} INFO - [2025-11-06T11:35:21.461+0000] {dag.py:3036} INFO - Sync 1 DAGs
[2025-11-06T11:35:21.485+0000] {logging_mixin.py:188} INFO - [2025-11-06T11:35:21.484+0000] {dag.py:3823} INFO - Setting next_dagrun for example_sensors to None, run_after=None
[2025-11-06T11:35:21.517+0000] {processor.py:183} INFO - Processing /home/airflow/.local/lib/python3.8/site-packages/airflow/example_dags/example_sensors.py took 0.124 seconds
[2025-11-06T11:35:52.200+0000] {processor.py:161} INFO - Started process (PID=4255) to work on /home/airflow/.local/lib/python3.8/site-packages/airflow/example_dags/example_sensors.py
[2025-11-06T11:35:52.215+0000] {processor.py:830} INFO - Processing file /home/airflow/.local/lib/python3.8/site-packages/airflow/example_dags/example_sensors.py for tasks to queue
[2025-11-06T11:35:52.225+0000] {logging_mixin.py:188} INFO - [2025-11-06T11:35:52.224+0000] {dagbag.py:538} INFO - Filling up the DagBag from /home/airflow/.local/lib/python3.8/site-packages/airflow/example_dags/example_sensors.py
[2025-11-06T11:35:52.258+0000] {processor.py:840} INFO - DAG(s) 'example_sensors' retrieved from /home/airflow/.local/lib/python3.8/site-packages/airflow/example_dags/example_sensors.py
[2025-11-06T11:35:52.334+0000] {logging_mixin.py:188} INFO - [2025-11-06T11:35:52.333+0000] {dag.py:3036} INFO - Sync 1 DAGs
[2025-11-06T11:35:52.376+0000] {logging_mixin.py:188} INFO - [2025-11-06T11:35:52.375+0000] {dag.py:3823} INFO - Setting next_dagrun for example_sensors to None, run_after=None
[2025-11-06T11:35:52.430+0000] {processor.py:183} INFO - Processing /home/airflow/.local/lib/python3.8/site-packages/airflow/example_dags/example_sensors.py took 0.242 seconds
[2025-11-06T11:36:23.287+0000] {processor.py:161} INFO - Started process (PID=4310) to work on /home/airflow/.local/lib/python3.8/site-packages/airflow/example_dags/example_sensors.py
[2025-11-06T11:36:23.295+0000] {processor.py:830} INFO - Processing file /home/airflow/.local/lib/python3.8/site-packages/airflow/example_dags/example_sensors.py for tasks to queue
[2025-11-06T11:36:23.312+0000] {logging_mixin.py:188} INFO - [2025-11-06T11:36:23.311+0000] {dagbag.py:538} INFO - Filling up the DagBag from /home/airflow/.local/lib/python3.8/site-packages/airflow/example_dags/example_sensors.py
[2025-11-06T11:36:23.400+0000] {processor.py:840} INFO - DAG(s) 'example_sensors' retrieved from /home/airflow/.local/lib/python3.8/site-packages/airflow/example_dags/example_sensors.py
[2025-11-06T11:36:23.617+0000] {logging_mixin.py:188} INFO - [2025-11-06T11:36:23.616+0000] {dag.py:3036} INFO - Sync 1 DAGs
[2025-11-06T11:36:23.729+0000] {logging_mixin.py:188} INFO - [2025-11-06T11:36:23.728+0000] {dag.py:3823} INFO - Setting next_dagrun for example_sensors to None, run_after=None
[2025-11-06T11:36:23.927+0000] {processor.py:183} INFO - Processing /home/airflow/.local/lib/python3.8/site-packages/airflow/example_dags/example_sensors.py took 0.662 seconds
[2025-11-06T11:36:54.140+0000] {processor.py:161} INFO - Started process (PID=4365) to work on /home/airflow/.local/lib/python3.8/site-packages/airflow/example_dags/example_sensors.py
[2025-11-06T11:36:54.143+0000] {processor.py:830} INFO - Processing file /home/airflow/.local/lib/python3.8/site-packages/airflow/example_dags/example_sensors.py for tasks to queue
[2025-11-06T11:36:54.150+0000] {logging_mixin.py:188} INFO - [2025-11-06T11:36:54.148+0000] {dagbag.py:538} INFO - Filling up the DagBag from /home/airflow/.local/lib/python3.8/site-packages/airflow/example_dags/example_sensors.py
[2025-11-06T11:36:54.173+0000] {processor.py:840} INFO - DAG(s) 'example_sensors' retrieved from /home/airflow/.local/lib/python3.8/site-packages/airflow/example_dags/example_sensors.py
[2025-11-06T11:36:54.247+0000] {logging_mixin.py:188} INFO - [2025-11-06T11:36:54.246+0000] {dag.py:3036} INFO - Sync 1 DAGs
[2025-11-06T11:36:54.310+0000] {logging_mixin.py:188} INFO - [2025-11-06T11:36:54.309+0000] {dag.py:3823} INFO - Setting next_dagrun for example_sensors to None, run_after=None
[2025-11-06T11:36:54.407+0000] {processor.py:183} INFO - Processing /home/airflow/.local/lib/python3.8/site-packages/airflow/example_dags/example_sensors.py took 0.279 seconds
[2025-11-06T11:37:25.012+0000] {processor.py:161} INFO - Started process (PID=4420) to work on /home/airflow/.local/lib/python3.8/site-packages/airflow/example_dags/example_sensors.py
[2025-11-06T11:37:25.023+0000] {processor.py:830} INFO - Processing file /home/airflow/.local/lib/python3.8/site-packages/airflow/example_dags/example_sensors.py for tasks to queue
[2025-11-06T11:37:25.039+0000] {logging_mixin.py:188} INFO - [2025-11-06T11:37:25.038+0000] {dagbag.py:538} INFO - Filling up the DagBag from /home/airflow/.local/lib/python3.8/site-packages/airflow/example_dags/example_sensors.py
[2025-11-06T11:37:25.098+0000] {processor.py:840} INFO - DAG(s) 'example_sensors' retrieved from /home/airflow/.local/lib/python3.8/site-packages/airflow/example_dags/example_sensors.py
[2025-11-06T11:37:25.286+0000] {logging_mixin.py:188} INFO - [2025-11-06T11:37:25.285+0000] {dag.py:3036} INFO - Sync 1 DAGs
[2025-11-06T11:37:25.394+0000] {logging_mixin.py:188} INFO - [2025-11-06T11:37:25.393+0000] {dag.py:3823} INFO - Setting next_dagrun for example_sensors to None, run_after=None
[2025-11-06T11:37:25.515+0000] {processor.py:183} INFO - Processing /home/airflow/.local/lib/python3.8/site-packages/airflow/example_dags/example_sensors.py took 0.522 seconds
[2025-11-06T11:37:55.759+0000] {processor.py:161} INFO - Started process (PID=4474) to work on /home/airflow/.local/lib/python3.8/site-packages/airflow/example_dags/example_sensors.py
[2025-11-06T11:37:55.765+0000] {processor.py:830} INFO - Processing file /home/airflow/.local/lib/python3.8/site-packages/airflow/example_dags/example_sensors.py for tasks to queue
[2025-11-06T11:37:55.788+0000] {logging_mixin.py:188} INFO - [2025-11-06T11:37:55.785+0000] {dagbag.py:538} INFO - Filling up the DagBag from /home/airflow/.local/lib/python3.8/site-packages/airflow/example_dags/example_sensors.py
[2025-11-06T11:37:55.880+0000] {processor.py:840} INFO - DAG(s) 'example_sensors' retrieved from /home/airflow/.local/lib/python3.8/site-packages/airflow/example_dags/example_sensors.py
[2025-11-06T11:37:56.115+0000] {logging_mixin.py:188} INFO - [2025-11-06T11:37:56.114+0000] {dag.py:3036} INFO - Sync 1 DAGs
[2025-11-06T11:37:56.273+0000] {logging_mixin.py:188} INFO - [2025-11-06T11:37:56.273+0000] {dag.py:3823} INFO - Setting next_dagrun for example_sensors to None, run_after=None
[2025-11-06T11:37:56.433+0000] {processor.py:183} INFO - Processing /home/airflow/.local/lib/python3.8/site-packages/airflow/example_dags/example_sensors.py took 0.687 seconds
[2025-11-06T11:38:26.957+0000] {processor.py:161} INFO - Started process (PID=4529) to work on /home/airflow/.local/lib/python3.8/site-packages/airflow/example_dags/example_sensors.py
[2025-11-06T11:38:26.960+0000] {processor.py:830} INFO - Processing file /home/airflow/.local/lib/python3.8/site-packages/airflow/example_dags/example_sensors.py for tasks to queue
[2025-11-06T11:38:26.966+0000] {logging_mixin.py:188} INFO - [2025-11-06T11:38:26.965+0000] {dagbag.py:538} INFO - Filling up the DagBag from /home/airflow/.local/lib/python3.8/site-packages/airflow/example_dags/example_sensors.py
[2025-11-06T11:38:26.992+0000] {processor.py:840} INFO - DAG(s) 'example_sensors' retrieved from /home/airflow/.local/lib/python3.8/site-packages/airflow/example_dags/example_sensors.py
[2025-11-06T11:38:27.077+0000] {logging_mixin.py:188} INFO - [2025-11-06T11:38:27.076+0000] {dag.py:3036} INFO - Sync 1 DAGs
[2025-11-06T11:38:27.117+0000] {logging_mixin.py:188} INFO - [2025-11-06T11:38:27.116+0000] {dag.py:3823} INFO - Setting next_dagrun for example_sensors to None, run_after=None
[2025-11-06T11:38:27.169+0000] {processor.py:183} INFO - Processing /home/airflow/.local/lib/python3.8/site-packages/airflow/example_dags/example_sensors.py took 0.223 seconds
[2025-11-06T11:38:57.641+0000] {processor.py:161} INFO - Started process (PID=4584) to work on /home/airflow/.local/lib/python3.8/site-packages/airflow/example_dags/example_sensors.py
[2025-11-06T11:38:57.645+0000] {processor.py:830} INFO - Processing file /home/airflow/.local/lib/python3.8/site-packages/airflow/example_dags/example_sensors.py for tasks to queue
[2025-11-06T11:38:57.661+0000] {logging_mixin.py:188} INFO - [2025-11-06T11:38:57.652+0000] {dagbag.py:538} INFO - Filling up the DagBag from /home/airflow/.local/lib/python3.8/site-packages/airflow/example_dags/example_sensors.py
[2025-11-06T11:38:57.707+0000] {processor.py:840} INFO - DAG(s) 'example_sensors' retrieved from /home/airflow/.local/lib/python3.8/site-packages/airflow/example_dags/example_sensors.py
[2025-11-06T11:38:57.849+0000] {logging_mixin.py:188} INFO - [2025-11-06T11:38:57.848+0000] {dag.py:3036} INFO - Sync 1 DAGs
[2025-11-06T11:38:57.915+0000] {logging_mixin.py:188} INFO - [2025-11-06T11:38:57.914+0000] {dag.py:3823} INFO - Setting next_dagrun for example_sensors to None, run_after=None
[2025-11-06T11:38:58.010+0000] {processor.py:183} INFO - Processing /home/airflow/.local/lib/python3.8/site-packages/airflow/example_dags/example_sensors.py took 0.386 seconds
[2025-11-06T11:39:28.565+0000] {processor.py:161} INFO - Started process (PID=4640) to work on /home/airflow/.local/lib/python3.8/site-packages/airflow/example_dags/example_sensors.py
[2025-11-06T11:39:28.570+0000] {processor.py:830} INFO - Processing file /home/airflow/.local/lib/python3.8/site-packages/airflow/example_dags/example_sensors.py for tasks to queue
[2025-11-06T11:39:28.575+0000] {logging_mixin.py:188} INFO - [2025-11-06T11:39:28.575+0000] {dagbag.py:538} INFO - Filling up the DagBag from /home/airflow/.local/lib/python3.8/site-packages/airflow/example_dags/example_sensors.py
[2025-11-06T11:39:28.606+0000] {processor.py:840} INFO - DAG(s) 'example_sensors' retrieved from /home/airflow/.local/lib/python3.8/site-packages/airflow/example_dags/example_sensors.py
[2025-11-06T11:39:28.702+0000] {logging_mixin.py:188} INFO - [2025-11-06T11:39:28.701+0000] {dag.py:3036} INFO - Sync 1 DAGs
[2025-11-06T11:39:28.732+0000] {logging_mixin.py:188} INFO - [2025-11-06T11:39:28.732+0000] {dag.py:3823} INFO - Setting next_dagrun for example_sensors to None, run_after=None
[2025-11-06T11:39:28.788+0000] {processor.py:183} INFO - Processing /home/airflow/.local/lib/python3.8/site-packages/airflow/example_dags/example_sensors.py took 0.236 seconds
[2025-11-06T11:39:59.671+0000] {processor.py:161} INFO - Started process (PID=4695) to work on /home/airflow/.local/lib/python3.8/site-packages/airflow/example_dags/example_sensors.py
[2025-11-06T11:39:59.673+0000] {processor.py:830} INFO - Processing file /home/airflow/.local/lib/python3.8/site-packages/airflow/example_dags/example_sensors.py for tasks to queue
[2025-11-06T11:39:59.677+0000] {logging_mixin.py:188} INFO - [2025-11-06T11:39:59.677+0000] {dagbag.py:538} INFO - Filling up the DagBag from /home/airflow/.local/lib/python3.8/site-packages/airflow/example_dags/example_sensors.py
[2025-11-06T11:39:59.693+0000] {processor.py:840} INFO - DAG(s) 'example_sensors' retrieved from /home/airflow/.local/lib/python3.8/site-packages/airflow/example_dags/example_sensors.py
[2025-11-06T11:39:59.749+0000] {logging_mixin.py:188} INFO - [2025-11-06T11:39:59.749+0000] {dag.py:3036} INFO - Sync 1 DAGs
[2025-11-06T11:39:59.784+0000] {logging_mixin.py:188} INFO - [2025-11-06T11:39:59.783+0000] {dag.py:3823} INFO - Setting next_dagrun for example_sensors to None, run_after=None
[2025-11-06T11:39:59.837+0000] {processor.py:183} INFO - Processing /home/airflow/.local/lib/python3.8/site-packages/airflow/example_dags/example_sensors.py took 0.173 seconds
[2025-11-06T11:40:30.458+0000] {processor.py:161} INFO - Started process (PID=4750) to work on /home/airflow/.local/lib/python3.8/site-packages/airflow/example_dags/example_sensors.py
[2025-11-06T11:40:30.461+0000] {processor.py:830} INFO - Processing file /home/airflow/.local/lib/python3.8/site-packages/airflow/example_dags/example_sensors.py for tasks to queue
[2025-11-06T11:40:30.468+0000] {logging_mixin.py:188} INFO - [2025-11-06T11:40:30.467+0000] {dagbag.py:538} INFO - Filling up the DagBag from /home/airflow/.local/lib/python3.8/site-packages/airflow/example_dags/example_sensors.py
[2025-11-06T11:40:30.497+0000] {processor.py:840} INFO - DAG(s) 'example_sensors' retrieved from /home/airflow/.local/lib/python3.8/site-packages/airflow/example_dags/example_sensors.py
[2025-11-06T11:40:30.579+0000] {logging_mixin.py:188} INFO - [2025-11-06T11:40:30.579+0000] {dag.py:3036} INFO - Sync 1 DAGs
[2025-11-06T11:40:30.618+0000] {logging_mixin.py:188} INFO - [2025-11-06T11:40:30.617+0000] {dag.py:3823} INFO - Setting next_dagrun for example_sensors to None, run_after=None
[2025-11-06T11:40:30.684+0000] {processor.py:183} INFO - Processing /home/airflow/.local/lib/python3.8/site-packages/airflow/example_dags/example_sensors.py took 0.238 seconds
[2025-11-06T11:41:00.933+0000] {processor.py:161} INFO - Started process (PID=4805) to work on /home/airflow/.local/lib/python3.8/site-packages/airflow/example_dags/example_sensors.py
[2025-11-06T11:41:00.936+0000] {processor.py:830} INFO - Processing file /home/airflow/.local/lib/python3.8/site-packages/airflow/example_dags/example_sensors.py for tasks to queue
[2025-11-06T11:41:00.940+0000] {logging_mixin.py:188} INFO - [2025-11-06T11:41:00.940+0000] {dagbag.py:538} INFO - Filling up the DagBag from /home/airflow/.local/lib/python3.8/site-packages/airflow/example_dags/example_sensors.py
[2025-11-06T11:41:00.967+0000] {processor.py:840} INFO - DAG(s) 'example_sensors' retrieved from /home/airflow/.local/lib/python3.8/site-packages/airflow/example_dags/example_sensors.py
[2025-11-06T11:41:01.059+0000] {logging_mixin.py:188} INFO - [2025-11-06T11:41:01.058+0000] {dag.py:3036} INFO - Sync 1 DAGs
[2025-11-06T11:41:01.105+0000] {logging_mixin.py:188} INFO - [2025-11-06T11:41:01.105+0000] {dag.py:3823} INFO - Setting next_dagrun for example_sensors to None, run_after=None
[2025-11-06T11:41:01.162+0000] {processor.py:183} INFO - Processing /home/airflow/.local/lib/python3.8/site-packages/airflow/example_dags/example_sensors.py took 0.238 seconds
[2025-11-06T11:41:31.848+0000] {processor.py:161} INFO - Started process (PID=4860) to work on /home/airflow/.local/lib/python3.8/site-packages/airflow/example_dags/example_sensors.py
[2025-11-06T11:41:31.853+0000] {processor.py:830} INFO - Processing file /home/airflow/.local/lib/python3.8/site-packages/airflow/example_dags/example_sensors.py for tasks to queue
[2025-11-06T11:41:31.859+0000] {logging_mixin.py:188} INFO - [2025-11-06T11:41:31.858+0000] {dagbag.py:538} INFO - Filling up the DagBag from /home/airflow/.local/lib/python3.8/site-packages/airflow/example_dags/example_sensors.py
[2025-11-06T11:41:31.888+0000] {processor.py:840} INFO - DAG(s) 'example_sensors' retrieved from /home/airflow/.local/lib/python3.8/site-packages/airflow/example_dags/example_sensors.py
[2025-11-06T11:41:32.001+0000] {logging_mixin.py:188} INFO - [2025-11-06T11:41:32.000+0000] {dag.py:3036} INFO - Sync 1 DAGs
[2025-11-06T11:41:32.075+0000] {logging_mixin.py:188} INFO - [2025-11-06T11:41:32.074+0000] {dag.py:3823} INFO - Setting next_dagrun for example_sensors to None, run_after=None
[2025-11-06T11:41:32.190+0000] {processor.py:183} INFO - Processing /home/airflow/.local/lib/python3.8/site-packages/airflow/example_dags/example_sensors.py took 0.351 seconds
[2025-11-06T11:42:02.747+0000] {processor.py:161} INFO - Started process (PID=4913) to work on /home/airflow/.local/lib/python3.8/site-packages/airflow/example_dags/example_sensors.py
[2025-11-06T11:42:02.750+0000] {processor.py:830} INFO - Processing file /home/airflow/.local/lib/python3.8/site-packages/airflow/example_dags/example_sensors.py for tasks to queue
[2025-11-06T11:42:02.753+0000] {logging_mixin.py:188} INFO - [2025-11-06T11:42:02.753+0000] {dagbag.py:538} INFO - Filling up the DagBag from /home/airflow/.local/lib/python3.8/site-packages/airflow/example_dags/example_sensors.py
[2025-11-06T11:42:02.770+0000] {processor.py:840} INFO - DAG(s) 'example_sensors' retrieved from /home/airflow/.local/lib/python3.8/site-packages/airflow/example_dags/example_sensors.py
[2025-11-06T11:42:02.820+0000] {logging_mixin.py:188} INFO - [2025-11-06T11:42:02.820+0000] {dag.py:3036} INFO - Sync 1 DAGs
[2025-11-06T11:42:02.843+0000] {logging_mixin.py:188} INFO - [2025-11-06T11:42:02.843+0000] {dag.py:3823} INFO - Setting next_dagrun for example_sensors to None, run_after=None
[2025-11-06T11:42:02.885+0000] {processor.py:183} INFO - Processing /home/airflow/.local/lib/python3.8/site-packages/airflow/example_dags/example_sensors.py took 0.143 seconds
[2025-11-06T11:42:33.204+0000] {processor.py:161} INFO - Started process (PID=4968) to work on /home/airflow/.local/lib/python3.8/site-packages/airflow/example_dags/example_sensors.py
[2025-11-06T11:42:33.207+0000] {processor.py:830} INFO - Processing file /home/airflow/.local/lib/python3.8/site-packages/airflow/example_dags/example_sensors.py for tasks to queue
[2025-11-06T11:42:33.212+0000] {logging_mixin.py:188} INFO - [2025-11-06T11:42:33.211+0000] {dagbag.py:538} INFO - Filling up the DagBag from /home/airflow/.local/lib/python3.8/site-packages/airflow/example_dags/example_sensors.py
[2025-11-06T11:42:33.241+0000] {processor.py:840} INFO - DAG(s) 'example_sensors' retrieved from /home/airflow/.local/lib/python3.8/site-packages/airflow/example_dags/example_sensors.py
[2025-11-06T11:42:33.319+0000] {logging_mixin.py:188} INFO - [2025-11-06T11:42:33.318+0000] {dag.py:3036} INFO - Sync 1 DAGs
[2025-11-06T11:42:33.367+0000] {logging_mixin.py:188} INFO - [2025-11-06T11:42:33.367+0000] {dag.py:3823} INFO - Setting next_dagrun for example_sensors to None, run_after=None
[2025-11-06T11:42:33.433+0000] {processor.py:183} INFO - Processing /home/airflow/.local/lib/python3.8/site-packages/airflow/example_dags/example_sensors.py took 0.239 seconds
[2025-11-06T11:43:04.040+0000] {processor.py:161} INFO - Started process (PID=5023) to work on /home/airflow/.local/lib/python3.8/site-packages/airflow/example_dags/example_sensors.py
[2025-11-06T11:43:04.045+0000] {processor.py:830} INFO - Processing file /home/airflow/.local/lib/python3.8/site-packages/airflow/example_dags/example_sensors.py for tasks to queue
[2025-11-06T11:43:04.052+0000] {logging_mixin.py:188} INFO - [2025-11-06T11:43:04.051+0000] {dagbag.py:538} INFO - Filling up the DagBag from /home/airflow/.local/lib/python3.8/site-packages/airflow/example_dags/example_sensors.py
[2025-11-06T11:43:04.092+0000] {processor.py:840} INFO - DAG(s) 'example_sensors' retrieved from /home/airflow/.local/lib/python3.8/site-packages/airflow/example_dags/example_sensors.py
[2025-11-06T11:43:04.298+0000] {logging_mixin.py:188} INFO - [2025-11-06T11:43:04.298+0000] {dag.py:3036} INFO - Sync 1 DAGs
[2025-11-06T11:43:04.409+0000] {logging_mixin.py:188} INFO - [2025-11-06T11:43:04.409+0000] {dag.py:3823} INFO - Setting next_dagrun for example_sensors to None, run_after=None
[2025-11-06T11:43:04.619+0000] {processor.py:183} INFO - Processing /home/airflow/.local/lib/python3.8/site-packages/airflow/example_dags/example_sensors.py took 0.586 seconds
[2025-11-06T11:43:34.813+0000] {processor.py:161} INFO - Started process (PID=5079) to work on /home/airflow/.local/lib/python3.8/site-packages/airflow/example_dags/example_sensors.py
[2025-11-06T11:43:34.816+0000] {processor.py:830} INFO - Processing file /home/airflow/.local/lib/python3.8/site-packages/airflow/example_dags/example_sensors.py for tasks to queue
[2025-11-06T11:43:34.820+0000] {logging_mixin.py:188} INFO - [2025-11-06T11:43:34.820+0000] {dagbag.py:538} INFO - Filling up the DagBag from /home/airflow/.local/lib/python3.8/site-packages/airflow/example_dags/example_sensors.py
[2025-11-06T11:43:34.843+0000] {processor.py:840} INFO - DAG(s) 'example_sensors' retrieved from /home/airflow/.local/lib/python3.8/site-packages/airflow/example_dags/example_sensors.py
[2025-11-06T11:43:34.893+0000] {logging_mixin.py:188} INFO - [2025-11-06T11:43:34.893+0000] {dag.py:3036} INFO - Sync 1 DAGs
[2025-11-06T11:43:34.917+0000] {logging_mixin.py:188} INFO - [2025-11-06T11:43:34.917+0000] {dag.py:3823} INFO - Setting next_dagrun for example_sensors to None, run_after=None
[2025-11-06T11:43:34.954+0000] {processor.py:183} INFO - Processing /home/airflow/.local/lib/python3.8/site-packages/airflow/example_dags/example_sensors.py took 0.149 seconds
[2025-11-06T11:44:05.161+0000] {processor.py:161} INFO - Started process (PID=5132) to work on /home/airflow/.local/lib/python3.8/site-packages/airflow/example_dags/example_sensors.py
[2025-11-06T11:44:05.163+0000] {processor.py:830} INFO - Processing file /home/airflow/.local/lib/python3.8/site-packages/airflow/example_dags/example_sensors.py for tasks to queue
[2025-11-06T11:44:05.168+0000] {logging_mixin.py:188} INFO - [2025-11-06T11:44:05.167+0000] {dagbag.py:538} INFO - Filling up the DagBag from /home/airflow/.local/lib/python3.8/site-packages/airflow/example_dags/example_sensors.py
[2025-11-06T11:44:05.191+0000] {processor.py:840} INFO - DAG(s) 'example_sensors' retrieved from /home/airflow/.local/lib/python3.8/site-packages/airflow/example_dags/example_sensors.py
[2025-11-06T11:44:05.263+0000] {logging_mixin.py:188} INFO - [2025-11-06T11:44:05.263+0000] {dag.py:3036} INFO - Sync 1 DAGs
[2025-11-06T11:44:05.300+0000] {logging_mixin.py:188} INFO - [2025-11-06T11:44:05.299+0000] {dag.py:3823} INFO - Setting next_dagrun for example_sensors to None, run_after=None
[2025-11-06T11:44:05.361+0000] {processor.py:183} INFO - Processing /home/airflow/.local/lib/python3.8/site-packages/airflow/example_dags/example_sensors.py took 0.207 seconds
[2025-11-06T11:44:36.082+0000] {processor.py:161} INFO - Started process (PID=5187) to work on /home/airflow/.local/lib/python3.8/site-packages/airflow/example_dags/example_sensors.py
[2025-11-06T11:44:36.088+0000] {processor.py:830} INFO - Processing file /home/airflow/.local/lib/python3.8/site-packages/airflow/example_dags/example_sensors.py for tasks to queue
[2025-11-06T11:44:36.101+0000] {logging_mixin.py:188} INFO - [2025-11-06T11:44:36.100+0000] {dagbag.py:538} INFO - Filling up the DagBag from /home/airflow/.local/lib/python3.8/site-packages/airflow/example_dags/example_sensors.py
[2025-11-06T11:44:36.168+0000] {processor.py:840} INFO - DAG(s) 'example_sensors' retrieved from /home/airflow/.local/lib/python3.8/site-packages/airflow/example_dags/example_sensors.py
[2025-11-06T11:44:36.401+0000] {logging_mixin.py:188} INFO - [2025-11-06T11:44:36.400+0000] {dag.py:3036} INFO - Sync 1 DAGs
[2025-11-06T11:44:36.528+0000] {logging_mixin.py:188} INFO - [2025-11-06T11:44:36.527+0000] {dag.py:3823} INFO - Setting next_dagrun for example_sensors to None, run_after=None
[2025-11-06T11:44:36.686+0000] {processor.py:183} INFO - Processing /home/airflow/.local/lib/python3.8/site-packages/airflow/example_dags/example_sensors.py took 0.630 seconds
[2025-11-06T11:45:06.752+0000] {processor.py:161} INFO - Started process (PID=5242) to work on /home/airflow/.local/lib/python3.8/site-packages/airflow/example_dags/example_sensors.py
[2025-11-06T11:45:06.753+0000] {processor.py:830} INFO - Processing file /home/airflow/.local/lib/python3.8/site-packages/airflow/example_dags/example_sensors.py for tasks to queue
[2025-11-06T11:45:06.757+0000] {logging_mixin.py:188} INFO - [2025-11-06T11:45:06.757+0000] {dagbag.py:538} INFO - Filling up the DagBag from /home/airflow/.local/lib/python3.8/site-packages/airflow/example_dags/example_sensors.py
[2025-11-06T11:45:06.772+0000] {processor.py:840} INFO - DAG(s) 'example_sensors' retrieved from /home/airflow/.local/lib/python3.8/site-packages/airflow/example_dags/example_sensors.py
[2025-11-06T11:45:06.811+0000] {logging_mixin.py:188} INFO - [2025-11-06T11:45:06.811+0000] {dag.py:3036} INFO - Sync 1 DAGs
[2025-11-06T11:45:06.832+0000] {logging_mixin.py:188} INFO - [2025-11-06T11:45:06.831+0000] {dag.py:3823} INFO - Setting next_dagrun for example_sensors to None, run_after=None
[2025-11-06T11:45:06.872+0000] {processor.py:183} INFO - Processing /home/airflow/.local/lib/python3.8/site-packages/airflow/example_dags/example_sensors.py took 0.126 seconds
[2025-11-06T11:45:37.976+0000] {processor.py:161} INFO - Started process (PID=5301) to work on /home/airflow/.local/lib/python3.8/site-packages/airflow/example_dags/example_sensors.py
[2025-11-06T11:45:37.996+0000] {processor.py:830} INFO - Processing file /home/airflow/.local/lib/python3.8/site-packages/airflow/example_dags/example_sensors.py for tasks to queue
[2025-11-06T11:45:38.029+0000] {logging_mixin.py:188} INFO - [2025-11-06T11:45:38.028+0000] {dagbag.py:538} INFO - Filling up the DagBag from /home/airflow/.local/lib/python3.8/site-packages/airflow/example_dags/example_sensors.py
[2025-11-06T11:45:38.152+0000] {processor.py:840} INFO - DAG(s) 'example_sensors' retrieved from /home/airflow/.local/lib/python3.8/site-packages/airflow/example_dags/example_sensors.py
[2025-11-06T11:45:38.449+0000] {logging_mixin.py:188} INFO - [2025-11-06T11:45:38.449+0000] {dag.py:3036} INFO - Sync 1 DAGs
[2025-11-06T11:45:38.579+0000] {logging_mixin.py:188} INFO - [2025-11-06T11:45:38.578+0000] {dag.py:3823} INFO - Setting next_dagrun for example_sensors to None, run_after=None
[2025-11-06T11:45:38.772+0000] {processor.py:183} INFO - Processing /home/airflow/.local/lib/python3.8/site-packages/airflow/example_dags/example_sensors.py took 0.856 seconds
[2025-11-06T11:46:09.077+0000] {processor.py:161} INFO - Started process (PID=5356) to work on /home/airflow/.local/lib/python3.8/site-packages/airflow/example_dags/example_sensors.py
[2025-11-06T11:46:09.080+0000] {processor.py:830} INFO - Processing file /home/airflow/.local/lib/python3.8/site-packages/airflow/example_dags/example_sensors.py for tasks to queue
[2025-11-06T11:46:09.088+0000] {logging_mixin.py:188} INFO - [2025-11-06T11:46:09.086+0000] {dagbag.py:538} INFO - Filling up the DagBag from /home/airflow/.local/lib/python3.8/site-packages/airflow/example_dags/example_sensors.py
[2025-11-06T11:46:09.133+0000] {processor.py:840} INFO - DAG(s) 'example_sensors' retrieved from /home/airflow/.local/lib/python3.8/site-packages/airflow/example_dags/example_sensors.py
[2025-11-06T11:46:09.227+0000] {logging_mixin.py:188} INFO - [2025-11-06T11:46:09.226+0000] {dag.py:3036} INFO - Sync 1 DAGs
[2025-11-06T11:46:09.265+0000] {logging_mixin.py:188} INFO - [2025-11-06T11:46:09.265+0000] {dag.py:3823} INFO - Setting next_dagrun for example_sensors to None, run_after=None
[2025-11-06T11:46:09.340+0000] {processor.py:183} INFO - Processing /home/airflow/.local/lib/python3.8/site-packages/airflow/example_dags/example_sensors.py took 0.280 seconds
[2025-11-06T11:46:40.057+0000] {processor.py:161} INFO - Started process (PID=5411) to work on /home/airflow/.local/lib/python3.8/site-packages/airflow/example_dags/example_sensors.py
[2025-11-06T11:46:40.075+0000] {processor.py:830} INFO - Processing file /home/airflow/.local/lib/python3.8/site-packages/airflow/example_dags/example_sensors.py for tasks to queue
[2025-11-06T11:46:40.103+0000] {logging_mixin.py:188} INFO - [2025-11-06T11:46:40.102+0000] {dagbag.py:538} INFO - Filling up the DagBag from /home/airflow/.local/lib/python3.8/site-packages/airflow/example_dags/example_sensors.py
[2025-11-06T11:46:40.215+0000] {processor.py:840} INFO - DAG(s) 'example_sensors' retrieved from /home/airflow/.local/lib/python3.8/site-packages/airflow/example_dags/example_sensors.py
[2025-11-06T11:46:40.358+0000] {logging_mixin.py:188} INFO - [2025-11-06T11:46:40.358+0000] {dag.py:3036} INFO - Sync 1 DAGs
[2025-11-06T11:46:40.428+0000] {logging_mixin.py:188} INFO - [2025-11-06T11:46:40.427+0000] {dag.py:3823} INFO - Setting next_dagrun for example_sensors to None, run_after=None
[2025-11-06T11:46:40.508+0000] {processor.py:183} INFO - Processing /home/airflow/.local/lib/python3.8/site-packages/airflow/example_dags/example_sensors.py took 0.480 seconds
[2025-11-06T11:47:11.215+0000] {processor.py:161} INFO - Started process (PID=5466) to work on /home/airflow/.local/lib/python3.8/site-packages/airflow/example_dags/example_sensors.py
[2025-11-06T11:47:11.219+0000] {processor.py:830} INFO - Processing file /home/airflow/.local/lib/python3.8/site-packages/airflow/example_dags/example_sensors.py for tasks to queue
[2025-11-06T11:47:11.229+0000] {logging_mixin.py:188} INFO - [2025-11-06T11:47:11.229+0000] {dagbag.py:538} INFO - Filling up the DagBag from /home/airflow/.local/lib/python3.8/site-packages/airflow/example_dags/example_sensors.py
[2025-11-06T11:47:11.272+0000] {processor.py:840} INFO - DAG(s) 'example_sensors' retrieved from /home/airflow/.local/lib/python3.8/site-packages/airflow/example_dags/example_sensors.py
[2025-11-06T11:47:11.395+0000] {logging_mixin.py:188} INFO - [2025-11-06T11:47:11.394+0000] {dag.py:3036} INFO - Sync 1 DAGs
[2025-11-06T11:47:11.444+0000] {logging_mixin.py:188} INFO - [2025-11-06T11:47:11.443+0000] {dag.py:3823} INFO - Setting next_dagrun for example_sensors to None, run_after=None
[2025-11-06T11:47:11.527+0000] {processor.py:183} INFO - Processing /home/airflow/.local/lib/python3.8/site-packages/airflow/example_dags/example_sensors.py took 0.326 seconds
[2025-11-06T11:47:41.624+0000] {processor.py:161} INFO - Started process (PID=5521) to work on /home/airflow/.local/lib/python3.8/site-packages/airflow/example_dags/example_sensors.py
[2025-11-06T11:47:41.626+0000] {processor.py:830} INFO - Processing file /home/airflow/.local/lib/python3.8/site-packages/airflow/example_dags/example_sensors.py for tasks to queue
[2025-11-06T11:47:41.630+0000] {logging_mixin.py:188} INFO - [2025-11-06T11:47:41.629+0000] {dagbag.py:538} INFO - Filling up the DagBag from /home/airflow/.local/lib/python3.8/site-packages/airflow/example_dags/example_sensors.py
[2025-11-06T11:47:41.646+0000] {processor.py:840} INFO - DAG(s) 'example_sensors' retrieved from /home/airflow/.local/lib/python3.8/site-packages/airflow/example_dags/example_sensors.py
[2025-11-06T11:47:41.704+0000] {logging_mixin.py:188} INFO - [2025-11-06T11:47:41.704+0000] {dag.py:3036} INFO - Sync 1 DAGs
[2025-11-06T11:47:41.745+0000] {logging_mixin.py:188} INFO - [2025-11-06T11:47:41.745+0000] {dag.py:3823} INFO - Setting next_dagrun for example_sensors to None, run_after=None
[2025-11-06T11:47:41.796+0000] {processor.py:183} INFO - Processing /home/airflow/.local/lib/python3.8/site-packages/airflow/example_dags/example_sensors.py took 0.178 seconds
[2025-11-06T11:48:12.310+0000] {processor.py:161} INFO - Started process (PID=5576) to work on /home/airflow/.local/lib/python3.8/site-packages/airflow/example_dags/example_sensors.py
[2025-11-06T11:48:12.315+0000] {processor.py:830} INFO - Processing file /home/airflow/.local/lib/python3.8/site-packages/airflow/example_dags/example_sensors.py for tasks to queue
[2025-11-06T11:48:12.327+0000] {logging_mixin.py:188} INFO - [2025-11-06T11:48:12.326+0000] {dagbag.py:538} INFO - Filling up the DagBag from /home/airflow/.local/lib/python3.8/site-packages/airflow/example_dags/example_sensors.py
[2025-11-06T11:48:12.366+0000] {processor.py:840} INFO - DAG(s) 'example_sensors' retrieved from /home/airflow/.local/lib/python3.8/site-packages/airflow/example_dags/example_sensors.py
[2025-11-06T11:48:12.433+0000] {logging_mixin.py:188} INFO - [2025-11-06T11:48:12.433+0000] {dag.py:3036} INFO - Sync 1 DAGs
[2025-11-06T11:48:12.471+0000] {logging_mixin.py:188} INFO - [2025-11-06T11:48:12.470+0000] {dag.py:3823} INFO - Setting next_dagrun for example_sensors to None, run_after=None
[2025-11-06T11:48:12.540+0000] {processor.py:183} INFO - Processing /home/airflow/.local/lib/python3.8/site-packages/airflow/example_dags/example_sensors.py took 0.243 seconds
[2025-11-06T11:48:43.122+0000] {processor.py:161} INFO - Started process (PID=5631) to work on /home/airflow/.local/lib/python3.8/site-packages/airflow/example_dags/example_sensors.py
[2025-11-06T11:48:43.125+0000] {processor.py:830} INFO - Processing file /home/airflow/.local/lib/python3.8/site-packages/airflow/example_dags/example_sensors.py for tasks to queue
[2025-11-06T11:48:43.131+0000] {logging_mixin.py:188} INFO - [2025-11-06T11:48:43.131+0000] {dagbag.py:538} INFO - Filling up the DagBag from /home/airflow/.local/lib/python3.8/site-packages/airflow/example_dags/example_sensors.py
[2025-11-06T11:48:43.161+0000] {processor.py:840} INFO - DAG(s) 'example_sensors' retrieved from /home/airflow/.local/lib/python3.8/site-packages/airflow/example_dags/example_sensors.py
[2025-11-06T11:48:43.259+0000] {logging_mixin.py:188} INFO - [2025-11-06T11:48:43.258+0000] {dag.py:3036} INFO - Sync 1 DAGs
[2025-11-06T11:48:43.298+0000] {logging_mixin.py:188} INFO - [2025-11-06T11:48:43.297+0000] {dag.py:3823} INFO - Setting next_dagrun for example_sensors to None, run_after=None
[2025-11-06T11:48:43.374+0000] {processor.py:183} INFO - Processing /home/airflow/.local/lib/python3.8/site-packages/airflow/example_dags/example_sensors.py took 0.277 seconds
[2025-11-06T11:49:13.938+0000] {processor.py:161} INFO - Started process (PID=5685) to work on /home/airflow/.local/lib/python3.8/site-packages/airflow/example_dags/example_sensors.py
[2025-11-06T11:49:13.945+0000] {processor.py:830} INFO - Processing file /home/airflow/.local/lib/python3.8/site-packages/airflow/example_dags/example_sensors.py for tasks to queue
[2025-11-06T11:49:13.957+0000] {logging_mixin.py:188} INFO - [2025-11-06T11:49:13.955+0000] {dagbag.py:538} INFO - Filling up the DagBag from /home/airflow/.local/lib/python3.8/site-packages/airflow/example_dags/example_sensors.py
[2025-11-06T11:49:14.006+0000] {processor.py:840} INFO - DAG(s) 'example_sensors' retrieved from /home/airflow/.local/lib/python3.8/site-packages/airflow/example_dags/example_sensors.py
[2025-11-06T11:49:14.136+0000] {logging_mixin.py:188} INFO - [2025-11-06T11:49:14.135+0000] {dag.py:3036} INFO - Sync 1 DAGs
[2025-11-06T11:49:14.198+0000] {logging_mixin.py:188} INFO - [2025-11-06T11:49:14.197+0000] {dag.py:3823} INFO - Setting next_dagrun for example_sensors to None, run_after=None
[2025-11-06T11:49:14.292+0000] {processor.py:183} INFO - Processing /home/airflow/.local/lib/python3.8/site-packages/airflow/example_dags/example_sensors.py took 0.380 seconds
[2025-11-06T11:49:45.320+0000] {processor.py:161} INFO - Started process (PID=5740) to work on /home/airflow/.local/lib/python3.8/site-packages/airflow/example_dags/example_sensors.py
[2025-11-06T11:49:45.322+0000] {processor.py:830} INFO - Processing file /home/airflow/.local/lib/python3.8/site-packages/airflow/example_dags/example_sensors.py for tasks to queue
[2025-11-06T11:49:45.327+0000] {logging_mixin.py:188} INFO - [2025-11-06T11:49:45.326+0000] {dagbag.py:538} INFO - Filling up the DagBag from /home/airflow/.local/lib/python3.8/site-packages/airflow/example_dags/example_sensors.py
[2025-11-06T11:49:45.343+0000] {processor.py:840} INFO - DAG(s) 'example_sensors' retrieved from /home/airflow/.local/lib/python3.8/site-packages/airflow/example_dags/example_sensors.py
[2025-11-06T11:49:45.405+0000] {logging_mixin.py:188} INFO - [2025-11-06T11:49:45.405+0000] {dag.py:3036} INFO - Sync 1 DAGs
[2025-11-06T11:49:45.443+0000] {logging_mixin.py:188} INFO - [2025-11-06T11:49:45.443+0000] {dag.py:3823} INFO - Setting next_dagrun for example_sensors to None, run_after=None
[2025-11-06T11:49:45.505+0000] {processor.py:183} INFO - Processing /home/airflow/.local/lib/python3.8/site-packages/airflow/example_dags/example_sensors.py took 0.192 seconds
[2025-11-06T11:50:16.469+0000] {processor.py:161} INFO - Started process (PID=5795) to work on /home/airflow/.local/lib/python3.8/site-packages/airflow/example_dags/example_sensors.py
[2025-11-06T11:50:16.481+0000] {processor.py:830} INFO - Processing file /home/airflow/.local/lib/python3.8/site-packages/airflow/example_dags/example_sensors.py for tasks to queue
[2025-11-06T11:50:16.502+0000] {logging_mixin.py:188} INFO - [2025-11-06T11:50:16.501+0000] {dagbag.py:538} INFO - Filling up the DagBag from /home/airflow/.local/lib/python3.8/site-packages/airflow/example_dags/example_sensors.py
[2025-11-06T11:50:16.587+0000] {processor.py:840} INFO - DAG(s) 'example_sensors' retrieved from /home/airflow/.local/lib/python3.8/site-packages/airflow/example_dags/example_sensors.py
[2025-11-06T11:50:16.823+0000] {logging_mixin.py:188} INFO - [2025-11-06T11:50:16.822+0000] {dag.py:3036} INFO - Sync 1 DAGs
[2025-11-06T11:50:16.926+0000] {logging_mixin.py:188} INFO - [2025-11-06T11:50:16.926+0000] {dag.py:3823} INFO - Setting next_dagrun for example_sensors to None, run_after=None
[2025-11-06T11:50:17.091+0000] {processor.py:183} INFO - Processing /home/airflow/.local/lib/python3.8/site-packages/airflow/example_dags/example_sensors.py took 0.638 seconds
[2025-11-06T11:50:48.451+0000] {processor.py:161} INFO - Started process (PID=5850) to work on /home/airflow/.local/lib/python3.8/site-packages/airflow/example_dags/example_sensors.py
[2025-11-06T11:50:48.480+0000] {processor.py:830} INFO - Processing file /home/airflow/.local/lib/python3.8/site-packages/airflow/example_dags/example_sensors.py for tasks to queue
[2025-11-06T11:50:48.497+0000] {logging_mixin.py:188} INFO - [2025-11-06T11:50:48.496+0000] {dagbag.py:538} INFO - Filling up the DagBag from /home/airflow/.local/lib/python3.8/site-packages/airflow/example_dags/example_sensors.py
[2025-11-06T11:50:48.609+0000] {processor.py:840} INFO - DAG(s) 'example_sensors' retrieved from /home/airflow/.local/lib/python3.8/site-packages/airflow/example_dags/example_sensors.py
[2025-11-06T11:50:48.788+0000] {logging_mixin.py:188} INFO - [2025-11-06T11:50:48.787+0000] {dag.py:3036} INFO - Sync 1 DAGs
[2025-11-06T11:50:48.881+0000] {logging_mixin.py:188} INFO - [2025-11-06T11:50:48.880+0000] {dag.py:3823} INFO - Setting next_dagrun for example_sensors to None, run_after=None
[2025-11-06T11:50:49.035+0000] {processor.py:183} INFO - Processing /home/airflow/.local/lib/python3.8/site-packages/airflow/example_dags/example_sensors.py took 0.618 seconds
[2025-11-06T11:51:19.188+0000] {processor.py:161} INFO - Started process (PID=5905) to work on /home/airflow/.local/lib/python3.8/site-packages/airflow/example_dags/example_sensors.py
[2025-11-06T11:51:19.191+0000] {processor.py:830} INFO - Processing file /home/airflow/.local/lib/python3.8/site-packages/airflow/example_dags/example_sensors.py for tasks to queue
[2025-11-06T11:51:19.197+0000] {logging_mixin.py:188} INFO - [2025-11-06T11:51:19.196+0000] {dagbag.py:538} INFO - Filling up the DagBag from /home/airflow/.local/lib/python3.8/site-packages/airflow/example_dags/example_sensors.py
[2025-11-06T11:51:19.216+0000] {processor.py:840} INFO - DAG(s) 'example_sensors' retrieved from /home/airflow/.local/lib/python3.8/site-packages/airflow/example_dags/example_sensors.py
[2025-11-06T11:51:19.269+0000] {logging_mixin.py:188} INFO - [2025-11-06T11:51:19.268+0000] {dag.py:3036} INFO - Sync 1 DAGs
[2025-11-06T11:51:19.294+0000] {logging_mixin.py:188} INFO - [2025-11-06T11:51:19.294+0000] {dag.py:3823} INFO - Setting next_dagrun for example_sensors to None, run_after=None
[2025-11-06T11:51:19.335+0000] {processor.py:183} INFO - Processing /home/airflow/.local/lib/python3.8/site-packages/airflow/example_dags/example_sensors.py took 0.159 seconds
[2025-11-06T11:51:50.530+0000] {processor.py:161} INFO - Started process (PID=5960) to work on /home/airflow/.local/lib/python3.8/site-packages/airflow/example_dags/example_sensors.py
[2025-11-06T11:51:50.537+0000] {processor.py:830} INFO - Processing file /home/airflow/.local/lib/python3.8/site-packages/airflow/example_dags/example_sensors.py for tasks to queue
[2025-11-06T11:51:50.548+0000] {logging_mixin.py:188} INFO - [2025-11-06T11:51:50.547+0000] {dagbag.py:538} INFO - Filling up the DagBag from /home/airflow/.local/lib/python3.8/site-packages/airflow/example_dags/example_sensors.py
[2025-11-06T11:51:50.623+0000] {processor.py:840} INFO - DAG(s) 'example_sensors' retrieved from /home/airflow/.local/lib/python3.8/site-packages/airflow/example_dags/example_sensors.py
[2025-11-06T11:51:50.812+0000] {logging_mixin.py:188} INFO - [2025-11-06T11:51:50.811+0000] {dag.py:3036} INFO - Sync 1 DAGs
[2025-11-06T11:51:50.871+0000] {logging_mixin.py:188} INFO - [2025-11-06T11:51:50.871+0000] {dag.py:3823} INFO - Setting next_dagrun for example_sensors to None, run_after=None
[2025-11-06T11:51:50.950+0000] {processor.py:183} INFO - Processing /home/airflow/.local/lib/python3.8/site-packages/airflow/example_dags/example_sensors.py took 0.437 seconds
[2025-11-06T11:52:22.112+0000] {processor.py:161} INFO - Started process (PID=6015) to work on /home/airflow/.local/lib/python3.8/site-packages/airflow/example_dags/example_sensors.py
[2025-11-06T11:52:22.118+0000] {processor.py:830} INFO - Processing file /home/airflow/.local/lib/python3.8/site-packages/airflow/example_dags/example_sensors.py for tasks to queue
[2025-11-06T11:52:22.128+0000] {logging_mixin.py:188} INFO - [2025-11-06T11:52:22.127+0000] {dagbag.py:538} INFO - Filling up the DagBag from /home/airflow/.local/lib/python3.8/site-packages/airflow/example_dags/example_sensors.py
[2025-11-06T11:52:22.177+0000] {processor.py:840} INFO - DAG(s) 'example_sensors' retrieved from /home/airflow/.local/lib/python3.8/site-packages/airflow/example_dags/example_sensors.py
[2025-11-06T11:52:22.361+0000] {logging_mixin.py:188} INFO - [2025-11-06T11:52:22.360+0000] {dag.py:3036} INFO - Sync 1 DAGs
[2025-11-06T11:52:22.449+0000] {logging_mixin.py:188} INFO - [2025-11-06T11:52:22.448+0000] {dag.py:3823} INFO - Setting next_dagrun for example_sensors to None, run_after=None
[2025-11-06T11:52:22.564+0000] {processor.py:183} INFO - Processing /home/airflow/.local/lib/python3.8/site-packages/airflow/example_dags/example_sensors.py took 0.464 seconds
[2025-11-06T11:52:53.148+0000] {processor.py:161} INFO - Started process (PID=6070) to work on /home/airflow/.local/lib/python3.8/site-packages/airflow/example_dags/example_sensors.py
[2025-11-06T11:52:53.151+0000] {processor.py:830} INFO - Processing file /home/airflow/.local/lib/python3.8/site-packages/airflow/example_dags/example_sensors.py for tasks to queue
[2025-11-06T11:52:53.175+0000] {logging_mixin.py:188} INFO - [2025-11-06T11:52:53.174+0000] {dagbag.py:538} INFO - Filling up the DagBag from /home/airflow/.local/lib/python3.8/site-packages/airflow/example_dags/example_sensors.py
[2025-11-06T11:52:53.243+0000] {processor.py:840} INFO - DAG(s) 'example_sensors' retrieved from /home/airflow/.local/lib/python3.8/site-packages/airflow/example_dags/example_sensors.py
[2025-11-06T11:52:53.393+0000] {logging_mixin.py:188} INFO - [2025-11-06T11:52:53.391+0000] {dag.py:3036} INFO - Sync 1 DAGs
[2025-11-06T11:52:53.444+0000] {logging_mixin.py:188} INFO - [2025-11-06T11:52:53.444+0000] {dag.py:3823} INFO - Setting next_dagrun for example_sensors to None, run_after=None
[2025-11-06T11:52:53.546+0000] {processor.py:183} INFO - Processing /home/airflow/.local/lib/python3.8/site-packages/airflow/example_dags/example_sensors.py took 0.420 seconds
[2025-11-06T11:53:23.719+0000] {processor.py:161} INFO - Started process (PID=6125) to work on /home/airflow/.local/lib/python3.8/site-packages/airflow/example_dags/example_sensors.py
[2025-11-06T11:53:23.723+0000] {processor.py:830} INFO - Processing file /home/airflow/.local/lib/python3.8/site-packages/airflow/example_dags/example_sensors.py for tasks to queue
[2025-11-06T11:53:23.732+0000] {logging_mixin.py:188} INFO - [2025-11-06T11:53:23.731+0000] {dagbag.py:538} INFO - Filling up the DagBag from /home/airflow/.local/lib/python3.8/site-packages/airflow/example_dags/example_sensors.py
[2025-11-06T11:53:23.763+0000] {processor.py:840} INFO - DAG(s) 'example_sensors' retrieved from /home/airflow/.local/lib/python3.8/site-packages/airflow/example_dags/example_sensors.py
[2025-11-06T11:53:23.848+0000] {logging_mixin.py:188} INFO - [2025-11-06T11:53:23.847+0000] {dag.py:3036} INFO - Sync 1 DAGs
[2025-11-06T11:53:23.885+0000] {logging_mixin.py:188} INFO - [2025-11-06T11:53:23.885+0000] {dag.py:3823} INFO - Setting next_dagrun for example_sensors to None, run_after=None
[2025-11-06T11:53:23.930+0000] {processor.py:183} INFO - Processing /home/airflow/.local/lib/python3.8/site-packages/airflow/example_dags/example_sensors.py took 0.222 seconds
[2025-11-06T11:53:54.977+0000] {processor.py:161} INFO - Started process (PID=6179) to work on /home/airflow/.local/lib/python3.8/site-packages/airflow/example_dags/example_sensors.py
[2025-11-06T11:53:54.982+0000] {processor.py:830} INFO - Processing file /home/airflow/.local/lib/python3.8/site-packages/airflow/example_dags/example_sensors.py for tasks to queue
[2025-11-06T11:53:54.991+0000] {logging_mixin.py:188} INFO - [2025-11-06T11:53:54.989+0000] {dagbag.py:538} INFO - Filling up the DagBag from /home/airflow/.local/lib/python3.8/site-packages/airflow/example_dags/example_sensors.py
[2025-11-06T11:53:55.032+0000] {processor.py:840} INFO - DAG(s) 'example_sensors' retrieved from /home/airflow/.local/lib/python3.8/site-packages/airflow/example_dags/example_sensors.py
[2025-11-06T11:53:55.161+0000] {logging_mixin.py:188} INFO - [2025-11-06T11:53:55.160+0000] {dag.py:3036} INFO - Sync 1 DAGs
[2025-11-06T11:53:55.210+0000] {logging_mixin.py:188} INFO - [2025-11-06T11:53:55.210+0000] {dag.py:3823} INFO - Setting next_dagrun for example_sensors to None, run_after=None
[2025-11-06T11:53:55.303+0000] {processor.py:183} INFO - Processing /home/airflow/.local/lib/python3.8/site-packages/airflow/example_dags/example_sensors.py took 0.345 seconds
[2025-11-06T11:54:25.930+0000] {processor.py:161} INFO - Started process (PID=6235) to work on /home/airflow/.local/lib/python3.8/site-packages/airflow/example_dags/example_sensors.py
[2025-11-06T11:54:25.949+0000] {processor.py:830} INFO - Processing file /home/airflow/.local/lib/python3.8/site-packages/airflow/example_dags/example_sensors.py for tasks to queue
[2025-11-06T11:54:25.981+0000] {logging_mixin.py:188} INFO - [2025-11-06T11:54:25.980+0000] {dagbag.py:538} INFO - Filling up the DagBag from /home/airflow/.local/lib/python3.8/site-packages/airflow/example_dags/example_sensors.py
[2025-11-06T11:54:26.130+0000] {processor.py:840} INFO - DAG(s) 'example_sensors' retrieved from /home/airflow/.local/lib/python3.8/site-packages/airflow/example_dags/example_sensors.py
[2025-11-06T11:54:26.295+0000] {logging_mixin.py:188} INFO - [2025-11-06T11:54:26.294+0000] {dag.py:3036} INFO - Sync 1 DAGs
[2025-11-06T11:54:26.379+0000] {logging_mixin.py:188} INFO - [2025-11-06T11:54:26.378+0000] {dag.py:3823} INFO - Setting next_dagrun for example_sensors to None, run_after=None
[2025-11-06T11:54:26.482+0000] {processor.py:183} INFO - Processing /home/airflow/.local/lib/python3.8/site-packages/airflow/example_dags/example_sensors.py took 0.583 seconds
[2025-11-06T11:54:57.384+0000] {processor.py:161} INFO - Started process (PID=6291) to work on /home/airflow/.local/lib/python3.8/site-packages/airflow/example_dags/example_sensors.py
[2025-11-06T11:54:57.387+0000] {processor.py:830} INFO - Processing file /home/airflow/.local/lib/python3.8/site-packages/airflow/example_dags/example_sensors.py for tasks to queue
[2025-11-06T11:54:57.393+0000] {logging_mixin.py:188} INFO - [2025-11-06T11:54:57.392+0000] {dagbag.py:538} INFO - Filling up the DagBag from /home/airflow/.local/lib/python3.8/site-packages/airflow/example_dags/example_sensors.py
[2025-11-06T11:54:57.421+0000] {processor.py:840} INFO - DAG(s) 'example_sensors' retrieved from /home/airflow/.local/lib/python3.8/site-packages/airflow/example_dags/example_sensors.py
[2025-11-06T11:54:57.500+0000] {logging_mixin.py:188} INFO - [2025-11-06T11:54:57.499+0000] {dag.py:3036} INFO - Sync 1 DAGs
[2025-11-06T11:54:57.569+0000] {logging_mixin.py:188} INFO - [2025-11-06T11:54:57.569+0000] {dag.py:3823} INFO - Setting next_dagrun for example_sensors to None, run_after=None
[2025-11-06T11:54:57.645+0000] {processor.py:183} INFO - Processing /home/airflow/.local/lib/python3.8/site-packages/airflow/example_dags/example_sensors.py took 0.270 seconds
[2025-11-06T11:55:27.985+0000] {processor.py:161} INFO - Started process (PID=6346) to work on /home/airflow/.local/lib/python3.8/site-packages/airflow/example_dags/example_sensors.py
[2025-11-06T11:55:27.986+0000] {processor.py:830} INFO - Processing file /home/airflow/.local/lib/python3.8/site-packages/airflow/example_dags/example_sensors.py for tasks to queue
[2025-11-06T11:55:27.989+0000] {logging_mixin.py:188} INFO - [2025-11-06T11:55:27.989+0000] {dagbag.py:538} INFO - Filling up the DagBag from /home/airflow/.local/lib/python3.8/site-packages/airflow/example_dags/example_sensors.py
[2025-11-06T11:55:28.000+0000] {processor.py:840} INFO - DAG(s) 'example_sensors' retrieved from /home/airflow/.local/lib/python3.8/site-packages/airflow/example_dags/example_sensors.py
[2025-11-06T11:55:28.033+0000] {logging_mixin.py:188} INFO - [2025-11-06T11:55:28.033+0000] {dag.py:3036} INFO - Sync 1 DAGs
[2025-11-06T11:55:28.051+0000] {logging_mixin.py:188} INFO - [2025-11-06T11:55:28.051+0000] {dag.py:3823} INFO - Setting next_dagrun for example_sensors to None, run_after=None
[2025-11-06T11:55:28.077+0000] {processor.py:183} INFO - Processing /home/airflow/.local/lib/python3.8/site-packages/airflow/example_dags/example_sensors.py took 0.097 seconds
[2025-11-06T11:55:58.270+0000] {processor.py:161} INFO - Started process (PID=6401) to work on /home/airflow/.local/lib/python3.8/site-packages/airflow/example_dags/example_sensors.py
[2025-11-06T11:55:58.272+0000] {processor.py:830} INFO - Processing file /home/airflow/.local/lib/python3.8/site-packages/airflow/example_dags/example_sensors.py for tasks to queue
[2025-11-06T11:55:58.275+0000] {logging_mixin.py:188} INFO - [2025-11-06T11:55:58.275+0000] {dagbag.py:538} INFO - Filling up the DagBag from /home/airflow/.local/lib/python3.8/site-packages/airflow/example_dags/example_sensors.py
[2025-11-06T11:55:58.292+0000] {processor.py:840} INFO - DAG(s) 'example_sensors' retrieved from /home/airflow/.local/lib/python3.8/site-packages/airflow/example_dags/example_sensors.py
[2025-11-06T11:55:58.339+0000] {logging_mixin.py:188} INFO - [2025-11-06T11:55:58.338+0000] {dag.py:3036} INFO - Sync 1 DAGs
[2025-11-06T11:55:58.366+0000] {logging_mixin.py:188} INFO - [2025-11-06T11:55:58.365+0000] {dag.py:3823} INFO - Setting next_dagrun for example_sensors to None, run_after=None
[2025-11-06T11:55:58.405+0000] {processor.py:183} INFO - Processing /home/airflow/.local/lib/python3.8/site-packages/airflow/example_dags/example_sensors.py took 0.141 seconds
[2025-11-06T11:56:29.348+0000] {processor.py:161} INFO - Started process (PID=6456) to work on /home/airflow/.local/lib/python3.8/site-packages/airflow/example_dags/example_sensors.py
[2025-11-06T11:56:29.350+0000] {processor.py:830} INFO - Processing file /home/airflow/.local/lib/python3.8/site-packages/airflow/example_dags/example_sensors.py for tasks to queue
[2025-11-06T11:56:29.357+0000] {logging_mixin.py:188} INFO - [2025-11-06T11:56:29.355+0000] {dagbag.py:538} INFO - Filling up the DagBag from /home/airflow/.local/lib/python3.8/site-packages/airflow/example_dags/example_sensors.py
[2025-11-06T11:56:29.388+0000] {processor.py:840} INFO - DAG(s) 'example_sensors' retrieved from /home/airflow/.local/lib/python3.8/site-packages/airflow/example_dags/example_sensors.py
[2025-11-06T11:56:29.487+0000] {logging_mixin.py:188} INFO - [2025-11-06T11:56:29.486+0000] {dag.py:3036} INFO - Sync 1 DAGs
[2025-11-06T11:56:29.535+0000] {logging_mixin.py:188} INFO - [2025-11-06T11:56:29.534+0000] {dag.py:3823} INFO - Setting next_dagrun for example_sensors to None, run_after=None
[2025-11-06T11:56:29.617+0000] {processor.py:183} INFO - Processing /home/airflow/.local/lib/python3.8/site-packages/airflow/example_dags/example_sensors.py took 0.282 seconds
[2025-11-06T11:57:00.074+0000] {processor.py:161} INFO - Started process (PID=6513) to work on /home/airflow/.local/lib/python3.8/site-packages/airflow/example_dags/example_sensors.py
[2025-11-06T11:57:00.078+0000] {processor.py:830} INFO - Processing file /home/airflow/.local/lib/python3.8/site-packages/airflow/example_dags/example_sensors.py for tasks to queue
[2025-11-06T11:57:00.087+0000] {logging_mixin.py:188} INFO - [2025-11-06T11:57:00.086+0000] {dagbag.py:538} INFO - Filling up the DagBag from /home/airflow/.local/lib/python3.8/site-packages/airflow/example_dags/example_sensors.py
[2025-11-06T11:57:00.154+0000] {processor.py:840} INFO - DAG(s) 'example_sensors' retrieved from /home/airflow/.local/lib/python3.8/site-packages/airflow/example_dags/example_sensors.py
[2025-11-06T11:57:00.363+0000] {logging_mixin.py:188} INFO - [2025-11-06T11:57:00.363+0000] {dag.py:3036} INFO - Sync 1 DAGs
[2025-11-06T11:57:00.561+0000] {logging_mixin.py:188} INFO - [2025-11-06T11:57:00.560+0000] {dag.py:3823} INFO - Setting next_dagrun for example_sensors to None, run_after=None
[2025-11-06T11:57:00.741+0000] {processor.py:183} INFO - Processing /home/airflow/.local/lib/python3.8/site-packages/airflow/example_dags/example_sensors.py took 0.691 seconds
[2025-11-06T11:57:31.111+0000] {processor.py:161} INFO - Started process (PID=6568) to work on /home/airflow/.local/lib/python3.8/site-packages/airflow/example_dags/example_sensors.py
[2025-11-06T11:57:31.119+0000] {processor.py:830} INFO - Processing file /home/airflow/.local/lib/python3.8/site-packages/airflow/example_dags/example_sensors.py for tasks to queue
[2025-11-06T11:57:31.133+0000] {logging_mixin.py:188} INFO - [2025-11-06T11:57:31.132+0000] {dagbag.py:538} INFO - Filling up the DagBag from /home/airflow/.local/lib/python3.8/site-packages/airflow/example_dags/example_sensors.py
[2025-11-06T11:57:31.192+0000] {processor.py:840} INFO - DAG(s) 'example_sensors' retrieved from /home/airflow/.local/lib/python3.8/site-packages/airflow/example_dags/example_sensors.py
[2025-11-06T11:57:31.303+0000] {logging_mixin.py:188} INFO - [2025-11-06T11:57:31.302+0000] {dag.py:3036} INFO - Sync 1 DAGs
[2025-11-06T11:57:31.348+0000] {logging_mixin.py:188} INFO - [2025-11-06T11:57:31.347+0000] {dag.py:3823} INFO - Setting next_dagrun for example_sensors to None, run_after=None
[2025-11-06T11:57:31.404+0000] {processor.py:183} INFO - Processing /home/airflow/.local/lib/python3.8/site-packages/airflow/example_dags/example_sensors.py took 0.310 seconds
[2025-11-06T11:58:01.609+0000] {processor.py:161} INFO - Started process (PID=6623) to work on /home/airflow/.local/lib/python3.8/site-packages/airflow/example_dags/example_sensors.py
[2025-11-06T11:58:01.612+0000] {processor.py:830} INFO - Processing file /home/airflow/.local/lib/python3.8/site-packages/airflow/example_dags/example_sensors.py for tasks to queue
[2025-11-06T11:58:01.620+0000] {logging_mixin.py:188} INFO - [2025-11-06T11:58:01.618+0000] {dagbag.py:538} INFO - Filling up the DagBag from /home/airflow/.local/lib/python3.8/site-packages/airflow/example_dags/example_sensors.py
[2025-11-06T11:58:01.654+0000] {processor.py:840} INFO - DAG(s) 'example_sensors' retrieved from /home/airflow/.local/lib/python3.8/site-packages/airflow/example_dags/example_sensors.py
[2025-11-06T11:58:01.757+0000] {logging_mixin.py:188} INFO - [2025-11-06T11:58:01.756+0000] {dag.py:3036} INFO - Sync 1 DAGs
[2025-11-06T11:58:01.828+0000] {logging_mixin.py:188} INFO - [2025-11-06T11:58:01.828+0000] {dag.py:3823} INFO - Setting next_dagrun for example_sensors to None, run_after=None
[2025-11-06T11:58:01.900+0000] {processor.py:183} INFO - Processing /home/airflow/.local/lib/python3.8/site-packages/airflow/example_dags/example_sensors.py took 0.305 seconds
[2025-11-06T11:58:32.342+0000] {processor.py:161} INFO - Started process (PID=6675) to work on /home/airflow/.local/lib/python3.8/site-packages/airflow/example_dags/example_sensors.py
[2025-11-06T11:58:32.346+0000] {processor.py:830} INFO - Processing file /home/airflow/.local/lib/python3.8/site-packages/airflow/example_dags/example_sensors.py for tasks to queue
[2025-11-06T11:58:32.352+0000] {logging_mixin.py:188} INFO - [2025-11-06T11:58:32.351+0000] {dagbag.py:538} INFO - Filling up the DagBag from /home/airflow/.local/lib/python3.8/site-packages/airflow/example_dags/example_sensors.py
[2025-11-06T11:58:32.368+0000] {processor.py:840} INFO - DAG(s) 'example_sensors' retrieved from /home/airflow/.local/lib/python3.8/site-packages/airflow/example_dags/example_sensors.py
[2025-11-06T11:58:32.398+0000] {logging_mixin.py:188} INFO - [2025-11-06T11:58:32.398+0000] {dag.py:3036} INFO - Sync 1 DAGs
[2025-11-06T11:58:32.417+0000] {logging_mixin.py:188} INFO - [2025-11-06T11:58:32.417+0000] {dag.py:3823} INFO - Setting next_dagrun for example_sensors to None, run_after=None
[2025-11-06T11:58:32.443+0000] {processor.py:183} INFO - Processing /home/airflow/.local/lib/python3.8/site-packages/airflow/example_dags/example_sensors.py took 0.112 seconds
[2025-11-06T11:59:02.796+0000] {processor.py:161} INFO - Started process (PID=6730) to work on /home/airflow/.local/lib/python3.8/site-packages/airflow/example_dags/example_sensors.py
[2025-11-06T11:59:02.799+0000] {processor.py:830} INFO - Processing file /home/airflow/.local/lib/python3.8/site-packages/airflow/example_dags/example_sensors.py for tasks to queue
[2025-11-06T11:59:02.804+0000] {logging_mixin.py:188} INFO - [2025-11-06T11:59:02.803+0000] {dagbag.py:538} INFO - Filling up the DagBag from /home/airflow/.local/lib/python3.8/site-packages/airflow/example_dags/example_sensors.py
[2025-11-06T11:59:02.819+0000] {processor.py:840} INFO - DAG(s) 'example_sensors' retrieved from /home/airflow/.local/lib/python3.8/site-packages/airflow/example_dags/example_sensors.py
[2025-11-06T11:59:02.879+0000] {logging_mixin.py:188} INFO - [2025-11-06T11:59:02.879+0000] {dag.py:3036} INFO - Sync 1 DAGs
[2025-11-06T11:59:02.905+0000] {logging_mixin.py:188} INFO - [2025-11-06T11:59:02.905+0000] {dag.py:3823} INFO - Setting next_dagrun for example_sensors to None, run_after=None
[2025-11-06T11:59:02.948+0000] {processor.py:183} INFO - Processing /home/airflow/.local/lib/python3.8/site-packages/airflow/example_dags/example_sensors.py took 0.161 seconds
[2025-11-06T11:59:33.640+0000] {processor.py:161} INFO - Started process (PID=6785) to work on /home/airflow/.local/lib/python3.8/site-packages/airflow/example_dags/example_sensors.py
[2025-11-06T11:59:33.642+0000] {processor.py:830} INFO - Processing file /home/airflow/.local/lib/python3.8/site-packages/airflow/example_dags/example_sensors.py for tasks to queue
[2025-11-06T11:59:33.646+0000] {logging_mixin.py:188} INFO - [2025-11-06T11:59:33.645+0000] {dagbag.py:538} INFO - Filling up the DagBag from /home/airflow/.local/lib/python3.8/site-packages/airflow/example_dags/example_sensors.py
[2025-11-06T11:59:33.664+0000] {processor.py:840} INFO - DAG(s) 'example_sensors' retrieved from /home/airflow/.local/lib/python3.8/site-packages/airflow/example_dags/example_sensors.py
[2025-11-06T11:59:33.716+0000] {logging_mixin.py:188} INFO - [2025-11-06T11:59:33.715+0000] {dag.py:3036} INFO - Sync 1 DAGs
[2025-11-06T11:59:33.738+0000] {logging_mixin.py:188} INFO - [2025-11-06T11:59:33.738+0000] {dag.py:3823} INFO - Setting next_dagrun for example_sensors to None, run_after=None
[2025-11-06T11:59:33.784+0000] {processor.py:183} INFO - Processing /home/airflow/.local/lib/python3.8/site-packages/airflow/example_dags/example_sensors.py took 0.149 seconds
[2025-11-06T12:00:04.355+0000] {processor.py:161} INFO - Started process (PID=6840) to work on /home/airflow/.local/lib/python3.8/site-packages/airflow/example_dags/example_sensors.py
[2025-11-06T12:00:04.358+0000] {processor.py:830} INFO - Processing file /home/airflow/.local/lib/python3.8/site-packages/airflow/example_dags/example_sensors.py for tasks to queue
[2025-11-06T12:00:04.363+0000] {logging_mixin.py:188} INFO - [2025-11-06T12:00:04.362+0000] {dagbag.py:538} INFO - Filling up the DagBag from /home/airflow/.local/lib/python3.8/site-packages/airflow/example_dags/example_sensors.py
[2025-11-06T12:00:04.389+0000] {processor.py:840} INFO - DAG(s) 'example_sensors' retrieved from /home/airflow/.local/lib/python3.8/site-packages/airflow/example_dags/example_sensors.py
[2025-11-06T12:00:04.460+0000] {logging_mixin.py:188} INFO - [2025-11-06T12:00:04.459+0000] {dag.py:3036} INFO - Sync 1 DAGs
[2025-11-06T12:00:04.496+0000] {logging_mixin.py:188} INFO - [2025-11-06T12:00:04.496+0000] {dag.py:3823} INFO - Setting next_dagrun for example_sensors to None, run_after=None
[2025-11-06T12:00:04.561+0000] {processor.py:183} INFO - Processing /home/airflow/.local/lib/python3.8/site-packages/airflow/example_dags/example_sensors.py took 0.216 seconds
[2025-11-06T12:00:35.135+0000] {processor.py:161} INFO - Started process (PID=6894) to work on /home/airflow/.local/lib/python3.8/site-packages/airflow/example_dags/example_sensors.py
[2025-11-06T12:00:35.138+0000] {processor.py:830} INFO - Processing file /home/airflow/.local/lib/python3.8/site-packages/airflow/example_dags/example_sensors.py for tasks to queue
[2025-11-06T12:00:35.144+0000] {logging_mixin.py:188} INFO - [2025-11-06T12:00:35.143+0000] {dagbag.py:538} INFO - Filling up the DagBag from /home/airflow/.local/lib/python3.8/site-packages/airflow/example_dags/example_sensors.py
[2025-11-06T12:00:35.173+0000] {processor.py:840} INFO - DAG(s) 'example_sensors' retrieved from /home/airflow/.local/lib/python3.8/site-packages/airflow/example_dags/example_sensors.py
[2025-11-06T12:00:35.248+0000] {logging_mixin.py:188} INFO - [2025-11-06T12:00:35.247+0000] {dag.py:3036} INFO - Sync 1 DAGs
[2025-11-06T12:00:35.290+0000] {logging_mixin.py:188} INFO - [2025-11-06T12:00:35.290+0000] {dag.py:3823} INFO - Setting next_dagrun for example_sensors to None, run_after=None
[2025-11-06T12:00:35.358+0000] {processor.py:183} INFO - Processing /home/airflow/.local/lib/python3.8/site-packages/airflow/example_dags/example_sensors.py took 0.234 seconds
[2025-11-06T12:01:05.436+0000] {processor.py:161} INFO - Started process (PID=6949) to work on /home/airflow/.local/lib/python3.8/site-packages/airflow/example_dags/example_sensors.py
[2025-11-06T12:01:05.438+0000] {processor.py:830} INFO - Processing file /home/airflow/.local/lib/python3.8/site-packages/airflow/example_dags/example_sensors.py for tasks to queue
[2025-11-06T12:01:05.442+0000] {logging_mixin.py:188} INFO - [2025-11-06T12:01:05.441+0000] {dagbag.py:538} INFO - Filling up the DagBag from /home/airflow/.local/lib/python3.8/site-packages/airflow/example_dags/example_sensors.py
[2025-11-06T12:01:05.460+0000] {processor.py:840} INFO - DAG(s) 'example_sensors' retrieved from /home/airflow/.local/lib/python3.8/site-packages/airflow/example_dags/example_sensors.py
[2025-11-06T12:01:05.510+0000] {logging_mixin.py:188} INFO - [2025-11-06T12:01:05.509+0000] {dag.py:3036} INFO - Sync 1 DAGs
[2025-11-06T12:01:05.532+0000] {logging_mixin.py:188} INFO - [2025-11-06T12:01:05.531+0000] {dag.py:3823} INFO - Setting next_dagrun for example_sensors to None, run_after=None
[2025-11-06T12:01:05.568+0000] {processor.py:183} INFO - Processing /home/airflow/.local/lib/python3.8/site-packages/airflow/example_dags/example_sensors.py took 0.140 seconds
[2025-11-06T12:01:36.060+0000] {processor.py:161} INFO - Started process (PID=7003) to work on /home/airflow/.local/lib/python3.8/site-packages/airflow/example_dags/example_sensors.py
[2025-11-06T12:01:36.068+0000] {processor.py:830} INFO - Processing file /home/airflow/.local/lib/python3.8/site-packages/airflow/example_dags/example_sensors.py for tasks to queue
[2025-11-06T12:01:36.074+0000] {logging_mixin.py:188} INFO - [2025-11-06T12:01:36.073+0000] {dagbag.py:538} INFO - Filling up the DagBag from /home/airflow/.local/lib/python3.8/site-packages/airflow/example_dags/example_sensors.py
[2025-11-06T12:01:36.182+0000] {processor.py:840} INFO - DAG(s) 'example_sensors' retrieved from /home/airflow/.local/lib/python3.8/site-packages/airflow/example_dags/example_sensors.py
[2025-11-06T12:01:36.378+0000] {logging_mixin.py:188} INFO - [2025-11-06T12:01:36.378+0000] {dag.py:3036} INFO - Sync 1 DAGs
[2025-11-06T12:01:36.456+0000] {logging_mixin.py:188} INFO - [2025-11-06T12:01:36.455+0000] {dag.py:3823} INFO - Setting next_dagrun for example_sensors to None, run_after=None
[2025-11-06T12:01:36.640+0000] {processor.py:183} INFO - Processing /home/airflow/.local/lib/python3.8/site-packages/airflow/example_dags/example_sensors.py took 0.600 seconds
[2025-11-06T12:02:06.853+0000] {processor.py:161} INFO - Started process (PID=7056) to work on /home/airflow/.local/lib/python3.8/site-packages/airflow/example_dags/example_sensors.py
[2025-11-06T12:02:06.855+0000] {processor.py:830} INFO - Processing file /home/airflow/.local/lib/python3.8/site-packages/airflow/example_dags/example_sensors.py for tasks to queue
[2025-11-06T12:02:06.857+0000] {logging_mixin.py:188} INFO - [2025-11-06T12:02:06.857+0000] {dagbag.py:538} INFO - Filling up the DagBag from /home/airflow/.local/lib/python3.8/site-packages/airflow/example_dags/example_sensors.py
[2025-11-06T12:02:06.868+0000] {processor.py:840} INFO - DAG(s) 'example_sensors' retrieved from /home/airflow/.local/lib/python3.8/site-packages/airflow/example_dags/example_sensors.py
[2025-11-06T12:02:06.900+0000] {logging_mixin.py:188} INFO - [2025-11-06T12:02:06.900+0000] {dag.py:3036} INFO - Sync 1 DAGs
[2025-11-06T12:02:06.915+0000] {logging_mixin.py:188} INFO - [2025-11-06T12:02:06.914+0000] {dag.py:3823} INFO - Setting next_dagrun for example_sensors to None, run_after=None
[2025-11-06T12:02:06.944+0000] {processor.py:183} INFO - Processing /home/airflow/.local/lib/python3.8/site-packages/airflow/example_dags/example_sensors.py took 0.095 seconds
[2025-11-06T12:02:37.858+0000] {processor.py:161} INFO - Started process (PID=7111) to work on /home/airflow/.local/lib/python3.8/site-packages/airflow/example_dags/example_sensors.py
[2025-11-06T12:02:37.861+0000] {processor.py:830} INFO - Processing file /home/airflow/.local/lib/python3.8/site-packages/airflow/example_dags/example_sensors.py for tasks to queue
[2025-11-06T12:02:37.867+0000] {logging_mixin.py:188} INFO - [2025-11-06T12:02:37.866+0000] {dagbag.py:538} INFO - Filling up the DagBag from /home/airflow/.local/lib/python3.8/site-packages/airflow/example_dags/example_sensors.py
[2025-11-06T12:02:37.898+0000] {processor.py:840} INFO - DAG(s) 'example_sensors' retrieved from /home/airflow/.local/lib/python3.8/site-packages/airflow/example_dags/example_sensors.py
[2025-11-06T12:02:38.001+0000] {logging_mixin.py:188} INFO - [2025-11-06T12:02:38.001+0000] {dag.py:3036} INFO - Sync 1 DAGs
[2025-11-06T12:02:38.035+0000] {logging_mixin.py:188} INFO - [2025-11-06T12:02:38.034+0000] {dag.py:3823} INFO - Setting next_dagrun for example_sensors to None, run_after=None
[2025-11-06T12:02:38.080+0000] {processor.py:183} INFO - Processing /home/airflow/.local/lib/python3.8/site-packages/airflow/example_dags/example_sensors.py took 0.232 seconds
[2025-11-06T12:03:08.588+0000] {processor.py:161} INFO - Started process (PID=7166) to work on /home/airflow/.local/lib/python3.8/site-packages/airflow/example_dags/example_sensors.py
[2025-11-06T12:03:08.600+0000] {processor.py:830} INFO - Processing file /home/airflow/.local/lib/python3.8/site-packages/airflow/example_dags/example_sensors.py for tasks to queue
[2025-11-06T12:03:08.621+0000] {logging_mixin.py:188} INFO - [2025-11-06T12:03:08.617+0000] {dagbag.py:538} INFO - Filling up the DagBag from /home/airflow/.local/lib/python3.8/site-packages/airflow/example_dags/example_sensors.py
[2025-11-06T12:03:08.749+0000] {processor.py:840} INFO - DAG(s) 'example_sensors' retrieved from /home/airflow/.local/lib/python3.8/site-packages/airflow/example_dags/example_sensors.py
[2025-11-06T12:03:09.049+0000] {logging_mixin.py:188} INFO - [2025-11-06T12:03:09.048+0000] {dag.py:3036} INFO - Sync 1 DAGs
[2025-11-06T12:03:09.196+0000] {logging_mixin.py:188} INFO - [2025-11-06T12:03:09.195+0000] {dag.py:3823} INFO - Setting next_dagrun for example_sensors to None, run_after=None
[2025-11-06T12:03:09.368+0000] {processor.py:183} INFO - Processing /home/airflow/.local/lib/python3.8/site-packages/airflow/example_dags/example_sensors.py took 0.797 seconds
[2025-11-06T12:03:39.741+0000] {processor.py:161} INFO - Started process (PID=7221) to work on /home/airflow/.local/lib/python3.8/site-packages/airflow/example_dags/example_sensors.py
[2025-11-06T12:03:39.748+0000] {processor.py:830} INFO - Processing file /home/airflow/.local/lib/python3.8/site-packages/airflow/example_dags/example_sensors.py for tasks to queue
[2025-11-06T12:03:39.760+0000] {logging_mixin.py:188} INFO - [2025-11-06T12:03:39.759+0000] {dagbag.py:538} INFO - Filling up the DagBag from /home/airflow/.local/lib/python3.8/site-packages/airflow/example_dags/example_sensors.py
[2025-11-06T12:03:39.822+0000] {processor.py:840} INFO - DAG(s) 'example_sensors' retrieved from /home/airflow/.local/lib/python3.8/site-packages/airflow/example_dags/example_sensors.py
[2025-11-06T12:03:39.932+0000] {logging_mixin.py:188} INFO - [2025-11-06T12:03:39.931+0000] {dag.py:3036} INFO - Sync 1 DAGs
[2025-11-06T12:03:39.994+0000] {logging_mixin.py:188} INFO - [2025-11-06T12:03:39.993+0000] {dag.py:3823} INFO - Setting next_dagrun for example_sensors to None, run_after=None
[2025-11-06T12:03:40.075+0000] {processor.py:183} INFO - Processing /home/airflow/.local/lib/python3.8/site-packages/airflow/example_dags/example_sensors.py took 0.355 seconds
[2025-11-06T12:04:10.894+0000] {processor.py:161} INFO - Started process (PID=7276) to work on /home/airflow/.local/lib/python3.8/site-packages/airflow/example_dags/example_sensors.py
[2025-11-06T12:04:10.908+0000] {processor.py:830} INFO - Processing file /home/airflow/.local/lib/python3.8/site-packages/airflow/example_dags/example_sensors.py for tasks to queue
[2025-11-06T12:04:10.924+0000] {logging_mixin.py:188} INFO - [2025-11-06T12:04:10.916+0000] {dagbag.py:538} INFO - Filling up the DagBag from /home/airflow/.local/lib/python3.8/site-packages/airflow/example_dags/example_sensors.py
[2025-11-06T12:04:11.037+0000] {processor.py:840} INFO - DAG(s) 'example_sensors' retrieved from /home/airflow/.local/lib/python3.8/site-packages/airflow/example_dags/example_sensors.py
[2025-11-06T12:04:11.324+0000] {logging_mixin.py:188} INFO - [2025-11-06T12:04:11.323+0000] {dag.py:3036} INFO - Sync 1 DAGs
[2025-11-06T12:04:11.435+0000] {logging_mixin.py:188} INFO - [2025-11-06T12:04:11.434+0000] {dag.py:3823} INFO - Setting next_dagrun for example_sensors to None, run_after=None
[2025-11-06T12:04:11.676+0000] {processor.py:183} INFO - Processing /home/airflow/.local/lib/python3.8/site-packages/airflow/example_dags/example_sensors.py took 0.827 seconds
[2025-11-06T12:04:42.128+0000] {processor.py:161} INFO - Started process (PID=7331) to work on /home/airflow/.local/lib/python3.8/site-packages/airflow/example_dags/example_sensors.py
[2025-11-06T12:04:42.131+0000] {processor.py:830} INFO - Processing file /home/airflow/.local/lib/python3.8/site-packages/airflow/example_dags/example_sensors.py for tasks to queue
[2025-11-06T12:04:42.134+0000] {logging_mixin.py:188} INFO - [2025-11-06T12:04:42.134+0000] {dagbag.py:538} INFO - Filling up the DagBag from /home/airflow/.local/lib/python3.8/site-packages/airflow/example_dags/example_sensors.py
[2025-11-06T12:04:42.154+0000] {processor.py:840} INFO - DAG(s) 'example_sensors' retrieved from /home/airflow/.local/lib/python3.8/site-packages/airflow/example_dags/example_sensors.py
[2025-11-06T12:04:42.212+0000] {logging_mixin.py:188} INFO - [2025-11-06T12:04:42.211+0000] {dag.py:3036} INFO - Sync 1 DAGs
[2025-11-06T12:04:42.244+0000] {logging_mixin.py:188} INFO - [2025-11-06T12:04:42.244+0000] {dag.py:3823} INFO - Setting next_dagrun for example_sensors to None, run_after=None
[2025-11-06T12:04:42.342+0000] {processor.py:183} INFO - Processing /home/airflow/.local/lib/python3.8/site-packages/airflow/example_dags/example_sensors.py took 0.221 seconds
[2025-11-06T12:05:12.855+0000] {processor.py:161} INFO - Started process (PID=7386) to work on /home/airflow/.local/lib/python3.8/site-packages/airflow/example_dags/example_sensors.py
[2025-11-06T12:05:12.869+0000] {processor.py:830} INFO - Processing file /home/airflow/.local/lib/python3.8/site-packages/airflow/example_dags/example_sensors.py for tasks to queue
[2025-11-06T12:05:12.875+0000] {logging_mixin.py:188} INFO - [2025-11-06T12:05:12.874+0000] {dagbag.py:538} INFO - Filling up the DagBag from /home/airflow/.local/lib/python3.8/site-packages/airflow/example_dags/example_sensors.py
[2025-11-06T12:05:12.925+0000] {processor.py:840} INFO - DAG(s) 'example_sensors' retrieved from /home/airflow/.local/lib/python3.8/site-packages/airflow/example_dags/example_sensors.py
[2025-11-06T12:05:13.115+0000] {logging_mixin.py:188} INFO - [2025-11-06T12:05:13.114+0000] {dag.py:3036} INFO - Sync 1 DAGs
[2025-11-06T12:05:13.177+0000] {logging_mixin.py:188} INFO - [2025-11-06T12:05:13.176+0000] {dag.py:3823} INFO - Setting next_dagrun for example_sensors to None, run_after=None
[2025-11-06T12:05:13.271+0000] {processor.py:183} INFO - Processing /home/airflow/.local/lib/python3.8/site-packages/airflow/example_dags/example_sensors.py took 0.438 seconds
[2025-11-06T12:05:43.731+0000] {processor.py:161} INFO - Started process (PID=7441) to work on /home/airflow/.local/lib/python3.8/site-packages/airflow/example_dags/example_sensors.py
[2025-11-06T12:05:43.735+0000] {processor.py:830} INFO - Processing file /home/airflow/.local/lib/python3.8/site-packages/airflow/example_dags/example_sensors.py for tasks to queue
[2025-11-06T12:05:43.750+0000] {logging_mixin.py:188} INFO - [2025-11-06T12:05:43.747+0000] {dagbag.py:538} INFO - Filling up the DagBag from /home/airflow/.local/lib/python3.8/site-packages/airflow/example_dags/example_sensors.py
[2025-11-06T12:05:43.802+0000] {processor.py:840} INFO - DAG(s) 'example_sensors' retrieved from /home/airflow/.local/lib/python3.8/site-packages/airflow/example_dags/example_sensors.py
[2025-11-06T12:05:43.959+0000] {logging_mixin.py:188} INFO - [2025-11-06T12:05:43.958+0000] {dag.py:3036} INFO - Sync 1 DAGs
[2025-11-06T12:05:44.011+0000] {logging_mixin.py:188} INFO - [2025-11-06T12:05:44.010+0000] {dag.py:3823} INFO - Setting next_dagrun for example_sensors to None, run_after=None
[2025-11-06T12:05:44.095+0000] {processor.py:183} INFO - Processing /home/airflow/.local/lib/python3.8/site-packages/airflow/example_dags/example_sensors.py took 0.387 seconds
[2025-11-06T12:06:14.365+0000] {processor.py:161} INFO - Started process (PID=7496) to work on /home/airflow/.local/lib/python3.8/site-packages/airflow/example_dags/example_sensors.py
[2025-11-06T12:06:14.367+0000] {processor.py:830} INFO - Processing file /home/airflow/.local/lib/python3.8/site-packages/airflow/example_dags/example_sensors.py for tasks to queue
[2025-11-06T12:06:14.370+0000] {logging_mixin.py:188} INFO - [2025-11-06T12:06:14.370+0000] {dagbag.py:538} INFO - Filling up the DagBag from /home/airflow/.local/lib/python3.8/site-packages/airflow/example_dags/example_sensors.py
[2025-11-06T12:06:14.386+0000] {processor.py:840} INFO - DAG(s) 'example_sensors' retrieved from /home/airflow/.local/lib/python3.8/site-packages/airflow/example_dags/example_sensors.py
[2025-11-06T12:06:14.435+0000] {logging_mixin.py:188} INFO - [2025-11-06T12:06:14.435+0000] {dag.py:3036} INFO - Sync 1 DAGs
[2025-11-06T12:06:14.461+0000] {logging_mixin.py:188} INFO - [2025-11-06T12:06:14.461+0000] {dag.py:3823} INFO - Setting next_dagrun for example_sensors to None, run_after=None
[2025-11-06T12:06:14.499+0000] {processor.py:183} INFO - Processing /home/airflow/.local/lib/python3.8/site-packages/airflow/example_dags/example_sensors.py took 0.140 seconds
[2025-11-06T12:06:45.358+0000] {processor.py:161} INFO - Started process (PID=7551) to work on /home/airflow/.local/lib/python3.8/site-packages/airflow/example_dags/example_sensors.py
[2025-11-06T12:06:45.361+0000] {processor.py:830} INFO - Processing file /home/airflow/.local/lib/python3.8/site-packages/airflow/example_dags/example_sensors.py for tasks to queue
[2025-11-06T12:06:45.365+0000] {logging_mixin.py:188} INFO - [2025-11-06T12:06:45.364+0000] {dagbag.py:538} INFO - Filling up the DagBag from /home/airflow/.local/lib/python3.8/site-packages/airflow/example_dags/example_sensors.py
[2025-11-06T12:06:45.392+0000] {processor.py:840} INFO - DAG(s) 'example_sensors' retrieved from /home/airflow/.local/lib/python3.8/site-packages/airflow/example_dags/example_sensors.py
[2025-11-06T12:06:45.519+0000] {logging_mixin.py:188} INFO - [2025-11-06T12:06:45.517+0000] {dag.py:3036} INFO - Sync 1 DAGs
[2025-11-06T12:06:45.582+0000] {logging_mixin.py:188} INFO - [2025-11-06T12:06:45.581+0000] {dag.py:3823} INFO - Setting next_dagrun for example_sensors to None, run_after=None
[2025-11-06T12:06:45.634+0000] {processor.py:183} INFO - Processing /home/airflow/.local/lib/python3.8/site-packages/airflow/example_dags/example_sensors.py took 0.288 seconds
[2025-11-06T12:07:16.666+0000] {processor.py:161} INFO - Started process (PID=7606) to work on /home/airflow/.local/lib/python3.8/site-packages/airflow/example_dags/example_sensors.py
[2025-11-06T12:07:16.669+0000] {processor.py:830} INFO - Processing file /home/airflow/.local/lib/python3.8/site-packages/airflow/example_dags/example_sensors.py for tasks to queue
[2025-11-06T12:07:16.679+0000] {logging_mixin.py:188} INFO - [2025-11-06T12:07:16.677+0000] {dagbag.py:538} INFO - Filling up the DagBag from /home/airflow/.local/lib/python3.8/site-packages/airflow/example_dags/example_sensors.py
[2025-11-06T12:07:16.729+0000] {processor.py:840} INFO - DAG(s) 'example_sensors' retrieved from /home/airflow/.local/lib/python3.8/site-packages/airflow/example_dags/example_sensors.py
[2025-11-06T12:07:16.908+0000] {logging_mixin.py:188} INFO - [2025-11-06T12:07:16.907+0000] {dag.py:3036} INFO - Sync 1 DAGs
[2025-11-06T12:07:16.974+0000] {logging_mixin.py:188} INFO - [2025-11-06T12:07:16.973+0000] {dag.py:3823} INFO - Setting next_dagrun for example_sensors to None, run_after=None
[2025-11-06T12:07:17.072+0000] {processor.py:183} INFO - Processing /home/airflow/.local/lib/python3.8/site-packages/airflow/example_dags/example_sensors.py took 0.417 seconds
[2025-11-06T12:07:48.587+0000] {processor.py:161} INFO - Started process (PID=7654) to work on /home/airflow/.local/lib/python3.8/site-packages/airflow/example_dags/example_sensors.py
[2025-11-06T12:07:48.647+0000] {processor.py:830} INFO - Processing file /home/airflow/.local/lib/python3.8/site-packages/airflow/example_dags/example_sensors.py for tasks to queue
[2025-11-06T12:07:48.666+0000] {logging_mixin.py:188} INFO - [2025-11-06T12:07:48.665+0000] {dagbag.py:538} INFO - Filling up the DagBag from /home/airflow/.local/lib/python3.8/site-packages/airflow/example_dags/example_sensors.py
[2025-11-06T12:07:48.764+0000] {processor.py:840} INFO - DAG(s) 'example_sensors' retrieved from /home/airflow/.local/lib/python3.8/site-packages/airflow/example_dags/example_sensors.py
[2025-11-06T12:07:48.968+0000] {logging_mixin.py:188} INFO - [2025-11-06T12:07:48.967+0000] {dag.py:3036} INFO - Sync 1 DAGs
[2025-11-06T12:07:49.144+0000] {logging_mixin.py:188} INFO - [2025-11-06T12:07:49.143+0000] {dag.py:3823} INFO - Setting next_dagrun for example_sensors to None, run_after=None
[2025-11-06T12:07:49.356+0000] {processor.py:183} INFO - Processing /home/airflow/.local/lib/python3.8/site-packages/airflow/example_dags/example_sensors.py took 0.836 seconds
[2025-11-06T12:08:19.697+0000] {processor.py:161} INFO - Started process (PID=7715) to work on /home/airflow/.local/lib/python3.8/site-packages/airflow/example_dags/example_sensors.py
[2025-11-06T12:08:19.710+0000] {processor.py:830} INFO - Processing file /home/airflow/.local/lib/python3.8/site-packages/airflow/example_dags/example_sensors.py for tasks to queue
[2025-11-06T12:08:19.728+0000] {logging_mixin.py:188} INFO - [2025-11-06T12:08:19.727+0000] {dagbag.py:538} INFO - Filling up the DagBag from /home/airflow/.local/lib/python3.8/site-packages/airflow/example_dags/example_sensors.py
[2025-11-06T12:08:19.789+0000] {processor.py:840} INFO - DAG(s) 'example_sensors' retrieved from /home/airflow/.local/lib/python3.8/site-packages/airflow/example_dags/example_sensors.py
[2025-11-06T12:08:20.033+0000] {logging_mixin.py:188} INFO - [2025-11-06T12:08:20.032+0000] {dag.py:3036} INFO - Sync 1 DAGs
[2025-11-06T12:08:20.180+0000] {logging_mixin.py:188} INFO - [2025-11-06T12:08:20.180+0000] {dag.py:3823} INFO - Setting next_dagrun for example_sensors to None, run_after=None
[2025-11-06T12:08:20.362+0000] {processor.py:183} INFO - Processing /home/airflow/.local/lib/python3.8/site-packages/airflow/example_dags/example_sensors.py took 0.684 seconds
[2025-11-06T12:08:50.653+0000] {processor.py:161} INFO - Started process (PID=7770) to work on /home/airflow/.local/lib/python3.8/site-packages/airflow/example_dags/example_sensors.py
[2025-11-06T12:08:50.658+0000] {processor.py:830} INFO - Processing file /home/airflow/.local/lib/python3.8/site-packages/airflow/example_dags/example_sensors.py for tasks to queue
[2025-11-06T12:08:50.667+0000] {logging_mixin.py:188} INFO - [2025-11-06T12:08:50.666+0000] {dagbag.py:538} INFO - Filling up the DagBag from /home/airflow/.local/lib/python3.8/site-packages/airflow/example_dags/example_sensors.py
[2025-11-06T12:08:50.743+0000] {processor.py:840} INFO - DAG(s) 'example_sensors' retrieved from /home/airflow/.local/lib/python3.8/site-packages/airflow/example_dags/example_sensors.py
[2025-11-06T12:08:50.836+0000] {logging_mixin.py:188} INFO - [2025-11-06T12:08:50.836+0000] {dag.py:3036} INFO - Sync 1 DAGs
[2025-11-06T12:08:50.877+0000] {logging_mixin.py:188} INFO - [2025-11-06T12:08:50.876+0000] {dag.py:3823} INFO - Setting next_dagrun for example_sensors to None, run_after=None
[2025-11-06T12:08:50.948+0000] {processor.py:183} INFO - Processing /home/airflow/.local/lib/python3.8/site-packages/airflow/example_dags/example_sensors.py took 0.311 seconds
[2025-11-06T12:09:22.124+0000] {processor.py:161} INFO - Started process (PID=7824) to work on /home/airflow/.local/lib/python3.8/site-packages/airflow/example_dags/example_sensors.py
[2025-11-06T12:09:22.133+0000] {processor.py:830} INFO - Processing file /home/airflow/.local/lib/python3.8/site-packages/airflow/example_dags/example_sensors.py for tasks to queue
[2025-11-06T12:09:22.147+0000] {logging_mixin.py:188} INFO - [2025-11-06T12:09:22.146+0000] {dagbag.py:538} INFO - Filling up the DagBag from /home/airflow/.local/lib/python3.8/site-packages/airflow/example_dags/example_sensors.py
[2025-11-06T12:09:22.191+0000] {processor.py:840} INFO - DAG(s) 'example_sensors' retrieved from /home/airflow/.local/lib/python3.8/site-packages/airflow/example_dags/example_sensors.py
[2025-11-06T12:09:22.321+0000] {logging_mixin.py:188} INFO - [2025-11-06T12:09:22.321+0000] {dag.py:3036} INFO - Sync 1 DAGs
[2025-11-06T12:09:22.410+0000] {logging_mixin.py:188} INFO - [2025-11-06T12:09:22.409+0000] {dag.py:3823} INFO - Setting next_dagrun for example_sensors to None, run_after=None
[2025-11-06T12:09:22.641+0000] {processor.py:183} INFO - Processing /home/airflow/.local/lib/python3.8/site-packages/airflow/example_dags/example_sensors.py took 0.535 seconds
[2025-11-06T12:09:52.953+0000] {processor.py:161} INFO - Started process (PID=7876) to work on /home/airflow/.local/lib/python3.8/site-packages/airflow/example_dags/example_sensors.py
[2025-11-06T12:09:52.967+0000] {processor.py:830} INFO - Processing file /home/airflow/.local/lib/python3.8/site-packages/airflow/example_dags/example_sensors.py for tasks to queue
[2025-11-06T12:09:52.998+0000] {logging_mixin.py:188} INFO - [2025-11-06T12:09:52.988+0000] {dagbag.py:538} INFO - Filling up the DagBag from /home/airflow/.local/lib/python3.8/site-packages/airflow/example_dags/example_sensors.py
[2025-11-06T12:09:53.084+0000] {processor.py:840} INFO - DAG(s) 'example_sensors' retrieved from /home/airflow/.local/lib/python3.8/site-packages/airflow/example_dags/example_sensors.py
[2025-11-06T12:09:53.263+0000] {logging_mixin.py:188} INFO - [2025-11-06T12:09:53.262+0000] {dag.py:3036} INFO - Sync 1 DAGs
[2025-11-06T12:09:53.360+0000] {logging_mixin.py:188} INFO - [2025-11-06T12:09:53.359+0000] {dag.py:3823} INFO - Setting next_dagrun for example_sensors to None, run_after=None
[2025-11-06T12:09:53.439+0000] {processor.py:183} INFO - Processing /home/airflow/.local/lib/python3.8/site-packages/airflow/example_dags/example_sensors.py took 0.511 seconds
[2025-11-06T12:10:23.681+0000] {processor.py:161} INFO - Started process (PID=7930) to work on /home/airflow/.local/lib/python3.8/site-packages/airflow/example_dags/example_sensors.py
[2025-11-06T12:10:23.689+0000] {processor.py:830} INFO - Processing file /home/airflow/.local/lib/python3.8/site-packages/airflow/example_dags/example_sensors.py for tasks to queue
[2025-11-06T12:10:23.706+0000] {logging_mixin.py:188} INFO - [2025-11-06T12:10:23.705+0000] {dagbag.py:538} INFO - Filling up the DagBag from /home/airflow/.local/lib/python3.8/site-packages/airflow/example_dags/example_sensors.py
[2025-11-06T12:10:23.765+0000] {processor.py:840} INFO - DAG(s) 'example_sensors' retrieved from /home/airflow/.local/lib/python3.8/site-packages/airflow/example_dags/example_sensors.py
[2025-11-06T12:10:23.900+0000] {logging_mixin.py:188} INFO - [2025-11-06T12:10:23.899+0000] {dag.py:3036} INFO - Sync 1 DAGs
[2025-11-06T12:10:23.951+0000] {logging_mixin.py:188} INFO - [2025-11-06T12:10:23.950+0000] {dag.py:3823} INFO - Setting next_dagrun for example_sensors to None, run_after=None
[2025-11-06T12:10:24.036+0000] {processor.py:183} INFO - Processing /home/airflow/.local/lib/python3.8/site-packages/airflow/example_dags/example_sensors.py took 0.395 seconds
[2025-11-06T12:10:54.536+0000] {processor.py:161} INFO - Started process (PID=7983) to work on /home/airflow/.local/lib/python3.8/site-packages/airflow/example_dags/example_sensors.py
[2025-11-06T12:10:54.554+0000] {processor.py:830} INFO - Processing file /home/airflow/.local/lib/python3.8/site-packages/airflow/example_dags/example_sensors.py for tasks to queue
[2025-11-06T12:10:54.561+0000] {logging_mixin.py:188} INFO - [2025-11-06T12:10:54.560+0000] {dagbag.py:538} INFO - Filling up the DagBag from /home/airflow/.local/lib/python3.8/site-packages/airflow/example_dags/example_sensors.py
[2025-11-06T12:10:54.638+0000] {processor.py:840} INFO - DAG(s) 'example_sensors' retrieved from /home/airflow/.local/lib/python3.8/site-packages/airflow/example_dags/example_sensors.py
[2025-11-06T12:10:54.786+0000] {logging_mixin.py:188} INFO - [2025-11-06T12:10:54.786+0000] {dag.py:3036} INFO - Sync 1 DAGs
[2025-11-06T12:10:54.859+0000] {logging_mixin.py:188} INFO - [2025-11-06T12:10:54.859+0000] {dag.py:3823} INFO - Setting next_dagrun for example_sensors to None, run_after=None
[2025-11-06T12:10:54.951+0000] {processor.py:183} INFO - Processing /home/airflow/.local/lib/python3.8/site-packages/airflow/example_dags/example_sensors.py took 0.461 seconds
[2025-11-06T12:11:25.411+0000] {processor.py:161} INFO - Started process (PID=8038) to work on /home/airflow/.local/lib/python3.8/site-packages/airflow/example_dags/example_sensors.py
[2025-11-06T12:11:25.425+0000] {processor.py:830} INFO - Processing file /home/airflow/.local/lib/python3.8/site-packages/airflow/example_dags/example_sensors.py for tasks to queue
[2025-11-06T12:11:25.441+0000] {logging_mixin.py:188} INFO - [2025-11-06T12:11:25.440+0000] {dagbag.py:538} INFO - Filling up the DagBag from /home/airflow/.local/lib/python3.8/site-packages/airflow/example_dags/example_sensors.py
[2025-11-06T12:11:25.535+0000] {processor.py:840} INFO - DAG(s) 'example_sensors' retrieved from /home/airflow/.local/lib/python3.8/site-packages/airflow/example_dags/example_sensors.py
[2025-11-06T12:11:25.674+0000] {logging_mixin.py:188} INFO - [2025-11-06T12:11:25.672+0000] {dag.py:3036} INFO - Sync 1 DAGs
[2025-11-06T12:11:25.758+0000] {logging_mixin.py:188} INFO - [2025-11-06T12:11:25.758+0000] {dag.py:3823} INFO - Setting next_dagrun for example_sensors to None, run_after=None
[2025-11-06T12:11:25.852+0000] {processor.py:183} INFO - Processing /home/airflow/.local/lib/python3.8/site-packages/airflow/example_dags/example_sensors.py took 0.462 seconds
[2025-11-06T12:11:56.265+0000] {processor.py:161} INFO - Started process (PID=8092) to work on /home/airflow/.local/lib/python3.8/site-packages/airflow/example_dags/example_sensors.py
[2025-11-06T12:11:56.273+0000] {processor.py:830} INFO - Processing file /home/airflow/.local/lib/python3.8/site-packages/airflow/example_dags/example_sensors.py for tasks to queue
[2025-11-06T12:11:56.291+0000] {logging_mixin.py:188} INFO - [2025-11-06T12:11:56.290+0000] {dagbag.py:538} INFO - Filling up the DagBag from /home/airflow/.local/lib/python3.8/site-packages/airflow/example_dags/example_sensors.py
[2025-11-06T12:11:56.365+0000] {processor.py:840} INFO - DAG(s) 'example_sensors' retrieved from /home/airflow/.local/lib/python3.8/site-packages/airflow/example_dags/example_sensors.py
[2025-11-06T12:11:56.630+0000] {logging_mixin.py:188} INFO - [2025-11-06T12:11:56.619+0000] {dag.py:3036} INFO - Sync 1 DAGs
[2025-11-06T12:11:56.762+0000] {logging_mixin.py:188} INFO - [2025-11-06T12:11:56.761+0000] {dag.py:3823} INFO - Setting next_dagrun for example_sensors to None, run_after=None
[2025-11-06T12:11:56.899+0000] {processor.py:183} INFO - Processing /home/airflow/.local/lib/python3.8/site-packages/airflow/example_dags/example_sensors.py took 0.653 seconds
[2025-11-06T12:12:27.197+0000] {processor.py:161} INFO - Started process (PID=8147) to work on /home/airflow/.local/lib/python3.8/site-packages/airflow/example_dags/example_sensors.py
[2025-11-06T12:12:27.200+0000] {processor.py:830} INFO - Processing file /home/airflow/.local/lib/python3.8/site-packages/airflow/example_dags/example_sensors.py for tasks to queue
[2025-11-06T12:12:27.216+0000] {logging_mixin.py:188} INFO - [2025-11-06T12:12:27.215+0000] {dagbag.py:538} INFO - Filling up the DagBag from /home/airflow/.local/lib/python3.8/site-packages/airflow/example_dags/example_sensors.py
[2025-11-06T12:12:27.287+0000] {processor.py:840} INFO - DAG(s) 'example_sensors' retrieved from /home/airflow/.local/lib/python3.8/site-packages/airflow/example_dags/example_sensors.py
[2025-11-06T12:12:27.477+0000] {logging_mixin.py:188} INFO - [2025-11-06T12:12:27.477+0000] {dag.py:3036} INFO - Sync 1 DAGs
[2025-11-06T12:12:27.524+0000] {logging_mixin.py:188} INFO - [2025-11-06T12:12:27.523+0000] {dag.py:3823} INFO - Setting next_dagrun for example_sensors to None, run_after=None
[2025-11-06T12:12:27.586+0000] {processor.py:183} INFO - Processing /home/airflow/.local/lib/python3.8/site-packages/airflow/example_dags/example_sensors.py took 0.410 seconds
[2025-11-06T12:12:58.392+0000] {processor.py:161} INFO - Started process (PID=8202) to work on /home/airflow/.local/lib/python3.8/site-packages/airflow/example_dags/example_sensors.py
[2025-11-06T12:12:58.420+0000] {processor.py:830} INFO - Processing file /home/airflow/.local/lib/python3.8/site-packages/airflow/example_dags/example_sensors.py for tasks to queue
[2025-11-06T12:12:58.437+0000] {logging_mixin.py:188} INFO - [2025-11-06T12:12:58.436+0000] {dagbag.py:538} INFO - Filling up the DagBag from /home/airflow/.local/lib/python3.8/site-packages/airflow/example_dags/example_sensors.py
[2025-11-06T12:12:58.486+0000] {processor.py:840} INFO - DAG(s) 'example_sensors' retrieved from /home/airflow/.local/lib/python3.8/site-packages/airflow/example_dags/example_sensors.py
[2025-11-06T12:12:58.700+0000] {logging_mixin.py:188} INFO - [2025-11-06T12:12:58.688+0000] {dag.py:3036} INFO - Sync 1 DAGs
[2025-11-06T12:12:58.812+0000] {logging_mixin.py:188} INFO - [2025-11-06T12:12:58.811+0000] {dag.py:3823} INFO - Setting next_dagrun for example_sensors to None, run_after=None
[2025-11-06T12:12:58.925+0000] {processor.py:183} INFO - Processing /home/airflow/.local/lib/python3.8/site-packages/airflow/example_dags/example_sensors.py took 0.562 seconds
[2025-11-06T12:13:29.108+0000] {processor.py:161} INFO - Started process (PID=8258) to work on /home/airflow/.local/lib/python3.8/site-packages/airflow/example_dags/example_sensors.py
[2025-11-06T12:13:29.112+0000] {processor.py:830} INFO - Processing file /home/airflow/.local/lib/python3.8/site-packages/airflow/example_dags/example_sensors.py for tasks to queue
[2025-11-06T12:13:29.124+0000] {logging_mixin.py:188} INFO - [2025-11-06T12:13:29.123+0000] {dagbag.py:538} INFO - Filling up the DagBag from /home/airflow/.local/lib/python3.8/site-packages/airflow/example_dags/example_sensors.py
[2025-11-06T12:13:29.166+0000] {processor.py:840} INFO - DAG(s) 'example_sensors' retrieved from /home/airflow/.local/lib/python3.8/site-packages/airflow/example_dags/example_sensors.py
[2025-11-06T12:13:29.234+0000] {logging_mixin.py:188} INFO - [2025-11-06T12:13:29.233+0000] {dag.py:3036} INFO - Sync 1 DAGs
[2025-11-06T12:13:29.269+0000] {logging_mixin.py:188} INFO - [2025-11-06T12:13:29.269+0000] {dag.py:3823} INFO - Setting next_dagrun for example_sensors to None, run_after=None
[2025-11-06T12:13:29.323+0000] {processor.py:183} INFO - Processing /home/airflow/.local/lib/python3.8/site-packages/airflow/example_dags/example_sensors.py took 0.228 seconds
[2025-11-06T12:13:59.525+0000] {processor.py:161} INFO - Started process (PID=8311) to work on /home/airflow/.local/lib/python3.8/site-packages/airflow/example_dags/example_sensors.py
[2025-11-06T12:13:59.531+0000] {processor.py:830} INFO - Processing file /home/airflow/.local/lib/python3.8/site-packages/airflow/example_dags/example_sensors.py for tasks to queue
[2025-11-06T12:13:59.548+0000] {logging_mixin.py:188} INFO - [2025-11-06T12:13:59.547+0000] {dagbag.py:538} INFO - Filling up the DagBag from /home/airflow/.local/lib/python3.8/site-packages/airflow/example_dags/example_sensors.py
[2025-11-06T12:13:59.606+0000] {processor.py:840} INFO - DAG(s) 'example_sensors' retrieved from /home/airflow/.local/lib/python3.8/site-packages/airflow/example_dags/example_sensors.py
[2025-11-06T12:13:59.721+0000] {logging_mixin.py:188} INFO - [2025-11-06T12:13:59.720+0000] {dag.py:3036} INFO - Sync 1 DAGs
[2025-11-06T12:13:59.773+0000] {logging_mixin.py:188} INFO - [2025-11-06T12:13:59.773+0000] {dag.py:3823} INFO - Setting next_dagrun for example_sensors to None, run_after=None
[2025-11-06T12:13:59.848+0000] {processor.py:183} INFO - Processing /home/airflow/.local/lib/python3.8/site-packages/airflow/example_dags/example_sensors.py took 0.343 seconds
[2025-11-06T12:14:31.223+0000] {processor.py:161} INFO - Started process (PID=8365) to work on /home/airflow/.local/lib/python3.8/site-packages/airflow/example_dags/example_sensors.py
[2025-11-06T12:14:31.229+0000] {processor.py:830} INFO - Processing file /home/airflow/.local/lib/python3.8/site-packages/airflow/example_dags/example_sensors.py for tasks to queue
[2025-11-06T12:14:31.239+0000] {logging_mixin.py:188} INFO - [2025-11-06T12:14:31.238+0000] {dagbag.py:538} INFO - Filling up the DagBag from /home/airflow/.local/lib/python3.8/site-packages/airflow/example_dags/example_sensors.py
[2025-11-06T12:14:31.358+0000] {processor.py:840} INFO - DAG(s) 'example_sensors' retrieved from /home/airflow/.local/lib/python3.8/site-packages/airflow/example_dags/example_sensors.py
[2025-11-06T12:14:31.628+0000] {logging_mixin.py:188} INFO - [2025-11-06T12:14:31.627+0000] {dag.py:3036} INFO - Sync 1 DAGs
[2025-11-06T12:14:31.758+0000] {logging_mixin.py:188} INFO - [2025-11-06T12:14:31.756+0000] {dag.py:3823} INFO - Setting next_dagrun for example_sensors to None, run_after=None
[2025-11-06T12:14:31.965+0000] {processor.py:183} INFO - Processing /home/airflow/.local/lib/python3.8/site-packages/airflow/example_dags/example_sensors.py took 0.767 seconds
[2025-11-06T12:15:02.986+0000] {processor.py:161} INFO - Started process (PID=8419) to work on /home/airflow/.local/lib/python3.8/site-packages/airflow/example_dags/example_sensors.py
[2025-11-06T12:15:03.004+0000] {processor.py:830} INFO - Processing file /home/airflow/.local/lib/python3.8/site-packages/airflow/example_dags/example_sensors.py for tasks to queue
[2025-11-06T12:15:03.015+0000] {logging_mixin.py:188} INFO - [2025-11-06T12:15:03.013+0000] {dagbag.py:538} INFO - Filling up the DagBag from /home/airflow/.local/lib/python3.8/site-packages/airflow/example_dags/example_sensors.py
[2025-11-06T12:15:03.105+0000] {processor.py:840} INFO - DAG(s) 'example_sensors' retrieved from /home/airflow/.local/lib/python3.8/site-packages/airflow/example_dags/example_sensors.py
[2025-11-06T12:15:03.387+0000] {logging_mixin.py:188} INFO - [2025-11-06T12:15:03.360+0000] {dag.py:3036} INFO - Sync 1 DAGs
[2025-11-06T12:15:03.533+0000] {logging_mixin.py:188} INFO - [2025-11-06T12:15:03.531+0000] {dag.py:3823} INFO - Setting next_dagrun for example_sensors to None, run_after=None
[2025-11-06T12:15:03.722+0000] {processor.py:183} INFO - Processing /home/airflow/.local/lib/python3.8/site-packages/airflow/example_dags/example_sensors.py took 0.777 seconds
[2025-11-06T12:15:35.000+0000] {processor.py:161} INFO - Started process (PID=8475) to work on /home/airflow/.local/lib/python3.8/site-packages/airflow/example_dags/example_sensors.py
[2025-11-06T12:15:35.030+0000] {processor.py:830} INFO - Processing file /home/airflow/.local/lib/python3.8/site-packages/airflow/example_dags/example_sensors.py for tasks to queue
[2025-11-06T12:15:35.071+0000] {logging_mixin.py:188} INFO - [2025-11-06T12:15:35.070+0000] {dagbag.py:538} INFO - Filling up the DagBag from /home/airflow/.local/lib/python3.8/site-packages/airflow/example_dags/example_sensors.py
[2025-11-06T12:15:35.185+0000] {processor.py:840} INFO - DAG(s) 'example_sensors' retrieved from /home/airflow/.local/lib/python3.8/site-packages/airflow/example_dags/example_sensors.py
[2025-11-06T12:15:35.457+0000] {logging_mixin.py:188} INFO - [2025-11-06T12:15:35.456+0000] {dag.py:3036} INFO - Sync 1 DAGs
[2025-11-06T12:15:35.571+0000] {logging_mixin.py:188} INFO - [2025-11-06T12:15:35.570+0000] {dag.py:3823} INFO - Setting next_dagrun for example_sensors to None, run_after=None
[2025-11-06T12:15:35.704+0000] {processor.py:183} INFO - Processing /home/airflow/.local/lib/python3.8/site-packages/airflow/example_dags/example_sensors.py took 0.737 seconds
[2025-11-06T12:16:06.140+0000] {processor.py:161} INFO - Started process (PID=8529) to work on /home/airflow/.local/lib/python3.8/site-packages/airflow/example_dags/example_sensors.py
[2025-11-06T12:16:06.156+0000] {processor.py:830} INFO - Processing file /home/airflow/.local/lib/python3.8/site-packages/airflow/example_dags/example_sensors.py for tasks to queue
[2025-11-06T12:16:06.165+0000] {logging_mixin.py:188} INFO - [2025-11-06T12:16:06.164+0000] {dagbag.py:538} INFO - Filling up the DagBag from /home/airflow/.local/lib/python3.8/site-packages/airflow/example_dags/example_sensors.py
[2025-11-06T12:16:06.201+0000] {processor.py:840} INFO - DAG(s) 'example_sensors' retrieved from /home/airflow/.local/lib/python3.8/site-packages/airflow/example_dags/example_sensors.py
[2025-11-06T12:16:06.316+0000] {logging_mixin.py:188} INFO - [2025-11-06T12:16:06.315+0000] {dag.py:3036} INFO - Sync 1 DAGs
[2025-11-06T12:16:06.398+0000] {logging_mixin.py:188} INFO - [2025-11-06T12:16:06.398+0000] {dag.py:3823} INFO - Setting next_dagrun for example_sensors to None, run_after=None
[2025-11-06T12:16:06.587+0000] {processor.py:183} INFO - Processing /home/airflow/.local/lib/python3.8/site-packages/airflow/example_dags/example_sensors.py took 0.476 seconds
[2025-11-06T12:16:37.082+0000] {processor.py:161} INFO - Started process (PID=8584) to work on /home/airflow/.local/lib/python3.8/site-packages/airflow/example_dags/example_sensors.py
[2025-11-06T12:16:37.084+0000] {processor.py:830} INFO - Processing file /home/airflow/.local/lib/python3.8/site-packages/airflow/example_dags/example_sensors.py for tasks to queue
[2025-11-06T12:16:37.089+0000] {logging_mixin.py:188} INFO - [2025-11-06T12:16:37.089+0000] {dagbag.py:538} INFO - Filling up the DagBag from /home/airflow/.local/lib/python3.8/site-packages/airflow/example_dags/example_sensors.py
[2025-11-06T12:16:37.123+0000] {processor.py:840} INFO - DAG(s) 'example_sensors' retrieved from /home/airflow/.local/lib/python3.8/site-packages/airflow/example_dags/example_sensors.py
[2025-11-06T12:16:37.244+0000] {logging_mixin.py:188} INFO - [2025-11-06T12:16:37.243+0000] {dag.py:3036} INFO - Sync 1 DAGs
[2025-11-06T12:16:37.313+0000] {logging_mixin.py:188} INFO - [2025-11-06T12:16:37.312+0000] {dag.py:3823} INFO - Setting next_dagrun for example_sensors to None, run_after=None
[2025-11-06T12:16:37.428+0000] {processor.py:183} INFO - Processing /home/airflow/.local/lib/python3.8/site-packages/airflow/example_dags/example_sensors.py took 0.357 seconds
[2025-11-06T12:17:07.555+0000] {processor.py:161} INFO - Started process (PID=8639) to work on /home/airflow/.local/lib/python3.8/site-packages/airflow/example_dags/example_sensors.py
[2025-11-06T12:17:07.566+0000] {processor.py:830} INFO - Processing file /home/airflow/.local/lib/python3.8/site-packages/airflow/example_dags/example_sensors.py for tasks to queue
[2025-11-06T12:17:07.574+0000] {logging_mixin.py:188} INFO - [2025-11-06T12:17:07.573+0000] {dagbag.py:538} INFO - Filling up the DagBag from /home/airflow/.local/lib/python3.8/site-packages/airflow/example_dags/example_sensors.py
[2025-11-06T12:17:07.626+0000] {processor.py:840} INFO - DAG(s) 'example_sensors' retrieved from /home/airflow/.local/lib/python3.8/site-packages/airflow/example_dags/example_sensors.py
[2025-11-06T12:17:07.758+0000] {logging_mixin.py:188} INFO - [2025-11-06T12:17:07.757+0000] {dag.py:3036} INFO - Sync 1 DAGs
[2025-11-06T12:17:07.831+0000] {logging_mixin.py:188} INFO - [2025-11-06T12:17:07.830+0000] {dag.py:3823} INFO - Setting next_dagrun for example_sensors to None, run_after=None
[2025-11-06T12:17:07.922+0000] {processor.py:183} INFO - Processing /home/airflow/.local/lib/python3.8/site-packages/airflow/example_dags/example_sensors.py took 0.389 seconds
[2025-11-06T12:17:38.252+0000] {processor.py:161} INFO - Started process (PID=8692) to work on /home/airflow/.local/lib/python3.8/site-packages/airflow/example_dags/example_sensors.py
[2025-11-06T12:17:38.267+0000] {processor.py:830} INFO - Processing file /home/airflow/.local/lib/python3.8/site-packages/airflow/example_dags/example_sensors.py for tasks to queue
[2025-11-06T12:17:38.290+0000] {logging_mixin.py:188} INFO - [2025-11-06T12:17:38.281+0000] {dagbag.py:538} INFO - Filling up the DagBag from /home/airflow/.local/lib/python3.8/site-packages/airflow/example_dags/example_sensors.py
[2025-11-06T12:17:38.407+0000] {processor.py:840} INFO - DAG(s) 'example_sensors' retrieved from /home/airflow/.local/lib/python3.8/site-packages/airflow/example_dags/example_sensors.py
[2025-11-06T12:17:38.646+0000] {logging_mixin.py:188} INFO - [2025-11-06T12:17:38.646+0000] {dag.py:3036} INFO - Sync 1 DAGs
[2025-11-06T12:17:38.737+0000] {logging_mixin.py:188} INFO - [2025-11-06T12:17:38.731+0000] {dag.py:3823} INFO - Setting next_dagrun for example_sensors to None, run_after=None
[2025-11-06T12:17:38.963+0000] {processor.py:183} INFO - Processing /home/airflow/.local/lib/python3.8/site-packages/airflow/example_dags/example_sensors.py took 0.744 seconds
[2025-11-06T12:18:09.750+0000] {processor.py:161} INFO - Started process (PID=8747) to work on /home/airflow/.local/lib/python3.8/site-packages/airflow/example_dags/example_sensors.py
[2025-11-06T12:18:09.754+0000] {processor.py:830} INFO - Processing file /home/airflow/.local/lib/python3.8/site-packages/airflow/example_dags/example_sensors.py for tasks to queue
[2025-11-06T12:18:09.772+0000] {logging_mixin.py:188} INFO - [2025-11-06T12:18:09.771+0000] {dagbag.py:538} INFO - Filling up the DagBag from /home/airflow/.local/lib/python3.8/site-packages/airflow/example_dags/example_sensors.py
[2025-11-06T12:18:09.832+0000] {processor.py:840} INFO - DAG(s) 'example_sensors' retrieved from /home/airflow/.local/lib/python3.8/site-packages/airflow/example_dags/example_sensors.py
[2025-11-06T12:18:09.968+0000] {logging_mixin.py:188} INFO - [2025-11-06T12:18:09.968+0000] {dag.py:3036} INFO - Sync 1 DAGs
[2025-11-06T12:18:10.014+0000] {logging_mixin.py:188} INFO - [2025-11-06T12:18:10.011+0000] {dag.py:3823} INFO - Setting next_dagrun for example_sensors to None, run_after=None
[2025-11-06T12:18:10.101+0000] {processor.py:183} INFO - Processing /home/airflow/.local/lib/python3.8/site-packages/airflow/example_dags/example_sensors.py took 0.369 seconds
[2025-11-06T12:18:40.442+0000] {processor.py:161} INFO - Started process (PID=8802) to work on /home/airflow/.local/lib/python3.8/site-packages/airflow/example_dags/example_sensors.py
[2025-11-06T12:18:40.444+0000] {processor.py:830} INFO - Processing file /home/airflow/.local/lib/python3.8/site-packages/airflow/example_dags/example_sensors.py for tasks to queue
[2025-11-06T12:18:40.447+0000] {logging_mixin.py:188} INFO - [2025-11-06T12:18:40.446+0000] {dagbag.py:538} INFO - Filling up the DagBag from /home/airflow/.local/lib/python3.8/site-packages/airflow/example_dags/example_sensors.py
[2025-11-06T12:18:40.458+0000] {processor.py:840} INFO - DAG(s) 'example_sensors' retrieved from /home/airflow/.local/lib/python3.8/site-packages/airflow/example_dags/example_sensors.py
[2025-11-06T12:18:40.491+0000] {logging_mixin.py:188} INFO - [2025-11-06T12:18:40.491+0000] {dag.py:3036} INFO - Sync 1 DAGs
[2025-11-06T12:18:40.506+0000] {logging_mixin.py:188} INFO - [2025-11-06T12:18:40.506+0000] {dag.py:3823} INFO - Setting next_dagrun for example_sensors to None, run_after=None
[2025-11-06T12:18:40.543+0000] {processor.py:183} INFO - Processing /home/airflow/.local/lib/python3.8/site-packages/airflow/example_dags/example_sensors.py took 0.105 seconds
[2025-11-06T12:19:10.612+0000] {processor.py:161} INFO - Started process (PID=8856) to work on /home/airflow/.local/lib/python3.8/site-packages/airflow/example_dags/example_sensors.py
[2025-11-06T12:19:10.613+0000] {processor.py:830} INFO - Processing file /home/airflow/.local/lib/python3.8/site-packages/airflow/example_dags/example_sensors.py for tasks to queue
[2025-11-06T12:19:10.616+0000] {logging_mixin.py:188} INFO - [2025-11-06T12:19:10.616+0000] {dagbag.py:538} INFO - Filling up the DagBag from /home/airflow/.local/lib/python3.8/site-packages/airflow/example_dags/example_sensors.py
[2025-11-06T12:19:10.627+0000] {processor.py:840} INFO - DAG(s) 'example_sensors' retrieved from /home/airflow/.local/lib/python3.8/site-packages/airflow/example_dags/example_sensors.py
[2025-11-06T12:19:10.658+0000] {logging_mixin.py:188} INFO - [2025-11-06T12:19:10.657+0000] {dag.py:3036} INFO - Sync 1 DAGs
[2025-11-06T12:19:10.674+0000] {logging_mixin.py:188} INFO - [2025-11-06T12:19:10.673+0000] {dag.py:3823} INFO - Setting next_dagrun for example_sensors to None, run_after=None
[2025-11-06T12:19:10.707+0000] {processor.py:183} INFO - Processing /home/airflow/.local/lib/python3.8/site-packages/airflow/example_dags/example_sensors.py took 0.099 seconds
[2025-11-06T12:19:40.885+0000] {processor.py:161} INFO - Started process (PID=8911) to work on /home/airflow/.local/lib/python3.8/site-packages/airflow/example_dags/example_sensors.py
[2025-11-06T12:19:40.888+0000] {processor.py:830} INFO - Processing file /home/airflow/.local/lib/python3.8/site-packages/airflow/example_dags/example_sensors.py for tasks to queue
[2025-11-06T12:19:40.897+0000] {logging_mixin.py:188} INFO - [2025-11-06T12:19:40.896+0000] {dagbag.py:538} INFO - Filling up the DagBag from /home/airflow/.local/lib/python3.8/site-packages/airflow/example_dags/example_sensors.py
[2025-11-06T12:19:40.924+0000] {processor.py:840} INFO - DAG(s) 'example_sensors' retrieved from /home/airflow/.local/lib/python3.8/site-packages/airflow/example_dags/example_sensors.py
[2025-11-06T12:19:40.994+0000] {logging_mixin.py:188} INFO - [2025-11-06T12:19:40.992+0000] {dag.py:3036} INFO - Sync 1 DAGs
[2025-11-06T12:19:41.028+0000] {logging_mixin.py:188} INFO - [2025-11-06T12:19:41.027+0000] {dag.py:3823} INFO - Setting next_dagrun for example_sensors to None, run_after=None
[2025-11-06T12:19:41.070+0000] {processor.py:183} INFO - Processing /home/airflow/.local/lib/python3.8/site-packages/airflow/example_dags/example_sensors.py took 0.202 seconds
[2025-11-06T12:20:11.178+0000] {processor.py:161} INFO - Started process (PID=8962) to work on /home/airflow/.local/lib/python3.8/site-packages/airflow/example_dags/example_sensors.py
[2025-11-06T12:20:11.180+0000] {processor.py:830} INFO - Processing file /home/airflow/.local/lib/python3.8/site-packages/airflow/example_dags/example_sensors.py for tasks to queue
[2025-11-06T12:20:11.185+0000] {logging_mixin.py:188} INFO - [2025-11-06T12:20:11.185+0000] {dagbag.py:538} INFO - Filling up the DagBag from /home/airflow/.local/lib/python3.8/site-packages/airflow/example_dags/example_sensors.py
[2025-11-06T12:20:11.219+0000] {processor.py:840} INFO - DAG(s) 'example_sensors' retrieved from /home/airflow/.local/lib/python3.8/site-packages/airflow/example_dags/example_sensors.py
[2025-11-06T12:20:11.308+0000] {logging_mixin.py:188} INFO - [2025-11-06T12:20:11.307+0000] {dag.py:3036} INFO - Sync 1 DAGs
[2025-11-06T12:20:11.354+0000] {logging_mixin.py:188} INFO - [2025-11-06T12:20:11.353+0000] {dag.py:3823} INFO - Setting next_dagrun for example_sensors to None, run_after=None
[2025-11-06T12:20:11.420+0000] {processor.py:183} INFO - Processing /home/airflow/.local/lib/python3.8/site-packages/airflow/example_dags/example_sensors.py took 0.251 seconds
[2025-11-06T12:20:41.705+0000] {processor.py:161} INFO - Started process (PID=9016) to work on /home/airflow/.local/lib/python3.8/site-packages/airflow/example_dags/example_sensors.py
[2025-11-06T12:20:41.716+0000] {processor.py:830} INFO - Processing file /home/airflow/.local/lib/python3.8/site-packages/airflow/example_dags/example_sensors.py for tasks to queue
[2025-11-06T12:20:41.724+0000] {logging_mixin.py:188} INFO - [2025-11-06T12:20:41.723+0000] {dagbag.py:538} INFO - Filling up the DagBag from /home/airflow/.local/lib/python3.8/site-packages/airflow/example_dags/example_sensors.py
[2025-11-06T12:20:41.782+0000] {processor.py:840} INFO - DAG(s) 'example_sensors' retrieved from /home/airflow/.local/lib/python3.8/site-packages/airflow/example_dags/example_sensors.py
[2025-11-06T12:20:41.934+0000] {logging_mixin.py:188} INFO - [2025-11-06T12:20:41.933+0000] {dag.py:3036} INFO - Sync 1 DAGs
[2025-11-06T12:20:42.066+0000] {logging_mixin.py:188} INFO - [2025-11-06T12:20:42.054+0000] {dag.py:3823} INFO - Setting next_dagrun for example_sensors to None, run_after=None
[2025-11-06T12:20:42.247+0000] {processor.py:183} INFO - Processing /home/airflow/.local/lib/python3.8/site-packages/airflow/example_dags/example_sensors.py took 0.566 seconds
[2025-11-06T12:21:12.454+0000] {processor.py:161} INFO - Started process (PID=9071) to work on /home/airflow/.local/lib/python3.8/site-packages/airflow/example_dags/example_sensors.py
[2025-11-06T12:21:12.462+0000] {processor.py:830} INFO - Processing file /home/airflow/.local/lib/python3.8/site-packages/airflow/example_dags/example_sensors.py for tasks to queue
[2025-11-06T12:21:12.470+0000] {logging_mixin.py:188} INFO - [2025-11-06T12:21:12.469+0000] {dagbag.py:538} INFO - Filling up the DagBag from /home/airflow/.local/lib/python3.8/site-packages/airflow/example_dags/example_sensors.py
[2025-11-06T12:21:12.525+0000] {processor.py:840} INFO - DAG(s) 'example_sensors' retrieved from /home/airflow/.local/lib/python3.8/site-packages/airflow/example_dags/example_sensors.py
[2025-11-06T12:21:12.635+0000] {logging_mixin.py:188} INFO - [2025-11-06T12:21:12.634+0000] {dag.py:3036} INFO - Sync 1 DAGs
[2025-11-06T12:21:12.689+0000] {logging_mixin.py:188} INFO - [2025-11-06T12:21:12.688+0000] {dag.py:3823} INFO - Setting next_dagrun for example_sensors to None, run_after=None
[2025-11-06T12:21:12.758+0000] {processor.py:183} INFO - Processing /home/airflow/.local/lib/python3.8/site-packages/airflow/example_dags/example_sensors.py took 0.324 seconds
[2025-11-06T12:21:43.206+0000] {processor.py:161} INFO - Started process (PID=9126) to work on /home/airflow/.local/lib/python3.8/site-packages/airflow/example_dags/example_sensors.py
[2025-11-06T12:21:43.209+0000] {processor.py:830} INFO - Processing file /home/airflow/.local/lib/python3.8/site-packages/airflow/example_dags/example_sensors.py for tasks to queue
[2025-11-06T12:21:43.213+0000] {logging_mixin.py:188} INFO - [2025-11-06T12:21:43.213+0000] {dagbag.py:538} INFO - Filling up the DagBag from /home/airflow/.local/lib/python3.8/site-packages/airflow/example_dags/example_sensors.py
[2025-11-06T12:21:43.231+0000] {processor.py:840} INFO - DAG(s) 'example_sensors' retrieved from /home/airflow/.local/lib/python3.8/site-packages/airflow/example_dags/example_sensors.py
[2025-11-06T12:21:43.310+0000] {logging_mixin.py:188} INFO - [2025-11-06T12:21:43.309+0000] {dag.py:3036} INFO - Sync 1 DAGs
[2025-11-06T12:21:43.353+0000] {logging_mixin.py:188} INFO - [2025-11-06T12:21:43.352+0000] {dag.py:3823} INFO - Setting next_dagrun for example_sensors to None, run_after=None
[2025-11-06T12:21:43.405+0000] {processor.py:183} INFO - Processing /home/airflow/.local/lib/python3.8/site-packages/airflow/example_dags/example_sensors.py took 0.206 seconds
[2025-11-06T12:22:13.775+0000] {processor.py:161} INFO - Started process (PID=9181) to work on /home/airflow/.local/lib/python3.8/site-packages/airflow/example_dags/example_sensors.py
[2025-11-06T12:22:13.777+0000] {processor.py:830} INFO - Processing file /home/airflow/.local/lib/python3.8/site-packages/airflow/example_dags/example_sensors.py for tasks to queue
[2025-11-06T12:22:13.782+0000] {logging_mixin.py:188} INFO - [2025-11-06T12:22:13.781+0000] {dagbag.py:538} INFO - Filling up the DagBag from /home/airflow/.local/lib/python3.8/site-packages/airflow/example_dags/example_sensors.py
[2025-11-06T12:22:13.807+0000] {processor.py:840} INFO - DAG(s) 'example_sensors' retrieved from /home/airflow/.local/lib/python3.8/site-packages/airflow/example_dags/example_sensors.py
[2025-11-06T12:22:13.874+0000] {logging_mixin.py:188} INFO - [2025-11-06T12:22:13.873+0000] {dag.py:3036} INFO - Sync 1 DAGs
[2025-11-06T12:22:13.901+0000] {logging_mixin.py:188} INFO - [2025-11-06T12:22:13.901+0000] {dag.py:3823} INFO - Setting next_dagrun for example_sensors to None, run_after=None
[2025-11-06T12:22:13.962+0000] {processor.py:183} INFO - Processing /home/airflow/.local/lib/python3.8/site-packages/airflow/example_dags/example_sensors.py took 0.195 seconds
[2025-11-06T12:22:44.540+0000] {processor.py:161} INFO - Started process (PID=9235) to work on /home/airflow/.local/lib/python3.8/site-packages/airflow/example_dags/example_sensors.py
[2025-11-06T12:22:44.543+0000] {processor.py:830} INFO - Processing file /home/airflow/.local/lib/python3.8/site-packages/airflow/example_dags/example_sensors.py for tasks to queue
[2025-11-06T12:22:44.553+0000] {logging_mixin.py:188} INFO - [2025-11-06T12:22:44.552+0000] {dagbag.py:538} INFO - Filling up the DagBag from /home/airflow/.local/lib/python3.8/site-packages/airflow/example_dags/example_sensors.py
[2025-11-06T12:22:44.590+0000] {processor.py:840} INFO - DAG(s) 'example_sensors' retrieved from /home/airflow/.local/lib/python3.8/site-packages/airflow/example_dags/example_sensors.py
[2025-11-06T12:22:44.690+0000] {logging_mixin.py:188} INFO - [2025-11-06T12:22:44.689+0000] {dag.py:3036} INFO - Sync 1 DAGs
[2025-11-06T12:22:44.730+0000] {logging_mixin.py:188} INFO - [2025-11-06T12:22:44.730+0000] {dag.py:3823} INFO - Setting next_dagrun for example_sensors to None, run_after=None
[2025-11-06T12:22:44.793+0000] {processor.py:183} INFO - Processing /home/airflow/.local/lib/python3.8/site-packages/airflow/example_dags/example_sensors.py took 0.264 seconds
[2025-11-06T12:23:15.066+0000] {processor.py:161} INFO - Started process (PID=9290) to work on /home/airflow/.local/lib/python3.8/site-packages/airflow/example_dags/example_sensors.py
[2025-11-06T12:23:15.070+0000] {processor.py:830} INFO - Processing file /home/airflow/.local/lib/python3.8/site-packages/airflow/example_dags/example_sensors.py for tasks to queue
[2025-11-06T12:23:15.077+0000] {logging_mixin.py:188} INFO - [2025-11-06T12:23:15.076+0000] {dagbag.py:538} INFO - Filling up the DagBag from /home/airflow/.local/lib/python3.8/site-packages/airflow/example_dags/example_sensors.py
[2025-11-06T12:23:15.116+0000] {processor.py:840} INFO - DAG(s) 'example_sensors' retrieved from /home/airflow/.local/lib/python3.8/site-packages/airflow/example_dags/example_sensors.py
[2025-11-06T12:23:15.215+0000] {logging_mixin.py:188} INFO - [2025-11-06T12:23:15.212+0000] {dag.py:3036} INFO - Sync 1 DAGs
[2025-11-06T12:23:15.280+0000] {logging_mixin.py:188} INFO - [2025-11-06T12:23:15.279+0000] {dag.py:3823} INFO - Setting next_dagrun for example_sensors to None, run_after=None
[2025-11-06T12:23:15.361+0000] {processor.py:183} INFO - Processing /home/airflow/.local/lib/python3.8/site-packages/airflow/example_dags/example_sensors.py took 0.306 seconds
[2025-11-06T12:23:45.579+0000] {processor.py:161} INFO - Started process (PID=9345) to work on /home/airflow/.local/lib/python3.8/site-packages/airflow/example_dags/example_sensors.py
[2025-11-06T12:23:45.581+0000] {processor.py:830} INFO - Processing file /home/airflow/.local/lib/python3.8/site-packages/airflow/example_dags/example_sensors.py for tasks to queue
[2025-11-06T12:23:45.585+0000] {logging_mixin.py:188} INFO - [2025-11-06T12:23:45.585+0000] {dagbag.py:538} INFO - Filling up the DagBag from /home/airflow/.local/lib/python3.8/site-packages/airflow/example_dags/example_sensors.py
[2025-11-06T12:23:45.606+0000] {processor.py:840} INFO - DAG(s) 'example_sensors' retrieved from /home/airflow/.local/lib/python3.8/site-packages/airflow/example_dags/example_sensors.py
[2025-11-06T12:23:45.660+0000] {logging_mixin.py:188} INFO - [2025-11-06T12:23:45.660+0000] {dag.py:3036} INFO - Sync 1 DAGs
[2025-11-06T12:23:45.687+0000] {logging_mixin.py:188} INFO - [2025-11-06T12:23:45.686+0000] {dag.py:3823} INFO - Setting next_dagrun for example_sensors to None, run_after=None
[2025-11-06T12:23:45.728+0000] {processor.py:183} INFO - Processing /home/airflow/.local/lib/python3.8/site-packages/airflow/example_dags/example_sensors.py took 0.157 seconds
[2025-11-06T12:24:16.581+0000] {processor.py:161} INFO - Started process (PID=9398) to work on /home/airflow/.local/lib/python3.8/site-packages/airflow/example_dags/example_sensors.py
[2025-11-06T12:24:16.586+0000] {processor.py:830} INFO - Processing file /home/airflow/.local/lib/python3.8/site-packages/airflow/example_dags/example_sensors.py for tasks to queue
[2025-11-06T12:24:16.600+0000] {logging_mixin.py:188} INFO - [2025-11-06T12:24:16.598+0000] {dagbag.py:538} INFO - Filling up the DagBag from /home/airflow/.local/lib/python3.8/site-packages/airflow/example_dags/example_sensors.py
[2025-11-06T12:24:16.654+0000] {processor.py:840} INFO - DAG(s) 'example_sensors' retrieved from /home/airflow/.local/lib/python3.8/site-packages/airflow/example_dags/example_sensors.py
[2025-11-06T12:24:16.755+0000] {logging_mixin.py:188} INFO - [2025-11-06T12:24:16.753+0000] {dag.py:3036} INFO - Sync 1 DAGs
[2025-11-06T12:24:16.812+0000] {logging_mixin.py:188} INFO - [2025-11-06T12:24:16.811+0000] {dag.py:3823} INFO - Setting next_dagrun for example_sensors to None, run_after=None
[2025-11-06T12:24:16.891+0000] {processor.py:183} INFO - Processing /home/airflow/.local/lib/python3.8/site-packages/airflow/example_dags/example_sensors.py took 0.331 seconds
[2025-11-06T12:24:47.304+0000] {processor.py:161} INFO - Started process (PID=9452) to work on /home/airflow/.local/lib/python3.8/site-packages/airflow/example_dags/example_sensors.py
[2025-11-06T12:24:47.308+0000] {processor.py:830} INFO - Processing file /home/airflow/.local/lib/python3.8/site-packages/airflow/example_dags/example_sensors.py for tasks to queue
[2025-11-06T12:24:47.319+0000] {logging_mixin.py:188} INFO - [2025-11-06T12:24:47.318+0000] {dagbag.py:538} INFO - Filling up the DagBag from /home/airflow/.local/lib/python3.8/site-packages/airflow/example_dags/example_sensors.py
[2025-11-06T12:24:47.389+0000] {processor.py:840} INFO - DAG(s) 'example_sensors' retrieved from /home/airflow/.local/lib/python3.8/site-packages/airflow/example_dags/example_sensors.py
[2025-11-06T12:24:47.554+0000] {logging_mixin.py:188} INFO - [2025-11-06T12:24:47.554+0000] {dag.py:3036} INFO - Sync 1 DAGs
[2025-11-06T12:24:47.640+0000] {logging_mixin.py:188} INFO - [2025-11-06T12:24:47.639+0000] {dag.py:3823} INFO - Setting next_dagrun for example_sensors to None, run_after=None
[2025-11-06T12:24:47.726+0000] {processor.py:183} INFO - Processing /home/airflow/.local/lib/python3.8/site-packages/airflow/example_dags/example_sensors.py took 0.435 seconds
[2025-11-06T12:25:18.234+0000] {processor.py:161} INFO - Started process (PID=9507) to work on /home/airflow/.local/lib/python3.8/site-packages/airflow/example_dags/example_sensors.py
[2025-11-06T12:25:18.237+0000] {processor.py:830} INFO - Processing file /home/airflow/.local/lib/python3.8/site-packages/airflow/example_dags/example_sensors.py for tasks to queue
[2025-11-06T12:25:18.249+0000] {logging_mixin.py:188} INFO - [2025-11-06T12:25:18.248+0000] {dagbag.py:538} INFO - Filling up the DagBag from /home/airflow/.local/lib/python3.8/site-packages/airflow/example_dags/example_sensors.py
[2025-11-06T12:25:18.297+0000] {processor.py:840} INFO - DAG(s) 'example_sensors' retrieved from /home/airflow/.local/lib/python3.8/site-packages/airflow/example_dags/example_sensors.py
[2025-11-06T12:25:18.452+0000] {logging_mixin.py:188} INFO - [2025-11-06T12:25:18.452+0000] {dag.py:3036} INFO - Sync 1 DAGs
[2025-11-06T12:25:18.515+0000] {logging_mixin.py:188} INFO - [2025-11-06T12:25:18.514+0000] {dag.py:3823} INFO - Setting next_dagrun for example_sensors to None, run_after=None
[2025-11-06T12:25:18.604+0000] {processor.py:183} INFO - Processing /home/airflow/.local/lib/python3.8/site-packages/airflow/example_dags/example_sensors.py took 0.389 seconds
[2025-11-06T12:25:48.943+0000] {processor.py:161} INFO - Started process (PID=9562) to work on /home/airflow/.local/lib/python3.8/site-packages/airflow/example_dags/example_sensors.py
[2025-11-06T12:25:48.965+0000] {processor.py:830} INFO - Processing file /home/airflow/.local/lib/python3.8/site-packages/airflow/example_dags/example_sensors.py for tasks to queue
[2025-11-06T12:25:48.974+0000] {logging_mixin.py:188} INFO - [2025-11-06T12:25:48.973+0000] {dagbag.py:538} INFO - Filling up the DagBag from /home/airflow/.local/lib/python3.8/site-packages/airflow/example_dags/example_sensors.py
[2025-11-06T12:25:49.045+0000] {processor.py:840} INFO - DAG(s) 'example_sensors' retrieved from /home/airflow/.local/lib/python3.8/site-packages/airflow/example_dags/example_sensors.py
[2025-11-06T12:25:49.204+0000] {logging_mixin.py:188} INFO - [2025-11-06T12:25:49.202+0000] {dag.py:3036} INFO - Sync 1 DAGs
[2025-11-06T12:25:49.268+0000] {logging_mixin.py:188} INFO - [2025-11-06T12:25:49.267+0000] {dag.py:3823} INFO - Setting next_dagrun for example_sensors to None, run_after=None
[2025-11-06T12:25:49.399+0000] {processor.py:183} INFO - Processing /home/airflow/.local/lib/python3.8/site-packages/airflow/example_dags/example_sensors.py took 0.509 seconds
[2025-11-06T12:26:19.845+0000] {processor.py:161} INFO - Started process (PID=9617) to work on /home/airflow/.local/lib/python3.8/site-packages/airflow/example_dags/example_sensors.py
[2025-11-06T12:26:19.847+0000] {processor.py:830} INFO - Processing file /home/airflow/.local/lib/python3.8/site-packages/airflow/example_dags/example_sensors.py for tasks to queue
[2025-11-06T12:26:19.851+0000] {logging_mixin.py:188} INFO - [2025-11-06T12:26:19.851+0000] {dagbag.py:538} INFO - Filling up the DagBag from /home/airflow/.local/lib/python3.8/site-packages/airflow/example_dags/example_sensors.py
[2025-11-06T12:26:19.873+0000] {processor.py:840} INFO - DAG(s) 'example_sensors' retrieved from /home/airflow/.local/lib/python3.8/site-packages/airflow/example_dags/example_sensors.py
[2025-11-06T12:26:19.923+0000] {logging_mixin.py:188} INFO - [2025-11-06T12:26:19.922+0000] {dag.py:3036} INFO - Sync 1 DAGs
[2025-11-06T12:26:19.946+0000] {logging_mixin.py:188} INFO - [2025-11-06T12:26:19.946+0000] {dag.py:3823} INFO - Setting next_dagrun for example_sensors to None, run_after=None
[2025-11-06T12:26:19.986+0000] {processor.py:183} INFO - Processing /home/airflow/.local/lib/python3.8/site-packages/airflow/example_dags/example_sensors.py took 0.148 seconds
[2025-11-06T12:26:50.179+0000] {processor.py:161} INFO - Started process (PID=9672) to work on /home/airflow/.local/lib/python3.8/site-packages/airflow/example_dags/example_sensors.py
[2025-11-06T12:26:50.185+0000] {processor.py:830} INFO - Processing file /home/airflow/.local/lib/python3.8/site-packages/airflow/example_dags/example_sensors.py for tasks to queue
[2025-11-06T12:26:50.194+0000] {logging_mixin.py:188} INFO - [2025-11-06T12:26:50.193+0000] {dagbag.py:538} INFO - Filling up the DagBag from /home/airflow/.local/lib/python3.8/site-packages/airflow/example_dags/example_sensors.py
[2025-11-06T12:26:50.265+0000] {processor.py:840} INFO - DAG(s) 'example_sensors' retrieved from /home/airflow/.local/lib/python3.8/site-packages/airflow/example_dags/example_sensors.py
[2025-11-06T12:26:50.425+0000] {logging_mixin.py:188} INFO - [2025-11-06T12:26:50.424+0000] {dag.py:3036} INFO - Sync 1 DAGs
[2025-11-06T12:26:50.519+0000] {logging_mixin.py:188} INFO - [2025-11-06T12:26:50.518+0000] {dag.py:3823} INFO - Setting next_dagrun for example_sensors to None, run_after=None
[2025-11-06T12:26:50.628+0000] {processor.py:183} INFO - Processing /home/airflow/.local/lib/python3.8/site-packages/airflow/example_dags/example_sensors.py took 0.466 seconds
[2025-11-06T12:27:20.944+0000] {processor.py:161} INFO - Started process (PID=9727) to work on /home/airflow/.local/lib/python3.8/site-packages/airflow/example_dags/example_sensors.py
[2025-11-06T12:27:20.947+0000] {processor.py:830} INFO - Processing file /home/airflow/.local/lib/python3.8/site-packages/airflow/example_dags/example_sensors.py for tasks to queue
[2025-11-06T12:27:20.954+0000] {logging_mixin.py:188} INFO - [2025-11-06T12:27:20.953+0000] {dagbag.py:538} INFO - Filling up the DagBag from /home/airflow/.local/lib/python3.8/site-packages/airflow/example_dags/example_sensors.py
[2025-11-06T12:27:21.007+0000] {processor.py:840} INFO - DAG(s) 'example_sensors' retrieved from /home/airflow/.local/lib/python3.8/site-packages/airflow/example_dags/example_sensors.py
[2025-11-06T12:27:21.104+0000] {logging_mixin.py:188} INFO - [2025-11-06T12:27:21.103+0000] {dag.py:3036} INFO - Sync 1 DAGs
[2025-11-06T12:27:21.154+0000] {logging_mixin.py:188} INFO - [2025-11-06T12:27:21.153+0000] {dag.py:3823} INFO - Setting next_dagrun for example_sensors to None, run_after=None
[2025-11-06T12:27:21.219+0000] {processor.py:183} INFO - Processing /home/airflow/.local/lib/python3.8/site-packages/airflow/example_dags/example_sensors.py took 0.288 seconds
[2025-11-06T12:27:52.661+0000] {processor.py:161} INFO - Started process (PID=9783) to work on /home/airflow/.local/lib/python3.8/site-packages/airflow/example_dags/example_sensors.py
[2025-11-06T12:27:52.663+0000] {processor.py:830} INFO - Processing file /home/airflow/.local/lib/python3.8/site-packages/airflow/example_dags/example_sensors.py for tasks to queue
[2025-11-06T12:27:52.670+0000] {logging_mixin.py:188} INFO - [2025-11-06T12:27:52.669+0000] {dagbag.py:538} INFO - Filling up the DagBag from /home/airflow/.local/lib/python3.8/site-packages/airflow/example_dags/example_sensors.py
[2025-11-06T12:27:52.695+0000] {processor.py:840} INFO - DAG(s) 'example_sensors' retrieved from /home/airflow/.local/lib/python3.8/site-packages/airflow/example_dags/example_sensors.py
[2025-11-06T12:27:52.762+0000] {logging_mixin.py:188} INFO - [2025-11-06T12:27:52.761+0000] {dag.py:3036} INFO - Sync 1 DAGs
[2025-11-06T12:27:52.801+0000] {logging_mixin.py:188} INFO - [2025-11-06T12:27:52.800+0000] {dag.py:3823} INFO - Setting next_dagrun for example_sensors to None, run_after=None
[2025-11-06T12:27:52.865+0000] {processor.py:183} INFO - Processing /home/airflow/.local/lib/python3.8/site-packages/airflow/example_dags/example_sensors.py took 0.214 seconds
[2025-11-06T12:28:23.566+0000] {processor.py:161} INFO - Started process (PID=9834) to work on /home/airflow/.local/lib/python3.8/site-packages/airflow/example_dags/example_sensors.py
[2025-11-06T12:28:23.570+0000] {processor.py:830} INFO - Processing file /home/airflow/.local/lib/python3.8/site-packages/airflow/example_dags/example_sensors.py for tasks to queue
[2025-11-06T12:28:23.577+0000] {logging_mixin.py:188} INFO - [2025-11-06T12:28:23.575+0000] {dagbag.py:538} INFO - Filling up the DagBag from /home/airflow/.local/lib/python3.8/site-packages/airflow/example_dags/example_sensors.py
[2025-11-06T12:28:23.608+0000] {processor.py:840} INFO - DAG(s) 'example_sensors' retrieved from /home/airflow/.local/lib/python3.8/site-packages/airflow/example_dags/example_sensors.py
[2025-11-06T12:28:23.671+0000] {logging_mixin.py:188} INFO - [2025-11-06T12:28:23.671+0000] {dag.py:3036} INFO - Sync 1 DAGs
[2025-11-06T12:28:23.700+0000] {logging_mixin.py:188} INFO - [2025-11-06T12:28:23.700+0000] {dag.py:3823} INFO - Setting next_dagrun for example_sensors to None, run_after=None
[2025-11-06T12:28:23.757+0000] {processor.py:183} INFO - Processing /home/airflow/.local/lib/python3.8/site-packages/airflow/example_dags/example_sensors.py took 0.218 seconds
[2025-11-06T12:28:55.059+0000] {processor.py:161} INFO - Started process (PID=9888) to work on /home/airflow/.local/lib/python3.8/site-packages/airflow/example_dags/example_sensors.py
[2025-11-06T12:28:55.063+0000] {processor.py:830} INFO - Processing file /home/airflow/.local/lib/python3.8/site-packages/airflow/example_dags/example_sensors.py for tasks to queue
[2025-11-06T12:28:55.081+0000] {logging_mixin.py:188} INFO - [2025-11-06T12:28:55.080+0000] {dagbag.py:538} INFO - Filling up the DagBag from /home/airflow/.local/lib/python3.8/site-packages/airflow/example_dags/example_sensors.py
[2025-11-06T12:28:55.139+0000] {processor.py:840} INFO - DAG(s) 'example_sensors' retrieved from /home/airflow/.local/lib/python3.8/site-packages/airflow/example_dags/example_sensors.py
[2025-11-06T12:28:55.396+0000] {logging_mixin.py:188} INFO - [2025-11-06T12:28:55.395+0000] {dag.py:3036} INFO - Sync 1 DAGs
[2025-11-06T12:28:55.562+0000] {logging_mixin.py:188} INFO - [2025-11-06T12:28:55.561+0000] {dag.py:3823} INFO - Setting next_dagrun for example_sensors to None, run_after=None
[2025-11-06T12:28:55.731+0000] {processor.py:183} INFO - Processing /home/airflow/.local/lib/python3.8/site-packages/airflow/example_dags/example_sensors.py took 0.694 seconds
[2025-11-06T12:29:26.131+0000] {processor.py:161} INFO - Started process (PID=9942) to work on /home/airflow/.local/lib/python3.8/site-packages/airflow/example_dags/example_sensors.py
[2025-11-06T12:29:26.140+0000] {processor.py:830} INFO - Processing file /home/airflow/.local/lib/python3.8/site-packages/airflow/example_dags/example_sensors.py for tasks to queue
[2025-11-06T12:29:26.157+0000] {logging_mixin.py:188} INFO - [2025-11-06T12:29:26.156+0000] {dagbag.py:538} INFO - Filling up the DagBag from /home/airflow/.local/lib/python3.8/site-packages/airflow/example_dags/example_sensors.py
[2025-11-06T12:29:26.195+0000] {processor.py:840} INFO - DAG(s) 'example_sensors' retrieved from /home/airflow/.local/lib/python3.8/site-packages/airflow/example_dags/example_sensors.py
[2025-11-06T12:29:26.305+0000] {logging_mixin.py:188} INFO - [2025-11-06T12:29:26.304+0000] {dag.py:3036} INFO - Sync 1 DAGs
[2025-11-06T12:29:26.360+0000] {logging_mixin.py:188} INFO - [2025-11-06T12:29:26.360+0000] {dag.py:3823} INFO - Setting next_dagrun for example_sensors to None, run_after=None
[2025-11-06T12:29:26.439+0000] {processor.py:183} INFO - Processing /home/airflow/.local/lib/python3.8/site-packages/airflow/example_dags/example_sensors.py took 0.328 seconds
[2025-11-06T12:29:57.072+0000] {processor.py:161} INFO - Started process (PID=9998) to work on /home/airflow/.local/lib/python3.8/site-packages/airflow/example_dags/example_sensors.py
[2025-11-06T12:29:57.077+0000] {processor.py:830} INFO - Processing file /home/airflow/.local/lib/python3.8/site-packages/airflow/example_dags/example_sensors.py for tasks to queue
[2025-11-06T12:29:57.093+0000] {logging_mixin.py:188} INFO - [2025-11-06T12:29:57.092+0000] {dagbag.py:538} INFO - Filling up the DagBag from /home/airflow/.local/lib/python3.8/site-packages/airflow/example_dags/example_sensors.py
[2025-11-06T12:29:57.142+0000] {processor.py:840} INFO - DAG(s) 'example_sensors' retrieved from /home/airflow/.local/lib/python3.8/site-packages/airflow/example_dags/example_sensors.py
[2025-11-06T12:29:57.253+0000] {logging_mixin.py:188} INFO - [2025-11-06T12:29:57.253+0000] {dag.py:3036} INFO - Sync 1 DAGs
[2025-11-06T12:29:57.324+0000] {logging_mixin.py:188} INFO - [2025-11-06T12:29:57.324+0000] {dag.py:3823} INFO - Setting next_dagrun for example_sensors to None, run_after=None
[2025-11-06T12:29:57.429+0000] {processor.py:183} INFO - Processing /home/airflow/.local/lib/python3.8/site-packages/airflow/example_dags/example_sensors.py took 0.371 seconds
[2025-11-06T12:30:27.726+0000] {processor.py:161} INFO - Started process (PID=10053) to work on /home/airflow/.local/lib/python3.8/site-packages/airflow/example_dags/example_sensors.py
[2025-11-06T12:30:27.728+0000] {processor.py:830} INFO - Processing file /home/airflow/.local/lib/python3.8/site-packages/airflow/example_dags/example_sensors.py for tasks to queue
[2025-11-06T12:30:27.731+0000] {logging_mixin.py:188} INFO - [2025-11-06T12:30:27.731+0000] {dagbag.py:538} INFO - Filling up the DagBag from /home/airflow/.local/lib/python3.8/site-packages/airflow/example_dags/example_sensors.py
[2025-11-06T12:30:27.747+0000] {processor.py:840} INFO - DAG(s) 'example_sensors' retrieved from /home/airflow/.local/lib/python3.8/site-packages/airflow/example_dags/example_sensors.py
[2025-11-06T12:30:27.804+0000] {logging_mixin.py:188} INFO - [2025-11-06T12:30:27.803+0000] {dag.py:3036} INFO - Sync 1 DAGs
[2025-11-06T12:30:27.834+0000] {logging_mixin.py:188} INFO - [2025-11-06T12:30:27.833+0000] {dag.py:3823} INFO - Setting next_dagrun for example_sensors to None, run_after=None
[2025-11-06T12:30:28.221+0000] {processor.py:183} INFO - Processing /home/airflow/.local/lib/python3.8/site-packages/airflow/example_dags/example_sensors.py took 0.501 seconds
[2025-11-06T12:30:58.684+0000] {processor.py:161} INFO - Started process (PID=10109) to work on /home/airflow/.local/lib/python3.8/site-packages/airflow/example_dags/example_sensors.py
[2025-11-06T12:30:58.700+0000] {processor.py:830} INFO - Processing file /home/airflow/.local/lib/python3.8/site-packages/airflow/example_dags/example_sensors.py for tasks to queue
[2025-11-06T12:30:58.707+0000] {logging_mixin.py:188} INFO - [2025-11-06T12:30:58.706+0000] {dagbag.py:538} INFO - Filling up the DagBag from /home/airflow/.local/lib/python3.8/site-packages/airflow/example_dags/example_sensors.py
[2025-11-06T12:30:58.800+0000] {processor.py:840} INFO - DAG(s) 'example_sensors' retrieved from /home/airflow/.local/lib/python3.8/site-packages/airflow/example_dags/example_sensors.py
[2025-11-06T12:30:58.966+0000] {logging_mixin.py:188} INFO - [2025-11-06T12:30:58.966+0000] {dag.py:3036} INFO - Sync 1 DAGs
[2025-11-06T12:30:59.044+0000] {logging_mixin.py:188} INFO - [2025-11-06T12:30:59.043+0000] {dag.py:3823} INFO - Setting next_dagrun for example_sensors to None, run_after=None
[2025-11-06T12:30:59.169+0000] {processor.py:183} INFO - Processing /home/airflow/.local/lib/python3.8/site-packages/airflow/example_dags/example_sensors.py took 0.496 seconds
[2025-11-06T12:31:30.876+0000] {processor.py:161} INFO - Started process (PID=10162) to work on /home/airflow/.local/lib/python3.8/site-packages/airflow/example_dags/example_sensors.py
[2025-11-06T12:31:30.889+0000] {processor.py:830} INFO - Processing file /home/airflow/.local/lib/python3.8/site-packages/airflow/example_dags/example_sensors.py for tasks to queue
[2025-11-06T12:31:30.906+0000] {logging_mixin.py:188} INFO - [2025-11-06T12:31:30.905+0000] {dagbag.py:538} INFO - Filling up the DagBag from /home/airflow/.local/lib/python3.8/site-packages/airflow/example_dags/example_sensors.py
[2025-11-06T12:31:30.976+0000] {processor.py:840} INFO - DAG(s) 'example_sensors' retrieved from /home/airflow/.local/lib/python3.8/site-packages/airflow/example_dags/example_sensors.py
[2025-11-06T12:31:31.306+0000] {logging_mixin.py:188} INFO - [2025-11-06T12:31:31.306+0000] {dag.py:3036} INFO - Sync 1 DAGs
[2025-11-06T12:31:31.471+0000] {logging_mixin.py:188} INFO - [2025-11-06T12:31:31.471+0000] {dag.py:3823} INFO - Setting next_dagrun for example_sensors to None, run_after=None
[2025-11-06T12:31:31.682+0000] {processor.py:183} INFO - Processing /home/airflow/.local/lib/python3.8/site-packages/airflow/example_dags/example_sensors.py took 0.826 seconds
[2025-11-06T12:32:02.543+0000] {processor.py:161} INFO - Started process (PID=10217) to work on /home/airflow/.local/lib/python3.8/site-packages/airflow/example_dags/example_sensors.py
[2025-11-06T12:32:02.557+0000] {processor.py:830} INFO - Processing file /home/airflow/.local/lib/python3.8/site-packages/airflow/example_dags/example_sensors.py for tasks to queue
[2025-11-06T12:32:02.566+0000] {logging_mixin.py:188} INFO - [2025-11-06T12:32:02.565+0000] {dagbag.py:538} INFO - Filling up the DagBag from /home/airflow/.local/lib/python3.8/site-packages/airflow/example_dags/example_sensors.py
[2025-11-06T12:32:02.625+0000] {processor.py:840} INFO - DAG(s) 'example_sensors' retrieved from /home/airflow/.local/lib/python3.8/site-packages/airflow/example_dags/example_sensors.py
[2025-11-06T12:32:02.754+0000] {logging_mixin.py:188} INFO - [2025-11-06T12:32:02.753+0000] {dag.py:3036} INFO - Sync 1 DAGs
[2025-11-06T12:32:02.824+0000] {logging_mixin.py:188} INFO - [2025-11-06T12:32:02.824+0000] {dag.py:3823} INFO - Setting next_dagrun for example_sensors to None, run_after=None
[2025-11-06T12:32:02.906+0000] {processor.py:183} INFO - Processing /home/airflow/.local/lib/python3.8/site-packages/airflow/example_dags/example_sensors.py took 0.394 seconds
[2025-11-06T12:32:38.142+0000] {processor.py:161} INFO - Started process (PID=10274) to work on /home/airflow/.local/lib/python3.8/site-packages/airflow/example_dags/example_sensors.py
[2025-11-06T12:32:38.163+0000] {processor.py:830} INFO - Processing file /home/airflow/.local/lib/python3.8/site-packages/airflow/example_dags/example_sensors.py for tasks to queue
[2025-11-06T12:32:38.197+0000] {logging_mixin.py:188} INFO - [2025-11-06T12:32:38.197+0000] {dagbag.py:538} INFO - Filling up the DagBag from /home/airflow/.local/lib/python3.8/site-packages/airflow/example_dags/example_sensors.py
[2025-11-06T12:32:38.287+0000] {processor.py:840} INFO - DAG(s) 'example_sensors' retrieved from /home/airflow/.local/lib/python3.8/site-packages/airflow/example_dags/example_sensors.py
[2025-11-06T12:32:38.497+0000] {logging_mixin.py:188} INFO - [2025-11-06T12:32:38.496+0000] {dag.py:3036} INFO - Sync 1 DAGs
[2025-11-06T12:32:39.182+0000] {logging_mixin.py:188} INFO - [2025-11-06T12:32:39.181+0000] {dag.py:3823} INFO - Setting next_dagrun for example_sensors to None, run_after=None
[2025-11-06T12:32:39.325+0000] {processor.py:183} INFO - Processing /home/airflow/.local/lib/python3.8/site-packages/airflow/example_dags/example_sensors.py took 1.205 seconds
[2025-11-06T12:33:09.972+0000] {processor.py:161} INFO - Started process (PID=10324) to work on /home/airflow/.local/lib/python3.8/site-packages/airflow/example_dags/example_sensors.py
[2025-11-06T12:33:09.978+0000] {processor.py:830} INFO - Processing file /home/airflow/.local/lib/python3.8/site-packages/airflow/example_dags/example_sensors.py for tasks to queue
[2025-11-06T12:33:09.985+0000] {logging_mixin.py:188} INFO - [2025-11-06T12:33:09.984+0000] {dagbag.py:538} INFO - Filling up the DagBag from /home/airflow/.local/lib/python3.8/site-packages/airflow/example_dags/example_sensors.py
[2025-11-06T12:33:10.022+0000] {processor.py:840} INFO - DAG(s) 'example_sensors' retrieved from /home/airflow/.local/lib/python3.8/site-packages/airflow/example_dags/example_sensors.py
[2025-11-06T12:33:10.126+0000] {logging_mixin.py:188} INFO - [2025-11-06T12:33:10.125+0000] {dag.py:3036} INFO - Sync 1 DAGs
[2025-11-06T12:33:10.186+0000] {logging_mixin.py:188} INFO - [2025-11-06T12:33:10.185+0000] {dag.py:3823} INFO - Setting next_dagrun for example_sensors to None, run_after=None
[2025-11-06T12:33:10.322+0000] {processor.py:183} INFO - Processing /home/airflow/.local/lib/python3.8/site-packages/airflow/example_dags/example_sensors.py took 0.370 seconds
[2025-11-06T12:33:42.687+0000] {processor.py:161} INFO - Started process (PID=10376) to work on /home/airflow/.local/lib/python3.8/site-packages/airflow/example_dags/example_sensors.py
[2025-11-06T12:33:42.703+0000] {processor.py:830} INFO - Processing file /home/airflow/.local/lib/python3.8/site-packages/airflow/example_dags/example_sensors.py for tasks to queue
[2025-11-06T12:33:42.735+0000] {logging_mixin.py:188} INFO - [2025-11-06T12:33:42.734+0000] {dagbag.py:538} INFO - Filling up the DagBag from /home/airflow/.local/lib/python3.8/site-packages/airflow/example_dags/example_sensors.py
[2025-11-06T12:33:42.834+0000] {processor.py:840} INFO - DAG(s) 'example_sensors' retrieved from /home/airflow/.local/lib/python3.8/site-packages/airflow/example_dags/example_sensors.py
[2025-11-06T12:33:43.047+0000] {logging_mixin.py:188} INFO - [2025-11-06T12:33:43.046+0000] {dag.py:3036} INFO - Sync 1 DAGs
[2025-11-06T12:33:43.166+0000] {logging_mixin.py:188} INFO - [2025-11-06T12:33:43.155+0000] {dag.py:3823} INFO - Setting next_dagrun for example_sensors to None, run_after=None
[2025-11-06T12:33:43.412+0000] {processor.py:183} INFO - Processing /home/airflow/.local/lib/python3.8/site-packages/airflow/example_dags/example_sensors.py took 0.774 seconds
[2025-11-06T12:34:13.739+0000] {processor.py:161} INFO - Started process (PID=10431) to work on /home/airflow/.local/lib/python3.8/site-packages/airflow/example_dags/example_sensors.py
[2025-11-06T12:34:13.742+0000] {processor.py:830} INFO - Processing file /home/airflow/.local/lib/python3.8/site-packages/airflow/example_dags/example_sensors.py for tasks to queue
[2025-11-06T12:34:13.746+0000] {logging_mixin.py:188} INFO - [2025-11-06T12:34:13.745+0000] {dagbag.py:538} INFO - Filling up the DagBag from /home/airflow/.local/lib/python3.8/site-packages/airflow/example_dags/example_sensors.py
[2025-11-06T12:34:13.763+0000] {processor.py:840} INFO - DAG(s) 'example_sensors' retrieved from /home/airflow/.local/lib/python3.8/site-packages/airflow/example_dags/example_sensors.py
[2025-11-06T12:34:13.816+0000] {logging_mixin.py:188} INFO - [2025-11-06T12:34:13.816+0000] {dag.py:3036} INFO - Sync 1 DAGs
[2025-11-06T12:34:14.036+0000] {logging_mixin.py:188} INFO - [2025-11-06T12:34:14.036+0000] {dag.py:3823} INFO - Setting next_dagrun for example_sensors to None, run_after=None
[2025-11-06T12:34:14.071+0000] {processor.py:183} INFO - Processing /home/airflow/.local/lib/python3.8/site-packages/airflow/example_dags/example_sensors.py took 0.339 seconds
[2025-11-06T12:34:44.296+0000] {processor.py:161} INFO - Started process (PID=10485) to work on /home/airflow/.local/lib/python3.8/site-packages/airflow/example_dags/example_sensors.py
[2025-11-06T12:34:44.306+0000] {processor.py:830} INFO - Processing file /home/airflow/.local/lib/python3.8/site-packages/airflow/example_dags/example_sensors.py for tasks to queue
[2025-11-06T12:34:44.316+0000] {logging_mixin.py:188} INFO - [2025-11-06T12:34:44.313+0000] {dagbag.py:538} INFO - Filling up the DagBag from /home/airflow/.local/lib/python3.8/site-packages/airflow/example_dags/example_sensors.py
[2025-11-06T12:34:44.348+0000] {processor.py:840} INFO - DAG(s) 'example_sensors' retrieved from /home/airflow/.local/lib/python3.8/site-packages/airflow/example_dags/example_sensors.py
[2025-11-06T12:34:44.473+0000] {logging_mixin.py:188} INFO - [2025-11-06T12:34:44.469+0000] {dag.py:3036} INFO - Sync 1 DAGs
[2025-11-06T12:34:44.548+0000] {logging_mixin.py:188} INFO - [2025-11-06T12:34:44.547+0000] {dag.py:3823} INFO - Setting next_dagrun for example_sensors to None, run_after=None
[2025-11-06T12:34:44.629+0000] {processor.py:183} INFO - Processing /home/airflow/.local/lib/python3.8/site-packages/airflow/example_dags/example_sensors.py took 0.350 seconds
[2025-11-06T12:35:15.694+0000] {processor.py:161} INFO - Started process (PID=10540) to work on /home/airflow/.local/lib/python3.8/site-packages/airflow/example_dags/example_sensors.py
[2025-11-06T12:35:15.698+0000] {processor.py:830} INFO - Processing file /home/airflow/.local/lib/python3.8/site-packages/airflow/example_dags/example_sensors.py for tasks to queue
[2025-11-06T12:35:15.706+0000] {logging_mixin.py:188} INFO - [2025-11-06T12:35:15.705+0000] {dagbag.py:538} INFO - Filling up the DagBag from /home/airflow/.local/lib/python3.8/site-packages/airflow/example_dags/example_sensors.py
[2025-11-06T12:35:15.752+0000] {processor.py:840} INFO - DAG(s) 'example_sensors' retrieved from /home/airflow/.local/lib/python3.8/site-packages/airflow/example_dags/example_sensors.py
[2025-11-06T12:35:15.826+0000] {logging_mixin.py:188} INFO - [2025-11-06T12:35:15.826+0000] {dag.py:3036} INFO - Sync 1 DAGs
[2025-11-06T12:35:15.859+0000] {logging_mixin.py:188} INFO - [2025-11-06T12:35:15.858+0000] {dag.py:3823} INFO - Setting next_dagrun for example_sensors to None, run_after=None
[2025-11-06T12:35:15.911+0000] {processor.py:183} INFO - Processing /home/airflow/.local/lib/python3.8/site-packages/airflow/example_dags/example_sensors.py took 0.233 seconds
[2025-11-06T12:35:45.994+0000] {processor.py:161} INFO - Started process (PID=10592) to work on /home/airflow/.local/lib/python3.8/site-packages/airflow/example_dags/example_sensors.py
[2025-11-06T12:35:45.996+0000] {processor.py:830} INFO - Processing file /home/airflow/.local/lib/python3.8/site-packages/airflow/example_dags/example_sensors.py for tasks to queue
[2025-11-06T12:35:46.000+0000] {logging_mixin.py:188} INFO - [2025-11-06T12:35:45.999+0000] {dagbag.py:538} INFO - Filling up the DagBag from /home/airflow/.local/lib/python3.8/site-packages/airflow/example_dags/example_sensors.py
[2025-11-06T12:35:46.016+0000] {processor.py:840} INFO - DAG(s) 'example_sensors' retrieved from /home/airflow/.local/lib/python3.8/site-packages/airflow/example_dags/example_sensors.py
[2025-11-06T12:35:46.067+0000] {logging_mixin.py:188} INFO - [2025-11-06T12:35:46.067+0000] {dag.py:3036} INFO - Sync 1 DAGs
[2025-11-06T12:35:46.112+0000] {logging_mixin.py:188} INFO - [2025-11-06T12:35:46.111+0000] {dag.py:3823} INFO - Setting next_dagrun for example_sensors to None, run_after=None
[2025-11-06T12:35:46.165+0000] {processor.py:183} INFO - Processing /home/airflow/.local/lib/python3.8/site-packages/airflow/example_dags/example_sensors.py took 0.175 seconds
[2025-11-06T12:36:16.801+0000] {processor.py:161} INFO - Started process (PID=10647) to work on /home/airflow/.local/lib/python3.8/site-packages/airflow/example_dags/example_sensors.py
[2025-11-06T12:36:16.804+0000] {processor.py:830} INFO - Processing file /home/airflow/.local/lib/python3.8/site-packages/airflow/example_dags/example_sensors.py for tasks to queue
[2025-11-06T12:36:16.808+0000] {logging_mixin.py:188} INFO - [2025-11-06T12:36:16.808+0000] {dagbag.py:538} INFO - Filling up the DagBag from /home/airflow/.local/lib/python3.8/site-packages/airflow/example_dags/example_sensors.py
[2025-11-06T12:36:16.837+0000] {processor.py:840} INFO - DAG(s) 'example_sensors' retrieved from /home/airflow/.local/lib/python3.8/site-packages/airflow/example_dags/example_sensors.py
[2025-11-06T12:36:16.901+0000] {logging_mixin.py:188} INFO - [2025-11-06T12:36:16.901+0000] {dag.py:3036} INFO - Sync 1 DAGs
[2025-11-06T12:36:16.931+0000] {logging_mixin.py:188} INFO - [2025-11-06T12:36:16.930+0000] {dag.py:3823} INFO - Setting next_dagrun for example_sensors to None, run_after=None
[2025-11-06T12:36:17.011+0000] {processor.py:183} INFO - Processing /home/airflow/.local/lib/python3.8/site-packages/airflow/example_dags/example_sensors.py took 0.222 seconds
[2025-11-06T12:36:47.479+0000] {processor.py:161} INFO - Started process (PID=10703) to work on /home/airflow/.local/lib/python3.8/site-packages/airflow/example_dags/example_sensors.py
[2025-11-06T12:36:47.482+0000] {processor.py:830} INFO - Processing file /home/airflow/.local/lib/python3.8/site-packages/airflow/example_dags/example_sensors.py for tasks to queue
[2025-11-06T12:36:47.493+0000] {logging_mixin.py:188} INFO - [2025-11-06T12:36:47.489+0000] {dagbag.py:538} INFO - Filling up the DagBag from /home/airflow/.local/lib/python3.8/site-packages/airflow/example_dags/example_sensors.py
[2025-11-06T12:36:47.540+0000] {processor.py:840} INFO - DAG(s) 'example_sensors' retrieved from /home/airflow/.local/lib/python3.8/site-packages/airflow/example_dags/example_sensors.py
[2025-11-06T12:36:47.700+0000] {logging_mixin.py:188} INFO - [2025-11-06T12:36:47.699+0000] {dag.py:3036} INFO - Sync 1 DAGs
[2025-11-06T12:36:47.808+0000] {logging_mixin.py:188} INFO - [2025-11-06T12:36:47.807+0000] {dag.py:3823} INFO - Setting next_dagrun for example_sensors to None, run_after=None
[2025-11-06T12:36:47.895+0000] {processor.py:183} INFO - Processing /home/airflow/.local/lib/python3.8/site-packages/airflow/example_dags/example_sensors.py took 0.430 seconds
[2025-11-06T12:37:18.474+0000] {processor.py:161} INFO - Started process (PID=10757) to work on /home/airflow/.local/lib/python3.8/site-packages/airflow/example_dags/example_sensors.py
[2025-11-06T12:37:18.477+0000] {processor.py:830} INFO - Processing file /home/airflow/.local/lib/python3.8/site-packages/airflow/example_dags/example_sensors.py for tasks to queue
[2025-11-06T12:37:18.485+0000] {logging_mixin.py:188} INFO - [2025-11-06T12:37:18.484+0000] {dagbag.py:538} INFO - Filling up the DagBag from /home/airflow/.local/lib/python3.8/site-packages/airflow/example_dags/example_sensors.py
[2025-11-06T12:37:18.519+0000] {processor.py:840} INFO - DAG(s) 'example_sensors' retrieved from /home/airflow/.local/lib/python3.8/site-packages/airflow/example_dags/example_sensors.py
[2025-11-06T12:37:18.665+0000] {logging_mixin.py:188} INFO - [2025-11-06T12:37:18.664+0000] {dag.py:3036} INFO - Sync 1 DAGs
[2025-11-06T12:37:18.733+0000] {logging_mixin.py:188} INFO - [2025-11-06T12:37:18.732+0000] {dag.py:3823} INFO - Setting next_dagrun for example_sensors to None, run_after=None
[2025-11-06T12:37:18.838+0000] {processor.py:183} INFO - Processing /home/airflow/.local/lib/python3.8/site-packages/airflow/example_dags/example_sensors.py took 0.377 seconds
[2025-11-06T12:37:49.315+0000] {processor.py:161} INFO - Started process (PID=10813) to work on /home/airflow/.local/lib/python3.8/site-packages/airflow/example_dags/example_sensors.py
[2025-11-06T12:37:49.322+0000] {processor.py:830} INFO - Processing file /home/airflow/.local/lib/python3.8/site-packages/airflow/example_dags/example_sensors.py for tasks to queue
[2025-11-06T12:37:49.328+0000] {logging_mixin.py:188} INFO - [2025-11-06T12:37:49.327+0000] {dagbag.py:538} INFO - Filling up the DagBag from /home/airflow/.local/lib/python3.8/site-packages/airflow/example_dags/example_sensors.py
[2025-11-06T12:37:49.372+0000] {processor.py:840} INFO - DAG(s) 'example_sensors' retrieved from /home/airflow/.local/lib/python3.8/site-packages/airflow/example_dags/example_sensors.py
[2025-11-06T12:37:49.495+0000] {logging_mixin.py:188} INFO - [2025-11-06T12:37:49.494+0000] {dag.py:3036} INFO - Sync 1 DAGs
[2025-11-06T12:37:49.585+0000] {logging_mixin.py:188} INFO - [2025-11-06T12:37:49.584+0000] {dag.py:3823} INFO - Setting next_dagrun for example_sensors to None, run_after=None
[2025-11-06T12:37:49.706+0000] {processor.py:183} INFO - Processing /home/airflow/.local/lib/python3.8/site-packages/airflow/example_dags/example_sensors.py took 0.403 seconds
[2025-11-06T12:38:20.422+0000] {processor.py:161} INFO - Started process (PID=10868) to work on /home/airflow/.local/lib/python3.8/site-packages/airflow/example_dags/example_sensors.py
[2025-11-06T12:38:20.425+0000] {processor.py:830} INFO - Processing file /home/airflow/.local/lib/python3.8/site-packages/airflow/example_dags/example_sensors.py for tasks to queue
[2025-11-06T12:38:20.428+0000] {logging_mixin.py:188} INFO - [2025-11-06T12:38:20.428+0000] {dagbag.py:538} INFO - Filling up the DagBag from /home/airflow/.local/lib/python3.8/site-packages/airflow/example_dags/example_sensors.py
[2025-11-06T12:38:20.441+0000] {processor.py:840} INFO - DAG(s) 'example_sensors' retrieved from /home/airflow/.local/lib/python3.8/site-packages/airflow/example_dags/example_sensors.py
[2025-11-06T12:38:20.479+0000] {logging_mixin.py:188} INFO - [2025-11-06T12:38:20.479+0000] {dag.py:3036} INFO - Sync 1 DAGs
[2025-11-06T12:38:20.497+0000] {logging_mixin.py:188} INFO - [2025-11-06T12:38:20.497+0000] {dag.py:3823} INFO - Setting next_dagrun for example_sensors to None, run_after=None
[2025-11-06T12:38:20.531+0000] {processor.py:183} INFO - Processing /home/airflow/.local/lib/python3.8/site-packages/airflow/example_dags/example_sensors.py took 0.113 seconds
[2025-11-06T12:38:50.956+0000] {processor.py:161} INFO - Started process (PID=10923) to work on /home/airflow/.local/lib/python3.8/site-packages/airflow/example_dags/example_sensors.py
[2025-11-06T12:38:50.961+0000] {processor.py:830} INFO - Processing file /home/airflow/.local/lib/python3.8/site-packages/airflow/example_dags/example_sensors.py for tasks to queue
[2025-11-06T12:38:50.969+0000] {logging_mixin.py:188} INFO - [2025-11-06T12:38:50.968+0000] {dagbag.py:538} INFO - Filling up the DagBag from /home/airflow/.local/lib/python3.8/site-packages/airflow/example_dags/example_sensors.py
[2025-11-06T12:38:51.024+0000] {processor.py:840} INFO - DAG(s) 'example_sensors' retrieved from /home/airflow/.local/lib/python3.8/site-packages/airflow/example_dags/example_sensors.py
[2025-11-06T12:38:51.103+0000] {logging_mixin.py:188} INFO - [2025-11-06T12:38:51.103+0000] {dag.py:3036} INFO - Sync 1 DAGs
[2025-11-06T12:38:51.141+0000] {logging_mixin.py:188} INFO - [2025-11-06T12:38:51.140+0000] {dag.py:3823} INFO - Setting next_dagrun for example_sensors to None, run_after=None
[2025-11-06T12:38:51.195+0000] {processor.py:183} INFO - Processing /home/airflow/.local/lib/python3.8/site-packages/airflow/example_dags/example_sensors.py took 0.255 seconds
[2025-11-06T12:39:21.309+0000] {processor.py:161} INFO - Started process (PID=10975) to work on /home/airflow/.local/lib/python3.8/site-packages/airflow/example_dags/example_sensors.py
[2025-11-06T12:39:21.312+0000] {processor.py:830} INFO - Processing file /home/airflow/.local/lib/python3.8/site-packages/airflow/example_dags/example_sensors.py for tasks to queue
[2025-11-06T12:39:21.317+0000] {logging_mixin.py:188} INFO - [2025-11-06T12:39:21.316+0000] {dagbag.py:538} INFO - Filling up the DagBag from /home/airflow/.local/lib/python3.8/site-packages/airflow/example_dags/example_sensors.py
[2025-11-06T12:39:21.337+0000] {processor.py:840} INFO - DAG(s) 'example_sensors' retrieved from /home/airflow/.local/lib/python3.8/site-packages/airflow/example_dags/example_sensors.py
[2025-11-06T12:39:21.400+0000] {logging_mixin.py:188} INFO - [2025-11-06T12:39:21.400+0000] {dag.py:3036} INFO - Sync 1 DAGs
[2025-11-06T12:39:21.427+0000] {logging_mixin.py:188} INFO - [2025-11-06T12:39:21.427+0000] {dag.py:3823} INFO - Setting next_dagrun for example_sensors to None, run_after=None
[2025-11-06T12:39:21.494+0000] {processor.py:183} INFO - Processing /home/airflow/.local/lib/python3.8/site-packages/airflow/example_dags/example_sensors.py took 0.194 seconds
[2025-11-06T12:39:52.808+0000] {processor.py:161} INFO - Started process (PID=11030) to work on /home/airflow/.local/lib/python3.8/site-packages/airflow/example_dags/example_sensors.py
[2025-11-06T12:39:52.826+0000] {processor.py:830} INFO - Processing file /home/airflow/.local/lib/python3.8/site-packages/airflow/example_dags/example_sensors.py for tasks to queue
[2025-11-06T12:39:52.854+0000] {logging_mixin.py:188} INFO - [2025-11-06T12:39:52.841+0000] {dagbag.py:538} INFO - Filling up the DagBag from /home/airflow/.local/lib/python3.8/site-packages/airflow/example_dags/example_sensors.py
[2025-11-06T12:39:52.967+0000] {processor.py:840} INFO - DAG(s) 'example_sensors' retrieved from /home/airflow/.local/lib/python3.8/site-packages/airflow/example_dags/example_sensors.py
[2025-11-06T12:39:53.272+0000] {logging_mixin.py:188} INFO - [2025-11-06T12:39:53.272+0000] {dag.py:3036} INFO - Sync 1 DAGs
[2025-11-06T12:39:53.532+0000] {logging_mixin.py:188} INFO - [2025-11-06T12:39:53.532+0000] {dag.py:3823} INFO - Setting next_dagrun for example_sensors to None, run_after=None
[2025-11-06T12:39:53.750+0000] {processor.py:183} INFO - Processing /home/airflow/.local/lib/python3.8/site-packages/airflow/example_dags/example_sensors.py took 0.984 seconds
[2025-11-06T12:40:24.941+0000] {processor.py:161} INFO - Started process (PID=11086) to work on /home/airflow/.local/lib/python3.8/site-packages/airflow/example_dags/example_sensors.py
[2025-11-06T12:40:24.946+0000] {processor.py:830} INFO - Processing file /home/airflow/.local/lib/python3.8/site-packages/airflow/example_dags/example_sensors.py for tasks to queue
[2025-11-06T12:40:24.975+0000] {logging_mixin.py:188} INFO - [2025-11-06T12:40:24.974+0000] {dagbag.py:538} INFO - Filling up the DagBag from /home/airflow/.local/lib/python3.8/site-packages/airflow/example_dags/example_sensors.py
[2025-11-06T12:40:25.053+0000] {processor.py:840} INFO - DAG(s) 'example_sensors' retrieved from /home/airflow/.local/lib/python3.8/site-packages/airflow/example_dags/example_sensors.py
[2025-11-06T12:40:25.272+0000] {logging_mixin.py:188} INFO - [2025-11-06T12:40:25.272+0000] {dag.py:3036} INFO - Sync 1 DAGs
[2025-11-06T12:40:25.481+0000] {logging_mixin.py:188} INFO - [2025-11-06T12:40:25.480+0000] {dag.py:3823} INFO - Setting next_dagrun for example_sensors to None, run_after=None
[2025-11-06T12:40:25.697+0000] {processor.py:183} INFO - Processing /home/airflow/.local/lib/python3.8/site-packages/airflow/example_dags/example_sensors.py took 0.776 seconds
[2025-11-06T12:40:56.542+0000] {processor.py:161} INFO - Started process (PID=11141) to work on /home/airflow/.local/lib/python3.8/site-packages/airflow/example_dags/example_sensors.py
[2025-11-06T12:40:56.554+0000] {processor.py:830} INFO - Processing file /home/airflow/.local/lib/python3.8/site-packages/airflow/example_dags/example_sensors.py for tasks to queue
[2025-11-06T12:40:56.565+0000] {logging_mixin.py:188} INFO - [2025-11-06T12:40:56.564+0000] {dagbag.py:538} INFO - Filling up the DagBag from /home/airflow/.local/lib/python3.8/site-packages/airflow/example_dags/example_sensors.py
[2025-11-06T12:40:56.627+0000] {processor.py:840} INFO - DAG(s) 'example_sensors' retrieved from /home/airflow/.local/lib/python3.8/site-packages/airflow/example_dags/example_sensors.py
[2025-11-06T12:40:56.785+0000] {logging_mixin.py:188} INFO - [2025-11-06T12:40:56.784+0000] {dag.py:3036} INFO - Sync 1 DAGs
[2025-11-06T12:40:56.874+0000] {logging_mixin.py:188} INFO - [2025-11-06T12:40:56.874+0000] {dag.py:3823} INFO - Setting next_dagrun for example_sensors to None, run_after=None
[2025-11-06T12:40:56.991+0000] {processor.py:183} INFO - Processing /home/airflow/.local/lib/python3.8/site-packages/airflow/example_dags/example_sensors.py took 0.464 seconds
[2025-11-06T12:41:27.178+0000] {processor.py:161} INFO - Started process (PID=11195) to work on /home/airflow/.local/lib/python3.8/site-packages/airflow/example_dags/example_sensors.py
[2025-11-06T12:41:27.180+0000] {processor.py:830} INFO - Processing file /home/airflow/.local/lib/python3.8/site-packages/airflow/example_dags/example_sensors.py for tasks to queue
[2025-11-06T12:41:27.183+0000] {logging_mixin.py:188} INFO - [2025-11-06T12:41:27.183+0000] {dagbag.py:538} INFO - Filling up the DagBag from /home/airflow/.local/lib/python3.8/site-packages/airflow/example_dags/example_sensors.py
[2025-11-06T12:41:27.202+0000] {processor.py:840} INFO - DAG(s) 'example_sensors' retrieved from /home/airflow/.local/lib/python3.8/site-packages/airflow/example_dags/example_sensors.py
[2025-11-06T12:41:27.301+0000] {logging_mixin.py:188} INFO - [2025-11-06T12:41:27.292+0000] {dag.py:3036} INFO - Sync 1 DAGs
[2025-11-06T12:41:27.416+0000] {logging_mixin.py:188} INFO - [2025-11-06T12:41:27.415+0000] {dag.py:3823} INFO - Setting next_dagrun for example_sensors to None, run_after=None
[2025-11-06T12:41:27.512+0000] {processor.py:183} INFO - Processing /home/airflow/.local/lib/python3.8/site-packages/airflow/example_dags/example_sensors.py took 0.342 seconds
[2025-11-06T12:41:57.923+0000] {processor.py:161} INFO - Started process (PID=11250) to work on /home/airflow/.local/lib/python3.8/site-packages/airflow/example_dags/example_sensors.py
[2025-11-06T12:41:57.928+0000] {processor.py:830} INFO - Processing file /home/airflow/.local/lib/python3.8/site-packages/airflow/example_dags/example_sensors.py for tasks to queue
[2025-11-06T12:41:57.971+0000] {logging_mixin.py:188} INFO - [2025-11-06T12:41:57.970+0000] {dagbag.py:538} INFO - Filling up the DagBag from /home/airflow/.local/lib/python3.8/site-packages/airflow/example_dags/example_sensors.py
[2025-11-06T12:41:58.069+0000] {processor.py:840} INFO - DAG(s) 'example_sensors' retrieved from /home/airflow/.local/lib/python3.8/site-packages/airflow/example_dags/example_sensors.py
[2025-11-06T12:41:58.295+0000] {logging_mixin.py:188} INFO - [2025-11-06T12:41:58.294+0000] {dag.py:3036} INFO - Sync 1 DAGs
[2025-11-06T12:41:58.351+0000] {logging_mixin.py:188} INFO - [2025-11-06T12:41:58.351+0000] {dag.py:3823} INFO - Setting next_dagrun for example_sensors to None, run_after=None
[2025-11-06T12:41:58.449+0000] {processor.py:183} INFO - Processing /home/airflow/.local/lib/python3.8/site-packages/airflow/example_dags/example_sensors.py took 0.572 seconds
[2025-11-06T12:42:28.724+0000] {processor.py:161} INFO - Started process (PID=11305) to work on /home/airflow/.local/lib/python3.8/site-packages/airflow/example_dags/example_sensors.py
[2025-11-06T12:42:28.728+0000] {processor.py:830} INFO - Processing file /home/airflow/.local/lib/python3.8/site-packages/airflow/example_dags/example_sensors.py for tasks to queue
[2025-11-06T12:42:28.732+0000] {logging_mixin.py:188} INFO - [2025-11-06T12:42:28.732+0000] {dagbag.py:538} INFO - Filling up the DagBag from /home/airflow/.local/lib/python3.8/site-packages/airflow/example_dags/example_sensors.py
[2025-11-06T12:42:28.758+0000] {processor.py:840} INFO - DAG(s) 'example_sensors' retrieved from /home/airflow/.local/lib/python3.8/site-packages/airflow/example_dags/example_sensors.py
[2025-11-06T12:42:28.815+0000] {logging_mixin.py:188} INFO - [2025-11-06T12:42:28.815+0000] {dag.py:3036} INFO - Sync 1 DAGs
[2025-11-06T12:42:28.836+0000] {logging_mixin.py:188} INFO - [2025-11-06T12:42:28.835+0000] {dag.py:3823} INFO - Setting next_dagrun for example_sensors to None, run_after=None
[2025-11-06T12:42:28.865+0000] {processor.py:183} INFO - Processing /home/airflow/.local/lib/python3.8/site-packages/airflow/example_dags/example_sensors.py took 0.150 seconds
[2025-11-06T12:42:59.175+0000] {processor.py:161} INFO - Started process (PID=11360) to work on /home/airflow/.local/lib/python3.8/site-packages/airflow/example_dags/example_sensors.py
[2025-11-06T12:42:59.178+0000] {processor.py:830} INFO - Processing file /home/airflow/.local/lib/python3.8/site-packages/airflow/example_dags/example_sensors.py for tasks to queue
[2025-11-06T12:42:59.181+0000] {logging_mixin.py:188} INFO - [2025-11-06T12:42:59.181+0000] {dagbag.py:538} INFO - Filling up the DagBag from /home/airflow/.local/lib/python3.8/site-packages/airflow/example_dags/example_sensors.py
[2025-11-06T12:42:59.198+0000] {processor.py:840} INFO - DAG(s) 'example_sensors' retrieved from /home/airflow/.local/lib/python3.8/site-packages/airflow/example_dags/example_sensors.py
[2025-11-06T12:42:59.241+0000] {logging_mixin.py:188} INFO - [2025-11-06T12:42:59.240+0000] {dag.py:3036} INFO - Sync 1 DAGs
[2025-11-06T12:42:59.262+0000] {logging_mixin.py:188} INFO - [2025-11-06T12:42:59.261+0000] {dag.py:3823} INFO - Setting next_dagrun for example_sensors to None, run_after=None
[2025-11-06T12:42:59.298+0000] {processor.py:183} INFO - Processing /home/airflow/.local/lib/python3.8/site-packages/airflow/example_dags/example_sensors.py took 0.130 seconds
[2025-11-06T12:43:29.904+0000] {processor.py:161} INFO - Started process (PID=11415) to work on /home/airflow/.local/lib/python3.8/site-packages/airflow/example_dags/example_sensors.py
[2025-11-06T12:43:29.907+0000] {processor.py:830} INFO - Processing file /home/airflow/.local/lib/python3.8/site-packages/airflow/example_dags/example_sensors.py for tasks to queue
[2025-11-06T12:43:29.924+0000] {logging_mixin.py:188} INFO - [2025-11-06T12:43:29.923+0000] {dagbag.py:538} INFO - Filling up the DagBag from /home/airflow/.local/lib/python3.8/site-packages/airflow/example_dags/example_sensors.py
[2025-11-06T12:43:30.041+0000] {processor.py:840} INFO - DAG(s) 'example_sensors' retrieved from /home/airflow/.local/lib/python3.8/site-packages/airflow/example_dags/example_sensors.py
[2025-11-06T12:43:30.296+0000] {logging_mixin.py:188} INFO - [2025-11-06T12:43:30.295+0000] {dag.py:3036} INFO - Sync 1 DAGs
[2025-11-06T12:43:30.406+0000] {logging_mixin.py:188} INFO - [2025-11-06T12:43:30.394+0000] {dag.py:3823} INFO - Setting next_dagrun for example_sensors to None, run_after=None
[2025-11-06T12:43:30.520+0000] {processor.py:183} INFO - Processing /home/airflow/.local/lib/python3.8/site-packages/airflow/example_dags/example_sensors.py took 0.658 seconds
[2025-11-06T12:44:01.314+0000] {processor.py:161} INFO - Started process (PID=11470) to work on /home/airflow/.local/lib/python3.8/site-packages/airflow/example_dags/example_sensors.py
[2025-11-06T12:44:01.317+0000] {processor.py:830} INFO - Processing file /home/airflow/.local/lib/python3.8/site-packages/airflow/example_dags/example_sensors.py for tasks to queue
[2025-11-06T12:44:01.322+0000] {logging_mixin.py:188} INFO - [2025-11-06T12:44:01.322+0000] {dagbag.py:538} INFO - Filling up the DagBag from /home/airflow/.local/lib/python3.8/site-packages/airflow/example_dags/example_sensors.py
[2025-11-06T12:44:01.350+0000] {processor.py:840} INFO - DAG(s) 'example_sensors' retrieved from /home/airflow/.local/lib/python3.8/site-packages/airflow/example_dags/example_sensors.py
[2025-11-06T12:44:01.420+0000] {logging_mixin.py:188} INFO - [2025-11-06T12:44:01.419+0000] {dag.py:3036} INFO - Sync 1 DAGs
[2025-11-06T12:44:01.460+0000] {logging_mixin.py:188} INFO - [2025-11-06T12:44:01.459+0000] {dag.py:3823} INFO - Setting next_dagrun for example_sensors to None, run_after=None
[2025-11-06T12:44:01.509+0000] {processor.py:183} INFO - Processing /home/airflow/.local/lib/python3.8/site-packages/airflow/example_dags/example_sensors.py took 0.205 seconds
[2025-11-06T12:44:32.260+0000] {processor.py:161} INFO - Started process (PID=11525) to work on /home/airflow/.local/lib/python3.8/site-packages/airflow/example_dags/example_sensors.py
[2025-11-06T12:44:32.280+0000] {processor.py:830} INFO - Processing file /home/airflow/.local/lib/python3.8/site-packages/airflow/example_dags/example_sensors.py for tasks to queue
[2025-11-06T12:44:32.290+0000] {logging_mixin.py:188} INFO - [2025-11-06T12:44:32.289+0000] {dagbag.py:538} INFO - Filling up the DagBag from /home/airflow/.local/lib/python3.8/site-packages/airflow/example_dags/example_sensors.py
[2025-11-06T12:44:32.362+0000] {processor.py:840} INFO - DAG(s) 'example_sensors' retrieved from /home/airflow/.local/lib/python3.8/site-packages/airflow/example_dags/example_sensors.py
[2025-11-06T12:44:32.503+0000] {logging_mixin.py:188} INFO - [2025-11-06T12:44:32.501+0000] {dag.py:3036} INFO - Sync 1 DAGs
[2025-11-06T12:44:32.575+0000] {logging_mixin.py:188} INFO - [2025-11-06T12:44:32.575+0000] {dag.py:3823} INFO - Setting next_dagrun for example_sensors to None, run_after=None
[2025-11-06T12:44:32.717+0000] {processor.py:183} INFO - Processing /home/airflow/.local/lib/python3.8/site-packages/airflow/example_dags/example_sensors.py took 0.490 seconds
[2025-11-06T12:45:03.394+0000] {processor.py:161} INFO - Started process (PID=11580) to work on /home/airflow/.local/lib/python3.8/site-packages/airflow/example_dags/example_sensors.py
[2025-11-06T12:45:03.397+0000] {processor.py:830} INFO - Processing file /home/airflow/.local/lib/python3.8/site-packages/airflow/example_dags/example_sensors.py for tasks to queue
[2025-11-06T12:45:03.400+0000] {logging_mixin.py:188} INFO - [2025-11-06T12:45:03.400+0000] {dagbag.py:538} INFO - Filling up the DagBag from /home/airflow/.local/lib/python3.8/site-packages/airflow/example_dags/example_sensors.py
[2025-11-06T12:45:03.415+0000] {processor.py:840} INFO - DAG(s) 'example_sensors' retrieved from /home/airflow/.local/lib/python3.8/site-packages/airflow/example_dags/example_sensors.py
[2025-11-06T12:45:03.494+0000] {logging_mixin.py:188} INFO - [2025-11-06T12:45:03.493+0000] {dag.py:3036} INFO - Sync 1 DAGs
[2025-11-06T12:45:03.573+0000] {logging_mixin.py:188} INFO - [2025-11-06T12:45:03.572+0000] {dag.py:3823} INFO - Setting next_dagrun for example_sensors to None, run_after=None
[2025-11-06T12:45:03.737+0000] {processor.py:183} INFO - Processing /home/airflow/.local/lib/python3.8/site-packages/airflow/example_dags/example_sensors.py took 0.350 seconds
[2025-11-06T12:45:34.239+0000] {processor.py:161} INFO - Started process (PID=11635) to work on /home/airflow/.local/lib/python3.8/site-packages/airflow/example_dags/example_sensors.py
[2025-11-06T12:45:34.248+0000] {processor.py:830} INFO - Processing file /home/airflow/.local/lib/python3.8/site-packages/airflow/example_dags/example_sensors.py for tasks to queue
[2025-11-06T12:45:34.264+0000] {logging_mixin.py:188} INFO - [2025-11-06T12:45:34.263+0000] {dagbag.py:538} INFO - Filling up the DagBag from /home/airflow/.local/lib/python3.8/site-packages/airflow/example_dags/example_sensors.py
[2025-11-06T12:45:34.330+0000] {processor.py:840} INFO - DAG(s) 'example_sensors' retrieved from /home/airflow/.local/lib/python3.8/site-packages/airflow/example_dags/example_sensors.py
[2025-11-06T12:45:34.493+0000] {logging_mixin.py:188} INFO - [2025-11-06T12:45:34.492+0000] {dag.py:3036} INFO - Sync 1 DAGs
[2025-11-06T12:45:34.586+0000] {logging_mixin.py:188} INFO - [2025-11-06T12:45:34.586+0000] {dag.py:3823} INFO - Setting next_dagrun for example_sensors to None, run_after=None
[2025-11-06T12:45:34.671+0000] {processor.py:183} INFO - Processing /home/airflow/.local/lib/python3.8/site-packages/airflow/example_dags/example_sensors.py took 0.453 seconds
[2025-11-06T12:46:05.447+0000] {processor.py:161} INFO - Started process (PID=11690) to work on /home/airflow/.local/lib/python3.8/site-packages/airflow/example_dags/example_sensors.py
[2025-11-06T12:46:05.449+0000] {processor.py:830} INFO - Processing file /home/airflow/.local/lib/python3.8/site-packages/airflow/example_dags/example_sensors.py for tasks to queue
[2025-11-06T12:46:05.454+0000] {logging_mixin.py:188} INFO - [2025-11-06T12:46:05.453+0000] {dagbag.py:538} INFO - Filling up the DagBag from /home/airflow/.local/lib/python3.8/site-packages/airflow/example_dags/example_sensors.py
[2025-11-06T12:46:05.480+0000] {processor.py:840} INFO - DAG(s) 'example_sensors' retrieved from /home/airflow/.local/lib/python3.8/site-packages/airflow/example_dags/example_sensors.py
[2025-11-06T12:46:05.548+0000] {logging_mixin.py:188} INFO - [2025-11-06T12:46:05.547+0000] {dag.py:3036} INFO - Sync 1 DAGs
[2025-11-06T12:46:05.591+0000] {logging_mixin.py:188} INFO - [2025-11-06T12:46:05.590+0000] {dag.py:3823} INFO - Setting next_dagrun for example_sensors to None, run_after=None
[2025-11-06T12:46:05.657+0000] {processor.py:183} INFO - Processing /home/airflow/.local/lib/python3.8/site-packages/airflow/example_dags/example_sensors.py took 0.221 seconds
[2025-11-06T12:46:35.804+0000] {processor.py:161} INFO - Started process (PID=11744) to work on /home/airflow/.local/lib/python3.8/site-packages/airflow/example_dags/example_sensors.py
[2025-11-06T12:46:35.805+0000] {processor.py:830} INFO - Processing file /home/airflow/.local/lib/python3.8/site-packages/airflow/example_dags/example_sensors.py for tasks to queue
[2025-11-06T12:46:35.808+0000] {logging_mixin.py:188} INFO - [2025-11-06T12:46:35.808+0000] {dagbag.py:538} INFO - Filling up the DagBag from /home/airflow/.local/lib/python3.8/site-packages/airflow/example_dags/example_sensors.py
[2025-11-06T12:46:35.822+0000] {processor.py:840} INFO - DAG(s) 'example_sensors' retrieved from /home/airflow/.local/lib/python3.8/site-packages/airflow/example_dags/example_sensors.py
[2025-11-06T12:46:35.863+0000] {logging_mixin.py:188} INFO - [2025-11-06T12:46:35.863+0000] {dag.py:3036} INFO - Sync 1 DAGs
[2025-11-06T12:46:35.882+0000] {logging_mixin.py:188} INFO - [2025-11-06T12:46:35.881+0000] {dag.py:3823} INFO - Setting next_dagrun for example_sensors to None, run_after=None
[2025-11-06T12:46:35.927+0000] {processor.py:183} INFO - Processing /home/airflow/.local/lib/python3.8/site-packages/airflow/example_dags/example_sensors.py took 0.129 seconds
[2025-11-06T12:47:06.520+0000] {processor.py:161} INFO - Started process (PID=11799) to work on /home/airflow/.local/lib/python3.8/site-packages/airflow/example_dags/example_sensors.py
[2025-11-06T12:47:06.524+0000] {processor.py:830} INFO - Processing file /home/airflow/.local/lib/python3.8/site-packages/airflow/example_dags/example_sensors.py for tasks to queue
[2025-11-06T12:47:06.528+0000] {logging_mixin.py:188} INFO - [2025-11-06T12:47:06.528+0000] {dagbag.py:538} INFO - Filling up the DagBag from /home/airflow/.local/lib/python3.8/site-packages/airflow/example_dags/example_sensors.py
[2025-11-06T12:47:06.553+0000] {processor.py:840} INFO - DAG(s) 'example_sensors' retrieved from /home/airflow/.local/lib/python3.8/site-packages/airflow/example_dags/example_sensors.py
[2025-11-06T12:47:06.618+0000] {logging_mixin.py:188} INFO - [2025-11-06T12:47:06.617+0000] {dag.py:3036} INFO - Sync 1 DAGs
[2025-11-06T12:47:06.642+0000] {logging_mixin.py:188} INFO - [2025-11-06T12:47:06.642+0000] {dag.py:3823} INFO - Setting next_dagrun for example_sensors to None, run_after=None
[2025-11-06T12:47:06.696+0000] {processor.py:183} INFO - Processing /home/airflow/.local/lib/python3.8/site-packages/airflow/example_dags/example_sensors.py took 0.187 seconds
[2025-11-06T12:47:36.885+0000] {processor.py:161} INFO - Started process (PID=11854) to work on /home/airflow/.local/lib/python3.8/site-packages/airflow/example_dags/example_sensors.py
[2025-11-06T12:47:36.888+0000] {processor.py:830} INFO - Processing file /home/airflow/.local/lib/python3.8/site-packages/airflow/example_dags/example_sensors.py for tasks to queue
[2025-11-06T12:47:36.894+0000] {logging_mixin.py:188} INFO - [2025-11-06T12:47:36.893+0000] {dagbag.py:538} INFO - Filling up the DagBag from /home/airflow/.local/lib/python3.8/site-packages/airflow/example_dags/example_sensors.py
[2025-11-06T12:47:36.923+0000] {processor.py:840} INFO - DAG(s) 'example_sensors' retrieved from /home/airflow/.local/lib/python3.8/site-packages/airflow/example_dags/example_sensors.py
[2025-11-06T12:47:36.988+0000] {logging_mixin.py:188} INFO - [2025-11-06T12:47:36.987+0000] {dag.py:3036} INFO - Sync 1 DAGs
[2025-11-06T12:47:37.025+0000] {logging_mixin.py:188} INFO - [2025-11-06T12:47:37.025+0000] {dag.py:3823} INFO - Setting next_dagrun for example_sensors to None, run_after=None
[2025-11-06T12:47:37.068+0000] {processor.py:183} INFO - Processing /home/airflow/.local/lib/python3.8/site-packages/airflow/example_dags/example_sensors.py took 0.192 seconds
[2025-11-06T12:48:07.176+0000] {processor.py:161} INFO - Started process (PID=11908) to work on /home/airflow/.local/lib/python3.8/site-packages/airflow/example_dags/example_sensors.py
[2025-11-06T12:48:07.177+0000] {processor.py:830} INFO - Processing file /home/airflow/.local/lib/python3.8/site-packages/airflow/example_dags/example_sensors.py for tasks to queue
[2025-11-06T12:48:07.180+0000] {logging_mixin.py:188} INFO - [2025-11-06T12:48:07.180+0000] {dagbag.py:538} INFO - Filling up the DagBag from /home/airflow/.local/lib/python3.8/site-packages/airflow/example_dags/example_sensors.py
[2025-11-06T12:48:07.193+0000] {processor.py:840} INFO - DAG(s) 'example_sensors' retrieved from /home/airflow/.local/lib/python3.8/site-packages/airflow/example_dags/example_sensors.py
[2025-11-06T12:48:07.226+0000] {logging_mixin.py:188} INFO - [2025-11-06T12:48:07.226+0000] {dag.py:3036} INFO - Sync 1 DAGs
[2025-11-06T12:48:07.242+0000] {logging_mixin.py:188} INFO - [2025-11-06T12:48:07.241+0000] {dag.py:3823} INFO - Setting next_dagrun for example_sensors to None, run_after=None
[2025-11-06T12:48:07.271+0000] {processor.py:183} INFO - Processing /home/airflow/.local/lib/python3.8/site-packages/airflow/example_dags/example_sensors.py took 0.100 seconds
[2025-11-06T12:48:37.399+0000] {processor.py:161} INFO - Started process (PID=11963) to work on /home/airflow/.local/lib/python3.8/site-packages/airflow/example_dags/example_sensors.py
[2025-11-06T12:48:37.402+0000] {processor.py:830} INFO - Processing file /home/airflow/.local/lib/python3.8/site-packages/airflow/example_dags/example_sensors.py for tasks to queue
[2025-11-06T12:48:37.406+0000] {logging_mixin.py:188} INFO - [2025-11-06T12:48:37.405+0000] {dagbag.py:538} INFO - Filling up the DagBag from /home/airflow/.local/lib/python3.8/site-packages/airflow/example_dags/example_sensors.py
[2025-11-06T12:48:37.422+0000] {processor.py:840} INFO - DAG(s) 'example_sensors' retrieved from /home/airflow/.local/lib/python3.8/site-packages/airflow/example_dags/example_sensors.py
[2025-11-06T12:48:37.473+0000] {logging_mixin.py:188} INFO - [2025-11-06T12:48:37.473+0000] {dag.py:3036} INFO - Sync 1 DAGs
[2025-11-06T12:48:37.495+0000] {logging_mixin.py:188} INFO - [2025-11-06T12:48:37.495+0000] {dag.py:3823} INFO - Setting next_dagrun for example_sensors to None, run_after=None
[2025-11-06T12:48:37.540+0000] {processor.py:183} INFO - Processing /home/airflow/.local/lib/python3.8/site-packages/airflow/example_dags/example_sensors.py took 0.148 seconds
[2025-11-06T12:49:08.404+0000] {processor.py:161} INFO - Started process (PID=12018) to work on /home/airflow/.local/lib/python3.8/site-packages/airflow/example_dags/example_sensors.py
[2025-11-06T12:49:08.407+0000] {processor.py:830} INFO - Processing file /home/airflow/.local/lib/python3.8/site-packages/airflow/example_dags/example_sensors.py for tasks to queue
[2025-11-06T12:49:08.413+0000] {logging_mixin.py:188} INFO - [2025-11-06T12:49:08.413+0000] {dagbag.py:538} INFO - Filling up the DagBag from /home/airflow/.local/lib/python3.8/site-packages/airflow/example_dags/example_sensors.py
[2025-11-06T12:49:08.437+0000] {processor.py:840} INFO - DAG(s) 'example_sensors' retrieved from /home/airflow/.local/lib/python3.8/site-packages/airflow/example_dags/example_sensors.py
[2025-11-06T12:49:08.498+0000] {logging_mixin.py:188} INFO - [2025-11-06T12:49:08.497+0000] {dag.py:3036} INFO - Sync 1 DAGs
[2025-11-06T12:49:08.522+0000] {logging_mixin.py:188} INFO - [2025-11-06T12:49:08.522+0000] {dag.py:3823} INFO - Setting next_dagrun for example_sensors to None, run_after=None
[2025-11-06T12:49:08.581+0000] {processor.py:183} INFO - Processing /home/airflow/.local/lib/python3.8/site-packages/airflow/example_dags/example_sensors.py took 0.186 seconds
[2025-11-06T12:49:38.908+0000] {processor.py:161} INFO - Started process (PID=12073) to work on /home/airflow/.local/lib/python3.8/site-packages/airflow/example_dags/example_sensors.py
[2025-11-06T12:49:38.910+0000] {processor.py:830} INFO - Processing file /home/airflow/.local/lib/python3.8/site-packages/airflow/example_dags/example_sensors.py for tasks to queue
[2025-11-06T12:49:38.915+0000] {logging_mixin.py:188} INFO - [2025-11-06T12:49:38.914+0000] {dagbag.py:538} INFO - Filling up the DagBag from /home/airflow/.local/lib/python3.8/site-packages/airflow/example_dags/example_sensors.py
[2025-11-06T12:49:38.936+0000] {processor.py:840} INFO - DAG(s) 'example_sensors' retrieved from /home/airflow/.local/lib/python3.8/site-packages/airflow/example_dags/example_sensors.py
[2025-11-06T12:49:39.001+0000] {logging_mixin.py:188} INFO - [2025-11-06T12:49:39.001+0000] {dag.py:3036} INFO - Sync 1 DAGs
[2025-11-06T12:49:39.052+0000] {logging_mixin.py:188} INFO - [2025-11-06T12:49:39.051+0000] {dag.py:3823} INFO - Setting next_dagrun for example_sensors to None, run_after=None
[2025-11-06T12:49:39.112+0000] {processor.py:183} INFO - Processing /home/airflow/.local/lib/python3.8/site-packages/airflow/example_dags/example_sensors.py took 0.214 seconds
[2025-11-06T12:50:09.477+0000] {processor.py:161} INFO - Started process (PID=12128) to work on /home/airflow/.local/lib/python3.8/site-packages/airflow/example_dags/example_sensors.py
[2025-11-06T12:50:09.480+0000] {processor.py:830} INFO - Processing file /home/airflow/.local/lib/python3.8/site-packages/airflow/example_dags/example_sensors.py for tasks to queue
[2025-11-06T12:50:09.487+0000] {logging_mixin.py:188} INFO - [2025-11-06T12:50:09.486+0000] {dagbag.py:538} INFO - Filling up the DagBag from /home/airflow/.local/lib/python3.8/site-packages/airflow/example_dags/example_sensors.py
[2025-11-06T12:50:09.531+0000] {processor.py:840} INFO - DAG(s) 'example_sensors' retrieved from /home/airflow/.local/lib/python3.8/site-packages/airflow/example_dags/example_sensors.py
[2025-11-06T12:50:09.595+0000] {logging_mixin.py:188} INFO - [2025-11-06T12:50:09.594+0000] {dag.py:3036} INFO - Sync 1 DAGs
[2025-11-06T12:50:09.622+0000] {logging_mixin.py:188} INFO - [2025-11-06T12:50:09.621+0000] {dag.py:3823} INFO - Setting next_dagrun for example_sensors to None, run_after=None
[2025-11-06T12:50:09.661+0000] {processor.py:183} INFO - Processing /home/airflow/.local/lib/python3.8/site-packages/airflow/example_dags/example_sensors.py took 0.194 seconds
[2025-11-06T12:50:39.879+0000] {processor.py:161} INFO - Started process (PID=12183) to work on /home/airflow/.local/lib/python3.8/site-packages/airflow/example_dags/example_sensors.py
[2025-11-06T12:50:39.881+0000] {processor.py:830} INFO - Processing file /home/airflow/.local/lib/python3.8/site-packages/airflow/example_dags/example_sensors.py for tasks to queue
[2025-11-06T12:50:39.885+0000] {logging_mixin.py:188} INFO - [2025-11-06T12:50:39.885+0000] {dagbag.py:538} INFO - Filling up the DagBag from /home/airflow/.local/lib/python3.8/site-packages/airflow/example_dags/example_sensors.py
[2025-11-06T12:50:39.905+0000] {processor.py:840} INFO - DAG(s) 'example_sensors' retrieved from /home/airflow/.local/lib/python3.8/site-packages/airflow/example_dags/example_sensors.py
[2025-11-06T12:50:39.950+0000] {logging_mixin.py:188} INFO - [2025-11-06T12:50:39.950+0000] {dag.py:3036} INFO - Sync 1 DAGs
[2025-11-06T12:50:39.973+0000] {logging_mixin.py:188} INFO - [2025-11-06T12:50:39.973+0000] {dag.py:3823} INFO - Setting next_dagrun for example_sensors to None, run_after=None
[2025-11-06T12:50:40.012+0000] {processor.py:183} INFO - Processing /home/airflow/.local/lib/python3.8/site-packages/airflow/example_dags/example_sensors.py took 0.141 seconds
[2025-11-06T12:51:10.108+0000] {processor.py:161} INFO - Started process (PID=12237) to work on /home/airflow/.local/lib/python3.8/site-packages/airflow/example_dags/example_sensors.py
[2025-11-06T12:51:10.110+0000] {processor.py:830} INFO - Processing file /home/airflow/.local/lib/python3.8/site-packages/airflow/example_dags/example_sensors.py for tasks to queue
[2025-11-06T12:51:10.113+0000] {logging_mixin.py:188} INFO - [2025-11-06T12:51:10.112+0000] {dagbag.py:538} INFO - Filling up the DagBag from /home/airflow/.local/lib/python3.8/site-packages/airflow/example_dags/example_sensors.py
[2025-11-06T12:51:10.131+0000] {processor.py:840} INFO - DAG(s) 'example_sensors' retrieved from /home/airflow/.local/lib/python3.8/site-packages/airflow/example_dags/example_sensors.py
[2025-11-06T12:51:10.180+0000] {logging_mixin.py:188} INFO - [2025-11-06T12:51:10.179+0000] {dag.py:3036} INFO - Sync 1 DAGs
[2025-11-06T12:51:10.209+0000] {logging_mixin.py:188} INFO - [2025-11-06T12:51:10.209+0000] {dag.py:3823} INFO - Setting next_dagrun for example_sensors to None, run_after=None
[2025-11-06T12:51:10.254+0000] {processor.py:183} INFO - Processing /home/airflow/.local/lib/python3.8/site-packages/airflow/example_dags/example_sensors.py took 0.152 seconds
[2025-11-06T12:51:40.658+0000] {processor.py:161} INFO - Started process (PID=12292) to work on /home/airflow/.local/lib/python3.8/site-packages/airflow/example_dags/example_sensors.py
[2025-11-06T12:51:40.660+0000] {processor.py:830} INFO - Processing file /home/airflow/.local/lib/python3.8/site-packages/airflow/example_dags/example_sensors.py for tasks to queue
[2025-11-06T12:51:40.663+0000] {logging_mixin.py:188} INFO - [2025-11-06T12:51:40.663+0000] {dagbag.py:538} INFO - Filling up the DagBag from /home/airflow/.local/lib/python3.8/site-packages/airflow/example_dags/example_sensors.py
[2025-11-06T12:51:40.675+0000] {processor.py:840} INFO - DAG(s) 'example_sensors' retrieved from /home/airflow/.local/lib/python3.8/site-packages/airflow/example_dags/example_sensors.py
[2025-11-06T12:51:40.711+0000] {logging_mixin.py:188} INFO - [2025-11-06T12:51:40.710+0000] {dag.py:3036} INFO - Sync 1 DAGs
[2025-11-06T12:51:40.729+0000] {logging_mixin.py:188} INFO - [2025-11-06T12:51:40.729+0000] {dag.py:3823} INFO - Setting next_dagrun for example_sensors to None, run_after=None
[2025-11-06T12:51:40.767+0000] {processor.py:183} INFO - Processing /home/airflow/.local/lib/python3.8/site-packages/airflow/example_dags/example_sensors.py took 0.114 seconds
[2025-11-06T12:52:11.963+0000] {processor.py:161} INFO - Started process (PID=12343) to work on /home/airflow/.local/lib/python3.8/site-packages/airflow/example_dags/example_sensors.py
[2025-11-06T12:52:11.966+0000] {processor.py:830} INFO - Processing file /home/airflow/.local/lib/python3.8/site-packages/airflow/example_dags/example_sensors.py for tasks to queue
[2025-11-06T12:52:11.981+0000] {logging_mixin.py:188} INFO - [2025-11-06T12:52:11.980+0000] {dagbag.py:538} INFO - Filling up the DagBag from /home/airflow/.local/lib/python3.8/site-packages/airflow/example_dags/example_sensors.py
[2025-11-06T12:52:12.043+0000] {processor.py:840} INFO - DAG(s) 'example_sensors' retrieved from /home/airflow/.local/lib/python3.8/site-packages/airflow/example_dags/example_sensors.py
[2025-11-06T12:52:12.183+0000] {logging_mixin.py:188} INFO - [2025-11-06T12:52:12.182+0000] {dag.py:3036} INFO - Sync 1 DAGs
[2025-11-06T12:52:12.269+0000] {logging_mixin.py:188} INFO - [2025-11-06T12:52:12.268+0000] {dag.py:3823} INFO - Setting next_dagrun for example_sensors to None, run_after=None
[2025-11-06T12:52:12.501+0000] {processor.py:183} INFO - Processing /home/airflow/.local/lib/python3.8/site-packages/airflow/example_dags/example_sensors.py took 0.557 seconds
[2025-11-06T12:52:43.421+0000] {processor.py:161} INFO - Started process (PID=12396) to work on /home/airflow/.local/lib/python3.8/site-packages/airflow/example_dags/example_sensors.py
[2025-11-06T12:52:43.424+0000] {processor.py:830} INFO - Processing file /home/airflow/.local/lib/python3.8/site-packages/airflow/example_dags/example_sensors.py for tasks to queue
[2025-11-06T12:52:43.438+0000] {logging_mixin.py:188} INFO - [2025-11-06T12:52:43.435+0000] {dagbag.py:538} INFO - Filling up the DagBag from /home/airflow/.local/lib/python3.8/site-packages/airflow/example_dags/example_sensors.py
[2025-11-06T12:52:43.483+0000] {processor.py:840} INFO - DAG(s) 'example_sensors' retrieved from /home/airflow/.local/lib/python3.8/site-packages/airflow/example_dags/example_sensors.py
[2025-11-06T12:52:43.603+0000] {logging_mixin.py:188} INFO - [2025-11-06T12:52:43.602+0000] {dag.py:3036} INFO - Sync 1 DAGs
[2025-11-06T12:52:43.641+0000] {logging_mixin.py:188} INFO - [2025-11-06T12:52:43.640+0000] {dag.py:3823} INFO - Setting next_dagrun for example_sensors to None, run_after=None
[2025-11-06T12:52:43.700+0000] {processor.py:183} INFO - Processing /home/airflow/.local/lib/python3.8/site-packages/airflow/example_dags/example_sensors.py took 0.304 seconds
[2025-11-06T12:53:15.234+0000] {processor.py:161} INFO - Started process (PID=12450) to work on /home/airflow/.local/lib/python3.8/site-packages/airflow/example_dags/example_sensors.py
[2025-11-06T12:53:15.238+0000] {processor.py:830} INFO - Processing file /home/airflow/.local/lib/python3.8/site-packages/airflow/example_dags/example_sensors.py for tasks to queue
[2025-11-06T12:53:15.255+0000] {logging_mixin.py:188} INFO - [2025-11-06T12:53:15.243+0000] {dagbag.py:538} INFO - Filling up the DagBag from /home/airflow/.local/lib/python3.8/site-packages/airflow/example_dags/example_sensors.py
[2025-11-06T12:53:15.317+0000] {processor.py:840} INFO - DAG(s) 'example_sensors' retrieved from /home/airflow/.local/lib/python3.8/site-packages/airflow/example_dags/example_sensors.py
[2025-11-06T12:53:15.516+0000] {logging_mixin.py:188} INFO - [2025-11-06T12:53:15.515+0000] {dag.py:3036} INFO - Sync 1 DAGs
[2025-11-06T12:53:15.628+0000] {logging_mixin.py:188} INFO - [2025-11-06T12:53:15.627+0000] {dag.py:3823} INFO - Setting next_dagrun for example_sensors to None, run_after=None
[2025-11-06T12:53:15.756+0000] {processor.py:183} INFO - Processing /home/airflow/.local/lib/python3.8/site-packages/airflow/example_dags/example_sensors.py took 0.547 seconds
[2025-11-06T12:53:46.279+0000] {processor.py:161} INFO - Started process (PID=12505) to work on /home/airflow/.local/lib/python3.8/site-packages/airflow/example_dags/example_sensors.py
[2025-11-06T12:53:46.325+0000] {processor.py:830} INFO - Processing file /home/airflow/.local/lib/python3.8/site-packages/airflow/example_dags/example_sensors.py for tasks to queue
[2025-11-06T12:53:46.362+0000] {logging_mixin.py:188} INFO - [2025-11-06T12:53:46.361+0000] {dagbag.py:538} INFO - Filling up the DagBag from /home/airflow/.local/lib/python3.8/site-packages/airflow/example_dags/example_sensors.py
[2025-11-06T12:53:46.428+0000] {processor.py:840} INFO - DAG(s) 'example_sensors' retrieved from /home/airflow/.local/lib/python3.8/site-packages/airflow/example_dags/example_sensors.py
[2025-11-06T12:53:46.697+0000] {logging_mixin.py:188} INFO - [2025-11-06T12:53:46.696+0000] {dag.py:3036} INFO - Sync 1 DAGs
[2025-11-06T12:53:46.860+0000] {logging_mixin.py:188} INFO - [2025-11-06T12:53:46.859+0000] {dag.py:3823} INFO - Setting next_dagrun for example_sensors to None, run_after=None
[2025-11-06T12:53:47.001+0000] {processor.py:183} INFO - Processing /home/airflow/.local/lib/python3.8/site-packages/airflow/example_dags/example_sensors.py took 0.741 seconds
[2025-11-06T12:54:17.603+0000] {processor.py:161} INFO - Started process (PID=12559) to work on /home/airflow/.local/lib/python3.8/site-packages/airflow/example_dags/example_sensors.py
[2025-11-06T12:54:17.621+0000] {processor.py:830} INFO - Processing file /home/airflow/.local/lib/python3.8/site-packages/airflow/example_dags/example_sensors.py for tasks to queue
[2025-11-06T12:54:17.632+0000] {logging_mixin.py:188} INFO - [2025-11-06T12:54:17.631+0000] {dagbag.py:538} INFO - Filling up the DagBag from /home/airflow/.local/lib/python3.8/site-packages/airflow/example_dags/example_sensors.py
[2025-11-06T12:54:17.716+0000] {processor.py:840} INFO - DAG(s) 'example_sensors' retrieved from /home/airflow/.local/lib/python3.8/site-packages/airflow/example_dags/example_sensors.py
[2025-11-06T12:54:17.963+0000] {logging_mixin.py:188} INFO - [2025-11-06T12:54:17.962+0000] {dag.py:3036} INFO - Sync 1 DAGs
[2025-11-06T12:54:18.172+0000] {logging_mixin.py:188} INFO - [2025-11-06T12:54:18.172+0000] {dag.py:3823} INFO - Setting next_dagrun for example_sensors to None, run_after=None
[2025-11-06T12:54:18.325+0000] {processor.py:183} INFO - Processing /home/airflow/.local/lib/python3.8/site-packages/airflow/example_dags/example_sensors.py took 0.752 seconds
[2025-11-06T12:54:48.590+0000] {processor.py:161} INFO - Started process (PID=12620) to work on /home/airflow/.local/lib/python3.8/site-packages/airflow/example_dags/example_sensors.py
[2025-11-06T12:54:48.592+0000] {processor.py:830} INFO - Processing file /home/airflow/.local/lib/python3.8/site-packages/airflow/example_dags/example_sensors.py for tasks to queue
[2025-11-06T12:54:48.603+0000] {logging_mixin.py:188} INFO - [2025-11-06T12:54:48.602+0000] {dagbag.py:538} INFO - Filling up the DagBag from /home/airflow/.local/lib/python3.8/site-packages/airflow/example_dags/example_sensors.py
[2025-11-06T12:54:48.635+0000] {processor.py:840} INFO - DAG(s) 'example_sensors' retrieved from /home/airflow/.local/lib/python3.8/site-packages/airflow/example_dags/example_sensors.py
[2025-11-06T12:54:48.724+0000] {logging_mixin.py:188} INFO - [2025-11-06T12:54:48.723+0000] {dag.py:3036} INFO - Sync 1 DAGs
[2025-11-06T12:54:48.774+0000] {logging_mixin.py:188} INFO - [2025-11-06T12:54:48.774+0000] {dag.py:3823} INFO - Setting next_dagrun for example_sensors to None, run_after=None
[2025-11-06T12:54:48.832+0000] {processor.py:183} INFO - Processing /home/airflow/.local/lib/python3.8/site-packages/airflow/example_dags/example_sensors.py took 0.255 seconds
[2025-11-06T12:55:18.986+0000] {processor.py:161} INFO - Started process (PID=12675) to work on /home/airflow/.local/lib/python3.8/site-packages/airflow/example_dags/example_sensors.py
[2025-11-06T12:55:18.993+0000] {processor.py:830} INFO - Processing file /home/airflow/.local/lib/python3.8/site-packages/airflow/example_dags/example_sensors.py for tasks to queue
[2025-11-06T12:55:18.999+0000] {logging_mixin.py:188} INFO - [2025-11-06T12:55:18.998+0000] {dagbag.py:538} INFO - Filling up the DagBag from /home/airflow/.local/lib/python3.8/site-packages/airflow/example_dags/example_sensors.py
[2025-11-06T12:55:19.035+0000] {processor.py:840} INFO - DAG(s) 'example_sensors' retrieved from /home/airflow/.local/lib/python3.8/site-packages/airflow/example_dags/example_sensors.py
[2025-11-06T12:55:19.150+0000] {logging_mixin.py:188} INFO - [2025-11-06T12:55:19.150+0000] {dag.py:3036} INFO - Sync 1 DAGs
[2025-11-06T12:55:19.197+0000] {logging_mixin.py:188} INFO - [2025-11-06T12:55:19.197+0000] {dag.py:3823} INFO - Setting next_dagrun for example_sensors to None, run_after=None
[2025-11-06T12:55:19.261+0000] {processor.py:183} INFO - Processing /home/airflow/.local/lib/python3.8/site-packages/airflow/example_dags/example_sensors.py took 0.285 seconds
[2025-11-06T12:55:49.688+0000] {processor.py:161} INFO - Started process (PID=12730) to work on /home/airflow/.local/lib/python3.8/site-packages/airflow/example_dags/example_sensors.py
[2025-11-06T12:55:49.696+0000] {processor.py:830} INFO - Processing file /home/airflow/.local/lib/python3.8/site-packages/airflow/example_dags/example_sensors.py for tasks to queue
[2025-11-06T12:55:49.703+0000] {logging_mixin.py:188} INFO - [2025-11-06T12:55:49.702+0000] {dagbag.py:538} INFO - Filling up the DagBag from /home/airflow/.local/lib/python3.8/site-packages/airflow/example_dags/example_sensors.py
[2025-11-06T12:55:49.762+0000] {processor.py:840} INFO - DAG(s) 'example_sensors' retrieved from /home/airflow/.local/lib/python3.8/site-packages/airflow/example_dags/example_sensors.py
[2025-11-06T12:55:49.885+0000] {logging_mixin.py:188} INFO - [2025-11-06T12:55:49.884+0000] {dag.py:3036} INFO - Sync 1 DAGs
[2025-11-06T12:55:49.938+0000] {logging_mixin.py:188} INFO - [2025-11-06T12:55:49.937+0000] {dag.py:3823} INFO - Setting next_dagrun for example_sensors to None, run_after=None
[2025-11-06T12:55:50.005+0000] {processor.py:183} INFO - Processing /home/airflow/.local/lib/python3.8/site-packages/airflow/example_dags/example_sensors.py took 0.350 seconds
[2025-11-06T12:56:20.395+0000] {processor.py:161} INFO - Started process (PID=12785) to work on /home/airflow/.local/lib/python3.8/site-packages/airflow/example_dags/example_sensors.py
[2025-11-06T12:56:20.398+0000] {processor.py:830} INFO - Processing file /home/airflow/.local/lib/python3.8/site-packages/airflow/example_dags/example_sensors.py for tasks to queue
[2025-11-06T12:56:20.401+0000] {logging_mixin.py:188} INFO - [2025-11-06T12:56:20.401+0000] {dagbag.py:538} INFO - Filling up the DagBag from /home/airflow/.local/lib/python3.8/site-packages/airflow/example_dags/example_sensors.py
[2025-11-06T12:56:20.422+0000] {processor.py:840} INFO - DAG(s) 'example_sensors' retrieved from /home/airflow/.local/lib/python3.8/site-packages/airflow/example_dags/example_sensors.py
[2025-11-06T12:56:20.475+0000] {logging_mixin.py:188} INFO - [2025-11-06T12:56:20.475+0000] {dag.py:3036} INFO - Sync 1 DAGs
[2025-11-06T12:56:20.498+0000] {logging_mixin.py:188} INFO - [2025-11-06T12:56:20.498+0000] {dag.py:3823} INFO - Setting next_dagrun for example_sensors to None, run_after=None
[2025-11-06T12:56:20.530+0000] {processor.py:183} INFO - Processing /home/airflow/.local/lib/python3.8/site-packages/airflow/example_dags/example_sensors.py took 0.143 seconds
[2025-11-06T12:56:50.871+0000] {processor.py:161} INFO - Started process (PID=12840) to work on /home/airflow/.local/lib/python3.8/site-packages/airflow/example_dags/example_sensors.py
[2025-11-06T12:56:50.874+0000] {processor.py:830} INFO - Processing file /home/airflow/.local/lib/python3.8/site-packages/airflow/example_dags/example_sensors.py for tasks to queue
[2025-11-06T12:56:50.878+0000] {logging_mixin.py:188} INFO - [2025-11-06T12:56:50.877+0000] {dagbag.py:538} INFO - Filling up the DagBag from /home/airflow/.local/lib/python3.8/site-packages/airflow/example_dags/example_sensors.py
[2025-11-06T12:56:50.901+0000] {processor.py:840} INFO - DAG(s) 'example_sensors' retrieved from /home/airflow/.local/lib/python3.8/site-packages/airflow/example_dags/example_sensors.py
[2025-11-06T12:56:50.952+0000] {logging_mixin.py:188} INFO - [2025-11-06T12:56:50.952+0000] {dag.py:3036} INFO - Sync 1 DAGs
[2025-11-06T12:56:50.975+0000] {logging_mixin.py:188} INFO - [2025-11-06T12:56:50.975+0000] {dag.py:3823} INFO - Setting next_dagrun for example_sensors to None, run_after=None
[2025-11-06T12:56:51.016+0000] {processor.py:183} INFO - Processing /home/airflow/.local/lib/python3.8/site-packages/airflow/example_dags/example_sensors.py took 0.153 seconds
[2025-11-06T12:57:21.234+0000] {processor.py:161} INFO - Started process (PID=12895) to work on /home/airflow/.local/lib/python3.8/site-packages/airflow/example_dags/example_sensors.py
[2025-11-06T12:57:21.236+0000] {processor.py:830} INFO - Processing file /home/airflow/.local/lib/python3.8/site-packages/airflow/example_dags/example_sensors.py for tasks to queue
[2025-11-06T12:57:21.239+0000] {logging_mixin.py:188} INFO - [2025-11-06T12:57:21.238+0000] {dagbag.py:538} INFO - Filling up the DagBag from /home/airflow/.local/lib/python3.8/site-packages/airflow/example_dags/example_sensors.py
[2025-11-06T12:57:21.252+0000] {processor.py:840} INFO - DAG(s) 'example_sensors' retrieved from /home/airflow/.local/lib/python3.8/site-packages/airflow/example_dags/example_sensors.py
[2025-11-06T12:57:21.286+0000] {logging_mixin.py:188} INFO - [2025-11-06T12:57:21.286+0000] {dag.py:3036} INFO - Sync 1 DAGs
[2025-11-06T12:57:21.304+0000] {logging_mixin.py:188} INFO - [2025-11-06T12:57:21.303+0000] {dag.py:3823} INFO - Setting next_dagrun for example_sensors to None, run_after=None
[2025-11-06T12:57:21.347+0000] {processor.py:183} INFO - Processing /home/airflow/.local/lib/python3.8/site-packages/airflow/example_dags/example_sensors.py took 0.118 seconds
[2025-11-06T12:57:51.608+0000] {processor.py:161} INFO - Started process (PID=12950) to work on /home/airflow/.local/lib/python3.8/site-packages/airflow/example_dags/example_sensors.py
[2025-11-06T12:57:51.610+0000] {processor.py:830} INFO - Processing file /home/airflow/.local/lib/python3.8/site-packages/airflow/example_dags/example_sensors.py for tasks to queue
[2025-11-06T12:57:51.613+0000] {logging_mixin.py:188} INFO - [2025-11-06T12:57:51.613+0000] {dagbag.py:538} INFO - Filling up the DagBag from /home/airflow/.local/lib/python3.8/site-packages/airflow/example_dags/example_sensors.py
[2025-11-06T12:57:51.634+0000] {processor.py:840} INFO - DAG(s) 'example_sensors' retrieved from /home/airflow/.local/lib/python3.8/site-packages/airflow/example_dags/example_sensors.py
[2025-11-06T12:57:51.703+0000] {logging_mixin.py:188} INFO - [2025-11-06T12:57:51.703+0000] {dag.py:3036} INFO - Sync 1 DAGs
[2025-11-06T12:57:51.750+0000] {logging_mixin.py:188} INFO - [2025-11-06T12:57:51.748+0000] {dag.py:3823} INFO - Setting next_dagrun for example_sensors to None, run_after=None
[2025-11-06T12:57:51.823+0000] {processor.py:183} INFO - Processing /home/airflow/.local/lib/python3.8/site-packages/airflow/example_dags/example_sensors.py took 0.223 seconds
[2025-11-06T12:58:21.990+0000] {processor.py:161} INFO - Started process (PID=13005) to work on /home/airflow/.local/lib/python3.8/site-packages/airflow/example_dags/example_sensors.py
[2025-11-06T12:58:21.991+0000] {processor.py:830} INFO - Processing file /home/airflow/.local/lib/python3.8/site-packages/airflow/example_dags/example_sensors.py for tasks to queue
[2025-11-06T12:58:21.995+0000] {logging_mixin.py:188} INFO - [2025-11-06T12:58:21.994+0000] {dagbag.py:538} INFO - Filling up the DagBag from /home/airflow/.local/lib/python3.8/site-packages/airflow/example_dags/example_sensors.py
[2025-11-06T12:58:22.006+0000] {processor.py:840} INFO - DAG(s) 'example_sensors' retrieved from /home/airflow/.local/lib/python3.8/site-packages/airflow/example_dags/example_sensors.py
[2025-11-06T12:58:22.041+0000] {logging_mixin.py:188} INFO - [2025-11-06T12:58:22.041+0000] {dag.py:3036} INFO - Sync 1 DAGs
[2025-11-06T12:58:22.058+0000] {logging_mixin.py:188} INFO - [2025-11-06T12:58:22.057+0000] {dag.py:3823} INFO - Setting next_dagrun for example_sensors to None, run_after=None
[2025-11-06T12:58:22.087+0000] {processor.py:183} INFO - Processing /home/airflow/.local/lib/python3.8/site-packages/airflow/example_dags/example_sensors.py took 0.102 seconds
[2025-11-06T12:58:52.231+0000] {processor.py:161} INFO - Started process (PID=13060) to work on /home/airflow/.local/lib/python3.8/site-packages/airflow/example_dags/example_sensors.py
[2025-11-06T12:58:52.236+0000] {processor.py:830} INFO - Processing file /home/airflow/.local/lib/python3.8/site-packages/airflow/example_dags/example_sensors.py for tasks to queue
[2025-11-06T12:58:52.242+0000] {logging_mixin.py:188} INFO - [2025-11-06T12:58:52.242+0000] {dagbag.py:538} INFO - Filling up the DagBag from /home/airflow/.local/lib/python3.8/site-packages/airflow/example_dags/example_sensors.py
[2025-11-06T12:58:52.278+0000] {processor.py:840} INFO - DAG(s) 'example_sensors' retrieved from /home/airflow/.local/lib/python3.8/site-packages/airflow/example_dags/example_sensors.py
[2025-11-06T12:58:52.366+0000] {logging_mixin.py:188} INFO - [2025-11-06T12:58:52.365+0000] {dag.py:3036} INFO - Sync 1 DAGs
[2025-11-06T12:58:52.410+0000] {logging_mixin.py:188} INFO - [2025-11-06T12:58:52.410+0000] {dag.py:3823} INFO - Setting next_dagrun for example_sensors to None, run_after=None
[2025-11-06T12:58:52.475+0000] {processor.py:183} INFO - Processing /home/airflow/.local/lib/python3.8/site-packages/airflow/example_dags/example_sensors.py took 0.254 seconds
[2025-11-06T12:59:22.761+0000] {processor.py:161} INFO - Started process (PID=13115) to work on /home/airflow/.local/lib/python3.8/site-packages/airflow/example_dags/example_sensors.py
[2025-11-06T12:59:22.763+0000] {processor.py:830} INFO - Processing file /home/airflow/.local/lib/python3.8/site-packages/airflow/example_dags/example_sensors.py for tasks to queue
[2025-11-06T12:59:22.767+0000] {logging_mixin.py:188} INFO - [2025-11-06T12:59:22.766+0000] {dagbag.py:538} INFO - Filling up the DagBag from /home/airflow/.local/lib/python3.8/site-packages/airflow/example_dags/example_sensors.py
[2025-11-06T12:59:22.783+0000] {processor.py:840} INFO - DAG(s) 'example_sensors' retrieved from /home/airflow/.local/lib/python3.8/site-packages/airflow/example_dags/example_sensors.py
[2025-11-06T12:59:22.826+0000] {logging_mixin.py:188} INFO - [2025-11-06T12:59:22.825+0000] {dag.py:3036} INFO - Sync 1 DAGs
[2025-11-06T12:59:22.849+0000] {logging_mixin.py:188} INFO - [2025-11-06T12:59:22.849+0000] {dag.py:3823} INFO - Setting next_dagrun for example_sensors to None, run_after=None
[2025-11-06T12:59:22.889+0000] {processor.py:183} INFO - Processing /home/airflow/.local/lib/python3.8/site-packages/airflow/example_dags/example_sensors.py took 0.134 seconds
[2025-11-06T12:59:53.209+0000] {processor.py:161} INFO - Started process (PID=13169) to work on /home/airflow/.local/lib/python3.8/site-packages/airflow/example_dags/example_sensors.py
[2025-11-06T12:59:53.227+0000] {processor.py:830} INFO - Processing file /home/airflow/.local/lib/python3.8/site-packages/airflow/example_dags/example_sensors.py for tasks to queue
[2025-11-06T12:59:53.234+0000] {logging_mixin.py:188} INFO - [2025-11-06T12:59:53.233+0000] {dagbag.py:538} INFO - Filling up the DagBag from /home/airflow/.local/lib/python3.8/site-packages/airflow/example_dags/example_sensors.py
[2025-11-06T12:59:53.298+0000] {processor.py:840} INFO - DAG(s) 'example_sensors' retrieved from /home/airflow/.local/lib/python3.8/site-packages/airflow/example_dags/example_sensors.py
[2025-11-06T12:59:53.408+0000] {logging_mixin.py:188} INFO - [2025-11-06T12:59:53.407+0000] {dag.py:3036} INFO - Sync 1 DAGs
[2025-11-06T12:59:53.492+0000] {logging_mixin.py:188} INFO - [2025-11-06T12:59:53.491+0000] {dag.py:3823} INFO - Setting next_dagrun for example_sensors to None, run_after=None
[2025-11-06T12:59:53.591+0000] {processor.py:183} INFO - Processing /home/airflow/.local/lib/python3.8/site-packages/airflow/example_dags/example_sensors.py took 0.416 seconds
[2025-11-06T13:00:24.435+0000] {processor.py:161} INFO - Started process (PID=13224) to work on /home/airflow/.local/lib/python3.8/site-packages/airflow/example_dags/example_sensors.py
[2025-11-06T13:00:24.461+0000] {processor.py:830} INFO - Processing file /home/airflow/.local/lib/python3.8/site-packages/airflow/example_dags/example_sensors.py for tasks to queue
[2025-11-06T13:00:24.510+0000] {logging_mixin.py:188} INFO - [2025-11-06T13:00:24.509+0000] {dagbag.py:538} INFO - Filling up the DagBag from /home/airflow/.local/lib/python3.8/site-packages/airflow/example_dags/example_sensors.py
[2025-11-06T13:00:24.668+0000] {processor.py:840} INFO - DAG(s) 'example_sensors' retrieved from /home/airflow/.local/lib/python3.8/site-packages/airflow/example_dags/example_sensors.py
[2025-11-06T13:00:24.966+0000] {logging_mixin.py:188} INFO - [2025-11-06T13:00:24.965+0000] {dag.py:3036} INFO - Sync 1 DAGs
[2025-11-06T13:00:25.107+0000] {logging_mixin.py:188} INFO - [2025-11-06T13:00:25.107+0000] {dag.py:3823} INFO - Setting next_dagrun for example_sensors to None, run_after=None
[2025-11-06T13:00:25.269+0000] {processor.py:183} INFO - Processing /home/airflow/.local/lib/python3.8/site-packages/airflow/example_dags/example_sensors.py took 0.854 seconds
[2025-11-06T13:00:55.704+0000] {processor.py:161} INFO - Started process (PID=13279) to work on /home/airflow/.local/lib/python3.8/site-packages/airflow/example_dags/example_sensors.py
[2025-11-06T13:00:55.717+0000] {processor.py:830} INFO - Processing file /home/airflow/.local/lib/python3.8/site-packages/airflow/example_dags/example_sensors.py for tasks to queue
[2025-11-06T13:00:55.735+0000] {logging_mixin.py:188} INFO - [2025-11-06T13:00:55.734+0000] {dagbag.py:538} INFO - Filling up the DagBag from /home/airflow/.local/lib/python3.8/site-packages/airflow/example_dags/example_sensors.py
[2025-11-06T13:00:55.844+0000] {processor.py:840} INFO - DAG(s) 'example_sensors' retrieved from /home/airflow/.local/lib/python3.8/site-packages/airflow/example_dags/example_sensors.py
[2025-11-06T13:00:55.993+0000] {logging_mixin.py:188} INFO - [2025-11-06T13:00:55.993+0000] {dag.py:3036} INFO - Sync 1 DAGs
[2025-11-06T13:00:56.105+0000] {logging_mixin.py:188} INFO - [2025-11-06T13:00:56.104+0000] {dag.py:3823} INFO - Setting next_dagrun for example_sensors to None, run_after=None
[2025-11-06T13:00:56.239+0000] {processor.py:183} INFO - Processing /home/airflow/.local/lib/python3.8/site-packages/airflow/example_dags/example_sensors.py took 0.558 seconds
[2025-11-06T13:01:26.974+0000] {processor.py:161} INFO - Started process (PID=13334) to work on /home/airflow/.local/lib/python3.8/site-packages/airflow/example_dags/example_sensors.py
[2025-11-06T13:01:26.976+0000] {processor.py:830} INFO - Processing file /home/airflow/.local/lib/python3.8/site-packages/airflow/example_dags/example_sensors.py for tasks to queue
[2025-11-06T13:01:26.980+0000] {logging_mixin.py:188} INFO - [2025-11-06T13:01:26.980+0000] {dagbag.py:538} INFO - Filling up the DagBag from /home/airflow/.local/lib/python3.8/site-packages/airflow/example_dags/example_sensors.py
[2025-11-06T13:01:27.000+0000] {processor.py:840} INFO - DAG(s) 'example_sensors' retrieved from /home/airflow/.local/lib/python3.8/site-packages/airflow/example_dags/example_sensors.py
[2025-11-06T13:01:27.053+0000] {logging_mixin.py:188} INFO - [2025-11-06T13:01:27.052+0000] {dag.py:3036} INFO - Sync 1 DAGs
[2025-11-06T13:01:27.080+0000] {logging_mixin.py:188} INFO - [2025-11-06T13:01:27.080+0000] {dag.py:3823} INFO - Setting next_dagrun for example_sensors to None, run_after=None
[2025-11-06T13:01:27.121+0000] {processor.py:183} INFO - Processing /home/airflow/.local/lib/python3.8/site-packages/airflow/example_dags/example_sensors.py took 0.155 seconds
[2025-11-06T13:01:58.037+0000] {processor.py:161} INFO - Started process (PID=13389) to work on /home/airflow/.local/lib/python3.8/site-packages/airflow/example_dags/example_sensors.py
[2025-11-06T13:01:58.049+0000] {processor.py:830} INFO - Processing file /home/airflow/.local/lib/python3.8/site-packages/airflow/example_dags/example_sensors.py for tasks to queue
[2025-11-06T13:01:58.057+0000] {logging_mixin.py:188} INFO - [2025-11-06T13:01:58.056+0000] {dagbag.py:538} INFO - Filling up the DagBag from /home/airflow/.local/lib/python3.8/site-packages/airflow/example_dags/example_sensors.py
[2025-11-06T13:01:58.114+0000] {processor.py:840} INFO - DAG(s) 'example_sensors' retrieved from /home/airflow/.local/lib/python3.8/site-packages/airflow/example_dags/example_sensors.py
[2025-11-06T13:01:58.246+0000] {logging_mixin.py:188} INFO - [2025-11-06T13:01:58.245+0000] {dag.py:3036} INFO - Sync 1 DAGs
[2025-11-06T13:01:58.309+0000] {logging_mixin.py:188} INFO - [2025-11-06T13:01:58.309+0000] {dag.py:3823} INFO - Setting next_dagrun for example_sensors to None, run_after=None
[2025-11-06T13:01:58.397+0000] {processor.py:183} INFO - Processing /home/airflow/.local/lib/python3.8/site-packages/airflow/example_dags/example_sensors.py took 0.380 seconds
[2025-11-06T13:02:29.070+0000] {processor.py:161} INFO - Started process (PID=13444) to work on /home/airflow/.local/lib/python3.8/site-packages/airflow/example_dags/example_sensors.py
[2025-11-06T13:02:29.074+0000] {processor.py:830} INFO - Processing file /home/airflow/.local/lib/python3.8/site-packages/airflow/example_dags/example_sensors.py for tasks to queue
[2025-11-06T13:02:29.079+0000] {logging_mixin.py:188} INFO - [2025-11-06T13:02:29.079+0000] {dagbag.py:538} INFO - Filling up the DagBag from /home/airflow/.local/lib/python3.8/site-packages/airflow/example_dags/example_sensors.py
[2025-11-06T13:02:29.105+0000] {processor.py:840} INFO - DAG(s) 'example_sensors' retrieved from /home/airflow/.local/lib/python3.8/site-packages/airflow/example_dags/example_sensors.py
[2025-11-06T13:02:29.157+0000] {logging_mixin.py:188} INFO - [2025-11-06T13:02:29.156+0000] {dag.py:3036} INFO - Sync 1 DAGs
[2025-11-06T13:02:29.184+0000] {logging_mixin.py:188} INFO - [2025-11-06T13:02:29.183+0000] {dag.py:3823} INFO - Setting next_dagrun for example_sensors to None, run_after=None
[2025-11-06T13:02:29.230+0000] {processor.py:183} INFO - Processing /home/airflow/.local/lib/python3.8/site-packages/airflow/example_dags/example_sensors.py took 0.168 seconds
[2025-11-06T13:02:59.533+0000] {processor.py:161} INFO - Started process (PID=13499) to work on /home/airflow/.local/lib/python3.8/site-packages/airflow/example_dags/example_sensors.py
[2025-11-06T13:02:59.537+0000] {processor.py:830} INFO - Processing file /home/airflow/.local/lib/python3.8/site-packages/airflow/example_dags/example_sensors.py for tasks to queue
[2025-11-06T13:02:59.550+0000] {logging_mixin.py:188} INFO - [2025-11-06T13:02:59.548+0000] {dagbag.py:538} INFO - Filling up the DagBag from /home/airflow/.local/lib/python3.8/site-packages/airflow/example_dags/example_sensors.py
[2025-11-06T13:02:59.588+0000] {processor.py:840} INFO - DAG(s) 'example_sensors' retrieved from /home/airflow/.local/lib/python3.8/site-packages/airflow/example_dags/example_sensors.py
[2025-11-06T13:02:59.693+0000] {logging_mixin.py:188} INFO - [2025-11-06T13:02:59.691+0000] {dag.py:3036} INFO - Sync 1 DAGs
[2025-11-06T13:02:59.748+0000] {logging_mixin.py:188} INFO - [2025-11-06T13:02:59.747+0000] {dag.py:3823} INFO - Setting next_dagrun for example_sensors to None, run_after=None
[2025-11-06T13:02:59.844+0000] {processor.py:183} INFO - Processing /home/airflow/.local/lib/python3.8/site-packages/airflow/example_dags/example_sensors.py took 0.332 seconds
[2025-11-06T13:03:30.090+0000] {processor.py:161} INFO - Started process (PID=13554) to work on /home/airflow/.local/lib/python3.8/site-packages/airflow/example_dags/example_sensors.py
[2025-11-06T13:03:30.092+0000] {processor.py:830} INFO - Processing file /home/airflow/.local/lib/python3.8/site-packages/airflow/example_dags/example_sensors.py for tasks to queue
[2025-11-06T13:03:30.097+0000] {logging_mixin.py:188} INFO - [2025-11-06T13:03:30.096+0000] {dagbag.py:538} INFO - Filling up the DagBag from /home/airflow/.local/lib/python3.8/site-packages/airflow/example_dags/example_sensors.py
[2025-11-06T13:03:30.123+0000] {processor.py:840} INFO - DAG(s) 'example_sensors' retrieved from /home/airflow/.local/lib/python3.8/site-packages/airflow/example_dags/example_sensors.py
[2025-11-06T13:03:30.182+0000] {logging_mixin.py:188} INFO - [2025-11-06T13:03:30.181+0000] {dag.py:3036} INFO - Sync 1 DAGs
[2025-11-06T13:03:30.215+0000] {logging_mixin.py:188} INFO - [2025-11-06T13:03:30.214+0000] {dag.py:3823} INFO - Setting next_dagrun for example_sensors to None, run_after=None
[2025-11-06T13:03:30.259+0000] {processor.py:183} INFO - Processing /home/airflow/.local/lib/python3.8/site-packages/airflow/example_dags/example_sensors.py took 0.179 seconds
[2025-11-06T13:04:00.447+0000] {processor.py:161} INFO - Started process (PID=13609) to work on /home/airflow/.local/lib/python3.8/site-packages/airflow/example_dags/example_sensors.py
[2025-11-06T13:04:00.456+0000] {processor.py:830} INFO - Processing file /home/airflow/.local/lib/python3.8/site-packages/airflow/example_dags/example_sensors.py for tasks to queue
[2025-11-06T13:04:00.468+0000] {logging_mixin.py:188} INFO - [2025-11-06T13:04:00.467+0000] {dagbag.py:538} INFO - Filling up the DagBag from /home/airflow/.local/lib/python3.8/site-packages/airflow/example_dags/example_sensors.py
[2025-11-06T13:04:00.546+0000] {processor.py:840} INFO - DAG(s) 'example_sensors' retrieved from /home/airflow/.local/lib/python3.8/site-packages/airflow/example_dags/example_sensors.py
[2025-11-06T13:04:00.674+0000] {logging_mixin.py:188} INFO - [2025-11-06T13:04:00.667+0000] {dag.py:3036} INFO - Sync 1 DAGs
[2025-11-06T13:04:00.742+0000] {logging_mixin.py:188} INFO - [2025-11-06T13:04:00.742+0000] {dag.py:3823} INFO - Setting next_dagrun for example_sensors to None, run_after=None
[2025-11-06T13:04:00.863+0000] {processor.py:183} INFO - Processing /home/airflow/.local/lib/python3.8/site-packages/airflow/example_dags/example_sensors.py took 0.436 seconds
[2025-11-06T13:04:31.184+0000] {processor.py:161} INFO - Started process (PID=13664) to work on /home/airflow/.local/lib/python3.8/site-packages/airflow/example_dags/example_sensors.py
[2025-11-06T13:04:31.189+0000] {processor.py:830} INFO - Processing file /home/airflow/.local/lib/python3.8/site-packages/airflow/example_dags/example_sensors.py for tasks to queue
[2025-11-06T13:04:31.197+0000] {logging_mixin.py:188} INFO - [2025-11-06T13:04:31.196+0000] {dagbag.py:538} INFO - Filling up the DagBag from /home/airflow/.local/lib/python3.8/site-packages/airflow/example_dags/example_sensors.py
[2025-11-06T13:04:31.248+0000] {processor.py:840} INFO - DAG(s) 'example_sensors' retrieved from /home/airflow/.local/lib/python3.8/site-packages/airflow/example_dags/example_sensors.py
[2025-11-06T13:04:31.368+0000] {logging_mixin.py:188} INFO - [2025-11-06T13:04:31.360+0000] {dag.py:3036} INFO - Sync 1 DAGs
[2025-11-06T13:04:31.475+0000] {logging_mixin.py:188} INFO - [2025-11-06T13:04:31.474+0000] {dag.py:3823} INFO - Setting next_dagrun for example_sensors to None, run_after=None
[2025-11-06T13:04:31.579+0000] {processor.py:183} INFO - Processing /home/airflow/.local/lib/python3.8/site-packages/airflow/example_dags/example_sensors.py took 0.414 seconds
[2025-11-06T13:05:02.306+0000] {processor.py:161} INFO - Started process (PID=13717) to work on /home/airflow/.local/lib/python3.8/site-packages/airflow/example_dags/example_sensors.py
[2025-11-06T13:05:02.310+0000] {processor.py:830} INFO - Processing file /home/airflow/.local/lib/python3.8/site-packages/airflow/example_dags/example_sensors.py for tasks to queue
[2025-11-06T13:05:02.316+0000] {logging_mixin.py:188} INFO - [2025-11-06T13:05:02.315+0000] {dagbag.py:538} INFO - Filling up the DagBag from /home/airflow/.local/lib/python3.8/site-packages/airflow/example_dags/example_sensors.py
[2025-11-06T13:05:02.357+0000] {processor.py:840} INFO - DAG(s) 'example_sensors' retrieved from /home/airflow/.local/lib/python3.8/site-packages/airflow/example_dags/example_sensors.py
[2025-11-06T13:05:02.519+0000] {logging_mixin.py:188} INFO - [2025-11-06T13:05:02.518+0000] {dag.py:3036} INFO - Sync 1 DAGs
[2025-11-06T13:05:02.616+0000] {logging_mixin.py:188} INFO - [2025-11-06T13:05:02.615+0000] {dag.py:3823} INFO - Setting next_dagrun for example_sensors to None, run_after=None
[2025-11-06T13:05:02.808+0000] {processor.py:183} INFO - Processing /home/airflow/.local/lib/python3.8/site-packages/airflow/example_dags/example_sensors.py took 0.521 seconds
[2025-11-06T13:05:33.561+0000] {processor.py:161} INFO - Started process (PID=13772) to work on /home/airflow/.local/lib/python3.8/site-packages/airflow/example_dags/example_sensors.py
[2025-11-06T13:05:33.566+0000] {processor.py:830} INFO - Processing file /home/airflow/.local/lib/python3.8/site-packages/airflow/example_dags/example_sensors.py for tasks to queue
[2025-11-06T13:05:33.572+0000] {logging_mixin.py:188} INFO - [2025-11-06T13:05:33.571+0000] {dagbag.py:538} INFO - Filling up the DagBag from /home/airflow/.local/lib/python3.8/site-packages/airflow/example_dags/example_sensors.py
[2025-11-06T13:05:33.622+0000] {processor.py:840} INFO - DAG(s) 'example_sensors' retrieved from /home/airflow/.local/lib/python3.8/site-packages/airflow/example_dags/example_sensors.py
[2025-11-06T13:05:33.734+0000] {logging_mixin.py:188} INFO - [2025-11-06T13:05:33.733+0000] {dag.py:3036} INFO - Sync 1 DAGs
[2025-11-06T13:05:33.775+0000] {logging_mixin.py:188} INFO - [2025-11-06T13:05:33.774+0000] {dag.py:3823} INFO - Setting next_dagrun for example_sensors to None, run_after=None
[2025-11-06T13:05:33.837+0000] {processor.py:183} INFO - Processing /home/airflow/.local/lib/python3.8/site-packages/airflow/example_dags/example_sensors.py took 0.288 seconds
[2025-11-06T13:06:04.035+0000] {processor.py:161} INFO - Started process (PID=13822) to work on /home/airflow/.local/lib/python3.8/site-packages/airflow/example_dags/example_sensors.py
[2025-11-06T13:06:04.038+0000] {processor.py:830} INFO - Processing file /home/airflow/.local/lib/python3.8/site-packages/airflow/example_dags/example_sensors.py for tasks to queue
[2025-11-06T13:06:04.054+0000] {logging_mixin.py:188} INFO - [2025-11-06T13:06:04.053+0000] {dagbag.py:538} INFO - Filling up the DagBag from /home/airflow/.local/lib/python3.8/site-packages/airflow/example_dags/example_sensors.py
[2025-11-06T13:06:04.162+0000] {processor.py:840} INFO - DAG(s) 'example_sensors' retrieved from /home/airflow/.local/lib/python3.8/site-packages/airflow/example_dags/example_sensors.py
[2025-11-06T13:06:04.371+0000] {logging_mixin.py:188} INFO - [2025-11-06T13:06:04.371+0000] {dag.py:3036} INFO - Sync 1 DAGs
[2025-11-06T13:06:04.498+0000] {logging_mixin.py:188} INFO - [2025-11-06T13:06:04.497+0000] {dag.py:3823} INFO - Setting next_dagrun for example_sensors to None, run_after=None
[2025-11-06T13:06:04.721+0000] {processor.py:183} INFO - Processing /home/airflow/.local/lib/python3.8/site-packages/airflow/example_dags/example_sensors.py took 0.719 seconds
[2025-11-06T13:06:35.295+0000] {processor.py:161} INFO - Started process (PID=13877) to work on /home/airflow/.local/lib/python3.8/site-packages/airflow/example_dags/example_sensors.py
[2025-11-06T13:06:35.299+0000] {processor.py:830} INFO - Processing file /home/airflow/.local/lib/python3.8/site-packages/airflow/example_dags/example_sensors.py for tasks to queue
[2025-11-06T13:06:35.316+0000] {logging_mixin.py:188} INFO - [2025-11-06T13:06:35.315+0000] {dagbag.py:538} INFO - Filling up the DagBag from /home/airflow/.local/lib/python3.8/site-packages/airflow/example_dags/example_sensors.py
[2025-11-06T13:06:35.428+0000] {processor.py:840} INFO - DAG(s) 'example_sensors' retrieved from /home/airflow/.local/lib/python3.8/site-packages/airflow/example_dags/example_sensors.py
[2025-11-06T13:06:35.601+0000] {logging_mixin.py:188} INFO - [2025-11-06T13:06:35.600+0000] {dag.py:3036} INFO - Sync 1 DAGs
[2025-11-06T13:06:35.680+0000] {logging_mixin.py:188} INFO - [2025-11-06T13:06:35.679+0000] {dag.py:3823} INFO - Setting next_dagrun for example_sensors to None, run_after=None
[2025-11-06T13:06:35.867+0000] {processor.py:183} INFO - Processing /home/airflow/.local/lib/python3.8/site-packages/airflow/example_dags/example_sensors.py took 0.581 seconds
[2025-11-06T13:07:06.476+0000] {processor.py:161} INFO - Started process (PID=13932) to work on /home/airflow/.local/lib/python3.8/site-packages/airflow/example_dags/example_sensors.py
[2025-11-06T13:07:06.478+0000] {processor.py:830} INFO - Processing file /home/airflow/.local/lib/python3.8/site-packages/airflow/example_dags/example_sensors.py for tasks to queue
[2025-11-06T13:07:06.481+0000] {logging_mixin.py:188} INFO - [2025-11-06T13:07:06.481+0000] {dagbag.py:538} INFO - Filling up the DagBag from /home/airflow/.local/lib/python3.8/site-packages/airflow/example_dags/example_sensors.py
[2025-11-06T13:07:06.499+0000] {processor.py:840} INFO - DAG(s) 'example_sensors' retrieved from /home/airflow/.local/lib/python3.8/site-packages/airflow/example_dags/example_sensors.py
[2025-11-06T13:07:06.564+0000] {logging_mixin.py:188} INFO - [2025-11-06T13:07:06.564+0000] {dag.py:3036} INFO - Sync 1 DAGs
[2025-11-06T13:07:06.592+0000] {logging_mixin.py:188} INFO - [2025-11-06T13:07:06.591+0000] {dag.py:3823} INFO - Setting next_dagrun for example_sensors to None, run_after=None
[2025-11-06T13:07:06.635+0000] {processor.py:183} INFO - Processing /home/airflow/.local/lib/python3.8/site-packages/airflow/example_dags/example_sensors.py took 0.167 seconds
[2025-11-06T13:07:37.192+0000] {processor.py:161} INFO - Started process (PID=13988) to work on /home/airflow/.local/lib/python3.8/site-packages/airflow/example_dags/example_sensors.py
[2025-11-06T13:07:37.196+0000] {processor.py:830} INFO - Processing file /home/airflow/.local/lib/python3.8/site-packages/airflow/example_dags/example_sensors.py for tasks to queue
[2025-11-06T13:07:37.200+0000] {logging_mixin.py:188} INFO - [2025-11-06T13:07:37.200+0000] {dagbag.py:538} INFO - Filling up the DagBag from /home/airflow/.local/lib/python3.8/site-packages/airflow/example_dags/example_sensors.py
[2025-11-06T13:07:37.222+0000] {processor.py:840} INFO - DAG(s) 'example_sensors' retrieved from /home/airflow/.local/lib/python3.8/site-packages/airflow/example_dags/example_sensors.py
[2025-11-06T13:07:37.297+0000] {logging_mixin.py:188} INFO - [2025-11-06T13:07:37.291+0000] {dag.py:3036} INFO - Sync 1 DAGs
[2025-11-06T13:07:37.363+0000] {logging_mixin.py:188} INFO - [2025-11-06T13:07:37.362+0000] {dag.py:3823} INFO - Setting next_dagrun for example_sensors to None, run_after=None
[2025-11-06T13:07:37.441+0000] {processor.py:183} INFO - Processing /home/airflow/.local/lib/python3.8/site-packages/airflow/example_dags/example_sensors.py took 0.259 seconds
[2025-11-06T13:08:08.226+0000] {processor.py:161} INFO - Started process (PID=14043) to work on /home/airflow/.local/lib/python3.8/site-packages/airflow/example_dags/example_sensors.py
[2025-11-06T13:08:08.231+0000] {processor.py:830} INFO - Processing file /home/airflow/.local/lib/python3.8/site-packages/airflow/example_dags/example_sensors.py for tasks to queue
[2025-11-06T13:08:08.241+0000] {logging_mixin.py:188} INFO - [2025-11-06T13:08:08.240+0000] {dagbag.py:538} INFO - Filling up the DagBag from /home/airflow/.local/lib/python3.8/site-packages/airflow/example_dags/example_sensors.py
[2025-11-06T13:08:08.288+0000] {processor.py:840} INFO - DAG(s) 'example_sensors' retrieved from /home/airflow/.local/lib/python3.8/site-packages/airflow/example_dags/example_sensors.py
[2025-11-06T13:08:08.400+0000] {logging_mixin.py:188} INFO - [2025-11-06T13:08:08.399+0000] {dag.py:3036} INFO - Sync 1 DAGs
[2025-11-06T13:08:08.458+0000] {logging_mixin.py:188} INFO - [2025-11-06T13:08:08.458+0000] {dag.py:3823} INFO - Setting next_dagrun for example_sensors to None, run_after=None
[2025-11-06T13:08:08.584+0000] {processor.py:183} INFO - Processing /home/airflow/.local/lib/python3.8/site-packages/airflow/example_dags/example_sensors.py took 0.376 seconds
[2025-11-06T13:08:38.740+0000] {processor.py:161} INFO - Started process (PID=14097) to work on /home/airflow/.local/lib/python3.8/site-packages/airflow/example_dags/example_sensors.py
[2025-11-06T13:08:38.742+0000] {processor.py:830} INFO - Processing file /home/airflow/.local/lib/python3.8/site-packages/airflow/example_dags/example_sensors.py for tasks to queue
[2025-11-06T13:08:38.747+0000] {logging_mixin.py:188} INFO - [2025-11-06T13:08:38.746+0000] {dagbag.py:538} INFO - Filling up the DagBag from /home/airflow/.local/lib/python3.8/site-packages/airflow/example_dags/example_sensors.py
[2025-11-06T13:08:38.765+0000] {processor.py:840} INFO - DAG(s) 'example_sensors' retrieved from /home/airflow/.local/lib/python3.8/site-packages/airflow/example_dags/example_sensors.py
[2025-11-06T13:08:38.813+0000] {logging_mixin.py:188} INFO - [2025-11-06T13:08:38.813+0000] {dag.py:3036} INFO - Sync 1 DAGs
[2025-11-06T13:08:38.835+0000] {logging_mixin.py:188} INFO - [2025-11-06T13:08:38.834+0000] {dag.py:3823} INFO - Setting next_dagrun for example_sensors to None, run_after=None
[2025-11-06T13:08:38.878+0000] {processor.py:183} INFO - Processing /home/airflow/.local/lib/python3.8/site-packages/airflow/example_dags/example_sensors.py took 0.143 seconds
[2025-11-06T13:09:09.595+0000] {processor.py:161} INFO - Started process (PID=14149) to work on /home/airflow/.local/lib/python3.8/site-packages/airflow/example_dags/example_sensors.py
[2025-11-06T13:09:09.597+0000] {processor.py:830} INFO - Processing file /home/airflow/.local/lib/python3.8/site-packages/airflow/example_dags/example_sensors.py for tasks to queue
[2025-11-06T13:09:09.607+0000] {logging_mixin.py:188} INFO - [2025-11-06T13:09:09.604+0000] {dagbag.py:538} INFO - Filling up the DagBag from /home/airflow/.local/lib/python3.8/site-packages/airflow/example_dags/example_sensors.py
[2025-11-06T13:09:09.629+0000] {processor.py:840} INFO - DAG(s) 'example_sensors' retrieved from /home/airflow/.local/lib/python3.8/site-packages/airflow/example_dags/example_sensors.py
[2025-11-06T13:09:09.686+0000] {logging_mixin.py:188} INFO - [2025-11-06T13:09:09.686+0000] {dag.py:3036} INFO - Sync 1 DAGs
[2025-11-06T13:09:09.720+0000] {logging_mixin.py:188} INFO - [2025-11-06T13:09:09.719+0000] {dag.py:3823} INFO - Setting next_dagrun for example_sensors to None, run_after=None
[2025-11-06T13:09:09.775+0000] {processor.py:183} INFO - Processing /home/airflow/.local/lib/python3.8/site-packages/airflow/example_dags/example_sensors.py took 0.194 seconds
[2025-11-06T13:09:41.727+0000] {processor.py:161} INFO - Started process (PID=14200) to work on /home/airflow/.local/lib/python3.8/site-packages/airflow/example_dags/example_sensors.py
[2025-11-06T13:09:41.733+0000] {processor.py:830} INFO - Processing file /home/airflow/.local/lib/python3.8/site-packages/airflow/example_dags/example_sensors.py for tasks to queue
[2025-11-06T13:09:41.742+0000] {logging_mixin.py:188} INFO - [2025-11-06T13:09:41.741+0000] {dagbag.py:538} INFO - Filling up the DagBag from /home/airflow/.local/lib/python3.8/site-packages/airflow/example_dags/example_sensors.py
[2025-11-06T13:09:41.826+0000] {processor.py:840} INFO - DAG(s) 'example_sensors' retrieved from /home/airflow/.local/lib/python3.8/site-packages/airflow/example_dags/example_sensors.py
[2025-11-06T13:09:41.988+0000] {logging_mixin.py:188} INFO - [2025-11-06T13:09:41.987+0000] {dag.py:3036} INFO - Sync 1 DAGs
[2025-11-06T13:09:42.055+0000] {logging_mixin.py:188} INFO - [2025-11-06T13:09:42.051+0000] {dag.py:3823} INFO - Setting next_dagrun for example_sensors to None, run_after=None
[2025-11-06T13:09:42.190+0000] {processor.py:183} INFO - Processing /home/airflow/.local/lib/python3.8/site-packages/airflow/example_dags/example_sensors.py took 0.485 seconds
[2025-11-06T13:10:13.604+0000] {processor.py:161} INFO - Started process (PID=14255) to work on /home/airflow/.local/lib/python3.8/site-packages/airflow/example_dags/example_sensors.py
[2025-11-06T13:10:13.608+0000] {processor.py:830} INFO - Processing file /home/airflow/.local/lib/python3.8/site-packages/airflow/example_dags/example_sensors.py for tasks to queue
[2025-11-06T13:10:13.618+0000] {logging_mixin.py:188} INFO - [2025-11-06T13:10:13.616+0000] {dagbag.py:538} INFO - Filling up the DagBag from /home/airflow/.local/lib/python3.8/site-packages/airflow/example_dags/example_sensors.py
[2025-11-06T13:10:13.672+0000] {processor.py:840} INFO - DAG(s) 'example_sensors' retrieved from /home/airflow/.local/lib/python3.8/site-packages/airflow/example_dags/example_sensors.py
[2025-11-06T13:10:13.778+0000] {logging_mixin.py:188} INFO - [2025-11-06T13:10:13.778+0000] {dag.py:3036} INFO - Sync 1 DAGs
[2025-11-06T13:10:13.831+0000] {logging_mixin.py:188} INFO - [2025-11-06T13:10:13.830+0000] {dag.py:3823} INFO - Setting next_dagrun for example_sensors to None, run_after=None
[2025-11-06T13:10:13.918+0000] {processor.py:183} INFO - Processing /home/airflow/.local/lib/python3.8/site-packages/airflow/example_dags/example_sensors.py took 0.331 seconds
[2025-11-06T13:10:44.302+0000] {processor.py:161} INFO - Started process (PID=14307) to work on /home/airflow/.local/lib/python3.8/site-packages/airflow/example_dags/example_sensors.py
[2025-11-06T13:10:44.340+0000] {processor.py:830} INFO - Processing file /home/airflow/.local/lib/python3.8/site-packages/airflow/example_dags/example_sensors.py for tasks to queue
[2025-11-06T13:10:44.363+0000] {logging_mixin.py:188} INFO - [2025-11-06T13:10:44.362+0000] {dagbag.py:538} INFO - Filling up the DagBag from /home/airflow/.local/lib/python3.8/site-packages/airflow/example_dags/example_sensors.py
[2025-11-06T13:10:44.486+0000] {processor.py:840} INFO - DAG(s) 'example_sensors' retrieved from /home/airflow/.local/lib/python3.8/site-packages/airflow/example_dags/example_sensors.py
[2025-11-06T13:10:44.705+0000] {logging_mixin.py:188} INFO - [2025-11-06T13:10:44.704+0000] {dag.py:3036} INFO - Sync 1 DAGs
[2025-11-06T13:10:44.809+0000] {logging_mixin.py:188} INFO - [2025-11-06T13:10:44.801+0000] {dag.py:3823} INFO - Setting next_dagrun for example_sensors to None, run_after=None
[2025-11-06T13:10:44.951+0000] {processor.py:183} INFO - Processing /home/airflow/.local/lib/python3.8/site-packages/airflow/example_dags/example_sensors.py took 0.689 seconds
[2025-11-06T13:11:15.525+0000] {processor.py:161} INFO - Started process (PID=14362) to work on /home/airflow/.local/lib/python3.8/site-packages/airflow/example_dags/example_sensors.py
[2025-11-06T13:11:15.530+0000] {processor.py:830} INFO - Processing file /home/airflow/.local/lib/python3.8/site-packages/airflow/example_dags/example_sensors.py for tasks to queue
[2025-11-06T13:11:15.542+0000] {logging_mixin.py:188} INFO - [2025-11-06T13:11:15.540+0000] {dagbag.py:538} INFO - Filling up the DagBag from /home/airflow/.local/lib/python3.8/site-packages/airflow/example_dags/example_sensors.py
[2025-11-06T13:11:15.591+0000] {processor.py:840} INFO - DAG(s) 'example_sensors' retrieved from /home/airflow/.local/lib/python3.8/site-packages/airflow/example_dags/example_sensors.py
[2025-11-06T13:11:15.803+0000] {logging_mixin.py:188} INFO - [2025-11-06T13:11:15.802+0000] {dag.py:3036} INFO - Sync 1 DAGs
[2025-11-06T13:11:15.929+0000] {logging_mixin.py:188} INFO - [2025-11-06T13:11:15.929+0000] {dag.py:3823} INFO - Setting next_dagrun for example_sensors to None, run_after=None
[2025-11-06T13:11:16.070+0000] {processor.py:183} INFO - Processing /home/airflow/.local/lib/python3.8/site-packages/airflow/example_dags/example_sensors.py took 0.565 seconds
[2025-11-06T13:11:46.231+0000] {processor.py:161} INFO - Started process (PID=14417) to work on /home/airflow/.local/lib/python3.8/site-packages/airflow/example_dags/example_sensors.py
[2025-11-06T13:11:46.236+0000] {processor.py:830} INFO - Processing file /home/airflow/.local/lib/python3.8/site-packages/airflow/example_dags/example_sensors.py for tasks to queue
[2025-11-06T13:11:46.244+0000] {logging_mixin.py:188} INFO - [2025-11-06T13:11:46.243+0000] {dagbag.py:538} INFO - Filling up the DagBag from /home/airflow/.local/lib/python3.8/site-packages/airflow/example_dags/example_sensors.py
[2025-11-06T13:11:46.288+0000] {processor.py:840} INFO - DAG(s) 'example_sensors' retrieved from /home/airflow/.local/lib/python3.8/site-packages/airflow/example_dags/example_sensors.py
[2025-11-06T13:11:46.440+0000] {logging_mixin.py:188} INFO - [2025-11-06T13:11:46.438+0000] {dag.py:3036} INFO - Sync 1 DAGs
[2025-11-06T13:11:46.538+0000] {logging_mixin.py:188} INFO - [2025-11-06T13:11:46.535+0000] {dag.py:3823} INFO - Setting next_dagrun for example_sensors to None, run_after=None
[2025-11-06T13:11:46.657+0000] {processor.py:183} INFO - Processing /home/airflow/.local/lib/python3.8/site-packages/airflow/example_dags/example_sensors.py took 0.438 seconds
[2025-11-06T13:12:17.171+0000] {processor.py:161} INFO - Started process (PID=14473) to work on /home/airflow/.local/lib/python3.8/site-packages/airflow/example_dags/example_sensors.py
[2025-11-06T13:12:17.174+0000] {processor.py:830} INFO - Processing file /home/airflow/.local/lib/python3.8/site-packages/airflow/example_dags/example_sensors.py for tasks to queue
[2025-11-06T13:12:17.180+0000] {logging_mixin.py:188} INFO - [2025-11-06T13:12:17.179+0000] {dagbag.py:538} INFO - Filling up the DagBag from /home/airflow/.local/lib/python3.8/site-packages/airflow/example_dags/example_sensors.py
[2025-11-06T13:12:17.201+0000] {processor.py:840} INFO - DAG(s) 'example_sensors' retrieved from /home/airflow/.local/lib/python3.8/site-packages/airflow/example_dags/example_sensors.py
[2025-11-06T13:12:17.250+0000] {logging_mixin.py:188} INFO - [2025-11-06T13:12:17.248+0000] {dag.py:3036} INFO - Sync 1 DAGs
[2025-11-06T13:12:17.304+0000] {logging_mixin.py:188} INFO - [2025-11-06T13:12:17.303+0000] {dag.py:3823} INFO - Setting next_dagrun for example_sensors to None, run_after=None
[2025-11-06T13:12:17.407+0000] {processor.py:183} INFO - Processing /home/airflow/.local/lib/python3.8/site-packages/airflow/example_dags/example_sensors.py took 0.245 seconds
[2025-11-06T13:12:48.031+0000] {processor.py:161} INFO - Started process (PID=14528) to work on /home/airflow/.local/lib/python3.8/site-packages/airflow/example_dags/example_sensors.py
[2025-11-06T13:12:48.039+0000] {processor.py:830} INFO - Processing file /home/airflow/.local/lib/python3.8/site-packages/airflow/example_dags/example_sensors.py for tasks to queue
[2025-11-06T13:12:48.054+0000] {logging_mixin.py:188} INFO - [2025-11-06T13:12:48.053+0000] {dagbag.py:538} INFO - Filling up the DagBag from /home/airflow/.local/lib/python3.8/site-packages/airflow/example_dags/example_sensors.py
[2025-11-06T13:12:48.098+0000] {processor.py:840} INFO - DAG(s) 'example_sensors' retrieved from /home/airflow/.local/lib/python3.8/site-packages/airflow/example_dags/example_sensors.py
[2025-11-06T13:12:48.400+0000] {logging_mixin.py:188} INFO - [2025-11-06T13:12:48.400+0000] {dag.py:3036} INFO - Sync 1 DAGs
[2025-11-06T13:12:48.618+0000] {logging_mixin.py:188} INFO - [2025-11-06T13:12:48.617+0000] {dag.py:3823} INFO - Setting next_dagrun for example_sensors to None, run_after=None
[2025-11-06T13:12:48.732+0000] {processor.py:183} INFO - Processing /home/airflow/.local/lib/python3.8/site-packages/airflow/example_dags/example_sensors.py took 0.740 seconds
[2025-11-06T13:13:18.947+0000] {processor.py:161} INFO - Started process (PID=14583) to work on /home/airflow/.local/lib/python3.8/site-packages/airflow/example_dags/example_sensors.py
[2025-11-06T13:13:18.950+0000] {processor.py:830} INFO - Processing file /home/airflow/.local/lib/python3.8/site-packages/airflow/example_dags/example_sensors.py for tasks to queue
[2025-11-06T13:13:18.957+0000] {logging_mixin.py:188} INFO - [2025-11-06T13:13:18.956+0000] {dagbag.py:538} INFO - Filling up the DagBag from /home/airflow/.local/lib/python3.8/site-packages/airflow/example_dags/example_sensors.py
[2025-11-06T13:13:18.996+0000] {processor.py:840} INFO - DAG(s) 'example_sensors' retrieved from /home/airflow/.local/lib/python3.8/site-packages/airflow/example_dags/example_sensors.py
[2025-11-06T13:13:19.087+0000] {logging_mixin.py:188} INFO - [2025-11-06T13:13:19.086+0000] {dag.py:3036} INFO - Sync 1 DAGs
[2025-11-06T13:13:19.136+0000] {logging_mixin.py:188} INFO - [2025-11-06T13:13:19.135+0000] {dag.py:3823} INFO - Setting next_dagrun for example_sensors to None, run_after=None
[2025-11-06T13:13:19.204+0000] {processor.py:183} INFO - Processing /home/airflow/.local/lib/python3.8/site-packages/airflow/example_dags/example_sensors.py took 0.269 seconds
[2025-11-06T13:13:49.638+0000] {processor.py:161} INFO - Started process (PID=14637) to work on /home/airflow/.local/lib/python3.8/site-packages/airflow/example_dags/example_sensors.py
[2025-11-06T13:13:49.641+0000] {processor.py:830} INFO - Processing file /home/airflow/.local/lib/python3.8/site-packages/airflow/example_dags/example_sensors.py for tasks to queue
[2025-11-06T13:13:49.647+0000] {logging_mixin.py:188} INFO - [2025-11-06T13:13:49.646+0000] {dagbag.py:538} INFO - Filling up the DagBag from /home/airflow/.local/lib/python3.8/site-packages/airflow/example_dags/example_sensors.py
[2025-11-06T13:13:49.675+0000] {processor.py:840} INFO - DAG(s) 'example_sensors' retrieved from /home/airflow/.local/lib/python3.8/site-packages/airflow/example_dags/example_sensors.py
[2025-11-06T13:13:49.735+0000] {logging_mixin.py:188} INFO - [2025-11-06T13:13:49.734+0000] {dag.py:3036} INFO - Sync 1 DAGs
[2025-11-06T13:13:49.760+0000] {logging_mixin.py:188} INFO - [2025-11-06T13:13:49.760+0000] {dag.py:3823} INFO - Setting next_dagrun for example_sensors to None, run_after=None
[2025-11-06T13:13:49.813+0000] {processor.py:183} INFO - Processing /home/airflow/.local/lib/python3.8/site-packages/airflow/example_dags/example_sensors.py took 0.185 seconds
[2025-11-06T13:14:20.008+0000] {processor.py:161} INFO - Started process (PID=14692) to work on /home/airflow/.local/lib/python3.8/site-packages/airflow/example_dags/example_sensors.py
[2025-11-06T13:14:20.010+0000] {processor.py:830} INFO - Processing file /home/airflow/.local/lib/python3.8/site-packages/airflow/example_dags/example_sensors.py for tasks to queue
[2025-11-06T13:14:20.015+0000] {logging_mixin.py:188} INFO - [2025-11-06T13:14:20.014+0000] {dagbag.py:538} INFO - Filling up the DagBag from /home/airflow/.local/lib/python3.8/site-packages/airflow/example_dags/example_sensors.py
[2025-11-06T13:14:20.042+0000] {processor.py:840} INFO - DAG(s) 'example_sensors' retrieved from /home/airflow/.local/lib/python3.8/site-packages/airflow/example_dags/example_sensors.py
[2025-11-06T13:14:20.121+0000] {logging_mixin.py:188} INFO - [2025-11-06T13:14:20.121+0000] {dag.py:3036} INFO - Sync 1 DAGs
[2025-11-06T13:14:20.155+0000] {logging_mixin.py:188} INFO - [2025-11-06T13:14:20.154+0000] {dag.py:3823} INFO - Setting next_dagrun for example_sensors to None, run_after=None
[2025-11-06T13:14:20.190+0000] {processor.py:183} INFO - Processing /home/airflow/.local/lib/python3.8/site-packages/airflow/example_dags/example_sensors.py took 0.191 seconds
[2025-11-06T13:14:50.682+0000] {processor.py:161} INFO - Started process (PID=14747) to work on /home/airflow/.local/lib/python3.8/site-packages/airflow/example_dags/example_sensors.py
[2025-11-06T13:14:50.685+0000] {processor.py:830} INFO - Processing file /home/airflow/.local/lib/python3.8/site-packages/airflow/example_dags/example_sensors.py for tasks to queue
[2025-11-06T13:14:50.690+0000] {logging_mixin.py:188} INFO - [2025-11-06T13:14:50.690+0000] {dagbag.py:538} INFO - Filling up the DagBag from /home/airflow/.local/lib/python3.8/site-packages/airflow/example_dags/example_sensors.py
[2025-11-06T13:14:50.711+0000] {processor.py:840} INFO - DAG(s) 'example_sensors' retrieved from /home/airflow/.local/lib/python3.8/site-packages/airflow/example_dags/example_sensors.py
[2025-11-06T13:14:50.775+0000] {logging_mixin.py:188} INFO - [2025-11-06T13:14:50.774+0000] {dag.py:3036} INFO - Sync 1 DAGs
[2025-11-06T13:14:50.815+0000] {logging_mixin.py:188} INFO - [2025-11-06T13:14:50.814+0000] {dag.py:3823} INFO - Setting next_dagrun for example_sensors to None, run_after=None
[2025-11-06T13:14:50.874+0000] {processor.py:183} INFO - Processing /home/airflow/.local/lib/python3.8/site-packages/airflow/example_dags/example_sensors.py took 0.200 seconds
[2025-11-06T13:15:21.813+0000] {processor.py:161} INFO - Started process (PID=14802) to work on /home/airflow/.local/lib/python3.8/site-packages/airflow/example_dags/example_sensors.py
[2025-11-06T13:15:21.815+0000] {processor.py:830} INFO - Processing file /home/airflow/.local/lib/python3.8/site-packages/airflow/example_dags/example_sensors.py for tasks to queue
[2025-11-06T13:15:21.832+0000] {logging_mixin.py:188} INFO - [2025-11-06T13:15:21.831+0000] {dagbag.py:538} INFO - Filling up the DagBag from /home/airflow/.local/lib/python3.8/site-packages/airflow/example_dags/example_sensors.py
[2025-11-06T13:15:21.864+0000] {processor.py:840} INFO - DAG(s) 'example_sensors' retrieved from /home/airflow/.local/lib/python3.8/site-packages/airflow/example_dags/example_sensors.py
[2025-11-06T13:15:22.058+0000] {logging_mixin.py:188} INFO - [2025-11-06T13:15:22.058+0000] {dag.py:3036} INFO - Sync 1 DAGs
[2025-11-06T13:15:22.178+0000] {logging_mixin.py:188} INFO - [2025-11-06T13:15:22.178+0000] {dag.py:3823} INFO - Setting next_dagrun for example_sensors to None, run_after=None
[2025-11-06T13:15:22.281+0000] {processor.py:183} INFO - Processing /home/airflow/.local/lib/python3.8/site-packages/airflow/example_dags/example_sensors.py took 0.490 seconds
[2025-11-06T13:15:53.030+0000] {processor.py:161} INFO - Started process (PID=14857) to work on /home/airflow/.local/lib/python3.8/site-packages/airflow/example_dags/example_sensors.py
[2025-11-06T13:15:53.038+0000] {processor.py:830} INFO - Processing file /home/airflow/.local/lib/python3.8/site-packages/airflow/example_dags/example_sensors.py for tasks to queue
[2025-11-06T13:15:53.057+0000] {logging_mixin.py:188} INFO - [2025-11-06T13:15:53.054+0000] {dagbag.py:538} INFO - Filling up the DagBag from /home/airflow/.local/lib/python3.8/site-packages/airflow/example_dags/example_sensors.py
[2025-11-06T13:15:53.127+0000] {processor.py:840} INFO - DAG(s) 'example_sensors' retrieved from /home/airflow/.local/lib/python3.8/site-packages/airflow/example_dags/example_sensors.py
[2025-11-06T13:15:53.292+0000] {logging_mixin.py:188} INFO - [2025-11-06T13:15:53.290+0000] {dag.py:3036} INFO - Sync 1 DAGs
[2025-11-06T13:15:53.368+0000] {logging_mixin.py:188} INFO - [2025-11-06T13:15:53.367+0000] {dag.py:3823} INFO - Setting next_dagrun for example_sensors to None, run_after=None
[2025-11-06T13:15:53.507+0000] {processor.py:183} INFO - Processing /home/airflow/.local/lib/python3.8/site-packages/airflow/example_dags/example_sensors.py took 0.490 seconds
[2025-11-06T13:16:23.879+0000] {processor.py:161} INFO - Started process (PID=14912) to work on /home/airflow/.local/lib/python3.8/site-packages/airflow/example_dags/example_sensors.py
[2025-11-06T13:16:23.882+0000] {processor.py:830} INFO - Processing file /home/airflow/.local/lib/python3.8/site-packages/airflow/example_dags/example_sensors.py for tasks to queue
[2025-11-06T13:16:23.888+0000] {logging_mixin.py:188} INFO - [2025-11-06T13:16:23.886+0000] {dagbag.py:538} INFO - Filling up the DagBag from /home/airflow/.local/lib/python3.8/site-packages/airflow/example_dags/example_sensors.py
[2025-11-06T13:16:23.928+0000] {processor.py:840} INFO - DAG(s) 'example_sensors' retrieved from /home/airflow/.local/lib/python3.8/site-packages/airflow/example_dags/example_sensors.py
[2025-11-06T13:16:24.103+0000] {logging_mixin.py:188} INFO - [2025-11-06T13:16:24.103+0000] {dag.py:3036} INFO - Sync 1 DAGs
[2025-11-06T13:16:24.162+0000] {logging_mixin.py:188} INFO - [2025-11-06T13:16:24.160+0000] {dag.py:3823} INFO - Setting next_dagrun for example_sensors to None, run_after=None
[2025-11-06T13:16:24.249+0000] {processor.py:183} INFO - Processing /home/airflow/.local/lib/python3.8/site-packages/airflow/example_dags/example_sensors.py took 0.386 seconds
[2025-11-06T13:16:54.505+0000] {processor.py:161} INFO - Started process (PID=14967) to work on /home/airflow/.local/lib/python3.8/site-packages/airflow/example_dags/example_sensors.py
[2025-11-06T13:16:54.508+0000] {processor.py:830} INFO - Processing file /home/airflow/.local/lib/python3.8/site-packages/airflow/example_dags/example_sensors.py for tasks to queue
[2025-11-06T13:16:54.516+0000] {logging_mixin.py:188} INFO - [2025-11-06T13:16:54.515+0000] {dagbag.py:538} INFO - Filling up the DagBag from /home/airflow/.local/lib/python3.8/site-packages/airflow/example_dags/example_sensors.py
[2025-11-06T13:16:54.562+0000] {processor.py:840} INFO - DAG(s) 'example_sensors' retrieved from /home/airflow/.local/lib/python3.8/site-packages/airflow/example_dags/example_sensors.py
[2025-11-06T13:16:54.748+0000] {logging_mixin.py:188} INFO - [2025-11-06T13:16:54.738+0000] {dag.py:3036} INFO - Sync 1 DAGs
[2025-11-06T13:16:54.834+0000] {logging_mixin.py:188} INFO - [2025-11-06T13:16:54.833+0000] {dag.py:3823} INFO - Setting next_dagrun for example_sensors to None, run_after=None
[2025-11-06T13:16:54.897+0000] {processor.py:183} INFO - Processing /home/airflow/.local/lib/python3.8/site-packages/airflow/example_dags/example_sensors.py took 0.407 seconds
[2025-11-06T13:17:25.693+0000] {processor.py:161} INFO - Started process (PID=15023) to work on /home/airflow/.local/lib/python3.8/site-packages/airflow/example_dags/example_sensors.py
[2025-11-06T13:17:25.694+0000] {processor.py:830} INFO - Processing file /home/airflow/.local/lib/python3.8/site-packages/airflow/example_dags/example_sensors.py for tasks to queue
[2025-11-06T13:17:25.698+0000] {logging_mixin.py:188} INFO - [2025-11-06T13:17:25.697+0000] {dagbag.py:538} INFO - Filling up the DagBag from /home/airflow/.local/lib/python3.8/site-packages/airflow/example_dags/example_sensors.py
[2025-11-06T13:17:25.711+0000] {processor.py:840} INFO - DAG(s) 'example_sensors' retrieved from /home/airflow/.local/lib/python3.8/site-packages/airflow/example_dags/example_sensors.py
[2025-11-06T13:17:25.750+0000] {logging_mixin.py:188} INFO - [2025-11-06T13:17:25.750+0000] {dag.py:3036} INFO - Sync 1 DAGs
[2025-11-06T13:17:25.769+0000] {logging_mixin.py:188} INFO - [2025-11-06T13:17:25.768+0000] {dag.py:3823} INFO - Setting next_dagrun for example_sensors to None, run_after=None
[2025-11-06T13:17:25.804+0000] {processor.py:183} INFO - Processing /home/airflow/.local/lib/python3.8/site-packages/airflow/example_dags/example_sensors.py took 0.117 seconds
[2025-11-06T13:17:56.128+0000] {processor.py:161} INFO - Started process (PID=15078) to work on /home/airflow/.local/lib/python3.8/site-packages/airflow/example_dags/example_sensors.py
[2025-11-06T13:17:56.133+0000] {processor.py:830} INFO - Processing file /home/airflow/.local/lib/python3.8/site-packages/airflow/example_dags/example_sensors.py for tasks to queue
[2025-11-06T13:17:56.141+0000] {logging_mixin.py:188} INFO - [2025-11-06T13:17:56.139+0000] {dagbag.py:538} INFO - Filling up the DagBag from /home/airflow/.local/lib/python3.8/site-packages/airflow/example_dags/example_sensors.py
[2025-11-06T13:17:56.199+0000] {processor.py:840} INFO - DAG(s) 'example_sensors' retrieved from /home/airflow/.local/lib/python3.8/site-packages/airflow/example_dags/example_sensors.py
[2025-11-06T13:17:56.353+0000] {logging_mixin.py:188} INFO - [2025-11-06T13:17:56.352+0000] {dag.py:3036} INFO - Sync 1 DAGs
[2025-11-06T13:17:56.396+0000] {logging_mixin.py:188} INFO - [2025-11-06T13:17:56.396+0000] {dag.py:3823} INFO - Setting next_dagrun for example_sensors to None, run_after=None
[2025-11-06T13:17:56.462+0000] {processor.py:183} INFO - Processing /home/airflow/.local/lib/python3.8/site-packages/airflow/example_dags/example_sensors.py took 0.353 seconds
[2025-11-06T13:18:27.167+0000] {processor.py:161} INFO - Started process (PID=15131) to work on /home/airflow/.local/lib/python3.8/site-packages/airflow/example_dags/example_sensors.py
[2025-11-06T13:18:27.171+0000] {processor.py:830} INFO - Processing file /home/airflow/.local/lib/python3.8/site-packages/airflow/example_dags/example_sensors.py for tasks to queue
[2025-11-06T13:18:27.188+0000] {logging_mixin.py:188} INFO - [2025-11-06T13:18:27.187+0000] {dagbag.py:538} INFO - Filling up the DagBag from /home/airflow/.local/lib/python3.8/site-packages/airflow/example_dags/example_sensors.py
[2025-11-06T13:18:27.265+0000] {processor.py:840} INFO - DAG(s) 'example_sensors' retrieved from /home/airflow/.local/lib/python3.8/site-packages/airflow/example_dags/example_sensors.py
[2025-11-06T13:18:27.450+0000] {logging_mixin.py:188} INFO - [2025-11-06T13:18:27.450+0000] {dag.py:3036} INFO - Sync 1 DAGs
[2025-11-06T13:18:27.651+0000] {logging_mixin.py:188} INFO - [2025-11-06T13:18:27.651+0000] {dag.py:3823} INFO - Setting next_dagrun for example_sensors to None, run_after=None
[2025-11-06T13:18:27.786+0000] {processor.py:183} INFO - Processing /home/airflow/.local/lib/python3.8/site-packages/airflow/example_dags/example_sensors.py took 0.639 seconds
[2025-11-06T13:18:58.101+0000] {processor.py:161} INFO - Started process (PID=15183) to work on /home/airflow/.local/lib/python3.8/site-packages/airflow/example_dags/example_sensors.py
[2025-11-06T13:18:58.111+0000] {processor.py:830} INFO - Processing file /home/airflow/.local/lib/python3.8/site-packages/airflow/example_dags/example_sensors.py for tasks to queue
[2025-11-06T13:18:58.120+0000] {logging_mixin.py:188} INFO - [2025-11-06T13:18:58.119+0000] {dagbag.py:538} INFO - Filling up the DagBag from /home/airflow/.local/lib/python3.8/site-packages/airflow/example_dags/example_sensors.py
[2025-11-06T13:18:58.166+0000] {processor.py:840} INFO - DAG(s) 'example_sensors' retrieved from /home/airflow/.local/lib/python3.8/site-packages/airflow/example_dags/example_sensors.py
[2025-11-06T13:18:58.299+0000] {logging_mixin.py:188} INFO - [2025-11-06T13:18:58.293+0000] {dag.py:3036} INFO - Sync 1 DAGs
[2025-11-06T13:18:58.390+0000] {logging_mixin.py:188} INFO - [2025-11-06T13:18:58.390+0000] {dag.py:3823} INFO - Setting next_dagrun for example_sensors to None, run_after=None
[2025-11-06T13:18:58.511+0000] {processor.py:183} INFO - Processing /home/airflow/.local/lib/python3.8/site-packages/airflow/example_dags/example_sensors.py took 0.424 seconds
[2025-11-06T13:19:30.154+0000] {processor.py:161} INFO - Started process (PID=15238) to work on /home/airflow/.local/lib/python3.8/site-packages/airflow/example_dags/example_sensors.py
[2025-11-06T13:19:30.159+0000] {processor.py:830} INFO - Processing file /home/airflow/.local/lib/python3.8/site-packages/airflow/example_dags/example_sensors.py for tasks to queue
[2025-11-06T13:19:30.171+0000] {logging_mixin.py:188} INFO - [2025-11-06T13:19:30.170+0000] {dagbag.py:538} INFO - Filling up the DagBag from /home/airflow/.local/lib/python3.8/site-packages/airflow/example_dags/example_sensors.py
[2025-11-06T13:19:30.247+0000] {processor.py:840} INFO - DAG(s) 'example_sensors' retrieved from /home/airflow/.local/lib/python3.8/site-packages/airflow/example_dags/example_sensors.py
[2025-11-06T13:19:30.422+0000] {logging_mixin.py:188} INFO - [2025-11-06T13:19:30.421+0000] {dag.py:3036} INFO - Sync 1 DAGs
[2025-11-06T13:19:30.525+0000] {logging_mixin.py:188} INFO - [2025-11-06T13:19:30.524+0000] {dag.py:3823} INFO - Setting next_dagrun for example_sensors to None, run_after=None
[2025-11-06T13:19:30.670+0000] {processor.py:183} INFO - Processing /home/airflow/.local/lib/python3.8/site-packages/airflow/example_dags/example_sensors.py took 0.535 seconds
[2025-11-06T13:20:01.711+0000] {processor.py:161} INFO - Started process (PID=15293) to work on /home/airflow/.local/lib/python3.8/site-packages/airflow/example_dags/example_sensors.py
[2025-11-06T13:20:01.719+0000] {processor.py:830} INFO - Processing file /home/airflow/.local/lib/python3.8/site-packages/airflow/example_dags/example_sensors.py for tasks to queue
[2025-11-06T13:20:01.736+0000] {logging_mixin.py:188} INFO - [2025-11-06T13:20:01.735+0000] {dagbag.py:538} INFO - Filling up the DagBag from /home/airflow/.local/lib/python3.8/site-packages/airflow/example_dags/example_sensors.py
[2025-11-06T13:20:01.853+0000] {processor.py:840} INFO - DAG(s) 'example_sensors' retrieved from /home/airflow/.local/lib/python3.8/site-packages/airflow/example_dags/example_sensors.py
[2025-11-06T13:20:02.022+0000] {logging_mixin.py:188} INFO - [2025-11-06T13:20:02.021+0000] {dag.py:3036} INFO - Sync 1 DAGs
[2025-11-06T13:20:02.112+0000] {logging_mixin.py:188} INFO - [2025-11-06T13:20:02.111+0000] {dag.py:3823} INFO - Setting next_dagrun for example_sensors to None, run_after=None
[2025-11-06T13:20:02.227+0000] {processor.py:183} INFO - Processing /home/airflow/.local/lib/python3.8/site-packages/airflow/example_dags/example_sensors.py took 0.534 seconds
[2025-11-06T13:20:32.619+0000] {processor.py:161} INFO - Started process (PID=15348) to work on /home/airflow/.local/lib/python3.8/site-packages/airflow/example_dags/example_sensors.py
[2025-11-06T13:20:32.621+0000] {processor.py:830} INFO - Processing file /home/airflow/.local/lib/python3.8/site-packages/airflow/example_dags/example_sensors.py for tasks to queue
[2025-11-06T13:20:32.627+0000] {logging_mixin.py:188} INFO - [2025-11-06T13:20:32.626+0000] {dagbag.py:538} INFO - Filling up the DagBag from /home/airflow/.local/lib/python3.8/site-packages/airflow/example_dags/example_sensors.py
[2025-11-06T13:20:32.655+0000] {processor.py:840} INFO - DAG(s) 'example_sensors' retrieved from /home/airflow/.local/lib/python3.8/site-packages/airflow/example_dags/example_sensors.py
[2025-11-06T13:20:32.716+0000] {logging_mixin.py:188} INFO - [2025-11-06T13:20:32.715+0000] {dag.py:3036} INFO - Sync 1 DAGs
[2025-11-06T13:20:32.745+0000] {logging_mixin.py:188} INFO - [2025-11-06T13:20:32.744+0000] {dag.py:3823} INFO - Setting next_dagrun for example_sensors to None, run_after=None
[2025-11-06T13:20:32.793+0000] {processor.py:183} INFO - Processing /home/airflow/.local/lib/python3.8/site-packages/airflow/example_dags/example_sensors.py took 0.184 seconds
[2025-11-06T13:21:02.937+0000] {processor.py:161} INFO - Started process (PID=15403) to work on /home/airflow/.local/lib/python3.8/site-packages/airflow/example_dags/example_sensors.py
[2025-11-06T13:21:02.942+0000] {processor.py:830} INFO - Processing file /home/airflow/.local/lib/python3.8/site-packages/airflow/example_dags/example_sensors.py for tasks to queue
[2025-11-06T13:21:02.949+0000] {logging_mixin.py:188} INFO - [2025-11-06T13:21:02.947+0000] {dagbag.py:538} INFO - Filling up the DagBag from /home/airflow/.local/lib/python3.8/site-packages/airflow/example_dags/example_sensors.py
[2025-11-06T13:21:02.993+0000] {processor.py:840} INFO - DAG(s) 'example_sensors' retrieved from /home/airflow/.local/lib/python3.8/site-packages/airflow/example_dags/example_sensors.py
[2025-11-06T13:21:03.081+0000] {logging_mixin.py:188} INFO - [2025-11-06T13:21:03.080+0000] {dag.py:3036} INFO - Sync 1 DAGs
[2025-11-06T13:21:03.107+0000] {logging_mixin.py:188} INFO - [2025-11-06T13:21:03.106+0000] {dag.py:3823} INFO - Setting next_dagrun for example_sensors to None, run_after=None
[2025-11-06T13:21:03.144+0000] {processor.py:183} INFO - Processing /home/airflow/.local/lib/python3.8/site-packages/airflow/example_dags/example_sensors.py took 0.227 seconds
[2025-11-06T13:21:33.541+0000] {processor.py:161} INFO - Started process (PID=15458) to work on /home/airflow/.local/lib/python3.8/site-packages/airflow/example_dags/example_sensors.py
[2025-11-06T13:21:33.545+0000] {processor.py:830} INFO - Processing file /home/airflow/.local/lib/python3.8/site-packages/airflow/example_dags/example_sensors.py for tasks to queue
[2025-11-06T13:21:33.553+0000] {logging_mixin.py:188} INFO - [2025-11-06T13:21:33.552+0000] {dagbag.py:538} INFO - Filling up the DagBag from /home/airflow/.local/lib/python3.8/site-packages/airflow/example_dags/example_sensors.py
[2025-11-06T13:21:33.586+0000] {processor.py:840} INFO - DAG(s) 'example_sensors' retrieved from /home/airflow/.local/lib/python3.8/site-packages/airflow/example_dags/example_sensors.py
[2025-11-06T13:21:33.675+0000] {logging_mixin.py:188} INFO - [2025-11-06T13:21:33.675+0000] {dag.py:3036} INFO - Sync 1 DAGs
[2025-11-06T13:21:33.728+0000] {logging_mixin.py:188} INFO - [2025-11-06T13:21:33.727+0000] {dag.py:3823} INFO - Setting next_dagrun for example_sensors to None, run_after=None
[2025-11-06T13:21:33.814+0000] {processor.py:183} INFO - Processing /home/airflow/.local/lib/python3.8/site-packages/airflow/example_dags/example_sensors.py took 0.285 seconds
[2025-11-06T13:22:04.233+0000] {processor.py:161} INFO - Started process (PID=15512) to work on /home/airflow/.local/lib/python3.8/site-packages/airflow/example_dags/example_sensors.py
[2025-11-06T13:22:04.235+0000] {processor.py:830} INFO - Processing file /home/airflow/.local/lib/python3.8/site-packages/airflow/example_dags/example_sensors.py for tasks to queue
[2025-11-06T13:22:04.239+0000] {logging_mixin.py:188} INFO - [2025-11-06T13:22:04.238+0000] {dagbag.py:538} INFO - Filling up the DagBag from /home/airflow/.local/lib/python3.8/site-packages/airflow/example_dags/example_sensors.py
[2025-11-06T13:22:04.254+0000] {processor.py:840} INFO - DAG(s) 'example_sensors' retrieved from /home/airflow/.local/lib/python3.8/site-packages/airflow/example_dags/example_sensors.py
[2025-11-06T13:22:04.301+0000] {logging_mixin.py:188} INFO - [2025-11-06T13:22:04.301+0000] {dag.py:3036} INFO - Sync 1 DAGs
[2025-11-06T13:22:04.324+0000] {logging_mixin.py:188} INFO - [2025-11-06T13:22:04.324+0000] {dag.py:3823} INFO - Setting next_dagrun for example_sensors to None, run_after=None
[2025-11-06T13:22:04.362+0000] {processor.py:183} INFO - Processing /home/airflow/.local/lib/python3.8/site-packages/airflow/example_dags/example_sensors.py took 0.134 seconds
[2025-11-06T13:22:34.908+0000] {processor.py:161} INFO - Started process (PID=15567) to work on /home/airflow/.local/lib/python3.8/site-packages/airflow/example_dags/example_sensors.py
[2025-11-06T13:22:34.909+0000] {processor.py:830} INFO - Processing file /home/airflow/.local/lib/python3.8/site-packages/airflow/example_dags/example_sensors.py for tasks to queue
[2025-11-06T13:22:34.913+0000] {logging_mixin.py:188} INFO - [2025-11-06T13:22:34.912+0000] {dagbag.py:538} INFO - Filling up the DagBag from /home/airflow/.local/lib/python3.8/site-packages/airflow/example_dags/example_sensors.py
[2025-11-06T13:22:34.926+0000] {processor.py:840} INFO - DAG(s) 'example_sensors' retrieved from /home/airflow/.local/lib/python3.8/site-packages/airflow/example_dags/example_sensors.py
[2025-11-06T13:22:34.966+0000] {logging_mixin.py:188} INFO - [2025-11-06T13:22:34.966+0000] {dag.py:3036} INFO - Sync 1 DAGs
[2025-11-06T13:22:34.990+0000] {logging_mixin.py:188} INFO - [2025-11-06T13:22:34.989+0000] {dag.py:3823} INFO - Setting next_dagrun for example_sensors to None, run_after=None
[2025-11-06T13:22:35.023+0000] {processor.py:183} INFO - Processing /home/airflow/.local/lib/python3.8/site-packages/airflow/example_dags/example_sensors.py took 0.120 seconds
[2025-11-06T13:23:06.236+0000] {processor.py:161} INFO - Started process (PID=15628) to work on /home/airflow/.local/lib/python3.8/site-packages/airflow/example_dags/example_sensors.py
[2025-11-06T13:23:06.240+0000] {processor.py:830} INFO - Processing file /home/airflow/.local/lib/python3.8/site-packages/airflow/example_dags/example_sensors.py for tasks to queue
[2025-11-06T13:23:06.254+0000] {logging_mixin.py:188} INFO - [2025-11-06T13:23:06.252+0000] {dagbag.py:538} INFO - Filling up the DagBag from /home/airflow/.local/lib/python3.8/site-packages/airflow/example_dags/example_sensors.py
[2025-11-06T13:23:06.322+0000] {processor.py:840} INFO - DAG(s) 'example_sensors' retrieved from /home/airflow/.local/lib/python3.8/site-packages/airflow/example_dags/example_sensors.py
[2025-11-06T13:23:06.448+0000] {logging_mixin.py:188} INFO - [2025-11-06T13:23:06.447+0000] {dag.py:3036} INFO - Sync 1 DAGs
[2025-11-06T13:23:06.565+0000] {logging_mixin.py:188} INFO - [2025-11-06T13:23:06.564+0000] {dag.py:3823} INFO - Setting next_dagrun for example_sensors to None, run_after=None
[2025-11-06T13:23:06.699+0000] {processor.py:183} INFO - Processing /home/airflow/.local/lib/python3.8/site-packages/airflow/example_dags/example_sensors.py took 0.458 seconds
[2025-11-06T13:23:37.052+0000] {processor.py:161} INFO - Started process (PID=15677) to work on /home/airflow/.local/lib/python3.8/site-packages/airflow/example_dags/example_sensors.py
[2025-11-06T13:23:37.089+0000] {processor.py:830} INFO - Processing file /home/airflow/.local/lib/python3.8/site-packages/airflow/example_dags/example_sensors.py for tasks to queue
[2025-11-06T13:23:37.127+0000] {logging_mixin.py:188} INFO - [2025-11-06T13:23:37.126+0000] {dagbag.py:538} INFO - Filling up the DagBag from /home/airflow/.local/lib/python3.8/site-packages/airflow/example_dags/example_sensors.py
[2025-11-06T13:23:37.218+0000] {processor.py:840} INFO - DAG(s) 'example_sensors' retrieved from /home/airflow/.local/lib/python3.8/site-packages/airflow/example_dags/example_sensors.py
[2025-11-06T13:23:37.491+0000] {logging_mixin.py:188} INFO - [2025-11-06T13:23:37.491+0000] {dag.py:3036} INFO - Sync 1 DAGs
[2025-11-06T13:23:37.659+0000] {logging_mixin.py:188} INFO - [2025-11-06T13:23:37.659+0000] {dag.py:3823} INFO - Setting next_dagrun for example_sensors to None, run_after=None
[2025-11-06T13:23:37.896+0000] {processor.py:183} INFO - Processing /home/airflow/.local/lib/python3.8/site-packages/airflow/example_dags/example_sensors.py took 0.872 seconds
[2025-11-06T13:24:08.110+0000] {processor.py:161} INFO - Started process (PID=15732) to work on /home/airflow/.local/lib/python3.8/site-packages/airflow/example_dags/example_sensors.py
[2025-11-06T13:24:08.112+0000] {processor.py:830} INFO - Processing file /home/airflow/.local/lib/python3.8/site-packages/airflow/example_dags/example_sensors.py for tasks to queue
[2025-11-06T13:24:08.118+0000] {logging_mixin.py:188} INFO - [2025-11-06T13:24:08.118+0000] {dagbag.py:538} INFO - Filling up the DagBag from /home/airflow/.local/lib/python3.8/site-packages/airflow/example_dags/example_sensors.py
[2025-11-06T13:24:08.145+0000] {processor.py:840} INFO - DAG(s) 'example_sensors' retrieved from /home/airflow/.local/lib/python3.8/site-packages/airflow/example_dags/example_sensors.py
[2025-11-06T13:24:08.195+0000] {logging_mixin.py:188} INFO - [2025-11-06T13:24:08.195+0000] {dag.py:3036} INFO - Sync 1 DAGs
[2025-11-06T13:24:08.222+0000] {logging_mixin.py:188} INFO - [2025-11-06T13:24:08.221+0000] {dag.py:3823} INFO - Setting next_dagrun for example_sensors to None, run_after=None
[2025-11-06T13:24:08.262+0000] {processor.py:183} INFO - Processing /home/airflow/.local/lib/python3.8/site-packages/airflow/example_dags/example_sensors.py took 0.163 seconds
[2025-11-06T13:24:38.673+0000] {processor.py:161} INFO - Started process (PID=15784) to work on /home/airflow/.local/lib/python3.8/site-packages/airflow/example_dags/example_sensors.py
[2025-11-06T13:24:38.677+0000] {processor.py:830} INFO - Processing file /home/airflow/.local/lib/python3.8/site-packages/airflow/example_dags/example_sensors.py for tasks to queue
[2025-11-06T13:24:38.683+0000] {logging_mixin.py:188} INFO - [2025-11-06T13:24:38.682+0000] {dagbag.py:538} INFO - Filling up the DagBag from /home/airflow/.local/lib/python3.8/site-packages/airflow/example_dags/example_sensors.py
[2025-11-06T13:24:38.711+0000] {processor.py:840} INFO - DAG(s) 'example_sensors' retrieved from /home/airflow/.local/lib/python3.8/site-packages/airflow/example_dags/example_sensors.py
[2025-11-06T13:24:38.792+0000] {logging_mixin.py:188} INFO - [2025-11-06T13:24:38.791+0000] {dag.py:3036} INFO - Sync 1 DAGs
[2025-11-06T13:24:38.831+0000] {logging_mixin.py:188} INFO - [2025-11-06T13:24:38.831+0000] {dag.py:3823} INFO - Setting next_dagrun for example_sensors to None, run_after=None
[2025-11-06T13:24:38.935+0000] {processor.py:183} INFO - Processing /home/airflow/.local/lib/python3.8/site-packages/airflow/example_dags/example_sensors.py took 0.276 seconds
[2025-11-06T13:25:09.426+0000] {processor.py:161} INFO - Started process (PID=15839) to work on /home/airflow/.local/lib/python3.8/site-packages/airflow/example_dags/example_sensors.py
[2025-11-06T13:25:09.428+0000] {processor.py:830} INFO - Processing file /home/airflow/.local/lib/python3.8/site-packages/airflow/example_dags/example_sensors.py for tasks to queue
[2025-11-06T13:25:09.432+0000] {logging_mixin.py:188} INFO - [2025-11-06T13:25:09.432+0000] {dagbag.py:538} INFO - Filling up the DagBag from /home/airflow/.local/lib/python3.8/site-packages/airflow/example_dags/example_sensors.py
[2025-11-06T13:25:09.453+0000] {processor.py:840} INFO - DAG(s) 'example_sensors' retrieved from /home/airflow/.local/lib/python3.8/site-packages/airflow/example_dags/example_sensors.py
[2025-11-06T13:25:09.512+0000] {logging_mixin.py:188} INFO - [2025-11-06T13:25:09.512+0000] {dag.py:3036} INFO - Sync 1 DAGs
[2025-11-06T13:25:09.547+0000] {logging_mixin.py:188} INFO - [2025-11-06T13:25:09.546+0000] {dag.py:3823} INFO - Setting next_dagrun for example_sensors to None, run_after=None
[2025-11-06T13:25:09.608+0000] {processor.py:183} INFO - Processing /home/airflow/.local/lib/python3.8/site-packages/airflow/example_dags/example_sensors.py took 0.190 seconds
[2025-11-06T13:25:39.815+0000] {processor.py:161} INFO - Started process (PID=15891) to work on /home/airflow/.local/lib/python3.8/site-packages/airflow/example_dags/example_sensors.py
[2025-11-06T13:25:39.818+0000] {processor.py:830} INFO - Processing file /home/airflow/.local/lib/python3.8/site-packages/airflow/example_dags/example_sensors.py for tasks to queue
[2025-11-06T13:25:39.826+0000] {logging_mixin.py:188} INFO - [2025-11-06T13:25:39.825+0000] {dagbag.py:538} INFO - Filling up the DagBag from /home/airflow/.local/lib/python3.8/site-packages/airflow/example_dags/example_sensors.py
[2025-11-06T13:25:39.861+0000] {processor.py:840} INFO - DAG(s) 'example_sensors' retrieved from /home/airflow/.local/lib/python3.8/site-packages/airflow/example_dags/example_sensors.py
[2025-11-06T13:25:39.934+0000] {logging_mixin.py:188} INFO - [2025-11-06T13:25:39.934+0000] {dag.py:3036} INFO - Sync 1 DAGs
[2025-11-06T13:25:39.970+0000] {logging_mixin.py:188} INFO - [2025-11-06T13:25:39.970+0000] {dag.py:3823} INFO - Setting next_dagrun for example_sensors to None, run_after=None
[2025-11-06T13:25:40.042+0000] {processor.py:183} INFO - Processing /home/airflow/.local/lib/python3.8/site-packages/airflow/example_dags/example_sensors.py took 0.242 seconds
[2025-11-06T13:26:10.637+0000] {processor.py:161} INFO - Started process (PID=15945) to work on /home/airflow/.local/lib/python3.8/site-packages/airflow/example_dags/example_sensors.py
[2025-11-06T13:26:10.641+0000] {processor.py:830} INFO - Processing file /home/airflow/.local/lib/python3.8/site-packages/airflow/example_dags/example_sensors.py for tasks to queue
[2025-11-06T13:26:10.648+0000] {logging_mixin.py:188} INFO - [2025-11-06T13:26:10.648+0000] {dagbag.py:538} INFO - Filling up the DagBag from /home/airflow/.local/lib/python3.8/site-packages/airflow/example_dags/example_sensors.py
[2025-11-06T13:26:10.689+0000] {processor.py:840} INFO - DAG(s) 'example_sensors' retrieved from /home/airflow/.local/lib/python3.8/site-packages/airflow/example_dags/example_sensors.py
[2025-11-06T13:26:10.751+0000] {logging_mixin.py:188} INFO - [2025-11-06T13:26:10.750+0000] {dag.py:3036} INFO - Sync 1 DAGs
[2025-11-06T13:26:10.793+0000] {logging_mixin.py:188} INFO - [2025-11-06T13:26:10.792+0000] {dag.py:3823} INFO - Setting next_dagrun for example_sensors to None, run_after=None
[2025-11-06T13:26:10.832+0000] {processor.py:183} INFO - Processing /home/airflow/.local/lib/python3.8/site-packages/airflow/example_dags/example_sensors.py took 0.213 seconds
[2025-11-06T13:26:41.309+0000] {processor.py:161} INFO - Started process (PID=16000) to work on /home/airflow/.local/lib/python3.8/site-packages/airflow/example_dags/example_sensors.py
[2025-11-06T13:26:41.311+0000] {processor.py:830} INFO - Processing file /home/airflow/.local/lib/python3.8/site-packages/airflow/example_dags/example_sensors.py for tasks to queue
[2025-11-06T13:26:41.316+0000] {logging_mixin.py:188} INFO - [2025-11-06T13:26:41.315+0000] {dagbag.py:538} INFO - Filling up the DagBag from /home/airflow/.local/lib/python3.8/site-packages/airflow/example_dags/example_sensors.py
[2025-11-06T13:26:41.339+0000] {processor.py:840} INFO - DAG(s) 'example_sensors' retrieved from /home/airflow/.local/lib/python3.8/site-packages/airflow/example_dags/example_sensors.py
[2025-11-06T13:26:41.392+0000] {logging_mixin.py:188} INFO - [2025-11-06T13:26:41.391+0000] {dag.py:3036} INFO - Sync 1 DAGs
[2025-11-06T13:26:41.414+0000] {logging_mixin.py:188} INFO - [2025-11-06T13:26:41.413+0000] {dag.py:3823} INFO - Setting next_dagrun for example_sensors to None, run_after=None
[2025-11-06T13:26:41.452+0000] {processor.py:183} INFO - Processing /home/airflow/.local/lib/python3.8/site-packages/airflow/example_dags/example_sensors.py took 0.150 seconds
[2025-11-06T13:27:11.581+0000] {processor.py:161} INFO - Started process (PID=16052) to work on /home/airflow/.local/lib/python3.8/site-packages/airflow/example_dags/example_sensors.py
[2025-11-06T13:27:11.583+0000] {processor.py:830} INFO - Processing file /home/airflow/.local/lib/python3.8/site-packages/airflow/example_dags/example_sensors.py for tasks to queue
[2025-11-06T13:27:11.588+0000] {logging_mixin.py:188} INFO - [2025-11-06T13:27:11.587+0000] {dagbag.py:538} INFO - Filling up the DagBag from /home/airflow/.local/lib/python3.8/site-packages/airflow/example_dags/example_sensors.py
[2025-11-06T13:27:11.611+0000] {processor.py:840} INFO - DAG(s) 'example_sensors' retrieved from /home/airflow/.local/lib/python3.8/site-packages/airflow/example_dags/example_sensors.py
[2025-11-06T13:27:11.674+0000] {logging_mixin.py:188} INFO - [2025-11-06T13:27:11.673+0000] {dag.py:3036} INFO - Sync 1 DAGs
[2025-11-06T13:27:11.734+0000] {logging_mixin.py:188} INFO - [2025-11-06T13:27:11.733+0000] {dag.py:3823} INFO - Setting next_dagrun for example_sensors to None, run_after=None
[2025-11-06T13:27:11.806+0000] {processor.py:183} INFO - Processing /home/airflow/.local/lib/python3.8/site-packages/airflow/example_dags/example_sensors.py took 0.232 seconds
[2025-11-06T13:27:42.432+0000] {processor.py:161} INFO - Started process (PID=16107) to work on /home/airflow/.local/lib/python3.8/site-packages/airflow/example_dags/example_sensors.py
[2025-11-06T13:27:42.435+0000] {processor.py:830} INFO - Processing file /home/airflow/.local/lib/python3.8/site-packages/airflow/example_dags/example_sensors.py for tasks to queue
[2025-11-06T13:27:42.439+0000] {logging_mixin.py:188} INFO - [2025-11-06T13:27:42.439+0000] {dagbag.py:538} INFO - Filling up the DagBag from /home/airflow/.local/lib/python3.8/site-packages/airflow/example_dags/example_sensors.py
[2025-11-06T13:27:42.455+0000] {processor.py:840} INFO - DAG(s) 'example_sensors' retrieved from /home/airflow/.local/lib/python3.8/site-packages/airflow/example_dags/example_sensors.py
[2025-11-06T13:27:42.498+0000] {logging_mixin.py:188} INFO - [2025-11-06T13:27:42.497+0000] {dag.py:3036} INFO - Sync 1 DAGs
[2025-11-06T13:27:42.518+0000] {logging_mixin.py:188} INFO - [2025-11-06T13:27:42.518+0000] {dag.py:3823} INFO - Setting next_dagrun for example_sensors to None, run_after=None
[2025-11-06T13:27:42.563+0000] {processor.py:183} INFO - Processing /home/airflow/.local/lib/python3.8/site-packages/airflow/example_dags/example_sensors.py took 0.139 seconds
[2025-11-06T13:28:13.011+0000] {processor.py:161} INFO - Started process (PID=16162) to work on /home/airflow/.local/lib/python3.8/site-packages/airflow/example_dags/example_sensors.py
[2025-11-06T13:28:13.013+0000] {processor.py:830} INFO - Processing file /home/airflow/.local/lib/python3.8/site-packages/airflow/example_dags/example_sensors.py for tasks to queue
[2025-11-06T13:28:13.017+0000] {logging_mixin.py:188} INFO - [2025-11-06T13:28:13.016+0000] {dagbag.py:538} INFO - Filling up the DagBag from /home/airflow/.local/lib/python3.8/site-packages/airflow/example_dags/example_sensors.py
[2025-11-06T13:28:13.034+0000] {processor.py:840} INFO - DAG(s) 'example_sensors' retrieved from /home/airflow/.local/lib/python3.8/site-packages/airflow/example_dags/example_sensors.py
[2025-11-06T13:28:13.102+0000] {logging_mixin.py:188} INFO - [2025-11-06T13:28:13.101+0000] {dag.py:3036} INFO - Sync 1 DAGs
[2025-11-06T13:28:13.124+0000] {logging_mixin.py:188} INFO - [2025-11-06T13:28:13.124+0000] {dag.py:3823} INFO - Setting next_dagrun for example_sensors to None, run_after=None
[2025-11-06T13:28:13.168+0000] {processor.py:183} INFO - Processing /home/airflow/.local/lib/python3.8/site-packages/airflow/example_dags/example_sensors.py took 0.165 seconds
[2025-11-06T13:28:43.680+0000] {processor.py:161} INFO - Started process (PID=16217) to work on /home/airflow/.local/lib/python3.8/site-packages/airflow/example_dags/example_sensors.py
[2025-11-06T13:28:43.685+0000] {processor.py:830} INFO - Processing file /home/airflow/.local/lib/python3.8/site-packages/airflow/example_dags/example_sensors.py for tasks to queue
[2025-11-06T13:28:43.690+0000] {logging_mixin.py:188} INFO - [2025-11-06T13:28:43.689+0000] {dagbag.py:538} INFO - Filling up the DagBag from /home/airflow/.local/lib/python3.8/site-packages/airflow/example_dags/example_sensors.py
[2025-11-06T13:28:43.717+0000] {processor.py:840} INFO - DAG(s) 'example_sensors' retrieved from /home/airflow/.local/lib/python3.8/site-packages/airflow/example_dags/example_sensors.py
[2025-11-06T13:28:43.796+0000] {logging_mixin.py:188} INFO - [2025-11-06T13:28:43.796+0000] {dag.py:3036} INFO - Sync 1 DAGs
[2025-11-06T13:28:43.860+0000] {logging_mixin.py:188} INFO - [2025-11-06T13:28:43.859+0000] {dag.py:3823} INFO - Setting next_dagrun for example_sensors to None, run_after=None
[2025-11-06T13:28:43.919+0000] {processor.py:183} INFO - Processing /home/airflow/.local/lib/python3.8/site-packages/airflow/example_dags/example_sensors.py took 0.260 seconds
[2025-11-06T13:29:15.094+0000] {processor.py:161} INFO - Started process (PID=16272) to work on /home/airflow/.local/lib/python3.8/site-packages/airflow/example_dags/example_sensors.py
[2025-11-06T13:29:15.105+0000] {processor.py:830} INFO - Processing file /home/airflow/.local/lib/python3.8/site-packages/airflow/example_dags/example_sensors.py for tasks to queue
[2025-11-06T13:29:15.113+0000] {logging_mixin.py:188} INFO - [2025-11-06T13:29:15.112+0000] {dagbag.py:538} INFO - Filling up the DagBag from /home/airflow/.local/lib/python3.8/site-packages/airflow/example_dags/example_sensors.py
[2025-11-06T13:29:15.184+0000] {processor.py:840} INFO - DAG(s) 'example_sensors' retrieved from /home/airflow/.local/lib/python3.8/site-packages/airflow/example_dags/example_sensors.py
[2025-11-06T13:29:15.323+0000] {logging_mixin.py:188} INFO - [2025-11-06T13:29:15.322+0000] {dag.py:3036} INFO - Sync 1 DAGs
[2025-11-06T13:29:15.411+0000] {logging_mixin.py:188} INFO - [2025-11-06T13:29:15.407+0000] {dag.py:3823} INFO - Setting next_dagrun for example_sensors to None, run_after=None
[2025-11-06T13:29:15.550+0000] {processor.py:183} INFO - Processing /home/airflow/.local/lib/python3.8/site-packages/airflow/example_dags/example_sensors.py took 0.476 seconds
[2025-11-06T13:29:45.675+0000] {processor.py:161} INFO - Started process (PID=16328) to work on /home/airflow/.local/lib/python3.8/site-packages/airflow/example_dags/example_sensors.py
[2025-11-06T13:29:45.679+0000] {processor.py:830} INFO - Processing file /home/airflow/.local/lib/python3.8/site-packages/airflow/example_dags/example_sensors.py for tasks to queue
[2025-11-06T13:29:45.683+0000] {logging_mixin.py:188} INFO - [2025-11-06T13:29:45.682+0000] {dagbag.py:538} INFO - Filling up the DagBag from /home/airflow/.local/lib/python3.8/site-packages/airflow/example_dags/example_sensors.py
[2025-11-06T13:29:45.699+0000] {processor.py:840} INFO - DAG(s) 'example_sensors' retrieved from /home/airflow/.local/lib/python3.8/site-packages/airflow/example_dags/example_sensors.py
[2025-11-06T13:29:45.744+0000] {logging_mixin.py:188} INFO - [2025-11-06T13:29:45.743+0000] {dag.py:3036} INFO - Sync 1 DAGs
[2025-11-06T13:29:45.766+0000] {logging_mixin.py:188} INFO - [2025-11-06T13:29:45.765+0000] {dag.py:3823} INFO - Setting next_dagrun for example_sensors to None, run_after=None
[2025-11-06T13:29:45.814+0000] {processor.py:183} INFO - Processing /home/airflow/.local/lib/python3.8/site-packages/airflow/example_dags/example_sensors.py took 0.146 seconds
[2025-11-06T13:30:15.915+0000] {processor.py:161} INFO - Started process (PID=16383) to work on /home/airflow/.local/lib/python3.8/site-packages/airflow/example_dags/example_sensors.py
[2025-11-06T13:30:15.917+0000] {processor.py:830} INFO - Processing file /home/airflow/.local/lib/python3.8/site-packages/airflow/example_dags/example_sensors.py for tasks to queue
[2025-11-06T13:30:15.921+0000] {logging_mixin.py:188} INFO - [2025-11-06T13:30:15.920+0000] {dagbag.py:538} INFO - Filling up the DagBag from /home/airflow/.local/lib/python3.8/site-packages/airflow/example_dags/example_sensors.py
[2025-11-06T13:30:15.937+0000] {processor.py:840} INFO - DAG(s) 'example_sensors' retrieved from /home/airflow/.local/lib/python3.8/site-packages/airflow/example_dags/example_sensors.py
[2025-11-06T13:30:15.982+0000] {logging_mixin.py:188} INFO - [2025-11-06T13:30:15.982+0000] {dag.py:3036} INFO - Sync 1 DAGs
[2025-11-06T13:30:16.027+0000] {logging_mixin.py:188} INFO - [2025-11-06T13:30:16.026+0000] {dag.py:3823} INFO - Setting next_dagrun for example_sensors to None, run_after=None
[2025-11-06T13:30:16.067+0000] {processor.py:183} INFO - Processing /home/airflow/.local/lib/python3.8/site-packages/airflow/example_dags/example_sensors.py took 0.158 seconds
[2025-11-06T13:30:47.386+0000] {processor.py:161} INFO - Started process (PID=16437) to work on /home/airflow/.local/lib/python3.8/site-packages/airflow/example_dags/example_sensors.py
[2025-11-06T13:30:47.392+0000] {processor.py:830} INFO - Processing file /home/airflow/.local/lib/python3.8/site-packages/airflow/example_dags/example_sensors.py for tasks to queue
[2025-11-06T13:30:47.406+0000] {logging_mixin.py:188} INFO - [2025-11-06T13:30:47.405+0000] {dagbag.py:538} INFO - Filling up the DagBag from /home/airflow/.local/lib/python3.8/site-packages/airflow/example_dags/example_sensors.py
[2025-11-06T13:30:47.477+0000] {processor.py:840} INFO - DAG(s) 'example_sensors' retrieved from /home/airflow/.local/lib/python3.8/site-packages/airflow/example_dags/example_sensors.py
[2025-11-06T13:30:47.585+0000] {logging_mixin.py:188} INFO - [2025-11-06T13:30:47.584+0000] {dag.py:3036} INFO - Sync 1 DAGs
[2025-11-06T13:30:47.654+0000] {logging_mixin.py:188} INFO - [2025-11-06T13:30:47.653+0000] {dag.py:3823} INFO - Setting next_dagrun for example_sensors to None, run_after=None
[2025-11-06T13:30:47.755+0000] {processor.py:183} INFO - Processing /home/airflow/.local/lib/python3.8/site-packages/airflow/example_dags/example_sensors.py took 0.390 seconds
[2025-11-06T13:31:18.812+0000] {processor.py:161} INFO - Started process (PID=16493) to work on /home/airflow/.local/lib/python3.8/site-packages/airflow/example_dags/example_sensors.py
[2025-11-06T13:31:18.817+0000] {processor.py:830} INFO - Processing file /home/airflow/.local/lib/python3.8/site-packages/airflow/example_dags/example_sensors.py for tasks to queue
[2025-11-06T13:31:18.824+0000] {logging_mixin.py:188} INFO - [2025-11-06T13:31:18.823+0000] {dagbag.py:538} INFO - Filling up the DagBag from /home/airflow/.local/lib/python3.8/site-packages/airflow/example_dags/example_sensors.py
[2025-11-06T13:31:18.861+0000] {processor.py:840} INFO - DAG(s) 'example_sensors' retrieved from /home/airflow/.local/lib/python3.8/site-packages/airflow/example_dags/example_sensors.py
[2025-11-06T13:31:18.965+0000] {logging_mixin.py:188} INFO - [2025-11-06T13:31:18.964+0000] {dag.py:3036} INFO - Sync 1 DAGs
[2025-11-06T13:31:19.027+0000] {logging_mixin.py:188} INFO - [2025-11-06T13:31:19.026+0000] {dag.py:3823} INFO - Setting next_dagrun for example_sensors to None, run_after=None
[2025-11-06T13:31:19.092+0000] {processor.py:183} INFO - Processing /home/airflow/.local/lib/python3.8/site-packages/airflow/example_dags/example_sensors.py took 0.299 seconds
[2025-11-06T13:31:49.523+0000] {processor.py:161} INFO - Started process (PID=16547) to work on /home/airflow/.local/lib/python3.8/site-packages/airflow/example_dags/example_sensors.py
[2025-11-06T13:31:49.540+0000] {processor.py:830} INFO - Processing file /home/airflow/.local/lib/python3.8/site-packages/airflow/example_dags/example_sensors.py for tasks to queue
[2025-11-06T13:31:49.555+0000] {logging_mixin.py:188} INFO - [2025-11-06T13:31:49.554+0000] {dagbag.py:538} INFO - Filling up the DagBag from /home/airflow/.local/lib/python3.8/site-packages/airflow/example_dags/example_sensors.py
[2025-11-06T13:31:49.649+0000] {processor.py:840} INFO - DAG(s) 'example_sensors' retrieved from /home/airflow/.local/lib/python3.8/site-packages/airflow/example_dags/example_sensors.py
[2025-11-06T13:31:49.797+0000] {logging_mixin.py:188} INFO - [2025-11-06T13:31:49.796+0000] {dag.py:3036} INFO - Sync 1 DAGs
[2025-11-06T13:31:49.921+0000] {logging_mixin.py:188} INFO - [2025-11-06T13:31:49.921+0000] {dag.py:3823} INFO - Setting next_dagrun for example_sensors to None, run_after=None
[2025-11-06T13:31:50.126+0000] {processor.py:183} INFO - Processing /home/airflow/.local/lib/python3.8/site-packages/airflow/example_dags/example_sensors.py took 0.634 seconds
[2025-11-06T13:32:20.735+0000] {processor.py:161} INFO - Started process (PID=16601) to work on /home/airflow/.local/lib/python3.8/site-packages/airflow/example_dags/example_sensors.py
[2025-11-06T13:32:20.750+0000] {processor.py:830} INFO - Processing file /home/airflow/.local/lib/python3.8/site-packages/airflow/example_dags/example_sensors.py for tasks to queue
[2025-11-06T13:32:20.757+0000] {logging_mixin.py:188} INFO - [2025-11-06T13:32:20.756+0000] {dagbag.py:538} INFO - Filling up the DagBag from /home/airflow/.local/lib/python3.8/site-packages/airflow/example_dags/example_sensors.py
[2025-11-06T13:32:20.833+0000] {processor.py:840} INFO - DAG(s) 'example_sensors' retrieved from /home/airflow/.local/lib/python3.8/site-packages/airflow/example_dags/example_sensors.py
[2025-11-06T13:32:20.997+0000] {logging_mixin.py:188} INFO - [2025-11-06T13:32:20.996+0000] {dag.py:3036} INFO - Sync 1 DAGs
[2025-11-06T13:32:21.072+0000] {logging_mixin.py:188} INFO - [2025-11-06T13:32:21.071+0000] {dag.py:3823} INFO - Setting next_dagrun for example_sensors to None, run_after=None
[2025-11-06T13:32:21.146+0000] {processor.py:183} INFO - Processing /home/airflow/.local/lib/python3.8/site-packages/airflow/example_dags/example_sensors.py took 0.428 seconds
[2025-11-06T13:32:51.655+0000] {processor.py:161} INFO - Started process (PID=16656) to work on /home/airflow/.local/lib/python3.8/site-packages/airflow/example_dags/example_sensors.py
[2025-11-06T13:32:51.659+0000] {processor.py:830} INFO - Processing file /home/airflow/.local/lib/python3.8/site-packages/airflow/example_dags/example_sensors.py for tasks to queue
[2025-11-06T13:32:51.664+0000] {logging_mixin.py:188} INFO - [2025-11-06T13:32:51.663+0000] {dagbag.py:538} INFO - Filling up the DagBag from /home/airflow/.local/lib/python3.8/site-packages/airflow/example_dags/example_sensors.py
[2025-11-06T13:32:51.705+0000] {processor.py:840} INFO - DAG(s) 'example_sensors' retrieved from /home/airflow/.local/lib/python3.8/site-packages/airflow/example_dags/example_sensors.py
[2025-11-06T13:32:51.823+0000] {logging_mixin.py:188} INFO - [2025-11-06T13:32:51.822+0000] {dag.py:3036} INFO - Sync 1 DAGs
[2025-11-06T13:32:51.893+0000] {logging_mixin.py:188} INFO - [2025-11-06T13:32:51.892+0000] {dag.py:3823} INFO - Setting next_dagrun for example_sensors to None, run_after=None
[2025-11-06T13:32:52.120+0000] {processor.py:183} INFO - Processing /home/airflow/.local/lib/python3.8/site-packages/airflow/example_dags/example_sensors.py took 0.479 seconds
[2025-11-06T13:33:22.363+0000] {processor.py:161} INFO - Started process (PID=16711) to work on /home/airflow/.local/lib/python3.8/site-packages/airflow/example_dags/example_sensors.py
[2025-11-06T13:33:22.367+0000] {processor.py:830} INFO - Processing file /home/airflow/.local/lib/python3.8/site-packages/airflow/example_dags/example_sensors.py for tasks to queue
[2025-11-06T13:33:22.377+0000] {logging_mixin.py:188} INFO - [2025-11-06T13:33:22.374+0000] {dagbag.py:538} INFO - Filling up the DagBag from /home/airflow/.local/lib/python3.8/site-packages/airflow/example_dags/example_sensors.py
[2025-11-06T13:33:22.420+0000] {processor.py:840} INFO - DAG(s) 'example_sensors' retrieved from /home/airflow/.local/lib/python3.8/site-packages/airflow/example_dags/example_sensors.py
[2025-11-06T13:33:22.556+0000] {logging_mixin.py:188} INFO - [2025-11-06T13:33:22.556+0000] {dag.py:3036} INFO - Sync 1 DAGs
[2025-11-06T13:33:22.621+0000] {logging_mixin.py:188} INFO - [2025-11-06T13:33:22.620+0000] {dag.py:3823} INFO - Setting next_dagrun for example_sensors to None, run_after=None
[2025-11-06T13:33:22.724+0000] {processor.py:183} INFO - Processing /home/airflow/.local/lib/python3.8/site-packages/airflow/example_dags/example_sensors.py took 0.382 seconds
[2025-11-06T13:33:53.675+0000] {processor.py:161} INFO - Started process (PID=16765) to work on /home/airflow/.local/lib/python3.8/site-packages/airflow/example_dags/example_sensors.py
[2025-11-06T13:33:53.679+0000] {processor.py:830} INFO - Processing file /home/airflow/.local/lib/python3.8/site-packages/airflow/example_dags/example_sensors.py for tasks to queue
[2025-11-06T13:33:53.682+0000] {logging_mixin.py:188} INFO - [2025-11-06T13:33:53.682+0000] {dagbag.py:538} INFO - Filling up the DagBag from /home/airflow/.local/lib/python3.8/site-packages/airflow/example_dags/example_sensors.py
[2025-11-06T13:33:53.702+0000] {processor.py:840} INFO - DAG(s) 'example_sensors' retrieved from /home/airflow/.local/lib/python3.8/site-packages/airflow/example_dags/example_sensors.py
[2025-11-06T13:33:53.755+0000] {logging_mixin.py:188} INFO - [2025-11-06T13:33:53.755+0000] {dag.py:3036} INFO - Sync 1 DAGs
[2025-11-06T13:33:53.778+0000] {logging_mixin.py:188} INFO - [2025-11-06T13:33:53.778+0000] {dag.py:3823} INFO - Setting next_dagrun for example_sensors to None, run_after=None
[2025-11-06T13:33:53.818+0000] {processor.py:183} INFO - Processing /home/airflow/.local/lib/python3.8/site-packages/airflow/example_dags/example_sensors.py took 0.151 seconds
[2025-11-06T13:34:24.675+0000] {processor.py:161} INFO - Started process (PID=16820) to work on /home/airflow/.local/lib/python3.8/site-packages/airflow/example_dags/example_sensors.py
[2025-11-06T13:34:24.677+0000] {processor.py:830} INFO - Processing file /home/airflow/.local/lib/python3.8/site-packages/airflow/example_dags/example_sensors.py for tasks to queue
[2025-11-06T13:34:24.681+0000] {logging_mixin.py:188} INFO - [2025-11-06T13:34:24.681+0000] {dagbag.py:538} INFO - Filling up the DagBag from /home/airflow/.local/lib/python3.8/site-packages/airflow/example_dags/example_sensors.py
[2025-11-06T13:34:24.714+0000] {processor.py:840} INFO - DAG(s) 'example_sensors' retrieved from /home/airflow/.local/lib/python3.8/site-packages/airflow/example_dags/example_sensors.py
[2025-11-06T13:34:24.782+0000] {logging_mixin.py:188} INFO - [2025-11-06T13:34:24.782+0000] {dag.py:3036} INFO - Sync 1 DAGs
[2025-11-06T13:34:24.822+0000] {logging_mixin.py:188} INFO - [2025-11-06T13:34:24.821+0000] {dag.py:3823} INFO - Setting next_dagrun for example_sensors to None, run_after=None
[2025-11-06T13:34:24.898+0000] {processor.py:183} INFO - Processing /home/airflow/.local/lib/python3.8/site-packages/airflow/example_dags/example_sensors.py took 0.229 seconds
[2025-11-06T13:34:55.451+0000] {processor.py:161} INFO - Started process (PID=16875) to work on /home/airflow/.local/lib/python3.8/site-packages/airflow/example_dags/example_sensors.py
[2025-11-06T13:34:55.454+0000] {processor.py:830} INFO - Processing file /home/airflow/.local/lib/python3.8/site-packages/airflow/example_dags/example_sensors.py for tasks to queue
[2025-11-06T13:34:55.458+0000] {logging_mixin.py:188} INFO - [2025-11-06T13:34:55.457+0000] {dagbag.py:538} INFO - Filling up the DagBag from /home/airflow/.local/lib/python3.8/site-packages/airflow/example_dags/example_sensors.py
[2025-11-06T13:34:55.476+0000] {processor.py:840} INFO - DAG(s) 'example_sensors' retrieved from /home/airflow/.local/lib/python3.8/site-packages/airflow/example_dags/example_sensors.py
[2025-11-06T13:34:55.541+0000] {logging_mixin.py:188} INFO - [2025-11-06T13:34:55.541+0000] {dag.py:3036} INFO - Sync 1 DAGs
[2025-11-06T13:34:55.582+0000] {logging_mixin.py:188} INFO - [2025-11-06T13:34:55.582+0000] {dag.py:3823} INFO - Setting next_dagrun for example_sensors to None, run_after=None
[2025-11-06T13:34:55.633+0000] {processor.py:183} INFO - Processing /home/airflow/.local/lib/python3.8/site-packages/airflow/example_dags/example_sensors.py took 0.190 seconds
[2025-11-06T13:35:26.078+0000] {processor.py:161} INFO - Started process (PID=16930) to work on /home/airflow/.local/lib/python3.8/site-packages/airflow/example_dags/example_sensors.py
[2025-11-06T13:35:26.081+0000] {processor.py:830} INFO - Processing file /home/airflow/.local/lib/python3.8/site-packages/airflow/example_dags/example_sensors.py for tasks to queue
[2025-11-06T13:35:26.085+0000] {logging_mixin.py:188} INFO - [2025-11-06T13:35:26.084+0000] {dagbag.py:538} INFO - Filling up the DagBag from /home/airflow/.local/lib/python3.8/site-packages/airflow/example_dags/example_sensors.py
[2025-11-06T13:35:26.105+0000] {processor.py:840} INFO - DAG(s) 'example_sensors' retrieved from /home/airflow/.local/lib/python3.8/site-packages/airflow/example_dags/example_sensors.py
[2025-11-06T13:35:26.155+0000] {logging_mixin.py:188} INFO - [2025-11-06T13:35:26.155+0000] {dag.py:3036} INFO - Sync 1 DAGs
[2025-11-06T13:35:26.175+0000] {logging_mixin.py:188} INFO - [2025-11-06T13:35:26.174+0000] {dag.py:3823} INFO - Setting next_dagrun for example_sensors to None, run_after=None
[2025-11-06T13:35:26.215+0000] {processor.py:183} INFO - Processing /home/airflow/.local/lib/python3.8/site-packages/airflow/example_dags/example_sensors.py took 0.146 seconds
[2025-11-06T13:35:56.886+0000] {processor.py:161} INFO - Started process (PID=16985) to work on /home/airflow/.local/lib/python3.8/site-packages/airflow/example_dags/example_sensors.py
[2025-11-06T13:35:56.889+0000] {processor.py:830} INFO - Processing file /home/airflow/.local/lib/python3.8/site-packages/airflow/example_dags/example_sensors.py for tasks to queue
[2025-11-06T13:35:56.896+0000] {logging_mixin.py:188} INFO - [2025-11-06T13:35:56.895+0000] {dagbag.py:538} INFO - Filling up the DagBag from /home/airflow/.local/lib/python3.8/site-packages/airflow/example_dags/example_sensors.py
[2025-11-06T13:35:56.935+0000] {processor.py:840} INFO - DAG(s) 'example_sensors' retrieved from /home/airflow/.local/lib/python3.8/site-packages/airflow/example_dags/example_sensors.py
[2025-11-06T13:35:57.036+0000] {logging_mixin.py:188} INFO - [2025-11-06T13:35:57.036+0000] {dag.py:3036} INFO - Sync 1 DAGs
[2025-11-06T13:35:57.081+0000] {logging_mixin.py:188} INFO - [2025-11-06T13:35:57.080+0000] {dag.py:3823} INFO - Setting next_dagrun for example_sensors to None, run_after=None
[2025-11-06T13:35:57.132+0000] {processor.py:183} INFO - Processing /home/airflow/.local/lib/python3.8/site-packages/airflow/example_dags/example_sensors.py took 0.260 seconds
[2025-11-06T13:36:27.627+0000] {processor.py:161} INFO - Started process (PID=17040) to work on /home/airflow/.local/lib/python3.8/site-packages/airflow/example_dags/example_sensors.py
[2025-11-06T13:36:27.630+0000] {processor.py:830} INFO - Processing file /home/airflow/.local/lib/python3.8/site-packages/airflow/example_dags/example_sensors.py for tasks to queue
[2025-11-06T13:36:27.635+0000] {logging_mixin.py:188} INFO - [2025-11-06T13:36:27.634+0000] {dagbag.py:538} INFO - Filling up the DagBag from /home/airflow/.local/lib/python3.8/site-packages/airflow/example_dags/example_sensors.py
[2025-11-06T13:36:27.661+0000] {processor.py:840} INFO - DAG(s) 'example_sensors' retrieved from /home/airflow/.local/lib/python3.8/site-packages/airflow/example_dags/example_sensors.py
[2025-11-06T13:36:27.715+0000] {logging_mixin.py:188} INFO - [2025-11-06T13:36:27.714+0000] {dag.py:3036} INFO - Sync 1 DAGs
[2025-11-06T13:36:27.740+0000] {logging_mixin.py:188} INFO - [2025-11-06T13:36:27.739+0000] {dag.py:3823} INFO - Setting next_dagrun for example_sensors to None, run_after=None
[2025-11-06T13:36:27.780+0000] {processor.py:183} INFO - Processing /home/airflow/.local/lib/python3.8/site-packages/airflow/example_dags/example_sensors.py took 0.161 seconds
[2025-11-06T13:36:58.394+0000] {processor.py:161} INFO - Started process (PID=17095) to work on /home/airflow/.local/lib/python3.8/site-packages/airflow/example_dags/example_sensors.py
[2025-11-06T13:36:58.396+0000] {processor.py:830} INFO - Processing file /home/airflow/.local/lib/python3.8/site-packages/airflow/example_dags/example_sensors.py for tasks to queue
[2025-11-06T13:36:58.400+0000] {logging_mixin.py:188} INFO - [2025-11-06T13:36:58.399+0000] {dagbag.py:538} INFO - Filling up the DagBag from /home/airflow/.local/lib/python3.8/site-packages/airflow/example_dags/example_sensors.py
[2025-11-06T13:36:58.422+0000] {processor.py:840} INFO - DAG(s) 'example_sensors' retrieved from /home/airflow/.local/lib/python3.8/site-packages/airflow/example_dags/example_sensors.py
[2025-11-06T13:36:58.478+0000] {logging_mixin.py:188} INFO - [2025-11-06T13:36:58.478+0000] {dag.py:3036} INFO - Sync 1 DAGs
[2025-11-06T13:36:58.512+0000] {logging_mixin.py:188} INFO - [2025-11-06T13:36:58.512+0000] {dag.py:3823} INFO - Setting next_dagrun for example_sensors to None, run_after=None
[2025-11-06T13:36:58.579+0000] {processor.py:183} INFO - Processing /home/airflow/.local/lib/python3.8/site-packages/airflow/example_dags/example_sensors.py took 0.194 seconds
[2025-11-06T13:37:29.059+0000] {processor.py:161} INFO - Started process (PID=17148) to work on /home/airflow/.local/lib/python3.8/site-packages/airflow/example_dags/example_sensors.py
[2025-11-06T13:37:29.094+0000] {processor.py:830} INFO - Processing file /home/airflow/.local/lib/python3.8/site-packages/airflow/example_dags/example_sensors.py for tasks to queue
[2025-11-06T13:37:29.117+0000] {logging_mixin.py:188} INFO - [2025-11-06T13:37:29.116+0000] {dagbag.py:538} INFO - Filling up the DagBag from /home/airflow/.local/lib/python3.8/site-packages/airflow/example_dags/example_sensors.py
[2025-11-06T13:37:29.204+0000] {processor.py:840} INFO - DAG(s) 'example_sensors' retrieved from /home/airflow/.local/lib/python3.8/site-packages/airflow/example_dags/example_sensors.py
[2025-11-06T13:37:29.421+0000] {logging_mixin.py:188} INFO - [2025-11-06T13:37:29.421+0000] {dag.py:3036} INFO - Sync 1 DAGs
[2025-11-06T13:37:29.512+0000] {logging_mixin.py:188} INFO - [2025-11-06T13:37:29.510+0000] {dag.py:3823} INFO - Setting next_dagrun for example_sensors to None, run_after=None
[2025-11-06T13:37:29.663+0000] {processor.py:183} INFO - Processing /home/airflow/.local/lib/python3.8/site-packages/airflow/example_dags/example_sensors.py took 0.638 seconds
[2025-11-06T13:38:00.040+0000] {processor.py:161} INFO - Started process (PID=17203) to work on /home/airflow/.local/lib/python3.8/site-packages/airflow/example_dags/example_sensors.py
[2025-11-06T13:38:00.043+0000] {processor.py:830} INFO - Processing file /home/airflow/.local/lib/python3.8/site-packages/airflow/example_dags/example_sensors.py for tasks to queue
[2025-11-06T13:38:00.050+0000] {logging_mixin.py:188} INFO - [2025-11-06T13:38:00.049+0000] {dagbag.py:538} INFO - Filling up the DagBag from /home/airflow/.local/lib/python3.8/site-packages/airflow/example_dags/example_sensors.py
[2025-11-06T13:38:00.082+0000] {processor.py:840} INFO - DAG(s) 'example_sensors' retrieved from /home/airflow/.local/lib/python3.8/site-packages/airflow/example_dags/example_sensors.py
[2025-11-06T13:38:00.169+0000] {logging_mixin.py:188} INFO - [2025-11-06T13:38:00.167+0000] {dag.py:3036} INFO - Sync 1 DAGs
[2025-11-06T13:38:00.237+0000] {logging_mixin.py:188} INFO - [2025-11-06T13:38:00.235+0000] {dag.py:3823} INFO - Setting next_dagrun for example_sensors to None, run_after=None
[2025-11-06T13:38:00.331+0000] {processor.py:183} INFO - Processing /home/airflow/.local/lib/python3.8/site-packages/airflow/example_dags/example_sensors.py took 0.302 seconds
[2025-11-06T13:38:31.633+0000] {processor.py:161} INFO - Started process (PID=17258) to work on /home/airflow/.local/lib/python3.8/site-packages/airflow/example_dags/example_sensors.py
[2025-11-06T13:38:31.638+0000] {processor.py:830} INFO - Processing file /home/airflow/.local/lib/python3.8/site-packages/airflow/example_dags/example_sensors.py for tasks to queue
[2025-11-06T13:38:31.655+0000] {logging_mixin.py:188} INFO - [2025-11-06T13:38:31.654+0000] {dagbag.py:538} INFO - Filling up the DagBag from /home/airflow/.local/lib/python3.8/site-packages/airflow/example_dags/example_sensors.py
[2025-11-06T13:38:31.717+0000] {processor.py:840} INFO - DAG(s) 'example_sensors' retrieved from /home/airflow/.local/lib/python3.8/site-packages/airflow/example_dags/example_sensors.py
[2025-11-06T13:38:31.871+0000] {logging_mixin.py:188} INFO - [2025-11-06T13:38:31.870+0000] {dag.py:3036} INFO - Sync 1 DAGs
[2025-11-06T13:38:31.925+0000] {logging_mixin.py:188} INFO - [2025-11-06T13:38:31.923+0000] {dag.py:3823} INFO - Setting next_dagrun for example_sensors to None, run_after=None
[2025-11-06T13:38:32.014+0000] {processor.py:183} INFO - Processing /home/airflow/.local/lib/python3.8/site-packages/airflow/example_dags/example_sensors.py took 0.398 seconds
[2025-11-06T13:39:04.312+0000] {processor.py:161} INFO - Started process (PID=17313) to work on /home/airflow/.local/lib/python3.8/site-packages/airflow/example_dags/example_sensors.py
[2025-11-06T13:39:04.317+0000] {processor.py:830} INFO - Processing file /home/airflow/.local/lib/python3.8/site-packages/airflow/example_dags/example_sensors.py for tasks to queue
[2025-11-06T13:39:04.334+0000] {logging_mixin.py:188} INFO - [2025-11-06T13:39:04.332+0000] {dagbag.py:538} INFO - Filling up the DagBag from /home/airflow/.local/lib/python3.8/site-packages/airflow/example_dags/example_sensors.py
[2025-11-06T13:39:04.402+0000] {processor.py:840} INFO - DAG(s) 'example_sensors' retrieved from /home/airflow/.local/lib/python3.8/site-packages/airflow/example_dags/example_sensors.py
[2025-11-06T13:39:04.583+0000] {logging_mixin.py:188} INFO - [2025-11-06T13:39:04.580+0000] {dag.py:3036} INFO - Sync 1 DAGs
[2025-11-06T13:39:04.669+0000] {logging_mixin.py:188} INFO - [2025-11-06T13:39:04.668+0000] {dag.py:3823} INFO - Setting next_dagrun for example_sensors to None, run_after=None
[2025-11-06T13:39:06.013+0000] {processor.py:183} INFO - Processing /home/airflow/.local/lib/python3.8/site-packages/airflow/example_dags/example_sensors.py took 1.736 seconds
[2025-11-06T13:39:36.586+0000] {processor.py:161} INFO - Started process (PID=17369) to work on /home/airflow/.local/lib/python3.8/site-packages/airflow/example_dags/example_sensors.py
[2025-11-06T13:39:36.619+0000] {processor.py:830} INFO - Processing file /home/airflow/.local/lib/python3.8/site-packages/airflow/example_dags/example_sensors.py for tasks to queue
[2025-11-06T13:39:36.634+0000] {logging_mixin.py:188} INFO - [2025-11-06T13:39:36.633+0000] {dagbag.py:538} INFO - Filling up the DagBag from /home/airflow/.local/lib/python3.8/site-packages/airflow/example_dags/example_sensors.py
[2025-11-06T13:39:36.714+0000] {processor.py:840} INFO - DAG(s) 'example_sensors' retrieved from /home/airflow/.local/lib/python3.8/site-packages/airflow/example_dags/example_sensors.py
[2025-11-06T13:39:36.961+0000] {logging_mixin.py:188} INFO - [2025-11-06T13:39:36.960+0000] {dag.py:3036} INFO - Sync 1 DAGs
[2025-11-06T13:39:37.093+0000] {logging_mixin.py:188} INFO - [2025-11-06T13:39:37.093+0000] {dag.py:3823} INFO - Setting next_dagrun for example_sensors to None, run_after=None
[2025-11-06T13:39:37.302+0000] {processor.py:183} INFO - Processing /home/airflow/.local/lib/python3.8/site-packages/airflow/example_dags/example_sensors.py took 0.743 seconds
[2025-11-06T13:40:07.792+0000] {processor.py:161} INFO - Started process (PID=17424) to work on /home/airflow/.local/lib/python3.8/site-packages/airflow/example_dags/example_sensors.py
[2025-11-06T13:40:07.801+0000] {processor.py:830} INFO - Processing file /home/airflow/.local/lib/python3.8/site-packages/airflow/example_dags/example_sensors.py for tasks to queue
[2025-11-06T13:40:07.810+0000] {logging_mixin.py:188} INFO - [2025-11-06T13:40:07.809+0000] {dagbag.py:538} INFO - Filling up the DagBag from /home/airflow/.local/lib/python3.8/site-packages/airflow/example_dags/example_sensors.py
[2025-11-06T13:40:07.858+0000] {processor.py:840} INFO - DAG(s) 'example_sensors' retrieved from /home/airflow/.local/lib/python3.8/site-packages/airflow/example_dags/example_sensors.py
[2025-11-06T13:40:07.948+0000] {logging_mixin.py:188} INFO - [2025-11-06T13:40:07.947+0000] {dag.py:3036} INFO - Sync 1 DAGs
[2025-11-06T13:40:07.989+0000] {logging_mixin.py:188} INFO - [2025-11-06T13:40:07.988+0000] {dag.py:3823} INFO - Setting next_dagrun for example_sensors to None, run_after=None
[2025-11-06T13:40:08.055+0000] {processor.py:183} INFO - Processing /home/airflow/.local/lib/python3.8/site-packages/airflow/example_dags/example_sensors.py took 0.275 seconds
[2025-11-06T13:40:38.604+0000] {processor.py:161} INFO - Started process (PID=17479) to work on /home/airflow/.local/lib/python3.8/site-packages/airflow/example_dags/example_sensors.py
[2025-11-06T13:40:38.608+0000] {processor.py:830} INFO - Processing file /home/airflow/.local/lib/python3.8/site-packages/airflow/example_dags/example_sensors.py for tasks to queue
[2025-11-06T13:40:38.624+0000] {logging_mixin.py:188} INFO - [2025-11-06T13:40:38.622+0000] {dagbag.py:538} INFO - Filling up the DagBag from /home/airflow/.local/lib/python3.8/site-packages/airflow/example_dags/example_sensors.py
[2025-11-06T13:40:38.689+0000] {processor.py:840} INFO - DAG(s) 'example_sensors' retrieved from /home/airflow/.local/lib/python3.8/site-packages/airflow/example_dags/example_sensors.py
[2025-11-06T13:40:38.898+0000] {logging_mixin.py:188} INFO - [2025-11-06T13:40:38.897+0000] {dag.py:3036} INFO - Sync 1 DAGs
[2025-11-06T13:40:39.009+0000] {logging_mixin.py:188} INFO - [2025-11-06T13:40:39.008+0000] {dag.py:3823} INFO - Setting next_dagrun for example_sensors to None, run_after=None
[2025-11-06T13:40:39.115+0000] {processor.py:183} INFO - Processing /home/airflow/.local/lib/python3.8/site-packages/airflow/example_dags/example_sensors.py took 0.532 seconds
[2025-11-06T13:41:09.870+0000] {processor.py:161} INFO - Started process (PID=17535) to work on /home/airflow/.local/lib/python3.8/site-packages/airflow/example_dags/example_sensors.py
[2025-11-06T13:41:09.882+0000] {processor.py:830} INFO - Processing file /home/airflow/.local/lib/python3.8/site-packages/airflow/example_dags/example_sensors.py for tasks to queue
[2025-11-06T13:41:09.894+0000] {logging_mixin.py:188} INFO - [2025-11-06T13:41:09.891+0000] {dagbag.py:538} INFO - Filling up the DagBag from /home/airflow/.local/lib/python3.8/site-packages/airflow/example_dags/example_sensors.py
[2025-11-06T13:41:09.961+0000] {processor.py:840} INFO - DAG(s) 'example_sensors' retrieved from /home/airflow/.local/lib/python3.8/site-packages/airflow/example_dags/example_sensors.py
[2025-11-06T13:41:10.653+0000] {logging_mixin.py:188} INFO - [2025-11-06T13:41:10.652+0000] {dag.py:3036} INFO - Sync 1 DAGs
[2025-11-06T13:41:10.719+0000] {logging_mixin.py:188} INFO - [2025-11-06T13:41:10.719+0000] {dag.py:3823} INFO - Setting next_dagrun for example_sensors to None, run_after=None
[2025-11-06T13:41:10.802+0000] {processor.py:183} INFO - Processing /home/airflow/.local/lib/python3.8/site-packages/airflow/example_dags/example_sensors.py took 0.955 seconds
[2025-11-06T13:41:41.487+0000] {processor.py:161} INFO - Started process (PID=17590) to work on /home/airflow/.local/lib/python3.8/site-packages/airflow/example_dags/example_sensors.py
[2025-11-06T13:41:41.489+0000] {processor.py:830} INFO - Processing file /home/airflow/.local/lib/python3.8/site-packages/airflow/example_dags/example_sensors.py for tasks to queue
[2025-11-06T13:41:41.495+0000] {logging_mixin.py:188} INFO - [2025-11-06T13:41:41.494+0000] {dagbag.py:538} INFO - Filling up the DagBag from /home/airflow/.local/lib/python3.8/site-packages/airflow/example_dags/example_sensors.py
[2025-11-06T13:41:41.525+0000] {processor.py:840} INFO - DAG(s) 'example_sensors' retrieved from /home/airflow/.local/lib/python3.8/site-packages/airflow/example_dags/example_sensors.py
[2025-11-06T13:41:41.638+0000] {logging_mixin.py:188} INFO - [2025-11-06T13:41:41.638+0000] {dag.py:3036} INFO - Sync 1 DAGs
[2025-11-06T13:41:42.090+0000] {logging_mixin.py:188} INFO - [2025-11-06T13:41:42.090+0000] {dag.py:3823} INFO - Setting next_dagrun for example_sensors to None, run_after=None
[2025-11-06T13:41:42.171+0000] {processor.py:183} INFO - Processing /home/airflow/.local/lib/python3.8/site-packages/airflow/example_dags/example_sensors.py took 0.695 seconds
[2025-11-06T13:42:12.763+0000] {processor.py:161} INFO - Started process (PID=17645) to work on /home/airflow/.local/lib/python3.8/site-packages/airflow/example_dags/example_sensors.py
[2025-11-06T13:42:12.765+0000] {processor.py:830} INFO - Processing file /home/airflow/.local/lib/python3.8/site-packages/airflow/example_dags/example_sensors.py for tasks to queue
[2025-11-06T13:42:12.769+0000] {logging_mixin.py:188} INFO - [2025-11-06T13:42:12.769+0000] {dagbag.py:538} INFO - Filling up the DagBag from /home/airflow/.local/lib/python3.8/site-packages/airflow/example_dags/example_sensors.py
[2025-11-06T13:42:12.798+0000] {processor.py:840} INFO - DAG(s) 'example_sensors' retrieved from /home/airflow/.local/lib/python3.8/site-packages/airflow/example_dags/example_sensors.py
[2025-11-06T13:42:12.866+0000] {logging_mixin.py:188} INFO - [2025-11-06T13:42:12.865+0000] {dag.py:3036} INFO - Sync 1 DAGs
[2025-11-06T13:42:12.898+0000] {logging_mixin.py:188} INFO - [2025-11-06T13:42:12.897+0000] {dag.py:3823} INFO - Setting next_dagrun for example_sensors to None, run_after=None
[2025-11-06T13:42:13.237+0000] {processor.py:183} INFO - Processing /home/airflow/.local/lib/python3.8/site-packages/airflow/example_dags/example_sensors.py took 0.480 seconds
[2025-11-06T13:42:44.073+0000] {processor.py:161} INFO - Started process (PID=17700) to work on /home/airflow/.local/lib/python3.8/site-packages/airflow/example_dags/example_sensors.py
[2025-11-06T13:42:44.076+0000] {processor.py:830} INFO - Processing file /home/airflow/.local/lib/python3.8/site-packages/airflow/example_dags/example_sensors.py for tasks to queue
[2025-11-06T13:42:44.083+0000] {logging_mixin.py:188} INFO - [2025-11-06T13:42:44.082+0000] {dagbag.py:538} INFO - Filling up the DagBag from /home/airflow/.local/lib/python3.8/site-packages/airflow/example_dags/example_sensors.py
[2025-11-06T13:42:44.114+0000] {processor.py:840} INFO - DAG(s) 'example_sensors' retrieved from /home/airflow/.local/lib/python3.8/site-packages/airflow/example_dags/example_sensors.py
[2025-11-06T13:42:44.198+0000] {logging_mixin.py:188} INFO - [2025-11-06T13:42:44.197+0000] {dag.py:3036} INFO - Sync 1 DAGs
[2025-11-06T13:42:44.242+0000] {logging_mixin.py:188} INFO - [2025-11-06T13:42:44.242+0000] {dag.py:3823} INFO - Setting next_dagrun for example_sensors to None, run_after=None
[2025-11-06T13:42:44.305+0000] {processor.py:183} INFO - Processing /home/airflow/.local/lib/python3.8/site-packages/airflow/example_dags/example_sensors.py took 0.243 seconds
[2025-11-06T13:43:15.318+0000] {processor.py:161} INFO - Started process (PID=17755) to work on /home/airflow/.local/lib/python3.8/site-packages/airflow/example_dags/example_sensors.py
[2025-11-06T13:43:15.321+0000] {processor.py:830} INFO - Processing file /home/airflow/.local/lib/python3.8/site-packages/airflow/example_dags/example_sensors.py for tasks to queue
[2025-11-06T13:43:15.326+0000] {logging_mixin.py:188} INFO - [2025-11-06T13:43:15.325+0000] {dagbag.py:538} INFO - Filling up the DagBag from /home/airflow/.local/lib/python3.8/site-packages/airflow/example_dags/example_sensors.py
[2025-11-06T13:43:15.342+0000] {processor.py:840} INFO - DAG(s) 'example_sensors' retrieved from /home/airflow/.local/lib/python3.8/site-packages/airflow/example_dags/example_sensors.py
[2025-11-06T13:43:15.394+0000] {logging_mixin.py:188} INFO - [2025-11-06T13:43:15.393+0000] {dag.py:3036} INFO - Sync 1 DAGs
[2025-11-06T13:43:15.424+0000] {logging_mixin.py:188} INFO - [2025-11-06T13:43:15.423+0000] {dag.py:3823} INFO - Setting next_dagrun for example_sensors to None, run_after=None
[2025-11-06T13:43:15.465+0000] {processor.py:183} INFO - Processing /home/airflow/.local/lib/python3.8/site-packages/airflow/example_dags/example_sensors.py took 0.153 seconds
[2025-11-06T13:43:45.782+0000] {processor.py:161} INFO - Started process (PID=17810) to work on /home/airflow/.local/lib/python3.8/site-packages/airflow/example_dags/example_sensors.py
[2025-11-06T13:43:45.784+0000] {processor.py:830} INFO - Processing file /home/airflow/.local/lib/python3.8/site-packages/airflow/example_dags/example_sensors.py for tasks to queue
[2025-11-06T13:43:45.789+0000] {logging_mixin.py:188} INFO - [2025-11-06T13:43:45.788+0000] {dagbag.py:538} INFO - Filling up the DagBag from /home/airflow/.local/lib/python3.8/site-packages/airflow/example_dags/example_sensors.py
[2025-11-06T13:43:45.810+0000] {processor.py:840} INFO - DAG(s) 'example_sensors' retrieved from /home/airflow/.local/lib/python3.8/site-packages/airflow/example_dags/example_sensors.py
[2025-11-06T13:43:45.869+0000] {logging_mixin.py:188} INFO - [2025-11-06T13:43:45.868+0000] {dag.py:3036} INFO - Sync 1 DAGs
[2025-11-06T13:43:45.899+0000] {logging_mixin.py:188} INFO - [2025-11-06T13:43:45.898+0000] {dag.py:3823} INFO - Setting next_dagrun for example_sensors to None, run_after=None
[2025-11-06T13:43:45.995+0000] {processor.py:183} INFO - Processing /home/airflow/.local/lib/python3.8/site-packages/airflow/example_dags/example_sensors.py took 0.220 seconds
[2025-11-06T13:44:16.571+0000] {processor.py:161} INFO - Started process (PID=17865) to work on /home/airflow/.local/lib/python3.8/site-packages/airflow/example_dags/example_sensors.py
[2025-11-06T13:44:16.574+0000] {processor.py:830} INFO - Processing file /home/airflow/.local/lib/python3.8/site-packages/airflow/example_dags/example_sensors.py for tasks to queue
[2025-11-06T13:44:16.578+0000] {logging_mixin.py:188} INFO - [2025-11-06T13:44:16.578+0000] {dagbag.py:538} INFO - Filling up the DagBag from /home/airflow/.local/lib/python3.8/site-packages/airflow/example_dags/example_sensors.py
[2025-11-06T13:44:16.601+0000] {processor.py:840} INFO - DAG(s) 'example_sensors' retrieved from /home/airflow/.local/lib/python3.8/site-packages/airflow/example_dags/example_sensors.py
[2025-11-06T13:44:16.666+0000] {logging_mixin.py:188} INFO - [2025-11-06T13:44:16.665+0000] {dag.py:3036} INFO - Sync 1 DAGs
[2025-11-06T13:44:16.704+0000] {logging_mixin.py:188} INFO - [2025-11-06T13:44:16.704+0000] {dag.py:3823} INFO - Setting next_dagrun for example_sensors to None, run_after=None
[2025-11-06T13:44:16.743+0000] {processor.py:183} INFO - Processing /home/airflow/.local/lib/python3.8/site-packages/airflow/example_dags/example_sensors.py took 0.179 seconds
[2025-11-06T13:44:47.594+0000] {processor.py:161} INFO - Started process (PID=17926) to work on /home/airflow/.local/lib/python3.8/site-packages/airflow/example_dags/example_sensors.py
[2025-11-06T13:44:47.596+0000] {processor.py:830} INFO - Processing file /home/airflow/.local/lib/python3.8/site-packages/airflow/example_dags/example_sensors.py for tasks to queue
[2025-11-06T13:44:47.600+0000] {logging_mixin.py:188} INFO - [2025-11-06T13:44:47.599+0000] {dagbag.py:538} INFO - Filling up the DagBag from /home/airflow/.local/lib/python3.8/site-packages/airflow/example_dags/example_sensors.py
[2025-11-06T13:44:47.619+0000] {processor.py:840} INFO - DAG(s) 'example_sensors' retrieved from /home/airflow/.local/lib/python3.8/site-packages/airflow/example_dags/example_sensors.py
[2025-11-06T13:44:47.663+0000] {logging_mixin.py:188} INFO - [2025-11-06T13:44:47.663+0000] {dag.py:3036} INFO - Sync 1 DAGs
[2025-11-06T13:44:47.684+0000] {logging_mixin.py:188} INFO - [2025-11-06T13:44:47.684+0000] {dag.py:3823} INFO - Setting next_dagrun for example_sensors to None, run_after=None
[2025-11-06T13:44:47.720+0000] {processor.py:183} INFO - Processing /home/airflow/.local/lib/python3.8/site-packages/airflow/example_dags/example_sensors.py took 0.132 seconds
[2025-11-06T13:45:18.195+0000] {processor.py:161} INFO - Started process (PID=17981) to work on /home/airflow/.local/lib/python3.8/site-packages/airflow/example_dags/example_sensors.py
[2025-11-06T13:45:18.196+0000] {processor.py:830} INFO - Processing file /home/airflow/.local/lib/python3.8/site-packages/airflow/example_dags/example_sensors.py for tasks to queue
[2025-11-06T13:45:18.199+0000] {logging_mixin.py:188} INFO - [2025-11-06T13:45:18.199+0000] {dagbag.py:538} INFO - Filling up the DagBag from /home/airflow/.local/lib/python3.8/site-packages/airflow/example_dags/example_sensors.py
[2025-11-06T13:45:18.212+0000] {processor.py:840} INFO - DAG(s) 'example_sensors' retrieved from /home/airflow/.local/lib/python3.8/site-packages/airflow/example_dags/example_sensors.py
[2025-11-06T13:45:18.246+0000] {logging_mixin.py:188} INFO - [2025-11-06T13:45:18.246+0000] {dag.py:3036} INFO - Sync 1 DAGs
[2025-11-06T13:45:18.264+0000] {logging_mixin.py:188} INFO - [2025-11-06T13:45:18.263+0000] {dag.py:3823} INFO - Setting next_dagrun for example_sensors to None, run_after=None
[2025-11-06T13:45:18.295+0000] {processor.py:183} INFO - Processing /home/airflow/.local/lib/python3.8/site-packages/airflow/example_dags/example_sensors.py took 0.105 seconds
[2025-11-06T13:45:49.144+0000] {processor.py:161} INFO - Started process (PID=18036) to work on /home/airflow/.local/lib/python3.8/site-packages/airflow/example_dags/example_sensors.py
[2025-11-06T13:45:49.148+0000] {processor.py:830} INFO - Processing file /home/airflow/.local/lib/python3.8/site-packages/airflow/example_dags/example_sensors.py for tasks to queue
[2025-11-06T13:45:49.153+0000] {logging_mixin.py:188} INFO - [2025-11-06T13:45:49.152+0000] {dagbag.py:538} INFO - Filling up the DagBag from /home/airflow/.local/lib/python3.8/site-packages/airflow/example_dags/example_sensors.py
[2025-11-06T13:45:49.172+0000] {processor.py:840} INFO - DAG(s) 'example_sensors' retrieved from /home/airflow/.local/lib/python3.8/site-packages/airflow/example_dags/example_sensors.py
[2025-11-06T13:45:49.221+0000] {logging_mixin.py:188} INFO - [2025-11-06T13:45:49.221+0000] {dag.py:3036} INFO - Sync 1 DAGs
[2025-11-06T13:45:49.245+0000] {logging_mixin.py:188} INFO - [2025-11-06T13:45:49.245+0000] {dag.py:3823} INFO - Setting next_dagrun for example_sensors to None, run_after=None
[2025-11-06T13:45:49.291+0000] {processor.py:183} INFO - Processing /home/airflow/.local/lib/python3.8/site-packages/airflow/example_dags/example_sensors.py took 0.154 seconds
[2025-11-06T13:46:19.391+0000] {processor.py:161} INFO - Started process (PID=18091) to work on /home/airflow/.local/lib/python3.8/site-packages/airflow/example_dags/example_sensors.py
[2025-11-06T13:46:19.393+0000] {processor.py:830} INFO - Processing file /home/airflow/.local/lib/python3.8/site-packages/airflow/example_dags/example_sensors.py for tasks to queue
[2025-11-06T13:46:19.396+0000] {logging_mixin.py:188} INFO - [2025-11-06T13:46:19.396+0000] {dagbag.py:538} INFO - Filling up the DagBag from /home/airflow/.local/lib/python3.8/site-packages/airflow/example_dags/example_sensors.py
[2025-11-06T13:46:19.409+0000] {processor.py:840} INFO - DAG(s) 'example_sensors' retrieved from /home/airflow/.local/lib/python3.8/site-packages/airflow/example_dags/example_sensors.py
[2025-11-06T13:46:19.449+0000] {logging_mixin.py:188} INFO - [2025-11-06T13:46:19.449+0000] {dag.py:3036} INFO - Sync 1 DAGs
[2025-11-06T13:46:19.474+0000] {logging_mixin.py:188} INFO - [2025-11-06T13:46:19.473+0000] {dag.py:3823} INFO - Setting next_dagrun for example_sensors to None, run_after=None
[2025-11-06T13:46:19.508+0000] {processor.py:183} INFO - Processing /home/airflow/.local/lib/python3.8/site-packages/airflow/example_dags/example_sensors.py took 0.123 seconds
[2025-11-06T13:46:50.037+0000] {processor.py:161} INFO - Started process (PID=18146) to work on /home/airflow/.local/lib/python3.8/site-packages/airflow/example_dags/example_sensors.py
[2025-11-06T13:46:50.039+0000] {processor.py:830} INFO - Processing file /home/airflow/.local/lib/python3.8/site-packages/airflow/example_dags/example_sensors.py for tasks to queue
[2025-11-06T13:46:50.042+0000] {logging_mixin.py:188} INFO - [2025-11-06T13:46:50.042+0000] {dagbag.py:538} INFO - Filling up the DagBag from /home/airflow/.local/lib/python3.8/site-packages/airflow/example_dags/example_sensors.py
[2025-11-06T13:46:50.055+0000] {processor.py:840} INFO - DAG(s) 'example_sensors' retrieved from /home/airflow/.local/lib/python3.8/site-packages/airflow/example_dags/example_sensors.py
[2025-11-06T13:46:50.092+0000] {logging_mixin.py:188} INFO - [2025-11-06T13:46:50.092+0000] {dag.py:3036} INFO - Sync 1 DAGs
[2025-11-06T13:46:50.109+0000] {logging_mixin.py:188} INFO - [2025-11-06T13:46:50.109+0000] {dag.py:3823} INFO - Setting next_dagrun for example_sensors to None, run_after=None
[2025-11-06T13:46:50.146+0000] {processor.py:183} INFO - Processing /home/airflow/.local/lib/python3.8/site-packages/airflow/example_dags/example_sensors.py took 0.114 seconds
[2025-11-06T13:47:20.423+0000] {processor.py:161} INFO - Started process (PID=18201) to work on /home/airflow/.local/lib/python3.8/site-packages/airflow/example_dags/example_sensors.py
[2025-11-06T13:47:20.425+0000] {processor.py:830} INFO - Processing file /home/airflow/.local/lib/python3.8/site-packages/airflow/example_dags/example_sensors.py for tasks to queue
[2025-11-06T13:47:20.430+0000] {logging_mixin.py:188} INFO - [2025-11-06T13:47:20.429+0000] {dagbag.py:538} INFO - Filling up the DagBag from /home/airflow/.local/lib/python3.8/site-packages/airflow/example_dags/example_sensors.py
[2025-11-06T13:47:20.450+0000] {processor.py:840} INFO - DAG(s) 'example_sensors' retrieved from /home/airflow/.local/lib/python3.8/site-packages/airflow/example_dags/example_sensors.py
[2025-11-06T13:47:20.514+0000] {logging_mixin.py:188} INFO - [2025-11-06T13:47:20.513+0000] {dag.py:3036} INFO - Sync 1 DAGs
[2025-11-06T13:47:20.545+0000] {logging_mixin.py:188} INFO - [2025-11-06T13:47:20.545+0000] {dag.py:3823} INFO - Setting next_dagrun for example_sensors to None, run_after=None
[2025-11-06T13:47:20.588+0000] {processor.py:183} INFO - Processing /home/airflow/.local/lib/python3.8/site-packages/airflow/example_dags/example_sensors.py took 0.170 seconds
[2025-11-06T13:47:50.978+0000] {processor.py:161} INFO - Started process (PID=18257) to work on /home/airflow/.local/lib/python3.8/site-packages/airflow/example_dags/example_sensors.py
[2025-11-06T13:47:50.981+0000] {processor.py:830} INFO - Processing file /home/airflow/.local/lib/python3.8/site-packages/airflow/example_dags/example_sensors.py for tasks to queue
[2025-11-06T13:47:50.985+0000] {logging_mixin.py:188} INFO - [2025-11-06T13:47:50.984+0000] {dagbag.py:538} INFO - Filling up the DagBag from /home/airflow/.local/lib/python3.8/site-packages/airflow/example_dags/example_sensors.py
[2025-11-06T13:47:51.008+0000] {processor.py:840} INFO - DAG(s) 'example_sensors' retrieved from /home/airflow/.local/lib/python3.8/site-packages/airflow/example_dags/example_sensors.py
[2025-11-06T13:47:51.075+0000] {logging_mixin.py:188} INFO - [2025-11-06T13:47:51.075+0000] {dag.py:3036} INFO - Sync 1 DAGs
[2025-11-06T13:47:51.114+0000] {logging_mixin.py:188} INFO - [2025-11-06T13:47:51.114+0000] {dag.py:3823} INFO - Setting next_dagrun for example_sensors to None, run_after=None
[2025-11-06T13:47:51.171+0000] {processor.py:183} INFO - Processing /home/airflow/.local/lib/python3.8/site-packages/airflow/example_dags/example_sensors.py took 0.203 seconds
[2025-11-06T13:48:21.401+0000] {processor.py:161} INFO - Started process (PID=18312) to work on /home/airflow/.local/lib/python3.8/site-packages/airflow/example_dags/example_sensors.py
[2025-11-06T13:48:21.405+0000] {processor.py:830} INFO - Processing file /home/airflow/.local/lib/python3.8/site-packages/airflow/example_dags/example_sensors.py for tasks to queue
[2025-11-06T13:48:21.411+0000] {logging_mixin.py:188} INFO - [2025-11-06T13:48:21.410+0000] {dagbag.py:538} INFO - Filling up the DagBag from /home/airflow/.local/lib/python3.8/site-packages/airflow/example_dags/example_sensors.py
[2025-11-06T13:48:21.441+0000] {processor.py:840} INFO - DAG(s) 'example_sensors' retrieved from /home/airflow/.local/lib/python3.8/site-packages/airflow/example_dags/example_sensors.py
[2025-11-06T13:48:21.526+0000] {logging_mixin.py:188} INFO - [2025-11-06T13:48:21.525+0000] {dag.py:3036} INFO - Sync 1 DAGs
[2025-11-06T13:48:21.579+0000] {logging_mixin.py:188} INFO - [2025-11-06T13:48:21.578+0000] {dag.py:3823} INFO - Setting next_dagrun for example_sensors to None, run_after=None
[2025-11-06T13:48:21.651+0000] {processor.py:183} INFO - Processing /home/airflow/.local/lib/python3.8/site-packages/airflow/example_dags/example_sensors.py took 0.262 seconds
[2025-11-06T13:48:54.441+0000] {processor.py:161} INFO - Started process (PID=18365) to work on /home/airflow/.local/lib/python3.8/site-packages/airflow/example_dags/example_sensors.py
[2025-11-06T13:48:54.454+0000] {processor.py:830} INFO - Processing file /home/airflow/.local/lib/python3.8/site-packages/airflow/example_dags/example_sensors.py for tasks to queue
[2025-11-06T13:48:54.472+0000] {logging_mixin.py:188} INFO - [2025-11-06T13:48:54.471+0000] {dagbag.py:538} INFO - Filling up the DagBag from /home/airflow/.local/lib/python3.8/site-packages/airflow/example_dags/example_sensors.py
[2025-11-06T13:48:54.623+0000] {processor.py:840} INFO - DAG(s) 'example_sensors' retrieved from /home/airflow/.local/lib/python3.8/site-packages/airflow/example_dags/example_sensors.py
[2025-11-06T13:48:55.026+0000] {logging_mixin.py:188} INFO - [2025-11-06T13:48:55.025+0000] {dag.py:3036} INFO - Sync 1 DAGs
[2025-11-06T13:48:55.387+0000] {logging_mixin.py:188} INFO - [2025-11-06T13:48:55.387+0000] {dag.py:3823} INFO - Setting next_dagrun for example_sensors to None, run_after=None
[2025-11-06T13:48:55.697+0000] {processor.py:183} INFO - Processing /home/airflow/.local/lib/python3.8/site-packages/airflow/example_dags/example_sensors.py took 1.300 seconds
[2025-11-06T13:49:26.363+0000] {processor.py:161} INFO - Started process (PID=18419) to work on /home/airflow/.local/lib/python3.8/site-packages/airflow/example_dags/example_sensors.py
[2025-11-06T13:49:26.368+0000] {processor.py:830} INFO - Processing file /home/airflow/.local/lib/python3.8/site-packages/airflow/example_dags/example_sensors.py for tasks to queue
[2025-11-06T13:49:26.383+0000] {logging_mixin.py:188} INFO - [2025-11-06T13:49:26.382+0000] {dagbag.py:538} INFO - Filling up the DagBag from /home/airflow/.local/lib/python3.8/site-packages/airflow/example_dags/example_sensors.py
[2025-11-06T13:49:26.461+0000] {processor.py:840} INFO - DAG(s) 'example_sensors' retrieved from /home/airflow/.local/lib/python3.8/site-packages/airflow/example_dags/example_sensors.py
[2025-11-06T13:49:26.668+0000] {logging_mixin.py:188} INFO - [2025-11-06T13:49:26.659+0000] {dag.py:3036} INFO - Sync 1 DAGs
[2025-11-06T13:49:26.768+0000] {logging_mixin.py:188} INFO - [2025-11-06T13:49:26.768+0000] {dag.py:3823} INFO - Setting next_dagrun for example_sensors to None, run_after=None
[2025-11-06T13:49:26.915+0000] {processor.py:183} INFO - Processing /home/airflow/.local/lib/python3.8/site-packages/airflow/example_dags/example_sensors.py took 0.585 seconds
[2025-11-06T13:49:57.207+0000] {processor.py:161} INFO - Started process (PID=18474) to work on /home/airflow/.local/lib/python3.8/site-packages/airflow/example_dags/example_sensors.py
[2025-11-06T13:49:57.209+0000] {processor.py:830} INFO - Processing file /home/airflow/.local/lib/python3.8/site-packages/airflow/example_dags/example_sensors.py for tasks to queue
[2025-11-06T13:49:57.215+0000] {logging_mixin.py:188} INFO - [2025-11-06T13:49:57.214+0000] {dagbag.py:538} INFO - Filling up the DagBag from /home/airflow/.local/lib/python3.8/site-packages/airflow/example_dags/example_sensors.py
[2025-11-06T13:49:57.240+0000] {processor.py:840} INFO - DAG(s) 'example_sensors' retrieved from /home/airflow/.local/lib/python3.8/site-packages/airflow/example_dags/example_sensors.py
[2025-11-06T13:49:57.304+0000] {logging_mixin.py:188} INFO - [2025-11-06T13:49:57.303+0000] {dag.py:3036} INFO - Sync 1 DAGs
[2025-11-06T13:49:57.343+0000] {logging_mixin.py:188} INFO - [2025-11-06T13:49:57.343+0000] {dag.py:3823} INFO - Setting next_dagrun for example_sensors to None, run_after=None
[2025-11-06T13:49:57.399+0000] {processor.py:183} INFO - Processing /home/airflow/.local/lib/python3.8/site-packages/airflow/example_dags/example_sensors.py took 0.201 seconds
[2025-11-06T13:50:27.676+0000] {processor.py:161} INFO - Started process (PID=18529) to work on /home/airflow/.local/lib/python3.8/site-packages/airflow/example_dags/example_sensors.py
[2025-11-06T13:50:27.706+0000] {processor.py:830} INFO - Processing file /home/airflow/.local/lib/python3.8/site-packages/airflow/example_dags/example_sensors.py for tasks to queue
[2025-11-06T13:50:27.717+0000] {logging_mixin.py:188} INFO - [2025-11-06T13:50:27.716+0000] {dagbag.py:538} INFO - Filling up the DagBag from /home/airflow/.local/lib/python3.8/site-packages/airflow/example_dags/example_sensors.py
[2025-11-06T13:50:27.803+0000] {processor.py:840} INFO - DAG(s) 'example_sensors' retrieved from /home/airflow/.local/lib/python3.8/site-packages/airflow/example_dags/example_sensors.py
[2025-11-06T13:50:27.992+0000] {logging_mixin.py:188} INFO - [2025-11-06T13:50:27.992+0000] {dag.py:3036} INFO - Sync 1 DAGs
[2025-11-06T13:50:28.063+0000] {logging_mixin.py:188} INFO - [2025-11-06T13:50:28.062+0000] {dag.py:3823} INFO - Setting next_dagrun for example_sensors to None, run_after=None
[2025-11-06T13:50:28.208+0000] {processor.py:183} INFO - Processing /home/airflow/.local/lib/python3.8/site-packages/airflow/example_dags/example_sensors.py took 0.553 seconds
[2025-11-06T13:50:58.689+0000] {processor.py:161} INFO - Started process (PID=18584) to work on /home/airflow/.local/lib/python3.8/site-packages/airflow/example_dags/example_sensors.py
[2025-11-06T13:50:58.694+0000] {processor.py:830} INFO - Processing file /home/airflow/.local/lib/python3.8/site-packages/airflow/example_dags/example_sensors.py for tasks to queue
[2025-11-06T13:50:58.714+0000] {logging_mixin.py:188} INFO - [2025-11-06T13:50:58.713+0000] {dagbag.py:538} INFO - Filling up the DagBag from /home/airflow/.local/lib/python3.8/site-packages/airflow/example_dags/example_sensors.py
[2025-11-06T13:50:58.778+0000] {processor.py:840} INFO - DAG(s) 'example_sensors' retrieved from /home/airflow/.local/lib/python3.8/site-packages/airflow/example_dags/example_sensors.py
[2025-11-06T13:50:58.985+0000] {logging_mixin.py:188} INFO - [2025-11-06T13:50:58.984+0000] {dag.py:3036} INFO - Sync 1 DAGs
[2025-11-06T13:50:59.106+0000] {logging_mixin.py:188} INFO - [2025-11-06T13:50:59.106+0000] {dag.py:3823} INFO - Setting next_dagrun for example_sensors to None, run_after=None
[2025-11-06T13:50:59.323+0000] {processor.py:183} INFO - Processing /home/airflow/.local/lib/python3.8/site-packages/airflow/example_dags/example_sensors.py took 0.658 seconds
[2025-11-06T13:51:29.878+0000] {processor.py:161} INFO - Started process (PID=18637) to work on /home/airflow/.local/lib/python3.8/site-packages/airflow/example_dags/example_sensors.py
[2025-11-06T13:51:29.880+0000] {processor.py:830} INFO - Processing file /home/airflow/.local/lib/python3.8/site-packages/airflow/example_dags/example_sensors.py for tasks to queue
[2025-11-06T13:51:29.887+0000] {logging_mixin.py:188} INFO - [2025-11-06T13:51:29.885+0000] {dagbag.py:538} INFO - Filling up the DagBag from /home/airflow/.local/lib/python3.8/site-packages/airflow/example_dags/example_sensors.py
[2025-11-06T13:51:29.935+0000] {processor.py:840} INFO - DAG(s) 'example_sensors' retrieved from /home/airflow/.local/lib/python3.8/site-packages/airflow/example_dags/example_sensors.py
[2025-11-06T13:51:30.158+0000] {logging_mixin.py:188} INFO - [2025-11-06T13:51:30.157+0000] {dag.py:3036} INFO - Sync 1 DAGs
[2025-11-06T13:51:30.240+0000] {logging_mixin.py:188} INFO - [2025-11-06T13:51:30.239+0000] {dag.py:3823} INFO - Setting next_dagrun for example_sensors to None, run_after=None
[2025-11-06T13:51:30.330+0000] {processor.py:183} INFO - Processing /home/airflow/.local/lib/python3.8/site-packages/airflow/example_dags/example_sensors.py took 0.466 seconds
[2025-11-06T13:52:00.773+0000] {processor.py:161} INFO - Started process (PID=18692) to work on /home/airflow/.local/lib/python3.8/site-packages/airflow/example_dags/example_sensors.py
[2025-11-06T13:52:00.776+0000] {processor.py:830} INFO - Processing file /home/airflow/.local/lib/python3.8/site-packages/airflow/example_dags/example_sensors.py for tasks to queue
[2025-11-06T13:52:00.781+0000] {logging_mixin.py:188} INFO - [2025-11-06T13:52:00.781+0000] {dagbag.py:538} INFO - Filling up the DagBag from /home/airflow/.local/lib/python3.8/site-packages/airflow/example_dags/example_sensors.py
[2025-11-06T13:52:00.806+0000] {processor.py:840} INFO - DAG(s) 'example_sensors' retrieved from /home/airflow/.local/lib/python3.8/site-packages/airflow/example_dags/example_sensors.py
[2025-11-06T13:52:00.899+0000] {logging_mixin.py:188} INFO - [2025-11-06T13:52:00.898+0000] {dag.py:3036} INFO - Sync 1 DAGs
[2025-11-06T13:52:00.943+0000] {logging_mixin.py:188} INFO - [2025-11-06T13:52:00.942+0000] {dag.py:3823} INFO - Setting next_dagrun for example_sensors to None, run_after=None
[2025-11-06T13:52:01.020+0000] {processor.py:183} INFO - Processing /home/airflow/.local/lib/python3.8/site-packages/airflow/example_dags/example_sensors.py took 0.255 seconds
[2025-11-06T13:52:31.254+0000] {processor.py:161} INFO - Started process (PID=18747) to work on /home/airflow/.local/lib/python3.8/site-packages/airflow/example_dags/example_sensors.py
[2025-11-06T13:52:31.256+0000] {processor.py:830} INFO - Processing file /home/airflow/.local/lib/python3.8/site-packages/airflow/example_dags/example_sensors.py for tasks to queue
[2025-11-06T13:52:31.261+0000] {logging_mixin.py:188} INFO - [2025-11-06T13:52:31.260+0000] {dagbag.py:538} INFO - Filling up the DagBag from /home/airflow/.local/lib/python3.8/site-packages/airflow/example_dags/example_sensors.py
[2025-11-06T13:52:31.285+0000] {processor.py:840} INFO - DAG(s) 'example_sensors' retrieved from /home/airflow/.local/lib/python3.8/site-packages/airflow/example_dags/example_sensors.py
[2025-11-06T13:52:31.345+0000] {logging_mixin.py:188} INFO - [2025-11-06T13:52:31.344+0000] {dag.py:3036} INFO - Sync 1 DAGs
[2025-11-06T13:52:31.372+0000] {logging_mixin.py:188} INFO - [2025-11-06T13:52:31.372+0000] {dag.py:3823} INFO - Setting next_dagrun for example_sensors to None, run_after=None
[2025-11-06T13:52:31.424+0000] {processor.py:183} INFO - Processing /home/airflow/.local/lib/python3.8/site-packages/airflow/example_dags/example_sensors.py took 0.180 seconds
[2025-11-06T13:53:02.273+0000] {processor.py:161} INFO - Started process (PID=18802) to work on /home/airflow/.local/lib/python3.8/site-packages/airflow/example_dags/example_sensors.py
[2025-11-06T13:53:02.275+0000] {processor.py:830} INFO - Processing file /home/airflow/.local/lib/python3.8/site-packages/airflow/example_dags/example_sensors.py for tasks to queue
[2025-11-06T13:53:02.277+0000] {logging_mixin.py:188} INFO - [2025-11-06T13:53:02.277+0000] {dagbag.py:538} INFO - Filling up the DagBag from /home/airflow/.local/lib/python3.8/site-packages/airflow/example_dags/example_sensors.py
[2025-11-06T13:53:02.292+0000] {processor.py:840} INFO - DAG(s) 'example_sensors' retrieved from /home/airflow/.local/lib/python3.8/site-packages/airflow/example_dags/example_sensors.py
[2025-11-06T13:53:02.339+0000] {logging_mixin.py:188} INFO - [2025-11-06T13:53:02.339+0000] {dag.py:3036} INFO - Sync 1 DAGs
[2025-11-06T13:53:02.365+0000] {logging_mixin.py:188} INFO - [2025-11-06T13:53:02.364+0000] {dag.py:3823} INFO - Setting next_dagrun for example_sensors to None, run_after=None
[2025-11-06T13:53:02.399+0000] {processor.py:183} INFO - Processing /home/airflow/.local/lib/python3.8/site-packages/airflow/example_dags/example_sensors.py took 0.130 seconds
[2025-11-06T13:53:33.331+0000] {processor.py:161} INFO - Started process (PID=18857) to work on /home/airflow/.local/lib/python3.8/site-packages/airflow/example_dags/example_sensors.py
[2025-11-06T13:53:33.333+0000] {processor.py:830} INFO - Processing file /home/airflow/.local/lib/python3.8/site-packages/airflow/example_dags/example_sensors.py for tasks to queue
[2025-11-06T13:53:33.336+0000] {logging_mixin.py:188} INFO - [2025-11-06T13:53:33.336+0000] {dagbag.py:538} INFO - Filling up the DagBag from /home/airflow/.local/lib/python3.8/site-packages/airflow/example_dags/example_sensors.py
[2025-11-06T13:53:33.349+0000] {processor.py:840} INFO - DAG(s) 'example_sensors' retrieved from /home/airflow/.local/lib/python3.8/site-packages/airflow/example_dags/example_sensors.py
[2025-11-06T13:53:33.385+0000] {logging_mixin.py:188} INFO - [2025-11-06T13:53:33.384+0000] {dag.py:3036} INFO - Sync 1 DAGs
[2025-11-06T13:53:33.403+0000] {logging_mixin.py:188} INFO - [2025-11-06T13:53:33.403+0000] {dag.py:3823} INFO - Setting next_dagrun for example_sensors to None, run_after=None
[2025-11-06T13:53:33.439+0000] {processor.py:183} INFO - Processing /home/airflow/.local/lib/python3.8/site-packages/airflow/example_dags/example_sensors.py took 0.113 seconds
[2025-11-06T13:54:04.016+0000] {processor.py:161} INFO - Started process (PID=18912) to work on /home/airflow/.local/lib/python3.8/site-packages/airflow/example_dags/example_sensors.py
[2025-11-06T13:54:04.018+0000] {processor.py:830} INFO - Processing file /home/airflow/.local/lib/python3.8/site-packages/airflow/example_dags/example_sensors.py for tasks to queue
[2025-11-06T13:54:04.022+0000] {logging_mixin.py:188} INFO - [2025-11-06T13:54:04.022+0000] {dagbag.py:538} INFO - Filling up the DagBag from /home/airflow/.local/lib/python3.8/site-packages/airflow/example_dags/example_sensors.py
[2025-11-06T13:54:04.038+0000] {processor.py:840} INFO - DAG(s) 'example_sensors' retrieved from /home/airflow/.local/lib/python3.8/site-packages/airflow/example_dags/example_sensors.py
[2025-11-06T13:54:04.081+0000] {logging_mixin.py:188} INFO - [2025-11-06T13:54:04.081+0000] {dag.py:3036} INFO - Sync 1 DAGs
[2025-11-06T13:54:04.100+0000] {logging_mixin.py:188} INFO - [2025-11-06T13:54:04.099+0000] {dag.py:3823} INFO - Setting next_dagrun for example_sensors to None, run_after=None
[2025-11-06T13:54:04.131+0000] {processor.py:183} INFO - Processing /home/airflow/.local/lib/python3.8/site-packages/airflow/example_dags/example_sensors.py took 0.121 seconds
[2025-11-06T13:54:34.777+0000] {processor.py:161} INFO - Started process (PID=18967) to work on /home/airflow/.local/lib/python3.8/site-packages/airflow/example_dags/example_sensors.py
[2025-11-06T13:54:34.779+0000] {processor.py:830} INFO - Processing file /home/airflow/.local/lib/python3.8/site-packages/airflow/example_dags/example_sensors.py for tasks to queue
[2025-11-06T13:54:34.782+0000] {logging_mixin.py:188} INFO - [2025-11-06T13:54:34.781+0000] {dagbag.py:538} INFO - Filling up the DagBag from /home/airflow/.local/lib/python3.8/site-packages/airflow/example_dags/example_sensors.py
[2025-11-06T13:54:34.794+0000] {processor.py:840} INFO - DAG(s) 'example_sensors' retrieved from /home/airflow/.local/lib/python3.8/site-packages/airflow/example_dags/example_sensors.py
[2025-11-06T13:54:34.828+0000] {logging_mixin.py:188} INFO - [2025-11-06T13:54:34.827+0000] {dag.py:3036} INFO - Sync 1 DAGs
[2025-11-06T13:54:34.844+0000] {logging_mixin.py:188} INFO - [2025-11-06T13:54:34.844+0000] {dag.py:3823} INFO - Setting next_dagrun for example_sensors to None, run_after=None
[2025-11-06T13:54:34.879+0000] {processor.py:183} INFO - Processing /home/airflow/.local/lib/python3.8/site-packages/airflow/example_dags/example_sensors.py took 0.107 seconds
[2025-11-06T13:55:05.373+0000] {processor.py:161} INFO - Started process (PID=19023) to work on /home/airflow/.local/lib/python3.8/site-packages/airflow/example_dags/example_sensors.py
[2025-11-06T13:55:05.375+0000] {processor.py:830} INFO - Processing file /home/airflow/.local/lib/python3.8/site-packages/airflow/example_dags/example_sensors.py for tasks to queue
[2025-11-06T13:55:05.380+0000] {logging_mixin.py:188} INFO - [2025-11-06T13:55:05.379+0000] {dagbag.py:538} INFO - Filling up the DagBag from /home/airflow/.local/lib/python3.8/site-packages/airflow/example_dags/example_sensors.py
[2025-11-06T13:55:05.405+0000] {processor.py:840} INFO - DAG(s) 'example_sensors' retrieved from /home/airflow/.local/lib/python3.8/site-packages/airflow/example_dags/example_sensors.py
[2025-11-06T13:55:05.449+0000] {logging_mixin.py:188} INFO - [2025-11-06T13:55:05.448+0000] {dag.py:3036} INFO - Sync 1 DAGs
[2025-11-06T13:55:05.474+0000] {logging_mixin.py:188} INFO - [2025-11-06T13:55:05.474+0000] {dag.py:3823} INFO - Setting next_dagrun for example_sensors to None, run_after=None
[2025-11-06T13:55:05.523+0000] {processor.py:183} INFO - Processing /home/airflow/.local/lib/python3.8/site-packages/airflow/example_dags/example_sensors.py took 0.157 seconds
[2025-11-06T13:55:35.941+0000] {processor.py:161} INFO - Started process (PID=19078) to work on /home/airflow/.local/lib/python3.8/site-packages/airflow/example_dags/example_sensors.py
[2025-11-06T13:55:35.945+0000] {processor.py:830} INFO - Processing file /home/airflow/.local/lib/python3.8/site-packages/airflow/example_dags/example_sensors.py for tasks to queue
[2025-11-06T13:55:35.951+0000] {logging_mixin.py:188} INFO - [2025-11-06T13:55:35.950+0000] {dagbag.py:538} INFO - Filling up the DagBag from /home/airflow/.local/lib/python3.8/site-packages/airflow/example_dags/example_sensors.py
[2025-11-06T13:55:35.976+0000] {processor.py:840} INFO - DAG(s) 'example_sensors' retrieved from /home/airflow/.local/lib/python3.8/site-packages/airflow/example_dags/example_sensors.py
[2025-11-06T13:55:36.044+0000] {logging_mixin.py:188} INFO - [2025-11-06T13:55:36.044+0000] {dag.py:3036} INFO - Sync 1 DAGs
[2025-11-06T13:55:36.073+0000] {logging_mixin.py:188} INFO - [2025-11-06T13:55:36.073+0000] {dag.py:3823} INFO - Setting next_dagrun for example_sensors to None, run_after=None
[2025-11-06T13:55:36.140+0000] {processor.py:183} INFO - Processing /home/airflow/.local/lib/python3.8/site-packages/airflow/example_dags/example_sensors.py took 0.211 seconds
[2025-11-06T13:56:07.054+0000] {processor.py:161} INFO - Started process (PID=19133) to work on /home/airflow/.local/lib/python3.8/site-packages/airflow/example_dags/example_sensors.py
[2025-11-06T13:56:07.055+0000] {processor.py:830} INFO - Processing file /home/airflow/.local/lib/python3.8/site-packages/airflow/example_dags/example_sensors.py for tasks to queue
[2025-11-06T13:56:07.059+0000] {logging_mixin.py:188} INFO - [2025-11-06T13:56:07.058+0000] {dagbag.py:538} INFO - Filling up the DagBag from /home/airflow/.local/lib/python3.8/site-packages/airflow/example_dags/example_sensors.py
[2025-11-06T13:56:07.073+0000] {processor.py:840} INFO - DAG(s) 'example_sensors' retrieved from /home/airflow/.local/lib/python3.8/site-packages/airflow/example_dags/example_sensors.py
[2025-11-06T13:56:07.109+0000] {logging_mixin.py:188} INFO - [2025-11-06T13:56:07.108+0000] {dag.py:3036} INFO - Sync 1 DAGs
[2025-11-06T13:56:07.130+0000] {logging_mixin.py:188} INFO - [2025-11-06T13:56:07.130+0000] {dag.py:3823} INFO - Setting next_dagrun for example_sensors to None, run_after=None
[2025-11-06T13:56:07.175+0000] {processor.py:183} INFO - Processing /home/airflow/.local/lib/python3.8/site-packages/airflow/example_dags/example_sensors.py took 0.126 seconds
[2025-11-06T13:56:38.133+0000] {processor.py:161} INFO - Started process (PID=19188) to work on /home/airflow/.local/lib/python3.8/site-packages/airflow/example_dags/example_sensors.py
[2025-11-06T13:56:38.135+0000] {processor.py:830} INFO - Processing file /home/airflow/.local/lib/python3.8/site-packages/airflow/example_dags/example_sensors.py for tasks to queue
[2025-11-06T13:56:38.137+0000] {logging_mixin.py:188} INFO - [2025-11-06T13:56:38.137+0000] {dagbag.py:538} INFO - Filling up the DagBag from /home/airflow/.local/lib/python3.8/site-packages/airflow/example_dags/example_sensors.py
[2025-11-06T13:56:38.148+0000] {processor.py:840} INFO - DAG(s) 'example_sensors' retrieved from /home/airflow/.local/lib/python3.8/site-packages/airflow/example_dags/example_sensors.py
[2025-11-06T13:56:38.177+0000] {logging_mixin.py:188} INFO - [2025-11-06T13:56:38.177+0000] {dag.py:3036} INFO - Sync 1 DAGs
[2025-11-06T13:56:38.192+0000] {logging_mixin.py:188} INFO - [2025-11-06T13:56:38.192+0000] {dag.py:3823} INFO - Setting next_dagrun for example_sensors to None, run_after=None
[2025-11-06T13:56:38.225+0000] {processor.py:183} INFO - Processing /home/airflow/.local/lib/python3.8/site-packages/airflow/example_dags/example_sensors.py took 0.095 seconds
[2025-11-06T13:57:08.890+0000] {processor.py:161} INFO - Started process (PID=19243) to work on /home/airflow/.local/lib/python3.8/site-packages/airflow/example_dags/example_sensors.py
[2025-11-06T13:57:08.892+0000] {processor.py:830} INFO - Processing file /home/airflow/.local/lib/python3.8/site-packages/airflow/example_dags/example_sensors.py for tasks to queue
[2025-11-06T13:57:08.895+0000] {logging_mixin.py:188} INFO - [2025-11-06T13:57:08.895+0000] {dagbag.py:538} INFO - Filling up the DagBag from /home/airflow/.local/lib/python3.8/site-packages/airflow/example_dags/example_sensors.py
[2025-11-06T13:57:08.911+0000] {processor.py:840} INFO - DAG(s) 'example_sensors' retrieved from /home/airflow/.local/lib/python3.8/site-packages/airflow/example_dags/example_sensors.py
[2025-11-06T13:57:08.941+0000] {logging_mixin.py:188} INFO - [2025-11-06T13:57:08.941+0000] {dag.py:3036} INFO - Sync 1 DAGs
[2025-11-06T13:57:08.955+0000] {logging_mixin.py:188} INFO - [2025-11-06T13:57:08.955+0000] {dag.py:3823} INFO - Setting next_dagrun for example_sensors to None, run_after=None
[2025-11-06T13:57:08.980+0000] {processor.py:183} INFO - Processing /home/airflow/.local/lib/python3.8/site-packages/airflow/example_dags/example_sensors.py took 0.095 seconds
[2025-11-06T13:57:39.698+0000] {processor.py:161} INFO - Started process (PID=19298) to work on /home/airflow/.local/lib/python3.8/site-packages/airflow/example_dags/example_sensors.py
[2025-11-06T13:57:39.701+0000] {processor.py:830} INFO - Processing file /home/airflow/.local/lib/python3.8/site-packages/airflow/example_dags/example_sensors.py for tasks to queue
[2025-11-06T13:57:39.708+0000] {logging_mixin.py:188} INFO - [2025-11-06T13:57:39.707+0000] {dagbag.py:538} INFO - Filling up the DagBag from /home/airflow/.local/lib/python3.8/site-packages/airflow/example_dags/example_sensors.py
[2025-11-06T13:57:39.733+0000] {processor.py:840} INFO - DAG(s) 'example_sensors' retrieved from /home/airflow/.local/lib/python3.8/site-packages/airflow/example_dags/example_sensors.py
[2025-11-06T13:57:39.808+0000] {logging_mixin.py:188} INFO - [2025-11-06T13:57:39.808+0000] {dag.py:3036} INFO - Sync 1 DAGs
[2025-11-06T13:57:39.840+0000] {logging_mixin.py:188} INFO - [2025-11-06T13:57:39.840+0000] {dag.py:3823} INFO - Setting next_dagrun for example_sensors to None, run_after=None
[2025-11-06T13:57:39.884+0000] {processor.py:183} INFO - Processing /home/airflow/.local/lib/python3.8/site-packages/airflow/example_dags/example_sensors.py took 0.195 seconds
[2025-11-06T13:58:10.216+0000] {processor.py:161} INFO - Started process (PID=19353) to work on /home/airflow/.local/lib/python3.8/site-packages/airflow/example_dags/example_sensors.py
[2025-11-06T13:58:10.219+0000] {processor.py:830} INFO - Processing file /home/airflow/.local/lib/python3.8/site-packages/airflow/example_dags/example_sensors.py for tasks to queue
[2025-11-06T13:58:10.224+0000] {logging_mixin.py:188} INFO - [2025-11-06T13:58:10.224+0000] {dagbag.py:538} INFO - Filling up the DagBag from /home/airflow/.local/lib/python3.8/site-packages/airflow/example_dags/example_sensors.py
[2025-11-06T13:58:10.254+0000] {processor.py:840} INFO - DAG(s) 'example_sensors' retrieved from /home/airflow/.local/lib/python3.8/site-packages/airflow/example_dags/example_sensors.py
[2025-11-06T13:58:10.324+0000] {logging_mixin.py:188} INFO - [2025-11-06T13:58:10.324+0000] {dag.py:3036} INFO - Sync 1 DAGs
[2025-11-06T13:58:10.375+0000] {logging_mixin.py:188} INFO - [2025-11-06T13:58:10.374+0000] {dag.py:3823} INFO - Setting next_dagrun for example_sensors to None, run_after=None
[2025-11-06T13:58:10.428+0000] {processor.py:183} INFO - Processing /home/airflow/.local/lib/python3.8/site-packages/airflow/example_dags/example_sensors.py took 0.221 seconds
[2025-11-06T13:58:40.987+0000] {processor.py:161} INFO - Started process (PID=19408) to work on /home/airflow/.local/lib/python3.8/site-packages/airflow/example_dags/example_sensors.py
[2025-11-06T13:58:40.989+0000] {processor.py:830} INFO - Processing file /home/airflow/.local/lib/python3.8/site-packages/airflow/example_dags/example_sensors.py for tasks to queue
[2025-11-06T13:58:40.992+0000] {logging_mixin.py:188} INFO - [2025-11-06T13:58:40.991+0000] {dagbag.py:538} INFO - Filling up the DagBag from /home/airflow/.local/lib/python3.8/site-packages/airflow/example_dags/example_sensors.py
[2025-11-06T13:58:41.002+0000] {processor.py:840} INFO - DAG(s) 'example_sensors' retrieved from /home/airflow/.local/lib/python3.8/site-packages/airflow/example_dags/example_sensors.py
[2025-11-06T13:58:41.032+0000] {logging_mixin.py:188} INFO - [2025-11-06T13:58:41.031+0000] {dag.py:3036} INFO - Sync 1 DAGs
[2025-11-06T13:58:41.046+0000] {logging_mixin.py:188} INFO - [2025-11-06T13:58:41.046+0000] {dag.py:3823} INFO - Setting next_dagrun for example_sensors to None, run_after=None
[2025-11-06T13:58:41.072+0000] {processor.py:183} INFO - Processing /home/airflow/.local/lib/python3.8/site-packages/airflow/example_dags/example_sensors.py took 0.089 seconds
[2025-11-06T13:59:11.798+0000] {processor.py:161} INFO - Started process (PID=19464) to work on /home/airflow/.local/lib/python3.8/site-packages/airflow/example_dags/example_sensors.py
[2025-11-06T13:59:11.800+0000] {processor.py:830} INFO - Processing file /home/airflow/.local/lib/python3.8/site-packages/airflow/example_dags/example_sensors.py for tasks to queue
[2025-11-06T13:59:11.802+0000] {logging_mixin.py:188} INFO - [2025-11-06T13:59:11.802+0000] {dagbag.py:538} INFO - Filling up the DagBag from /home/airflow/.local/lib/python3.8/site-packages/airflow/example_dags/example_sensors.py
[2025-11-06T13:59:11.814+0000] {processor.py:840} INFO - DAG(s) 'example_sensors' retrieved from /home/airflow/.local/lib/python3.8/site-packages/airflow/example_dags/example_sensors.py
[2025-11-06T13:59:11.845+0000] {logging_mixin.py:188} INFO - [2025-11-06T13:59:11.845+0000] {dag.py:3036} INFO - Sync 1 DAGs
[2025-11-06T13:59:11.860+0000] {logging_mixin.py:188} INFO - [2025-11-06T13:59:11.860+0000] {dag.py:3823} INFO - Setting next_dagrun for example_sensors to None, run_after=None
[2025-11-06T13:59:11.891+0000] {processor.py:183} INFO - Processing /home/airflow/.local/lib/python3.8/site-packages/airflow/example_dags/example_sensors.py took 0.098 seconds
[2025-11-06T13:59:42.212+0000] {processor.py:161} INFO - Started process (PID=19520) to work on /home/airflow/.local/lib/python3.8/site-packages/airflow/example_dags/example_sensors.py
[2025-11-06T13:59:42.215+0000] {processor.py:830} INFO - Processing file /home/airflow/.local/lib/python3.8/site-packages/airflow/example_dags/example_sensors.py for tasks to queue
[2025-11-06T13:59:42.228+0000] {logging_mixin.py:188} INFO - [2025-11-06T13:59:42.227+0000] {dagbag.py:538} INFO - Filling up the DagBag from /home/airflow/.local/lib/python3.8/site-packages/airflow/example_dags/example_sensors.py
[2025-11-06T13:59:42.268+0000] {processor.py:840} INFO - DAG(s) 'example_sensors' retrieved from /home/airflow/.local/lib/python3.8/site-packages/airflow/example_dags/example_sensors.py
[2025-11-06T13:59:42.396+0000] {logging_mixin.py:188} INFO - [2025-11-06T13:59:42.396+0000] {dag.py:3036} INFO - Sync 1 DAGs
[2025-11-06T13:59:42.488+0000] {logging_mixin.py:188} INFO - [2025-11-06T13:59:42.487+0000] {dag.py:3823} INFO - Setting next_dagrun for example_sensors to None, run_after=None
[2025-11-06T13:59:42.587+0000] {processor.py:183} INFO - Processing /home/airflow/.local/lib/python3.8/site-packages/airflow/example_dags/example_sensors.py took 0.390 seconds
[2025-11-06T14:00:13.648+0000] {processor.py:161} INFO - Started process (PID=19575) to work on /home/airflow/.local/lib/python3.8/site-packages/airflow/example_dags/example_sensors.py
[2025-11-06T14:00:13.651+0000] {processor.py:830} INFO - Processing file /home/airflow/.local/lib/python3.8/site-packages/airflow/example_dags/example_sensors.py for tasks to queue
[2025-11-06T14:00:13.655+0000] {logging_mixin.py:188} INFO - [2025-11-06T14:00:13.654+0000] {dagbag.py:538} INFO - Filling up the DagBag from /home/airflow/.local/lib/python3.8/site-packages/airflow/example_dags/example_sensors.py
[2025-11-06T14:00:13.680+0000] {processor.py:840} INFO - DAG(s) 'example_sensors' retrieved from /home/airflow/.local/lib/python3.8/site-packages/airflow/example_dags/example_sensors.py
[2025-11-06T14:00:13.760+0000] {logging_mixin.py:188} INFO - [2025-11-06T14:00:13.759+0000] {dag.py:3036} INFO - Sync 1 DAGs
[2025-11-06T14:00:13.811+0000] {logging_mixin.py:188} INFO - [2025-11-06T14:00:13.810+0000] {dag.py:3823} INFO - Setting next_dagrun for example_sensors to None, run_after=None
[2025-11-06T14:00:13.875+0000] {processor.py:183} INFO - Processing /home/airflow/.local/lib/python3.8/site-packages/airflow/example_dags/example_sensors.py took 0.239 seconds
[2025-11-06T14:00:44.437+0000] {processor.py:161} INFO - Started process (PID=19630) to work on /home/airflow/.local/lib/python3.8/site-packages/airflow/example_dags/example_sensors.py
[2025-11-06T14:00:44.441+0000] {processor.py:830} INFO - Processing file /home/airflow/.local/lib/python3.8/site-packages/airflow/example_dags/example_sensors.py for tasks to queue
[2025-11-06T14:00:44.461+0000] {logging_mixin.py:188} INFO - [2025-11-06T14:00:44.460+0000] {dagbag.py:538} INFO - Filling up the DagBag from /home/airflow/.local/lib/python3.8/site-packages/airflow/example_dags/example_sensors.py
[2025-11-06T14:00:44.517+0000] {processor.py:840} INFO - DAG(s) 'example_sensors' retrieved from /home/airflow/.local/lib/python3.8/site-packages/airflow/example_dags/example_sensors.py
[2025-11-06T14:00:44.633+0000] {logging_mixin.py:188} INFO - [2025-11-06T14:00:44.632+0000] {dag.py:3036} INFO - Sync 1 DAGs
[2025-11-06T14:00:44.696+0000] {logging_mixin.py:188} INFO - [2025-11-06T14:00:44.695+0000] {dag.py:3823} INFO - Setting next_dagrun for example_sensors to None, run_after=None
[2025-11-06T14:00:44.765+0000] {processor.py:183} INFO - Processing /home/airflow/.local/lib/python3.8/site-packages/airflow/example_dags/example_sensors.py took 0.343 seconds
[2025-11-06T14:01:14.923+0000] {processor.py:161} INFO - Started process (PID=19686) to work on /home/airflow/.local/lib/python3.8/site-packages/airflow/example_dags/example_sensors.py
[2025-11-06T14:01:14.927+0000] {processor.py:830} INFO - Processing file /home/airflow/.local/lib/python3.8/site-packages/airflow/example_dags/example_sensors.py for tasks to queue
[2025-11-06T14:01:14.933+0000] {logging_mixin.py:188} INFO - [2025-11-06T14:01:14.932+0000] {dagbag.py:538} INFO - Filling up the DagBag from /home/airflow/.local/lib/python3.8/site-packages/airflow/example_dags/example_sensors.py
[2025-11-06T14:01:14.964+0000] {processor.py:840} INFO - DAG(s) 'example_sensors' retrieved from /home/airflow/.local/lib/python3.8/site-packages/airflow/example_dags/example_sensors.py
[2025-11-06T14:01:15.037+0000] {logging_mixin.py:188} INFO - [2025-11-06T14:01:15.037+0000] {dag.py:3036} INFO - Sync 1 DAGs
[2025-11-06T14:01:15.069+0000] {logging_mixin.py:188} INFO - [2025-11-06T14:01:15.068+0000] {dag.py:3823} INFO - Setting next_dagrun for example_sensors to None, run_after=None
[2025-11-06T14:01:15.132+0000] {processor.py:183} INFO - Processing /home/airflow/.local/lib/python3.8/site-packages/airflow/example_dags/example_sensors.py took 0.215 seconds
[2025-11-06T14:01:46.168+0000] {processor.py:161} INFO - Started process (PID=19741) to work on /home/airflow/.local/lib/python3.8/site-packages/airflow/example_dags/example_sensors.py
[2025-11-06T14:01:46.172+0000] {processor.py:830} INFO - Processing file /home/airflow/.local/lib/python3.8/site-packages/airflow/example_dags/example_sensors.py for tasks to queue
[2025-11-06T14:01:46.200+0000] {logging_mixin.py:188} INFO - [2025-11-06T14:01:46.187+0000] {dagbag.py:538} INFO - Filling up the DagBag from /home/airflow/.local/lib/python3.8/site-packages/airflow/example_dags/example_sensors.py
[2025-11-06T14:01:46.313+0000] {processor.py:840} INFO - DAG(s) 'example_sensors' retrieved from /home/airflow/.local/lib/python3.8/site-packages/airflow/example_dags/example_sensors.py
[2025-11-06T14:01:46.500+0000] {logging_mixin.py:188} INFO - [2025-11-06T14:01:46.497+0000] {dag.py:3036} INFO - Sync 1 DAGs
[2025-11-06T14:01:46.582+0000] {logging_mixin.py:188} INFO - [2025-11-06T14:01:46.582+0000] {dag.py:3823} INFO - Setting next_dagrun for example_sensors to None, run_after=None
[2025-11-06T14:01:46.780+0000] {processor.py:183} INFO - Processing /home/airflow/.local/lib/python3.8/site-packages/airflow/example_dags/example_sensors.py took 0.653 seconds
[2025-11-06T14:02:17.301+0000] {processor.py:161} INFO - Started process (PID=19796) to work on /home/airflow/.local/lib/python3.8/site-packages/airflow/example_dags/example_sensors.py
[2025-11-06T14:02:17.304+0000] {processor.py:830} INFO - Processing file /home/airflow/.local/lib/python3.8/site-packages/airflow/example_dags/example_sensors.py for tasks to queue
[2025-11-06T14:02:17.311+0000] {logging_mixin.py:188} INFO - [2025-11-06T14:02:17.309+0000] {dagbag.py:538} INFO - Filling up the DagBag from /home/airflow/.local/lib/python3.8/site-packages/airflow/example_dags/example_sensors.py
[2025-11-06T14:02:17.342+0000] {processor.py:840} INFO - DAG(s) 'example_sensors' retrieved from /home/airflow/.local/lib/python3.8/site-packages/airflow/example_dags/example_sensors.py
[2025-11-06T14:02:17.392+0000] {logging_mixin.py:188} INFO - [2025-11-06T14:02:17.391+0000] {dag.py:3036} INFO - Sync 1 DAGs
[2025-11-06T14:02:17.414+0000] {logging_mixin.py:188} INFO - [2025-11-06T14:02:17.414+0000] {dag.py:3823} INFO - Setting next_dagrun for example_sensors to None, run_after=None
[2025-11-06T14:02:17.456+0000] {processor.py:183} INFO - Processing /home/airflow/.local/lib/python3.8/site-packages/airflow/example_dags/example_sensors.py took 0.171 seconds
[2025-11-06T14:02:48.513+0000] {processor.py:161} INFO - Started process (PID=19851) to work on /home/airflow/.local/lib/python3.8/site-packages/airflow/example_dags/example_sensors.py
[2025-11-06T14:02:48.517+0000] {processor.py:830} INFO - Processing file /home/airflow/.local/lib/python3.8/site-packages/airflow/example_dags/example_sensors.py for tasks to queue
[2025-11-06T14:02:48.523+0000] {logging_mixin.py:188} INFO - [2025-11-06T14:02:48.522+0000] {dagbag.py:538} INFO - Filling up the DagBag from /home/airflow/.local/lib/python3.8/site-packages/airflow/example_dags/example_sensors.py
[2025-11-06T14:02:48.551+0000] {processor.py:840} INFO - DAG(s) 'example_sensors' retrieved from /home/airflow/.local/lib/python3.8/site-packages/airflow/example_dags/example_sensors.py
[2025-11-06T14:02:48.626+0000] {logging_mixin.py:188} INFO - [2025-11-06T14:02:48.625+0000] {dag.py:3036} INFO - Sync 1 DAGs
[2025-11-06T14:02:48.663+0000] {logging_mixin.py:188} INFO - [2025-11-06T14:02:48.663+0000] {dag.py:3823} INFO - Setting next_dagrun for example_sensors to None, run_after=None
[2025-11-06T14:02:48.727+0000] {processor.py:183} INFO - Processing /home/airflow/.local/lib/python3.8/site-packages/airflow/example_dags/example_sensors.py took 0.223 seconds
[2025-11-06T14:03:19.516+0000] {processor.py:161} INFO - Started process (PID=19906) to work on /home/airflow/.local/lib/python3.8/site-packages/airflow/example_dags/example_sensors.py
[2025-11-06T14:03:19.518+0000] {processor.py:830} INFO - Processing file /home/airflow/.local/lib/python3.8/site-packages/airflow/example_dags/example_sensors.py for tasks to queue
[2025-11-06T14:03:19.521+0000] {logging_mixin.py:188} INFO - [2025-11-06T14:03:19.521+0000] {dagbag.py:538} INFO - Filling up the DagBag from /home/airflow/.local/lib/python3.8/site-packages/airflow/example_dags/example_sensors.py
[2025-11-06T14:03:19.535+0000] {processor.py:840} INFO - DAG(s) 'example_sensors' retrieved from /home/airflow/.local/lib/python3.8/site-packages/airflow/example_dags/example_sensors.py
[2025-11-06T14:03:19.583+0000] {logging_mixin.py:188} INFO - [2025-11-06T14:03:19.583+0000] {dag.py:3036} INFO - Sync 1 DAGs
[2025-11-06T14:03:19.602+0000] {logging_mixin.py:188} INFO - [2025-11-06T14:03:19.602+0000] {dag.py:3823} INFO - Setting next_dagrun for example_sensors to None, run_after=None
[2025-11-06T14:03:19.648+0000] {processor.py:183} INFO - Processing /home/airflow/.local/lib/python3.8/site-packages/airflow/example_dags/example_sensors.py took 0.137 seconds
[2025-11-06T14:03:50.362+0000] {processor.py:161} INFO - Started process (PID=19961) to work on /home/airflow/.local/lib/python3.8/site-packages/airflow/example_dags/example_sensors.py
[2025-11-06T14:03:50.364+0000] {processor.py:830} INFO - Processing file /home/airflow/.local/lib/python3.8/site-packages/airflow/example_dags/example_sensors.py for tasks to queue
[2025-11-06T14:03:50.367+0000] {logging_mixin.py:188} INFO - [2025-11-06T14:03:50.367+0000] {dagbag.py:538} INFO - Filling up the DagBag from /home/airflow/.local/lib/python3.8/site-packages/airflow/example_dags/example_sensors.py
[2025-11-06T14:03:50.385+0000] {processor.py:840} INFO - DAG(s) 'example_sensors' retrieved from /home/airflow/.local/lib/python3.8/site-packages/airflow/example_dags/example_sensors.py
[2025-11-06T14:03:50.433+0000] {logging_mixin.py:188} INFO - [2025-11-06T14:03:50.432+0000] {dag.py:3036} INFO - Sync 1 DAGs
[2025-11-06T14:03:50.453+0000] {logging_mixin.py:188} INFO - [2025-11-06T14:03:50.452+0000] {dag.py:3823} INFO - Setting next_dagrun for example_sensors to None, run_after=None
[2025-11-06T14:03:50.492+0000] {processor.py:183} INFO - Processing /home/airflow/.local/lib/python3.8/site-packages/airflow/example_dags/example_sensors.py took 0.136 seconds
[2025-11-06T14:04:20.583+0000] {processor.py:161} INFO - Started process (PID=20017) to work on /home/airflow/.local/lib/python3.8/site-packages/airflow/example_dags/example_sensors.py
[2025-11-06T14:04:20.585+0000] {processor.py:830} INFO - Processing file /home/airflow/.local/lib/python3.8/site-packages/airflow/example_dags/example_sensors.py for tasks to queue
[2025-11-06T14:04:20.590+0000] {logging_mixin.py:188} INFO - [2025-11-06T14:04:20.589+0000] {dagbag.py:538} INFO - Filling up the DagBag from /home/airflow/.local/lib/python3.8/site-packages/airflow/example_dags/example_sensors.py
[2025-11-06T14:04:20.607+0000] {processor.py:840} INFO - DAG(s) 'example_sensors' retrieved from /home/airflow/.local/lib/python3.8/site-packages/airflow/example_dags/example_sensors.py
[2025-11-06T14:04:20.645+0000] {logging_mixin.py:188} INFO - [2025-11-06T14:04:20.645+0000] {dag.py:3036} INFO - Sync 1 DAGs
[2025-11-06T14:04:20.664+0000] {logging_mixin.py:188} INFO - [2025-11-06T14:04:20.664+0000] {dag.py:3823} INFO - Setting next_dagrun for example_sensors to None, run_after=None
[2025-11-06T14:04:20.695+0000] {processor.py:183} INFO - Processing /home/airflow/.local/lib/python3.8/site-packages/airflow/example_dags/example_sensors.py took 0.119 seconds
[2025-11-06T14:04:51.219+0000] {processor.py:161} INFO - Started process (PID=20072) to work on /home/airflow/.local/lib/python3.8/site-packages/airflow/example_dags/example_sensors.py
[2025-11-06T14:04:51.221+0000] {processor.py:830} INFO - Processing file /home/airflow/.local/lib/python3.8/site-packages/airflow/example_dags/example_sensors.py for tasks to queue
[2025-11-06T14:04:51.224+0000] {logging_mixin.py:188} INFO - [2025-11-06T14:04:51.224+0000] {dagbag.py:538} INFO - Filling up the DagBag from /home/airflow/.local/lib/python3.8/site-packages/airflow/example_dags/example_sensors.py
[2025-11-06T14:04:51.242+0000] {processor.py:840} INFO - DAG(s) 'example_sensors' retrieved from /home/airflow/.local/lib/python3.8/site-packages/airflow/example_dags/example_sensors.py
[2025-11-06T14:04:51.306+0000] {logging_mixin.py:188} INFO - [2025-11-06T14:04:51.305+0000] {dag.py:3036} INFO - Sync 1 DAGs
[2025-11-06T14:04:51.338+0000] {logging_mixin.py:188} INFO - [2025-11-06T14:04:51.337+0000] {dag.py:3823} INFO - Setting next_dagrun for example_sensors to None, run_after=None
[2025-11-06T14:04:51.384+0000] {processor.py:183} INFO - Processing /home/airflow/.local/lib/python3.8/site-packages/airflow/example_dags/example_sensors.py took 0.172 seconds
[2025-11-06T14:05:22.288+0000] {processor.py:161} INFO - Started process (PID=20128) to work on /home/airflow/.local/lib/python3.8/site-packages/airflow/example_dags/example_sensors.py
[2025-11-06T14:05:22.292+0000] {processor.py:830} INFO - Processing file /home/airflow/.local/lib/python3.8/site-packages/airflow/example_dags/example_sensors.py for tasks to queue
[2025-11-06T14:05:22.298+0000] {logging_mixin.py:188} INFO - [2025-11-06T14:05:22.297+0000] {dagbag.py:538} INFO - Filling up the DagBag from /home/airflow/.local/lib/python3.8/site-packages/airflow/example_dags/example_sensors.py
[2025-11-06T14:05:22.322+0000] {processor.py:840} INFO - DAG(s) 'example_sensors' retrieved from /home/airflow/.local/lib/python3.8/site-packages/airflow/example_dags/example_sensors.py
[2025-11-06T14:05:22.385+0000] {logging_mixin.py:188} INFO - [2025-11-06T14:05:22.384+0000] {dag.py:3036} INFO - Sync 1 DAGs
[2025-11-06T14:05:22.407+0000] {logging_mixin.py:188} INFO - [2025-11-06T14:05:22.406+0000] {dag.py:3823} INFO - Setting next_dagrun for example_sensors to None, run_after=None
[2025-11-06T14:05:22.452+0000] {processor.py:183} INFO - Processing /home/airflow/.local/lib/python3.8/site-packages/airflow/example_dags/example_sensors.py took 0.176 seconds
[2025-11-06T14:05:53.192+0000] {processor.py:161} INFO - Started process (PID=20183) to work on /home/airflow/.local/lib/python3.8/site-packages/airflow/example_dags/example_sensors.py
[2025-11-06T14:05:53.195+0000] {processor.py:830} INFO - Processing file /home/airflow/.local/lib/python3.8/site-packages/airflow/example_dags/example_sensors.py for tasks to queue
[2025-11-06T14:05:53.201+0000] {logging_mixin.py:188} INFO - [2025-11-06T14:05:53.199+0000] {dagbag.py:538} INFO - Filling up the DagBag from /home/airflow/.local/lib/python3.8/site-packages/airflow/example_dags/example_sensors.py
[2025-11-06T14:05:53.229+0000] {processor.py:840} INFO - DAG(s) 'example_sensors' retrieved from /home/airflow/.local/lib/python3.8/site-packages/airflow/example_dags/example_sensors.py
[2025-11-06T14:05:53.289+0000] {logging_mixin.py:188} INFO - [2025-11-06T14:05:53.289+0000] {dag.py:3036} INFO - Sync 1 DAGs
[2025-11-06T14:05:53.315+0000] {logging_mixin.py:188} INFO - [2025-11-06T14:05:53.315+0000] {dag.py:3823} INFO - Setting next_dagrun for example_sensors to None, run_after=None
[2025-11-06T14:05:53.361+0000] {processor.py:183} INFO - Processing /home/airflow/.local/lib/python3.8/site-packages/airflow/example_dags/example_sensors.py took 0.180 seconds
[2025-11-06T14:06:23.968+0000] {processor.py:161} INFO - Started process (PID=20238) to work on /home/airflow/.local/lib/python3.8/site-packages/airflow/example_dags/example_sensors.py
[2025-11-06T14:06:23.972+0000] {processor.py:830} INFO - Processing file /home/airflow/.local/lib/python3.8/site-packages/airflow/example_dags/example_sensors.py for tasks to queue
[2025-11-06T14:06:23.978+0000] {logging_mixin.py:188} INFO - [2025-11-06T14:06:23.977+0000] {dagbag.py:538} INFO - Filling up the DagBag from /home/airflow/.local/lib/python3.8/site-packages/airflow/example_dags/example_sensors.py
[2025-11-06T14:06:24.013+0000] {processor.py:840} INFO - DAG(s) 'example_sensors' retrieved from /home/airflow/.local/lib/python3.8/site-packages/airflow/example_dags/example_sensors.py
[2025-11-06T14:06:24.105+0000] {logging_mixin.py:188} INFO - [2025-11-06T14:06:24.105+0000] {dag.py:3036} INFO - Sync 1 DAGs
[2025-11-06T14:06:24.170+0000] {logging_mixin.py:188} INFO - [2025-11-06T14:06:24.169+0000] {dag.py:3823} INFO - Setting next_dagrun for example_sensors to None, run_after=None
[2025-11-06T14:06:24.244+0000] {processor.py:183} INFO - Processing /home/airflow/.local/lib/python3.8/site-packages/airflow/example_dags/example_sensors.py took 0.290 seconds
[2025-11-06T14:06:55.143+0000] {processor.py:161} INFO - Started process (PID=20292) to work on /home/airflow/.local/lib/python3.8/site-packages/airflow/example_dags/example_sensors.py
[2025-11-06T14:06:55.145+0000] {processor.py:830} INFO - Processing file /home/airflow/.local/lib/python3.8/site-packages/airflow/example_dags/example_sensors.py for tasks to queue
[2025-11-06T14:06:55.151+0000] {logging_mixin.py:188} INFO - [2025-11-06T14:06:55.150+0000] {dagbag.py:538} INFO - Filling up the DagBag from /home/airflow/.local/lib/python3.8/site-packages/airflow/example_dags/example_sensors.py
[2025-11-06T14:06:55.185+0000] {processor.py:840} INFO - DAG(s) 'example_sensors' retrieved from /home/airflow/.local/lib/python3.8/site-packages/airflow/example_dags/example_sensors.py
[2025-11-06T14:06:55.260+0000] {logging_mixin.py:188} INFO - [2025-11-06T14:06:55.260+0000] {dag.py:3036} INFO - Sync 1 DAGs
[2025-11-06T14:06:55.304+0000] {logging_mixin.py:188} INFO - [2025-11-06T14:06:55.304+0000] {dag.py:3823} INFO - Setting next_dagrun for example_sensors to None, run_after=None
[2025-11-06T14:06:55.369+0000] {processor.py:183} INFO - Processing /home/airflow/.local/lib/python3.8/site-packages/airflow/example_dags/example_sensors.py took 0.232 seconds
[2025-11-06T14:07:26.098+0000] {processor.py:161} INFO - Started process (PID=20347) to work on /home/airflow/.local/lib/python3.8/site-packages/airflow/example_dags/example_sensors.py
[2025-11-06T14:07:26.103+0000] {processor.py:830} INFO - Processing file /home/airflow/.local/lib/python3.8/site-packages/airflow/example_dags/example_sensors.py for tasks to queue
[2025-11-06T14:07:26.109+0000] {logging_mixin.py:188} INFO - [2025-11-06T14:07:26.108+0000] {dagbag.py:538} INFO - Filling up the DagBag from /home/airflow/.local/lib/python3.8/site-packages/airflow/example_dags/example_sensors.py
[2025-11-06T14:07:26.141+0000] {processor.py:840} INFO - DAG(s) 'example_sensors' retrieved from /home/airflow/.local/lib/python3.8/site-packages/airflow/example_dags/example_sensors.py
[2025-11-06T14:07:26.198+0000] {logging_mixin.py:188} INFO - [2025-11-06T14:07:26.197+0000] {dag.py:3036} INFO - Sync 1 DAGs
[2025-11-06T14:07:26.225+0000] {logging_mixin.py:188} INFO - [2025-11-06T14:07:26.224+0000] {dag.py:3823} INFO - Setting next_dagrun for example_sensors to None, run_after=None
[2025-11-06T14:07:26.274+0000] {processor.py:183} INFO - Processing /home/airflow/.local/lib/python3.8/site-packages/airflow/example_dags/example_sensors.py took 0.188 seconds
[2025-11-06T14:07:57.183+0000] {processor.py:161} INFO - Started process (PID=20402) to work on /home/airflow/.local/lib/python3.8/site-packages/airflow/example_dags/example_sensors.py
[2025-11-06T14:07:57.184+0000] {processor.py:830} INFO - Processing file /home/airflow/.local/lib/python3.8/site-packages/airflow/example_dags/example_sensors.py for tasks to queue
[2025-11-06T14:07:57.187+0000] {logging_mixin.py:188} INFO - [2025-11-06T14:07:57.187+0000] {dagbag.py:538} INFO - Filling up the DagBag from /home/airflow/.local/lib/python3.8/site-packages/airflow/example_dags/example_sensors.py
[2025-11-06T14:07:57.198+0000] {processor.py:840} INFO - DAG(s) 'example_sensors' retrieved from /home/airflow/.local/lib/python3.8/site-packages/airflow/example_dags/example_sensors.py
[2025-11-06T14:07:57.229+0000] {logging_mixin.py:188} INFO - [2025-11-06T14:07:57.229+0000] {dag.py:3036} INFO - Sync 1 DAGs
[2025-11-06T14:07:57.244+0000] {logging_mixin.py:188} INFO - [2025-11-06T14:07:57.243+0000] {dag.py:3823} INFO - Setting next_dagrun for example_sensors to None, run_after=None
[2025-11-06T14:07:57.271+0000] {processor.py:183} INFO - Processing /home/airflow/.local/lib/python3.8/site-packages/airflow/example_dags/example_sensors.py took 0.092 seconds
[2025-11-06T14:08:27.566+0000] {processor.py:161} INFO - Started process (PID=20457) to work on /home/airflow/.local/lib/python3.8/site-packages/airflow/example_dags/example_sensors.py
[2025-11-06T14:08:27.569+0000] {processor.py:830} INFO - Processing file /home/airflow/.local/lib/python3.8/site-packages/airflow/example_dags/example_sensors.py for tasks to queue
[2025-11-06T14:08:27.582+0000] {logging_mixin.py:188} INFO - [2025-11-06T14:08:27.581+0000] {dagbag.py:538} INFO - Filling up the DagBag from /home/airflow/.local/lib/python3.8/site-packages/airflow/example_dags/example_sensors.py
[2025-11-06T14:08:27.616+0000] {processor.py:840} INFO - DAG(s) 'example_sensors' retrieved from /home/airflow/.local/lib/python3.8/site-packages/airflow/example_dags/example_sensors.py
[2025-11-06T14:08:27.702+0000] {logging_mixin.py:188} INFO - [2025-11-06T14:08:27.702+0000] {dag.py:3036} INFO - Sync 1 DAGs
[2025-11-06T14:08:27.742+0000] {logging_mixin.py:188} INFO - [2025-11-06T14:08:27.742+0000] {dag.py:3823} INFO - Setting next_dagrun for example_sensors to None, run_after=None
[2025-11-06T14:08:27.809+0000] {processor.py:183} INFO - Processing /home/airflow/.local/lib/python3.8/site-packages/airflow/example_dags/example_sensors.py took 0.254 seconds
[2025-11-06T14:08:57.887+0000] {processor.py:161} INFO - Started process (PID=20512) to work on /home/airflow/.local/lib/python3.8/site-packages/airflow/example_dags/example_sensors.py
[2025-11-06T14:08:57.889+0000] {processor.py:830} INFO - Processing file /home/airflow/.local/lib/python3.8/site-packages/airflow/example_dags/example_sensors.py for tasks to queue
[2025-11-06T14:08:57.892+0000] {logging_mixin.py:188} INFO - [2025-11-06T14:08:57.892+0000] {dagbag.py:538} INFO - Filling up the DagBag from /home/airflow/.local/lib/python3.8/site-packages/airflow/example_dags/example_sensors.py
[2025-11-06T14:08:57.908+0000] {processor.py:840} INFO - DAG(s) 'example_sensors' retrieved from /home/airflow/.local/lib/python3.8/site-packages/airflow/example_dags/example_sensors.py
[2025-11-06T14:08:57.949+0000] {logging_mixin.py:188} INFO - [2025-11-06T14:08:57.949+0000] {dag.py:3036} INFO - Sync 1 DAGs
[2025-11-06T14:08:57.970+0000] {logging_mixin.py:188} INFO - [2025-11-06T14:08:57.970+0000] {dag.py:3823} INFO - Setting next_dagrun for example_sensors to None, run_after=None
[2025-11-06T14:08:58.011+0000] {processor.py:183} INFO - Processing /home/airflow/.local/lib/python3.8/site-packages/airflow/example_dags/example_sensors.py took 0.132 seconds
[2025-11-06T14:12:19.192+0000] {processor.py:161} INFO - Started process (PID=68) to work on /home/airflow/.local/lib/python3.8/site-packages/airflow/example_dags/example_sensors.py
[2025-11-06T14:12:19.219+0000] {processor.py:830} INFO - Processing file /home/airflow/.local/lib/python3.8/site-packages/airflow/example_dags/example_sensors.py for tasks to queue
[2025-11-06T14:12:19.235+0000] {logging_mixin.py:188} INFO - [2025-11-06T14:12:19.234+0000] {dagbag.py:538} INFO - Filling up the DagBag from /home/airflow/.local/lib/python3.8/site-packages/airflow/example_dags/example_sensors.py
[2025-11-06T14:12:19.350+0000] {processor.py:840} INFO - DAG(s) 'example_sensors' retrieved from /home/airflow/.local/lib/python3.8/site-packages/airflow/example_dags/example_sensors.py
[2025-11-06T14:12:20.420+0000] {logging_mixin.py:188} INFO - [2025-11-06T14:12:20.419+0000] {dag.py:3036} INFO - Sync 1 DAGs
[2025-11-06T14:12:20.508+0000] {logging_mixin.py:188} INFO - [2025-11-06T14:12:20.507+0000] {dag.py:3823} INFO - Setting next_dagrun for example_sensors to None, run_after=None
[2025-11-06T14:12:20.850+0000] {processor.py:183} INFO - Processing /home/airflow/.local/lib/python3.8/site-packages/airflow/example_dags/example_sensors.py took 1.677 seconds
[2025-11-06T14:12:51.056+0000] {processor.py:161} INFO - Started process (PID=123) to work on /home/airflow/.local/lib/python3.8/site-packages/airflow/example_dags/example_sensors.py
[2025-11-06T14:12:51.058+0000] {processor.py:830} INFO - Processing file /home/airflow/.local/lib/python3.8/site-packages/airflow/example_dags/example_sensors.py for tasks to queue
[2025-11-06T14:12:51.060+0000] {logging_mixin.py:188} INFO - [2025-11-06T14:12:51.060+0000] {dagbag.py:538} INFO - Filling up the DagBag from /home/airflow/.local/lib/python3.8/site-packages/airflow/example_dags/example_sensors.py
[2025-11-06T14:12:51.072+0000] {processor.py:840} INFO - DAG(s) 'example_sensors' retrieved from /home/airflow/.local/lib/python3.8/site-packages/airflow/example_dags/example_sensors.py
[2025-11-06T14:12:51.106+0000] {logging_mixin.py:188} INFO - [2025-11-06T14:12:51.106+0000] {dag.py:3036} INFO - Sync 1 DAGs
[2025-11-06T14:12:51.125+0000] {logging_mixin.py:188} INFO - [2025-11-06T14:12:51.124+0000] {dag.py:3823} INFO - Setting next_dagrun for example_sensors to None, run_after=None
[2025-11-06T14:12:51.164+0000] {processor.py:183} INFO - Processing /home/airflow/.local/lib/python3.8/site-packages/airflow/example_dags/example_sensors.py took 0.112 seconds
[2025-11-06T14:13:25.101+0000] {processor.py:161} INFO - Started process (PID=184) to work on /home/airflow/.local/lib/python3.8/site-packages/airflow/example_dags/example_sensors.py
[2025-11-06T14:13:25.115+0000] {processor.py:830} INFO - Processing file /home/airflow/.local/lib/python3.8/site-packages/airflow/example_dags/example_sensors.py for tasks to queue
[2025-11-06T14:13:25.129+0000] {logging_mixin.py:188} INFO - [2025-11-06T14:13:25.128+0000] {dagbag.py:538} INFO - Filling up the DagBag from /home/airflow/.local/lib/python3.8/site-packages/airflow/example_dags/example_sensors.py
[2025-11-06T14:13:25.228+0000] {processor.py:840} INFO - DAG(s) 'example_sensors' retrieved from /home/airflow/.local/lib/python3.8/site-packages/airflow/example_dags/example_sensors.py
[2025-11-06T14:13:25.554+0000] {logging_mixin.py:188} INFO - [2025-11-06T14:13:25.553+0000] {dag.py:3036} INFO - Sync 1 DAGs
[2025-11-06T14:13:25.674+0000] {logging_mixin.py:188} INFO - [2025-11-06T14:13:25.673+0000] {dag.py:3823} INFO - Setting next_dagrun for example_sensors to None, run_after=None
[2025-11-06T14:13:25.926+0000] {processor.py:183} INFO - Processing /home/airflow/.local/lib/python3.8/site-packages/airflow/example_dags/example_sensors.py took 0.870 seconds
[2025-11-06T14:13:57.702+0000] {processor.py:161} INFO - Started process (PID=232) to work on /home/airflow/.local/lib/python3.8/site-packages/airflow/example_dags/example_sensors.py
[2025-11-06T14:13:57.705+0000] {processor.py:830} INFO - Processing file /home/airflow/.local/lib/python3.8/site-packages/airflow/example_dags/example_sensors.py for tasks to queue
[2025-11-06T14:13:57.718+0000] {logging_mixin.py:188} INFO - [2025-11-06T14:13:57.715+0000] {dagbag.py:538} INFO - Filling up the DagBag from /home/airflow/.local/lib/python3.8/site-packages/airflow/example_dags/example_sensors.py
[2025-11-06T14:13:57.776+0000] {processor.py:840} INFO - DAG(s) 'example_sensors' retrieved from /home/airflow/.local/lib/python3.8/site-packages/airflow/example_dags/example_sensors.py
[2025-11-06T14:13:57.889+0000] {logging_mixin.py:188} INFO - [2025-11-06T14:13:57.888+0000] {dag.py:3036} INFO - Sync 1 DAGs
[2025-11-06T14:13:57.947+0000] {logging_mixin.py:188} INFO - [2025-11-06T14:13:57.947+0000] {dag.py:3823} INFO - Setting next_dagrun for example_sensors to None, run_after=None
[2025-11-06T14:13:58.041+0000] {processor.py:183} INFO - Processing /home/airflow/.local/lib/python3.8/site-packages/airflow/example_dags/example_sensors.py took 0.357 seconds
[2025-11-06T14:14:35.337+0000] {processor.py:161} INFO - Started process (PID=279) to work on /home/airflow/.local/lib/python3.8/site-packages/airflow/example_dags/example_sensors.py
[2025-11-06T14:14:35.416+0000] {processor.py:830} INFO - Processing file /home/airflow/.local/lib/python3.8/site-packages/airflow/example_dags/example_sensors.py for tasks to queue
[2025-11-06T14:14:35.482+0000] {logging_mixin.py:188} INFO - [2025-11-06T14:14:35.481+0000] {dagbag.py:538} INFO - Filling up the DagBag from /home/airflow/.local/lib/python3.8/site-packages/airflow/example_dags/example_sensors.py
[2025-11-06T14:14:35.945+0000] {processor.py:840} INFO - DAG(s) 'example_sensors' retrieved from /home/airflow/.local/lib/python3.8/site-packages/airflow/example_dags/example_sensors.py
[2025-11-06T14:14:36.634+0000] {logging_mixin.py:188} INFO - [2025-11-06T14:14:36.633+0000] {dag.py:3036} INFO - Sync 1 DAGs
[2025-11-06T14:14:37.089+0000] {logging_mixin.py:188} INFO - [2025-11-06T14:14:37.088+0000] {dag.py:3823} INFO - Setting next_dagrun for example_sensors to None, run_after=None
[2025-11-06T14:14:37.649+0000] {processor.py:183} INFO - Processing /home/airflow/.local/lib/python3.8/site-packages/airflow/example_dags/example_sensors.py took 2.479 seconds
[2025-11-06T14:15:12.910+0000] {processor.py:161} INFO - Started process (PID=333) to work on /home/airflow/.local/lib/python3.8/site-packages/airflow/example_dags/example_sensors.py
[2025-11-06T14:15:12.925+0000] {processor.py:830} INFO - Processing file /home/airflow/.local/lib/python3.8/site-packages/airflow/example_dags/example_sensors.py for tasks to queue
[2025-11-06T14:15:12.959+0000] {logging_mixin.py:188} INFO - [2025-11-06T14:15:12.958+0000] {dagbag.py:538} INFO - Filling up the DagBag from /home/airflow/.local/lib/python3.8/site-packages/airflow/example_dags/example_sensors.py
[2025-11-06T14:15:13.184+0000] {processor.py:840} INFO - DAG(s) 'example_sensors' retrieved from /home/airflow/.local/lib/python3.8/site-packages/airflow/example_dags/example_sensors.py
[2025-11-06T14:15:13.632+0000] {logging_mixin.py:188} INFO - [2025-11-06T14:15:13.631+0000] {dag.py:3036} INFO - Sync 1 DAGs
[2025-11-06T14:15:13.840+0000] {logging_mixin.py:188} INFO - [2025-11-06T14:15:13.832+0000] {dag.py:3823} INFO - Setting next_dagrun for example_sensors to None, run_after=None
[2025-11-06T14:15:14.070+0000] {processor.py:183} INFO - Processing /home/airflow/.local/lib/python3.8/site-packages/airflow/example_dags/example_sensors.py took 1.272 seconds
[2025-11-06T14:15:53.837+0000] {processor.py:161} INFO - Started process (PID=375) to work on /home/airflow/.local/lib/python3.8/site-packages/airflow/example_dags/example_sensors.py
[2025-11-06T14:15:53.854+0000] {processor.py:830} INFO - Processing file /home/airflow/.local/lib/python3.8/site-packages/airflow/example_dags/example_sensors.py for tasks to queue
[2025-11-06T14:15:53.862+0000] {logging_mixin.py:188} INFO - [2025-11-06T14:15:53.860+0000] {dagbag.py:538} INFO - Filling up the DagBag from /home/airflow/.local/lib/python3.8/site-packages/airflow/example_dags/example_sensors.py
[2025-11-06T14:15:53.901+0000] {processor.py:840} INFO - DAG(s) 'example_sensors' retrieved from /home/airflow/.local/lib/python3.8/site-packages/airflow/example_dags/example_sensors.py
[2025-11-06T14:15:54.079+0000] {logging_mixin.py:188} INFO - [2025-11-06T14:15:54.051+0000] {dag.py:3036} INFO - Sync 1 DAGs
[2025-11-06T14:15:54.258+0000] {logging_mixin.py:188} INFO - [2025-11-06T14:15:54.258+0000] {dag.py:3823} INFO - Setting next_dagrun for example_sensors to None, run_after=None
[2025-11-06T14:15:54.395+0000] {processor.py:183} INFO - Processing /home/airflow/.local/lib/python3.8/site-packages/airflow/example_dags/example_sensors.py took 0.594 seconds
[2025-11-06T14:16:26.223+0000] {processor.py:161} INFO - Started process (PID=423) to work on /home/airflow/.local/lib/python3.8/site-packages/airflow/example_dags/example_sensors.py
[2025-11-06T14:16:26.271+0000] {processor.py:830} INFO - Processing file /home/airflow/.local/lib/python3.8/site-packages/airflow/example_dags/example_sensors.py for tasks to queue
[2025-11-06T14:16:26.400+0000] {logging_mixin.py:188} INFO - [2025-11-06T14:16:26.305+0000] {dagbag.py:538} INFO - Filling up the DagBag from /home/airflow/.local/lib/python3.8/site-packages/airflow/example_dags/example_sensors.py
[2025-11-06T14:16:26.619+0000] {processor.py:840} INFO - DAG(s) 'example_sensors' retrieved from /home/airflow/.local/lib/python3.8/site-packages/airflow/example_dags/example_sensors.py
[2025-11-06T14:16:26.884+0000] {logging_mixin.py:188} INFO - [2025-11-06T14:16:26.884+0000] {dag.py:3036} INFO - Sync 1 DAGs
[2025-11-06T14:16:27.077+0000] {logging_mixin.py:188} INFO - [2025-11-06T14:16:27.076+0000] {dag.py:3823} INFO - Setting next_dagrun for example_sensors to None, run_after=None
[2025-11-06T14:16:27.437+0000] {processor.py:183} INFO - Processing /home/airflow/.local/lib/python3.8/site-packages/airflow/example_dags/example_sensors.py took 1.295 seconds
[2025-11-06T14:17:14.641+0000] {processor.py:161} INFO - Started process (PID=481) to work on /home/airflow/.local/lib/python3.8/site-packages/airflow/example_dags/example_sensors.py
[2025-11-06T14:17:14.645+0000] {processor.py:830} INFO - Processing file /home/airflow/.local/lib/python3.8/site-packages/airflow/example_dags/example_sensors.py for tasks to queue
[2025-11-06T14:17:14.689+0000] {logging_mixin.py:188} INFO - [2025-11-06T14:17:14.673+0000] {dagbag.py:538} INFO - Filling up the DagBag from /home/airflow/.local/lib/python3.8/site-packages/airflow/example_dags/example_sensors.py
[2025-11-06T14:17:14.907+0000] {processor.py:840} INFO - DAG(s) 'example_sensors' retrieved from /home/airflow/.local/lib/python3.8/site-packages/airflow/example_dags/example_sensors.py
[2025-11-06T14:17:20.880+0000] {logging_mixin.py:188} INFO - [2025-11-06T14:17:20.879+0000] {process_utils.py:262} INFO - Waiting up to 5 seconds for processes to exit...
[2025-11-06T14:24:39.533+0000] {processor.py:161} INFO - Started process (PID=81) to work on /home/airflow/.local/lib/python3.8/site-packages/airflow/example_dags/example_sensors.py
[2025-11-06T14:24:39.536+0000] {processor.py:830} INFO - Processing file /home/airflow/.local/lib/python3.8/site-packages/airflow/example_dags/example_sensors.py for tasks to queue
[2025-11-06T14:24:39.542+0000] {logging_mixin.py:188} INFO - [2025-11-06T14:24:39.541+0000] {dagbag.py:538} INFO - Filling up the DagBag from /home/airflow/.local/lib/python3.8/site-packages/airflow/example_dags/example_sensors.py
[2025-11-06T14:24:39.612+0000] {processor.py:840} INFO - DAG(s) 'example_sensors' retrieved from /home/airflow/.local/lib/python3.8/site-packages/airflow/example_dags/example_sensors.py
[2025-11-06T14:24:40.958+0000] {logging_mixin.py:188} INFO - [2025-11-06T14:24:40.956+0000] {dag.py:3036} INFO - Sync 1 DAGs
[2025-11-06T14:24:40.998+0000] {logging_mixin.py:188} INFO - [2025-11-06T14:24:40.997+0000] {dag.py:3823} INFO - Setting next_dagrun for example_sensors to None, run_after=None
[2025-11-06T14:24:41.067+0000] {processor.py:183} INFO - Processing /home/airflow/.local/lib/python3.8/site-packages/airflow/example_dags/example_sensors.py took 1.556 seconds
[2025-11-06T14:25:18.620+0000] {processor.py:161} INFO - Started process (PID=136) to work on /home/airflow/.local/lib/python3.8/site-packages/airflow/example_dags/example_sensors.py
[2025-11-06T14:25:18.624+0000] {processor.py:830} INFO - Processing file /home/airflow/.local/lib/python3.8/site-packages/airflow/example_dags/example_sensors.py for tasks to queue
[2025-11-06T14:25:18.631+0000] {logging_mixin.py:188} INFO - [2025-11-06T14:25:18.630+0000] {dagbag.py:538} INFO - Filling up the DagBag from /home/airflow/.local/lib/python3.8/site-packages/airflow/example_dags/example_sensors.py
[2025-11-06T14:25:18.654+0000] {processor.py:840} INFO - DAG(s) 'example_sensors' retrieved from /home/airflow/.local/lib/python3.8/site-packages/airflow/example_dags/example_sensors.py
[2025-11-06T14:25:18.721+0000] {logging_mixin.py:188} INFO - [2025-11-06T14:25:18.721+0000] {dag.py:3036} INFO - Sync 1 DAGs
[2025-11-06T14:25:18.760+0000] {logging_mixin.py:188} INFO - [2025-11-06T14:25:18.760+0000] {dag.py:3823} INFO - Setting next_dagrun for example_sensors to None, run_after=None
[2025-11-06T14:25:18.812+0000] {processor.py:183} INFO - Processing /home/airflow/.local/lib/python3.8/site-packages/airflow/example_dags/example_sensors.py took 0.208 seconds
[2025-11-06T14:25:50.508+0000] {processor.py:161} INFO - Started process (PID=187) to work on /home/airflow/.local/lib/python3.8/site-packages/airflow/example_dags/example_sensors.py
[2025-11-06T14:25:50.512+0000] {processor.py:830} INFO - Processing file /home/airflow/.local/lib/python3.8/site-packages/airflow/example_dags/example_sensors.py for tasks to queue
[2025-11-06T14:25:50.529+0000] {logging_mixin.py:188} INFO - [2025-11-06T14:25:50.528+0000] {dagbag.py:538} INFO - Filling up the DagBag from /home/airflow/.local/lib/python3.8/site-packages/airflow/example_dags/example_sensors.py
[2025-11-06T14:25:50.609+0000] {processor.py:840} INFO - DAG(s) 'example_sensors' retrieved from /home/airflow/.local/lib/python3.8/site-packages/airflow/example_dags/example_sensors.py
[2025-11-06T14:25:50.814+0000] {logging_mixin.py:188} INFO - [2025-11-06T14:25:50.799+0000] {dag.py:3036} INFO - Sync 1 DAGs
[2025-11-06T14:25:51.004+0000] {logging_mixin.py:188} INFO - [2025-11-06T14:25:51.004+0000] {dag.py:3823} INFO - Setting next_dagrun for example_sensors to None, run_after=None
[2025-11-06T14:25:51.162+0000] {processor.py:183} INFO - Processing /home/airflow/.local/lib/python3.8/site-packages/airflow/example_dags/example_sensors.py took 0.688 seconds
[2025-11-06T14:26:21.310+0000] {processor.py:161} INFO - Started process (PID=242) to work on /home/airflow/.local/lib/python3.8/site-packages/airflow/example_dags/example_sensors.py
[2025-11-06T14:26:21.313+0000] {processor.py:830} INFO - Processing file /home/airflow/.local/lib/python3.8/site-packages/airflow/example_dags/example_sensors.py for tasks to queue
[2025-11-06T14:26:21.319+0000] {logging_mixin.py:188} INFO - [2025-11-06T14:26:21.318+0000] {dagbag.py:538} INFO - Filling up the DagBag from /home/airflow/.local/lib/python3.8/site-packages/airflow/example_dags/example_sensors.py
[2025-11-06T14:26:21.340+0000] {processor.py:840} INFO - DAG(s) 'example_sensors' retrieved from /home/airflow/.local/lib/python3.8/site-packages/airflow/example_dags/example_sensors.py
[2025-11-06T14:26:21.390+0000] {logging_mixin.py:188} INFO - [2025-11-06T14:26:21.390+0000] {dag.py:3036} INFO - Sync 1 DAGs
[2025-11-06T14:26:21.413+0000] {logging_mixin.py:188} INFO - [2025-11-06T14:26:21.413+0000] {dag.py:3823} INFO - Setting next_dagrun for example_sensors to None, run_after=None
[2025-11-06T14:26:21.450+0000] {processor.py:183} INFO - Processing /home/airflow/.local/lib/python3.8/site-packages/airflow/example_dags/example_sensors.py took 0.152 seconds
[2025-11-06T14:26:51.964+0000] {processor.py:161} INFO - Started process (PID=296) to work on /home/airflow/.local/lib/python3.8/site-packages/airflow/example_dags/example_sensors.py
[2025-11-06T14:26:51.977+0000] {processor.py:830} INFO - Processing file /home/airflow/.local/lib/python3.8/site-packages/airflow/example_dags/example_sensors.py for tasks to queue
[2025-11-06T14:26:51.987+0000] {logging_mixin.py:188} INFO - [2025-11-06T14:26:51.986+0000] {dagbag.py:538} INFO - Filling up the DagBag from /home/airflow/.local/lib/python3.8/site-packages/airflow/example_dags/example_sensors.py
[2025-11-06T14:26:52.023+0000] {processor.py:840} INFO - DAG(s) 'example_sensors' retrieved from /home/airflow/.local/lib/python3.8/site-packages/airflow/example_dags/example_sensors.py
[2025-11-06T14:26:52.135+0000] {logging_mixin.py:188} INFO - [2025-11-06T14:26:52.134+0000] {dag.py:3036} INFO - Sync 1 DAGs
[2025-11-06T14:26:52.208+0000] {logging_mixin.py:188} INFO - [2025-11-06T14:26:52.207+0000] {dag.py:3823} INFO - Setting next_dagrun for example_sensors to None, run_after=None
[2025-11-06T14:26:52.302+0000] {processor.py:183} INFO - Processing /home/airflow/.local/lib/python3.8/site-packages/airflow/example_dags/example_sensors.py took 0.368 seconds
[2025-11-06T14:27:23.363+0000] {processor.py:161} INFO - Started process (PID=351) to work on /home/airflow/.local/lib/python3.8/site-packages/airflow/example_dags/example_sensors.py
[2025-11-06T14:27:23.369+0000] {processor.py:830} INFO - Processing file /home/airflow/.local/lib/python3.8/site-packages/airflow/example_dags/example_sensors.py for tasks to queue
[2025-11-06T14:27:23.384+0000] {logging_mixin.py:188} INFO - [2025-11-06T14:27:23.383+0000] {dagbag.py:538} INFO - Filling up the DagBag from /home/airflow/.local/lib/python3.8/site-packages/airflow/example_dags/example_sensors.py
[2025-11-06T14:27:23.455+0000] {processor.py:840} INFO - DAG(s) 'example_sensors' retrieved from /home/airflow/.local/lib/python3.8/site-packages/airflow/example_dags/example_sensors.py
[2025-11-06T14:27:23.600+0000] {logging_mixin.py:188} INFO - [2025-11-06T14:27:23.600+0000] {dag.py:3036} INFO - Sync 1 DAGs
[2025-11-06T14:27:23.711+0000] {logging_mixin.py:188} INFO - [2025-11-06T14:27:23.709+0000] {dag.py:3823} INFO - Setting next_dagrun for example_sensors to None, run_after=None
[2025-11-06T14:27:23.840+0000] {processor.py:183} INFO - Processing /home/airflow/.local/lib/python3.8/site-packages/airflow/example_dags/example_sensors.py took 0.496 seconds
[2025-11-06T14:27:54.396+0000] {processor.py:161} INFO - Started process (PID=406) to work on /home/airflow/.local/lib/python3.8/site-packages/airflow/example_dags/example_sensors.py
[2025-11-06T14:27:54.413+0000] {processor.py:830} INFO - Processing file /home/airflow/.local/lib/python3.8/site-packages/airflow/example_dags/example_sensors.py for tasks to queue
[2025-11-06T14:27:54.422+0000] {logging_mixin.py:188} INFO - [2025-11-06T14:27:54.421+0000] {dagbag.py:538} INFO - Filling up the DagBag from /home/airflow/.local/lib/python3.8/site-packages/airflow/example_dags/example_sensors.py
[2025-11-06T14:27:54.547+0000] {processor.py:840} INFO - DAG(s) 'example_sensors' retrieved from /home/airflow/.local/lib/python3.8/site-packages/airflow/example_dags/example_sensors.py
[2025-11-06T14:27:54.927+0000] {logging_mixin.py:188} INFO - [2025-11-06T14:27:54.926+0000] {dag.py:3036} INFO - Sync 1 DAGs
[2025-11-06T14:27:55.084+0000] {logging_mixin.py:188} INFO - [2025-11-06T14:27:55.083+0000] {dag.py:3823} INFO - Setting next_dagrun for example_sensors to None, run_after=None
[2025-11-06T14:27:55.214+0000] {processor.py:183} INFO - Processing /home/airflow/.local/lib/python3.8/site-packages/airflow/example_dags/example_sensors.py took 0.865 seconds
[2025-11-06T14:28:25.947+0000] {processor.py:161} INFO - Started process (PID=461) to work on /home/airflow/.local/lib/python3.8/site-packages/airflow/example_dags/example_sensors.py
[2025-11-06T14:28:25.949+0000] {processor.py:830} INFO - Processing file /home/airflow/.local/lib/python3.8/site-packages/airflow/example_dags/example_sensors.py for tasks to queue
[2025-11-06T14:28:25.954+0000] {logging_mixin.py:188} INFO - [2025-11-06T14:28:25.953+0000] {dagbag.py:538} INFO - Filling up the DagBag from /home/airflow/.local/lib/python3.8/site-packages/airflow/example_dags/example_sensors.py
[2025-11-06T14:28:25.968+0000] {processor.py:840} INFO - DAG(s) 'example_sensors' retrieved from /home/airflow/.local/lib/python3.8/site-packages/airflow/example_dags/example_sensors.py
[2025-11-06T14:28:26.026+0000] {logging_mixin.py:188} INFO - [2025-11-06T14:28:26.025+0000] {dag.py:3036} INFO - Sync 1 DAGs
[2025-11-06T14:28:26.058+0000] {logging_mixin.py:188} INFO - [2025-11-06T14:28:26.057+0000] {dag.py:3823} INFO - Setting next_dagrun for example_sensors to None, run_after=None
[2025-11-06T14:28:26.116+0000] {processor.py:183} INFO - Processing /home/airflow/.local/lib/python3.8/site-packages/airflow/example_dags/example_sensors.py took 0.176 seconds
[2025-11-06T14:30:59.718+0000] {processor.py:161} INFO - Started process (PID=71) to work on /home/airflow/.local/lib/python3.8/site-packages/airflow/example_dags/example_sensors.py
[2025-11-06T14:30:59.722+0000] {processor.py:830} INFO - Processing file /home/airflow/.local/lib/python3.8/site-packages/airflow/example_dags/example_sensors.py for tasks to queue
[2025-11-06T14:30:59.729+0000] {logging_mixin.py:188} INFO - [2025-11-06T14:30:59.728+0000] {dagbag.py:538} INFO - Filling up the DagBag from /home/airflow/.local/lib/python3.8/site-packages/airflow/example_dags/example_sensors.py
[2025-11-06T14:30:59.831+0000] {processor.py:840} INFO - DAG(s) 'example_sensors' retrieved from /home/airflow/.local/lib/python3.8/site-packages/airflow/example_dags/example_sensors.py
[2025-11-06T14:31:00.281+0000] {logging_mixin.py:188} INFO - [2025-11-06T14:31:00.281+0000] {dag.py:3036} INFO - Sync 1 DAGs
[2025-11-06T14:31:00.348+0000] {logging_mixin.py:188} INFO - [2025-11-06T14:31:00.347+0000] {dag.py:3823} INFO - Setting next_dagrun for example_sensors to None, run_after=None
[2025-11-06T14:31:00.456+0000] {processor.py:183} INFO - Processing /home/airflow/.local/lib/python3.8/site-packages/airflow/example_dags/example_sensors.py took 0.753 seconds
[2025-11-06T14:32:26.668+0000] {processor.py:161} INFO - Started process (PID=70) to work on /home/airflow/.local/lib/python3.8/site-packages/airflow/example_dags/example_sensors.py
[2025-11-06T14:32:26.672+0000] {processor.py:830} INFO - Processing file /home/airflow/.local/lib/python3.8/site-packages/airflow/example_dags/example_sensors.py for tasks to queue
[2025-11-06T14:32:26.687+0000] {logging_mixin.py:188} INFO - [2025-11-06T14:32:26.686+0000] {dagbag.py:538} INFO - Filling up the DagBag from /home/airflow/.local/lib/python3.8/site-packages/airflow/example_dags/example_sensors.py
[2025-11-06T14:32:26.748+0000] {processor.py:840} INFO - DAG(s) 'example_sensors' retrieved from /home/airflow/.local/lib/python3.8/site-packages/airflow/example_dags/example_sensors.py
[2025-11-06T14:32:27.062+0000] {logging_mixin.py:188} INFO - [2025-11-06T14:32:27.052+0000] {dag.py:3036} INFO - Sync 1 DAGs
[2025-11-06T14:32:27.133+0000] {logging_mixin.py:188} INFO - [2025-11-06T14:32:27.132+0000] {dag.py:3823} INFO - Setting next_dagrun for example_sensors to None, run_after=None
[2025-11-06T14:32:27.253+0000] {processor.py:183} INFO - Processing /home/airflow/.local/lib/python3.8/site-packages/airflow/example_dags/example_sensors.py took 0.601 seconds
[2025-11-06T14:32:57.875+0000] {processor.py:161} INFO - Started process (PID=125) to work on /home/airflow/.local/lib/python3.8/site-packages/airflow/example_dags/example_sensors.py
[2025-11-06T14:32:57.877+0000] {processor.py:830} INFO - Processing file /home/airflow/.local/lib/python3.8/site-packages/airflow/example_dags/example_sensors.py for tasks to queue
[2025-11-06T14:32:57.882+0000] {logging_mixin.py:188} INFO - [2025-11-06T14:32:57.881+0000] {dagbag.py:538} INFO - Filling up the DagBag from /home/airflow/.local/lib/python3.8/site-packages/airflow/example_dags/example_sensors.py
[2025-11-06T14:32:57.904+0000] {processor.py:840} INFO - DAG(s) 'example_sensors' retrieved from /home/airflow/.local/lib/python3.8/site-packages/airflow/example_dags/example_sensors.py
[2025-11-06T14:32:57.975+0000] {logging_mixin.py:188} INFO - [2025-11-06T14:32:57.974+0000] {dag.py:3036} INFO - Sync 1 DAGs
[2025-11-06T14:32:58.019+0000] {logging_mixin.py:188} INFO - [2025-11-06T14:32:58.018+0000] {dag.py:3823} INFO - Setting next_dagrun for example_sensors to None, run_after=None
[2025-11-06T14:32:58.077+0000] {processor.py:183} INFO - Processing /home/airflow/.local/lib/python3.8/site-packages/airflow/example_dags/example_sensors.py took 0.211 seconds
[2025-11-06T14:43:05.780+0000] {processor.py:161} INFO - Started process (PID=69) to work on /home/airflow/.local/lib/python3.8/site-packages/airflow/example_dags/example_sensors.py
[2025-11-06T14:43:05.788+0000] {processor.py:830} INFO - Processing file /home/airflow/.local/lib/python3.8/site-packages/airflow/example_dags/example_sensors.py for tasks to queue
[2025-11-06T14:43:05.807+0000] {logging_mixin.py:188} INFO - [2025-11-06T14:43:05.806+0000] {dagbag.py:538} INFO - Filling up the DagBag from /home/airflow/.local/lib/python3.8/site-packages/airflow/example_dags/example_sensors.py
[2025-11-06T14:43:05.886+0000] {processor.py:840} INFO - DAG(s) 'example_sensors' retrieved from /home/airflow/.local/lib/python3.8/site-packages/airflow/example_dags/example_sensors.py
[2025-11-06T14:43:06.526+0000] {logging_mixin.py:188} INFO - [2025-11-06T14:43:06.526+0000] {dag.py:3036} INFO - Sync 1 DAGs
[2025-11-06T14:43:06.562+0000] {logging_mixin.py:188} INFO - [2025-11-06T14:43:06.562+0000] {dag.py:3823} INFO - Setting next_dagrun for example_sensors to None, run_after=None
[2025-11-06T14:43:06.628+0000] {processor.py:183} INFO - Processing /home/airflow/.local/lib/python3.8/site-packages/airflow/example_dags/example_sensors.py took 0.863 seconds
[2025-11-06T14:43:37.192+0000] {processor.py:161} INFO - Started process (PID=124) to work on /home/airflow/.local/lib/python3.8/site-packages/airflow/example_dags/example_sensors.py
[2025-11-06T14:43:37.207+0000] {processor.py:830} INFO - Processing file /home/airflow/.local/lib/python3.8/site-packages/airflow/example_dags/example_sensors.py for tasks to queue
[2025-11-06T14:43:37.261+0000] {logging_mixin.py:188} INFO - [2025-11-06T14:43:37.260+0000] {dagbag.py:538} INFO - Filling up the DagBag from /home/airflow/.local/lib/python3.8/site-packages/airflow/example_dags/example_sensors.py
[2025-11-06T14:43:37.390+0000] {processor.py:840} INFO - DAG(s) 'example_sensors' retrieved from /home/airflow/.local/lib/python3.8/site-packages/airflow/example_dags/example_sensors.py
[2025-11-06T14:43:37.748+0000] {logging_mixin.py:188} INFO - [2025-11-06T14:43:37.747+0000] {dag.py:3036} INFO - Sync 1 DAGs
[2025-11-06T14:43:37.957+0000] {logging_mixin.py:188} INFO - [2025-11-06T14:43:37.955+0000] {dag.py:3823} INFO - Setting next_dagrun for example_sensors to None, run_after=None
[2025-11-06T14:43:38.154+0000] {processor.py:183} INFO - Processing /home/airflow/.local/lib/python3.8/site-packages/airflow/example_dags/example_sensors.py took 1.007 seconds
[2025-11-06T14:44:08.581+0000] {processor.py:161} INFO - Started process (PID=179) to work on /home/airflow/.local/lib/python3.8/site-packages/airflow/example_dags/example_sensors.py
[2025-11-06T14:44:08.591+0000] {processor.py:830} INFO - Processing file /home/airflow/.local/lib/python3.8/site-packages/airflow/example_dags/example_sensors.py for tasks to queue
[2025-11-06T14:44:08.607+0000] {logging_mixin.py:188} INFO - [2025-11-06T14:44:08.606+0000] {dagbag.py:538} INFO - Filling up the DagBag from /home/airflow/.local/lib/python3.8/site-packages/airflow/example_dags/example_sensors.py
[2025-11-06T14:44:08.706+0000] {processor.py:840} INFO - DAG(s) 'example_sensors' retrieved from /home/airflow/.local/lib/python3.8/site-packages/airflow/example_dags/example_sensors.py
[2025-11-06T14:44:08.898+0000] {logging_mixin.py:188} INFO - [2025-11-06T14:44:08.898+0000] {dag.py:3036} INFO - Sync 1 DAGs
[2025-11-06T14:44:08.987+0000] {logging_mixin.py:188} INFO - [2025-11-06T14:44:08.986+0000] {dag.py:3823} INFO - Setting next_dagrun for example_sensors to None, run_after=None
[2025-11-06T14:44:09.100+0000] {processor.py:183} INFO - Processing /home/airflow/.local/lib/python3.8/site-packages/airflow/example_dags/example_sensors.py took 0.554 seconds
[2025-11-06T14:44:39.431+0000] {processor.py:161} INFO - Started process (PID=234) to work on /home/airflow/.local/lib/python3.8/site-packages/airflow/example_dags/example_sensors.py
[2025-11-06T14:44:39.438+0000] {processor.py:830} INFO - Processing file /home/airflow/.local/lib/python3.8/site-packages/airflow/example_dags/example_sensors.py for tasks to queue
[2025-11-06T14:44:39.454+0000] {logging_mixin.py:188} INFO - [2025-11-06T14:44:39.453+0000] {dagbag.py:538} INFO - Filling up the DagBag from /home/airflow/.local/lib/python3.8/site-packages/airflow/example_dags/example_sensors.py
[2025-11-06T14:44:39.522+0000] {processor.py:840} INFO - DAG(s) 'example_sensors' retrieved from /home/airflow/.local/lib/python3.8/site-packages/airflow/example_dags/example_sensors.py
[2025-11-06T14:44:39.806+0000] {logging_mixin.py:188} INFO - [2025-11-06T14:44:39.805+0000] {dag.py:3036} INFO - Sync 1 DAGs
[2025-11-06T14:44:39.935+0000] {logging_mixin.py:188} INFO - [2025-11-06T14:44:39.934+0000] {dag.py:3823} INFO - Setting next_dagrun for example_sensors to None, run_after=None
[2025-11-06T14:44:40.107+0000] {processor.py:183} INFO - Processing /home/airflow/.local/lib/python3.8/site-packages/airflow/example_dags/example_sensors.py took 0.706 seconds
[2025-11-06T14:45:10.417+0000] {processor.py:161} INFO - Started process (PID=289) to work on /home/airflow/.local/lib/python3.8/site-packages/airflow/example_dags/example_sensors.py
[2025-11-06T14:45:10.422+0000] {processor.py:830} INFO - Processing file /home/airflow/.local/lib/python3.8/site-packages/airflow/example_dags/example_sensors.py for tasks to queue
[2025-11-06T14:45:10.429+0000] {logging_mixin.py:188} INFO - [2025-11-06T14:45:10.427+0000] {dagbag.py:538} INFO - Filling up the DagBag from /home/airflow/.local/lib/python3.8/site-packages/airflow/example_dags/example_sensors.py
[2025-11-06T14:45:10.488+0000] {processor.py:840} INFO - DAG(s) 'example_sensors' retrieved from /home/airflow/.local/lib/python3.8/site-packages/airflow/example_dags/example_sensors.py
[2025-11-06T14:45:10.613+0000] {logging_mixin.py:188} INFO - [2025-11-06T14:45:10.612+0000] {dag.py:3036} INFO - Sync 1 DAGs
[2025-11-06T14:45:10.746+0000] {logging_mixin.py:188} INFO - [2025-11-06T14:45:10.745+0000] {dag.py:3823} INFO - Setting next_dagrun for example_sensors to None, run_after=None
[2025-11-06T14:45:10.881+0000] {processor.py:183} INFO - Processing /home/airflow/.local/lib/python3.8/site-packages/airflow/example_dags/example_sensors.py took 0.477 seconds
[2025-11-06T14:45:41.216+0000] {processor.py:161} INFO - Started process (PID=341) to work on /home/airflow/.local/lib/python3.8/site-packages/airflow/example_dags/example_sensors.py
[2025-11-06T14:45:41.226+0000] {processor.py:830} INFO - Processing file /home/airflow/.local/lib/python3.8/site-packages/airflow/example_dags/example_sensors.py for tasks to queue
[2025-11-06T14:45:41.280+0000] {logging_mixin.py:188} INFO - [2025-11-06T14:45:41.279+0000] {dagbag.py:538} INFO - Filling up the DagBag from /home/airflow/.local/lib/python3.8/site-packages/airflow/example_dags/example_sensors.py
[2025-11-06T14:45:41.319+0000] {processor.py:840} INFO - DAG(s) 'example_sensors' retrieved from /home/airflow/.local/lib/python3.8/site-packages/airflow/example_dags/example_sensors.py
[2025-11-06T14:45:41.416+0000] {logging_mixin.py:188} INFO - [2025-11-06T14:45:41.416+0000] {dag.py:3036} INFO - Sync 1 DAGs
[2025-11-06T14:45:41.469+0000] {logging_mixin.py:188} INFO - [2025-11-06T14:45:41.469+0000] {dag.py:3823} INFO - Setting next_dagrun for example_sensors to None, run_after=None
[2025-11-06T14:45:41.521+0000] {processor.py:183} INFO - Processing /home/airflow/.local/lib/python3.8/site-packages/airflow/example_dags/example_sensors.py took 0.323 seconds
[2025-11-06T14:46:12.101+0000] {processor.py:161} INFO - Started process (PID=396) to work on /home/airflow/.local/lib/python3.8/site-packages/airflow/example_dags/example_sensors.py
[2025-11-06T14:46:12.104+0000] {processor.py:830} INFO - Processing file /home/airflow/.local/lib/python3.8/site-packages/airflow/example_dags/example_sensors.py for tasks to queue
[2025-11-06T14:46:12.109+0000] {logging_mixin.py:188} INFO - [2025-11-06T14:46:12.108+0000] {dagbag.py:538} INFO - Filling up the DagBag from /home/airflow/.local/lib/python3.8/site-packages/airflow/example_dags/example_sensors.py
[2025-11-06T14:46:12.142+0000] {processor.py:840} INFO - DAG(s) 'example_sensors' retrieved from /home/airflow/.local/lib/python3.8/site-packages/airflow/example_dags/example_sensors.py
[2025-11-06T14:46:12.226+0000] {logging_mixin.py:188} INFO - [2025-11-06T14:46:12.226+0000] {dag.py:3036} INFO - Sync 1 DAGs
[2025-11-06T14:46:12.274+0000] {logging_mixin.py:188} INFO - [2025-11-06T14:46:12.273+0000] {dag.py:3823} INFO - Setting next_dagrun for example_sensors to None, run_after=None
[2025-11-06T14:46:12.370+0000] {processor.py:183} INFO - Processing /home/airflow/.local/lib/python3.8/site-packages/airflow/example_dags/example_sensors.py took 0.280 seconds
[2025-11-06T14:49:08.247+0000] {processor.py:161} INFO - Started process (PID=62) to work on /home/airflow/.local/lib/python3.8/site-packages/airflow/example_dags/example_sensors.py
[2025-11-06T14:49:08.250+0000] {processor.py:830} INFO - Processing file /home/airflow/.local/lib/python3.8/site-packages/airflow/example_dags/example_sensors.py for tasks to queue
[2025-11-06T14:49:08.261+0000] {logging_mixin.py:188} INFO - [2025-11-06T14:49:08.260+0000] {dagbag.py:538} INFO - Filling up the DagBag from /home/airflow/.local/lib/python3.8/site-packages/airflow/example_dags/example_sensors.py
[2025-11-06T14:49:08.340+0000] {processor.py:840} INFO - DAG(s) 'example_sensors' retrieved from /home/airflow/.local/lib/python3.8/site-packages/airflow/example_dags/example_sensors.py
[2025-11-06T14:49:09.199+0000] {logging_mixin.py:188} INFO - [2025-11-06T14:49:09.199+0000] {dag.py:3036} INFO - Sync 1 DAGs
[2025-11-06T14:49:09.309+0000] {logging_mixin.py:188} INFO - [2025-11-06T14:49:09.308+0000] {dag.py:3823} INFO - Setting next_dagrun for example_sensors to None, run_after=None
[2025-11-06T14:49:09.624+0000] {processor.py:183} INFO - Processing /home/airflow/.local/lib/python3.8/site-packages/airflow/example_dags/example_sensors.py took 1.393 seconds
[2025-11-06T14:49:39.999+0000] {processor.py:161} INFO - Started process (PID=123) to work on /home/airflow/.local/lib/python3.8/site-packages/airflow/example_dags/example_sensors.py
[2025-11-06T14:49:40.005+0000] {processor.py:830} INFO - Processing file /home/airflow/.local/lib/python3.8/site-packages/airflow/example_dags/example_sensors.py for tasks to queue
[2025-11-06T14:49:40.012+0000] {logging_mixin.py:188} INFO - [2025-11-06T14:49:40.011+0000] {dagbag.py:538} INFO - Filling up the DagBag from /home/airflow/.local/lib/python3.8/site-packages/airflow/example_dags/example_sensors.py
[2025-11-06T14:49:40.051+0000] {processor.py:840} INFO - DAG(s) 'example_sensors' retrieved from /home/airflow/.local/lib/python3.8/site-packages/airflow/example_dags/example_sensors.py
[2025-11-06T14:49:40.153+0000] {logging_mixin.py:188} INFO - [2025-11-06T14:49:40.152+0000] {dag.py:3036} INFO - Sync 1 DAGs
[2025-11-06T14:49:40.209+0000] {logging_mixin.py:188} INFO - [2025-11-06T14:49:40.208+0000] {dag.py:3823} INFO - Setting next_dagrun for example_sensors to None, run_after=None
[2025-11-06T14:49:40.283+0000] {processor.py:183} INFO - Processing /home/airflow/.local/lib/python3.8/site-packages/airflow/example_dags/example_sensors.py took 0.297 seconds
[2025-11-06T14:50:10.725+0000] {processor.py:161} INFO - Started process (PID=178) to work on /home/airflow/.local/lib/python3.8/site-packages/airflow/example_dags/example_sensors.py
[2025-11-06T14:50:10.742+0000] {processor.py:830} INFO - Processing file /home/airflow/.local/lib/python3.8/site-packages/airflow/example_dags/example_sensors.py for tasks to queue
[2025-11-06T14:50:10.748+0000] {logging_mixin.py:188} INFO - [2025-11-06T14:50:10.747+0000] {dagbag.py:538} INFO - Filling up the DagBag from /home/airflow/.local/lib/python3.8/site-packages/airflow/example_dags/example_sensors.py
[2025-11-06T14:50:10.814+0000] {processor.py:840} INFO - DAG(s) 'example_sensors' retrieved from /home/airflow/.local/lib/python3.8/site-packages/airflow/example_dags/example_sensors.py
[2025-11-06T14:50:10.923+0000] {logging_mixin.py:188} INFO - [2025-11-06T14:50:10.922+0000] {dag.py:3036} INFO - Sync 1 DAGs
[2025-11-06T14:50:11.038+0000] {logging_mixin.py:188} INFO - [2025-11-06T14:50:11.037+0000] {dag.py:3823} INFO - Setting next_dagrun for example_sensors to None, run_after=None
[2025-11-06T14:50:11.214+0000] {processor.py:183} INFO - Processing /home/airflow/.local/lib/python3.8/site-packages/airflow/example_dags/example_sensors.py took 0.517 seconds
[2025-11-06T14:50:43.302+0000] {processor.py:161} INFO - Started process (PID=231) to work on /home/airflow/.local/lib/python3.8/site-packages/airflow/example_dags/example_sensors.py
[2025-11-06T14:50:43.305+0000] {processor.py:830} INFO - Processing file /home/airflow/.local/lib/python3.8/site-packages/airflow/example_dags/example_sensors.py for tasks to queue
[2025-11-06T14:50:43.320+0000] {logging_mixin.py:188} INFO - [2025-11-06T14:50:43.319+0000] {dagbag.py:538} INFO - Filling up the DagBag from /home/airflow/.local/lib/python3.8/site-packages/airflow/example_dags/example_sensors.py
[2025-11-06T14:50:43.391+0000] {processor.py:840} INFO - DAG(s) 'example_sensors' retrieved from /home/airflow/.local/lib/python3.8/site-packages/airflow/example_dags/example_sensors.py
[2025-11-06T14:50:43.563+0000] {logging_mixin.py:188} INFO - [2025-11-06T14:50:43.562+0000] {dag.py:3036} INFO - Sync 1 DAGs
[2025-11-06T14:50:43.704+0000] {logging_mixin.py:188} INFO - [2025-11-06T14:50:43.703+0000] {dag.py:3823} INFO - Setting next_dagrun for example_sensors to None, run_after=None
[2025-11-06T14:50:43.986+0000] {processor.py:183} INFO - Processing /home/airflow/.local/lib/python3.8/site-packages/airflow/example_dags/example_sensors.py took 0.699 seconds
[2025-11-06T14:51:16.181+0000] {processor.py:161} INFO - Started process (PID=286) to work on /home/airflow/.local/lib/python3.8/site-packages/airflow/example_dags/example_sensors.py
[2025-11-06T14:51:16.185+0000] {processor.py:830} INFO - Processing file /home/airflow/.local/lib/python3.8/site-packages/airflow/example_dags/example_sensors.py for tasks to queue
[2025-11-06T14:51:16.191+0000] {logging_mixin.py:188} INFO - [2025-11-06T14:51:16.190+0000] {dagbag.py:538} INFO - Filling up the DagBag from /home/airflow/.local/lib/python3.8/site-packages/airflow/example_dags/example_sensors.py
[2025-11-06T14:51:16.223+0000] {processor.py:840} INFO - DAG(s) 'example_sensors' retrieved from /home/airflow/.local/lib/python3.8/site-packages/airflow/example_dags/example_sensors.py
[2025-11-06T14:51:16.349+0000] {logging_mixin.py:188} INFO - [2025-11-06T14:51:16.346+0000] {dag.py:3036} INFO - Sync 1 DAGs
[2025-11-06T14:51:16.407+0000] {logging_mixin.py:188} INFO - [2025-11-06T14:51:16.406+0000] {dag.py:3823} INFO - Setting next_dagrun for example_sensors to None, run_after=None
[2025-11-06T14:51:16.485+0000] {processor.py:183} INFO - Processing /home/airflow/.local/lib/python3.8/site-packages/airflow/example_dags/example_sensors.py took 0.315 seconds
[2025-11-06T14:51:47.746+0000] {processor.py:161} INFO - Started process (PID=338) to work on /home/airflow/.local/lib/python3.8/site-packages/airflow/example_dags/example_sensors.py
[2025-11-06T14:51:47.762+0000] {processor.py:830} INFO - Processing file /home/airflow/.local/lib/python3.8/site-packages/airflow/example_dags/example_sensors.py for tasks to queue
[2025-11-06T14:51:47.801+0000] {logging_mixin.py:188} INFO - [2025-11-06T14:51:47.791+0000] {dagbag.py:538} INFO - Filling up the DagBag from /home/airflow/.local/lib/python3.8/site-packages/airflow/example_dags/example_sensors.py
[2025-11-06T14:51:47.872+0000] {processor.py:840} INFO - DAG(s) 'example_sensors' retrieved from /home/airflow/.local/lib/python3.8/site-packages/airflow/example_dags/example_sensors.py
[2025-11-06T14:51:48.131+0000] {logging_mixin.py:188} INFO - [2025-11-06T14:51:48.130+0000] {dag.py:3036} INFO - Sync 1 DAGs
[2025-11-06T14:51:48.268+0000] {logging_mixin.py:188} INFO - [2025-11-06T14:51:48.267+0000] {dag.py:3823} INFO - Setting next_dagrun for example_sensors to None, run_after=None
[2025-11-06T14:51:48.431+0000] {processor.py:183} INFO - Processing /home/airflow/.local/lib/python3.8/site-packages/airflow/example_dags/example_sensors.py took 0.720 seconds
[2025-11-06T14:52:19.188+0000] {processor.py:161} INFO - Started process (PID=393) to work on /home/airflow/.local/lib/python3.8/site-packages/airflow/example_dags/example_sensors.py
[2025-11-06T14:52:19.194+0000] {processor.py:830} INFO - Processing file /home/airflow/.local/lib/python3.8/site-packages/airflow/example_dags/example_sensors.py for tasks to queue
[2025-11-06T14:52:19.207+0000] {logging_mixin.py:188} INFO - [2025-11-06T14:52:19.201+0000] {dagbag.py:538} INFO - Filling up the DagBag from /home/airflow/.local/lib/python3.8/site-packages/airflow/example_dags/example_sensors.py
[2025-11-06T14:52:19.252+0000] {processor.py:840} INFO - DAG(s) 'example_sensors' retrieved from /home/airflow/.local/lib/python3.8/site-packages/airflow/example_dags/example_sensors.py
[2025-11-06T14:52:19.365+0000] {logging_mixin.py:188} INFO - [2025-11-06T14:52:19.364+0000] {dag.py:3036} INFO - Sync 1 DAGs
[2025-11-06T14:52:19.438+0000] {logging_mixin.py:188} INFO - [2025-11-06T14:52:19.437+0000] {dag.py:3823} INFO - Setting next_dagrun for example_sensors to None, run_after=None
[2025-11-06T14:52:19.565+0000] {processor.py:183} INFO - Processing /home/airflow/.local/lib/python3.8/site-packages/airflow/example_dags/example_sensors.py took 0.391 seconds
[2025-11-06T14:52:58.190+0000] {processor.py:161} INFO - Started process (PID=443) to work on /home/airflow/.local/lib/python3.8/site-packages/airflow/example_dags/example_sensors.py
[2025-11-06T14:52:58.210+0000] {processor.py:830} INFO - Processing file /home/airflow/.local/lib/python3.8/site-packages/airflow/example_dags/example_sensors.py for tasks to queue
[2025-11-06T14:52:58.272+0000] {logging_mixin.py:188} INFO - [2025-11-06T14:52:58.271+0000] {dagbag.py:538} INFO - Filling up the DagBag from /home/airflow/.local/lib/python3.8/site-packages/airflow/example_dags/example_sensors.py
[2025-11-06T14:52:58.548+0000] {processor.py:840} INFO - DAG(s) 'example_sensors' retrieved from /home/airflow/.local/lib/python3.8/site-packages/airflow/example_dags/example_sensors.py
[2025-11-06T14:52:58.801+0000] {logging_mixin.py:188} INFO - [2025-11-06T14:52:58.800+0000] {dag.py:3036} INFO - Sync 1 DAGs
[2025-11-06T14:52:58.949+0000] {logging_mixin.py:188} INFO - [2025-11-06T14:52:58.938+0000] {dag.py:3823} INFO - Setting next_dagrun for example_sensors to None, run_after=None
[2025-11-06T14:52:59.172+0000] {processor.py:183} INFO - Processing /home/airflow/.local/lib/python3.8/site-packages/airflow/example_dags/example_sensors.py took 1.092 seconds
[2025-11-06T14:53:34.123+0000] {processor.py:161} INFO - Started process (PID=495) to work on /home/airflow/.local/lib/python3.8/site-packages/airflow/example_dags/example_sensors.py
[2025-11-06T14:53:34.209+0000] {processor.py:830} INFO - Processing file /home/airflow/.local/lib/python3.8/site-packages/airflow/example_dags/example_sensors.py for tasks to queue
[2025-11-06T14:53:34.255+0000] {logging_mixin.py:188} INFO - [2025-11-06T14:53:34.225+0000] {dagbag.py:538} INFO - Filling up the DagBag from /home/airflow/.local/lib/python3.8/site-packages/airflow/example_dags/example_sensors.py
[2025-11-06T14:53:34.505+0000] {processor.py:840} INFO - DAG(s) 'example_sensors' retrieved from /home/airflow/.local/lib/python3.8/site-packages/airflow/example_dags/example_sensors.py
[2025-11-06T14:53:34.886+0000] {logging_mixin.py:188} INFO - [2025-11-06T14:53:34.872+0000] {dag.py:3036} INFO - Sync 1 DAGs
[2025-11-06T14:53:35.176+0000] {logging_mixin.py:188} INFO - [2025-11-06T14:53:35.124+0000] {dag.py:3823} INFO - Setting next_dagrun for example_sensors to None, run_after=None
[2025-11-06T14:53:35.552+0000] {processor.py:183} INFO - Processing /home/airflow/.local/lib/python3.8/site-packages/airflow/example_dags/example_sensors.py took 1.456 seconds
[2025-11-06T14:54:16.534+0000] {processor.py:161} INFO - Started process (PID=553) to work on /home/airflow/.local/lib/python3.8/site-packages/airflow/example_dags/example_sensors.py
[2025-11-06T14:54:16.550+0000] {processor.py:830} INFO - Processing file /home/airflow/.local/lib/python3.8/site-packages/airflow/example_dags/example_sensors.py for tasks to queue
[2025-11-06T14:54:16.558+0000] {logging_mixin.py:188} INFO - [2025-11-06T14:54:16.557+0000] {dagbag.py:538} INFO - Filling up the DagBag from /home/airflow/.local/lib/python3.8/site-packages/airflow/example_dags/example_sensors.py
[2025-11-06T14:54:16.596+0000] {processor.py:840} INFO - DAG(s) 'example_sensors' retrieved from /home/airflow/.local/lib/python3.8/site-packages/airflow/example_dags/example_sensors.py
[2025-11-06T14:54:16.696+0000] {logging_mixin.py:188} INFO - [2025-11-06T14:54:16.695+0000] {dag.py:3036} INFO - Sync 1 DAGs
[2025-11-06T14:54:16.754+0000] {logging_mixin.py:188} INFO - [2025-11-06T14:54:16.753+0000] {dag.py:3823} INFO - Setting next_dagrun for example_sensors to None, run_after=None
[2025-11-06T14:54:16.836+0000] {processor.py:183} INFO - Processing /home/airflow/.local/lib/python3.8/site-packages/airflow/example_dags/example_sensors.py took 0.325 seconds
[2025-11-06T14:54:49.460+0000] {processor.py:161} INFO - Started process (PID=605) to work on /home/airflow/.local/lib/python3.8/site-packages/airflow/example_dags/example_sensors.py
[2025-11-06T14:54:49.525+0000] {processor.py:830} INFO - Processing file /home/airflow/.local/lib/python3.8/site-packages/airflow/example_dags/example_sensors.py for tasks to queue
[2025-11-06T14:54:49.654+0000] {logging_mixin.py:188} INFO - [2025-11-06T14:54:49.588+0000] {dagbag.py:538} INFO - Filling up the DagBag from /home/airflow/.local/lib/python3.8/site-packages/airflow/example_dags/example_sensors.py
[2025-11-06T14:54:50.349+0000] {processor.py:840} INFO - DAG(s) 'example_sensors' retrieved from /home/airflow/.local/lib/python3.8/site-packages/airflow/example_dags/example_sensors.py
[2025-11-06T14:54:50.969+0000] {logging_mixin.py:188} INFO - [2025-11-06T14:54:50.969+0000] {dag.py:3036} INFO - Sync 1 DAGs
[2025-11-06T14:54:51.458+0000] {logging_mixin.py:188} INFO - [2025-11-06T14:54:51.457+0000] {dag.py:3823} INFO - Setting next_dagrun for example_sensors to None, run_after=None
[2025-11-06T14:54:52.144+0000] {processor.py:183} INFO - Processing /home/airflow/.local/lib/python3.8/site-packages/airflow/example_dags/example_sensors.py took 2.811 seconds
[2025-11-06T14:55:23.086+0000] {processor.py:161} INFO - Started process (PID=660) to work on /home/airflow/.local/lib/python3.8/site-packages/airflow/example_dags/example_sensors.py
[2025-11-06T14:55:23.092+0000] {processor.py:830} INFO - Processing file /home/airflow/.local/lib/python3.8/site-packages/airflow/example_dags/example_sensors.py for tasks to queue
[2025-11-06T14:55:23.101+0000] {logging_mixin.py:188} INFO - [2025-11-06T14:55:23.100+0000] {dagbag.py:538} INFO - Filling up the DagBag from /home/airflow/.local/lib/python3.8/site-packages/airflow/example_dags/example_sensors.py
[2025-11-06T14:55:23.169+0000] {processor.py:840} INFO - DAG(s) 'example_sensors' retrieved from /home/airflow/.local/lib/python3.8/site-packages/airflow/example_dags/example_sensors.py
[2025-11-06T14:55:23.313+0000] {logging_mixin.py:188} INFO - [2025-11-06T14:55:23.313+0000] {dag.py:3036} INFO - Sync 1 DAGs
[2025-11-06T14:55:23.368+0000] {logging_mixin.py:188} INFO - [2025-11-06T14:55:23.367+0000] {dag.py:3823} INFO - Setting next_dagrun for example_sensors to None, run_after=None
[2025-11-06T14:55:23.490+0000] {processor.py:183} INFO - Processing /home/airflow/.local/lib/python3.8/site-packages/airflow/example_dags/example_sensors.py took 0.427 seconds
[2025-11-06T14:55:54.429+0000] {processor.py:161} INFO - Started process (PID=715) to work on /home/airflow/.local/lib/python3.8/site-packages/airflow/example_dags/example_sensors.py
[2025-11-06T14:55:54.439+0000] {processor.py:830} INFO - Processing file /home/airflow/.local/lib/python3.8/site-packages/airflow/example_dags/example_sensors.py for tasks to queue
[2025-11-06T14:55:54.451+0000] {logging_mixin.py:188} INFO - [2025-11-06T14:55:54.450+0000] {dagbag.py:538} INFO - Filling up the DagBag from /home/airflow/.local/lib/python3.8/site-packages/airflow/example_dags/example_sensors.py
[2025-11-06T14:55:54.517+0000] {processor.py:840} INFO - DAG(s) 'example_sensors' retrieved from /home/airflow/.local/lib/python3.8/site-packages/airflow/example_dags/example_sensors.py
[2025-11-06T14:55:54.667+0000] {logging_mixin.py:188} INFO - [2025-11-06T14:55:54.667+0000] {dag.py:3036} INFO - Sync 1 DAGs
[2025-11-06T14:55:54.726+0000] {logging_mixin.py:188} INFO - [2025-11-06T14:55:54.725+0000] {dag.py:3823} INFO - Setting next_dagrun for example_sensors to None, run_after=None
[2025-11-06T14:55:54.820+0000] {processor.py:183} INFO - Processing /home/airflow/.local/lib/python3.8/site-packages/airflow/example_dags/example_sensors.py took 0.426 seconds
[2025-11-06T14:56:30.239+0000] {processor.py:161} INFO - Started process (PID=764) to work on /home/airflow/.local/lib/python3.8/site-packages/airflow/example_dags/example_sensors.py
[2025-11-06T14:56:30.242+0000] {processor.py:830} INFO - Processing file /home/airflow/.local/lib/python3.8/site-packages/airflow/example_dags/example_sensors.py for tasks to queue
[2025-11-06T14:56:30.249+0000] {logging_mixin.py:188} INFO - [2025-11-06T14:56:30.248+0000] {dagbag.py:538} INFO - Filling up the DagBag from /home/airflow/.local/lib/python3.8/site-packages/airflow/example_dags/example_sensors.py
[2025-11-06T14:56:30.290+0000] {processor.py:840} INFO - DAG(s) 'example_sensors' retrieved from /home/airflow/.local/lib/python3.8/site-packages/airflow/example_dags/example_sensors.py
[2025-11-06T14:56:30.414+0000] {logging_mixin.py:188} INFO - [2025-11-06T14:56:30.414+0000] {dag.py:3036} INFO - Sync 1 DAGs
[2025-11-06T14:56:30.472+0000] {logging_mixin.py:188} INFO - [2025-11-06T14:56:30.471+0000] {dag.py:3823} INFO - Setting next_dagrun for example_sensors to None, run_after=None
[2025-11-06T14:56:30.546+0000] {processor.py:183} INFO - Processing /home/airflow/.local/lib/python3.8/site-packages/airflow/example_dags/example_sensors.py took 0.316 seconds
[2025-11-06T14:57:01.591+0000] {processor.py:161} INFO - Started process (PID=813) to work on /home/airflow/.local/lib/python3.8/site-packages/airflow/example_dags/example_sensors.py
[2025-11-06T14:57:01.594+0000] {processor.py:830} INFO - Processing file /home/airflow/.local/lib/python3.8/site-packages/airflow/example_dags/example_sensors.py for tasks to queue
[2025-11-06T14:57:01.602+0000] {logging_mixin.py:188} INFO - [2025-11-06T14:57:01.601+0000] {dagbag.py:538} INFO - Filling up the DagBag from /home/airflow/.local/lib/python3.8/site-packages/airflow/example_dags/example_sensors.py
[2025-11-06T14:57:01.680+0000] {processor.py:840} INFO - DAG(s) 'example_sensors' retrieved from /home/airflow/.local/lib/python3.8/site-packages/airflow/example_dags/example_sensors.py
[2025-11-06T14:57:01.953+0000] {logging_mixin.py:188} INFO - [2025-11-06T14:57:01.950+0000] {dag.py:3036} INFO - Sync 1 DAGs
[2025-11-06T14:57:02.099+0000] {logging_mixin.py:188} INFO - [2025-11-06T14:57:02.098+0000] {dag.py:3823} INFO - Setting next_dagrun for example_sensors to None, run_after=None
[2025-11-06T14:57:02.320+0000] {processor.py:183} INFO - Processing /home/airflow/.local/lib/python3.8/site-packages/airflow/example_dags/example_sensors.py took 0.790 seconds
