[2025-11-06T05:07:18.593+0000] {processor.py:161} INFO - Started process (PID=137) to work on /home/airflow/.local/lib/python3.8/site-packages/airflow/example_dags/example_sla_dag.py
[2025-11-06T05:07:18.654+0000] {processor.py:830} INFO - Processing file /home/airflow/.local/lib/python3.8/site-packages/airflow/example_dags/example_sla_dag.py for tasks to queue
[2025-11-06T05:07:18.701+0000] {logging_mixin.py:188} INFO - [2025-11-06T05:07:18.700+0000] {dagbag.py:538} INFO - Filling up the DagBag from /home/airflow/.local/lib/python3.8/site-packages/airflow/example_dags/example_sla_dag.py
[2025-11-06T05:07:18.828+0000] {processor.py:840} INFO - DAG(s) 'example_sla_dag' retrieved from /home/airflow/.local/lib/python3.8/site-packages/airflow/example_dags/example_sla_dag.py
[2025-11-06T05:07:18.994+0000] {logging_mixin.py:188} INFO - [2025-11-06T05:07:18.994+0000] {dag.py:3036} INFO - Sync 1 DAGs
[2025-11-06T05:07:19.194+0000] {logging_mixin.py:188} INFO - [2025-11-06T05:07:19.193+0000] {dag.py:3823} INFO - Setting next_dagrun for example_sla_dag to 2025-11-06 05:04:00+00:00, run_after=2025-11-06 05:06:00+00:00
[2025-11-06T05:07:19.441+0000] {processor.py:183} INFO - Processing /home/airflow/.local/lib/python3.8/site-packages/airflow/example_dags/example_sla_dag.py took 0.961 seconds
[2025-11-06T05:09:07.098+0000] {processor.py:161} INFO - Started process (PID=210) to work on /home/airflow/.local/lib/python3.8/site-packages/airflow/example_dags/example_sla_dag.py
[2025-11-06T05:09:07.121+0000] {processor.py:830} INFO - Processing file /home/airflow/.local/lib/python3.8/site-packages/airflow/example_dags/example_sla_dag.py for tasks to queue
[2025-11-06T05:09:07.256+0000] {logging_mixin.py:188} INFO - [2025-11-06T05:09:07.213+0000] {dagbag.py:538} INFO - Filling up the DagBag from /home/airflow/.local/lib/python3.8/site-packages/airflow/example_dags/example_sla_dag.py
[2025-11-06T05:09:07.580+0000] {processor.py:840} INFO - DAG(s) 'example_sla_dag' retrieved from /home/airflow/.local/lib/python3.8/site-packages/airflow/example_dags/example_sla_dag.py
[2025-11-06T05:09:07.976+0000] {logging_mixin.py:188} INFO - [2025-11-06T05:09:07.976+0000] {dag.py:3036} INFO - Sync 1 DAGs
[2025-11-06T05:09:08.519+0000] {logging_mixin.py:188} INFO - [2025-11-06T05:09:08.518+0000] {dag.py:3823} INFO - Setting next_dagrun for example_sla_dag to 2025-11-06 05:06:00+00:00, run_after=2025-11-06 05:08:00+00:00
[2025-11-06T05:09:08.996+0000] {processor.py:183} INFO - Processing /home/airflow/.local/lib/python3.8/site-packages/airflow/example_dags/example_sla_dag.py took 1.938 seconds
[2025-11-06T05:10:10.199+0000] {processor.py:161} INFO - Started process (PID=271) to work on /home/airflow/.local/lib/python3.8/site-packages/airflow/example_dags/example_sla_dag.py
[2025-11-06T05:10:10.214+0000] {processor.py:830} INFO - Processing file /home/airflow/.local/lib/python3.8/site-packages/airflow/example_dags/example_sla_dag.py for tasks to queue
[2025-11-06T05:10:10.248+0000] {logging_mixin.py:188} INFO - [2025-11-06T05:10:10.245+0000] {dagbag.py:538} INFO - Filling up the DagBag from /home/airflow/.local/lib/python3.8/site-packages/airflow/example_dags/example_sla_dag.py
[2025-11-06T05:10:10.331+0000] {processor.py:840} INFO - DAG(s) 'example_sla_dag' retrieved from /home/airflow/.local/lib/python3.8/site-packages/airflow/example_dags/example_sla_dag.py
[2025-11-06T05:10:10.678+0000] {logging_mixin.py:188} INFO - [2025-11-06T05:10:10.678+0000] {dag.py:3036} INFO - Sync 1 DAGs
[2025-11-06T05:10:10.993+0000] {logging_mixin.py:188} INFO - [2025-11-06T05:10:10.992+0000] {dag.py:3823} INFO - Setting next_dagrun for example_sla_dag to 2025-11-06 05:08:00+00:00, run_after=2025-11-06 05:10:00+00:00
[2025-11-06T05:10:11.484+0000] {processor.py:183} INFO - Processing /home/airflow/.local/lib/python3.8/site-packages/airflow/example_dags/example_sla_dag.py took 1.317 seconds
[2025-11-06T05:12:08.594+0000] {processor.py:161} INFO - Started process (PID=351) to work on /home/airflow/.local/lib/python3.8/site-packages/airflow/example_dags/example_sla_dag.py
[2025-11-06T05:12:08.610+0000] {processor.py:830} INFO - Processing file /home/airflow/.local/lib/python3.8/site-packages/airflow/example_dags/example_sla_dag.py for tasks to queue
[2025-11-06T05:12:08.728+0000] {logging_mixin.py:188} INFO - [2025-11-06T05:12:08.727+0000] {dagbag.py:538} INFO - Filling up the DagBag from /home/airflow/.local/lib/python3.8/site-packages/airflow/example_dags/example_sla_dag.py
[2025-11-06T05:12:08.901+0000] {processor.py:840} INFO - DAG(s) 'example_sla_dag' retrieved from /home/airflow/.local/lib/python3.8/site-packages/airflow/example_dags/example_sla_dag.py
[2025-11-06T05:12:10.538+0000] {logging_mixin.py:188} INFO - [2025-11-06T05:12:10.533+0000] {dag.py:3036} INFO - Sync 1 DAGs
[2025-11-06T05:12:11.064+0000] {logging_mixin.py:188} INFO - [2025-11-06T05:12:11.063+0000] {dag.py:3823} INFO - Setting next_dagrun for example_sla_dag to 2025-11-06 05:10:00+00:00, run_after=2025-11-06 05:12:00+00:00
[2025-11-06T05:12:11.510+0000] {processor.py:183} INFO - Processing /home/airflow/.local/lib/python3.8/site-packages/airflow/example_dags/example_sla_dag.py took 2.979 seconds
[2025-11-06T05:15:29.440+0000] {processor.py:161} INFO - Started process (PID=110) to work on /home/airflow/.local/lib/python3.8/site-packages/airflow/example_dags/example_sla_dag.py
[2025-11-06T05:15:29.448+0000] {processor.py:830} INFO - Processing file /home/airflow/.local/lib/python3.8/site-packages/airflow/example_dags/example_sla_dag.py for tasks to queue
[2025-11-06T05:15:29.470+0000] {logging_mixin.py:188} INFO - [2025-11-06T05:15:29.470+0000] {dagbag.py:538} INFO - Filling up the DagBag from /home/airflow/.local/lib/python3.8/site-packages/airflow/example_dags/example_sla_dag.py
[2025-11-06T05:15:29.516+0000] {processor.py:840} INFO - DAG(s) 'example_sla_dag' retrieved from /home/airflow/.local/lib/python3.8/site-packages/airflow/example_dags/example_sla_dag.py
[2025-11-06T05:15:29.911+0000] {logging_mixin.py:188} INFO - [2025-11-06T05:15:29.910+0000] {dag.py:3036} INFO - Sync 1 DAGs
[2025-11-06T05:15:30.052+0000] {logging_mixin.py:188} INFO - [2025-11-06T05:15:30.051+0000] {dag.py:3823} INFO - Setting next_dagrun for example_sla_dag to 2025-11-06 05:12:00+00:00, run_after=2025-11-06 05:14:00+00:00
[2025-11-06T05:15:30.182+0000] {processor.py:183} INFO - Processing /home/airflow/.local/lib/python3.8/site-packages/airflow/example_dags/example_sla_dag.py took 0.772 seconds
[2025-11-06T05:16:00.418+0000] {processor.py:161} INFO - Started process (PID=165) to work on /home/airflow/.local/lib/python3.8/site-packages/airflow/example_dags/example_sla_dag.py
[2025-11-06T05:16:00.421+0000] {processor.py:830} INFO - Processing file /home/airflow/.local/lib/python3.8/site-packages/airflow/example_dags/example_sla_dag.py for tasks to queue
[2025-11-06T05:16:00.428+0000] {logging_mixin.py:188} INFO - [2025-11-06T05:16:00.426+0000] {dagbag.py:538} INFO - Filling up the DagBag from /home/airflow/.local/lib/python3.8/site-packages/airflow/example_dags/example_sla_dag.py
[2025-11-06T05:16:00.465+0000] {processor.py:840} INFO - DAG(s) 'example_sla_dag' retrieved from /home/airflow/.local/lib/python3.8/site-packages/airflow/example_dags/example_sla_dag.py
[2025-11-06T05:16:00.530+0000] {logging_mixin.py:188} INFO - [2025-11-06T05:16:00.529+0000] {dag.py:3036} INFO - Sync 1 DAGs
[2025-11-06T05:16:00.614+0000] {logging_mixin.py:188} INFO - [2025-11-06T05:16:00.613+0000] {dag.py:3823} INFO - Setting next_dagrun for example_sla_dag to 2025-11-06 05:14:00+00:00, run_after=2025-11-06 05:16:00+00:00
[2025-11-06T05:16:00.675+0000] {processor.py:183} INFO - Processing /home/airflow/.local/lib/python3.8/site-packages/airflow/example_dags/example_sla_dag.py took 0.266 seconds
[2025-11-06T05:16:31.777+0000] {processor.py:161} INFO - Started process (PID=220) to work on /home/airflow/.local/lib/python3.8/site-packages/airflow/example_dags/example_sla_dag.py
[2025-11-06T05:16:31.783+0000] {processor.py:830} INFO - Processing file /home/airflow/.local/lib/python3.8/site-packages/airflow/example_dags/example_sla_dag.py for tasks to queue
[2025-11-06T05:16:31.792+0000] {logging_mixin.py:188} INFO - [2025-11-06T05:16:31.791+0000] {dagbag.py:538} INFO - Filling up the DagBag from /home/airflow/.local/lib/python3.8/site-packages/airflow/example_dags/example_sla_dag.py
[2025-11-06T05:16:31.835+0000] {processor.py:840} INFO - DAG(s) 'example_sla_dag' retrieved from /home/airflow/.local/lib/python3.8/site-packages/airflow/example_dags/example_sla_dag.py
[2025-11-06T05:16:31.954+0000] {logging_mixin.py:188} INFO - [2025-11-06T05:16:31.953+0000] {dag.py:3036} INFO - Sync 1 DAGs
[2025-11-06T05:16:32.121+0000] {logging_mixin.py:188} INFO - [2025-11-06T05:16:32.120+0000] {dag.py:3823} INFO - Setting next_dagrun for example_sla_dag to 2025-11-06 05:14:00+00:00, run_after=2025-11-06 05:16:00+00:00
[2025-11-06T05:16:32.291+0000] {processor.py:183} INFO - Processing /home/airflow/.local/lib/python3.8/site-packages/airflow/example_dags/example_sla_dag.py took 0.527 seconds
[2025-11-06T05:17:03.328+0000] {processor.py:161} INFO - Started process (PID=275) to work on /home/airflow/.local/lib/python3.8/site-packages/airflow/example_dags/example_sla_dag.py
[2025-11-06T05:17:03.335+0000] {processor.py:830} INFO - Processing file /home/airflow/.local/lib/python3.8/site-packages/airflow/example_dags/example_sla_dag.py for tasks to queue
[2025-11-06T05:17:03.348+0000] {logging_mixin.py:188} INFO - [2025-11-06T05:17:03.347+0000] {dagbag.py:538} INFO - Filling up the DagBag from /home/airflow/.local/lib/python3.8/site-packages/airflow/example_dags/example_sla_dag.py
[2025-11-06T05:17:03.406+0000] {processor.py:840} INFO - DAG(s) 'example_sla_dag' retrieved from /home/airflow/.local/lib/python3.8/site-packages/airflow/example_dags/example_sla_dag.py
[2025-11-06T05:17:03.507+0000] {logging_mixin.py:188} INFO - [2025-11-06T05:17:03.506+0000] {dag.py:3036} INFO - Sync 1 DAGs
[2025-11-06T05:17:03.640+0000] {logging_mixin.py:188} INFO - [2025-11-06T05:17:03.639+0000] {dag.py:3823} INFO - Setting next_dagrun for example_sla_dag to 2025-11-06 05:14:00+00:00, run_after=2025-11-06 05:16:00+00:00
[2025-11-06T05:17:03.729+0000] {processor.py:183} INFO - Processing /home/airflow/.local/lib/python3.8/site-packages/airflow/example_dags/example_sla_dag.py took 0.421 seconds
[2025-11-06T05:17:34.077+0000] {processor.py:161} INFO - Started process (PID=330) to work on /home/airflow/.local/lib/python3.8/site-packages/airflow/example_dags/example_sla_dag.py
[2025-11-06T05:17:34.079+0000] {processor.py:830} INFO - Processing file /home/airflow/.local/lib/python3.8/site-packages/airflow/example_dags/example_sla_dag.py for tasks to queue
[2025-11-06T05:17:34.081+0000] {logging_mixin.py:188} INFO - [2025-11-06T05:17:34.081+0000] {dagbag.py:538} INFO - Filling up the DagBag from /home/airflow/.local/lib/python3.8/site-packages/airflow/example_dags/example_sla_dag.py
[2025-11-06T05:17:34.094+0000] {processor.py:840} INFO - DAG(s) 'example_sla_dag' retrieved from /home/airflow/.local/lib/python3.8/site-packages/airflow/example_dags/example_sla_dag.py
[2025-11-06T05:17:34.124+0000] {logging_mixin.py:188} INFO - [2025-11-06T05:17:34.123+0000] {dag.py:3036} INFO - Sync 1 DAGs
[2025-11-06T05:17:34.173+0000] {logging_mixin.py:188} INFO - [2025-11-06T05:17:34.173+0000] {dag.py:3823} INFO - Setting next_dagrun for example_sla_dag to 2025-11-06 05:14:00+00:00, run_after=2025-11-06 05:16:00+00:00
[2025-11-06T05:17:34.219+0000] {processor.py:183} INFO - Processing /home/airflow/.local/lib/python3.8/site-packages/airflow/example_dags/example_sla_dag.py took 0.147 seconds
[2025-11-06T05:18:05.426+0000] {processor.py:161} INFO - Started process (PID=385) to work on /home/airflow/.local/lib/python3.8/site-packages/airflow/example_dags/example_sla_dag.py
[2025-11-06T05:18:05.495+0000] {processor.py:830} INFO - Processing file /home/airflow/.local/lib/python3.8/site-packages/airflow/example_dags/example_sla_dag.py for tasks to queue
[2025-11-06T05:18:05.515+0000] {logging_mixin.py:188} INFO - [2025-11-06T05:18:05.514+0000] {dagbag.py:538} INFO - Filling up the DagBag from /home/airflow/.local/lib/python3.8/site-packages/airflow/example_dags/example_sla_dag.py
[2025-11-06T05:18:05.592+0000] {processor.py:840} INFO - DAG(s) 'example_sla_dag' retrieved from /home/airflow/.local/lib/python3.8/site-packages/airflow/example_dags/example_sla_dag.py
[2025-11-06T05:18:05.726+0000] {logging_mixin.py:188} INFO - [2025-11-06T05:18:05.725+0000] {dag.py:3036} INFO - Sync 1 DAGs
[2025-11-06T05:18:05.865+0000] {logging_mixin.py:188} INFO - [2025-11-06T05:18:05.865+0000] {dag.py:3823} INFO - Setting next_dagrun for example_sla_dag to 2025-11-06 05:16:00+00:00, run_after=2025-11-06 05:18:00+00:00
[2025-11-06T05:18:05.957+0000] {processor.py:183} INFO - Processing /home/airflow/.local/lib/python3.8/site-packages/airflow/example_dags/example_sla_dag.py took 0.552 seconds
[2025-11-06T05:18:36.729+0000] {processor.py:161} INFO - Started process (PID=440) to work on /home/airflow/.local/lib/python3.8/site-packages/airflow/example_dags/example_sla_dag.py
[2025-11-06T05:18:36.748+0000] {processor.py:830} INFO - Processing file /home/airflow/.local/lib/python3.8/site-packages/airflow/example_dags/example_sla_dag.py for tasks to queue
[2025-11-06T05:18:36.773+0000] {logging_mixin.py:188} INFO - [2025-11-06T05:18:36.772+0000] {dagbag.py:538} INFO - Filling up the DagBag from /home/airflow/.local/lib/python3.8/site-packages/airflow/example_dags/example_sla_dag.py
[2025-11-06T05:18:36.858+0000] {processor.py:840} INFO - DAG(s) 'example_sla_dag' retrieved from /home/airflow/.local/lib/python3.8/site-packages/airflow/example_dags/example_sla_dag.py
[2025-11-06T05:18:36.985+0000] {logging_mixin.py:188} INFO - [2025-11-06T05:18:36.984+0000] {dag.py:3036} INFO - Sync 1 DAGs
[2025-11-06T05:18:37.124+0000] {logging_mixin.py:188} INFO - [2025-11-06T05:18:37.123+0000] {dag.py:3823} INFO - Setting next_dagrun for example_sla_dag to 2025-11-06 05:16:00+00:00, run_after=2025-11-06 05:18:00+00:00
[2025-11-06T05:18:37.205+0000] {processor.py:183} INFO - Processing /home/airflow/.local/lib/python3.8/site-packages/airflow/example_dags/example_sla_dag.py took 0.531 seconds
[2025-11-06T05:19:13.599+0000] {processor.py:161} INFO - Started process (PID=495) to work on /home/airflow/.local/lib/python3.8/site-packages/airflow/example_dags/example_sla_dag.py
[2025-11-06T05:19:13.611+0000] {processor.py:830} INFO - Processing file /home/airflow/.local/lib/python3.8/site-packages/airflow/example_dags/example_sla_dag.py for tasks to queue
[2025-11-06T05:19:13.627+0000] {logging_mixin.py:188} INFO - [2025-11-06T05:19:13.625+0000] {dagbag.py:538} INFO - Filling up the DagBag from /home/airflow/.local/lib/python3.8/site-packages/airflow/example_dags/example_sla_dag.py
[2025-11-06T05:19:13.691+0000] {processor.py:840} INFO - DAG(s) 'example_sla_dag' retrieved from /home/airflow/.local/lib/python3.8/site-packages/airflow/example_dags/example_sla_dag.py
[2025-11-06T05:19:13.854+0000] {logging_mixin.py:188} INFO - [2025-11-06T05:19:13.854+0000] {dag.py:3036} INFO - Sync 1 DAGs
[2025-11-06T05:19:14.107+0000] {logging_mixin.py:188} INFO - [2025-11-06T05:19:14.099+0000] {dag.py:3823} INFO - Setting next_dagrun for example_sla_dag to 2025-11-06 05:16:00+00:00, run_after=2025-11-06 05:18:00+00:00
[2025-11-06T05:19:14.291+0000] {processor.py:183} INFO - Processing /home/airflow/.local/lib/python3.8/site-packages/airflow/example_dags/example_sla_dag.py took 0.710 seconds
[2025-11-06T05:19:45.288+0000] {processor.py:161} INFO - Started process (PID=550) to work on /home/airflow/.local/lib/python3.8/site-packages/airflow/example_dags/example_sla_dag.py
[2025-11-06T05:19:45.292+0000] {processor.py:830} INFO - Processing file /home/airflow/.local/lib/python3.8/site-packages/airflow/example_dags/example_sla_dag.py for tasks to queue
[2025-11-06T05:19:45.319+0000] {logging_mixin.py:188} INFO - [2025-11-06T05:19:45.309+0000] {dagbag.py:538} INFO - Filling up the DagBag from /home/airflow/.local/lib/python3.8/site-packages/airflow/example_dags/example_sla_dag.py
[2025-11-06T05:19:45.415+0000] {processor.py:840} INFO - DAG(s) 'example_sla_dag' retrieved from /home/airflow/.local/lib/python3.8/site-packages/airflow/example_dags/example_sla_dag.py
[2025-11-06T05:19:45.565+0000] {logging_mixin.py:188} INFO - [2025-11-06T05:19:45.564+0000] {dag.py:3036} INFO - Sync 1 DAGs
[2025-11-06T05:19:45.849+0000] {logging_mixin.py:188} INFO - [2025-11-06T05:19:45.848+0000] {dag.py:3823} INFO - Setting next_dagrun for example_sla_dag to 2025-11-06 05:16:00+00:00, run_after=2025-11-06 05:18:00+00:00
[2025-11-06T05:19:46.037+0000] {processor.py:183} INFO - Processing /home/airflow/.local/lib/python3.8/site-packages/airflow/example_dags/example_sla_dag.py took 0.776 seconds
[2025-11-06T05:20:20.085+0000] {processor.py:161} INFO - Started process (PID=605) to work on /home/airflow/.local/lib/python3.8/site-packages/airflow/example_dags/example_sla_dag.py
[2025-11-06T05:20:20.088+0000] {processor.py:830} INFO - Processing file /home/airflow/.local/lib/python3.8/site-packages/airflow/example_dags/example_sla_dag.py for tasks to queue
[2025-11-06T05:20:20.096+0000] {logging_mixin.py:188} INFO - [2025-11-06T05:20:20.094+0000] {dagbag.py:538} INFO - Filling up the DagBag from /home/airflow/.local/lib/python3.8/site-packages/airflow/example_dags/example_sla_dag.py
[2025-11-06T05:20:20.144+0000] {processor.py:840} INFO - DAG(s) 'example_sla_dag' retrieved from /home/airflow/.local/lib/python3.8/site-packages/airflow/example_dags/example_sla_dag.py
[2025-11-06T05:20:20.308+0000] {logging_mixin.py:188} INFO - [2025-11-06T05:20:20.307+0000] {dag.py:3036} INFO - Sync 1 DAGs
[2025-11-06T05:20:20.553+0000] {logging_mixin.py:188} INFO - [2025-11-06T05:20:20.553+0000] {dag.py:3823} INFO - Setting next_dagrun for example_sla_dag to 2025-11-06 05:18:00+00:00, run_after=2025-11-06 05:20:00+00:00
[2025-11-06T05:20:20.710+0000] {processor.py:183} INFO - Processing /home/airflow/.local/lib/python3.8/site-packages/airflow/example_dags/example_sla_dag.py took 0.646 seconds
[2025-11-06T05:20:51.732+0000] {processor.py:161} INFO - Started process (PID=660) to work on /home/airflow/.local/lib/python3.8/site-packages/airflow/example_dags/example_sla_dag.py
[2025-11-06T05:20:51.761+0000] {processor.py:830} INFO - Processing file /home/airflow/.local/lib/python3.8/site-packages/airflow/example_dags/example_sla_dag.py for tasks to queue
[2025-11-06T05:20:51.780+0000] {logging_mixin.py:188} INFO - [2025-11-06T05:20:51.778+0000] {dagbag.py:538} INFO - Filling up the DagBag from /home/airflow/.local/lib/python3.8/site-packages/airflow/example_dags/example_sla_dag.py
[2025-11-06T05:20:51.858+0000] {processor.py:840} INFO - DAG(s) 'example_sla_dag' retrieved from /home/airflow/.local/lib/python3.8/site-packages/airflow/example_dags/example_sla_dag.py
[2025-11-06T05:20:52.079+0000] {logging_mixin.py:188} INFO - [2025-11-06T05:20:52.077+0000] {dag.py:3036} INFO - Sync 1 DAGs
[2025-11-06T05:20:52.226+0000] {logging_mixin.py:188} INFO - [2025-11-06T05:20:52.226+0000] {dag.py:3823} INFO - Setting next_dagrun for example_sla_dag to 2025-11-06 05:18:00+00:00, run_after=2025-11-06 05:20:00+00:00
[2025-11-06T05:20:52.468+0000] {processor.py:183} INFO - Processing /home/airflow/.local/lib/python3.8/site-packages/airflow/example_dags/example_sla_dag.py took 0.767 seconds
[2025-11-06T05:21:22.668+0000] {processor.py:161} INFO - Started process (PID=715) to work on /home/airflow/.local/lib/python3.8/site-packages/airflow/example_dags/example_sla_dag.py
[2025-11-06T05:21:22.673+0000] {processor.py:830} INFO - Processing file /home/airflow/.local/lib/python3.8/site-packages/airflow/example_dags/example_sla_dag.py for tasks to queue
[2025-11-06T05:21:22.682+0000] {logging_mixin.py:188} INFO - [2025-11-06T05:21:22.681+0000] {dagbag.py:538} INFO - Filling up the DagBag from /home/airflow/.local/lib/python3.8/site-packages/airflow/example_dags/example_sla_dag.py
[2025-11-06T05:21:22.740+0000] {processor.py:840} INFO - DAG(s) 'example_sla_dag' retrieved from /home/airflow/.local/lib/python3.8/site-packages/airflow/example_dags/example_sla_dag.py
[2025-11-06T05:21:22.860+0000] {logging_mixin.py:188} INFO - [2025-11-06T05:21:22.859+0000] {dag.py:3036} INFO - Sync 1 DAGs
[2025-11-06T05:21:22.982+0000] {logging_mixin.py:188} INFO - [2025-11-06T05:21:22.981+0000] {dag.py:3823} INFO - Setting next_dagrun for example_sla_dag to 2025-11-06 05:18:00+00:00, run_after=2025-11-06 05:20:00+00:00
[2025-11-06T05:21:23.099+0000] {processor.py:183} INFO - Processing /home/airflow/.local/lib/python3.8/site-packages/airflow/example_dags/example_sla_dag.py took 0.449 seconds
[2025-11-06T05:21:53.725+0000] {processor.py:161} INFO - Started process (PID=769) to work on /home/airflow/.local/lib/python3.8/site-packages/airflow/example_dags/example_sla_dag.py
[2025-11-06T05:21:53.729+0000] {processor.py:830} INFO - Processing file /home/airflow/.local/lib/python3.8/site-packages/airflow/example_dags/example_sla_dag.py for tasks to queue
[2025-11-06T05:21:53.737+0000] {logging_mixin.py:188} INFO - [2025-11-06T05:21:53.736+0000] {dagbag.py:538} INFO - Filling up the DagBag from /home/airflow/.local/lib/python3.8/site-packages/airflow/example_dags/example_sla_dag.py
[2025-11-06T05:21:53.790+0000] {processor.py:840} INFO - DAG(s) 'example_sla_dag' retrieved from /home/airflow/.local/lib/python3.8/site-packages/airflow/example_dags/example_sla_dag.py
[2025-11-06T05:21:53.893+0000] {logging_mixin.py:188} INFO - [2025-11-06T05:21:53.891+0000] {dag.py:3036} INFO - Sync 1 DAGs
[2025-11-06T05:21:54.089+0000] {logging_mixin.py:188} INFO - [2025-11-06T05:21:54.087+0000] {dag.py:3823} INFO - Setting next_dagrun for example_sla_dag to 2025-11-06 05:18:00+00:00, run_after=2025-11-06 05:20:00+00:00
[2025-11-06T05:21:54.192+0000] {processor.py:183} INFO - Processing /home/airflow/.local/lib/python3.8/site-packages/airflow/example_dags/example_sla_dag.py took 0.478 seconds
[2025-11-06T05:22:25.641+0000] {processor.py:161} INFO - Started process (PID=825) to work on /home/airflow/.local/lib/python3.8/site-packages/airflow/example_dags/example_sla_dag.py
[2025-11-06T05:22:25.660+0000] {processor.py:830} INFO - Processing file /home/airflow/.local/lib/python3.8/site-packages/airflow/example_dags/example_sla_dag.py for tasks to queue
[2025-11-06T05:22:25.676+0000] {logging_mixin.py:188} INFO - [2025-11-06T05:22:25.675+0000] {dagbag.py:538} INFO - Filling up the DagBag from /home/airflow/.local/lib/python3.8/site-packages/airflow/example_dags/example_sla_dag.py
[2025-11-06T05:22:25.751+0000] {processor.py:840} INFO - DAG(s) 'example_sla_dag' retrieved from /home/airflow/.local/lib/python3.8/site-packages/airflow/example_dags/example_sla_dag.py
[2025-11-06T05:22:25.921+0000] {logging_mixin.py:188} INFO - [2025-11-06T05:22:25.920+0000] {dag.py:3036} INFO - Sync 1 DAGs
[2025-11-06T05:22:26.102+0000] {logging_mixin.py:188} INFO - [2025-11-06T05:22:26.101+0000] {dag.py:3823} INFO - Setting next_dagrun for example_sla_dag to 2025-11-06 05:20:00+00:00, run_after=2025-11-06 05:22:00+00:00
[2025-11-06T05:22:26.200+0000] {processor.py:183} INFO - Processing /home/airflow/.local/lib/python3.8/site-packages/airflow/example_dags/example_sla_dag.py took 0.617 seconds
[2025-11-06T05:22:57.056+0000] {processor.py:161} INFO - Started process (PID=880) to work on /home/airflow/.local/lib/python3.8/site-packages/airflow/example_dags/example_sla_dag.py
[2025-11-06T05:22:57.058+0000] {processor.py:830} INFO - Processing file /home/airflow/.local/lib/python3.8/site-packages/airflow/example_dags/example_sla_dag.py for tasks to queue
[2025-11-06T05:22:57.063+0000] {logging_mixin.py:188} INFO - [2025-11-06T05:22:57.062+0000] {dagbag.py:538} INFO - Filling up the DagBag from /home/airflow/.local/lib/python3.8/site-packages/airflow/example_dags/example_sla_dag.py
[2025-11-06T05:22:57.079+0000] {processor.py:840} INFO - DAG(s) 'example_sla_dag' retrieved from /home/airflow/.local/lib/python3.8/site-packages/airflow/example_dags/example_sla_dag.py
[2025-11-06T05:22:57.118+0000] {logging_mixin.py:188} INFO - [2025-11-06T05:22:57.117+0000] {dag.py:3036} INFO - Sync 1 DAGs
[2025-11-06T05:22:57.162+0000] {logging_mixin.py:188} INFO - [2025-11-06T05:22:57.162+0000] {dag.py:3823} INFO - Setting next_dagrun for example_sla_dag to 2025-11-06 05:20:00+00:00, run_after=2025-11-06 05:22:00+00:00
[2025-11-06T05:22:57.200+0000] {processor.py:183} INFO - Processing /home/airflow/.local/lib/python3.8/site-packages/airflow/example_dags/example_sla_dag.py took 0.151 seconds
[2025-11-06T05:23:27.403+0000] {processor.py:161} INFO - Started process (PID=935) to work on /home/airflow/.local/lib/python3.8/site-packages/airflow/example_dags/example_sla_dag.py
[2025-11-06T05:23:27.409+0000] {processor.py:830} INFO - Processing file /home/airflow/.local/lib/python3.8/site-packages/airflow/example_dags/example_sla_dag.py for tasks to queue
[2025-11-06T05:23:27.421+0000] {logging_mixin.py:188} INFO - [2025-11-06T05:23:27.416+0000] {dagbag.py:538} INFO - Filling up the DagBag from /home/airflow/.local/lib/python3.8/site-packages/airflow/example_dags/example_sla_dag.py
[2025-11-06T05:23:27.459+0000] {processor.py:840} INFO - DAG(s) 'example_sla_dag' retrieved from /home/airflow/.local/lib/python3.8/site-packages/airflow/example_dags/example_sla_dag.py
[2025-11-06T05:23:27.563+0000] {logging_mixin.py:188} INFO - [2025-11-06T05:23:27.562+0000] {dag.py:3036} INFO - Sync 1 DAGs
[2025-11-06T05:23:27.681+0000] {logging_mixin.py:188} INFO - [2025-11-06T05:23:27.681+0000] {dag.py:3823} INFO - Setting next_dagrun for example_sla_dag to 2025-11-06 05:20:00+00:00, run_after=2025-11-06 05:22:00+00:00
[2025-11-06T05:23:27.771+0000] {processor.py:183} INFO - Processing /home/airflow/.local/lib/python3.8/site-packages/airflow/example_dags/example_sla_dag.py took 0.391 seconds
[2025-11-06T05:23:58.967+0000] {processor.py:161} INFO - Started process (PID=990) to work on /home/airflow/.local/lib/python3.8/site-packages/airflow/example_dags/example_sla_dag.py
[2025-11-06T05:23:58.985+0000] {processor.py:830} INFO - Processing file /home/airflow/.local/lib/python3.8/site-packages/airflow/example_dags/example_sla_dag.py for tasks to queue
[2025-11-06T05:23:59.007+0000] {logging_mixin.py:188} INFO - [2025-11-06T05:23:59.006+0000] {dagbag.py:538} INFO - Filling up the DagBag from /home/airflow/.local/lib/python3.8/site-packages/airflow/example_dags/example_sla_dag.py
[2025-11-06T05:23:59.040+0000] {processor.py:840} INFO - DAG(s) 'example_sla_dag' retrieved from /home/airflow/.local/lib/python3.8/site-packages/airflow/example_dags/example_sla_dag.py
[2025-11-06T05:23:59.162+0000] {logging_mixin.py:188} INFO - [2025-11-06T05:23:59.161+0000] {dag.py:3036} INFO - Sync 1 DAGs
[2025-11-06T05:23:59.339+0000] {logging_mixin.py:188} INFO - [2025-11-06T05:23:59.338+0000] {dag.py:3823} INFO - Setting next_dagrun for example_sla_dag to 2025-11-06 05:20:00+00:00, run_after=2025-11-06 05:22:00+00:00
[2025-11-06T05:23:59.478+0000] {processor.py:183} INFO - Processing /home/airflow/.local/lib/python3.8/site-packages/airflow/example_dags/example_sla_dag.py took 0.528 seconds
[2025-11-06T05:24:30.114+0000] {processor.py:161} INFO - Started process (PID=1044) to work on /home/airflow/.local/lib/python3.8/site-packages/airflow/example_dags/example_sla_dag.py
[2025-11-06T05:24:30.118+0000] {processor.py:830} INFO - Processing file /home/airflow/.local/lib/python3.8/site-packages/airflow/example_dags/example_sla_dag.py for tasks to queue
[2025-11-06T05:24:30.130+0000] {logging_mixin.py:188} INFO - [2025-11-06T05:24:30.128+0000] {dagbag.py:538} INFO - Filling up the DagBag from /home/airflow/.local/lib/python3.8/site-packages/airflow/example_dags/example_sla_dag.py
[2025-11-06T05:24:30.174+0000] {processor.py:840} INFO - DAG(s) 'example_sla_dag' retrieved from /home/airflow/.local/lib/python3.8/site-packages/airflow/example_dags/example_sla_dag.py
[2025-11-06T05:24:30.267+0000] {logging_mixin.py:188} INFO - [2025-11-06T05:24:30.267+0000] {dag.py:3036} INFO - Sync 1 DAGs
[2025-11-06T05:24:30.373+0000] {logging_mixin.py:188} INFO - [2025-11-06T05:24:30.373+0000] {dag.py:3823} INFO - Setting next_dagrun for example_sla_dag to 2025-11-06 05:22:00+00:00, run_after=2025-11-06 05:24:00+00:00
[2025-11-06T05:24:30.455+0000] {processor.py:183} INFO - Processing /home/airflow/.local/lib/python3.8/site-packages/airflow/example_dags/example_sla_dag.py took 0.355 seconds
[2025-11-06T05:25:02.173+0000] {processor.py:161} INFO - Started process (PID=1099) to work on /home/airflow/.local/lib/python3.8/site-packages/airflow/example_dags/example_sla_dag.py
[2025-11-06T05:25:02.204+0000] {processor.py:830} INFO - Processing file /home/airflow/.local/lib/python3.8/site-packages/airflow/example_dags/example_sla_dag.py for tasks to queue
[2025-11-06T05:25:02.235+0000] {logging_mixin.py:188} INFO - [2025-11-06T05:25:02.234+0000] {dagbag.py:538} INFO - Filling up the DagBag from /home/airflow/.local/lib/python3.8/site-packages/airflow/example_dags/example_sla_dag.py
[2025-11-06T05:25:02.352+0000] {processor.py:840} INFO - DAG(s) 'example_sla_dag' retrieved from /home/airflow/.local/lib/python3.8/site-packages/airflow/example_dags/example_sla_dag.py
[2025-11-06T05:25:02.472+0000] {logging_mixin.py:188} INFO - [2025-11-06T05:25:02.470+0000] {dag.py:3036} INFO - Sync 1 DAGs
[2025-11-06T05:25:02.609+0000] {logging_mixin.py:188} INFO - [2025-11-06T05:25:02.608+0000] {dag.py:3823} INFO - Setting next_dagrun for example_sla_dag to 2025-11-06 05:22:00+00:00, run_after=2025-11-06 05:24:00+00:00
[2025-11-06T05:25:02.716+0000] {processor.py:183} INFO - Processing /home/airflow/.local/lib/python3.8/site-packages/airflow/example_dags/example_sla_dag.py took 0.608 seconds
[2025-11-06T05:25:32.818+0000] {processor.py:161} INFO - Started process (PID=1152) to work on /home/airflow/.local/lib/python3.8/site-packages/airflow/example_dags/example_sla_dag.py
[2025-11-06T05:25:32.820+0000] {processor.py:830} INFO - Processing file /home/airflow/.local/lib/python3.8/site-packages/airflow/example_dags/example_sla_dag.py for tasks to queue
[2025-11-06T05:25:32.823+0000] {logging_mixin.py:188} INFO - [2025-11-06T05:25:32.822+0000] {dagbag.py:538} INFO - Filling up the DagBag from /home/airflow/.local/lib/python3.8/site-packages/airflow/example_dags/example_sla_dag.py
[2025-11-06T05:25:32.835+0000] {processor.py:840} INFO - DAG(s) 'example_sla_dag' retrieved from /home/airflow/.local/lib/python3.8/site-packages/airflow/example_dags/example_sla_dag.py
[2025-11-06T05:25:32.865+0000] {logging_mixin.py:188} INFO - [2025-11-06T05:25:32.864+0000] {dag.py:3036} INFO - Sync 1 DAGs
[2025-11-06T05:25:32.899+0000] {logging_mixin.py:188} INFO - [2025-11-06T05:25:32.899+0000] {dag.py:3823} INFO - Setting next_dagrun for example_sla_dag to 2025-11-06 05:22:00+00:00, run_after=2025-11-06 05:24:00+00:00
[2025-11-06T05:25:32.931+0000] {processor.py:183} INFO - Processing /home/airflow/.local/lib/python3.8/site-packages/airflow/example_dags/example_sla_dag.py took 0.118 seconds
[2025-11-06T05:26:03.372+0000] {processor.py:161} INFO - Started process (PID=1207) to work on /home/airflow/.local/lib/python3.8/site-packages/airflow/example_dags/example_sla_dag.py
[2025-11-06T05:26:03.379+0000] {processor.py:830} INFO - Processing file /home/airflow/.local/lib/python3.8/site-packages/airflow/example_dags/example_sla_dag.py for tasks to queue
[2025-11-06T05:26:03.394+0000] {logging_mixin.py:188} INFO - [2025-11-06T05:26:03.393+0000] {dagbag.py:538} INFO - Filling up the DagBag from /home/airflow/.local/lib/python3.8/site-packages/airflow/example_dags/example_sla_dag.py
[2025-11-06T05:26:03.451+0000] {processor.py:840} INFO - DAG(s) 'example_sla_dag' retrieved from /home/airflow/.local/lib/python3.8/site-packages/airflow/example_dags/example_sla_dag.py
[2025-11-06T05:26:03.599+0000] {logging_mixin.py:188} INFO - [2025-11-06T05:26:03.598+0000] {dag.py:3036} INFO - Sync 1 DAGs
[2025-11-06T05:26:03.706+0000] {logging_mixin.py:188} INFO - [2025-11-06T05:26:03.704+0000] {dag.py:3823} INFO - Setting next_dagrun for example_sla_dag to 2025-11-06 05:24:00+00:00, run_after=2025-11-06 05:26:00+00:00
[2025-11-06T05:26:03.769+0000] {processor.py:183} INFO - Processing /home/airflow/.local/lib/python3.8/site-packages/airflow/example_dags/example_sla_dag.py took 0.424 seconds
[2025-11-06T05:26:34.339+0000] {processor.py:161} INFO - Started process (PID=1262) to work on /home/airflow/.local/lib/python3.8/site-packages/airflow/example_dags/example_sla_dag.py
[2025-11-06T05:26:34.342+0000] {processor.py:830} INFO - Processing file /home/airflow/.local/lib/python3.8/site-packages/airflow/example_dags/example_sla_dag.py for tasks to queue
[2025-11-06T05:26:34.349+0000] {logging_mixin.py:188} INFO - [2025-11-06T05:26:34.348+0000] {dagbag.py:538} INFO - Filling up the DagBag from /home/airflow/.local/lib/python3.8/site-packages/airflow/example_dags/example_sla_dag.py
[2025-11-06T05:26:34.385+0000] {processor.py:840} INFO - DAG(s) 'example_sla_dag' retrieved from /home/airflow/.local/lib/python3.8/site-packages/airflow/example_dags/example_sla_dag.py
[2025-11-06T05:26:34.451+0000] {logging_mixin.py:188} INFO - [2025-11-06T05:26:34.450+0000] {dag.py:3036} INFO - Sync 1 DAGs
[2025-11-06T05:26:34.511+0000] {logging_mixin.py:188} INFO - [2025-11-06T05:26:34.511+0000] {dag.py:3823} INFO - Setting next_dagrun for example_sla_dag to 2025-11-06 05:24:00+00:00, run_after=2025-11-06 05:26:00+00:00
[2025-11-06T05:26:34.555+0000] {processor.py:183} INFO - Processing /home/airflow/.local/lib/python3.8/site-packages/airflow/example_dags/example_sla_dag.py took 0.236 seconds
[2025-11-06T05:27:04.964+0000] {processor.py:161} INFO - Started process (PID=1317) to work on /home/airflow/.local/lib/python3.8/site-packages/airflow/example_dags/example_sla_dag.py
[2025-11-06T05:27:04.967+0000] {processor.py:830} INFO - Processing file /home/airflow/.local/lib/python3.8/site-packages/airflow/example_dags/example_sla_dag.py for tasks to queue
[2025-11-06T05:27:04.973+0000] {logging_mixin.py:188} INFO - [2025-11-06T05:27:04.972+0000] {dagbag.py:538} INFO - Filling up the DagBag from /home/airflow/.local/lib/python3.8/site-packages/airflow/example_dags/example_sla_dag.py
[2025-11-06T05:27:05.008+0000] {processor.py:840} INFO - DAG(s) 'example_sla_dag' retrieved from /home/airflow/.local/lib/python3.8/site-packages/airflow/example_dags/example_sla_dag.py
[2025-11-06T05:27:05.074+0000] {logging_mixin.py:188} INFO - [2025-11-06T05:27:05.073+0000] {dag.py:3036} INFO - Sync 1 DAGs
[2025-11-06T05:27:05.145+0000] {logging_mixin.py:188} INFO - [2025-11-06T05:27:05.145+0000] {dag.py:3823} INFO - Setting next_dagrun for example_sla_dag to 2025-11-06 05:24:00+00:00, run_after=2025-11-06 05:26:00+00:00
[2025-11-06T05:27:05.202+0000] {processor.py:183} INFO - Processing /home/airflow/.local/lib/python3.8/site-packages/airflow/example_dags/example_sla_dag.py took 0.254 seconds
[2025-11-06T05:27:35.610+0000] {processor.py:161} INFO - Started process (PID=1372) to work on /home/airflow/.local/lib/python3.8/site-packages/airflow/example_dags/example_sla_dag.py
[2025-11-06T05:27:35.612+0000] {processor.py:830} INFO - Processing file /home/airflow/.local/lib/python3.8/site-packages/airflow/example_dags/example_sla_dag.py for tasks to queue
[2025-11-06T05:27:35.615+0000] {logging_mixin.py:188} INFO - [2025-11-06T05:27:35.615+0000] {dagbag.py:538} INFO - Filling up the DagBag from /home/airflow/.local/lib/python3.8/site-packages/airflow/example_dags/example_sla_dag.py
[2025-11-06T05:27:35.630+0000] {processor.py:840} INFO - DAG(s) 'example_sla_dag' retrieved from /home/airflow/.local/lib/python3.8/site-packages/airflow/example_dags/example_sla_dag.py
[2025-11-06T05:27:35.662+0000] {logging_mixin.py:188} INFO - [2025-11-06T05:27:35.662+0000] {dag.py:3036} INFO - Sync 1 DAGs
[2025-11-06T05:27:35.702+0000] {logging_mixin.py:188} INFO - [2025-11-06T05:27:35.702+0000] {dag.py:3823} INFO - Setting next_dagrun for example_sla_dag to 2025-11-06 05:24:00+00:00, run_after=2025-11-06 05:26:00+00:00
[2025-11-06T05:27:35.734+0000] {processor.py:183} INFO - Processing /home/airflow/.local/lib/python3.8/site-packages/airflow/example_dags/example_sla_dag.py took 0.129 seconds
[2025-11-06T05:28:06.128+0000] {processor.py:161} INFO - Started process (PID=1427) to work on /home/airflow/.local/lib/python3.8/site-packages/airflow/example_dags/example_sla_dag.py
[2025-11-06T05:28:06.132+0000] {processor.py:830} INFO - Processing file /home/airflow/.local/lib/python3.8/site-packages/airflow/example_dags/example_sla_dag.py for tasks to queue
[2025-11-06T05:28:06.139+0000] {logging_mixin.py:188} INFO - [2025-11-06T05:28:06.138+0000] {dagbag.py:538} INFO - Filling up the DagBag from /home/airflow/.local/lib/python3.8/site-packages/airflow/example_dags/example_sla_dag.py
[2025-11-06T05:28:06.156+0000] {processor.py:840} INFO - DAG(s) 'example_sla_dag' retrieved from /home/airflow/.local/lib/python3.8/site-packages/airflow/example_dags/example_sla_dag.py
[2025-11-06T05:28:06.199+0000] {logging_mixin.py:188} INFO - [2025-11-06T05:28:06.199+0000] {dag.py:3036} INFO - Sync 1 DAGs
[2025-11-06T05:28:06.262+0000] {logging_mixin.py:188} INFO - [2025-11-06T05:28:06.262+0000] {dag.py:3823} INFO - Setting next_dagrun for example_sla_dag to 2025-11-06 05:26:00+00:00, run_after=2025-11-06 05:28:00+00:00
[2025-11-06T05:28:06.300+0000] {processor.py:183} INFO - Processing /home/airflow/.local/lib/python3.8/site-packages/airflow/example_dags/example_sla_dag.py took 0.185 seconds
[2025-11-06T05:28:37.515+0000] {processor.py:161} INFO - Started process (PID=1488) to work on /home/airflow/.local/lib/python3.8/site-packages/airflow/example_dags/example_sla_dag.py
[2025-11-06T05:28:37.536+0000] {processor.py:830} INFO - Processing file /home/airflow/.local/lib/python3.8/site-packages/airflow/example_dags/example_sla_dag.py for tasks to queue
[2025-11-06T05:28:37.554+0000] {logging_mixin.py:188} INFO - [2025-11-06T05:28:37.553+0000] {dagbag.py:538} INFO - Filling up the DagBag from /home/airflow/.local/lib/python3.8/site-packages/airflow/example_dags/example_sla_dag.py
[2025-11-06T05:28:37.600+0000] {processor.py:840} INFO - DAG(s) 'example_sla_dag' retrieved from /home/airflow/.local/lib/python3.8/site-packages/airflow/example_dags/example_sla_dag.py
[2025-11-06T05:28:37.723+0000] {logging_mixin.py:188} INFO - [2025-11-06T05:28:37.722+0000] {dag.py:3036} INFO - Sync 1 DAGs
[2025-11-06T05:28:37.902+0000] {logging_mixin.py:188} INFO - [2025-11-06T05:28:37.901+0000] {dag.py:3823} INFO - Setting next_dagrun for example_sla_dag to 2025-11-06 05:26:00+00:00, run_after=2025-11-06 05:28:00+00:00
[2025-11-06T05:28:38.019+0000] {processor.py:183} INFO - Processing /home/airflow/.local/lib/python3.8/site-packages/airflow/example_dags/example_sla_dag.py took 0.535 seconds
[2025-11-06T05:29:08.250+0000] {processor.py:161} INFO - Started process (PID=1543) to work on /home/airflow/.local/lib/python3.8/site-packages/airflow/example_dags/example_sla_dag.py
[2025-11-06T05:29:08.253+0000] {processor.py:830} INFO - Processing file /home/airflow/.local/lib/python3.8/site-packages/airflow/example_dags/example_sla_dag.py for tasks to queue
[2025-11-06T05:29:08.260+0000] {logging_mixin.py:188} INFO - [2025-11-06T05:29:08.259+0000] {dagbag.py:538} INFO - Filling up the DagBag from /home/airflow/.local/lib/python3.8/site-packages/airflow/example_dags/example_sla_dag.py
[2025-11-06T05:29:08.279+0000] {processor.py:840} INFO - DAG(s) 'example_sla_dag' retrieved from /home/airflow/.local/lib/python3.8/site-packages/airflow/example_dags/example_sla_dag.py
[2025-11-06T05:29:08.347+0000] {logging_mixin.py:188} INFO - [2025-11-06T05:29:08.346+0000] {dag.py:3036} INFO - Sync 1 DAGs
[2025-11-06T05:29:08.460+0000] {logging_mixin.py:188} INFO - [2025-11-06T05:29:08.459+0000] {dag.py:3823} INFO - Setting next_dagrun for example_sla_dag to 2025-11-06 05:26:00+00:00, run_after=2025-11-06 05:28:00+00:00
[2025-11-06T05:29:08.509+0000] {processor.py:183} INFO - Processing /home/airflow/.local/lib/python3.8/site-packages/airflow/example_dags/example_sla_dag.py took 0.267 seconds
[2025-11-06T05:29:38.939+0000] {processor.py:161} INFO - Started process (PID=1598) to work on /home/airflow/.local/lib/python3.8/site-packages/airflow/example_dags/example_sla_dag.py
[2025-11-06T05:29:38.943+0000] {processor.py:830} INFO - Processing file /home/airflow/.local/lib/python3.8/site-packages/airflow/example_dags/example_sla_dag.py for tasks to queue
[2025-11-06T05:29:38.950+0000] {logging_mixin.py:188} INFO - [2025-11-06T05:29:38.949+0000] {dagbag.py:538} INFO - Filling up the DagBag from /home/airflow/.local/lib/python3.8/site-packages/airflow/example_dags/example_sla_dag.py
[2025-11-06T05:29:38.987+0000] {processor.py:840} INFO - DAG(s) 'example_sla_dag' retrieved from /home/airflow/.local/lib/python3.8/site-packages/airflow/example_dags/example_sla_dag.py
[2025-11-06T05:29:39.049+0000] {logging_mixin.py:188} INFO - [2025-11-06T05:29:39.048+0000] {dag.py:3036} INFO - Sync 1 DAGs
[2025-11-06T05:29:39.145+0000] {logging_mixin.py:188} INFO - [2025-11-06T05:29:39.144+0000] {dag.py:3823} INFO - Setting next_dagrun for example_sla_dag to 2025-11-06 05:26:00+00:00, run_after=2025-11-06 05:28:00+00:00
[2025-11-06T05:29:39.204+0000] {processor.py:183} INFO - Processing /home/airflow/.local/lib/python3.8/site-packages/airflow/example_dags/example_sla_dag.py took 0.279 seconds
[2025-11-06T05:30:09.679+0000] {processor.py:161} INFO - Started process (PID=1653) to work on /home/airflow/.local/lib/python3.8/site-packages/airflow/example_dags/example_sla_dag.py
[2025-11-06T05:30:09.682+0000] {processor.py:830} INFO - Processing file /home/airflow/.local/lib/python3.8/site-packages/airflow/example_dags/example_sla_dag.py for tasks to queue
[2025-11-06T05:30:09.687+0000] {logging_mixin.py:188} INFO - [2025-11-06T05:30:09.686+0000] {dagbag.py:538} INFO - Filling up the DagBag from /home/airflow/.local/lib/python3.8/site-packages/airflow/example_dags/example_sla_dag.py
[2025-11-06T05:30:09.717+0000] {processor.py:840} INFO - DAG(s) 'example_sla_dag' retrieved from /home/airflow/.local/lib/python3.8/site-packages/airflow/example_dags/example_sla_dag.py
[2025-11-06T05:30:09.782+0000] {logging_mixin.py:188} INFO - [2025-11-06T05:30:09.781+0000] {dag.py:3036} INFO - Sync 1 DAGs
[2025-11-06T05:30:09.875+0000] {logging_mixin.py:188} INFO - [2025-11-06T05:30:09.874+0000] {dag.py:3823} INFO - Setting next_dagrun for example_sla_dag to 2025-11-06 05:28:00+00:00, run_after=2025-11-06 05:30:00+00:00
[2025-11-06T05:30:09.940+0000] {processor.py:183} INFO - Processing /home/airflow/.local/lib/python3.8/site-packages/airflow/example_dags/example_sla_dag.py took 0.272 seconds
[2025-11-06T05:30:43.373+0000] {processor.py:161} INFO - Started process (PID=1709) to work on /home/airflow/.local/lib/python3.8/site-packages/airflow/example_dags/example_sla_dag.py
[2025-11-06T05:30:43.378+0000] {processor.py:830} INFO - Processing file /home/airflow/.local/lib/python3.8/site-packages/airflow/example_dags/example_sla_dag.py for tasks to queue
[2025-11-06T05:30:43.388+0000] {logging_mixin.py:188} INFO - [2025-11-06T05:30:43.383+0000] {dagbag.py:538} INFO - Filling up the DagBag from /home/airflow/.local/lib/python3.8/site-packages/airflow/example_dags/example_sla_dag.py
[2025-11-06T05:30:43.440+0000] {processor.py:840} INFO - DAG(s) 'example_sla_dag' retrieved from /home/airflow/.local/lib/python3.8/site-packages/airflow/example_dags/example_sla_dag.py
[2025-11-06T05:30:43.544+0000] {logging_mixin.py:188} INFO - [2025-11-06T05:30:43.543+0000] {dag.py:3036} INFO - Sync 1 DAGs
[2025-11-06T05:30:43.679+0000] {logging_mixin.py:188} INFO - [2025-11-06T05:30:43.679+0000] {dag.py:3823} INFO - Setting next_dagrun for example_sla_dag to 2025-11-06 05:28:00+00:00, run_after=2025-11-06 05:30:00+00:00
[2025-11-06T05:30:43.767+0000] {processor.py:183} INFO - Processing /home/airflow/.local/lib/python3.8/site-packages/airflow/example_dags/example_sla_dag.py took 0.419 seconds
[2025-11-06T05:31:14.466+0000] {processor.py:161} INFO - Started process (PID=1762) to work on /home/airflow/.local/lib/python3.8/site-packages/airflow/example_dags/example_sla_dag.py
[2025-11-06T05:31:14.469+0000] {processor.py:830} INFO - Processing file /home/airflow/.local/lib/python3.8/site-packages/airflow/example_dags/example_sla_dag.py for tasks to queue
[2025-11-06T05:31:14.473+0000] {logging_mixin.py:188} INFO - [2025-11-06T05:31:14.472+0000] {dagbag.py:538} INFO - Filling up the DagBag from /home/airflow/.local/lib/python3.8/site-packages/airflow/example_dags/example_sla_dag.py
[2025-11-06T05:31:14.490+0000] {processor.py:840} INFO - DAG(s) 'example_sla_dag' retrieved from /home/airflow/.local/lib/python3.8/site-packages/airflow/example_dags/example_sla_dag.py
[2025-11-06T05:31:14.537+0000] {logging_mixin.py:188} INFO - [2025-11-06T05:31:14.536+0000] {dag.py:3036} INFO - Sync 1 DAGs
[2025-11-06T05:31:14.610+0000] {logging_mixin.py:188} INFO - [2025-11-06T05:31:14.610+0000] {dag.py:3823} INFO - Setting next_dagrun for example_sla_dag to 2025-11-06 05:28:00+00:00, run_after=2025-11-06 05:30:00+00:00
[2025-11-06T05:31:14.675+0000] {processor.py:183} INFO - Processing /home/airflow/.local/lib/python3.8/site-packages/airflow/example_dags/example_sla_dag.py took 0.217 seconds
[2025-11-06T05:31:44.996+0000] {processor.py:161} INFO - Started process (PID=1817) to work on /home/airflow/.local/lib/python3.8/site-packages/airflow/example_dags/example_sla_dag.py
[2025-11-06T05:31:44.998+0000] {processor.py:830} INFO - Processing file /home/airflow/.local/lib/python3.8/site-packages/airflow/example_dags/example_sla_dag.py for tasks to queue
[2025-11-06T05:31:45.004+0000] {logging_mixin.py:188} INFO - [2025-11-06T05:31:45.004+0000] {dagbag.py:538} INFO - Filling up the DagBag from /home/airflow/.local/lib/python3.8/site-packages/airflow/example_dags/example_sla_dag.py
[2025-11-06T05:31:45.024+0000] {processor.py:840} INFO - DAG(s) 'example_sla_dag' retrieved from /home/airflow/.local/lib/python3.8/site-packages/airflow/example_dags/example_sla_dag.py
[2025-11-06T05:31:45.066+0000] {logging_mixin.py:188} INFO - [2025-11-06T05:31:45.065+0000] {dag.py:3036} INFO - Sync 1 DAGs
[2025-11-06T05:31:45.118+0000] {logging_mixin.py:188} INFO - [2025-11-06T05:31:45.117+0000] {dag.py:3823} INFO - Setting next_dagrun for example_sla_dag to 2025-11-06 05:28:00+00:00, run_after=2025-11-06 05:30:00+00:00
[2025-11-06T05:31:45.158+0000] {processor.py:183} INFO - Processing /home/airflow/.local/lib/python3.8/site-packages/airflow/example_dags/example_sla_dag.py took 0.169 seconds
[2025-11-06T05:32:15.444+0000] {processor.py:161} INFO - Started process (PID=1872) to work on /home/airflow/.local/lib/python3.8/site-packages/airflow/example_dags/example_sla_dag.py
[2025-11-06T05:32:15.447+0000] {processor.py:830} INFO - Processing file /home/airflow/.local/lib/python3.8/site-packages/airflow/example_dags/example_sla_dag.py for tasks to queue
[2025-11-06T05:32:15.452+0000] {logging_mixin.py:188} INFO - [2025-11-06T05:32:15.451+0000] {dagbag.py:538} INFO - Filling up the DagBag from /home/airflow/.local/lib/python3.8/site-packages/airflow/example_dags/example_sla_dag.py
[2025-11-06T05:32:15.471+0000] {processor.py:840} INFO - DAG(s) 'example_sla_dag' retrieved from /home/airflow/.local/lib/python3.8/site-packages/airflow/example_dags/example_sla_dag.py
[2025-11-06T05:32:15.504+0000] {logging_mixin.py:188} INFO - [2025-11-06T05:32:15.503+0000] {dag.py:3036} INFO - Sync 1 DAGs
[2025-11-06T05:32:15.544+0000] {logging_mixin.py:188} INFO - [2025-11-06T05:32:15.544+0000] {dag.py:3823} INFO - Setting next_dagrun for example_sla_dag to 2025-11-06 05:30:00+00:00, run_after=2025-11-06 05:32:00+00:00
[2025-11-06T05:32:15.583+0000] {processor.py:183} INFO - Processing /home/airflow/.local/lib/python3.8/site-packages/airflow/example_dags/example_sla_dag.py took 0.149 seconds
[2025-11-06T05:32:46.047+0000] {processor.py:161} INFO - Started process (PID=1927) to work on /home/airflow/.local/lib/python3.8/site-packages/airflow/example_dags/example_sla_dag.py
[2025-11-06T05:32:46.049+0000] {processor.py:830} INFO - Processing file /home/airflow/.local/lib/python3.8/site-packages/airflow/example_dags/example_sla_dag.py for tasks to queue
[2025-11-06T05:32:46.054+0000] {logging_mixin.py:188} INFO - [2025-11-06T05:32:46.054+0000] {dagbag.py:538} INFO - Filling up the DagBag from /home/airflow/.local/lib/python3.8/site-packages/airflow/example_dags/example_sla_dag.py
[2025-11-06T05:32:46.071+0000] {processor.py:840} INFO - DAG(s) 'example_sla_dag' retrieved from /home/airflow/.local/lib/python3.8/site-packages/airflow/example_dags/example_sla_dag.py
[2025-11-06T05:32:46.110+0000] {logging_mixin.py:188} INFO - [2025-11-06T05:32:46.109+0000] {dag.py:3036} INFO - Sync 1 DAGs
[2025-11-06T05:32:46.164+0000] {logging_mixin.py:188} INFO - [2025-11-06T05:32:46.164+0000] {dag.py:3823} INFO - Setting next_dagrun for example_sla_dag to 2025-11-06 05:30:00+00:00, run_after=2025-11-06 05:32:00+00:00
[2025-11-06T05:32:46.210+0000] {processor.py:183} INFO - Processing /home/airflow/.local/lib/python3.8/site-packages/airflow/example_dags/example_sla_dag.py took 0.169 seconds
[2025-11-06T05:33:16.608+0000] {processor.py:161} INFO - Started process (PID=1982) to work on /home/airflow/.local/lib/python3.8/site-packages/airflow/example_dags/example_sla_dag.py
[2025-11-06T05:33:16.610+0000] {processor.py:830} INFO - Processing file /home/airflow/.local/lib/python3.8/site-packages/airflow/example_dags/example_sla_dag.py for tasks to queue
[2025-11-06T05:33:16.614+0000] {logging_mixin.py:188} INFO - [2025-11-06T05:33:16.613+0000] {dagbag.py:538} INFO - Filling up the DagBag from /home/airflow/.local/lib/python3.8/site-packages/airflow/example_dags/example_sla_dag.py
[2025-11-06T05:33:16.629+0000] {processor.py:840} INFO - DAG(s) 'example_sla_dag' retrieved from /home/airflow/.local/lib/python3.8/site-packages/airflow/example_dags/example_sla_dag.py
[2025-11-06T05:33:16.669+0000] {logging_mixin.py:188} INFO - [2025-11-06T05:33:16.668+0000] {dag.py:3036} INFO - Sync 1 DAGs
[2025-11-06T05:33:16.732+0000] {logging_mixin.py:188} INFO - [2025-11-06T05:33:16.731+0000] {dag.py:3823} INFO - Setting next_dagrun for example_sla_dag to 2025-11-06 05:30:00+00:00, run_after=2025-11-06 05:32:00+00:00
[2025-11-06T05:33:16.775+0000] {processor.py:183} INFO - Processing /home/airflow/.local/lib/python3.8/site-packages/airflow/example_dags/example_sla_dag.py took 0.174 seconds
[2025-11-06T05:33:47.090+0000] {processor.py:161} INFO - Started process (PID=2037) to work on /home/airflow/.local/lib/python3.8/site-packages/airflow/example_dags/example_sla_dag.py
[2025-11-06T05:33:47.093+0000] {processor.py:830} INFO - Processing file /home/airflow/.local/lib/python3.8/site-packages/airflow/example_dags/example_sla_dag.py for tasks to queue
[2025-11-06T05:33:47.099+0000] {logging_mixin.py:188} INFO - [2025-11-06T05:33:47.098+0000] {dagbag.py:538} INFO - Filling up the DagBag from /home/airflow/.local/lib/python3.8/site-packages/airflow/example_dags/example_sla_dag.py
[2025-11-06T05:33:47.130+0000] {processor.py:840} INFO - DAG(s) 'example_sla_dag' retrieved from /home/airflow/.local/lib/python3.8/site-packages/airflow/example_dags/example_sla_dag.py
[2025-11-06T05:33:47.202+0000] {logging_mixin.py:188} INFO - [2025-11-06T05:33:47.202+0000] {dag.py:3036} INFO - Sync 1 DAGs
[2025-11-06T05:33:47.286+0000] {logging_mixin.py:188} INFO - [2025-11-06T05:33:47.285+0000] {dag.py:3823} INFO - Setting next_dagrun for example_sla_dag to 2025-11-06 05:30:00+00:00, run_after=2025-11-06 05:32:00+00:00
[2025-11-06T05:33:47.335+0000] {processor.py:183} INFO - Processing /home/airflow/.local/lib/python3.8/site-packages/airflow/example_dags/example_sla_dag.py took 0.259 seconds
[2025-11-06T05:34:17.526+0000] {processor.py:161} INFO - Started process (PID=2092) to work on /home/airflow/.local/lib/python3.8/site-packages/airflow/example_dags/example_sla_dag.py
[2025-11-06T05:34:17.530+0000] {processor.py:830} INFO - Processing file /home/airflow/.local/lib/python3.8/site-packages/airflow/example_dags/example_sla_dag.py for tasks to queue
[2025-11-06T05:34:17.536+0000] {logging_mixin.py:188} INFO - [2025-11-06T05:34:17.535+0000] {dagbag.py:538} INFO - Filling up the DagBag from /home/airflow/.local/lib/python3.8/site-packages/airflow/example_dags/example_sla_dag.py
[2025-11-06T05:34:17.563+0000] {processor.py:840} INFO - DAG(s) 'example_sla_dag' retrieved from /home/airflow/.local/lib/python3.8/site-packages/airflow/example_dags/example_sla_dag.py
[2025-11-06T05:34:17.623+0000] {logging_mixin.py:188} INFO - [2025-11-06T05:34:17.622+0000] {dag.py:3036} INFO - Sync 1 DAGs
[2025-11-06T05:34:17.705+0000] {logging_mixin.py:188} INFO - [2025-11-06T05:34:17.705+0000] {dag.py:3823} INFO - Setting next_dagrun for example_sla_dag to 2025-11-06 05:32:00+00:00, run_after=2025-11-06 05:34:00+00:00
[2025-11-06T05:34:17.772+0000] {processor.py:183} INFO - Processing /home/airflow/.local/lib/python3.8/site-packages/airflow/example_dags/example_sla_dag.py took 0.255 seconds
[2025-11-06T05:34:47.997+0000] {processor.py:161} INFO - Started process (PID=2147) to work on /home/airflow/.local/lib/python3.8/site-packages/airflow/example_dags/example_sla_dag.py
[2025-11-06T05:34:48.001+0000] {processor.py:830} INFO - Processing file /home/airflow/.local/lib/python3.8/site-packages/airflow/example_dags/example_sla_dag.py for tasks to queue
[2025-11-06T05:34:48.015+0000] {logging_mixin.py:188} INFO - [2025-11-06T05:34:48.013+0000] {dagbag.py:538} INFO - Filling up the DagBag from /home/airflow/.local/lib/python3.8/site-packages/airflow/example_dags/example_sla_dag.py
[2025-11-06T05:34:48.052+0000] {processor.py:840} INFO - DAG(s) 'example_sla_dag' retrieved from /home/airflow/.local/lib/python3.8/site-packages/airflow/example_dags/example_sla_dag.py
[2025-11-06T05:34:48.181+0000] {logging_mixin.py:188} INFO - [2025-11-06T05:34:48.180+0000] {dag.py:3036} INFO - Sync 1 DAGs
[2025-11-06T05:34:48.301+0000] {logging_mixin.py:188} INFO - [2025-11-06T05:34:48.300+0000] {dag.py:3823} INFO - Setting next_dagrun for example_sla_dag to 2025-11-06 05:32:00+00:00, run_after=2025-11-06 05:34:00+00:00
[2025-11-06T05:34:48.441+0000] {processor.py:183} INFO - Processing /home/airflow/.local/lib/python3.8/site-packages/airflow/example_dags/example_sla_dag.py took 0.459 seconds
[2025-11-06T05:35:18.650+0000] {processor.py:161} INFO - Started process (PID=2202) to work on /home/airflow/.local/lib/python3.8/site-packages/airflow/example_dags/example_sla_dag.py
[2025-11-06T05:35:18.659+0000] {processor.py:830} INFO - Processing file /home/airflow/.local/lib/python3.8/site-packages/airflow/example_dags/example_sla_dag.py for tasks to queue
[2025-11-06T05:35:18.666+0000] {logging_mixin.py:188} INFO - [2025-11-06T05:35:18.665+0000] {dagbag.py:538} INFO - Filling up the DagBag from /home/airflow/.local/lib/python3.8/site-packages/airflow/example_dags/example_sla_dag.py
[2025-11-06T05:35:18.704+0000] {processor.py:840} INFO - DAG(s) 'example_sla_dag' retrieved from /home/airflow/.local/lib/python3.8/site-packages/airflow/example_dags/example_sla_dag.py
[2025-11-06T05:35:18.796+0000] {logging_mixin.py:188} INFO - [2025-11-06T05:35:18.790+0000] {dag.py:3036} INFO - Sync 1 DAGs
[2025-11-06T05:35:18.901+0000] {logging_mixin.py:188} INFO - [2025-11-06T05:35:18.900+0000] {dag.py:3823} INFO - Setting next_dagrun for example_sla_dag to 2025-11-06 05:32:00+00:00, run_after=2025-11-06 05:34:00+00:00
[2025-11-06T05:35:18.974+0000] {processor.py:183} INFO - Processing /home/airflow/.local/lib/python3.8/site-packages/airflow/example_dags/example_sla_dag.py took 0.338 seconds
[2025-11-06T05:35:49.347+0000] {processor.py:161} INFO - Started process (PID=2258) to work on /home/airflow/.local/lib/python3.8/site-packages/airflow/example_dags/example_sla_dag.py
[2025-11-06T05:35:49.350+0000] {processor.py:830} INFO - Processing file /home/airflow/.local/lib/python3.8/site-packages/airflow/example_dags/example_sla_dag.py for tasks to queue
[2025-11-06T05:35:49.356+0000] {logging_mixin.py:188} INFO - [2025-11-06T05:35:49.355+0000] {dagbag.py:538} INFO - Filling up the DagBag from /home/airflow/.local/lib/python3.8/site-packages/airflow/example_dags/example_sla_dag.py
[2025-11-06T05:35:49.399+0000] {processor.py:840} INFO - DAG(s) 'example_sla_dag' retrieved from /home/airflow/.local/lib/python3.8/site-packages/airflow/example_dags/example_sla_dag.py
[2025-11-06T05:35:49.474+0000] {logging_mixin.py:188} INFO - [2025-11-06T05:35:49.472+0000] {dag.py:3036} INFO - Sync 1 DAGs
[2025-11-06T05:35:49.599+0000] {logging_mixin.py:188} INFO - [2025-11-06T05:35:49.598+0000] {dag.py:3823} INFO - Setting next_dagrun for example_sla_dag to 2025-11-06 05:32:00+00:00, run_after=2025-11-06 05:34:00+00:00
[2025-11-06T05:35:49.662+0000] {processor.py:183} INFO - Processing /home/airflow/.local/lib/python3.8/site-packages/airflow/example_dags/example_sla_dag.py took 0.328 seconds
[2025-11-06T05:36:20.575+0000] {processor.py:161} INFO - Started process (PID=2313) to work on /home/airflow/.local/lib/python3.8/site-packages/airflow/example_dags/example_sla_dag.py
[2025-11-06T05:36:20.587+0000] {processor.py:830} INFO - Processing file /home/airflow/.local/lib/python3.8/site-packages/airflow/example_dags/example_sla_dag.py for tasks to queue
[2025-11-06T05:36:20.614+0000] {logging_mixin.py:188} INFO - [2025-11-06T05:36:20.610+0000] {dagbag.py:538} INFO - Filling up the DagBag from /home/airflow/.local/lib/python3.8/site-packages/airflow/example_dags/example_sla_dag.py
[2025-11-06T05:36:20.693+0000] {processor.py:840} INFO - DAG(s) 'example_sla_dag' retrieved from /home/airflow/.local/lib/python3.8/site-packages/airflow/example_dags/example_sla_dag.py
[2025-11-06T05:36:20.862+0000] {logging_mixin.py:188} INFO - [2025-11-06T05:36:20.861+0000] {dag.py:3036} INFO - Sync 1 DAGs
[2025-11-06T05:36:21.073+0000] {logging_mixin.py:188} INFO - [2025-11-06T05:36:21.073+0000] {dag.py:3823} INFO - Setting next_dagrun for example_sla_dag to 2025-11-06 05:34:00+00:00, run_after=2025-11-06 05:36:00+00:00
[2025-11-06T05:36:21.233+0000] {processor.py:183} INFO - Processing /home/airflow/.local/lib/python3.8/site-packages/airflow/example_dags/example_sla_dag.py took 0.691 seconds
[2025-11-06T05:36:51.510+0000] {processor.py:161} INFO - Started process (PID=2368) to work on /home/airflow/.local/lib/python3.8/site-packages/airflow/example_dags/example_sla_dag.py
[2025-11-06T05:36:51.528+0000] {processor.py:830} INFO - Processing file /home/airflow/.local/lib/python3.8/site-packages/airflow/example_dags/example_sla_dag.py for tasks to queue
[2025-11-06T05:36:51.573+0000] {logging_mixin.py:188} INFO - [2025-11-06T05:36:51.567+0000] {dagbag.py:538} INFO - Filling up the DagBag from /home/airflow/.local/lib/python3.8/site-packages/airflow/example_dags/example_sla_dag.py
[2025-11-06T05:36:51.665+0000] {processor.py:840} INFO - DAG(s) 'example_sla_dag' retrieved from /home/airflow/.local/lib/python3.8/site-packages/airflow/example_dags/example_sla_dag.py
[2025-11-06T05:36:51.777+0000] {logging_mixin.py:188} INFO - [2025-11-06T05:36:51.776+0000] {dag.py:3036} INFO - Sync 1 DAGs
[2025-11-06T05:36:51.908+0000] {logging_mixin.py:188} INFO - [2025-11-06T05:36:51.906+0000] {dag.py:3823} INFO - Setting next_dagrun for example_sla_dag to 2025-11-06 05:34:00+00:00, run_after=2025-11-06 05:36:00+00:00
[2025-11-06T05:36:52.006+0000] {processor.py:183} INFO - Processing /home/airflow/.local/lib/python3.8/site-packages/airflow/example_dags/example_sla_dag.py took 0.530 seconds
[2025-11-06T05:37:22.979+0000] {processor.py:161} INFO - Started process (PID=2424) to work on /home/airflow/.local/lib/python3.8/site-packages/airflow/example_dags/example_sla_dag.py
[2025-11-06T05:37:22.986+0000] {processor.py:830} INFO - Processing file /home/airflow/.local/lib/python3.8/site-packages/airflow/example_dags/example_sla_dag.py for tasks to queue
[2025-11-06T05:37:23.000+0000] {logging_mixin.py:188} INFO - [2025-11-06T05:37:22.998+0000] {dagbag.py:538} INFO - Filling up the DagBag from /home/airflow/.local/lib/python3.8/site-packages/airflow/example_dags/example_sla_dag.py
[2025-11-06T05:37:23.034+0000] {processor.py:840} INFO - DAG(s) 'example_sla_dag' retrieved from /home/airflow/.local/lib/python3.8/site-packages/airflow/example_dags/example_sla_dag.py
[2025-11-06T05:37:23.117+0000] {logging_mixin.py:188} INFO - [2025-11-06T05:37:23.116+0000] {dag.py:3036} INFO - Sync 1 DAGs
[2025-11-06T05:37:23.213+0000] {logging_mixin.py:188} INFO - [2025-11-06T05:37:23.212+0000] {dag.py:3823} INFO - Setting next_dagrun for example_sla_dag to 2025-11-06 05:34:00+00:00, run_after=2025-11-06 05:36:00+00:00
[2025-11-06T05:37:23.285+0000] {processor.py:183} INFO - Processing /home/airflow/.local/lib/python3.8/site-packages/airflow/example_dags/example_sla_dag.py took 0.325 seconds
[2025-11-06T05:37:53.681+0000] {processor.py:161} INFO - Started process (PID=2479) to work on /home/airflow/.local/lib/python3.8/site-packages/airflow/example_dags/example_sla_dag.py
[2025-11-06T05:37:53.690+0000] {processor.py:830} INFO - Processing file /home/airflow/.local/lib/python3.8/site-packages/airflow/example_dags/example_sla_dag.py for tasks to queue
[2025-11-06T05:37:53.696+0000] {logging_mixin.py:188} INFO - [2025-11-06T05:37:53.695+0000] {dagbag.py:538} INFO - Filling up the DagBag from /home/airflow/.local/lib/python3.8/site-packages/airflow/example_dags/example_sla_dag.py
[2025-11-06T05:37:53.730+0000] {processor.py:840} INFO - DAG(s) 'example_sla_dag' retrieved from /home/airflow/.local/lib/python3.8/site-packages/airflow/example_dags/example_sla_dag.py
[2025-11-06T05:37:53.806+0000] {logging_mixin.py:188} INFO - [2025-11-06T05:37:53.805+0000] {dag.py:3036} INFO - Sync 1 DAGs
[2025-11-06T05:37:53.895+0000] {logging_mixin.py:188} INFO - [2025-11-06T05:37:53.894+0000] {dag.py:3823} INFO - Setting next_dagrun for example_sla_dag to 2025-11-06 05:34:00+00:00, run_after=2025-11-06 05:36:00+00:00
[2025-11-06T05:37:53.961+0000] {processor.py:183} INFO - Processing /home/airflow/.local/lib/python3.8/site-packages/airflow/example_dags/example_sla_dag.py took 0.293 seconds
[2025-11-06T05:38:24.933+0000] {processor.py:161} INFO - Started process (PID=2534) to work on /home/airflow/.local/lib/python3.8/site-packages/airflow/example_dags/example_sla_dag.py
[2025-11-06T05:38:24.936+0000] {processor.py:830} INFO - Processing file /home/airflow/.local/lib/python3.8/site-packages/airflow/example_dags/example_sla_dag.py for tasks to queue
[2025-11-06T05:38:24.954+0000] {logging_mixin.py:188} INFO - [2025-11-06T05:38:24.952+0000] {dagbag.py:538} INFO - Filling up the DagBag from /home/airflow/.local/lib/python3.8/site-packages/airflow/example_dags/example_sla_dag.py
[2025-11-06T05:38:24.998+0000] {processor.py:840} INFO - DAG(s) 'example_sla_dag' retrieved from /home/airflow/.local/lib/python3.8/site-packages/airflow/example_dags/example_sla_dag.py
[2025-11-06T05:38:25.093+0000] {logging_mixin.py:188} INFO - [2025-11-06T05:38:25.093+0000] {dag.py:3036} INFO - Sync 1 DAGs
[2025-11-06T05:38:25.241+0000] {logging_mixin.py:188} INFO - [2025-11-06T05:38:25.240+0000] {dag.py:3823} INFO - Setting next_dagrun for example_sla_dag to 2025-11-06 05:36:00+00:00, run_after=2025-11-06 05:38:00+00:00
[2025-11-06T05:38:25.299+0000] {processor.py:183} INFO - Processing /home/airflow/.local/lib/python3.8/site-packages/airflow/example_dags/example_sla_dag.py took 0.382 seconds
[2025-11-06T05:38:55.898+0000] {processor.py:161} INFO - Started process (PID=2589) to work on /home/airflow/.local/lib/python3.8/site-packages/airflow/example_dags/example_sla_dag.py
[2025-11-06T05:38:55.900+0000] {processor.py:830} INFO - Processing file /home/airflow/.local/lib/python3.8/site-packages/airflow/example_dags/example_sla_dag.py for tasks to queue
[2025-11-06T05:38:55.904+0000] {logging_mixin.py:188} INFO - [2025-11-06T05:38:55.903+0000] {dagbag.py:538} INFO - Filling up the DagBag from /home/airflow/.local/lib/python3.8/site-packages/airflow/example_dags/example_sla_dag.py
[2025-11-06T05:38:55.943+0000] {processor.py:840} INFO - DAG(s) 'example_sla_dag' retrieved from /home/airflow/.local/lib/python3.8/site-packages/airflow/example_dags/example_sla_dag.py
[2025-11-06T05:38:56.013+0000] {logging_mixin.py:188} INFO - [2025-11-06T05:38:56.012+0000] {dag.py:3036} INFO - Sync 1 DAGs
[2025-11-06T05:38:56.297+0000] {logging_mixin.py:188} INFO - [2025-11-06T05:38:56.297+0000] {dag.py:3823} INFO - Setting next_dagrun for example_sla_dag to 2025-11-06 05:36:00+00:00, run_after=2025-11-06 05:38:00+00:00
[2025-11-06T05:38:56.331+0000] {processor.py:183} INFO - Processing /home/airflow/.local/lib/python3.8/site-packages/airflow/example_dags/example_sla_dag.py took 0.441 seconds
[2025-11-06T05:39:31.496+0000] {processor.py:161} INFO - Started process (PID=2645) to work on /home/airflow/.local/lib/python3.8/site-packages/airflow/example_dags/example_sla_dag.py
[2025-11-06T05:39:31.500+0000] {processor.py:830} INFO - Processing file /home/airflow/.local/lib/python3.8/site-packages/airflow/example_dags/example_sla_dag.py for tasks to queue
[2025-11-06T05:39:31.513+0000] {logging_mixin.py:188} INFO - [2025-11-06T05:39:31.512+0000] {dagbag.py:538} INFO - Filling up the DagBag from /home/airflow/.local/lib/python3.8/site-packages/airflow/example_dags/example_sla_dag.py
[2025-11-06T05:39:31.552+0000] {processor.py:840} INFO - DAG(s) 'example_sla_dag' retrieved from /home/airflow/.local/lib/python3.8/site-packages/airflow/example_dags/example_sla_dag.py
[2025-11-06T05:39:31.650+0000] {logging_mixin.py:188} INFO - [2025-11-06T05:39:31.649+0000] {dag.py:3036} INFO - Sync 1 DAGs
[2025-11-06T05:39:32.137+0000] {logging_mixin.py:188} INFO - [2025-11-06T05:39:32.136+0000] {dag.py:3823} INFO - Setting next_dagrun for example_sla_dag to 2025-11-06 05:36:00+00:00, run_after=2025-11-06 05:38:00+00:00
[2025-11-06T05:39:32.246+0000] {processor.py:183} INFO - Processing /home/airflow/.local/lib/python3.8/site-packages/airflow/example_dags/example_sla_dag.py took 0.766 seconds
[2025-11-06T05:40:02.499+0000] {processor.py:161} INFO - Started process (PID=2700) to work on /home/airflow/.local/lib/python3.8/site-packages/airflow/example_dags/example_sla_dag.py
[2025-11-06T05:40:02.509+0000] {processor.py:830} INFO - Processing file /home/airflow/.local/lib/python3.8/site-packages/airflow/example_dags/example_sla_dag.py for tasks to queue
[2025-11-06T05:40:02.520+0000] {logging_mixin.py:188} INFO - [2025-11-06T05:40:02.519+0000] {dagbag.py:538} INFO - Filling up the DagBag from /home/airflow/.local/lib/python3.8/site-packages/airflow/example_dags/example_sla_dag.py
[2025-11-06T05:40:02.578+0000] {processor.py:840} INFO - DAG(s) 'example_sla_dag' retrieved from /home/airflow/.local/lib/python3.8/site-packages/airflow/example_dags/example_sla_dag.py
[2025-11-06T05:40:02.699+0000] {logging_mixin.py:188} INFO - [2025-11-06T05:40:02.698+0000] {dag.py:3036} INFO - Sync 1 DAGs
[2025-11-06T05:40:02.897+0000] {logging_mixin.py:188} INFO - [2025-11-06T05:40:02.896+0000] {dag.py:3823} INFO - Setting next_dagrun for example_sla_dag to 2025-11-06 05:38:00+00:00, run_after=2025-11-06 05:40:00+00:00
[2025-11-06T05:40:03.976+0000] {processor.py:183} INFO - Processing /home/airflow/.local/lib/python3.8/site-packages/airflow/example_dags/example_sla_dag.py took 1.494 seconds
[2025-11-06T05:40:34.354+0000] {processor.py:161} INFO - Started process (PID=2755) to work on /home/airflow/.local/lib/python3.8/site-packages/airflow/example_dags/example_sla_dag.py
[2025-11-06T05:40:34.356+0000] {processor.py:830} INFO - Processing file /home/airflow/.local/lib/python3.8/site-packages/airflow/example_dags/example_sla_dag.py for tasks to queue
[2025-11-06T05:40:34.360+0000] {logging_mixin.py:188} INFO - [2025-11-06T05:40:34.360+0000] {dagbag.py:538} INFO - Filling up the DagBag from /home/airflow/.local/lib/python3.8/site-packages/airflow/example_dags/example_sla_dag.py
[2025-11-06T05:40:34.380+0000] {processor.py:840} INFO - DAG(s) 'example_sla_dag' retrieved from /home/airflow/.local/lib/python3.8/site-packages/airflow/example_dags/example_sla_dag.py
[2025-11-06T05:40:34.425+0000] {logging_mixin.py:188} INFO - [2025-11-06T05:40:34.424+0000] {dag.py:3036} INFO - Sync 1 DAGs
[2025-11-06T05:40:34.474+0000] {logging_mixin.py:188} INFO - [2025-11-06T05:40:34.474+0000] {dag.py:3823} INFO - Setting next_dagrun for example_sla_dag to 2025-11-06 05:38:00+00:00, run_after=2025-11-06 05:40:00+00:00
[2025-11-06T05:40:34.716+0000] {processor.py:183} INFO - Processing /home/airflow/.local/lib/python3.8/site-packages/airflow/example_dags/example_sla_dag.py took 0.369 seconds
[2025-11-06T05:41:05.542+0000] {processor.py:161} INFO - Started process (PID=2809) to work on /home/airflow/.local/lib/python3.8/site-packages/airflow/example_dags/example_sla_dag.py
[2025-11-06T05:41:05.557+0000] {processor.py:830} INFO - Processing file /home/airflow/.local/lib/python3.8/site-packages/airflow/example_dags/example_sla_dag.py for tasks to queue
[2025-11-06T05:41:05.574+0000] {logging_mixin.py:188} INFO - [2025-11-06T05:41:05.573+0000] {dagbag.py:538} INFO - Filling up the DagBag from /home/airflow/.local/lib/python3.8/site-packages/airflow/example_dags/example_sla_dag.py
[2025-11-06T05:41:05.653+0000] {processor.py:840} INFO - DAG(s) 'example_sla_dag' retrieved from /home/airflow/.local/lib/python3.8/site-packages/airflow/example_dags/example_sla_dag.py
[2025-11-06T05:41:05.809+0000] {logging_mixin.py:188} INFO - [2025-11-06T05:41:05.808+0000] {dag.py:3036} INFO - Sync 1 DAGs
[2025-11-06T05:41:06.140+0000] {logging_mixin.py:188} INFO - [2025-11-06T05:41:06.128+0000] {dag.py:3823} INFO - Setting next_dagrun for example_sla_dag to 2025-11-06 05:38:00+00:00, run_after=2025-11-06 05:40:00+00:00
[2025-11-06T05:41:06.247+0000] {processor.py:183} INFO - Processing /home/airflow/.local/lib/python3.8/site-packages/airflow/example_dags/example_sla_dag.py took 0.767 seconds
[2025-11-06T05:41:45.450+0000] {processor.py:161} INFO - Started process (PID=2872) to work on /home/airflow/.local/lib/python3.8/site-packages/airflow/example_dags/example_sla_dag.py
[2025-11-06T05:41:45.457+0000] {processor.py:830} INFO - Processing file /home/airflow/.local/lib/python3.8/site-packages/airflow/example_dags/example_sla_dag.py for tasks to queue
[2025-11-06T05:41:45.490+0000] {logging_mixin.py:188} INFO - [2025-11-06T05:41:45.489+0000] {dagbag.py:538} INFO - Filling up the DagBag from /home/airflow/.local/lib/python3.8/site-packages/airflow/example_dags/example_sla_dag.py
[2025-11-06T05:41:45.619+0000] {processor.py:840} INFO - DAG(s) 'example_sla_dag' retrieved from /home/airflow/.local/lib/python3.8/site-packages/airflow/example_dags/example_sla_dag.py
[2025-11-06T05:41:45.793+0000] {logging_mixin.py:188} INFO - [2025-11-06T05:41:45.792+0000] {dag.py:3036} INFO - Sync 1 DAGs
[2025-11-06T05:41:46.094+0000] {logging_mixin.py:188} INFO - [2025-11-06T05:41:46.093+0000] {dag.py:3823} INFO - Setting next_dagrun for example_sla_dag to 2025-11-06 05:38:00+00:00, run_after=2025-11-06 05:40:00+00:00
[2025-11-06T05:41:46.281+0000] {processor.py:183} INFO - Processing /home/airflow/.local/lib/python3.8/site-packages/airflow/example_dags/example_sla_dag.py took 0.873 seconds
[2025-11-06T05:42:16.617+0000] {processor.py:161} INFO - Started process (PID=2927) to work on /home/airflow/.local/lib/python3.8/site-packages/airflow/example_dags/example_sla_dag.py
[2025-11-06T05:42:16.619+0000] {processor.py:830} INFO - Processing file /home/airflow/.local/lib/python3.8/site-packages/airflow/example_dags/example_sla_dag.py for tasks to queue
[2025-11-06T05:42:16.623+0000] {logging_mixin.py:188} INFO - [2025-11-06T05:42:16.623+0000] {dagbag.py:538} INFO - Filling up the DagBag from /home/airflow/.local/lib/python3.8/site-packages/airflow/example_dags/example_sla_dag.py
[2025-11-06T05:42:16.638+0000] {processor.py:840} INFO - DAG(s) 'example_sla_dag' retrieved from /home/airflow/.local/lib/python3.8/site-packages/airflow/example_dags/example_sla_dag.py
[2025-11-06T05:42:16.679+0000] {logging_mixin.py:188} INFO - [2025-11-06T05:42:16.679+0000] {dag.py:3036} INFO - Sync 1 DAGs
[2025-11-06T05:42:16.730+0000] {logging_mixin.py:188} INFO - [2025-11-06T05:42:16.729+0000] {dag.py:3823} INFO - Setting next_dagrun for example_sla_dag to 2025-11-06 05:40:00+00:00, run_after=2025-11-06 05:42:00+00:00
[2025-11-06T05:42:16.780+0000] {processor.py:183} INFO - Processing /home/airflow/.local/lib/python3.8/site-packages/airflow/example_dags/example_sla_dag.py took 0.168 seconds
[2025-11-06T05:42:47.483+0000] {processor.py:161} INFO - Started process (PID=2982) to work on /home/airflow/.local/lib/python3.8/site-packages/airflow/example_dags/example_sla_dag.py
[2025-11-06T05:42:47.489+0000] {processor.py:830} INFO - Processing file /home/airflow/.local/lib/python3.8/site-packages/airflow/example_dags/example_sla_dag.py for tasks to queue
[2025-11-06T05:42:47.497+0000] {logging_mixin.py:188} INFO - [2025-11-06T05:42:47.496+0000] {dagbag.py:538} INFO - Filling up the DagBag from /home/airflow/.local/lib/python3.8/site-packages/airflow/example_dags/example_sla_dag.py
[2025-11-06T05:42:47.525+0000] {processor.py:840} INFO - DAG(s) 'example_sla_dag' retrieved from /home/airflow/.local/lib/python3.8/site-packages/airflow/example_dags/example_sla_dag.py
[2025-11-06T05:42:47.586+0000] {logging_mixin.py:188} INFO - [2025-11-06T05:42:47.586+0000] {dag.py:3036} INFO - Sync 1 DAGs
[2025-11-06T05:42:47.676+0000] {logging_mixin.py:188} INFO - [2025-11-06T05:42:47.675+0000] {dag.py:3823} INFO - Setting next_dagrun for example_sla_dag to 2025-11-06 05:40:00+00:00, run_after=2025-11-06 05:42:00+00:00
[2025-11-06T05:42:47.746+0000] {processor.py:183} INFO - Processing /home/airflow/.local/lib/python3.8/site-packages/airflow/example_dags/example_sla_dag.py took 0.272 seconds
[2025-11-06T05:43:18.109+0000] {processor.py:161} INFO - Started process (PID=3037) to work on /home/airflow/.local/lib/python3.8/site-packages/airflow/example_dags/example_sla_dag.py
[2025-11-06T05:43:18.113+0000] {processor.py:830} INFO - Processing file /home/airflow/.local/lib/python3.8/site-packages/airflow/example_dags/example_sla_dag.py for tasks to queue
[2025-11-06T05:43:18.119+0000] {logging_mixin.py:188} INFO - [2025-11-06T05:43:18.118+0000] {dagbag.py:538} INFO - Filling up the DagBag from /home/airflow/.local/lib/python3.8/site-packages/airflow/example_dags/example_sla_dag.py
[2025-11-06T05:43:18.145+0000] {processor.py:840} INFO - DAG(s) 'example_sla_dag' retrieved from /home/airflow/.local/lib/python3.8/site-packages/airflow/example_dags/example_sla_dag.py
[2025-11-06T05:43:18.190+0000] {logging_mixin.py:188} INFO - [2025-11-06T05:43:18.190+0000] {dag.py:3036} INFO - Sync 1 DAGs
[2025-11-06T05:43:18.248+0000] {logging_mixin.py:188} INFO - [2025-11-06T05:43:18.248+0000] {dag.py:3823} INFO - Setting next_dagrun for example_sla_dag to 2025-11-06 05:40:00+00:00, run_after=2025-11-06 05:42:00+00:00
[2025-11-06T05:43:18.294+0000] {processor.py:183} INFO - Processing /home/airflow/.local/lib/python3.8/site-packages/airflow/example_dags/example_sla_dag.py took 0.191 seconds
[2025-11-06T05:43:49.094+0000] {processor.py:161} INFO - Started process (PID=3092) to work on /home/airflow/.local/lib/python3.8/site-packages/airflow/example_dags/example_sla_dag.py
[2025-11-06T05:43:49.098+0000] {processor.py:830} INFO - Processing file /home/airflow/.local/lib/python3.8/site-packages/airflow/example_dags/example_sla_dag.py for tasks to queue
[2025-11-06T05:43:49.110+0000] {logging_mixin.py:188} INFO - [2025-11-06T05:43:49.107+0000] {dagbag.py:538} INFO - Filling up the DagBag from /home/airflow/.local/lib/python3.8/site-packages/airflow/example_dags/example_sla_dag.py
[2025-11-06T05:43:49.154+0000] {processor.py:840} INFO - DAG(s) 'example_sla_dag' retrieved from /home/airflow/.local/lib/python3.8/site-packages/airflow/example_dags/example_sla_dag.py
[2025-11-06T05:43:49.243+0000] {logging_mixin.py:188} INFO - [2025-11-06T05:43:49.241+0000] {dag.py:3036} INFO - Sync 1 DAGs
[2025-11-06T05:43:49.369+0000] {logging_mixin.py:188} INFO - [2025-11-06T05:43:49.369+0000] {dag.py:3823} INFO - Setting next_dagrun for example_sla_dag to 2025-11-06 05:40:00+00:00, run_after=2025-11-06 05:42:00+00:00
[2025-11-06T05:43:49.468+0000] {processor.py:183} INFO - Processing /home/airflow/.local/lib/python3.8/site-packages/airflow/example_dags/example_sla_dag.py took 0.407 seconds
[2025-11-06T05:44:19.868+0000] {processor.py:161} INFO - Started process (PID=3147) to work on /home/airflow/.local/lib/python3.8/site-packages/airflow/example_dags/example_sla_dag.py
[2025-11-06T05:44:19.869+0000] {processor.py:830} INFO - Processing file /home/airflow/.local/lib/python3.8/site-packages/airflow/example_dags/example_sla_dag.py for tasks to queue
[2025-11-06T05:44:19.873+0000] {logging_mixin.py:188} INFO - [2025-11-06T05:44:19.872+0000] {dagbag.py:538} INFO - Filling up the DagBag from /home/airflow/.local/lib/python3.8/site-packages/airflow/example_dags/example_sla_dag.py
[2025-11-06T05:44:19.887+0000] {processor.py:840} INFO - DAG(s) 'example_sla_dag' retrieved from /home/airflow/.local/lib/python3.8/site-packages/airflow/example_dags/example_sla_dag.py
[2025-11-06T05:44:19.916+0000] {logging_mixin.py:188} INFO - [2025-11-06T05:44:19.916+0000] {dag.py:3036} INFO - Sync 1 DAGs
[2025-11-06T05:44:19.950+0000] {logging_mixin.py:188} INFO - [2025-11-06T05:44:19.949+0000] {dag.py:3823} INFO - Setting next_dagrun for example_sla_dag to 2025-11-06 05:42:00+00:00, run_after=2025-11-06 05:44:00+00:00
[2025-11-06T05:44:19.981+0000] {processor.py:183} INFO - Processing /home/airflow/.local/lib/python3.8/site-packages/airflow/example_dags/example_sla_dag.py took 0.118 seconds
[2025-11-06T05:44:50.739+0000] {processor.py:161} INFO - Started process (PID=3202) to work on /home/airflow/.local/lib/python3.8/site-packages/airflow/example_dags/example_sla_dag.py
[2025-11-06T05:44:50.742+0000] {processor.py:830} INFO - Processing file /home/airflow/.local/lib/python3.8/site-packages/airflow/example_dags/example_sla_dag.py for tasks to queue
[2025-11-06T05:44:50.747+0000] {logging_mixin.py:188} INFO - [2025-11-06T05:44:50.746+0000] {dagbag.py:538} INFO - Filling up the DagBag from /home/airflow/.local/lib/python3.8/site-packages/airflow/example_dags/example_sla_dag.py
[2025-11-06T05:44:50.774+0000] {processor.py:840} INFO - DAG(s) 'example_sla_dag' retrieved from /home/airflow/.local/lib/python3.8/site-packages/airflow/example_dags/example_sla_dag.py
[2025-11-06T05:44:50.850+0000] {logging_mixin.py:188} INFO - [2025-11-06T05:44:50.850+0000] {dag.py:3036} INFO - Sync 1 DAGs
[2025-11-06T05:44:50.942+0000] {logging_mixin.py:188} INFO - [2025-11-06T05:44:50.941+0000] {dag.py:3823} INFO - Setting next_dagrun for example_sla_dag to 2025-11-06 05:42:00+00:00, run_after=2025-11-06 05:44:00+00:00
[2025-11-06T05:44:50.992+0000] {processor.py:183} INFO - Processing /home/airflow/.local/lib/python3.8/site-packages/airflow/example_dags/example_sla_dag.py took 0.265 seconds
[2025-11-06T05:45:22.174+0000] {processor.py:161} INFO - Started process (PID=3258) to work on /home/airflow/.local/lib/python3.8/site-packages/airflow/example_dags/example_sla_dag.py
[2025-11-06T05:45:22.176+0000] {processor.py:830} INFO - Processing file /home/airflow/.local/lib/python3.8/site-packages/airflow/example_dags/example_sla_dag.py for tasks to queue
[2025-11-06T05:45:22.182+0000] {logging_mixin.py:188} INFO - [2025-11-06T05:45:22.181+0000] {dagbag.py:538} INFO - Filling up the DagBag from /home/airflow/.local/lib/python3.8/site-packages/airflow/example_dags/example_sla_dag.py
[2025-11-06T05:45:22.205+0000] {processor.py:840} INFO - DAG(s) 'example_sla_dag' retrieved from /home/airflow/.local/lib/python3.8/site-packages/airflow/example_dags/example_sla_dag.py
[2025-11-06T05:45:22.265+0000] {logging_mixin.py:188} INFO - [2025-11-06T05:45:22.264+0000] {dag.py:3036} INFO - Sync 1 DAGs
[2025-11-06T05:45:22.342+0000] {logging_mixin.py:188} INFO - [2025-11-06T05:45:22.342+0000] {dag.py:3823} INFO - Setting next_dagrun for example_sla_dag to 2025-11-06 05:42:00+00:00, run_after=2025-11-06 05:44:00+00:00
[2025-11-06T05:45:22.390+0000] {processor.py:183} INFO - Processing /home/airflow/.local/lib/python3.8/site-packages/airflow/example_dags/example_sla_dag.py took 0.227 seconds
[2025-11-06T05:45:53.126+0000] {processor.py:161} INFO - Started process (PID=3313) to work on /home/airflow/.local/lib/python3.8/site-packages/airflow/example_dags/example_sla_dag.py
[2025-11-06T05:45:53.129+0000] {processor.py:830} INFO - Processing file /home/airflow/.local/lib/python3.8/site-packages/airflow/example_dags/example_sla_dag.py for tasks to queue
[2025-11-06T05:45:53.137+0000] {logging_mixin.py:188} INFO - [2025-11-06T05:45:53.136+0000] {dagbag.py:538} INFO - Filling up the DagBag from /home/airflow/.local/lib/python3.8/site-packages/airflow/example_dags/example_sla_dag.py
[2025-11-06T05:45:53.176+0000] {processor.py:840} INFO - DAG(s) 'example_sla_dag' retrieved from /home/airflow/.local/lib/python3.8/site-packages/airflow/example_dags/example_sla_dag.py
[2025-11-06T05:45:53.312+0000] {logging_mixin.py:188} INFO - [2025-11-06T05:45:53.311+0000] {dag.py:3036} INFO - Sync 1 DAGs
[2025-11-06T05:45:53.504+0000] {logging_mixin.py:188} INFO - [2025-11-06T05:45:53.501+0000] {dag.py:3823} INFO - Setting next_dagrun for example_sla_dag to 2025-11-06 05:42:00+00:00, run_after=2025-11-06 05:44:00+00:00
[2025-11-06T05:45:53.714+0000] {processor.py:183} INFO - Processing /home/airflow/.local/lib/python3.8/site-packages/airflow/example_dags/example_sla_dag.py took 0.601 seconds
[2025-11-06T05:46:24.317+0000] {processor.py:161} INFO - Started process (PID=3368) to work on /home/airflow/.local/lib/python3.8/site-packages/airflow/example_dags/example_sla_dag.py
[2025-11-06T05:46:24.324+0000] {processor.py:830} INFO - Processing file /home/airflow/.local/lib/python3.8/site-packages/airflow/example_dags/example_sla_dag.py for tasks to queue
[2025-11-06T05:46:24.336+0000] {logging_mixin.py:188} INFO - [2025-11-06T05:46:24.335+0000] {dagbag.py:538} INFO - Filling up the DagBag from /home/airflow/.local/lib/python3.8/site-packages/airflow/example_dags/example_sla_dag.py
[2025-11-06T05:46:24.403+0000] {processor.py:840} INFO - DAG(s) 'example_sla_dag' retrieved from /home/airflow/.local/lib/python3.8/site-packages/airflow/example_dags/example_sla_dag.py
[2025-11-06T05:46:24.535+0000] {logging_mixin.py:188} INFO - [2025-11-06T05:46:24.534+0000] {dag.py:3036} INFO - Sync 1 DAGs
[2025-11-06T05:46:24.676+0000] {logging_mixin.py:188} INFO - [2025-11-06T05:46:24.675+0000] {dag.py:3823} INFO - Setting next_dagrun for example_sla_dag to 2025-11-06 05:44:00+00:00, run_after=2025-11-06 05:46:00+00:00
[2025-11-06T05:46:24.798+0000] {processor.py:183} INFO - Processing /home/airflow/.local/lib/python3.8/site-packages/airflow/example_dags/example_sla_dag.py took 0.508 seconds
[2025-11-06T05:47:01.837+0000] {processor.py:161} INFO - Started process (PID=3425) to work on /home/airflow/.local/lib/python3.8/site-packages/airflow/example_dags/example_sla_dag.py
[2025-11-06T05:47:01.849+0000] {processor.py:830} INFO - Processing file /home/airflow/.local/lib/python3.8/site-packages/airflow/example_dags/example_sla_dag.py for tasks to queue
[2025-11-06T05:47:01.863+0000] {logging_mixin.py:188} INFO - [2025-11-06T05:47:01.860+0000] {dagbag.py:538} INFO - Filling up the DagBag from /home/airflow/.local/lib/python3.8/site-packages/airflow/example_dags/example_sla_dag.py
[2025-11-06T05:47:01.944+0000] {processor.py:840} INFO - DAG(s) 'example_sla_dag' retrieved from /home/airflow/.local/lib/python3.8/site-packages/airflow/example_dags/example_sla_dag.py
[2025-11-06T05:47:02.081+0000] {logging_mixin.py:188} INFO - [2025-11-06T05:47:02.080+0000] {dag.py:3036} INFO - Sync 1 DAGs
[2025-11-06T05:47:02.262+0000] {logging_mixin.py:188} INFO - [2025-11-06T05:47:02.261+0000] {dag.py:3823} INFO - Setting next_dagrun for example_sla_dag to 2025-11-06 05:44:00+00:00, run_after=2025-11-06 05:46:00+00:00
[2025-11-06T05:47:02.423+0000] {processor.py:183} INFO - Processing /home/airflow/.local/lib/python3.8/site-packages/airflow/example_dags/example_sla_dag.py took 0.603 seconds
[2025-11-06T05:47:32.910+0000] {processor.py:161} INFO - Started process (PID=3479) to work on /home/airflow/.local/lib/python3.8/site-packages/airflow/example_dags/example_sla_dag.py
[2025-11-06T05:47:32.914+0000] {processor.py:830} INFO - Processing file /home/airflow/.local/lib/python3.8/site-packages/airflow/example_dags/example_sla_dag.py for tasks to queue
[2025-11-06T05:47:32.922+0000] {logging_mixin.py:188} INFO - [2025-11-06T05:47:32.920+0000] {dagbag.py:538} INFO - Filling up the DagBag from /home/airflow/.local/lib/python3.8/site-packages/airflow/example_dags/example_sla_dag.py
[2025-11-06T05:47:32.957+0000] {processor.py:840} INFO - DAG(s) 'example_sla_dag' retrieved from /home/airflow/.local/lib/python3.8/site-packages/airflow/example_dags/example_sla_dag.py
[2025-11-06T05:47:33.036+0000] {logging_mixin.py:188} INFO - [2025-11-06T05:47:33.036+0000] {dag.py:3036} INFO - Sync 1 DAGs
[2025-11-06T05:47:33.133+0000] {logging_mixin.py:188} INFO - [2025-11-06T05:47:33.132+0000] {dag.py:3823} INFO - Setting next_dagrun for example_sla_dag to 2025-11-06 05:44:00+00:00, run_after=2025-11-06 05:46:00+00:00
[2025-11-06T05:47:33.199+0000] {processor.py:183} INFO - Processing /home/airflow/.local/lib/python3.8/site-packages/airflow/example_dags/example_sla_dag.py took 0.305 seconds
[2025-11-06T05:48:03.739+0000] {processor.py:161} INFO - Started process (PID=3534) to work on /home/airflow/.local/lib/python3.8/site-packages/airflow/example_dags/example_sla_dag.py
[2025-11-06T05:48:03.742+0000] {processor.py:830} INFO - Processing file /home/airflow/.local/lib/python3.8/site-packages/airflow/example_dags/example_sla_dag.py for tasks to queue
[2025-11-06T05:48:03.754+0000] {logging_mixin.py:188} INFO - [2025-11-06T05:48:03.753+0000] {dagbag.py:538} INFO - Filling up the DagBag from /home/airflow/.local/lib/python3.8/site-packages/airflow/example_dags/example_sla_dag.py
[2025-11-06T05:48:03.796+0000] {processor.py:840} INFO - DAG(s) 'example_sla_dag' retrieved from /home/airflow/.local/lib/python3.8/site-packages/airflow/example_dags/example_sla_dag.py
[2025-11-06T05:48:03.922+0000] {logging_mixin.py:188} INFO - [2025-11-06T05:48:03.921+0000] {dag.py:3036} INFO - Sync 1 DAGs
[2025-11-06T05:48:04.170+0000] {logging_mixin.py:188} INFO - [2025-11-06T05:48:04.169+0000] {dag.py:3823} INFO - Setting next_dagrun for example_sla_dag to 2025-11-06 05:46:00+00:00, run_after=2025-11-06 05:48:00+00:00
[2025-11-06T05:48:04.290+0000] {processor.py:183} INFO - Processing /home/airflow/.local/lib/python3.8/site-packages/airflow/example_dags/example_sla_dag.py took 0.561 seconds
[2025-11-06T05:48:35.158+0000] {processor.py:161} INFO - Started process (PID=3589) to work on /home/airflow/.local/lib/python3.8/site-packages/airflow/example_dags/example_sla_dag.py
[2025-11-06T05:48:35.160+0000] {processor.py:830} INFO - Processing file /home/airflow/.local/lib/python3.8/site-packages/airflow/example_dags/example_sla_dag.py for tasks to queue
[2025-11-06T05:48:35.166+0000] {logging_mixin.py:188} INFO - [2025-11-06T05:48:35.165+0000] {dagbag.py:538} INFO - Filling up the DagBag from /home/airflow/.local/lib/python3.8/site-packages/airflow/example_dags/example_sla_dag.py
[2025-11-06T05:48:35.187+0000] {processor.py:840} INFO - DAG(s) 'example_sla_dag' retrieved from /home/airflow/.local/lib/python3.8/site-packages/airflow/example_dags/example_sla_dag.py
[2025-11-06T05:48:35.232+0000] {logging_mixin.py:188} INFO - [2025-11-06T05:48:35.232+0000] {dag.py:3036} INFO - Sync 1 DAGs
[2025-11-06T05:48:35.303+0000] {logging_mixin.py:188} INFO - [2025-11-06T05:48:35.302+0000] {dag.py:3823} INFO - Setting next_dagrun for example_sla_dag to 2025-11-06 05:46:00+00:00, run_after=2025-11-06 05:48:00+00:00
[2025-11-06T05:48:35.358+0000] {processor.py:183} INFO - Processing /home/airflow/.local/lib/python3.8/site-packages/airflow/example_dags/example_sla_dag.py took 0.206 seconds
[2025-11-06T05:49:05.461+0000] {processor.py:161} INFO - Started process (PID=3644) to work on /home/airflow/.local/lib/python3.8/site-packages/airflow/example_dags/example_sla_dag.py
[2025-11-06T05:49:05.463+0000] {processor.py:830} INFO - Processing file /home/airflow/.local/lib/python3.8/site-packages/airflow/example_dags/example_sla_dag.py for tasks to queue
[2025-11-06T05:49:05.467+0000] {logging_mixin.py:188} INFO - [2025-11-06T05:49:05.466+0000] {dagbag.py:538} INFO - Filling up the DagBag from /home/airflow/.local/lib/python3.8/site-packages/airflow/example_dags/example_sla_dag.py
[2025-11-06T05:49:05.488+0000] {processor.py:840} INFO - DAG(s) 'example_sla_dag' retrieved from /home/airflow/.local/lib/python3.8/site-packages/airflow/example_dags/example_sla_dag.py
[2025-11-06T05:49:05.534+0000] {logging_mixin.py:188} INFO - [2025-11-06T05:49:05.534+0000] {dag.py:3036} INFO - Sync 1 DAGs
[2025-11-06T05:49:05.584+0000] {logging_mixin.py:188} INFO - [2025-11-06T05:49:05.583+0000] {dag.py:3823} INFO - Setting next_dagrun for example_sla_dag to 2025-11-06 05:46:00+00:00, run_after=2025-11-06 05:48:00+00:00
[2025-11-06T05:49:05.622+0000] {processor.py:183} INFO - Processing /home/airflow/.local/lib/python3.8/site-packages/airflow/example_dags/example_sla_dag.py took 0.169 seconds
[2025-11-06T05:49:36.268+0000] {processor.py:161} INFO - Started process (PID=3699) to work on /home/airflow/.local/lib/python3.8/site-packages/airflow/example_dags/example_sla_dag.py
[2025-11-06T05:49:36.275+0000] {processor.py:830} INFO - Processing file /home/airflow/.local/lib/python3.8/site-packages/airflow/example_dags/example_sla_dag.py for tasks to queue
[2025-11-06T05:49:36.282+0000] {logging_mixin.py:188} INFO - [2025-11-06T05:49:36.281+0000] {dagbag.py:538} INFO - Filling up the DagBag from /home/airflow/.local/lib/python3.8/site-packages/airflow/example_dags/example_sla_dag.py
[2025-11-06T05:49:36.337+0000] {processor.py:840} INFO - DAG(s) 'example_sla_dag' retrieved from /home/airflow/.local/lib/python3.8/site-packages/airflow/example_dags/example_sla_dag.py
[2025-11-06T05:49:36.439+0000] {logging_mixin.py:188} INFO - [2025-11-06T05:49:36.438+0000] {dag.py:3036} INFO - Sync 1 DAGs
[2025-11-06T05:49:36.581+0000] {logging_mixin.py:188} INFO - [2025-11-06T05:49:36.575+0000] {dag.py:3823} INFO - Setting next_dagrun for example_sla_dag to 2025-11-06 05:46:00+00:00, run_after=2025-11-06 05:48:00+00:00
[2025-11-06T05:49:36.709+0000] {processor.py:183} INFO - Processing /home/airflow/.local/lib/python3.8/site-packages/airflow/example_dags/example_sla_dag.py took 0.453 seconds
[2025-11-06T05:50:09.879+0000] {processor.py:161} INFO - Started process (PID=3755) to work on /home/airflow/.local/lib/python3.8/site-packages/airflow/example_dags/example_sla_dag.py
[2025-11-06T05:50:09.905+0000] {processor.py:830} INFO - Processing file /home/airflow/.local/lib/python3.8/site-packages/airflow/example_dags/example_sla_dag.py for tasks to queue
[2025-11-06T05:50:09.922+0000] {logging_mixin.py:188} INFO - [2025-11-06T05:50:09.921+0000] {dagbag.py:538} INFO - Filling up the DagBag from /home/airflow/.local/lib/python3.8/site-packages/airflow/example_dags/example_sla_dag.py
[2025-11-06T05:50:09.982+0000] {processor.py:840} INFO - DAG(s) 'example_sla_dag' retrieved from /home/airflow/.local/lib/python3.8/site-packages/airflow/example_dags/example_sla_dag.py
[2025-11-06T05:50:10.154+0000] {logging_mixin.py:188} INFO - [2025-11-06T05:50:10.153+0000] {dag.py:3036} INFO - Sync 1 DAGs
[2025-11-06T05:50:10.380+0000] {logging_mixin.py:188} INFO - [2025-11-06T05:50:10.372+0000] {dag.py:3823} INFO - Setting next_dagrun for example_sla_dag to 2025-11-06 05:48:00+00:00, run_after=2025-11-06 05:50:00+00:00
[2025-11-06T05:50:10.541+0000] {processor.py:183} INFO - Processing /home/airflow/.local/lib/python3.8/site-packages/airflow/example_dags/example_sla_dag.py took 0.695 seconds
[2025-11-06T05:50:41.604+0000] {processor.py:161} INFO - Started process (PID=3811) to work on /home/airflow/.local/lib/python3.8/site-packages/airflow/example_dags/example_sla_dag.py
[2025-11-06T05:50:41.608+0000] {processor.py:830} INFO - Processing file /home/airflow/.local/lib/python3.8/site-packages/airflow/example_dags/example_sla_dag.py for tasks to queue
[2025-11-06T05:50:41.615+0000] {logging_mixin.py:188} INFO - [2025-11-06T05:50:41.613+0000] {dagbag.py:538} INFO - Filling up the DagBag from /home/airflow/.local/lib/python3.8/site-packages/airflow/example_dags/example_sla_dag.py
[2025-11-06T05:50:41.648+0000] {processor.py:840} INFO - DAG(s) 'example_sla_dag' retrieved from /home/airflow/.local/lib/python3.8/site-packages/airflow/example_dags/example_sla_dag.py
[2025-11-06T05:50:41.782+0000] {logging_mixin.py:188} INFO - [2025-11-06T05:50:41.781+0000] {dag.py:3036} INFO - Sync 1 DAGs
[2025-11-06T05:50:42.010+0000] {logging_mixin.py:188} INFO - [2025-11-06T05:50:42.009+0000] {dag.py:3823} INFO - Setting next_dagrun for example_sla_dag to 2025-11-06 05:48:00+00:00, run_after=2025-11-06 05:50:00+00:00
[2025-11-06T05:50:42.229+0000] {processor.py:183} INFO - Processing /home/airflow/.local/lib/python3.8/site-packages/airflow/example_dags/example_sla_dag.py took 0.639 seconds
[2025-11-06T05:51:12.693+0000] {processor.py:161} INFO - Started process (PID=3866) to work on /home/airflow/.local/lib/python3.8/site-packages/airflow/example_dags/example_sla_dag.py
[2025-11-06T05:51:12.697+0000] {processor.py:830} INFO - Processing file /home/airflow/.local/lib/python3.8/site-packages/airflow/example_dags/example_sla_dag.py for tasks to queue
[2025-11-06T05:51:12.706+0000] {logging_mixin.py:188} INFO - [2025-11-06T05:51:12.705+0000] {dagbag.py:538} INFO - Filling up the DagBag from /home/airflow/.local/lib/python3.8/site-packages/airflow/example_dags/example_sla_dag.py
[2025-11-06T05:51:12.737+0000] {processor.py:840} INFO - DAG(s) 'example_sla_dag' retrieved from /home/airflow/.local/lib/python3.8/site-packages/airflow/example_dags/example_sla_dag.py
[2025-11-06T05:51:12.799+0000] {logging_mixin.py:188} INFO - [2025-11-06T05:51:12.799+0000] {dag.py:3036} INFO - Sync 1 DAGs
[2025-11-06T05:51:12.908+0000] {logging_mixin.py:188} INFO - [2025-11-06T05:51:12.905+0000] {dag.py:3823} INFO - Setting next_dagrun for example_sla_dag to 2025-11-06 05:48:00+00:00, run_after=2025-11-06 05:50:00+00:00
[2025-11-06T05:51:13.003+0000] {processor.py:183} INFO - Processing /home/airflow/.local/lib/python3.8/site-packages/airflow/example_dags/example_sla_dag.py took 0.333 seconds
[2025-11-06T05:51:44.183+0000] {processor.py:161} INFO - Started process (PID=3920) to work on /home/airflow/.local/lib/python3.8/site-packages/airflow/example_dags/example_sla_dag.py
[2025-11-06T05:51:44.191+0000] {processor.py:830} INFO - Processing file /home/airflow/.local/lib/python3.8/site-packages/airflow/example_dags/example_sla_dag.py for tasks to queue
[2025-11-06T05:51:44.207+0000] {logging_mixin.py:188} INFO - [2025-11-06T05:51:44.206+0000] {dagbag.py:538} INFO - Filling up the DagBag from /home/airflow/.local/lib/python3.8/site-packages/airflow/example_dags/example_sla_dag.py
[2025-11-06T05:51:44.267+0000] {processor.py:840} INFO - DAG(s) 'example_sla_dag' retrieved from /home/airflow/.local/lib/python3.8/site-packages/airflow/example_dags/example_sla_dag.py
[2025-11-06T05:51:44.438+0000] {logging_mixin.py:188} INFO - [2025-11-06T05:51:44.437+0000] {dag.py:3036} INFO - Sync 1 DAGs
[2025-11-06T05:51:44.626+0000] {logging_mixin.py:188} INFO - [2025-11-06T05:51:44.626+0000] {dag.py:3823} INFO - Setting next_dagrun for example_sla_dag to 2025-11-06 05:48:00+00:00, run_after=2025-11-06 05:50:00+00:00
[2025-11-06T05:51:44.724+0000] {processor.py:183} INFO - Processing /home/airflow/.local/lib/python3.8/site-packages/airflow/example_dags/example_sla_dag.py took 0.557 seconds
[2025-11-06T05:52:17.743+0000] {processor.py:161} INFO - Started process (PID=3975) to work on /home/airflow/.local/lib/python3.8/site-packages/airflow/example_dags/example_sla_dag.py
[2025-11-06T05:52:17.756+0000] {processor.py:830} INFO - Processing file /home/airflow/.local/lib/python3.8/site-packages/airflow/example_dags/example_sla_dag.py for tasks to queue
[2025-11-06T05:52:17.772+0000] {logging_mixin.py:188} INFO - [2025-11-06T05:52:17.761+0000] {dagbag.py:538} INFO - Filling up the DagBag from /home/airflow/.local/lib/python3.8/site-packages/airflow/example_dags/example_sla_dag.py
[2025-11-06T05:52:17.885+0000] {processor.py:840} INFO - DAG(s) 'example_sla_dag' retrieved from /home/airflow/.local/lib/python3.8/site-packages/airflow/example_dags/example_sla_dag.py
[2025-11-06T05:52:18.125+0000] {logging_mixin.py:188} INFO - [2025-11-06T05:52:18.125+0000] {dag.py:3036} INFO - Sync 1 DAGs
[2025-11-06T05:52:18.411+0000] {logging_mixin.py:188} INFO - [2025-11-06T05:52:18.410+0000] {dag.py:3823} INFO - Setting next_dagrun for example_sla_dag to 2025-11-06 05:50:00+00:00, run_after=2025-11-06 05:52:00+00:00
[2025-11-06T05:52:18.512+0000] {processor.py:183} INFO - Processing /home/airflow/.local/lib/python3.8/site-packages/airflow/example_dags/example_sla_dag.py took 0.800 seconds
[2025-11-06T05:52:48.703+0000] {processor.py:161} INFO - Started process (PID=4030) to work on /home/airflow/.local/lib/python3.8/site-packages/airflow/example_dags/example_sla_dag.py
[2025-11-06T05:52:48.705+0000] {processor.py:830} INFO - Processing file /home/airflow/.local/lib/python3.8/site-packages/airflow/example_dags/example_sla_dag.py for tasks to queue
[2025-11-06T05:52:48.711+0000] {logging_mixin.py:188} INFO - [2025-11-06T05:52:48.710+0000] {dagbag.py:538} INFO - Filling up the DagBag from /home/airflow/.local/lib/python3.8/site-packages/airflow/example_dags/example_sla_dag.py
[2025-11-06T05:52:48.732+0000] {processor.py:840} INFO - DAG(s) 'example_sla_dag' retrieved from /home/airflow/.local/lib/python3.8/site-packages/airflow/example_dags/example_sla_dag.py
[2025-11-06T05:52:48.779+0000] {logging_mixin.py:188} INFO - [2025-11-06T05:52:48.778+0000] {dag.py:3036} INFO - Sync 1 DAGs
[2025-11-06T05:52:48.839+0000] {logging_mixin.py:188} INFO - [2025-11-06T05:52:48.838+0000] {dag.py:3823} INFO - Setting next_dagrun for example_sla_dag to 2025-11-06 05:50:00+00:00, run_after=2025-11-06 05:52:00+00:00
[2025-11-06T05:52:48.882+0000] {processor.py:183} INFO - Processing /home/airflow/.local/lib/python3.8/site-packages/airflow/example_dags/example_sla_dag.py took 0.189 seconds
[2025-11-06T05:53:19.093+0000] {processor.py:161} INFO - Started process (PID=4085) to work on /home/airflow/.local/lib/python3.8/site-packages/airflow/example_dags/example_sla_dag.py
[2025-11-06T05:53:19.095+0000] {processor.py:830} INFO - Processing file /home/airflow/.local/lib/python3.8/site-packages/airflow/example_dags/example_sla_dag.py for tasks to queue
[2025-11-06T05:53:19.099+0000] {logging_mixin.py:188} INFO - [2025-11-06T05:53:19.099+0000] {dagbag.py:538} INFO - Filling up the DagBag from /home/airflow/.local/lib/python3.8/site-packages/airflow/example_dags/example_sla_dag.py
[2025-11-06T05:53:19.115+0000] {processor.py:840} INFO - DAG(s) 'example_sla_dag' retrieved from /home/airflow/.local/lib/python3.8/site-packages/airflow/example_dags/example_sla_dag.py
[2025-11-06T05:53:19.155+0000] {logging_mixin.py:188} INFO - [2025-11-06T05:53:19.155+0000] {dag.py:3036} INFO - Sync 1 DAGs
[2025-11-06T05:53:19.200+0000] {logging_mixin.py:188} INFO - [2025-11-06T05:53:19.200+0000] {dag.py:3823} INFO - Setting next_dagrun for example_sla_dag to 2025-11-06 05:50:00+00:00, run_after=2025-11-06 05:52:00+00:00
[2025-11-06T05:53:19.240+0000] {processor.py:183} INFO - Processing /home/airflow/.local/lib/python3.8/site-packages/airflow/example_dags/example_sla_dag.py took 0.153 seconds
[2025-11-06T05:53:50.067+0000] {processor.py:161} INFO - Started process (PID=4140) to work on /home/airflow/.local/lib/python3.8/site-packages/airflow/example_dags/example_sla_dag.py
[2025-11-06T05:53:50.071+0000] {processor.py:830} INFO - Processing file /home/airflow/.local/lib/python3.8/site-packages/airflow/example_dags/example_sla_dag.py for tasks to queue
[2025-11-06T05:53:50.077+0000] {logging_mixin.py:188} INFO - [2025-11-06T05:53:50.076+0000] {dagbag.py:538} INFO - Filling up the DagBag from /home/airflow/.local/lib/python3.8/site-packages/airflow/example_dags/example_sla_dag.py
[2025-11-06T05:53:50.109+0000] {processor.py:840} INFO - DAG(s) 'example_sla_dag' retrieved from /home/airflow/.local/lib/python3.8/site-packages/airflow/example_dags/example_sla_dag.py
[2025-11-06T05:53:50.163+0000] {logging_mixin.py:188} INFO - [2025-11-06T05:53:50.163+0000] {dag.py:3036} INFO - Sync 1 DAGs
[2025-11-06T05:53:50.235+0000] {logging_mixin.py:188} INFO - [2025-11-06T05:53:50.234+0000] {dag.py:3823} INFO - Setting next_dagrun for example_sla_dag to 2025-11-06 05:50:00+00:00, run_after=2025-11-06 05:52:00+00:00
[2025-11-06T05:53:50.303+0000] {processor.py:183} INFO - Processing /home/airflow/.local/lib/python3.8/site-packages/airflow/example_dags/example_sla_dag.py took 0.249 seconds
[2025-11-06T05:54:20.669+0000] {processor.py:161} INFO - Started process (PID=4195) to work on /home/airflow/.local/lib/python3.8/site-packages/airflow/example_dags/example_sla_dag.py
[2025-11-06T05:54:20.696+0000] {processor.py:830} INFO - Processing file /home/airflow/.local/lib/python3.8/site-packages/airflow/example_dags/example_sla_dag.py for tasks to queue
[2025-11-06T05:54:20.727+0000] {logging_mixin.py:188} INFO - [2025-11-06T05:54:20.716+0000] {dagbag.py:538} INFO - Filling up the DagBag from /home/airflow/.local/lib/python3.8/site-packages/airflow/example_dags/example_sla_dag.py
[2025-11-06T05:54:20.840+0000] {processor.py:840} INFO - DAG(s) 'example_sla_dag' retrieved from /home/airflow/.local/lib/python3.8/site-packages/airflow/example_dags/example_sla_dag.py
[2025-11-06T05:54:20.968+0000] {logging_mixin.py:188} INFO - [2025-11-06T05:54:20.967+0000] {dag.py:3036} INFO - Sync 1 DAGs
[2025-11-06T05:54:21.111+0000] {logging_mixin.py:188} INFO - [2025-11-06T05:54:21.110+0000] {dag.py:3823} INFO - Setting next_dagrun for example_sla_dag to 2025-11-06 05:52:00+00:00, run_after=2025-11-06 05:54:00+00:00
[2025-11-06T05:54:21.220+0000] {processor.py:183} INFO - Processing /home/airflow/.local/lib/python3.8/site-packages/airflow/example_dags/example_sla_dag.py took 0.598 seconds
[2025-11-06T05:54:52.811+0000] {processor.py:161} INFO - Started process (PID=4256) to work on /home/airflow/.local/lib/python3.8/site-packages/airflow/example_dags/example_sla_dag.py
[2025-11-06T05:54:52.816+0000] {processor.py:830} INFO - Processing file /home/airflow/.local/lib/python3.8/site-packages/airflow/example_dags/example_sla_dag.py for tasks to queue
[2025-11-06T05:54:52.830+0000] {logging_mixin.py:188} INFO - [2025-11-06T05:54:52.829+0000] {dagbag.py:538} INFO - Filling up the DagBag from /home/airflow/.local/lib/python3.8/site-packages/airflow/example_dags/example_sla_dag.py
[2025-11-06T05:54:52.867+0000] {processor.py:840} INFO - DAG(s) 'example_sla_dag' retrieved from /home/airflow/.local/lib/python3.8/site-packages/airflow/example_dags/example_sla_dag.py
[2025-11-06T05:54:52.915+0000] {logging_mixin.py:188} INFO - [2025-11-06T05:54:52.914+0000] {dag.py:3036} INFO - Sync 1 DAGs
[2025-11-06T05:54:52.985+0000] {logging_mixin.py:188} INFO - [2025-11-06T05:54:52.984+0000] {dag.py:3823} INFO - Setting next_dagrun for example_sla_dag to 2025-11-06 05:52:00+00:00, run_after=2025-11-06 05:54:00+00:00
[2025-11-06T05:54:53.066+0000] {processor.py:183} INFO - Processing /home/airflow/.local/lib/python3.8/site-packages/airflow/example_dags/example_sla_dag.py took 0.263 seconds
[2025-11-06T05:55:23.235+0000] {processor.py:161} INFO - Started process (PID=4312) to work on /home/airflow/.local/lib/python3.8/site-packages/airflow/example_dags/example_sla_dag.py
[2025-11-06T05:55:23.237+0000] {processor.py:830} INFO - Processing file /home/airflow/.local/lib/python3.8/site-packages/airflow/example_dags/example_sla_dag.py for tasks to queue
[2025-11-06T05:55:23.242+0000] {logging_mixin.py:188} INFO - [2025-11-06T05:55:23.241+0000] {dagbag.py:538} INFO - Filling up the DagBag from /home/airflow/.local/lib/python3.8/site-packages/airflow/example_dags/example_sla_dag.py
[2025-11-06T05:55:23.259+0000] {processor.py:840} INFO - DAG(s) 'example_sla_dag' retrieved from /home/airflow/.local/lib/python3.8/site-packages/airflow/example_dags/example_sla_dag.py
[2025-11-06T05:55:23.295+0000] {logging_mixin.py:188} INFO - [2025-11-06T05:55:23.294+0000] {dag.py:3036} INFO - Sync 1 DAGs
[2025-11-06T05:55:23.335+0000] {logging_mixin.py:188} INFO - [2025-11-06T05:55:23.335+0000] {dag.py:3823} INFO - Setting next_dagrun for example_sla_dag to 2025-11-06 05:52:00+00:00, run_after=2025-11-06 05:54:00+00:00
[2025-11-06T05:55:23.365+0000] {processor.py:183} INFO - Processing /home/airflow/.local/lib/python3.8/site-packages/airflow/example_dags/example_sla_dag.py took 0.138 seconds
[2025-11-06T05:55:54.057+0000] {processor.py:161} INFO - Started process (PID=4367) to work on /home/airflow/.local/lib/python3.8/site-packages/airflow/example_dags/example_sla_dag.py
[2025-11-06T05:55:54.061+0000] {processor.py:830} INFO - Processing file /home/airflow/.local/lib/python3.8/site-packages/airflow/example_dags/example_sla_dag.py for tasks to queue
[2025-11-06T05:55:54.068+0000] {logging_mixin.py:188} INFO - [2025-11-06T05:55:54.067+0000] {dagbag.py:538} INFO - Filling up the DagBag from /home/airflow/.local/lib/python3.8/site-packages/airflow/example_dags/example_sla_dag.py
[2025-11-06T05:55:54.119+0000] {processor.py:840} INFO - DAG(s) 'example_sla_dag' retrieved from /home/airflow/.local/lib/python3.8/site-packages/airflow/example_dags/example_sla_dag.py
[2025-11-06T05:55:54.210+0000] {logging_mixin.py:188} INFO - [2025-11-06T05:55:54.209+0000] {dag.py:3036} INFO - Sync 1 DAGs
[2025-11-06T05:55:54.326+0000] {logging_mixin.py:188} INFO - [2025-11-06T05:55:54.326+0000] {dag.py:3823} INFO - Setting next_dagrun for example_sla_dag to 2025-11-06 05:52:00+00:00, run_after=2025-11-06 05:54:00+00:00
[2025-11-06T05:55:54.389+0000] {processor.py:183} INFO - Processing /home/airflow/.local/lib/python3.8/site-packages/airflow/example_dags/example_sla_dag.py took 0.345 seconds
[2025-11-06T05:56:24.637+0000] {processor.py:161} INFO - Started process (PID=4420) to work on /home/airflow/.local/lib/python3.8/site-packages/airflow/example_dags/example_sla_dag.py
[2025-11-06T05:56:24.642+0000] {processor.py:830} INFO - Processing file /home/airflow/.local/lib/python3.8/site-packages/airflow/example_dags/example_sla_dag.py for tasks to queue
[2025-11-06T05:56:24.650+0000] {logging_mixin.py:188} INFO - [2025-11-06T05:56:24.649+0000] {dagbag.py:538} INFO - Filling up the DagBag from /home/airflow/.local/lib/python3.8/site-packages/airflow/example_dags/example_sla_dag.py
[2025-11-06T05:56:24.684+0000] {processor.py:840} INFO - DAG(s) 'example_sla_dag' retrieved from /home/airflow/.local/lib/python3.8/site-packages/airflow/example_dags/example_sla_dag.py
[2025-11-06T05:56:24.755+0000] {logging_mixin.py:188} INFO - [2025-11-06T05:56:24.754+0000] {dag.py:3036} INFO - Sync 1 DAGs
[2025-11-06T05:56:24.850+0000] {logging_mixin.py:188} INFO - [2025-11-06T05:56:24.849+0000] {dag.py:3823} INFO - Setting next_dagrun for example_sla_dag to 2025-11-06 05:54:00+00:00, run_after=2025-11-06 05:56:00+00:00
[2025-11-06T05:56:24.915+0000] {processor.py:183} INFO - Processing /home/airflow/.local/lib/python3.8/site-packages/airflow/example_dags/example_sla_dag.py took 0.297 seconds
[2025-11-06T05:56:58.692+0000] {processor.py:161} INFO - Started process (PID=4478) to work on /home/airflow/.local/lib/python3.8/site-packages/airflow/example_dags/example_sla_dag.py
[2025-11-06T05:56:58.699+0000] {processor.py:830} INFO - Processing file /home/airflow/.local/lib/python3.8/site-packages/airflow/example_dags/example_sla_dag.py for tasks to queue
[2025-11-06T05:56:58.707+0000] {logging_mixin.py:188} INFO - [2025-11-06T05:56:58.706+0000] {dagbag.py:538} INFO - Filling up the DagBag from /home/airflow/.local/lib/python3.8/site-packages/airflow/example_dags/example_sla_dag.py
[2025-11-06T05:56:58.756+0000] {processor.py:840} INFO - DAG(s) 'example_sla_dag' retrieved from /home/airflow/.local/lib/python3.8/site-packages/airflow/example_dags/example_sla_dag.py
[2025-11-06T05:56:58.865+0000] {logging_mixin.py:188} INFO - [2025-11-06T05:56:58.864+0000] {dag.py:3036} INFO - Sync 1 DAGs
[2025-11-06T05:56:59.001+0000] {logging_mixin.py:188} INFO - [2025-11-06T05:56:59.001+0000] {dag.py:3823} INFO - Setting next_dagrun for example_sla_dag to 2025-11-06 05:54:00+00:00, run_after=2025-11-06 05:56:00+00:00
[2025-11-06T05:56:59.126+0000] {processor.py:183} INFO - Processing /home/airflow/.local/lib/python3.8/site-packages/airflow/example_dags/example_sla_dag.py took 0.446 seconds
[2025-11-06T05:57:29.241+0000] {processor.py:161} INFO - Started process (PID=4532) to work on /home/airflow/.local/lib/python3.8/site-packages/airflow/example_dags/example_sla_dag.py
[2025-11-06T05:57:29.243+0000] {processor.py:830} INFO - Processing file /home/airflow/.local/lib/python3.8/site-packages/airflow/example_dags/example_sla_dag.py for tasks to queue
[2025-11-06T05:57:29.248+0000] {logging_mixin.py:188} INFO - [2025-11-06T05:57:29.247+0000] {dagbag.py:538} INFO - Filling up the DagBag from /home/airflow/.local/lib/python3.8/site-packages/airflow/example_dags/example_sla_dag.py
[2025-11-06T05:57:29.264+0000] {processor.py:840} INFO - DAG(s) 'example_sla_dag' retrieved from /home/airflow/.local/lib/python3.8/site-packages/airflow/example_dags/example_sla_dag.py
[2025-11-06T05:57:29.300+0000] {logging_mixin.py:188} INFO - [2025-11-06T05:57:29.300+0000] {dag.py:3036} INFO - Sync 1 DAGs
[2025-11-06T05:57:29.357+0000] {logging_mixin.py:188} INFO - [2025-11-06T05:57:29.357+0000] {dag.py:3823} INFO - Setting next_dagrun for example_sla_dag to 2025-11-06 05:54:00+00:00, run_after=2025-11-06 05:56:00+00:00
[2025-11-06T05:57:29.426+0000] {processor.py:183} INFO - Processing /home/airflow/.local/lib/python3.8/site-packages/airflow/example_dags/example_sla_dag.py took 0.196 seconds
[2025-11-06T05:57:59.516+0000] {processor.py:161} INFO - Started process (PID=4587) to work on /home/airflow/.local/lib/python3.8/site-packages/airflow/example_dags/example_sla_dag.py
[2025-11-06T05:57:59.518+0000] {processor.py:830} INFO - Processing file /home/airflow/.local/lib/python3.8/site-packages/airflow/example_dags/example_sla_dag.py for tasks to queue
[2025-11-06T05:57:59.520+0000] {logging_mixin.py:188} INFO - [2025-11-06T05:57:59.520+0000] {dagbag.py:538} INFO - Filling up the DagBag from /home/airflow/.local/lib/python3.8/site-packages/airflow/example_dags/example_sla_dag.py
[2025-11-06T05:57:59.533+0000] {processor.py:840} INFO - DAG(s) 'example_sla_dag' retrieved from /home/airflow/.local/lib/python3.8/site-packages/airflow/example_dags/example_sla_dag.py
[2025-11-06T05:57:59.563+0000] {logging_mixin.py:188} INFO - [2025-11-06T05:57:59.562+0000] {dag.py:3036} INFO - Sync 1 DAGs
[2025-11-06T05:57:59.599+0000] {logging_mixin.py:188} INFO - [2025-11-06T05:57:59.599+0000] {dag.py:3823} INFO - Setting next_dagrun for example_sla_dag to 2025-11-06 05:54:00+00:00, run_after=2025-11-06 05:56:00+00:00
[2025-11-06T05:57:59.634+0000] {processor.py:183} INFO - Processing /home/airflow/.local/lib/python3.8/site-packages/airflow/example_dags/example_sla_dag.py took 0.122 seconds
[2025-11-06T05:58:30.154+0000] {processor.py:161} INFO - Started process (PID=4642) to work on /home/airflow/.local/lib/python3.8/site-packages/airflow/example_dags/example_sla_dag.py
[2025-11-06T05:58:30.157+0000] {processor.py:830} INFO - Processing file /home/airflow/.local/lib/python3.8/site-packages/airflow/example_dags/example_sla_dag.py for tasks to queue
[2025-11-06T05:58:30.163+0000] {logging_mixin.py:188} INFO - [2025-11-06T05:58:30.162+0000] {dagbag.py:538} INFO - Filling up the DagBag from /home/airflow/.local/lib/python3.8/site-packages/airflow/example_dags/example_sla_dag.py
[2025-11-06T05:58:30.190+0000] {processor.py:840} INFO - DAG(s) 'example_sla_dag' retrieved from /home/airflow/.local/lib/python3.8/site-packages/airflow/example_dags/example_sla_dag.py
[2025-11-06T05:58:30.253+0000] {logging_mixin.py:188} INFO - [2025-11-06T05:58:30.253+0000] {dag.py:3036} INFO - Sync 1 DAGs
[2025-11-06T05:58:30.303+0000] {logging_mixin.py:188} INFO - [2025-11-06T05:58:30.302+0000] {dag.py:3823} INFO - Setting next_dagrun for example_sla_dag to 2025-11-06 05:56:00+00:00, run_after=2025-11-06 05:58:00+00:00
[2025-11-06T05:58:30.342+0000] {processor.py:183} INFO - Processing /home/airflow/.local/lib/python3.8/site-packages/airflow/example_dags/example_sla_dag.py took 0.199 seconds
[2025-11-06T05:59:02.052+0000] {processor.py:161} INFO - Started process (PID=4697) to work on /home/airflow/.local/lib/python3.8/site-packages/airflow/example_dags/example_sla_dag.py
[2025-11-06T05:59:02.060+0000] {processor.py:830} INFO - Processing file /home/airflow/.local/lib/python3.8/site-packages/airflow/example_dags/example_sla_dag.py for tasks to queue
[2025-11-06T05:59:02.076+0000] {logging_mixin.py:188} INFO - [2025-11-06T05:59:02.076+0000] {dagbag.py:538} INFO - Filling up the DagBag from /home/airflow/.local/lib/python3.8/site-packages/airflow/example_dags/example_sla_dag.py
[2025-11-06T05:59:02.154+0000] {processor.py:840} INFO - DAG(s) 'example_sla_dag' retrieved from /home/airflow/.local/lib/python3.8/site-packages/airflow/example_dags/example_sla_dag.py
[2025-11-06T05:59:02.304+0000] {logging_mixin.py:188} INFO - [2025-11-06T05:59:02.304+0000] {dag.py:3036} INFO - Sync 1 DAGs
[2025-11-06T05:59:02.506+0000] {logging_mixin.py:188} INFO - [2025-11-06T05:59:02.505+0000] {dag.py:3823} INFO - Setting next_dagrun for example_sla_dag to 2025-11-06 05:56:00+00:00, run_after=2025-11-06 05:58:00+00:00
[2025-11-06T05:59:02.737+0000] {processor.py:183} INFO - Processing /home/airflow/.local/lib/python3.8/site-packages/airflow/example_dags/example_sla_dag.py took 0.710 seconds
[2025-11-06T05:59:33.234+0000] {processor.py:161} INFO - Started process (PID=4752) to work on /home/airflow/.local/lib/python3.8/site-packages/airflow/example_dags/example_sla_dag.py
[2025-11-06T05:59:33.236+0000] {processor.py:830} INFO - Processing file /home/airflow/.local/lib/python3.8/site-packages/airflow/example_dags/example_sla_dag.py for tasks to queue
[2025-11-06T05:59:33.240+0000] {logging_mixin.py:188} INFO - [2025-11-06T05:59:33.239+0000] {dagbag.py:538} INFO - Filling up the DagBag from /home/airflow/.local/lib/python3.8/site-packages/airflow/example_dags/example_sla_dag.py
[2025-11-06T05:59:33.256+0000] {processor.py:840} INFO - DAG(s) 'example_sla_dag' retrieved from /home/airflow/.local/lib/python3.8/site-packages/airflow/example_dags/example_sla_dag.py
[2025-11-06T05:59:33.293+0000] {logging_mixin.py:188} INFO - [2025-11-06T05:59:33.293+0000] {dag.py:3036} INFO - Sync 1 DAGs
[2025-11-06T05:59:33.347+0000] {logging_mixin.py:188} INFO - [2025-11-06T05:59:33.347+0000] {dag.py:3823} INFO - Setting next_dagrun for example_sla_dag to 2025-11-06 05:56:00+00:00, run_after=2025-11-06 05:58:00+00:00
[2025-11-06T05:59:33.394+0000] {processor.py:183} INFO - Processing /home/airflow/.local/lib/python3.8/site-packages/airflow/example_dags/example_sla_dag.py took 0.165 seconds
[2025-11-06T06:00:03.735+0000] {processor.py:161} INFO - Started process (PID=4807) to work on /home/airflow/.local/lib/python3.8/site-packages/airflow/example_dags/example_sla_dag.py
[2025-11-06T06:00:03.737+0000] {processor.py:830} INFO - Processing file /home/airflow/.local/lib/python3.8/site-packages/airflow/example_dags/example_sla_dag.py for tasks to queue
[2025-11-06T06:00:03.740+0000] {logging_mixin.py:188} INFO - [2025-11-06T06:00:03.740+0000] {dagbag.py:538} INFO - Filling up the DagBag from /home/airflow/.local/lib/python3.8/site-packages/airflow/example_dags/example_sla_dag.py
[2025-11-06T06:00:03.755+0000] {processor.py:840} INFO - DAG(s) 'example_sla_dag' retrieved from /home/airflow/.local/lib/python3.8/site-packages/airflow/example_dags/example_sla_dag.py
[2025-11-06T06:00:03.789+0000] {logging_mixin.py:188} INFO - [2025-11-06T06:00:03.788+0000] {dag.py:3036} INFO - Sync 1 DAGs
[2025-11-06T06:00:03.843+0000] {logging_mixin.py:188} INFO - [2025-11-06T06:00:03.842+0000] {dag.py:3823} INFO - Setting next_dagrun for example_sla_dag to 2025-11-06 05:58:00+00:00, run_after=2025-11-06 06:00:00+00:00
[2025-11-06T06:00:03.879+0000] {processor.py:183} INFO - Processing /home/airflow/.local/lib/python3.8/site-packages/airflow/example_dags/example_sla_dag.py took 0.149 seconds
[2025-11-06T06:00:34.344+0000] {processor.py:161} INFO - Started process (PID=4863) to work on /home/airflow/.local/lib/python3.8/site-packages/airflow/example_dags/example_sla_dag.py
[2025-11-06T06:00:34.347+0000] {processor.py:830} INFO - Processing file /home/airflow/.local/lib/python3.8/site-packages/airflow/example_dags/example_sla_dag.py for tasks to queue
[2025-11-06T06:00:34.350+0000] {logging_mixin.py:188} INFO - [2025-11-06T06:00:34.350+0000] {dagbag.py:538} INFO - Filling up the DagBag from /home/airflow/.local/lib/python3.8/site-packages/airflow/example_dags/example_sla_dag.py
[2025-11-06T06:00:34.365+0000] {processor.py:840} INFO - DAG(s) 'example_sla_dag' retrieved from /home/airflow/.local/lib/python3.8/site-packages/airflow/example_dags/example_sla_dag.py
[2025-11-06T06:00:34.401+0000] {logging_mixin.py:188} INFO - [2025-11-06T06:00:34.400+0000] {dag.py:3036} INFO - Sync 1 DAGs
[2025-11-06T06:00:34.455+0000] {logging_mixin.py:188} INFO - [2025-11-06T06:00:34.454+0000] {dag.py:3823} INFO - Setting next_dagrun for example_sla_dag to 2025-11-06 05:58:00+00:00, run_after=2025-11-06 06:00:00+00:00
[2025-11-06T06:00:34.500+0000] {processor.py:183} INFO - Processing /home/airflow/.local/lib/python3.8/site-packages/airflow/example_dags/example_sla_dag.py took 0.163 seconds
[2025-11-06T06:01:05.586+0000] {processor.py:161} INFO - Started process (PID=4918) to work on /home/airflow/.local/lib/python3.8/site-packages/airflow/example_dags/example_sla_dag.py
[2025-11-06T06:01:05.593+0000] {processor.py:830} INFO - Processing file /home/airflow/.local/lib/python3.8/site-packages/airflow/example_dags/example_sla_dag.py for tasks to queue
[2025-11-06T06:01:05.606+0000] {logging_mixin.py:188} INFO - [2025-11-06T06:01:05.605+0000] {dagbag.py:538} INFO - Filling up the DagBag from /home/airflow/.local/lib/python3.8/site-packages/airflow/example_dags/example_sla_dag.py
[2025-11-06T06:01:05.644+0000] {processor.py:840} INFO - DAG(s) 'example_sla_dag' retrieved from /home/airflow/.local/lib/python3.8/site-packages/airflow/example_dags/example_sla_dag.py
[2025-11-06T06:01:05.732+0000] {logging_mixin.py:188} INFO - [2025-11-06T06:01:05.731+0000] {dag.py:3036} INFO - Sync 1 DAGs
[2025-11-06T06:01:05.867+0000] {logging_mixin.py:188} INFO - [2025-11-06T06:01:05.867+0000] {dag.py:3823} INFO - Setting next_dagrun for example_sla_dag to 2025-11-06 05:58:00+00:00, run_after=2025-11-06 06:00:00+00:00
[2025-11-06T06:01:05.942+0000] {processor.py:183} INFO - Processing /home/airflow/.local/lib/python3.8/site-packages/airflow/example_dags/example_sla_dag.py took 0.371 seconds
[2025-11-06T06:01:36.089+0000] {processor.py:161} INFO - Started process (PID=4973) to work on /home/airflow/.local/lib/python3.8/site-packages/airflow/example_dags/example_sla_dag.py
[2025-11-06T06:01:36.090+0000] {processor.py:830} INFO - Processing file /home/airflow/.local/lib/python3.8/site-packages/airflow/example_dags/example_sla_dag.py for tasks to queue
[2025-11-06T06:01:36.094+0000] {logging_mixin.py:188} INFO - [2025-11-06T06:01:36.093+0000] {dagbag.py:538} INFO - Filling up the DagBag from /home/airflow/.local/lib/python3.8/site-packages/airflow/example_dags/example_sla_dag.py
[2025-11-06T06:01:36.104+0000] {processor.py:840} INFO - DAG(s) 'example_sla_dag' retrieved from /home/airflow/.local/lib/python3.8/site-packages/airflow/example_dags/example_sla_dag.py
[2025-11-06T06:01:36.131+0000] {logging_mixin.py:188} INFO - [2025-11-06T06:01:36.130+0000] {dag.py:3036} INFO - Sync 1 DAGs
[2025-11-06T06:01:36.160+0000] {logging_mixin.py:188} INFO - [2025-11-06T06:01:36.160+0000] {dag.py:3823} INFO - Setting next_dagrun for example_sla_dag to 2025-11-06 05:58:00+00:00, run_after=2025-11-06 06:00:00+00:00
[2025-11-06T06:01:36.194+0000] {processor.py:183} INFO - Processing /home/airflow/.local/lib/python3.8/site-packages/airflow/example_dags/example_sla_dag.py took 0.109 seconds
[2025-11-06T06:02:07.071+0000] {processor.py:161} INFO - Started process (PID=5028) to work on /home/airflow/.local/lib/python3.8/site-packages/airflow/example_dags/example_sla_dag.py
[2025-11-06T06:02:07.075+0000] {processor.py:830} INFO - Processing file /home/airflow/.local/lib/python3.8/site-packages/airflow/example_dags/example_sla_dag.py for tasks to queue
[2025-11-06T06:02:07.082+0000] {logging_mixin.py:188} INFO - [2025-11-06T06:02:07.082+0000] {dagbag.py:538} INFO - Filling up the DagBag from /home/airflow/.local/lib/python3.8/site-packages/airflow/example_dags/example_sla_dag.py
[2025-11-06T06:02:07.106+0000] {processor.py:840} INFO - DAG(s) 'example_sla_dag' retrieved from /home/airflow/.local/lib/python3.8/site-packages/airflow/example_dags/example_sla_dag.py
[2025-11-06T06:02:07.181+0000] {logging_mixin.py:188} INFO - [2025-11-06T06:02:07.180+0000] {dag.py:3036} INFO - Sync 1 DAGs
[2025-11-06T06:02:07.277+0000] {logging_mixin.py:188} INFO - [2025-11-06T06:02:07.277+0000] {dag.py:3823} INFO - Setting next_dagrun for example_sla_dag to 2025-11-06 06:00:00+00:00, run_after=2025-11-06 06:02:00+00:00
[2025-11-06T06:02:07.342+0000] {processor.py:183} INFO - Processing /home/airflow/.local/lib/python3.8/site-packages/airflow/example_dags/example_sla_dag.py took 0.281 seconds
[2025-11-06T06:02:37.611+0000] {processor.py:161} INFO - Started process (PID=5083) to work on /home/airflow/.local/lib/python3.8/site-packages/airflow/example_dags/example_sla_dag.py
[2025-11-06T06:02:37.614+0000] {processor.py:830} INFO - Processing file /home/airflow/.local/lib/python3.8/site-packages/airflow/example_dags/example_sla_dag.py for tasks to queue
[2025-11-06T06:02:37.621+0000] {logging_mixin.py:188} INFO - [2025-11-06T06:02:37.620+0000] {dagbag.py:538} INFO - Filling up the DagBag from /home/airflow/.local/lib/python3.8/site-packages/airflow/example_dags/example_sla_dag.py
[2025-11-06T06:02:37.650+0000] {processor.py:840} INFO - DAG(s) 'example_sla_dag' retrieved from /home/airflow/.local/lib/python3.8/site-packages/airflow/example_dags/example_sla_dag.py
[2025-11-06T06:02:37.725+0000] {logging_mixin.py:188} INFO - [2025-11-06T06:02:37.725+0000] {dag.py:3036} INFO - Sync 1 DAGs
[2025-11-06T06:02:37.830+0000] {logging_mixin.py:188} INFO - [2025-11-06T06:02:37.829+0000] {dag.py:3823} INFO - Setting next_dagrun for example_sla_dag to 2025-11-06 06:00:00+00:00, run_after=2025-11-06 06:02:00+00:00
[2025-11-06T06:02:37.902+0000] {processor.py:183} INFO - Processing /home/airflow/.local/lib/python3.8/site-packages/airflow/example_dags/example_sla_dag.py took 0.303 seconds
[2025-11-06T06:03:08.765+0000] {processor.py:161} INFO - Started process (PID=5138) to work on /home/airflow/.local/lib/python3.8/site-packages/airflow/example_dags/example_sla_dag.py
[2025-11-06T06:03:08.769+0000] {processor.py:830} INFO - Processing file /home/airflow/.local/lib/python3.8/site-packages/airflow/example_dags/example_sla_dag.py for tasks to queue
[2025-11-06T06:03:08.775+0000] {logging_mixin.py:188} INFO - [2025-11-06T06:03:08.774+0000] {dagbag.py:538} INFO - Filling up the DagBag from /home/airflow/.local/lib/python3.8/site-packages/airflow/example_dags/example_sla_dag.py
[2025-11-06T06:03:08.802+0000] {processor.py:840} INFO - DAG(s) 'example_sla_dag' retrieved from /home/airflow/.local/lib/python3.8/site-packages/airflow/example_dags/example_sla_dag.py
[2025-11-06T06:03:08.903+0000] {logging_mixin.py:188} INFO - [2025-11-06T06:03:08.902+0000] {dag.py:3036} INFO - Sync 1 DAGs
[2025-11-06T06:03:09.035+0000] {logging_mixin.py:188} INFO - [2025-11-06T06:03:09.034+0000] {dag.py:3823} INFO - Setting next_dagrun for example_sla_dag to 2025-11-06 06:00:00+00:00, run_after=2025-11-06 06:02:00+00:00
[2025-11-06T06:03:09.089+0000] {processor.py:183} INFO - Processing /home/airflow/.local/lib/python3.8/site-packages/airflow/example_dags/example_sla_dag.py took 0.337 seconds
[2025-11-06T06:03:39.265+0000] {processor.py:161} INFO - Started process (PID=5193) to work on /home/airflow/.local/lib/python3.8/site-packages/airflow/example_dags/example_sla_dag.py
[2025-11-06T06:03:39.268+0000] {processor.py:830} INFO - Processing file /home/airflow/.local/lib/python3.8/site-packages/airflow/example_dags/example_sla_dag.py for tasks to queue
[2025-11-06T06:03:39.275+0000] {logging_mixin.py:188} INFO - [2025-11-06T06:03:39.274+0000] {dagbag.py:538} INFO - Filling up the DagBag from /home/airflow/.local/lib/python3.8/site-packages/airflow/example_dags/example_sla_dag.py
[2025-11-06T06:03:39.303+0000] {processor.py:840} INFO - DAG(s) 'example_sla_dag' retrieved from /home/airflow/.local/lib/python3.8/site-packages/airflow/example_dags/example_sla_dag.py
[2025-11-06T06:03:39.370+0000] {logging_mixin.py:188} INFO - [2025-11-06T06:03:39.369+0000] {dag.py:3036} INFO - Sync 1 DAGs
[2025-11-06T06:03:39.441+0000] {logging_mixin.py:188} INFO - [2025-11-06T06:03:39.440+0000] {dag.py:3823} INFO - Setting next_dagrun for example_sla_dag to 2025-11-06 06:00:00+00:00, run_after=2025-11-06 06:02:00+00:00
[2025-11-06T06:03:39.494+0000] {processor.py:183} INFO - Processing /home/airflow/.local/lib/python3.8/site-packages/airflow/example_dags/example_sla_dag.py took 0.239 seconds
[2025-11-06T06:04:10.058+0000] {processor.py:161} INFO - Started process (PID=5248) to work on /home/airflow/.local/lib/python3.8/site-packages/airflow/example_dags/example_sla_dag.py
[2025-11-06T06:04:10.060+0000] {processor.py:830} INFO - Processing file /home/airflow/.local/lib/python3.8/site-packages/airflow/example_dags/example_sla_dag.py for tasks to queue
[2025-11-06T06:04:10.064+0000] {logging_mixin.py:188} INFO - [2025-11-06T06:04:10.063+0000] {dagbag.py:538} INFO - Filling up the DagBag from /home/airflow/.local/lib/python3.8/site-packages/airflow/example_dags/example_sla_dag.py
[2025-11-06T06:04:10.078+0000] {processor.py:840} INFO - DAG(s) 'example_sla_dag' retrieved from /home/airflow/.local/lib/python3.8/site-packages/airflow/example_dags/example_sla_dag.py
[2025-11-06T06:04:10.112+0000] {logging_mixin.py:188} INFO - [2025-11-06T06:04:10.111+0000] {dag.py:3036} INFO - Sync 1 DAGs
[2025-11-06T06:04:10.150+0000] {logging_mixin.py:188} INFO - [2025-11-06T06:04:10.150+0000] {dag.py:3823} INFO - Setting next_dagrun for example_sla_dag to 2025-11-06 06:02:00+00:00, run_after=2025-11-06 06:04:00+00:00
[2025-11-06T06:04:10.187+0000] {processor.py:183} INFO - Processing /home/airflow/.local/lib/python3.8/site-packages/airflow/example_dags/example_sla_dag.py took 0.137 seconds
[2025-11-06T06:04:40.569+0000] {processor.py:161} INFO - Started process (PID=5303) to work on /home/airflow/.local/lib/python3.8/site-packages/airflow/example_dags/example_sla_dag.py
[2025-11-06T06:04:40.573+0000] {processor.py:830} INFO - Processing file /home/airflow/.local/lib/python3.8/site-packages/airflow/example_dags/example_sla_dag.py for tasks to queue
[2025-11-06T06:04:40.579+0000] {logging_mixin.py:188} INFO - [2025-11-06T06:04:40.579+0000] {dagbag.py:538} INFO - Filling up the DagBag from /home/airflow/.local/lib/python3.8/site-packages/airflow/example_dags/example_sla_dag.py
[2025-11-06T06:04:40.599+0000] {processor.py:840} INFO - DAG(s) 'example_sla_dag' retrieved from /home/airflow/.local/lib/python3.8/site-packages/airflow/example_dags/example_sla_dag.py
[2025-11-06T06:04:40.643+0000] {logging_mixin.py:188} INFO - [2025-11-06T06:04:40.642+0000] {dag.py:3036} INFO - Sync 1 DAGs
[2025-11-06T06:04:40.691+0000] {logging_mixin.py:188} INFO - [2025-11-06T06:04:40.690+0000] {dag.py:3823} INFO - Setting next_dagrun for example_sla_dag to 2025-11-06 06:02:00+00:00, run_after=2025-11-06 06:04:00+00:00
[2025-11-06T06:04:40.759+0000] {processor.py:183} INFO - Processing /home/airflow/.local/lib/python3.8/site-packages/airflow/example_dags/example_sla_dag.py took 0.206 seconds
[2025-11-06T06:05:11.235+0000] {processor.py:161} INFO - Started process (PID=5358) to work on /home/airflow/.local/lib/python3.8/site-packages/airflow/example_dags/example_sla_dag.py
[2025-11-06T06:05:11.238+0000] {processor.py:830} INFO - Processing file /home/airflow/.local/lib/python3.8/site-packages/airflow/example_dags/example_sla_dag.py for tasks to queue
[2025-11-06T06:05:11.256+0000] {logging_mixin.py:188} INFO - [2025-11-06T06:05:11.255+0000] {dagbag.py:538} INFO - Filling up the DagBag from /home/airflow/.local/lib/python3.8/site-packages/airflow/example_dags/example_sla_dag.py
[2025-11-06T06:05:11.332+0000] {processor.py:840} INFO - DAG(s) 'example_sla_dag' retrieved from /home/airflow/.local/lib/python3.8/site-packages/airflow/example_dags/example_sla_dag.py
[2025-11-06T06:05:11.469+0000] {logging_mixin.py:188} INFO - [2025-11-06T06:05:11.468+0000] {dag.py:3036} INFO - Sync 1 DAGs
[2025-11-06T06:05:11.660+0000] {logging_mixin.py:188} INFO - [2025-11-06T06:05:11.659+0000] {dag.py:3823} INFO - Setting next_dagrun for example_sla_dag to 2025-11-06 06:02:00+00:00, run_after=2025-11-06 06:04:00+00:00
[2025-11-06T06:05:11.790+0000] {processor.py:183} INFO - Processing /home/airflow/.local/lib/python3.8/site-packages/airflow/example_dags/example_sla_dag.py took 0.575 seconds
[2025-11-06T06:05:42.616+0000] {processor.py:161} INFO - Started process (PID=5414) to work on /home/airflow/.local/lib/python3.8/site-packages/airflow/example_dags/example_sla_dag.py
[2025-11-06T06:05:42.645+0000] {processor.py:830} INFO - Processing file /home/airflow/.local/lib/python3.8/site-packages/airflow/example_dags/example_sla_dag.py for tasks to queue
[2025-11-06T06:05:42.663+0000] {logging_mixin.py:188} INFO - [2025-11-06T06:05:42.662+0000] {dagbag.py:538} INFO - Filling up the DagBag from /home/airflow/.local/lib/python3.8/site-packages/airflow/example_dags/example_sla_dag.py
[2025-11-06T06:05:42.720+0000] {processor.py:840} INFO - DAG(s) 'example_sla_dag' retrieved from /home/airflow/.local/lib/python3.8/site-packages/airflow/example_dags/example_sla_dag.py
[2025-11-06T06:05:42.785+0000] {logging_mixin.py:188} INFO - [2025-11-06T06:05:42.784+0000] {dag.py:3036} INFO - Sync 1 DAGs
[2025-11-06T06:05:42.913+0000] {logging_mixin.py:188} INFO - [2025-11-06T06:05:42.911+0000] {dag.py:3823} INFO - Setting next_dagrun for example_sla_dag to 2025-11-06 06:02:00+00:00, run_after=2025-11-06 06:04:00+00:00
[2025-11-06T06:05:43.030+0000] {processor.py:183} INFO - Processing /home/airflow/.local/lib/python3.8/site-packages/airflow/example_dags/example_sla_dag.py took 0.443 seconds
[2025-11-06T06:06:13.574+0000] {processor.py:161} INFO - Started process (PID=5467) to work on /home/airflow/.local/lib/python3.8/site-packages/airflow/example_dags/example_sla_dag.py
[2025-11-06T06:06:13.578+0000] {processor.py:830} INFO - Processing file /home/airflow/.local/lib/python3.8/site-packages/airflow/example_dags/example_sla_dag.py for tasks to queue
[2025-11-06T06:06:13.586+0000] {logging_mixin.py:188} INFO - [2025-11-06T06:06:13.584+0000] {dagbag.py:538} INFO - Filling up the DagBag from /home/airflow/.local/lib/python3.8/site-packages/airflow/example_dags/example_sla_dag.py
[2025-11-06T06:06:13.612+0000] {processor.py:840} INFO - DAG(s) 'example_sla_dag' retrieved from /home/airflow/.local/lib/python3.8/site-packages/airflow/example_dags/example_sla_dag.py
[2025-11-06T06:06:13.685+0000] {logging_mixin.py:188} INFO - [2025-11-06T06:06:13.684+0000] {dag.py:3036} INFO - Sync 1 DAGs
[2025-11-06T06:06:13.778+0000] {logging_mixin.py:188} INFO - [2025-11-06T06:06:13.777+0000] {dag.py:3823} INFO - Setting next_dagrun for example_sla_dag to 2025-11-06 06:04:00+00:00, run_after=2025-11-06 06:06:00+00:00
[2025-11-06T06:06:13.857+0000] {processor.py:183} INFO - Processing /home/airflow/.local/lib/python3.8/site-packages/airflow/example_dags/example_sla_dag.py took 0.304 seconds
[2025-11-06T06:06:44.197+0000] {processor.py:161} INFO - Started process (PID=5522) to work on /home/airflow/.local/lib/python3.8/site-packages/airflow/example_dags/example_sla_dag.py
[2025-11-06T06:06:44.199+0000] {processor.py:830} INFO - Processing file /home/airflow/.local/lib/python3.8/site-packages/airflow/example_dags/example_sla_dag.py for tasks to queue
[2025-11-06T06:06:44.203+0000] {logging_mixin.py:188} INFO - [2025-11-06T06:06:44.203+0000] {dagbag.py:538} INFO - Filling up the DagBag from /home/airflow/.local/lib/python3.8/site-packages/airflow/example_dags/example_sla_dag.py
[2025-11-06T06:06:44.226+0000] {processor.py:840} INFO - DAG(s) 'example_sla_dag' retrieved from /home/airflow/.local/lib/python3.8/site-packages/airflow/example_dags/example_sla_dag.py
[2025-11-06T06:06:44.269+0000] {logging_mixin.py:188} INFO - [2025-11-06T06:06:44.269+0000] {dag.py:3036} INFO - Sync 1 DAGs
[2025-11-06T06:06:44.317+0000] {logging_mixin.py:188} INFO - [2025-11-06T06:06:44.317+0000] {dag.py:3823} INFO - Setting next_dagrun for example_sla_dag to 2025-11-06 06:04:00+00:00, run_after=2025-11-06 06:06:00+00:00
[2025-11-06T06:06:44.350+0000] {processor.py:183} INFO - Processing /home/airflow/.local/lib/python3.8/site-packages/airflow/example_dags/example_sla_dag.py took 0.160 seconds
[2025-11-06T06:07:15.065+0000] {processor.py:161} INFO - Started process (PID=5577) to work on /home/airflow/.local/lib/python3.8/site-packages/airflow/example_dags/example_sla_dag.py
[2025-11-06T06:07:15.067+0000] {processor.py:830} INFO - Processing file /home/airflow/.local/lib/python3.8/site-packages/airflow/example_dags/example_sla_dag.py for tasks to queue
[2025-11-06T06:07:15.071+0000] {logging_mixin.py:188} INFO - [2025-11-06T06:07:15.070+0000] {dagbag.py:538} INFO - Filling up the DagBag from /home/airflow/.local/lib/python3.8/site-packages/airflow/example_dags/example_sla_dag.py
[2025-11-06T06:07:15.084+0000] {processor.py:840} INFO - DAG(s) 'example_sla_dag' retrieved from /home/airflow/.local/lib/python3.8/site-packages/airflow/example_dags/example_sla_dag.py
[2025-11-06T06:07:15.115+0000] {logging_mixin.py:188} INFO - [2025-11-06T06:07:15.115+0000] {dag.py:3036} INFO - Sync 1 DAGs
[2025-11-06T06:07:15.150+0000] {logging_mixin.py:188} INFO - [2025-11-06T06:07:15.150+0000] {dag.py:3823} INFO - Setting next_dagrun for example_sla_dag to 2025-11-06 06:04:00+00:00, run_after=2025-11-06 06:06:00+00:00
[2025-11-06T06:07:15.179+0000] {processor.py:183} INFO - Processing /home/airflow/.local/lib/python3.8/site-packages/airflow/example_dags/example_sla_dag.py took 0.120 seconds
[2025-11-06T06:07:45.407+0000] {processor.py:161} INFO - Started process (PID=5632) to work on /home/airflow/.local/lib/python3.8/site-packages/airflow/example_dags/example_sla_dag.py
[2025-11-06T06:07:45.411+0000] {processor.py:830} INFO - Processing file /home/airflow/.local/lib/python3.8/site-packages/airflow/example_dags/example_sla_dag.py for tasks to queue
[2025-11-06T06:07:45.427+0000] {logging_mixin.py:188} INFO - [2025-11-06T06:07:45.426+0000] {dagbag.py:538} INFO - Filling up the DagBag from /home/airflow/.local/lib/python3.8/site-packages/airflow/example_dags/example_sla_dag.py
[2025-11-06T06:07:45.479+0000] {processor.py:840} INFO - DAG(s) 'example_sla_dag' retrieved from /home/airflow/.local/lib/python3.8/site-packages/airflow/example_dags/example_sla_dag.py
[2025-11-06T06:07:45.586+0000] {logging_mixin.py:188} INFO - [2025-11-06T06:07:45.585+0000] {dag.py:3036} INFO - Sync 1 DAGs
[2025-11-06T06:07:45.711+0000] {logging_mixin.py:188} INFO - [2025-11-06T06:07:45.707+0000] {dag.py:3823} INFO - Setting next_dagrun for example_sla_dag to 2025-11-06 06:04:00+00:00, run_after=2025-11-06 06:06:00+00:00
[2025-11-06T06:07:45.776+0000] {processor.py:183} INFO - Processing /home/airflow/.local/lib/python3.8/site-packages/airflow/example_dags/example_sla_dag.py took 0.387 seconds
[2025-11-06T06:08:16.183+0000] {processor.py:161} INFO - Started process (PID=5687) to work on /home/airflow/.local/lib/python3.8/site-packages/airflow/example_dags/example_sla_dag.py
[2025-11-06T06:08:16.185+0000] {processor.py:830} INFO - Processing file /home/airflow/.local/lib/python3.8/site-packages/airflow/example_dags/example_sla_dag.py for tasks to queue
[2025-11-06T06:08:16.190+0000] {logging_mixin.py:188} INFO - [2025-11-06T06:08:16.190+0000] {dagbag.py:538} INFO - Filling up the DagBag from /home/airflow/.local/lib/python3.8/site-packages/airflow/example_dags/example_sla_dag.py
[2025-11-06T06:08:16.215+0000] {processor.py:840} INFO - DAG(s) 'example_sla_dag' retrieved from /home/airflow/.local/lib/python3.8/site-packages/airflow/example_dags/example_sla_dag.py
[2025-11-06T06:08:16.278+0000] {logging_mixin.py:188} INFO - [2025-11-06T06:08:16.277+0000] {dag.py:3036} INFO - Sync 1 DAGs
[2025-11-06T06:08:16.360+0000] {logging_mixin.py:188} INFO - [2025-11-06T06:08:16.359+0000] {dag.py:3823} INFO - Setting next_dagrun for example_sla_dag to 2025-11-06 06:06:00+00:00, run_after=2025-11-06 06:08:00+00:00
[2025-11-06T06:08:16.422+0000] {processor.py:183} INFO - Processing /home/airflow/.local/lib/python3.8/site-packages/airflow/example_dags/example_sla_dag.py took 0.247 seconds
[2025-11-06T06:08:47.407+0000] {processor.py:161} INFO - Started process (PID=5742) to work on /home/airflow/.local/lib/python3.8/site-packages/airflow/example_dags/example_sla_dag.py
[2025-11-06T06:08:47.409+0000] {processor.py:830} INFO - Processing file /home/airflow/.local/lib/python3.8/site-packages/airflow/example_dags/example_sla_dag.py for tasks to queue
[2025-11-06T06:08:47.412+0000] {logging_mixin.py:188} INFO - [2025-11-06T06:08:47.411+0000] {dagbag.py:538} INFO - Filling up the DagBag from /home/airflow/.local/lib/python3.8/site-packages/airflow/example_dags/example_sla_dag.py
[2025-11-06T06:08:47.422+0000] {processor.py:840} INFO - DAG(s) 'example_sla_dag' retrieved from /home/airflow/.local/lib/python3.8/site-packages/airflow/example_dags/example_sla_dag.py
[2025-11-06T06:08:47.452+0000] {logging_mixin.py:188} INFO - [2025-11-06T06:08:47.452+0000] {dag.py:3036} INFO - Sync 1 DAGs
[2025-11-06T06:08:47.508+0000] {logging_mixin.py:188} INFO - [2025-11-06T06:08:47.507+0000] {dag.py:3823} INFO - Setting next_dagrun for example_sla_dag to 2025-11-06 06:06:00+00:00, run_after=2025-11-06 06:08:00+00:00
[2025-11-06T06:08:47.544+0000] {processor.py:183} INFO - Processing /home/airflow/.local/lib/python3.8/site-packages/airflow/example_dags/example_sla_dag.py took 0.141 seconds
[2025-11-06T06:09:18.183+0000] {processor.py:161} INFO - Started process (PID=5798) to work on /home/airflow/.local/lib/python3.8/site-packages/airflow/example_dags/example_sla_dag.py
[2025-11-06T06:09:18.186+0000] {processor.py:830} INFO - Processing file /home/airflow/.local/lib/python3.8/site-packages/airflow/example_dags/example_sla_dag.py for tasks to queue
[2025-11-06T06:09:18.191+0000] {logging_mixin.py:188} INFO - [2025-11-06T06:09:18.191+0000] {dagbag.py:538} INFO - Filling up the DagBag from /home/airflow/.local/lib/python3.8/site-packages/airflow/example_dags/example_sla_dag.py
[2025-11-06T06:09:18.207+0000] {processor.py:840} INFO - DAG(s) 'example_sla_dag' retrieved from /home/airflow/.local/lib/python3.8/site-packages/airflow/example_dags/example_sla_dag.py
[2025-11-06T06:09:18.243+0000] {logging_mixin.py:188} INFO - [2025-11-06T06:09:18.243+0000] {dag.py:3036} INFO - Sync 1 DAGs
[2025-11-06T06:09:18.290+0000] {logging_mixin.py:188} INFO - [2025-11-06T06:09:18.290+0000] {dag.py:3823} INFO - Setting next_dagrun for example_sla_dag to 2025-11-06 06:06:00+00:00, run_after=2025-11-06 06:08:00+00:00
[2025-11-06T06:09:18.326+0000] {processor.py:183} INFO - Processing /home/airflow/.local/lib/python3.8/site-packages/airflow/example_dags/example_sla_dag.py took 0.153 seconds
[2025-11-06T06:09:49.338+0000] {processor.py:161} INFO - Started process (PID=5853) to work on /home/airflow/.local/lib/python3.8/site-packages/airflow/example_dags/example_sla_dag.py
[2025-11-06T06:09:49.342+0000] {processor.py:830} INFO - Processing file /home/airflow/.local/lib/python3.8/site-packages/airflow/example_dags/example_sla_dag.py for tasks to queue
[2025-11-06T06:09:49.348+0000] {logging_mixin.py:188} INFO - [2025-11-06T06:09:49.347+0000] {dagbag.py:538} INFO - Filling up the DagBag from /home/airflow/.local/lib/python3.8/site-packages/airflow/example_dags/example_sla_dag.py
[2025-11-06T06:09:49.379+0000] {processor.py:840} INFO - DAG(s) 'example_sla_dag' retrieved from /home/airflow/.local/lib/python3.8/site-packages/airflow/example_dags/example_sla_dag.py
[2025-11-06T06:09:49.444+0000] {logging_mixin.py:188} INFO - [2025-11-06T06:09:49.443+0000] {dag.py:3036} INFO - Sync 1 DAGs
[2025-11-06T06:09:49.537+0000] {logging_mixin.py:188} INFO - [2025-11-06T06:09:49.534+0000] {dag.py:3823} INFO - Setting next_dagrun for example_sla_dag to 2025-11-06 06:06:00+00:00, run_after=2025-11-06 06:08:00+00:00
[2025-11-06T06:09:49.605+0000] {processor.py:183} INFO - Processing /home/airflow/.local/lib/python3.8/site-packages/airflow/example_dags/example_sla_dag.py took 0.280 seconds
[2025-11-06T06:10:20.535+0000] {processor.py:161} INFO - Started process (PID=5910) to work on /home/airflow/.local/lib/python3.8/site-packages/airflow/example_dags/example_sla_dag.py
[2025-11-06T06:10:20.538+0000] {processor.py:830} INFO - Processing file /home/airflow/.local/lib/python3.8/site-packages/airflow/example_dags/example_sla_dag.py for tasks to queue
[2025-11-06T06:10:20.543+0000] {logging_mixin.py:188} INFO - [2025-11-06T06:10:20.542+0000] {dagbag.py:538} INFO - Filling up the DagBag from /home/airflow/.local/lib/python3.8/site-packages/airflow/example_dags/example_sla_dag.py
[2025-11-06T06:10:20.569+0000] {processor.py:840} INFO - DAG(s) 'example_sla_dag' retrieved from /home/airflow/.local/lib/python3.8/site-packages/airflow/example_dags/example_sla_dag.py
[2025-11-06T06:10:20.607+0000] {logging_mixin.py:188} INFO - [2025-11-06T06:10:20.607+0000] {dag.py:3036} INFO - Sync 1 DAGs
[2025-11-06T06:10:20.655+0000] {logging_mixin.py:188} INFO - [2025-11-06T06:10:20.654+0000] {dag.py:3823} INFO - Setting next_dagrun for example_sla_dag to 2025-11-06 06:08:00+00:00, run_after=2025-11-06 06:10:00+00:00
[2025-11-06T06:10:20.697+0000] {processor.py:183} INFO - Processing /home/airflow/.local/lib/python3.8/site-packages/airflow/example_dags/example_sla_dag.py took 0.172 seconds
[2025-11-06T06:10:51.603+0000] {processor.py:161} INFO - Started process (PID=5966) to work on /home/airflow/.local/lib/python3.8/site-packages/airflow/example_dags/example_sla_dag.py
[2025-11-06T06:10:51.605+0000] {processor.py:830} INFO - Processing file /home/airflow/.local/lib/python3.8/site-packages/airflow/example_dags/example_sla_dag.py for tasks to queue
[2025-11-06T06:10:51.608+0000] {logging_mixin.py:188} INFO - [2025-11-06T06:10:51.608+0000] {dagbag.py:538} INFO - Filling up the DagBag from /home/airflow/.local/lib/python3.8/site-packages/airflow/example_dags/example_sla_dag.py
[2025-11-06T06:10:51.622+0000] {processor.py:840} INFO - DAG(s) 'example_sla_dag' retrieved from /home/airflow/.local/lib/python3.8/site-packages/airflow/example_dags/example_sla_dag.py
[2025-11-06T06:10:51.653+0000] {logging_mixin.py:188} INFO - [2025-11-06T06:10:51.653+0000] {dag.py:3036} INFO - Sync 1 DAGs
[2025-11-06T06:10:51.692+0000] {logging_mixin.py:188} INFO - [2025-11-06T06:10:51.691+0000] {dag.py:3823} INFO - Setting next_dagrun for example_sla_dag to 2025-11-06 06:08:00+00:00, run_after=2025-11-06 06:10:00+00:00
[2025-11-06T06:10:51.727+0000] {processor.py:183} INFO - Processing /home/airflow/.local/lib/python3.8/site-packages/airflow/example_dags/example_sla_dag.py took 0.130 seconds
[2025-11-06T06:11:22.332+0000] {processor.py:161} INFO - Started process (PID=6021) to work on /home/airflow/.local/lib/python3.8/site-packages/airflow/example_dags/example_sla_dag.py
[2025-11-06T06:11:22.334+0000] {processor.py:830} INFO - Processing file /home/airflow/.local/lib/python3.8/site-packages/airflow/example_dags/example_sla_dag.py for tasks to queue
[2025-11-06T06:11:22.337+0000] {logging_mixin.py:188} INFO - [2025-11-06T06:11:22.337+0000] {dagbag.py:538} INFO - Filling up the DagBag from /home/airflow/.local/lib/python3.8/site-packages/airflow/example_dags/example_sla_dag.py
[2025-11-06T06:11:22.355+0000] {processor.py:840} INFO - DAG(s) 'example_sla_dag' retrieved from /home/airflow/.local/lib/python3.8/site-packages/airflow/example_dags/example_sla_dag.py
[2025-11-06T06:11:22.385+0000] {logging_mixin.py:188} INFO - [2025-11-06T06:11:22.385+0000] {dag.py:3036} INFO - Sync 1 DAGs
[2025-11-06T06:11:22.422+0000] {logging_mixin.py:188} INFO - [2025-11-06T06:11:22.422+0000] {dag.py:3823} INFO - Setting next_dagrun for example_sla_dag to 2025-11-06 06:08:00+00:00, run_after=2025-11-06 06:10:00+00:00
[2025-11-06T06:11:22.456+0000] {processor.py:183} INFO - Processing /home/airflow/.local/lib/python3.8/site-packages/airflow/example_dags/example_sla_dag.py took 0.129 seconds
[2025-11-06T06:11:53.551+0000] {processor.py:161} INFO - Started process (PID=6076) to work on /home/airflow/.local/lib/python3.8/site-packages/airflow/example_dags/example_sla_dag.py
[2025-11-06T06:11:53.557+0000] {processor.py:830} INFO - Processing file /home/airflow/.local/lib/python3.8/site-packages/airflow/example_dags/example_sla_dag.py for tasks to queue
[2025-11-06T06:11:53.570+0000] {logging_mixin.py:188} INFO - [2025-11-06T06:11:53.569+0000] {dagbag.py:538} INFO - Filling up the DagBag from /home/airflow/.local/lib/python3.8/site-packages/airflow/example_dags/example_sla_dag.py
[2025-11-06T06:11:53.636+0000] {processor.py:840} INFO - DAG(s) 'example_sla_dag' retrieved from /home/airflow/.local/lib/python3.8/site-packages/airflow/example_dags/example_sla_dag.py
[2025-11-06T06:11:53.766+0000] {logging_mixin.py:188} INFO - [2025-11-06T06:11:53.766+0000] {dag.py:3036} INFO - Sync 1 DAGs
[2025-11-06T06:11:54.019+0000] {logging_mixin.py:188} INFO - [2025-11-06T06:11:54.019+0000] {dag.py:3823} INFO - Setting next_dagrun for example_sla_dag to 2025-11-06 06:08:00+00:00, run_after=2025-11-06 06:10:00+00:00
[2025-11-06T06:11:54.141+0000] {processor.py:183} INFO - Processing /home/airflow/.local/lib/python3.8/site-packages/airflow/example_dags/example_sla_dag.py took 0.605 seconds
[2025-11-06T06:12:24.259+0000] {processor.py:161} INFO - Started process (PID=6131) to work on /home/airflow/.local/lib/python3.8/site-packages/airflow/example_dags/example_sla_dag.py
[2025-11-06T06:12:24.261+0000] {processor.py:830} INFO - Processing file /home/airflow/.local/lib/python3.8/site-packages/airflow/example_dags/example_sla_dag.py for tasks to queue
[2025-11-06T06:12:24.264+0000] {logging_mixin.py:188} INFO - [2025-11-06T06:12:24.264+0000] {dagbag.py:538} INFO - Filling up the DagBag from /home/airflow/.local/lib/python3.8/site-packages/airflow/example_dags/example_sla_dag.py
[2025-11-06T06:12:24.278+0000] {processor.py:840} INFO - DAG(s) 'example_sla_dag' retrieved from /home/airflow/.local/lib/python3.8/site-packages/airflow/example_dags/example_sla_dag.py
[2025-11-06T06:12:24.308+0000] {logging_mixin.py:188} INFO - [2025-11-06T06:12:24.308+0000] {dag.py:3036} INFO - Sync 1 DAGs
[2025-11-06T06:12:24.344+0000] {logging_mixin.py:188} INFO - [2025-11-06T06:12:24.344+0000] {dag.py:3823} INFO - Setting next_dagrun for example_sla_dag to 2025-11-06 06:10:00+00:00, run_after=2025-11-06 06:12:00+00:00
[2025-11-06T06:12:24.383+0000] {processor.py:183} INFO - Processing /home/airflow/.local/lib/python3.8/site-packages/airflow/example_dags/example_sla_dag.py took 0.129 seconds
[2025-11-06T06:12:55.030+0000] {processor.py:161} INFO - Started process (PID=6186) to work on /home/airflow/.local/lib/python3.8/site-packages/airflow/example_dags/example_sla_dag.py
[2025-11-06T06:12:55.033+0000] {processor.py:830} INFO - Processing file /home/airflow/.local/lib/python3.8/site-packages/airflow/example_dags/example_sla_dag.py for tasks to queue
[2025-11-06T06:12:55.037+0000] {logging_mixin.py:188} INFO - [2025-11-06T06:12:55.036+0000] {dagbag.py:538} INFO - Filling up the DagBag from /home/airflow/.local/lib/python3.8/site-packages/airflow/example_dags/example_sla_dag.py
[2025-11-06T06:12:55.057+0000] {processor.py:840} INFO - DAG(s) 'example_sla_dag' retrieved from /home/airflow/.local/lib/python3.8/site-packages/airflow/example_dags/example_sla_dag.py
[2025-11-06T06:12:55.147+0000] {logging_mixin.py:188} INFO - [2025-11-06T06:12:55.146+0000] {dag.py:3036} INFO - Sync 1 DAGs
[2025-11-06T06:12:55.289+0000] {logging_mixin.py:188} INFO - [2025-11-06T06:12:55.284+0000] {dag.py:3823} INFO - Setting next_dagrun for example_sla_dag to 2025-11-06 06:10:00+00:00, run_after=2025-11-06 06:12:00+00:00
[2025-11-06T06:12:55.385+0000] {processor.py:183} INFO - Processing /home/airflow/.local/lib/python3.8/site-packages/airflow/example_dags/example_sla_dag.py took 0.363 seconds
[2025-11-06T06:13:25.831+0000] {processor.py:161} INFO - Started process (PID=6241) to work on /home/airflow/.local/lib/python3.8/site-packages/airflow/example_dags/example_sla_dag.py
[2025-11-06T06:13:25.834+0000] {processor.py:830} INFO - Processing file /home/airflow/.local/lib/python3.8/site-packages/airflow/example_dags/example_sla_dag.py for tasks to queue
[2025-11-06T06:13:25.842+0000] {logging_mixin.py:188} INFO - [2025-11-06T06:13:25.841+0000] {dagbag.py:538} INFO - Filling up the DagBag from /home/airflow/.local/lib/python3.8/site-packages/airflow/example_dags/example_sla_dag.py
[2025-11-06T06:13:25.868+0000] {processor.py:840} INFO - DAG(s) 'example_sla_dag' retrieved from /home/airflow/.local/lib/python3.8/site-packages/airflow/example_dags/example_sla_dag.py
[2025-11-06T06:13:25.915+0000] {logging_mixin.py:188} INFO - [2025-11-06T06:13:25.915+0000] {dag.py:3036} INFO - Sync 1 DAGs
[2025-11-06T06:13:25.983+0000] {logging_mixin.py:188} INFO - [2025-11-06T06:13:25.983+0000] {dag.py:3823} INFO - Setting next_dagrun for example_sla_dag to 2025-11-06 06:10:00+00:00, run_after=2025-11-06 06:12:00+00:00
[2025-11-06T06:13:26.026+0000] {processor.py:183} INFO - Processing /home/airflow/.local/lib/python3.8/site-packages/airflow/example_dags/example_sla_dag.py took 0.204 seconds
[2025-11-06T06:13:57.267+0000] {processor.py:161} INFO - Started process (PID=6296) to work on /home/airflow/.local/lib/python3.8/site-packages/airflow/example_dags/example_sla_dag.py
[2025-11-06T06:13:57.271+0000] {processor.py:830} INFO - Processing file /home/airflow/.local/lib/python3.8/site-packages/airflow/example_dags/example_sla_dag.py for tasks to queue
[2025-11-06T06:13:57.284+0000] {logging_mixin.py:188} INFO - [2025-11-06T06:13:57.283+0000] {dagbag.py:538} INFO - Filling up the DagBag from /home/airflow/.local/lib/python3.8/site-packages/airflow/example_dags/example_sla_dag.py
[2025-11-06T06:13:57.326+0000] {processor.py:840} INFO - DAG(s) 'example_sla_dag' retrieved from /home/airflow/.local/lib/python3.8/site-packages/airflow/example_dags/example_sla_dag.py
[2025-11-06T06:13:57.454+0000] {logging_mixin.py:188} INFO - [2025-11-06T06:13:57.452+0000] {dag.py:3036} INFO - Sync 1 DAGs
[2025-11-06T06:13:57.582+0000] {logging_mixin.py:188} INFO - [2025-11-06T06:13:57.581+0000] {dag.py:3823} INFO - Setting next_dagrun for example_sla_dag to 2025-11-06 06:10:00+00:00, run_after=2025-11-06 06:12:00+00:00
[2025-11-06T06:13:57.657+0000] {processor.py:183} INFO - Processing /home/airflow/.local/lib/python3.8/site-packages/airflow/example_dags/example_sla_dag.py took 0.388 seconds
[2025-11-06T06:14:27.806+0000] {processor.py:161} INFO - Started process (PID=6352) to work on /home/airflow/.local/lib/python3.8/site-packages/airflow/example_dags/example_sla_dag.py
[2025-11-06T06:14:27.808+0000] {processor.py:830} INFO - Processing file /home/airflow/.local/lib/python3.8/site-packages/airflow/example_dags/example_sla_dag.py for tasks to queue
[2025-11-06T06:14:27.812+0000] {logging_mixin.py:188} INFO - [2025-11-06T06:14:27.812+0000] {dagbag.py:538} INFO - Filling up the DagBag from /home/airflow/.local/lib/python3.8/site-packages/airflow/example_dags/example_sla_dag.py
[2025-11-06T06:14:27.828+0000] {processor.py:840} INFO - DAG(s) 'example_sla_dag' retrieved from /home/airflow/.local/lib/python3.8/site-packages/airflow/example_dags/example_sla_dag.py
[2025-11-06T06:14:27.864+0000] {logging_mixin.py:188} INFO - [2025-11-06T06:14:27.863+0000] {dag.py:3036} INFO - Sync 1 DAGs
[2025-11-06T06:14:27.915+0000] {logging_mixin.py:188} INFO - [2025-11-06T06:14:27.915+0000] {dag.py:3823} INFO - Setting next_dagrun for example_sla_dag to 2025-11-06 06:12:00+00:00, run_after=2025-11-06 06:14:00+00:00
[2025-11-06T06:14:27.947+0000] {processor.py:183} INFO - Processing /home/airflow/.local/lib/python3.8/site-packages/airflow/example_dags/example_sla_dag.py took 0.148 seconds
[2025-11-06T06:14:58.134+0000] {processor.py:161} INFO - Started process (PID=6407) to work on /home/airflow/.local/lib/python3.8/site-packages/airflow/example_dags/example_sla_dag.py
[2025-11-06T06:14:58.137+0000] {processor.py:830} INFO - Processing file /home/airflow/.local/lib/python3.8/site-packages/airflow/example_dags/example_sla_dag.py for tasks to queue
[2025-11-06T06:14:58.141+0000] {logging_mixin.py:188} INFO - [2025-11-06T06:14:58.140+0000] {dagbag.py:538} INFO - Filling up the DagBag from /home/airflow/.local/lib/python3.8/site-packages/airflow/example_dags/example_sla_dag.py
[2025-11-06T06:14:58.157+0000] {processor.py:840} INFO - DAG(s) 'example_sla_dag' retrieved from /home/airflow/.local/lib/python3.8/site-packages/airflow/example_dags/example_sla_dag.py
[2025-11-06T06:14:58.196+0000] {logging_mixin.py:188} INFO - [2025-11-06T06:14:58.196+0000] {dag.py:3036} INFO - Sync 1 DAGs
[2025-11-06T06:14:58.236+0000] {logging_mixin.py:188} INFO - [2025-11-06T06:14:58.235+0000] {dag.py:3823} INFO - Setting next_dagrun for example_sla_dag to 2025-11-06 06:12:00+00:00, run_after=2025-11-06 06:14:00+00:00
[2025-11-06T06:14:58.265+0000] {processor.py:183} INFO - Processing /home/airflow/.local/lib/python3.8/site-packages/airflow/example_dags/example_sla_dag.py took 0.137 seconds
[2025-11-06T06:15:28.462+0000] {processor.py:161} INFO - Started process (PID=6462) to work on /home/airflow/.local/lib/python3.8/site-packages/airflow/example_dags/example_sla_dag.py
[2025-11-06T06:15:28.466+0000] {processor.py:830} INFO - Processing file /home/airflow/.local/lib/python3.8/site-packages/airflow/example_dags/example_sla_dag.py for tasks to queue
[2025-11-06T06:15:28.473+0000] {logging_mixin.py:188} INFO - [2025-11-06T06:15:28.472+0000] {dagbag.py:538} INFO - Filling up the DagBag from /home/airflow/.local/lib/python3.8/site-packages/airflow/example_dags/example_sla_dag.py
[2025-11-06T06:15:28.495+0000] {processor.py:840} INFO - DAG(s) 'example_sla_dag' retrieved from /home/airflow/.local/lib/python3.8/site-packages/airflow/example_dags/example_sla_dag.py
[2025-11-06T06:15:28.561+0000] {logging_mixin.py:188} INFO - [2025-11-06T06:15:28.560+0000] {dag.py:3036} INFO - Sync 1 DAGs
[2025-11-06T06:15:28.646+0000] {logging_mixin.py:188} INFO - [2025-11-06T06:15:28.645+0000] {dag.py:3823} INFO - Setting next_dagrun for example_sla_dag to 2025-11-06 06:12:00+00:00, run_after=2025-11-06 06:14:00+00:00
[2025-11-06T06:15:28.703+0000] {processor.py:183} INFO - Processing /home/airflow/.local/lib/python3.8/site-packages/airflow/example_dags/example_sla_dag.py took 0.253 seconds
[2025-11-06T06:15:59.254+0000] {processor.py:161} INFO - Started process (PID=6517) to work on /home/airflow/.local/lib/python3.8/site-packages/airflow/example_dags/example_sla_dag.py
[2025-11-06T06:15:59.257+0000] {processor.py:830} INFO - Processing file /home/airflow/.local/lib/python3.8/site-packages/airflow/example_dags/example_sla_dag.py for tasks to queue
[2025-11-06T06:15:59.261+0000] {logging_mixin.py:188} INFO - [2025-11-06T06:15:59.260+0000] {dagbag.py:538} INFO - Filling up the DagBag from /home/airflow/.local/lib/python3.8/site-packages/airflow/example_dags/example_sla_dag.py
[2025-11-06T06:15:59.280+0000] {processor.py:840} INFO - DAG(s) 'example_sla_dag' retrieved from /home/airflow/.local/lib/python3.8/site-packages/airflow/example_dags/example_sla_dag.py
[2025-11-06T06:15:59.319+0000] {logging_mixin.py:188} INFO - [2025-11-06T06:15:59.318+0000] {dag.py:3036} INFO - Sync 1 DAGs
[2025-11-06T06:15:59.378+0000] {logging_mixin.py:188} INFO - [2025-11-06T06:15:59.378+0000] {dag.py:3823} INFO - Setting next_dagrun for example_sla_dag to 2025-11-06 06:12:00+00:00, run_after=2025-11-06 06:14:00+00:00
[2025-11-06T06:15:59.422+0000] {processor.py:183} INFO - Processing /home/airflow/.local/lib/python3.8/site-packages/airflow/example_dags/example_sla_dag.py took 0.175 seconds
[2025-11-06T06:16:30.172+0000] {processor.py:161} INFO - Started process (PID=6573) to work on /home/airflow/.local/lib/python3.8/site-packages/airflow/example_dags/example_sla_dag.py
[2025-11-06T06:16:30.176+0000] {processor.py:830} INFO - Processing file /home/airflow/.local/lib/python3.8/site-packages/airflow/example_dags/example_sla_dag.py for tasks to queue
[2025-11-06T06:16:30.186+0000] {logging_mixin.py:188} INFO - [2025-11-06T06:16:30.184+0000] {dagbag.py:538} INFO - Filling up the DagBag from /home/airflow/.local/lib/python3.8/site-packages/airflow/example_dags/example_sla_dag.py
[2025-11-06T06:16:30.219+0000] {processor.py:840} INFO - DAG(s) 'example_sla_dag' retrieved from /home/airflow/.local/lib/python3.8/site-packages/airflow/example_dags/example_sla_dag.py
[2025-11-06T06:16:30.294+0000] {logging_mixin.py:188} INFO - [2025-11-06T06:16:30.294+0000] {dag.py:3036} INFO - Sync 1 DAGs
[2025-11-06T06:16:30.356+0000] {logging_mixin.py:188} INFO - [2025-11-06T06:16:30.355+0000] {dag.py:3823} INFO - Setting next_dagrun for example_sla_dag to 2025-11-06 06:14:00+00:00, run_after=2025-11-06 06:16:00+00:00
[2025-11-06T06:16:30.402+0000] {processor.py:183} INFO - Processing /home/airflow/.local/lib/python3.8/site-packages/airflow/example_dags/example_sla_dag.py took 0.249 seconds
[2025-11-06T06:17:01.209+0000] {processor.py:161} INFO - Started process (PID=6633) to work on /home/airflow/.local/lib/python3.8/site-packages/airflow/example_dags/example_sla_dag.py
[2025-11-06T06:17:01.212+0000] {processor.py:830} INFO - Processing file /home/airflow/.local/lib/python3.8/site-packages/airflow/example_dags/example_sla_dag.py for tasks to queue
[2025-11-06T06:17:01.223+0000] {logging_mixin.py:188} INFO - [2025-11-06T06:17:01.222+0000] {dagbag.py:538} INFO - Filling up the DagBag from /home/airflow/.local/lib/python3.8/site-packages/airflow/example_dags/example_sla_dag.py
[2025-11-06T06:17:01.258+0000] {processor.py:840} INFO - DAG(s) 'example_sla_dag' retrieved from /home/airflow/.local/lib/python3.8/site-packages/airflow/example_dags/example_sla_dag.py
[2025-11-06T06:17:01.315+0000] {logging_mixin.py:188} INFO - [2025-11-06T06:17:01.315+0000] {dag.py:3036} INFO - Sync 1 DAGs
[2025-11-06T06:17:01.404+0000] {logging_mixin.py:188} INFO - [2025-11-06T06:17:01.403+0000] {dag.py:3823} INFO - Setting next_dagrun for example_sla_dag to 2025-11-06 06:14:00+00:00, run_after=2025-11-06 06:16:00+00:00
[2025-11-06T06:17:01.472+0000] {processor.py:183} INFO - Processing /home/airflow/.local/lib/python3.8/site-packages/airflow/example_dags/example_sla_dag.py took 0.280 seconds
[2025-11-06T06:17:32.078+0000] {processor.py:161} INFO - Started process (PID=6689) to work on /home/airflow/.local/lib/python3.8/site-packages/airflow/example_dags/example_sla_dag.py
[2025-11-06T06:17:32.083+0000] {processor.py:830} INFO - Processing file /home/airflow/.local/lib/python3.8/site-packages/airflow/example_dags/example_sla_dag.py for tasks to queue
[2025-11-06T06:17:32.088+0000] {logging_mixin.py:188} INFO - [2025-11-06T06:17:32.087+0000] {dagbag.py:538} INFO - Filling up the DagBag from /home/airflow/.local/lib/python3.8/site-packages/airflow/example_dags/example_sla_dag.py
[2025-11-06T06:17:32.118+0000] {processor.py:840} INFO - DAG(s) 'example_sla_dag' retrieved from /home/airflow/.local/lib/python3.8/site-packages/airflow/example_dags/example_sla_dag.py
[2025-11-06T06:17:32.186+0000] {logging_mixin.py:188} INFO - [2025-11-06T06:17:32.185+0000] {dag.py:3036} INFO - Sync 1 DAGs
[2025-11-06T06:17:32.283+0000] {logging_mixin.py:188} INFO - [2025-11-06T06:17:32.282+0000] {dag.py:3823} INFO - Setting next_dagrun for example_sla_dag to 2025-11-06 06:14:00+00:00, run_after=2025-11-06 06:16:00+00:00
[2025-11-06T06:17:32.345+0000] {processor.py:183} INFO - Processing /home/airflow/.local/lib/python3.8/site-packages/airflow/example_dags/example_sla_dag.py took 0.278 seconds
[2025-11-06T06:18:03.684+0000] {processor.py:161} INFO - Started process (PID=6744) to work on /home/airflow/.local/lib/python3.8/site-packages/airflow/example_dags/example_sla_dag.py
[2025-11-06T06:18:03.699+0000] {processor.py:830} INFO - Processing file /home/airflow/.local/lib/python3.8/site-packages/airflow/example_dags/example_sla_dag.py for tasks to queue
[2025-11-06T06:18:03.712+0000] {logging_mixin.py:188} INFO - [2025-11-06T06:18:03.711+0000] {dagbag.py:538} INFO - Filling up the DagBag from /home/airflow/.local/lib/python3.8/site-packages/airflow/example_dags/example_sla_dag.py
[2025-11-06T06:18:03.797+0000] {processor.py:840} INFO - DAG(s) 'example_sla_dag' retrieved from /home/airflow/.local/lib/python3.8/site-packages/airflow/example_dags/example_sla_dag.py
[2025-11-06T06:18:03.931+0000] {logging_mixin.py:188} INFO - [2025-11-06T06:18:03.927+0000] {dag.py:3036} INFO - Sync 1 DAGs
[2025-11-06T06:18:04.105+0000] {logging_mixin.py:188} INFO - [2025-11-06T06:18:04.104+0000] {dag.py:3823} INFO - Setting next_dagrun for example_sla_dag to 2025-11-06 06:16:00+00:00, run_after=2025-11-06 06:18:00+00:00
[2025-11-06T06:18:04.240+0000] {processor.py:183} INFO - Processing /home/airflow/.local/lib/python3.8/site-packages/airflow/example_dags/example_sla_dag.py took 0.579 seconds
[2025-11-06T06:18:37.289+0000] {processor.py:161} INFO - Started process (PID=6798) to work on /home/airflow/.local/lib/python3.8/site-packages/airflow/example_dags/example_sla_dag.py
[2025-11-06T06:18:37.317+0000] {processor.py:830} INFO - Processing file /home/airflow/.local/lib/python3.8/site-packages/airflow/example_dags/example_sla_dag.py for tasks to queue
[2025-11-06T06:18:37.346+0000] {logging_mixin.py:188} INFO - [2025-11-06T06:18:37.345+0000] {dagbag.py:538} INFO - Filling up the DagBag from /home/airflow/.local/lib/python3.8/site-packages/airflow/example_dags/example_sla_dag.py
[2025-11-06T06:18:37.400+0000] {processor.py:840} INFO - DAG(s) 'example_sla_dag' retrieved from /home/airflow/.local/lib/python3.8/site-packages/airflow/example_dags/example_sla_dag.py
[2025-11-06T06:18:37.518+0000] {logging_mixin.py:188} INFO - [2025-11-06T06:18:37.518+0000] {dag.py:3036} INFO - Sync 1 DAGs
[2025-11-06T06:18:37.694+0000] {logging_mixin.py:188} INFO - [2025-11-06T06:18:37.693+0000] {dag.py:3823} INFO - Setting next_dagrun for example_sla_dag to 2025-11-06 06:16:00+00:00, run_after=2025-11-06 06:18:00+00:00
[2025-11-06T06:18:37.817+0000] {processor.py:183} INFO - Processing /home/airflow/.local/lib/python3.8/site-packages/airflow/example_dags/example_sla_dag.py took 0.596 seconds
[2025-11-06T06:19:10.391+0000] {processor.py:161} INFO - Started process (PID=6853) to work on /home/airflow/.local/lib/python3.8/site-packages/airflow/example_dags/example_sla_dag.py
[2025-11-06T06:19:10.413+0000] {processor.py:830} INFO - Processing file /home/airflow/.local/lib/python3.8/site-packages/airflow/example_dags/example_sla_dag.py for tasks to queue
[2025-11-06T06:19:10.434+0000] {logging_mixin.py:188} INFO - [2025-11-06T06:19:10.432+0000] {dagbag.py:538} INFO - Filling up the DagBag from /home/airflow/.local/lib/python3.8/site-packages/airflow/example_dags/example_sla_dag.py
[2025-11-06T06:19:10.535+0000] {processor.py:840} INFO - DAG(s) 'example_sla_dag' retrieved from /home/airflow/.local/lib/python3.8/site-packages/airflow/example_dags/example_sla_dag.py
[2025-11-06T06:19:10.682+0000] {logging_mixin.py:188} INFO - [2025-11-06T06:19:10.681+0000] {dag.py:3036} INFO - Sync 1 DAGs
[2025-11-06T06:19:10.871+0000] {logging_mixin.py:188} INFO - [2025-11-06T06:19:10.870+0000] {dag.py:3823} INFO - Setting next_dagrun for example_sla_dag to 2025-11-06 06:16:00+00:00, run_after=2025-11-06 06:18:00+00:00
[2025-11-06T06:19:11.036+0000] {processor.py:183} INFO - Processing /home/airflow/.local/lib/python3.8/site-packages/airflow/example_dags/example_sla_dag.py took 0.699 seconds
[2025-11-06T06:19:42.130+0000] {processor.py:161} INFO - Started process (PID=6910) to work on /home/airflow/.local/lib/python3.8/site-packages/airflow/example_dags/example_sla_dag.py
[2025-11-06T06:19:42.139+0000] {processor.py:830} INFO - Processing file /home/airflow/.local/lib/python3.8/site-packages/airflow/example_dags/example_sla_dag.py for tasks to queue
[2025-11-06T06:19:42.145+0000] {logging_mixin.py:188} INFO - [2025-11-06T06:19:42.144+0000] {dagbag.py:538} INFO - Filling up the DagBag from /home/airflow/.local/lib/python3.8/site-packages/airflow/example_dags/example_sla_dag.py
[2025-11-06T06:19:42.178+0000] {processor.py:840} INFO - DAG(s) 'example_sla_dag' retrieved from /home/airflow/.local/lib/python3.8/site-packages/airflow/example_dags/example_sla_dag.py
[2025-11-06T06:19:42.232+0000] {logging_mixin.py:188} INFO - [2025-11-06T06:19:42.231+0000] {dag.py:3036} INFO - Sync 1 DAGs
[2025-11-06T06:19:42.306+0000] {logging_mixin.py:188} INFO - [2025-11-06T06:19:42.306+0000] {dag.py:3823} INFO - Setting next_dagrun for example_sla_dag to 2025-11-06 06:16:00+00:00, run_after=2025-11-06 06:18:00+00:00
[2025-11-06T06:19:42.364+0000] {processor.py:183} INFO - Processing /home/airflow/.local/lib/python3.8/site-packages/airflow/example_dags/example_sla_dag.py took 0.258 seconds
[2025-11-06T06:20:12.827+0000] {processor.py:161} INFO - Started process (PID=6965) to work on /home/airflow/.local/lib/python3.8/site-packages/airflow/example_dags/example_sla_dag.py
[2025-11-06T06:20:12.839+0000] {processor.py:830} INFO - Processing file /home/airflow/.local/lib/python3.8/site-packages/airflow/example_dags/example_sla_dag.py for tasks to queue
[2025-11-06T06:20:12.847+0000] {logging_mixin.py:188} INFO - [2025-11-06T06:20:12.845+0000] {dagbag.py:538} INFO - Filling up the DagBag from /home/airflow/.local/lib/python3.8/site-packages/airflow/example_dags/example_sla_dag.py
[2025-11-06T06:20:12.889+0000] {processor.py:840} INFO - DAG(s) 'example_sla_dag' retrieved from /home/airflow/.local/lib/python3.8/site-packages/airflow/example_dags/example_sla_dag.py
[2025-11-06T06:20:13.011+0000] {logging_mixin.py:188} INFO - [2025-11-06T06:20:13.010+0000] {dag.py:3036} INFO - Sync 1 DAGs
[2025-11-06T06:20:13.154+0000] {logging_mixin.py:188} INFO - [2025-11-06T06:20:13.152+0000] {dag.py:3823} INFO - Setting next_dagrun for example_sla_dag to 2025-11-06 06:18:00+00:00, run_after=2025-11-06 06:20:00+00:00
[2025-11-06T06:20:13.255+0000] {processor.py:183} INFO - Processing /home/airflow/.local/lib/python3.8/site-packages/airflow/example_dags/example_sla_dag.py took 0.451 seconds
[2025-11-06T06:20:44.471+0000] {processor.py:161} INFO - Started process (PID=7021) to work on /home/airflow/.local/lib/python3.8/site-packages/airflow/example_dags/example_sla_dag.py
[2025-11-06T06:20:44.473+0000] {processor.py:830} INFO - Processing file /home/airflow/.local/lib/python3.8/site-packages/airflow/example_dags/example_sla_dag.py for tasks to queue
[2025-11-06T06:20:44.479+0000] {logging_mixin.py:188} INFO - [2025-11-06T06:20:44.478+0000] {dagbag.py:538} INFO - Filling up the DagBag from /home/airflow/.local/lib/python3.8/site-packages/airflow/example_dags/example_sla_dag.py
[2025-11-06T06:20:44.506+0000] {processor.py:840} INFO - DAG(s) 'example_sla_dag' retrieved from /home/airflow/.local/lib/python3.8/site-packages/airflow/example_dags/example_sla_dag.py
[2025-11-06T06:20:44.570+0000] {logging_mixin.py:188} INFO - [2025-11-06T06:20:44.569+0000] {dag.py:3036} INFO - Sync 1 DAGs
[2025-11-06T06:20:44.647+0000] {logging_mixin.py:188} INFO - [2025-11-06T06:20:44.646+0000] {dag.py:3823} INFO - Setting next_dagrun for example_sla_dag to 2025-11-06 06:18:00+00:00, run_after=2025-11-06 06:20:00+00:00
[2025-11-06T06:20:44.701+0000] {processor.py:183} INFO - Processing /home/airflow/.local/lib/python3.8/site-packages/airflow/example_dags/example_sla_dag.py took 0.240 seconds
[2025-11-06T06:21:15.696+0000] {processor.py:161} INFO - Started process (PID=7076) to work on /home/airflow/.local/lib/python3.8/site-packages/airflow/example_dags/example_sla_dag.py
[2025-11-06T06:21:15.706+0000] {processor.py:830} INFO - Processing file /home/airflow/.local/lib/python3.8/site-packages/airflow/example_dags/example_sla_dag.py for tasks to queue
[2025-11-06T06:21:15.715+0000] {logging_mixin.py:188} INFO - [2025-11-06T06:21:15.714+0000] {dagbag.py:538} INFO - Filling up the DagBag from /home/airflow/.local/lib/python3.8/site-packages/airflow/example_dags/example_sla_dag.py
[2025-11-06T06:21:15.762+0000] {processor.py:840} INFO - DAG(s) 'example_sla_dag' retrieved from /home/airflow/.local/lib/python3.8/site-packages/airflow/example_dags/example_sla_dag.py
[2025-11-06T06:21:15.857+0000] {logging_mixin.py:188} INFO - [2025-11-06T06:21:15.856+0000] {dag.py:3036} INFO - Sync 1 DAGs
[2025-11-06T06:21:15.994+0000] {logging_mixin.py:188} INFO - [2025-11-06T06:21:15.993+0000] {dag.py:3823} INFO - Setting next_dagrun for example_sla_dag to 2025-11-06 06:18:00+00:00, run_after=2025-11-06 06:20:00+00:00
[2025-11-06T06:21:16.075+0000] {processor.py:183} INFO - Processing /home/airflow/.local/lib/python3.8/site-packages/airflow/example_dags/example_sla_dag.py took 0.394 seconds
[2025-11-06T06:21:47.308+0000] {processor.py:161} INFO - Started process (PID=7131) to work on /home/airflow/.local/lib/python3.8/site-packages/airflow/example_dags/example_sla_dag.py
[2025-11-06T06:21:47.312+0000] {processor.py:830} INFO - Processing file /home/airflow/.local/lib/python3.8/site-packages/airflow/example_dags/example_sla_dag.py for tasks to queue
[2025-11-06T06:21:47.324+0000] {logging_mixin.py:188} INFO - [2025-11-06T06:21:47.322+0000] {dagbag.py:538} INFO - Filling up the DagBag from /home/airflow/.local/lib/python3.8/site-packages/airflow/example_dags/example_sla_dag.py
[2025-11-06T06:21:47.384+0000] {processor.py:840} INFO - DAG(s) 'example_sla_dag' retrieved from /home/airflow/.local/lib/python3.8/site-packages/airflow/example_dags/example_sla_dag.py
[2025-11-06T06:21:47.465+0000] {logging_mixin.py:188} INFO - [2025-11-06T06:21:47.464+0000] {dag.py:3036} INFO - Sync 1 DAGs
[2025-11-06T06:21:47.572+0000] {logging_mixin.py:188} INFO - [2025-11-06T06:21:47.569+0000] {dag.py:3823} INFO - Setting next_dagrun for example_sla_dag to 2025-11-06 06:18:00+00:00, run_after=2025-11-06 06:20:00+00:00
[2025-11-06T06:21:47.638+0000] {processor.py:183} INFO - Processing /home/airflow/.local/lib/python3.8/site-packages/airflow/example_dags/example_sla_dag.py took 0.347 seconds
[2025-11-06T06:22:21.314+0000] {processor.py:161} INFO - Started process (PID=7188) to work on /home/airflow/.local/lib/python3.8/site-packages/airflow/example_dags/example_sla_dag.py
[2025-11-06T06:22:21.329+0000] {processor.py:830} INFO - Processing file /home/airflow/.local/lib/python3.8/site-packages/airflow/example_dags/example_sla_dag.py for tasks to queue
[2025-11-06T06:22:21.337+0000] {logging_mixin.py:188} INFO - [2025-11-06T06:22:21.336+0000] {dagbag.py:538} INFO - Filling up the DagBag from /home/airflow/.local/lib/python3.8/site-packages/airflow/example_dags/example_sla_dag.py
[2025-11-06T06:22:21.386+0000] {processor.py:840} INFO - DAG(s) 'example_sla_dag' retrieved from /home/airflow/.local/lib/python3.8/site-packages/airflow/example_dags/example_sla_dag.py
[2025-11-06T06:22:21.570+0000] {logging_mixin.py:188} INFO - [2025-11-06T06:22:21.569+0000] {dag.py:3036} INFO - Sync 1 DAGs
[2025-11-06T06:22:21.844+0000] {logging_mixin.py:188} INFO - [2025-11-06T06:22:21.843+0000] {dag.py:3823} INFO - Setting next_dagrun for example_sla_dag to 2025-11-06 06:20:00+00:00, run_after=2025-11-06 06:22:00+00:00
[2025-11-06T06:22:21.967+0000] {processor.py:183} INFO - Processing /home/airflow/.local/lib/python3.8/site-packages/airflow/example_dags/example_sla_dag.py took 0.686 seconds
[2025-11-06T06:22:52.286+0000] {processor.py:161} INFO - Started process (PID=7243) to work on /home/airflow/.local/lib/python3.8/site-packages/airflow/example_dags/example_sla_dag.py
[2025-11-06T06:22:52.289+0000] {processor.py:830} INFO - Processing file /home/airflow/.local/lib/python3.8/site-packages/airflow/example_dags/example_sla_dag.py for tasks to queue
[2025-11-06T06:22:52.294+0000] {logging_mixin.py:188} INFO - [2025-11-06T06:22:52.293+0000] {dagbag.py:538} INFO - Filling up the DagBag from /home/airflow/.local/lib/python3.8/site-packages/airflow/example_dags/example_sla_dag.py
[2025-11-06T06:22:52.318+0000] {processor.py:840} INFO - DAG(s) 'example_sla_dag' retrieved from /home/airflow/.local/lib/python3.8/site-packages/airflow/example_dags/example_sla_dag.py
[2025-11-06T06:22:52.400+0000] {logging_mixin.py:188} INFO - [2025-11-06T06:22:52.399+0000] {dag.py:3036} INFO - Sync 1 DAGs
[2025-11-06T06:22:52.526+0000] {logging_mixin.py:188} INFO - [2025-11-06T06:22:52.525+0000] {dag.py:3823} INFO - Setting next_dagrun for example_sla_dag to 2025-11-06 06:20:00+00:00, run_after=2025-11-06 06:22:00+00:00
[2025-11-06T06:22:52.571+0000] {processor.py:183} INFO - Processing /home/airflow/.local/lib/python3.8/site-packages/airflow/example_dags/example_sla_dag.py took 0.297 seconds
[2025-11-06T06:23:22.915+0000] {processor.py:161} INFO - Started process (PID=7298) to work on /home/airflow/.local/lib/python3.8/site-packages/airflow/example_dags/example_sla_dag.py
[2025-11-06T06:23:22.920+0000] {processor.py:830} INFO - Processing file /home/airflow/.local/lib/python3.8/site-packages/airflow/example_dags/example_sla_dag.py for tasks to queue
[2025-11-06T06:23:22.932+0000] {logging_mixin.py:188} INFO - [2025-11-06T06:23:22.931+0000] {dagbag.py:538} INFO - Filling up the DagBag from /home/airflow/.local/lib/python3.8/site-packages/airflow/example_dags/example_sla_dag.py
[2025-11-06T06:23:22.983+0000] {processor.py:840} INFO - DAG(s) 'example_sla_dag' retrieved from /home/airflow/.local/lib/python3.8/site-packages/airflow/example_dags/example_sla_dag.py
[2025-11-06T06:23:23.109+0000] {logging_mixin.py:188} INFO - [2025-11-06T06:23:23.109+0000] {dag.py:3036} INFO - Sync 1 DAGs
[2025-11-06T06:23:23.256+0000] {logging_mixin.py:188} INFO - [2025-11-06T06:23:23.256+0000] {dag.py:3823} INFO - Setting next_dagrun for example_sla_dag to 2025-11-06 06:20:00+00:00, run_after=2025-11-06 06:22:00+00:00
[2025-11-06T06:23:23.341+0000] {processor.py:183} INFO - Processing /home/airflow/.local/lib/python3.8/site-packages/airflow/example_dags/example_sla_dag.py took 0.446 seconds
[2025-11-06T06:23:56.473+0000] {processor.py:161} INFO - Started process (PID=7355) to work on /home/airflow/.local/lib/python3.8/site-packages/airflow/example_dags/example_sla_dag.py
[2025-11-06T06:23:56.479+0000] {processor.py:830} INFO - Processing file /home/airflow/.local/lib/python3.8/site-packages/airflow/example_dags/example_sla_dag.py for tasks to queue
[2025-11-06T06:23:56.490+0000] {logging_mixin.py:188} INFO - [2025-11-06T06:23:56.489+0000] {dagbag.py:538} INFO - Filling up the DagBag from /home/airflow/.local/lib/python3.8/site-packages/airflow/example_dags/example_sla_dag.py
[2025-11-06T06:23:56.531+0000] {processor.py:840} INFO - DAG(s) 'example_sla_dag' retrieved from /home/airflow/.local/lib/python3.8/site-packages/airflow/example_dags/example_sla_dag.py
[2025-11-06T06:23:56.616+0000] {logging_mixin.py:188} INFO - [2025-11-06T06:23:56.614+0000] {dag.py:3036} INFO - Sync 1 DAGs
[2025-11-06T06:23:56.754+0000] {logging_mixin.py:188} INFO - [2025-11-06T06:23:56.748+0000] {dag.py:3823} INFO - Setting next_dagrun for example_sla_dag to 2025-11-06 06:20:00+00:00, run_after=2025-11-06 06:22:00+00:00
[2025-11-06T06:23:56.864+0000] {processor.py:183} INFO - Processing /home/airflow/.local/lib/python3.8/site-packages/airflow/example_dags/example_sla_dag.py took 0.405 seconds
[2025-11-06T06:24:31.870+0000] {processor.py:161} INFO - Started process (PID=7416) to work on /home/airflow/.local/lib/python3.8/site-packages/airflow/example_dags/example_sla_dag.py
[2025-11-06T06:24:31.878+0000] {processor.py:830} INFO - Processing file /home/airflow/.local/lib/python3.8/site-packages/airflow/example_dags/example_sla_dag.py for tasks to queue
[2025-11-06T06:24:31.896+0000] {logging_mixin.py:188} INFO - [2025-11-06T06:24:31.895+0000] {dagbag.py:538} INFO - Filling up the DagBag from /home/airflow/.local/lib/python3.8/site-packages/airflow/example_dags/example_sla_dag.py
[2025-11-06T06:24:31.967+0000] {processor.py:840} INFO - DAG(s) 'example_sla_dag' retrieved from /home/airflow/.local/lib/python3.8/site-packages/airflow/example_dags/example_sla_dag.py
[2025-11-06T06:24:32.099+0000] {logging_mixin.py:188} INFO - [2025-11-06T06:24:32.099+0000] {dag.py:3036} INFO - Sync 1 DAGs
[2025-11-06T06:24:32.305+0000] {logging_mixin.py:188} INFO - [2025-11-06T06:24:32.300+0000] {dag.py:3823} INFO - Setting next_dagrun for example_sla_dag to 2025-11-06 06:22:00+00:00, run_after=2025-11-06 06:24:00+00:00
[2025-11-06T06:24:32.425+0000] {processor.py:183} INFO - Processing /home/airflow/.local/lib/python3.8/site-packages/airflow/example_dags/example_sla_dag.py took 0.586 seconds
[2025-11-06T06:25:05.552+0000] {processor.py:161} INFO - Started process (PID=7470) to work on /home/airflow/.local/lib/python3.8/site-packages/airflow/example_dags/example_sla_dag.py
[2025-11-06T06:25:05.557+0000] {processor.py:830} INFO - Processing file /home/airflow/.local/lib/python3.8/site-packages/airflow/example_dags/example_sla_dag.py for tasks to queue
[2025-11-06T06:25:05.574+0000] {logging_mixin.py:188} INFO - [2025-11-06T06:25:05.572+0000] {dagbag.py:538} INFO - Filling up the DagBag from /home/airflow/.local/lib/python3.8/site-packages/airflow/example_dags/example_sla_dag.py
[2025-11-06T06:25:05.657+0000] {processor.py:840} INFO - DAG(s) 'example_sla_dag' retrieved from /home/airflow/.local/lib/python3.8/site-packages/airflow/example_dags/example_sla_dag.py
[2025-11-06T06:25:05.842+0000] {logging_mixin.py:188} INFO - [2025-11-06T06:25:05.841+0000] {dag.py:3036} INFO - Sync 1 DAGs
[2025-11-06T06:25:06.072+0000] {logging_mixin.py:188} INFO - [2025-11-06T06:25:06.071+0000] {dag.py:3823} INFO - Setting next_dagrun for example_sla_dag to 2025-11-06 06:22:00+00:00, run_after=2025-11-06 06:24:00+00:00
[2025-11-06T06:25:06.299+0000] {processor.py:183} INFO - Processing /home/airflow/.local/lib/python3.8/site-packages/airflow/example_dags/example_sla_dag.py took 0.778 seconds
[2025-11-06T06:25:37.774+0000] {processor.py:161} INFO - Started process (PID=7532) to work on /home/airflow/.local/lib/python3.8/site-packages/airflow/example_dags/example_sla_dag.py
[2025-11-06T06:25:37.788+0000] {processor.py:830} INFO - Processing file /home/airflow/.local/lib/python3.8/site-packages/airflow/example_dags/example_sla_dag.py for tasks to queue
[2025-11-06T06:25:37.817+0000] {logging_mixin.py:188} INFO - [2025-11-06T06:25:37.816+0000] {dagbag.py:538} INFO - Filling up the DagBag from /home/airflow/.local/lib/python3.8/site-packages/airflow/example_dags/example_sla_dag.py
[2025-11-06T06:25:37.893+0000] {processor.py:840} INFO - DAG(s) 'example_sla_dag' retrieved from /home/airflow/.local/lib/python3.8/site-packages/airflow/example_dags/example_sla_dag.py
[2025-11-06T06:25:38.006+0000] {logging_mixin.py:188} INFO - [2025-11-06T06:25:38.004+0000] {dag.py:3036} INFO - Sync 1 DAGs
[2025-11-06T06:25:38.172+0000] {logging_mixin.py:188} INFO - [2025-11-06T06:25:38.171+0000] {dag.py:3823} INFO - Setting next_dagrun for example_sla_dag to 2025-11-06 06:22:00+00:00, run_after=2025-11-06 06:24:00+00:00
[2025-11-06T06:25:38.308+0000] {processor.py:183} INFO - Processing /home/airflow/.local/lib/python3.8/site-packages/airflow/example_dags/example_sla_dag.py took 0.552 seconds
[2025-11-06T06:26:08.705+0000] {processor.py:161} INFO - Started process (PID=7587) to work on /home/airflow/.local/lib/python3.8/site-packages/airflow/example_dags/example_sla_dag.py
[2025-11-06T06:26:08.707+0000] {processor.py:830} INFO - Processing file /home/airflow/.local/lib/python3.8/site-packages/airflow/example_dags/example_sla_dag.py for tasks to queue
[2025-11-06T06:26:08.711+0000] {logging_mixin.py:188} INFO - [2025-11-06T06:26:08.711+0000] {dagbag.py:538} INFO - Filling up the DagBag from /home/airflow/.local/lib/python3.8/site-packages/airflow/example_dags/example_sla_dag.py
[2025-11-06T06:26:08.730+0000] {processor.py:840} INFO - DAG(s) 'example_sla_dag' retrieved from /home/airflow/.local/lib/python3.8/site-packages/airflow/example_dags/example_sla_dag.py
[2025-11-06T06:26:08.781+0000] {logging_mixin.py:188} INFO - [2025-11-06T06:26:08.781+0000] {dag.py:3036} INFO - Sync 1 DAGs
[2025-11-06T06:26:08.969+0000] {logging_mixin.py:188} INFO - [2025-11-06T06:26:08.969+0000] {dag.py:3823} INFO - Setting next_dagrun for example_sla_dag to 2025-11-06 06:24:00+00:00, run_after=2025-11-06 06:26:00+00:00
[2025-11-06T06:26:09.093+0000] {processor.py:183} INFO - Processing /home/airflow/.local/lib/python3.8/site-packages/airflow/example_dags/example_sla_dag.py took 0.394 seconds
[2025-11-06T06:26:39.702+0000] {processor.py:161} INFO - Started process (PID=7642) to work on /home/airflow/.local/lib/python3.8/site-packages/airflow/example_dags/example_sla_dag.py
[2025-11-06T06:26:39.704+0000] {processor.py:830} INFO - Processing file /home/airflow/.local/lib/python3.8/site-packages/airflow/example_dags/example_sla_dag.py for tasks to queue
[2025-11-06T06:26:39.709+0000] {logging_mixin.py:188} INFO - [2025-11-06T06:26:39.708+0000] {dagbag.py:538} INFO - Filling up the DagBag from /home/airflow/.local/lib/python3.8/site-packages/airflow/example_dags/example_sla_dag.py
[2025-11-06T06:26:39.727+0000] {processor.py:840} INFO - DAG(s) 'example_sla_dag' retrieved from /home/airflow/.local/lib/python3.8/site-packages/airflow/example_dags/example_sla_dag.py
[2025-11-06T06:26:39.772+0000] {logging_mixin.py:188} INFO - [2025-11-06T06:26:39.771+0000] {dag.py:3036} INFO - Sync 1 DAGs
[2025-11-06T06:26:39.821+0000] {logging_mixin.py:188} INFO - [2025-11-06T06:26:39.821+0000] {dag.py:3823} INFO - Setting next_dagrun for example_sla_dag to 2025-11-06 06:24:00+00:00, run_after=2025-11-06 06:26:00+00:00
[2025-11-06T06:26:39.877+0000] {processor.py:183} INFO - Processing /home/airflow/.local/lib/python3.8/site-packages/airflow/example_dags/example_sla_dag.py took 0.184 seconds
[2025-11-06T06:27:10.347+0000] {processor.py:161} INFO - Started process (PID=7697) to work on /home/airflow/.local/lib/python3.8/site-packages/airflow/example_dags/example_sla_dag.py
[2025-11-06T06:27:10.360+0000] {processor.py:830} INFO - Processing file /home/airflow/.local/lib/python3.8/site-packages/airflow/example_dags/example_sla_dag.py for tasks to queue
[2025-11-06T06:27:10.378+0000] {logging_mixin.py:188} INFO - [2025-11-06T06:27:10.377+0000] {dagbag.py:538} INFO - Filling up the DagBag from /home/airflow/.local/lib/python3.8/site-packages/airflow/example_dags/example_sla_dag.py
[2025-11-06T06:27:10.470+0000] {processor.py:840} INFO - DAG(s) 'example_sla_dag' retrieved from /home/airflow/.local/lib/python3.8/site-packages/airflow/example_dags/example_sla_dag.py
[2025-11-06T06:27:10.671+0000] {logging_mixin.py:188} INFO - [2025-11-06T06:27:10.671+0000] {dag.py:3036} INFO - Sync 1 DAGs
[2025-11-06T06:27:10.957+0000] {logging_mixin.py:188} INFO - [2025-11-06T06:27:10.956+0000] {dag.py:3823} INFO - Setting next_dagrun for example_sla_dag to 2025-11-06 06:24:00+00:00, run_after=2025-11-06 06:26:00+00:00
[2025-11-06T06:27:11.107+0000] {processor.py:183} INFO - Processing /home/airflow/.local/lib/python3.8/site-packages/airflow/example_dags/example_sla_dag.py took 0.787 seconds
[2025-11-06T06:27:41.392+0000] {processor.py:161} INFO - Started process (PID=7752) to work on /home/airflow/.local/lib/python3.8/site-packages/airflow/example_dags/example_sla_dag.py
[2025-11-06T06:27:41.395+0000] {processor.py:830} INFO - Processing file /home/airflow/.local/lib/python3.8/site-packages/airflow/example_dags/example_sla_dag.py for tasks to queue
[2025-11-06T06:27:41.400+0000] {logging_mixin.py:188} INFO - [2025-11-06T06:27:41.400+0000] {dagbag.py:538} INFO - Filling up the DagBag from /home/airflow/.local/lib/python3.8/site-packages/airflow/example_dags/example_sla_dag.py
[2025-11-06T06:27:41.420+0000] {processor.py:840} INFO - DAG(s) 'example_sla_dag' retrieved from /home/airflow/.local/lib/python3.8/site-packages/airflow/example_dags/example_sla_dag.py
[2025-11-06T06:27:41.471+0000] {logging_mixin.py:188} INFO - [2025-11-06T06:27:41.471+0000] {dag.py:3036} INFO - Sync 1 DAGs
[2025-11-06T06:27:41.516+0000] {logging_mixin.py:188} INFO - [2025-11-06T06:27:41.516+0000] {dag.py:3823} INFO - Setting next_dagrun for example_sla_dag to 2025-11-06 06:24:00+00:00, run_after=2025-11-06 06:26:00+00:00
[2025-11-06T06:27:41.549+0000] {processor.py:183} INFO - Processing /home/airflow/.local/lib/python3.8/site-packages/airflow/example_dags/example_sla_dag.py took 0.166 seconds
[2025-11-06T06:28:12.029+0000] {processor.py:161} INFO - Started process (PID=7807) to work on /home/airflow/.local/lib/python3.8/site-packages/airflow/example_dags/example_sla_dag.py
[2025-11-06T06:28:12.031+0000] {processor.py:830} INFO - Processing file /home/airflow/.local/lib/python3.8/site-packages/airflow/example_dags/example_sla_dag.py for tasks to queue
[2025-11-06T06:28:12.036+0000] {logging_mixin.py:188} INFO - [2025-11-06T06:28:12.035+0000] {dagbag.py:538} INFO - Filling up the DagBag from /home/airflow/.local/lib/python3.8/site-packages/airflow/example_dags/example_sla_dag.py
[2025-11-06T06:28:12.059+0000] {processor.py:840} INFO - DAG(s) 'example_sla_dag' retrieved from /home/airflow/.local/lib/python3.8/site-packages/airflow/example_dags/example_sla_dag.py
[2025-11-06T06:28:12.099+0000] {logging_mixin.py:188} INFO - [2025-11-06T06:28:12.099+0000] {dag.py:3036} INFO - Sync 1 DAGs
[2025-11-06T06:28:12.166+0000] {logging_mixin.py:188} INFO - [2025-11-06T06:28:12.166+0000] {dag.py:3823} INFO - Setting next_dagrun for example_sla_dag to 2025-11-06 06:26:00+00:00, run_after=2025-11-06 06:28:00+00:00
[2025-11-06T06:28:12.318+0000] {processor.py:183} INFO - Processing /home/airflow/.local/lib/python3.8/site-packages/airflow/example_dags/example_sla_dag.py took 0.301 seconds
[2025-11-06T06:28:42.702+0000] {processor.py:161} INFO - Started process (PID=7860) to work on /home/airflow/.local/lib/python3.8/site-packages/airflow/example_dags/example_sla_dag.py
[2025-11-06T06:28:42.704+0000] {processor.py:830} INFO - Processing file /home/airflow/.local/lib/python3.8/site-packages/airflow/example_dags/example_sla_dag.py for tasks to queue
[2025-11-06T06:28:42.708+0000] {logging_mixin.py:188} INFO - [2025-11-06T06:28:42.707+0000] {dagbag.py:538} INFO - Filling up the DagBag from /home/airflow/.local/lib/python3.8/site-packages/airflow/example_dags/example_sla_dag.py
[2025-11-06T06:28:42.721+0000] {processor.py:840} INFO - DAG(s) 'example_sla_dag' retrieved from /home/airflow/.local/lib/python3.8/site-packages/airflow/example_dags/example_sla_dag.py
[2025-11-06T06:28:42.753+0000] {logging_mixin.py:188} INFO - [2025-11-06T06:28:42.752+0000] {dag.py:3036} INFO - Sync 1 DAGs
[2025-11-06T06:28:42.790+0000] {logging_mixin.py:188} INFO - [2025-11-06T06:28:42.790+0000] {dag.py:3823} INFO - Setting next_dagrun for example_sla_dag to 2025-11-06 06:26:00+00:00, run_after=2025-11-06 06:28:00+00:00
[2025-11-06T06:28:42.831+0000] {processor.py:183} INFO - Processing /home/airflow/.local/lib/python3.8/site-packages/airflow/example_dags/example_sla_dag.py took 0.134 seconds
[2025-11-06T06:29:13.164+0000] {processor.py:161} INFO - Started process (PID=7915) to work on /home/airflow/.local/lib/python3.8/site-packages/airflow/example_dags/example_sla_dag.py
[2025-11-06T06:29:13.166+0000] {processor.py:830} INFO - Processing file /home/airflow/.local/lib/python3.8/site-packages/airflow/example_dags/example_sla_dag.py for tasks to queue
[2025-11-06T06:29:13.169+0000] {logging_mixin.py:188} INFO - [2025-11-06T06:29:13.168+0000] {dagbag.py:538} INFO - Filling up the DagBag from /home/airflow/.local/lib/python3.8/site-packages/airflow/example_dags/example_sla_dag.py
[2025-11-06T06:29:13.180+0000] {processor.py:840} INFO - DAG(s) 'example_sla_dag' retrieved from /home/airflow/.local/lib/python3.8/site-packages/airflow/example_dags/example_sla_dag.py
[2025-11-06T06:29:13.207+0000] {logging_mixin.py:188} INFO - [2025-11-06T06:29:13.207+0000] {dag.py:3036} INFO - Sync 1 DAGs
[2025-11-06T06:29:13.238+0000] {logging_mixin.py:188} INFO - [2025-11-06T06:29:13.237+0000] {dag.py:3823} INFO - Setting next_dagrun for example_sla_dag to 2025-11-06 06:26:00+00:00, run_after=2025-11-06 06:28:00+00:00
[2025-11-06T06:29:13.270+0000] {processor.py:183} INFO - Processing /home/airflow/.local/lib/python3.8/site-packages/airflow/example_dags/example_sla_dag.py took 0.110 seconds
[2025-11-06T06:29:43.476+0000] {processor.py:161} INFO - Started process (PID=7970) to work on /home/airflow/.local/lib/python3.8/site-packages/airflow/example_dags/example_sla_dag.py
[2025-11-06T06:29:43.482+0000] {processor.py:830} INFO - Processing file /home/airflow/.local/lib/python3.8/site-packages/airflow/example_dags/example_sla_dag.py for tasks to queue
[2025-11-06T06:29:43.490+0000] {logging_mixin.py:188} INFO - [2025-11-06T06:29:43.489+0000] {dagbag.py:538} INFO - Filling up the DagBag from /home/airflow/.local/lib/python3.8/site-packages/airflow/example_dags/example_sla_dag.py
[2025-11-06T06:29:43.524+0000] {processor.py:840} INFO - DAG(s) 'example_sla_dag' retrieved from /home/airflow/.local/lib/python3.8/site-packages/airflow/example_dags/example_sla_dag.py
[2025-11-06T06:29:43.584+0000] {logging_mixin.py:188} INFO - [2025-11-06T06:29:43.583+0000] {dag.py:3036} INFO - Sync 1 DAGs
[2025-11-06T06:29:43.670+0000] {logging_mixin.py:188} INFO - [2025-11-06T06:29:43.669+0000] {dag.py:3823} INFO - Setting next_dagrun for example_sla_dag to 2025-11-06 06:26:00+00:00, run_after=2025-11-06 06:28:00+00:00
[2025-11-06T06:29:43.733+0000] {processor.py:183} INFO - Processing /home/airflow/.local/lib/python3.8/site-packages/airflow/example_dags/example_sla_dag.py took 0.267 seconds
[2025-11-06T06:30:14.401+0000] {processor.py:161} INFO - Started process (PID=8025) to work on /home/airflow/.local/lib/python3.8/site-packages/airflow/example_dags/example_sla_dag.py
[2025-11-06T06:30:14.414+0000] {processor.py:830} INFO - Processing file /home/airflow/.local/lib/python3.8/site-packages/airflow/example_dags/example_sla_dag.py for tasks to queue
[2025-11-06T06:30:14.436+0000] {logging_mixin.py:188} INFO - [2025-11-06T06:30:14.435+0000] {dagbag.py:538} INFO - Filling up the DagBag from /home/airflow/.local/lib/python3.8/site-packages/airflow/example_dags/example_sla_dag.py
[2025-11-06T06:30:14.498+0000] {processor.py:840} INFO - DAG(s) 'example_sla_dag' retrieved from /home/airflow/.local/lib/python3.8/site-packages/airflow/example_dags/example_sla_dag.py
[2025-11-06T06:30:14.629+0000] {logging_mixin.py:188} INFO - [2025-11-06T06:30:14.628+0000] {dag.py:3036} INFO - Sync 1 DAGs
[2025-11-06T06:30:14.915+0000] {logging_mixin.py:188} INFO - [2025-11-06T06:30:14.914+0000] {dag.py:3823} INFO - Setting next_dagrun for example_sla_dag to 2025-11-06 06:28:00+00:00, run_after=2025-11-06 06:30:00+00:00
[2025-11-06T06:30:15.046+0000] {processor.py:183} INFO - Processing /home/airflow/.local/lib/python3.8/site-packages/airflow/example_dags/example_sla_dag.py took 0.666 seconds
[2025-11-06T06:30:45.407+0000] {processor.py:161} INFO - Started process (PID=8081) to work on /home/airflow/.local/lib/python3.8/site-packages/airflow/example_dags/example_sla_dag.py
[2025-11-06T06:30:45.410+0000] {processor.py:830} INFO - Processing file /home/airflow/.local/lib/python3.8/site-packages/airflow/example_dags/example_sla_dag.py for tasks to queue
[2025-11-06T06:30:45.416+0000] {logging_mixin.py:188} INFO - [2025-11-06T06:30:45.416+0000] {dagbag.py:538} INFO - Filling up the DagBag from /home/airflow/.local/lib/python3.8/site-packages/airflow/example_dags/example_sla_dag.py
[2025-11-06T06:30:45.452+0000] {processor.py:840} INFO - DAG(s) 'example_sla_dag' retrieved from /home/airflow/.local/lib/python3.8/site-packages/airflow/example_dags/example_sla_dag.py
[2025-11-06T06:30:45.510+0000] {logging_mixin.py:188} INFO - [2025-11-06T06:30:45.509+0000] {dag.py:3036} INFO - Sync 1 DAGs
[2025-11-06T06:30:45.594+0000] {logging_mixin.py:188} INFO - [2025-11-06T06:30:45.593+0000] {dag.py:3823} INFO - Setting next_dagrun for example_sla_dag to 2025-11-06 06:28:00+00:00, run_after=2025-11-06 06:30:00+00:00
[2025-11-06T06:30:45.650+0000] {processor.py:183} INFO - Processing /home/airflow/.local/lib/python3.8/site-packages/airflow/example_dags/example_sla_dag.py took 0.253 seconds
[2025-11-06T06:31:16.257+0000] {processor.py:161} INFO - Started process (PID=8137) to work on /home/airflow/.local/lib/python3.8/site-packages/airflow/example_dags/example_sla_dag.py
[2025-11-06T06:31:16.268+0000] {processor.py:830} INFO - Processing file /home/airflow/.local/lib/python3.8/site-packages/airflow/example_dags/example_sla_dag.py for tasks to queue
[2025-11-06T06:31:16.279+0000] {logging_mixin.py:188} INFO - [2025-11-06T06:31:16.278+0000] {dagbag.py:538} INFO - Filling up the DagBag from /home/airflow/.local/lib/python3.8/site-packages/airflow/example_dags/example_sla_dag.py
[2025-11-06T06:31:16.337+0000] {processor.py:840} INFO - DAG(s) 'example_sla_dag' retrieved from /home/airflow/.local/lib/python3.8/site-packages/airflow/example_dags/example_sla_dag.py
[2025-11-06T06:31:16.471+0000] {logging_mixin.py:188} INFO - [2025-11-06T06:31:16.470+0000] {dag.py:3036} INFO - Sync 1 DAGs
[2025-11-06T06:31:16.724+0000] {logging_mixin.py:188} INFO - [2025-11-06T06:31:16.723+0000] {dag.py:3823} INFO - Setting next_dagrun for example_sla_dag to 2025-11-06 06:28:00+00:00, run_after=2025-11-06 06:30:00+00:00
[2025-11-06T06:31:16.904+0000] {processor.py:183} INFO - Processing /home/airflow/.local/lib/python3.8/site-packages/airflow/example_dags/example_sla_dag.py took 0.663 seconds
[2025-11-06T06:31:47.253+0000] {processor.py:161} INFO - Started process (PID=8192) to work on /home/airflow/.local/lib/python3.8/site-packages/airflow/example_dags/example_sla_dag.py
[2025-11-06T06:31:47.255+0000] {processor.py:830} INFO - Processing file /home/airflow/.local/lib/python3.8/site-packages/airflow/example_dags/example_sla_dag.py for tasks to queue
[2025-11-06T06:31:47.260+0000] {logging_mixin.py:188} INFO - [2025-11-06T06:31:47.259+0000] {dagbag.py:538} INFO - Filling up the DagBag from /home/airflow/.local/lib/python3.8/site-packages/airflow/example_dags/example_sla_dag.py
[2025-11-06T06:31:47.277+0000] {processor.py:840} INFO - DAG(s) 'example_sla_dag' retrieved from /home/airflow/.local/lib/python3.8/site-packages/airflow/example_dags/example_sla_dag.py
[2025-11-06T06:31:47.314+0000] {logging_mixin.py:188} INFO - [2025-11-06T06:31:47.314+0000] {dag.py:3036} INFO - Sync 1 DAGs
[2025-11-06T06:31:47.359+0000] {logging_mixin.py:188} INFO - [2025-11-06T06:31:47.358+0000] {dag.py:3823} INFO - Setting next_dagrun for example_sla_dag to 2025-11-06 06:28:00+00:00, run_after=2025-11-06 06:30:00+00:00
[2025-11-06T06:31:47.408+0000] {processor.py:183} INFO - Processing /home/airflow/.local/lib/python3.8/site-packages/airflow/example_dags/example_sla_dag.py took 0.163 seconds
[2025-11-06T06:32:18.266+0000] {processor.py:161} INFO - Started process (PID=8247) to work on /home/airflow/.local/lib/python3.8/site-packages/airflow/example_dags/example_sla_dag.py
[2025-11-06T06:32:18.269+0000] {processor.py:830} INFO - Processing file /home/airflow/.local/lib/python3.8/site-packages/airflow/example_dags/example_sla_dag.py for tasks to queue
[2025-11-06T06:32:18.275+0000] {logging_mixin.py:188} INFO - [2025-11-06T06:32:18.274+0000] {dagbag.py:538} INFO - Filling up the DagBag from /home/airflow/.local/lib/python3.8/site-packages/airflow/example_dags/example_sla_dag.py
[2025-11-06T06:32:18.312+0000] {processor.py:840} INFO - DAG(s) 'example_sla_dag' retrieved from /home/airflow/.local/lib/python3.8/site-packages/airflow/example_dags/example_sla_dag.py
[2025-11-06T06:32:18.405+0000] {logging_mixin.py:188} INFO - [2025-11-06T06:32:18.405+0000] {dag.py:3036} INFO - Sync 1 DAGs
[2025-11-06T06:32:18.532+0000] {logging_mixin.py:188} INFO - [2025-11-06T06:32:18.531+0000] {dag.py:3823} INFO - Setting next_dagrun for example_sla_dag to 2025-11-06 06:30:00+00:00, run_after=2025-11-06 06:32:00+00:00
[2025-11-06T06:32:18.601+0000] {processor.py:183} INFO - Processing /home/airflow/.local/lib/python3.8/site-packages/airflow/example_dags/example_sla_dag.py took 0.350 seconds
[2025-11-06T06:32:48.998+0000] {processor.py:161} INFO - Started process (PID=8301) to work on /home/airflow/.local/lib/python3.8/site-packages/airflow/example_dags/example_sla_dag.py
[2025-11-06T06:32:49.001+0000] {processor.py:830} INFO - Processing file /home/airflow/.local/lib/python3.8/site-packages/airflow/example_dags/example_sla_dag.py for tasks to queue
[2025-11-06T06:32:49.014+0000] {logging_mixin.py:188} INFO - [2025-11-06T06:32:49.012+0000] {dagbag.py:538} INFO - Filling up the DagBag from /home/airflow/.local/lib/python3.8/site-packages/airflow/example_dags/example_sla_dag.py
[2025-11-06T06:32:49.046+0000] {processor.py:840} INFO - DAG(s) 'example_sla_dag' retrieved from /home/airflow/.local/lib/python3.8/site-packages/airflow/example_dags/example_sla_dag.py
[2025-11-06T06:32:49.114+0000] {logging_mixin.py:188} INFO - [2025-11-06T06:32:49.114+0000] {dag.py:3036} INFO - Sync 1 DAGs
[2025-11-06T06:32:49.236+0000] {logging_mixin.py:188} INFO - [2025-11-06T06:32:49.235+0000] {dag.py:3823} INFO - Setting next_dagrun for example_sla_dag to 2025-11-06 06:30:00+00:00, run_after=2025-11-06 06:32:00+00:00
[2025-11-06T06:32:49.308+0000] {processor.py:183} INFO - Processing /home/airflow/.local/lib/python3.8/site-packages/airflow/example_dags/example_sla_dag.py took 0.325 seconds
[2025-11-06T06:33:20.003+0000] {processor.py:161} INFO - Started process (PID=8356) to work on /home/airflow/.local/lib/python3.8/site-packages/airflow/example_dags/example_sla_dag.py
[2025-11-06T06:33:20.008+0000] {processor.py:830} INFO - Processing file /home/airflow/.local/lib/python3.8/site-packages/airflow/example_dags/example_sla_dag.py for tasks to queue
[2025-11-06T06:33:20.013+0000] {logging_mixin.py:188} INFO - [2025-11-06T06:33:20.012+0000] {dagbag.py:538} INFO - Filling up the DagBag from /home/airflow/.local/lib/python3.8/site-packages/airflow/example_dags/example_sla_dag.py
[2025-11-06T06:33:20.039+0000] {processor.py:840} INFO - DAG(s) 'example_sla_dag' retrieved from /home/airflow/.local/lib/python3.8/site-packages/airflow/example_dags/example_sla_dag.py
[2025-11-06T06:33:20.098+0000] {logging_mixin.py:188} INFO - [2025-11-06T06:33:20.097+0000] {dag.py:3036} INFO - Sync 1 DAGs
[2025-11-06T06:33:20.204+0000] {logging_mixin.py:188} INFO - [2025-11-06T06:33:20.201+0000] {dag.py:3823} INFO - Setting next_dagrun for example_sla_dag to 2025-11-06 06:30:00+00:00, run_after=2025-11-06 06:32:00+00:00
[2025-11-06T06:33:20.303+0000] {processor.py:183} INFO - Processing /home/airflow/.local/lib/python3.8/site-packages/airflow/example_dags/example_sla_dag.py took 0.311 seconds
[2025-11-06T06:33:50.854+0000] {processor.py:161} INFO - Started process (PID=8411) to work on /home/airflow/.local/lib/python3.8/site-packages/airflow/example_dags/example_sla_dag.py
[2025-11-06T06:33:50.856+0000] {processor.py:830} INFO - Processing file /home/airflow/.local/lib/python3.8/site-packages/airflow/example_dags/example_sla_dag.py for tasks to queue
[2025-11-06T06:33:50.859+0000] {logging_mixin.py:188} INFO - [2025-11-06T06:33:50.859+0000] {dagbag.py:538} INFO - Filling up the DagBag from /home/airflow/.local/lib/python3.8/site-packages/airflow/example_dags/example_sla_dag.py
[2025-11-06T06:33:50.877+0000] {processor.py:840} INFO - DAG(s) 'example_sla_dag' retrieved from /home/airflow/.local/lib/python3.8/site-packages/airflow/example_dags/example_sla_dag.py
[2025-11-06T06:33:50.912+0000] {logging_mixin.py:188} INFO - [2025-11-06T06:33:50.912+0000] {dag.py:3036} INFO - Sync 1 DAGs
[2025-11-06T06:33:50.958+0000] {logging_mixin.py:188} INFO - [2025-11-06T06:33:50.958+0000] {dag.py:3823} INFO - Setting next_dagrun for example_sla_dag to 2025-11-06 06:30:00+00:00, run_after=2025-11-06 06:32:00+00:00
[2025-11-06T06:33:50.994+0000] {processor.py:183} INFO - Processing /home/airflow/.local/lib/python3.8/site-packages/airflow/example_dags/example_sla_dag.py took 0.148 seconds
[2025-11-06T06:34:21.596+0000] {processor.py:161} INFO - Started process (PID=8466) to work on /home/airflow/.local/lib/python3.8/site-packages/airflow/example_dags/example_sla_dag.py
[2025-11-06T06:34:21.600+0000] {processor.py:830} INFO - Processing file /home/airflow/.local/lib/python3.8/site-packages/airflow/example_dags/example_sla_dag.py for tasks to queue
[2025-11-06T06:34:21.608+0000] {logging_mixin.py:188} INFO - [2025-11-06T06:34:21.608+0000] {dagbag.py:538} INFO - Filling up the DagBag from /home/airflow/.local/lib/python3.8/site-packages/airflow/example_dags/example_sla_dag.py
[2025-11-06T06:34:21.642+0000] {processor.py:840} INFO - DAG(s) 'example_sla_dag' retrieved from /home/airflow/.local/lib/python3.8/site-packages/airflow/example_dags/example_sla_dag.py
[2025-11-06T06:34:21.719+0000] {logging_mixin.py:188} INFO - [2025-11-06T06:34:21.718+0000] {dag.py:3036} INFO - Sync 1 DAGs
[2025-11-06T06:34:21.824+0000] {logging_mixin.py:188} INFO - [2025-11-06T06:34:21.823+0000] {dag.py:3823} INFO - Setting next_dagrun for example_sla_dag to 2025-11-06 06:32:00+00:00, run_after=2025-11-06 06:34:00+00:00
[2025-11-06T06:34:21.902+0000] {processor.py:183} INFO - Processing /home/airflow/.local/lib/python3.8/site-packages/airflow/example_dags/example_sla_dag.py took 0.320 seconds
[2025-11-06T06:34:52.824+0000] {processor.py:161} INFO - Started process (PID=8522) to work on /home/airflow/.local/lib/python3.8/site-packages/airflow/example_dags/example_sla_dag.py
[2025-11-06T06:34:52.830+0000] {processor.py:830} INFO - Processing file /home/airflow/.local/lib/python3.8/site-packages/airflow/example_dags/example_sla_dag.py for tasks to queue
[2025-11-06T06:34:52.842+0000] {logging_mixin.py:188} INFO - [2025-11-06T06:34:52.841+0000] {dagbag.py:538} INFO - Filling up the DagBag from /home/airflow/.local/lib/python3.8/site-packages/airflow/example_dags/example_sla_dag.py
[2025-11-06T06:34:52.877+0000] {processor.py:840} INFO - DAG(s) 'example_sla_dag' retrieved from /home/airflow/.local/lib/python3.8/site-packages/airflow/example_dags/example_sla_dag.py
[2025-11-06T06:34:52.955+0000] {logging_mixin.py:188} INFO - [2025-11-06T06:34:52.954+0000] {dag.py:3036} INFO - Sync 1 DAGs
[2025-11-06T06:34:53.079+0000] {logging_mixin.py:188} INFO - [2025-11-06T06:34:53.079+0000] {dag.py:3823} INFO - Setting next_dagrun for example_sla_dag to 2025-11-06 06:32:00+00:00, run_after=2025-11-06 06:34:00+00:00
[2025-11-06T06:34:53.153+0000] {processor.py:183} INFO - Processing /home/airflow/.local/lib/python3.8/site-packages/airflow/example_dags/example_sla_dag.py took 0.343 seconds
[2025-11-06T06:35:25.927+0000] {processor.py:161} INFO - Started process (PID=8577) to work on /home/airflow/.local/lib/python3.8/site-packages/airflow/example_dags/example_sla_dag.py
[2025-11-06T06:35:25.933+0000] {processor.py:830} INFO - Processing file /home/airflow/.local/lib/python3.8/site-packages/airflow/example_dags/example_sla_dag.py for tasks to queue
[2025-11-06T06:35:25.947+0000] {logging_mixin.py:188} INFO - [2025-11-06T06:35:25.946+0000] {dagbag.py:538} INFO - Filling up the DagBag from /home/airflow/.local/lib/python3.8/site-packages/airflow/example_dags/example_sla_dag.py
[2025-11-06T06:35:26.039+0000] {processor.py:840} INFO - DAG(s) 'example_sla_dag' retrieved from /home/airflow/.local/lib/python3.8/site-packages/airflow/example_dags/example_sla_dag.py
[2025-11-06T06:35:26.179+0000] {logging_mixin.py:188} INFO - [2025-11-06T06:35:26.178+0000] {dag.py:3036} INFO - Sync 1 DAGs
[2025-11-06T06:35:26.362+0000] {logging_mixin.py:188} INFO - [2025-11-06T06:35:26.361+0000] {dag.py:3823} INFO - Setting next_dagrun for example_sla_dag to 2025-11-06 06:32:00+00:00, run_after=2025-11-06 06:34:00+00:00
[2025-11-06T06:35:26.571+0000] {processor.py:183} INFO - Processing /home/airflow/.local/lib/python3.8/site-packages/airflow/example_dags/example_sla_dag.py took 0.662 seconds
[2025-11-06T06:35:56.873+0000] {processor.py:161} INFO - Started process (PID=8632) to work on /home/airflow/.local/lib/python3.8/site-packages/airflow/example_dags/example_sla_dag.py
[2025-11-06T06:35:56.891+0000] {processor.py:830} INFO - Processing file /home/airflow/.local/lib/python3.8/site-packages/airflow/example_dags/example_sla_dag.py for tasks to queue
[2025-11-06T06:35:56.909+0000] {logging_mixin.py:188} INFO - [2025-11-06T06:35:56.908+0000] {dagbag.py:538} INFO - Filling up the DagBag from /home/airflow/.local/lib/python3.8/site-packages/airflow/example_dags/example_sla_dag.py
[2025-11-06T06:35:57.032+0000] {processor.py:840} INFO - DAG(s) 'example_sla_dag' retrieved from /home/airflow/.local/lib/python3.8/site-packages/airflow/example_dags/example_sla_dag.py
[2025-11-06T06:35:57.256+0000] {logging_mixin.py:188} INFO - [2025-11-06T06:35:57.253+0000] {dag.py:3036} INFO - Sync 1 DAGs
[2025-11-06T06:35:57.477+0000] {logging_mixin.py:188} INFO - [2025-11-06T06:35:57.476+0000] {dag.py:3823} INFO - Setting next_dagrun for example_sla_dag to 2025-11-06 06:32:00+00:00, run_after=2025-11-06 06:34:00+00:00
[2025-11-06T06:35:57.619+0000] {processor.py:183} INFO - Processing /home/airflow/.local/lib/python3.8/site-packages/airflow/example_dags/example_sla_dag.py took 0.772 seconds
[2025-11-06T06:36:27.771+0000] {processor.py:161} INFO - Started process (PID=8687) to work on /home/airflow/.local/lib/python3.8/site-packages/airflow/example_dags/example_sla_dag.py
[2025-11-06T06:36:27.775+0000] {processor.py:830} INFO - Processing file /home/airflow/.local/lib/python3.8/site-packages/airflow/example_dags/example_sla_dag.py for tasks to queue
[2025-11-06T06:36:27.781+0000] {logging_mixin.py:188} INFO - [2025-11-06T06:36:27.779+0000] {dagbag.py:538} INFO - Filling up the DagBag from /home/airflow/.local/lib/python3.8/site-packages/airflow/example_dags/example_sla_dag.py
[2025-11-06T06:36:27.806+0000] {processor.py:840} INFO - DAG(s) 'example_sla_dag' retrieved from /home/airflow/.local/lib/python3.8/site-packages/airflow/example_dags/example_sla_dag.py
[2025-11-06T06:36:27.861+0000] {logging_mixin.py:188} INFO - [2025-11-06T06:36:27.860+0000] {dag.py:3036} INFO - Sync 1 DAGs
[2025-11-06T06:36:27.925+0000] {logging_mixin.py:188} INFO - [2025-11-06T06:36:27.925+0000] {dag.py:3823} INFO - Setting next_dagrun for example_sla_dag to 2025-11-06 06:34:00+00:00, run_after=2025-11-06 06:36:00+00:00
[2025-11-06T06:36:27.965+0000] {processor.py:183} INFO - Processing /home/airflow/.local/lib/python3.8/site-packages/airflow/example_dags/example_sla_dag.py took 0.205 seconds
[2025-11-06T06:37:00.247+0000] {processor.py:161} INFO - Started process (PID=8742) to work on /home/airflow/.local/lib/python3.8/site-packages/airflow/example_dags/example_sla_dag.py
[2025-11-06T06:37:00.250+0000] {processor.py:830} INFO - Processing file /home/airflow/.local/lib/python3.8/site-packages/airflow/example_dags/example_sla_dag.py for tasks to queue
[2025-11-06T06:37:00.277+0000] {logging_mixin.py:188} INFO - [2025-11-06T06:37:00.276+0000] {dagbag.py:538} INFO - Filling up the DagBag from /home/airflow/.local/lib/python3.8/site-packages/airflow/example_dags/example_sla_dag.py
[2025-11-06T06:37:00.323+0000] {processor.py:840} INFO - DAG(s) 'example_sla_dag' retrieved from /home/airflow/.local/lib/python3.8/site-packages/airflow/example_dags/example_sla_dag.py
[2025-11-06T06:37:00.480+0000] {logging_mixin.py:188} INFO - [2025-11-06T06:37:00.480+0000] {dag.py:3036} INFO - Sync 1 DAGs
[2025-11-06T06:37:00.762+0000] {logging_mixin.py:188} INFO - [2025-11-06T06:37:00.761+0000] {dag.py:3823} INFO - Setting next_dagrun for example_sla_dag to 2025-11-06 06:34:00+00:00, run_after=2025-11-06 06:36:00+00:00
[2025-11-06T06:37:00.968+0000] {processor.py:183} INFO - Processing /home/airflow/.local/lib/python3.8/site-packages/airflow/example_dags/example_sla_dag.py took 0.765 seconds
[2025-11-06T06:37:31.968+0000] {processor.py:161} INFO - Started process (PID=8798) to work on /home/airflow/.local/lib/python3.8/site-packages/airflow/example_dags/example_sla_dag.py
[2025-11-06T06:37:31.987+0000] {processor.py:830} INFO - Processing file /home/airflow/.local/lib/python3.8/site-packages/airflow/example_dags/example_sla_dag.py for tasks to queue
[2025-11-06T06:37:32.014+0000] {logging_mixin.py:188} INFO - [2025-11-06T06:37:32.004+0000] {dagbag.py:538} INFO - Filling up the DagBag from /home/airflow/.local/lib/python3.8/site-packages/airflow/example_dags/example_sla_dag.py
[2025-11-06T06:37:32.112+0000] {processor.py:840} INFO - DAG(s) 'example_sla_dag' retrieved from /home/airflow/.local/lib/python3.8/site-packages/airflow/example_dags/example_sla_dag.py
[2025-11-06T06:37:32.251+0000] {logging_mixin.py:188} INFO - [2025-11-06T06:37:32.250+0000] {dag.py:3036} INFO - Sync 1 DAGs
[2025-11-06T06:37:32.407+0000] {logging_mixin.py:188} INFO - [2025-11-06T06:37:32.403+0000] {dag.py:3823} INFO - Setting next_dagrun for example_sla_dag to 2025-11-06 06:34:00+00:00, run_after=2025-11-06 06:36:00+00:00
[2025-11-06T06:37:32.536+0000] {processor.py:183} INFO - Processing /home/airflow/.local/lib/python3.8/site-packages/airflow/example_dags/example_sla_dag.py took 0.602 seconds
[2025-11-06T06:38:02.785+0000] {processor.py:161} INFO - Started process (PID=8853) to work on /home/airflow/.local/lib/python3.8/site-packages/airflow/example_dags/example_sla_dag.py
[2025-11-06T06:38:02.789+0000] {processor.py:830} INFO - Processing file /home/airflow/.local/lib/python3.8/site-packages/airflow/example_dags/example_sla_dag.py for tasks to queue
[2025-11-06T06:38:02.796+0000] {logging_mixin.py:188} INFO - [2025-11-06T06:38:02.795+0000] {dagbag.py:538} INFO - Filling up the DagBag from /home/airflow/.local/lib/python3.8/site-packages/airflow/example_dags/example_sla_dag.py
[2025-11-06T06:38:02.835+0000] {processor.py:840} INFO - DAG(s) 'example_sla_dag' retrieved from /home/airflow/.local/lib/python3.8/site-packages/airflow/example_dags/example_sla_dag.py
[2025-11-06T06:38:02.921+0000] {logging_mixin.py:188} INFO - [2025-11-06T06:38:02.920+0000] {dag.py:3036} INFO - Sync 1 DAGs
[2025-11-06T06:38:03.035+0000] {logging_mixin.py:188} INFO - [2025-11-06T06:38:03.034+0000] {dag.py:3823} INFO - Setting next_dagrun for example_sla_dag to 2025-11-06 06:36:00+00:00, run_after=2025-11-06 06:38:00+00:00
[2025-11-06T06:38:03.098+0000] {processor.py:183} INFO - Processing /home/airflow/.local/lib/python3.8/site-packages/airflow/example_dags/example_sla_dag.py took 0.323 seconds
[2025-11-06T06:38:33.852+0000] {processor.py:161} INFO - Started process (PID=8907) to work on /home/airflow/.local/lib/python3.8/site-packages/airflow/example_dags/example_sla_dag.py
[2025-11-06T06:38:33.856+0000] {processor.py:830} INFO - Processing file /home/airflow/.local/lib/python3.8/site-packages/airflow/example_dags/example_sla_dag.py for tasks to queue
[2025-11-06T06:38:33.861+0000] {logging_mixin.py:188} INFO - [2025-11-06T06:38:33.860+0000] {dagbag.py:538} INFO - Filling up the DagBag from /home/airflow/.local/lib/python3.8/site-packages/airflow/example_dags/example_sla_dag.py
[2025-11-06T06:38:33.884+0000] {processor.py:840} INFO - DAG(s) 'example_sla_dag' retrieved from /home/airflow/.local/lib/python3.8/site-packages/airflow/example_dags/example_sla_dag.py
[2025-11-06T06:38:33.931+0000] {logging_mixin.py:188} INFO - [2025-11-06T06:38:33.931+0000] {dag.py:3036} INFO - Sync 1 DAGs
[2025-11-06T06:38:34.019+0000] {logging_mixin.py:188} INFO - [2025-11-06T06:38:34.019+0000] {dag.py:3823} INFO - Setting next_dagrun for example_sla_dag to 2025-11-06 06:36:00+00:00, run_after=2025-11-06 06:38:00+00:00
[2025-11-06T06:38:34.080+0000] {processor.py:183} INFO - Processing /home/airflow/.local/lib/python3.8/site-packages/airflow/example_dags/example_sla_dag.py took 0.240 seconds
[2025-11-06T06:39:04.255+0000] {processor.py:161} INFO - Started process (PID=8962) to work on /home/airflow/.local/lib/python3.8/site-packages/airflow/example_dags/example_sla_dag.py
[2025-11-06T06:39:04.257+0000] {processor.py:830} INFO - Processing file /home/airflow/.local/lib/python3.8/site-packages/airflow/example_dags/example_sla_dag.py for tasks to queue
[2025-11-06T06:39:04.260+0000] {logging_mixin.py:188} INFO - [2025-11-06T06:39:04.260+0000] {dagbag.py:538} INFO - Filling up the DagBag from /home/airflow/.local/lib/python3.8/site-packages/airflow/example_dags/example_sla_dag.py
[2025-11-06T06:39:04.274+0000] {processor.py:840} INFO - DAG(s) 'example_sla_dag' retrieved from /home/airflow/.local/lib/python3.8/site-packages/airflow/example_dags/example_sla_dag.py
[2025-11-06T06:39:04.304+0000] {logging_mixin.py:188} INFO - [2025-11-06T06:39:04.304+0000] {dag.py:3036} INFO - Sync 1 DAGs
[2025-11-06T06:39:04.340+0000] {logging_mixin.py:188} INFO - [2025-11-06T06:39:04.339+0000] {dag.py:3823} INFO - Setting next_dagrun for example_sla_dag to 2025-11-06 06:36:00+00:00, run_after=2025-11-06 06:38:00+00:00
[2025-11-06T06:39:04.368+0000] {processor.py:183} INFO - Processing /home/airflow/.local/lib/python3.8/site-packages/airflow/example_dags/example_sla_dag.py took 0.118 seconds
[2025-11-06T06:39:34.446+0000] {processor.py:161} INFO - Started process (PID=9017) to work on /home/airflow/.local/lib/python3.8/site-packages/airflow/example_dags/example_sla_dag.py
[2025-11-06T06:39:34.448+0000] {processor.py:830} INFO - Processing file /home/airflow/.local/lib/python3.8/site-packages/airflow/example_dags/example_sla_dag.py for tasks to queue
[2025-11-06T06:39:34.452+0000] {logging_mixin.py:188} INFO - [2025-11-06T06:39:34.452+0000] {dagbag.py:538} INFO - Filling up the DagBag from /home/airflow/.local/lib/python3.8/site-packages/airflow/example_dags/example_sla_dag.py
[2025-11-06T06:39:34.472+0000] {processor.py:840} INFO - DAG(s) 'example_sla_dag' retrieved from /home/airflow/.local/lib/python3.8/site-packages/airflow/example_dags/example_sla_dag.py
[2025-11-06T06:39:34.510+0000] {logging_mixin.py:188} INFO - [2025-11-06T06:39:34.510+0000] {dag.py:3036} INFO - Sync 1 DAGs
[2025-11-06T06:39:34.548+0000] {logging_mixin.py:188} INFO - [2025-11-06T06:39:34.548+0000] {dag.py:3823} INFO - Setting next_dagrun for example_sla_dag to 2025-11-06 06:36:00+00:00, run_after=2025-11-06 06:38:00+00:00
[2025-11-06T06:39:34.575+0000] {processor.py:183} INFO - Processing /home/airflow/.local/lib/python3.8/site-packages/airflow/example_dags/example_sla_dag.py took 0.136 seconds
[2025-11-06T06:40:05.089+0000] {processor.py:161} INFO - Started process (PID=9072) to work on /home/airflow/.local/lib/python3.8/site-packages/airflow/example_dags/example_sla_dag.py
[2025-11-06T06:40:05.091+0000] {processor.py:830} INFO - Processing file /home/airflow/.local/lib/python3.8/site-packages/airflow/example_dags/example_sla_dag.py for tasks to queue
[2025-11-06T06:40:05.095+0000] {logging_mixin.py:188} INFO - [2025-11-06T06:40:05.094+0000] {dagbag.py:538} INFO - Filling up the DagBag from /home/airflow/.local/lib/python3.8/site-packages/airflow/example_dags/example_sla_dag.py
[2025-11-06T06:40:05.111+0000] {processor.py:840} INFO - DAG(s) 'example_sla_dag' retrieved from /home/airflow/.local/lib/python3.8/site-packages/airflow/example_dags/example_sla_dag.py
[2025-11-06T06:40:05.137+0000] {logging_mixin.py:188} INFO - [2025-11-06T06:40:05.136+0000] {dag.py:3036} INFO - Sync 1 DAGs
[2025-11-06T06:40:05.169+0000] {logging_mixin.py:188} INFO - [2025-11-06T06:40:05.168+0000] {dag.py:3823} INFO - Setting next_dagrun for example_sla_dag to 2025-11-06 06:38:00+00:00, run_after=2025-11-06 06:40:00+00:00
[2025-11-06T06:40:05.202+0000] {processor.py:183} INFO - Processing /home/airflow/.local/lib/python3.8/site-packages/airflow/example_dags/example_sla_dag.py took 0.120 seconds
[2025-11-06T06:40:35.858+0000] {processor.py:161} INFO - Started process (PID=9127) to work on /home/airflow/.local/lib/python3.8/site-packages/airflow/example_dags/example_sla_dag.py
[2025-11-06T06:40:35.863+0000] {processor.py:830} INFO - Processing file /home/airflow/.local/lib/python3.8/site-packages/airflow/example_dags/example_sla_dag.py for tasks to queue
[2025-11-06T06:40:35.870+0000] {logging_mixin.py:188} INFO - [2025-11-06T06:40:35.869+0000] {dagbag.py:538} INFO - Filling up the DagBag from /home/airflow/.local/lib/python3.8/site-packages/airflow/example_dags/example_sla_dag.py
[2025-11-06T06:40:35.897+0000] {processor.py:840} INFO - DAG(s) 'example_sla_dag' retrieved from /home/airflow/.local/lib/python3.8/site-packages/airflow/example_dags/example_sla_dag.py
[2025-11-06T06:40:35.942+0000] {logging_mixin.py:188} INFO - [2025-11-06T06:40:35.942+0000] {dag.py:3036} INFO - Sync 1 DAGs
[2025-11-06T06:40:35.999+0000] {logging_mixin.py:188} INFO - [2025-11-06T06:40:35.998+0000] {dag.py:3823} INFO - Setting next_dagrun for example_sla_dag to 2025-11-06 06:38:00+00:00, run_after=2025-11-06 06:40:00+00:00
[2025-11-06T06:40:36.049+0000] {processor.py:183} INFO - Processing /home/airflow/.local/lib/python3.8/site-packages/airflow/example_dags/example_sla_dag.py took 0.204 seconds
[2025-11-06T06:41:06.366+0000] {processor.py:161} INFO - Started process (PID=9182) to work on /home/airflow/.local/lib/python3.8/site-packages/airflow/example_dags/example_sla_dag.py
[2025-11-06T06:41:06.379+0000] {processor.py:830} INFO - Processing file /home/airflow/.local/lib/python3.8/site-packages/airflow/example_dags/example_sla_dag.py for tasks to queue
[2025-11-06T06:41:06.397+0000] {logging_mixin.py:188} INFO - [2025-11-06T06:41:06.396+0000] {dagbag.py:538} INFO - Filling up the DagBag from /home/airflow/.local/lib/python3.8/site-packages/airflow/example_dags/example_sla_dag.py
[2025-11-06T06:41:06.469+0000] {processor.py:840} INFO - DAG(s) 'example_sla_dag' retrieved from /home/airflow/.local/lib/python3.8/site-packages/airflow/example_dags/example_sla_dag.py
[2025-11-06T06:41:06.624+0000] {logging_mixin.py:188} INFO - [2025-11-06T06:41:06.623+0000] {dag.py:3036} INFO - Sync 1 DAGs
[2025-11-06T06:41:06.906+0000] {logging_mixin.py:188} INFO - [2025-11-06T06:41:06.905+0000] {dag.py:3823} INFO - Setting next_dagrun for example_sla_dag to 2025-11-06 06:38:00+00:00, run_after=2025-11-06 06:40:00+00:00
[2025-11-06T06:41:07.492+0000] {processor.py:183} INFO - Processing /home/airflow/.local/lib/python3.8/site-packages/airflow/example_dags/example_sla_dag.py took 1.147 seconds
[2025-11-06T06:41:37.920+0000] {processor.py:161} INFO - Started process (PID=9237) to work on /home/airflow/.local/lib/python3.8/site-packages/airflow/example_dags/example_sla_dag.py
[2025-11-06T06:41:37.936+0000] {processor.py:830} INFO - Processing file /home/airflow/.local/lib/python3.8/site-packages/airflow/example_dags/example_sla_dag.py for tasks to queue
[2025-11-06T06:41:37.967+0000] {logging_mixin.py:188} INFO - [2025-11-06T06:41:37.966+0000] {dagbag.py:538} INFO - Filling up the DagBag from /home/airflow/.local/lib/python3.8/site-packages/airflow/example_dags/example_sla_dag.py
[2025-11-06T06:41:38.072+0000] {processor.py:840} INFO - DAG(s) 'example_sla_dag' retrieved from /home/airflow/.local/lib/python3.8/site-packages/airflow/example_dags/example_sla_dag.py
[2025-11-06T06:41:38.185+0000] {logging_mixin.py:188} INFO - [2025-11-06T06:41:38.185+0000] {dag.py:3036} INFO - Sync 1 DAGs
[2025-11-06T06:41:38.284+0000] {logging_mixin.py:188} INFO - [2025-11-06T06:41:38.283+0000] {dag.py:3823} INFO - Setting next_dagrun for example_sla_dag to 2025-11-06 06:38:00+00:00, run_after=2025-11-06 06:40:00+00:00
[2025-11-06T06:41:38.348+0000] {processor.py:183} INFO - Processing /home/airflow/.local/lib/python3.8/site-packages/airflow/example_dags/example_sla_dag.py took 0.461 seconds
[2025-11-06T06:42:08.586+0000] {processor.py:161} INFO - Started process (PID=9292) to work on /home/airflow/.local/lib/python3.8/site-packages/airflow/example_dags/example_sla_dag.py
[2025-11-06T06:42:08.589+0000] {processor.py:830} INFO - Processing file /home/airflow/.local/lib/python3.8/site-packages/airflow/example_dags/example_sla_dag.py for tasks to queue
[2025-11-06T06:42:08.596+0000] {logging_mixin.py:188} INFO - [2025-11-06T06:42:08.594+0000] {dagbag.py:538} INFO - Filling up the DagBag from /home/airflow/.local/lib/python3.8/site-packages/airflow/example_dags/example_sla_dag.py
[2025-11-06T06:42:08.626+0000] {processor.py:840} INFO - DAG(s) 'example_sla_dag' retrieved from /home/airflow/.local/lib/python3.8/site-packages/airflow/example_dags/example_sla_dag.py
[2025-11-06T06:42:08.695+0000] {logging_mixin.py:188} INFO - [2025-11-06T06:42:08.694+0000] {dag.py:3036} INFO - Sync 1 DAGs
[2025-11-06T06:42:08.791+0000] {logging_mixin.py:188} INFO - [2025-11-06T06:42:08.790+0000] {dag.py:3823} INFO - Setting next_dagrun for example_sla_dag to 2025-11-06 06:40:00+00:00, run_after=2025-11-06 06:42:00+00:00
[2025-11-06T06:42:08.854+0000] {processor.py:183} INFO - Processing /home/airflow/.local/lib/python3.8/site-packages/airflow/example_dags/example_sla_dag.py took 0.279 seconds
[2025-11-06T06:42:39.000+0000] {processor.py:161} INFO - Started process (PID=9347) to work on /home/airflow/.local/lib/python3.8/site-packages/airflow/example_dags/example_sla_dag.py
[2025-11-06T06:42:39.002+0000] {processor.py:830} INFO - Processing file /home/airflow/.local/lib/python3.8/site-packages/airflow/example_dags/example_sla_dag.py for tasks to queue
[2025-11-06T06:42:39.006+0000] {logging_mixin.py:188} INFO - [2025-11-06T06:42:39.005+0000] {dagbag.py:538} INFO - Filling up the DagBag from /home/airflow/.local/lib/python3.8/site-packages/airflow/example_dags/example_sla_dag.py
[2025-11-06T06:42:39.019+0000] {processor.py:840} INFO - DAG(s) 'example_sla_dag' retrieved from /home/airflow/.local/lib/python3.8/site-packages/airflow/example_dags/example_sla_dag.py
[2025-11-06T06:42:39.049+0000] {logging_mixin.py:188} INFO - [2025-11-06T06:42:39.049+0000] {dag.py:3036} INFO - Sync 1 DAGs
[2025-11-06T06:42:39.226+0000] {logging_mixin.py:188} INFO - [2025-11-06T06:42:39.225+0000] {dag.py:3823} INFO - Setting next_dagrun for example_sla_dag to 2025-11-06 06:40:00+00:00, run_after=2025-11-06 06:42:00+00:00
[2025-11-06T06:42:39.257+0000] {processor.py:183} INFO - Processing /home/airflow/.local/lib/python3.8/site-packages/airflow/example_dags/example_sla_dag.py took 0.263 seconds
[2025-11-06T06:43:10.017+0000] {processor.py:161} INFO - Started process (PID=9403) to work on /home/airflow/.local/lib/python3.8/site-packages/airflow/example_dags/example_sla_dag.py
[2025-11-06T06:43:10.019+0000] {processor.py:830} INFO - Processing file /home/airflow/.local/lib/python3.8/site-packages/airflow/example_dags/example_sla_dag.py for tasks to queue
[2025-11-06T06:43:10.021+0000] {logging_mixin.py:188} INFO - [2025-11-06T06:43:10.021+0000] {dagbag.py:538} INFO - Filling up the DagBag from /home/airflow/.local/lib/python3.8/site-packages/airflow/example_dags/example_sla_dag.py
[2025-11-06T06:43:10.033+0000] {processor.py:840} INFO - DAG(s) 'example_sla_dag' retrieved from /home/airflow/.local/lib/python3.8/site-packages/airflow/example_dags/example_sla_dag.py
[2025-11-06T06:43:10.071+0000] {logging_mixin.py:188} INFO - [2025-11-06T06:43:10.071+0000] {dag.py:3036} INFO - Sync 1 DAGs
[2025-11-06T06:43:10.111+0000] {logging_mixin.py:188} INFO - [2025-11-06T06:43:10.111+0000] {dag.py:3823} INFO - Setting next_dagrun for example_sla_dag to 2025-11-06 06:40:00+00:00, run_after=2025-11-06 06:42:00+00:00
[2025-11-06T06:43:10.319+0000] {processor.py:183} INFO - Processing /home/airflow/.local/lib/python3.8/site-packages/airflow/example_dags/example_sla_dag.py took 0.306 seconds
[2025-11-06T06:43:40.471+0000] {processor.py:161} INFO - Started process (PID=9457) to work on /home/airflow/.local/lib/python3.8/site-packages/airflow/example_dags/example_sla_dag.py
[2025-11-06T06:43:40.473+0000] {processor.py:830} INFO - Processing file /home/airflow/.local/lib/python3.8/site-packages/airflow/example_dags/example_sla_dag.py for tasks to queue
[2025-11-06T06:43:40.478+0000] {logging_mixin.py:188} INFO - [2025-11-06T06:43:40.477+0000] {dagbag.py:538} INFO - Filling up the DagBag from /home/airflow/.local/lib/python3.8/site-packages/airflow/example_dags/example_sla_dag.py
[2025-11-06T06:43:40.498+0000] {processor.py:840} INFO - DAG(s) 'example_sla_dag' retrieved from /home/airflow/.local/lib/python3.8/site-packages/airflow/example_dags/example_sla_dag.py
[2025-11-06T06:43:40.532+0000] {logging_mixin.py:188} INFO - [2025-11-06T06:43:40.532+0000] {dag.py:3036} INFO - Sync 1 DAGs
[2025-11-06T06:43:40.576+0000] {logging_mixin.py:188} INFO - [2025-11-06T06:43:40.576+0000] {dag.py:3823} INFO - Setting next_dagrun for example_sla_dag to 2025-11-06 06:40:00+00:00, run_after=2025-11-06 06:42:00+00:00
[2025-11-06T06:43:40.611+0000] {processor.py:183} INFO - Processing /home/airflow/.local/lib/python3.8/site-packages/airflow/example_dags/example_sla_dag.py took 0.164 seconds
[2025-11-06T06:44:12.237+0000] {processor.py:161} INFO - Started process (PID=9512) to work on /home/airflow/.local/lib/python3.8/site-packages/airflow/example_dags/example_sla_dag.py
[2025-11-06T06:44:12.241+0000] {processor.py:830} INFO - Processing file /home/airflow/.local/lib/python3.8/site-packages/airflow/example_dags/example_sla_dag.py for tasks to queue
[2025-11-06T06:44:12.258+0000] {logging_mixin.py:188} INFO - [2025-11-06T06:44:12.257+0000] {dagbag.py:538} INFO - Filling up the DagBag from /home/airflow/.local/lib/python3.8/site-packages/airflow/example_dags/example_sla_dag.py
[2025-11-06T06:44:12.315+0000] {processor.py:840} INFO - DAG(s) 'example_sla_dag' retrieved from /home/airflow/.local/lib/python3.8/site-packages/airflow/example_dags/example_sla_dag.py
[2025-11-06T06:44:12.472+0000] {logging_mixin.py:188} INFO - [2025-11-06T06:44:12.471+0000] {dag.py:3036} INFO - Sync 1 DAGs
[2025-11-06T06:44:12.539+0000] {logging_mixin.py:188} INFO - [2025-11-06T06:44:12.539+0000] {dag.py:3823} INFO - Setting next_dagrun for example_sla_dag to 2025-11-06 06:42:00+00:00, run_after=2025-11-06 06:44:00+00:00
[2025-11-06T06:44:12.622+0000] {processor.py:183} INFO - Processing /home/airflow/.local/lib/python3.8/site-packages/airflow/example_dags/example_sla_dag.py took 0.413 seconds
[2025-11-06T06:44:42.766+0000] {processor.py:161} INFO - Started process (PID=9565) to work on /home/airflow/.local/lib/python3.8/site-packages/airflow/example_dags/example_sla_dag.py
[2025-11-06T06:44:42.770+0000] {processor.py:830} INFO - Processing file /home/airflow/.local/lib/python3.8/site-packages/airflow/example_dags/example_sla_dag.py for tasks to queue
[2025-11-06T06:44:42.785+0000] {logging_mixin.py:188} INFO - [2025-11-06T06:44:42.784+0000] {dagbag.py:538} INFO - Filling up the DagBag from /home/airflow/.local/lib/python3.8/site-packages/airflow/example_dags/example_sla_dag.py
[2025-11-06T06:44:42.829+0000] {processor.py:840} INFO - DAG(s) 'example_sla_dag' retrieved from /home/airflow/.local/lib/python3.8/site-packages/airflow/example_dags/example_sla_dag.py
[2025-11-06T06:44:42.937+0000] {logging_mixin.py:188} INFO - [2025-11-06T06:44:42.936+0000] {dag.py:3036} INFO - Sync 1 DAGs
[2025-11-06T06:44:43.470+0000] {logging_mixin.py:188} INFO - [2025-11-06T06:44:43.469+0000] {dag.py:3823} INFO - Setting next_dagrun for example_sla_dag to 2025-11-06 06:42:00+00:00, run_after=2025-11-06 06:44:00+00:00
[2025-11-06T06:44:43.606+0000] {processor.py:183} INFO - Processing /home/airflow/.local/lib/python3.8/site-packages/airflow/example_dags/example_sla_dag.py took 0.862 seconds
[2025-11-06T06:45:13.929+0000] {processor.py:161} INFO - Started process (PID=9618) to work on /home/airflow/.local/lib/python3.8/site-packages/airflow/example_dags/example_sla_dag.py
[2025-11-06T06:45:13.931+0000] {processor.py:830} INFO - Processing file /home/airflow/.local/lib/python3.8/site-packages/airflow/example_dags/example_sla_dag.py for tasks to queue
[2025-11-06T06:45:13.934+0000] {logging_mixin.py:188} INFO - [2025-11-06T06:45:13.934+0000] {dagbag.py:538} INFO - Filling up the DagBag from /home/airflow/.local/lib/python3.8/site-packages/airflow/example_dags/example_sla_dag.py
[2025-11-06T06:45:13.963+0000] {processor.py:840} INFO - DAG(s) 'example_sla_dag' retrieved from /home/airflow/.local/lib/python3.8/site-packages/airflow/example_dags/example_sla_dag.py
[2025-11-06T06:45:14.071+0000] {logging_mixin.py:188} INFO - [2025-11-06T06:45:14.071+0000] {dag.py:3036} INFO - Sync 1 DAGs
[2025-11-06T06:45:14.738+0000] {logging_mixin.py:188} INFO - [2025-11-06T06:45:14.738+0000] {dag.py:3823} INFO - Setting next_dagrun for example_sla_dag to 2025-11-06 06:42:00+00:00, run_after=2025-11-06 06:44:00+00:00
[2025-11-06T06:45:14.869+0000] {processor.py:183} INFO - Processing /home/airflow/.local/lib/python3.8/site-packages/airflow/example_dags/example_sla_dag.py took 0.945 seconds
[2025-11-06T06:45:45.108+0000] {processor.py:161} INFO - Started process (PID=9673) to work on /home/airflow/.local/lib/python3.8/site-packages/airflow/example_dags/example_sla_dag.py
[2025-11-06T06:45:45.111+0000] {processor.py:830} INFO - Processing file /home/airflow/.local/lib/python3.8/site-packages/airflow/example_dags/example_sla_dag.py for tasks to queue
[2025-11-06T06:45:45.115+0000] {logging_mixin.py:188} INFO - [2025-11-06T06:45:45.115+0000] {dagbag.py:538} INFO - Filling up the DagBag from /home/airflow/.local/lib/python3.8/site-packages/airflow/example_dags/example_sla_dag.py
[2025-11-06T06:45:45.143+0000] {processor.py:840} INFO - DAG(s) 'example_sla_dag' retrieved from /home/airflow/.local/lib/python3.8/site-packages/airflow/example_dags/example_sla_dag.py
[2025-11-06T06:45:45.196+0000] {logging_mixin.py:188} INFO - [2025-11-06T06:45:45.195+0000] {dag.py:3036} INFO - Sync 1 DAGs
[2025-11-06T06:45:45.286+0000] {logging_mixin.py:188} INFO - [2025-11-06T06:45:45.286+0000] {dag.py:3823} INFO - Setting next_dagrun for example_sla_dag to 2025-11-06 06:42:00+00:00, run_after=2025-11-06 06:44:00+00:00
[2025-11-06T06:45:45.571+0000] {processor.py:183} INFO - Processing /home/airflow/.local/lib/python3.8/site-packages/airflow/example_dags/example_sla_dag.py took 0.471 seconds
[2025-11-06T06:46:15.754+0000] {processor.py:161} INFO - Started process (PID=9729) to work on /home/airflow/.local/lib/python3.8/site-packages/airflow/example_dags/example_sla_dag.py
[2025-11-06T06:46:15.758+0000] {processor.py:830} INFO - Processing file /home/airflow/.local/lib/python3.8/site-packages/airflow/example_dags/example_sla_dag.py for tasks to queue
[2025-11-06T06:46:15.766+0000] {logging_mixin.py:188} INFO - [2025-11-06T06:46:15.765+0000] {dagbag.py:538} INFO - Filling up the DagBag from /home/airflow/.local/lib/python3.8/site-packages/airflow/example_dags/example_sla_dag.py
[2025-11-06T06:46:15.800+0000] {processor.py:840} INFO - DAG(s) 'example_sla_dag' retrieved from /home/airflow/.local/lib/python3.8/site-packages/airflow/example_dags/example_sla_dag.py
[2025-11-06T06:46:15.891+0000] {logging_mixin.py:188} INFO - [2025-11-06T06:46:15.890+0000] {dag.py:3036} INFO - Sync 1 DAGs
[2025-11-06T06:46:16.004+0000] {logging_mixin.py:188} INFO - [2025-11-06T06:46:16.003+0000] {dag.py:3823} INFO - Setting next_dagrun for example_sla_dag to 2025-11-06 06:44:00+00:00, run_after=2025-11-06 06:46:00+00:00
[2025-11-06T06:46:16.077+0000] {processor.py:183} INFO - Processing /home/airflow/.local/lib/python3.8/site-packages/airflow/example_dags/example_sla_dag.py took 0.335 seconds
[2025-11-06T06:46:54.489+0000] {processor.py:161} INFO - Started process (PID=9795) to work on /home/airflow/.local/lib/python3.8/site-packages/airflow/example_dags/example_sla_dag.py
[2025-11-06T06:46:54.493+0000] {processor.py:830} INFO - Processing file /home/airflow/.local/lib/python3.8/site-packages/airflow/example_dags/example_sla_dag.py for tasks to queue
[2025-11-06T06:46:54.502+0000] {logging_mixin.py:188} INFO - [2025-11-06T06:46:54.501+0000] {dagbag.py:538} INFO - Filling up the DagBag from /home/airflow/.local/lib/python3.8/site-packages/airflow/example_dags/example_sla_dag.py
[2025-11-06T06:46:54.583+0000] {processor.py:840} INFO - DAG(s) 'example_sla_dag' retrieved from /home/airflow/.local/lib/python3.8/site-packages/airflow/example_dags/example_sla_dag.py
[2025-11-06T06:46:54.766+0000] {logging_mixin.py:188} INFO - [2025-11-06T06:46:54.765+0000] {dag.py:3036} INFO - Sync 1 DAGs
[2025-11-06T06:46:54.916+0000] {logging_mixin.py:188} INFO - [2025-11-06T06:46:54.914+0000] {dag.py:3823} INFO - Setting next_dagrun for example_sla_dag to 2025-11-06 06:44:00+00:00, run_after=2025-11-06 06:46:00+00:00
[2025-11-06T06:46:55.055+0000] {processor.py:183} INFO - Processing /home/airflow/.local/lib/python3.8/site-packages/airflow/example_dags/example_sla_dag.py took 0.584 seconds
[2025-11-06T06:47:25.367+0000] {processor.py:161} INFO - Started process (PID=9851) to work on /home/airflow/.local/lib/python3.8/site-packages/airflow/example_dags/example_sla_dag.py
[2025-11-06T06:47:25.369+0000] {processor.py:830} INFO - Processing file /home/airflow/.local/lib/python3.8/site-packages/airflow/example_dags/example_sla_dag.py for tasks to queue
[2025-11-06T06:47:25.374+0000] {logging_mixin.py:188} INFO - [2025-11-06T06:47:25.373+0000] {dagbag.py:538} INFO - Filling up the DagBag from /home/airflow/.local/lib/python3.8/site-packages/airflow/example_dags/example_sla_dag.py
[2025-11-06T06:47:25.392+0000] {processor.py:840} INFO - DAG(s) 'example_sla_dag' retrieved from /home/airflow/.local/lib/python3.8/site-packages/airflow/example_dags/example_sla_dag.py
[2025-11-06T06:47:25.435+0000] {logging_mixin.py:188} INFO - [2025-11-06T06:47:25.434+0000] {dag.py:3036} INFO - Sync 1 DAGs
[2025-11-06T06:47:25.490+0000] {logging_mixin.py:188} INFO - [2025-11-06T06:47:25.489+0000] {dag.py:3823} INFO - Setting next_dagrun for example_sla_dag to 2025-11-06 06:44:00+00:00, run_after=2025-11-06 06:46:00+00:00
[2025-11-06T06:47:25.525+0000] {processor.py:183} INFO - Processing /home/airflow/.local/lib/python3.8/site-packages/airflow/example_dags/example_sla_dag.py took 0.165 seconds
[2025-11-06T06:47:55.873+0000] {processor.py:161} INFO - Started process (PID=9906) to work on /home/airflow/.local/lib/python3.8/site-packages/airflow/example_dags/example_sla_dag.py
[2025-11-06T06:47:55.875+0000] {processor.py:830} INFO - Processing file /home/airflow/.local/lib/python3.8/site-packages/airflow/example_dags/example_sla_dag.py for tasks to queue
[2025-11-06T06:47:55.878+0000] {logging_mixin.py:188} INFO - [2025-11-06T06:47:55.877+0000] {dagbag.py:538} INFO - Filling up the DagBag from /home/airflow/.local/lib/python3.8/site-packages/airflow/example_dags/example_sla_dag.py
[2025-11-06T06:47:55.892+0000] {processor.py:840} INFO - DAG(s) 'example_sla_dag' retrieved from /home/airflow/.local/lib/python3.8/site-packages/airflow/example_dags/example_sla_dag.py
[2025-11-06T06:47:55.925+0000] {logging_mixin.py:188} INFO - [2025-11-06T06:47:55.925+0000] {dag.py:3036} INFO - Sync 1 DAGs
[2025-11-06T06:47:55.962+0000] {logging_mixin.py:188} INFO - [2025-11-06T06:47:55.962+0000] {dag.py:3823} INFO - Setting next_dagrun for example_sla_dag to 2025-11-06 06:44:00+00:00, run_after=2025-11-06 06:46:00+00:00
[2025-11-06T06:47:55.995+0000] {processor.py:183} INFO - Processing /home/airflow/.local/lib/python3.8/site-packages/airflow/example_dags/example_sla_dag.py took 0.127 seconds
[2025-11-06T06:48:27.207+0000] {processor.py:161} INFO - Started process (PID=9960) to work on /home/airflow/.local/lib/python3.8/site-packages/airflow/example_dags/example_sla_dag.py
[2025-11-06T06:48:27.223+0000] {processor.py:830} INFO - Processing file /home/airflow/.local/lib/python3.8/site-packages/airflow/example_dags/example_sla_dag.py for tasks to queue
[2025-11-06T06:48:27.229+0000] {logging_mixin.py:188} INFO - [2025-11-06T06:48:27.228+0000] {dagbag.py:538} INFO - Filling up the DagBag from /home/airflow/.local/lib/python3.8/site-packages/airflow/example_dags/example_sla_dag.py
[2025-11-06T06:48:27.285+0000] {processor.py:840} INFO - DAG(s) 'example_sla_dag' retrieved from /home/airflow/.local/lib/python3.8/site-packages/airflow/example_dags/example_sla_dag.py
[2025-11-06T06:48:27.368+0000] {logging_mixin.py:188} INFO - [2025-11-06T06:48:27.367+0000] {dag.py:3036} INFO - Sync 1 DAGs
[2025-11-06T06:48:27.454+0000] {logging_mixin.py:188} INFO - [2025-11-06T06:48:27.453+0000] {dag.py:3823} INFO - Setting next_dagrun for example_sla_dag to 2025-11-06 06:46:00+00:00, run_after=2025-11-06 06:48:00+00:00
[2025-11-06T06:48:27.553+0000] {processor.py:183} INFO - Processing /home/airflow/.local/lib/python3.8/site-packages/airflow/example_dags/example_sla_dag.py took 0.385 seconds
[2025-11-06T06:48:58.136+0000] {processor.py:161} INFO - Started process (PID=10015) to work on /home/airflow/.local/lib/python3.8/site-packages/airflow/example_dags/example_sla_dag.py
[2025-11-06T06:48:58.140+0000] {processor.py:830} INFO - Processing file /home/airflow/.local/lib/python3.8/site-packages/airflow/example_dags/example_sla_dag.py for tasks to queue
[2025-11-06T06:48:58.146+0000] {logging_mixin.py:188} INFO - [2025-11-06T06:48:58.145+0000] {dagbag.py:538} INFO - Filling up the DagBag from /home/airflow/.local/lib/python3.8/site-packages/airflow/example_dags/example_sla_dag.py
[2025-11-06T06:48:58.175+0000] {processor.py:840} INFO - DAG(s) 'example_sla_dag' retrieved from /home/airflow/.local/lib/python3.8/site-packages/airflow/example_dags/example_sla_dag.py
[2025-11-06T06:48:58.248+0000] {logging_mixin.py:188} INFO - [2025-11-06T06:48:58.247+0000] {dag.py:3036} INFO - Sync 1 DAGs
[2025-11-06T06:48:58.322+0000] {logging_mixin.py:188} INFO - [2025-11-06T06:48:58.322+0000] {dag.py:3823} INFO - Setting next_dagrun for example_sla_dag to 2025-11-06 06:46:00+00:00, run_after=2025-11-06 06:48:00+00:00
[2025-11-06T06:48:58.363+0000] {processor.py:183} INFO - Processing /home/airflow/.local/lib/python3.8/site-packages/airflow/example_dags/example_sla_dag.py took 0.240 seconds
[2025-11-06T06:49:29.186+0000] {processor.py:161} INFO - Started process (PID=10070) to work on /home/airflow/.local/lib/python3.8/site-packages/airflow/example_dags/example_sla_dag.py
[2025-11-06T06:49:29.189+0000] {processor.py:830} INFO - Processing file /home/airflow/.local/lib/python3.8/site-packages/airflow/example_dags/example_sla_dag.py for tasks to queue
[2025-11-06T06:49:29.198+0000] {logging_mixin.py:188} INFO - [2025-11-06T06:49:29.197+0000] {dagbag.py:538} INFO - Filling up the DagBag from /home/airflow/.local/lib/python3.8/site-packages/airflow/example_dags/example_sla_dag.py
[2025-11-06T06:49:29.234+0000] {processor.py:840} INFO - DAG(s) 'example_sla_dag' retrieved from /home/airflow/.local/lib/python3.8/site-packages/airflow/example_dags/example_sla_dag.py
[2025-11-06T06:49:29.294+0000] {logging_mixin.py:188} INFO - [2025-11-06T06:49:29.293+0000] {dag.py:3036} INFO - Sync 1 DAGs
[2025-11-06T06:49:29.371+0000] {logging_mixin.py:188} INFO - [2025-11-06T06:49:29.371+0000] {dag.py:3823} INFO - Setting next_dagrun for example_sla_dag to 2025-11-06 06:46:00+00:00, run_after=2025-11-06 06:48:00+00:00
[2025-11-06T06:49:29.429+0000] {processor.py:183} INFO - Processing /home/airflow/.local/lib/python3.8/site-packages/airflow/example_dags/example_sla_dag.py took 0.253 seconds
[2025-11-06T06:49:59.873+0000] {processor.py:161} INFO - Started process (PID=10125) to work on /home/airflow/.local/lib/python3.8/site-packages/airflow/example_dags/example_sla_dag.py
[2025-11-06T06:49:59.896+0000] {processor.py:830} INFO - Processing file /home/airflow/.local/lib/python3.8/site-packages/airflow/example_dags/example_sla_dag.py for tasks to queue
[2025-11-06T06:49:59.916+0000] {logging_mixin.py:188} INFO - [2025-11-06T06:49:59.915+0000] {dagbag.py:538} INFO - Filling up the DagBag from /home/airflow/.local/lib/python3.8/site-packages/airflow/example_dags/example_sla_dag.py
[2025-11-06T06:50:00.020+0000] {processor.py:840} INFO - DAG(s) 'example_sla_dag' retrieved from /home/airflow/.local/lib/python3.8/site-packages/airflow/example_dags/example_sla_dag.py
[2025-11-06T06:50:00.227+0000] {logging_mixin.py:188} INFO - [2025-11-06T06:50:00.227+0000] {dag.py:3036} INFO - Sync 1 DAGs
[2025-11-06T06:50:00.544+0000] {logging_mixin.py:188} INFO - [2025-11-06T06:50:00.544+0000] {dag.py:3823} INFO - Setting next_dagrun for example_sla_dag to 2025-11-06 06:48:00+00:00, run_after=2025-11-06 06:50:00+00:00
[2025-11-06T06:50:00.737+0000] {processor.py:183} INFO - Processing /home/airflow/.local/lib/python3.8/site-packages/airflow/example_dags/example_sla_dag.py took 0.896 seconds
[2025-11-06T06:50:31.725+0000] {processor.py:161} INFO - Started process (PID=10180) to work on /home/airflow/.local/lib/python3.8/site-packages/airflow/example_dags/example_sla_dag.py
[2025-11-06T06:50:31.729+0000] {processor.py:830} INFO - Processing file /home/airflow/.local/lib/python3.8/site-packages/airflow/example_dags/example_sla_dag.py for tasks to queue
[2025-11-06T06:50:31.764+0000] {logging_mixin.py:188} INFO - [2025-11-06T06:50:31.755+0000] {dagbag.py:538} INFO - Filling up the DagBag from /home/airflow/.local/lib/python3.8/site-packages/airflow/example_dags/example_sla_dag.py
[2025-11-06T06:50:31.850+0000] {processor.py:840} INFO - DAG(s) 'example_sla_dag' retrieved from /home/airflow/.local/lib/python3.8/site-packages/airflow/example_dags/example_sla_dag.py
[2025-11-06T06:50:31.975+0000] {logging_mixin.py:188} INFO - [2025-11-06T06:50:31.967+0000] {dag.py:3036} INFO - Sync 1 DAGs
[2025-11-06T06:50:32.136+0000] {logging_mixin.py:188} INFO - [2025-11-06T06:50:32.136+0000] {dag.py:3823} INFO - Setting next_dagrun for example_sla_dag to 2025-11-06 06:48:00+00:00, run_after=2025-11-06 06:50:00+00:00
[2025-11-06T06:50:32.242+0000] {processor.py:183} INFO - Processing /home/airflow/.local/lib/python3.8/site-packages/airflow/example_dags/example_sla_dag.py took 0.539 seconds
[2025-11-06T06:51:03.163+0000] {processor.py:161} INFO - Started process (PID=10236) to work on /home/airflow/.local/lib/python3.8/site-packages/airflow/example_dags/example_sla_dag.py
[2025-11-06T06:51:03.167+0000] {processor.py:830} INFO - Processing file /home/airflow/.local/lib/python3.8/site-packages/airflow/example_dags/example_sla_dag.py for tasks to queue
[2025-11-06T06:51:03.183+0000] {logging_mixin.py:188} INFO - [2025-11-06T06:51:03.182+0000] {dagbag.py:538} INFO - Filling up the DagBag from /home/airflow/.local/lib/python3.8/site-packages/airflow/example_dags/example_sla_dag.py
[2025-11-06T06:51:03.241+0000] {processor.py:840} INFO - DAG(s) 'example_sla_dag' retrieved from /home/airflow/.local/lib/python3.8/site-packages/airflow/example_dags/example_sla_dag.py
[2025-11-06T06:51:03.357+0000] {logging_mixin.py:188} INFO - [2025-11-06T06:51:03.356+0000] {dag.py:3036} INFO - Sync 1 DAGs
[2025-11-06T06:51:03.520+0000] {logging_mixin.py:188} INFO - [2025-11-06T06:51:03.520+0000] {dag.py:3823} INFO - Setting next_dagrun for example_sla_dag to 2025-11-06 06:48:00+00:00, run_after=2025-11-06 06:50:00+00:00
[2025-11-06T06:51:03.623+0000] {processor.py:183} INFO - Processing /home/airflow/.local/lib/python3.8/site-packages/airflow/example_dags/example_sla_dag.py took 0.497 seconds
[2025-11-06T06:51:37.381+0000] {processor.py:161} INFO - Started process (PID=10291) to work on /home/airflow/.local/lib/python3.8/site-packages/airflow/example_dags/example_sla_dag.py
[2025-11-06T06:51:37.391+0000] {processor.py:830} INFO - Processing file /home/airflow/.local/lib/python3.8/site-packages/airflow/example_dags/example_sla_dag.py for tasks to queue
[2025-11-06T06:51:37.405+0000] {logging_mixin.py:188} INFO - [2025-11-06T06:51:37.404+0000] {dagbag.py:538} INFO - Filling up the DagBag from /home/airflow/.local/lib/python3.8/site-packages/airflow/example_dags/example_sla_dag.py
[2025-11-06T06:51:37.468+0000] {processor.py:840} INFO - DAG(s) 'example_sla_dag' retrieved from /home/airflow/.local/lib/python3.8/site-packages/airflow/example_dags/example_sla_dag.py
[2025-11-06T06:51:37.704+0000] {logging_mixin.py:188} INFO - [2025-11-06T06:51:37.691+0000] {dag.py:3036} INFO - Sync 1 DAGs
[2025-11-06T06:51:37.983+0000] {logging_mixin.py:188} INFO - [2025-11-06T06:51:37.982+0000] {dag.py:3823} INFO - Setting next_dagrun for example_sla_dag to 2025-11-06 06:48:00+00:00, run_after=2025-11-06 06:50:00+00:00
[2025-11-06T06:51:38.246+0000] {processor.py:183} INFO - Processing /home/airflow/.local/lib/python3.8/site-packages/airflow/example_dags/example_sla_dag.py took 0.880 seconds
[2025-11-06T06:52:09.091+0000] {processor.py:161} INFO - Started process (PID=10346) to work on /home/airflow/.local/lib/python3.8/site-packages/airflow/example_dags/example_sla_dag.py
[2025-11-06T06:52:09.095+0000] {processor.py:830} INFO - Processing file /home/airflow/.local/lib/python3.8/site-packages/airflow/example_dags/example_sla_dag.py for tasks to queue
[2025-11-06T06:52:09.105+0000] {logging_mixin.py:188} INFO - [2025-11-06T06:52:09.103+0000] {dagbag.py:538} INFO - Filling up the DagBag from /home/airflow/.local/lib/python3.8/site-packages/airflow/example_dags/example_sla_dag.py
[2025-11-06T06:52:09.146+0000] {processor.py:840} INFO - DAG(s) 'example_sla_dag' retrieved from /home/airflow/.local/lib/python3.8/site-packages/airflow/example_dags/example_sla_dag.py
[2025-11-06T06:52:09.233+0000] {logging_mixin.py:188} INFO - [2025-11-06T06:52:09.232+0000] {dag.py:3036} INFO - Sync 1 DAGs
[2025-11-06T06:52:09.322+0000] {logging_mixin.py:188} INFO - [2025-11-06T06:52:09.321+0000] {dag.py:3823} INFO - Setting next_dagrun for example_sla_dag to 2025-11-06 06:50:00+00:00, run_after=2025-11-06 06:52:00+00:00
[2025-11-06T06:52:09.375+0000] {processor.py:183} INFO - Processing /home/airflow/.local/lib/python3.8/site-packages/airflow/example_dags/example_sla_dag.py took 0.299 seconds
[2025-11-06T06:52:40.578+0000] {processor.py:161} INFO - Started process (PID=10401) to work on /home/airflow/.local/lib/python3.8/site-packages/airflow/example_dags/example_sla_dag.py
[2025-11-06T06:52:40.605+0000] {processor.py:830} INFO - Processing file /home/airflow/.local/lib/python3.8/site-packages/airflow/example_dags/example_sla_dag.py for tasks to queue
[2025-11-06T06:52:40.622+0000] {logging_mixin.py:188} INFO - [2025-11-06T06:52:40.621+0000] {dagbag.py:538} INFO - Filling up the DagBag from /home/airflow/.local/lib/python3.8/site-packages/airflow/example_dags/example_sla_dag.py
[2025-11-06T06:52:40.706+0000] {processor.py:840} INFO - DAG(s) 'example_sla_dag' retrieved from /home/airflow/.local/lib/python3.8/site-packages/airflow/example_dags/example_sla_dag.py
[2025-11-06T06:52:41.033+0000] {logging_mixin.py:188} INFO - [2025-11-06T06:52:41.033+0000] {dag.py:3036} INFO - Sync 1 DAGs
[2025-11-06T06:52:41.277+0000] {logging_mixin.py:188} INFO - [2025-11-06T06:52:41.276+0000] {dag.py:3823} INFO - Setting next_dagrun for example_sla_dag to 2025-11-06 06:50:00+00:00, run_after=2025-11-06 06:52:00+00:00
[2025-11-06T06:52:41.462+0000] {processor.py:183} INFO - Processing /home/airflow/.local/lib/python3.8/site-packages/airflow/example_dags/example_sla_dag.py took 0.923 seconds
[2025-11-06T06:53:11.700+0000] {processor.py:161} INFO - Started process (PID=10456) to work on /home/airflow/.local/lib/python3.8/site-packages/airflow/example_dags/example_sla_dag.py
[2025-11-06T06:53:11.725+0000] {processor.py:830} INFO - Processing file /home/airflow/.local/lib/python3.8/site-packages/airflow/example_dags/example_sla_dag.py for tasks to queue
[2025-11-06T06:53:11.752+0000] {logging_mixin.py:188} INFO - [2025-11-06T06:53:11.751+0000] {dagbag.py:538} INFO - Filling up the DagBag from /home/airflow/.local/lib/python3.8/site-packages/airflow/example_dags/example_sla_dag.py
[2025-11-06T06:53:11.818+0000] {processor.py:840} INFO - DAG(s) 'example_sla_dag' retrieved from /home/airflow/.local/lib/python3.8/site-packages/airflow/example_dags/example_sla_dag.py
[2025-11-06T06:53:11.953+0000] {logging_mixin.py:188} INFO - [2025-11-06T06:53:11.953+0000] {dag.py:3036} INFO - Sync 1 DAGs
[2025-11-06T06:53:12.095+0000] {logging_mixin.py:188} INFO - [2025-11-06T06:53:12.094+0000] {dag.py:3823} INFO - Setting next_dagrun for example_sla_dag to 2025-11-06 06:50:00+00:00, run_after=2025-11-06 06:52:00+00:00
[2025-11-06T06:53:12.199+0000] {processor.py:183} INFO - Processing /home/airflow/.local/lib/python3.8/site-packages/airflow/example_dags/example_sla_dag.py took 0.520 seconds
[2025-11-06T06:53:43.747+0000] {processor.py:161} INFO - Started process (PID=10512) to work on /home/airflow/.local/lib/python3.8/site-packages/airflow/example_dags/example_sla_dag.py
[2025-11-06T06:53:43.754+0000] {processor.py:830} INFO - Processing file /home/airflow/.local/lib/python3.8/site-packages/airflow/example_dags/example_sla_dag.py for tasks to queue
[2025-11-06T06:53:43.769+0000] {logging_mixin.py:188} INFO - [2025-11-06T06:53:43.768+0000] {dagbag.py:538} INFO - Filling up the DagBag from /home/airflow/.local/lib/python3.8/site-packages/airflow/example_dags/example_sla_dag.py
[2025-11-06T06:53:43.835+0000] {processor.py:840} INFO - DAG(s) 'example_sla_dag' retrieved from /home/airflow/.local/lib/python3.8/site-packages/airflow/example_dags/example_sla_dag.py
[2025-11-06T06:53:43.973+0000] {logging_mixin.py:188} INFO - [2025-11-06T06:53:43.972+0000] {dag.py:3036} INFO - Sync 1 DAGs
[2025-11-06T06:53:44.178+0000] {logging_mixin.py:188} INFO - [2025-11-06T06:53:44.177+0000] {dag.py:3823} INFO - Setting next_dagrun for example_sla_dag to 2025-11-06 06:50:00+00:00, run_after=2025-11-06 06:52:00+00:00
[2025-11-06T06:53:44.308+0000] {processor.py:183} INFO - Processing /home/airflow/.local/lib/python3.8/site-packages/airflow/example_dags/example_sla_dag.py took 0.582 seconds
[2025-11-06T06:54:15.072+0000] {processor.py:161} INFO - Started process (PID=10568) to work on /home/airflow/.local/lib/python3.8/site-packages/airflow/example_dags/example_sla_dag.py
[2025-11-06T06:54:15.076+0000] {processor.py:830} INFO - Processing file /home/airflow/.local/lib/python3.8/site-packages/airflow/example_dags/example_sla_dag.py for tasks to queue
[2025-11-06T06:54:15.084+0000] {logging_mixin.py:188} INFO - [2025-11-06T06:54:15.083+0000] {dagbag.py:538} INFO - Filling up the DagBag from /home/airflow/.local/lib/python3.8/site-packages/airflow/example_dags/example_sla_dag.py
[2025-11-06T06:54:15.130+0000] {processor.py:840} INFO - DAG(s) 'example_sla_dag' retrieved from /home/airflow/.local/lib/python3.8/site-packages/airflow/example_dags/example_sla_dag.py
[2025-11-06T06:54:15.233+0000] {logging_mixin.py:188} INFO - [2025-11-06T06:54:15.233+0000] {dag.py:3036} INFO - Sync 1 DAGs
[2025-11-06T06:54:15.362+0000] {logging_mixin.py:188} INFO - [2025-11-06T06:54:15.361+0000] {dag.py:3823} INFO - Setting next_dagrun for example_sla_dag to 2025-11-06 06:52:00+00:00, run_after=2025-11-06 06:54:00+00:00
[2025-11-06T06:54:15.411+0000] {processor.py:183} INFO - Processing /home/airflow/.local/lib/python3.8/site-packages/airflow/example_dags/example_sla_dag.py took 0.351 seconds
[2025-11-06T06:54:45.567+0000] {processor.py:161} INFO - Started process (PID=10623) to work on /home/airflow/.local/lib/python3.8/site-packages/airflow/example_dags/example_sla_dag.py
[2025-11-06T06:54:45.569+0000] {processor.py:830} INFO - Processing file /home/airflow/.local/lib/python3.8/site-packages/airflow/example_dags/example_sla_dag.py for tasks to queue
[2025-11-06T06:54:45.573+0000] {logging_mixin.py:188} INFO - [2025-11-06T06:54:45.572+0000] {dagbag.py:538} INFO - Filling up the DagBag from /home/airflow/.local/lib/python3.8/site-packages/airflow/example_dags/example_sla_dag.py
[2025-11-06T06:54:45.587+0000] {processor.py:840} INFO - DAG(s) 'example_sla_dag' retrieved from /home/airflow/.local/lib/python3.8/site-packages/airflow/example_dags/example_sla_dag.py
[2025-11-06T06:54:45.622+0000] {logging_mixin.py:188} INFO - [2025-11-06T06:54:45.621+0000] {dag.py:3036} INFO - Sync 1 DAGs
[2025-11-06T06:54:45.659+0000] {logging_mixin.py:188} INFO - [2025-11-06T06:54:45.659+0000] {dag.py:3823} INFO - Setting next_dagrun for example_sla_dag to 2025-11-06 06:52:00+00:00, run_after=2025-11-06 06:54:00+00:00
[2025-11-06T06:54:45.688+0000] {processor.py:183} INFO - Processing /home/airflow/.local/lib/python3.8/site-packages/airflow/example_dags/example_sla_dag.py took 0.127 seconds
[2025-11-06T06:55:15.822+0000] {processor.py:161} INFO - Started process (PID=10678) to work on /home/airflow/.local/lib/python3.8/site-packages/airflow/example_dags/example_sla_dag.py
[2025-11-06T06:55:15.825+0000] {processor.py:830} INFO - Processing file /home/airflow/.local/lib/python3.8/site-packages/airflow/example_dags/example_sla_dag.py for tasks to queue
[2025-11-06T06:55:15.829+0000] {logging_mixin.py:188} INFO - [2025-11-06T06:55:15.829+0000] {dagbag.py:538} INFO - Filling up the DagBag from /home/airflow/.local/lib/python3.8/site-packages/airflow/example_dags/example_sla_dag.py
[2025-11-06T06:55:15.851+0000] {processor.py:840} INFO - DAG(s) 'example_sla_dag' retrieved from /home/airflow/.local/lib/python3.8/site-packages/airflow/example_dags/example_sla_dag.py
[2025-11-06T06:55:15.912+0000] {logging_mixin.py:188} INFO - [2025-11-06T06:55:15.912+0000] {dag.py:3036} INFO - Sync 1 DAGs
[2025-11-06T06:55:15.982+0000] {logging_mixin.py:188} INFO - [2025-11-06T06:55:15.981+0000] {dag.py:3823} INFO - Setting next_dagrun for example_sla_dag to 2025-11-06 06:52:00+00:00, run_after=2025-11-06 06:54:00+00:00
[2025-11-06T06:55:16.017+0000] {processor.py:183} INFO - Processing /home/airflow/.local/lib/python3.8/site-packages/airflow/example_dags/example_sla_dag.py took 0.206 seconds
[2025-11-06T06:55:46.881+0000] {processor.py:161} INFO - Started process (PID=10733) to work on /home/airflow/.local/lib/python3.8/site-packages/airflow/example_dags/example_sla_dag.py
[2025-11-06T06:55:46.884+0000] {processor.py:830} INFO - Processing file /home/airflow/.local/lib/python3.8/site-packages/airflow/example_dags/example_sla_dag.py for tasks to queue
[2025-11-06T06:55:46.890+0000] {logging_mixin.py:188} INFO - [2025-11-06T06:55:46.889+0000] {dagbag.py:538} INFO - Filling up the DagBag from /home/airflow/.local/lib/python3.8/site-packages/airflow/example_dags/example_sla_dag.py
[2025-11-06T06:55:46.909+0000] {processor.py:840} INFO - DAG(s) 'example_sla_dag' retrieved from /home/airflow/.local/lib/python3.8/site-packages/airflow/example_dags/example_sla_dag.py
[2025-11-06T06:55:46.955+0000] {logging_mixin.py:188} INFO - [2025-11-06T06:55:46.955+0000] {dag.py:3036} INFO - Sync 1 DAGs
[2025-11-06T06:55:47.022+0000] {logging_mixin.py:188} INFO - [2025-11-06T06:55:47.021+0000] {dag.py:3823} INFO - Setting next_dagrun for example_sla_dag to 2025-11-06 06:52:00+00:00, run_after=2025-11-06 06:54:00+00:00
[2025-11-06T06:55:47.089+0000] {processor.py:183} INFO - Processing /home/airflow/.local/lib/python3.8/site-packages/airflow/example_dags/example_sla_dag.py took 0.218 seconds
[2025-11-06T06:56:17.341+0000] {processor.py:161} INFO - Started process (PID=10788) to work on /home/airflow/.local/lib/python3.8/site-packages/airflow/example_dags/example_sla_dag.py
[2025-11-06T06:56:17.344+0000] {processor.py:830} INFO - Processing file /home/airflow/.local/lib/python3.8/site-packages/airflow/example_dags/example_sla_dag.py for tasks to queue
[2025-11-06T06:56:17.348+0000] {logging_mixin.py:188} INFO - [2025-11-06T06:56:17.347+0000] {dagbag.py:538} INFO - Filling up the DagBag from /home/airflow/.local/lib/python3.8/site-packages/airflow/example_dags/example_sla_dag.py
[2025-11-06T06:56:17.372+0000] {processor.py:840} INFO - DAG(s) 'example_sla_dag' retrieved from /home/airflow/.local/lib/python3.8/site-packages/airflow/example_dags/example_sla_dag.py
[2025-11-06T06:56:17.416+0000] {logging_mixin.py:188} INFO - [2025-11-06T06:56:17.416+0000] {dag.py:3036} INFO - Sync 1 DAGs
[2025-11-06T06:56:17.467+0000] {logging_mixin.py:188} INFO - [2025-11-06T06:56:17.467+0000] {dag.py:3823} INFO - Setting next_dagrun for example_sla_dag to 2025-11-06 06:54:00+00:00, run_after=2025-11-06 06:56:00+00:00
[2025-11-06T06:56:17.515+0000] {processor.py:183} INFO - Processing /home/airflow/.local/lib/python3.8/site-packages/airflow/example_dags/example_sla_dag.py took 0.182 seconds
[2025-11-06T06:56:48.357+0000] {processor.py:161} INFO - Started process (PID=10843) to work on /home/airflow/.local/lib/python3.8/site-packages/airflow/example_dags/example_sla_dag.py
[2025-11-06T06:56:48.360+0000] {processor.py:830} INFO - Processing file /home/airflow/.local/lib/python3.8/site-packages/airflow/example_dags/example_sla_dag.py for tasks to queue
[2025-11-06T06:56:48.366+0000] {logging_mixin.py:188} INFO - [2025-11-06T06:56:48.365+0000] {dagbag.py:538} INFO - Filling up the DagBag from /home/airflow/.local/lib/python3.8/site-packages/airflow/example_dags/example_sla_dag.py
[2025-11-06T06:56:48.400+0000] {processor.py:840} INFO - DAG(s) 'example_sla_dag' retrieved from /home/airflow/.local/lib/python3.8/site-packages/airflow/example_dags/example_sla_dag.py
[2025-11-06T06:56:48.467+0000] {logging_mixin.py:188} INFO - [2025-11-06T06:56:48.466+0000] {dag.py:3036} INFO - Sync 1 DAGs
[2025-11-06T06:56:48.600+0000] {logging_mixin.py:188} INFO - [2025-11-06T06:56:48.599+0000] {dag.py:3823} INFO - Setting next_dagrun for example_sla_dag to 2025-11-06 06:54:00+00:00, run_after=2025-11-06 06:56:00+00:00
[2025-11-06T06:56:48.758+0000] {processor.py:183} INFO - Processing /home/airflow/.local/lib/python3.8/site-packages/airflow/example_dags/example_sla_dag.py took 0.414 seconds
[2025-11-06T06:57:19.005+0000] {processor.py:161} INFO - Started process (PID=10897) to work on /home/airflow/.local/lib/python3.8/site-packages/airflow/example_dags/example_sla_dag.py
[2025-11-06T06:57:19.006+0000] {processor.py:830} INFO - Processing file /home/airflow/.local/lib/python3.8/site-packages/airflow/example_dags/example_sla_dag.py for tasks to queue
[2025-11-06T06:57:19.011+0000] {logging_mixin.py:188} INFO - [2025-11-06T06:57:19.010+0000] {dagbag.py:538} INFO - Filling up the DagBag from /home/airflow/.local/lib/python3.8/site-packages/airflow/example_dags/example_sla_dag.py
[2025-11-06T06:57:19.028+0000] {processor.py:840} INFO - DAG(s) 'example_sla_dag' retrieved from /home/airflow/.local/lib/python3.8/site-packages/airflow/example_dags/example_sla_dag.py
[2025-11-06T06:57:19.076+0000] {logging_mixin.py:188} INFO - [2025-11-06T06:57:19.075+0000] {dag.py:3036} INFO - Sync 1 DAGs
[2025-11-06T06:57:19.124+0000] {logging_mixin.py:188} INFO - [2025-11-06T06:57:19.123+0000] {dag.py:3823} INFO - Setting next_dagrun for example_sla_dag to 2025-11-06 06:54:00+00:00, run_after=2025-11-06 06:56:00+00:00
[2025-11-06T06:57:19.165+0000] {processor.py:183} INFO - Processing /home/airflow/.local/lib/python3.8/site-packages/airflow/example_dags/example_sla_dag.py took 0.168 seconds
[2025-11-06T06:57:49.581+0000] {processor.py:161} INFO - Started process (PID=10952) to work on /home/airflow/.local/lib/python3.8/site-packages/airflow/example_dags/example_sla_dag.py
[2025-11-06T06:57:49.583+0000] {processor.py:830} INFO - Processing file /home/airflow/.local/lib/python3.8/site-packages/airflow/example_dags/example_sla_dag.py for tasks to queue
[2025-11-06T06:57:49.587+0000] {logging_mixin.py:188} INFO - [2025-11-06T06:57:49.587+0000] {dagbag.py:538} INFO - Filling up the DagBag from /home/airflow/.local/lib/python3.8/site-packages/airflow/example_dags/example_sla_dag.py
[2025-11-06T06:57:49.601+0000] {processor.py:840} INFO - DAG(s) 'example_sla_dag' retrieved from /home/airflow/.local/lib/python3.8/site-packages/airflow/example_dags/example_sla_dag.py
[2025-11-06T06:57:49.630+0000] {logging_mixin.py:188} INFO - [2025-11-06T06:57:49.630+0000] {dag.py:3036} INFO - Sync 1 DAGs
[2025-11-06T06:57:49.665+0000] {logging_mixin.py:188} INFO - [2025-11-06T06:57:49.665+0000] {dag.py:3823} INFO - Setting next_dagrun for example_sla_dag to 2025-11-06 06:54:00+00:00, run_after=2025-11-06 06:56:00+00:00
[2025-11-06T06:57:49.694+0000] {processor.py:183} INFO - Processing /home/airflow/.local/lib/python3.8/site-packages/airflow/example_dags/example_sla_dag.py took 0.119 seconds
[2025-11-06T06:58:19.978+0000] {processor.py:161} INFO - Started process (PID=11008) to work on /home/airflow/.local/lib/python3.8/site-packages/airflow/example_dags/example_sla_dag.py
[2025-11-06T06:58:19.979+0000] {processor.py:830} INFO - Processing file /home/airflow/.local/lib/python3.8/site-packages/airflow/example_dags/example_sla_dag.py for tasks to queue
[2025-11-06T06:58:19.982+0000] {logging_mixin.py:188} INFO - [2025-11-06T06:58:19.982+0000] {dagbag.py:538} INFO - Filling up the DagBag from /home/airflow/.local/lib/python3.8/site-packages/airflow/example_dags/example_sla_dag.py
[2025-11-06T06:58:19.994+0000] {processor.py:840} INFO - DAG(s) 'example_sla_dag' retrieved from /home/airflow/.local/lib/python3.8/site-packages/airflow/example_dags/example_sla_dag.py
[2025-11-06T06:58:20.020+0000] {logging_mixin.py:188} INFO - [2025-11-06T06:58:20.020+0000] {dag.py:3036} INFO - Sync 1 DAGs
[2025-11-06T06:58:20.052+0000] {logging_mixin.py:188} INFO - [2025-11-06T06:58:20.052+0000] {dag.py:3823} INFO - Setting next_dagrun for example_sla_dag to 2025-11-06 06:56:00+00:00, run_after=2025-11-06 06:58:00+00:00
[2025-11-06T06:58:20.080+0000] {processor.py:183} INFO - Processing /home/airflow/.local/lib/python3.8/site-packages/airflow/example_dags/example_sla_dag.py took 0.107 seconds
[2025-11-06T06:58:50.479+0000] {processor.py:161} INFO - Started process (PID=11063) to work on /home/airflow/.local/lib/python3.8/site-packages/airflow/example_dags/example_sla_dag.py
[2025-11-06T06:58:50.486+0000] {processor.py:830} INFO - Processing file /home/airflow/.local/lib/python3.8/site-packages/airflow/example_dags/example_sla_dag.py for tasks to queue
[2025-11-06T06:58:50.493+0000] {logging_mixin.py:188} INFO - [2025-11-06T06:58:50.492+0000] {dagbag.py:538} INFO - Filling up the DagBag from /home/airflow/.local/lib/python3.8/site-packages/airflow/example_dags/example_sla_dag.py
[2025-11-06T06:58:50.523+0000] {processor.py:840} INFO - DAG(s) 'example_sla_dag' retrieved from /home/airflow/.local/lib/python3.8/site-packages/airflow/example_dags/example_sla_dag.py
[2025-11-06T06:58:50.618+0000] {logging_mixin.py:188} INFO - [2025-11-06T06:58:50.617+0000] {dag.py:3036} INFO - Sync 1 DAGs
[2025-11-06T06:58:50.785+0000] {logging_mixin.py:188} INFO - [2025-11-06T06:58:50.784+0000] {dag.py:3823} INFO - Setting next_dagrun for example_sla_dag to 2025-11-06 06:56:00+00:00, run_after=2025-11-06 06:58:00+00:00
[2025-11-06T06:58:50.898+0000] {processor.py:183} INFO - Processing /home/airflow/.local/lib/python3.8/site-packages/airflow/example_dags/example_sla_dag.py took 0.431 seconds
[2025-11-06T06:59:21.955+0000] {processor.py:161} INFO - Started process (PID=11118) to work on /home/airflow/.local/lib/python3.8/site-packages/airflow/example_dags/example_sla_dag.py
[2025-11-06T06:59:21.957+0000] {processor.py:830} INFO - Processing file /home/airflow/.local/lib/python3.8/site-packages/airflow/example_dags/example_sla_dag.py for tasks to queue
[2025-11-06T06:59:21.961+0000] {logging_mixin.py:188} INFO - [2025-11-06T06:59:21.960+0000] {dagbag.py:538} INFO - Filling up the DagBag from /home/airflow/.local/lib/python3.8/site-packages/airflow/example_dags/example_sla_dag.py
[2025-11-06T06:59:21.976+0000] {processor.py:840} INFO - DAG(s) 'example_sla_dag' retrieved from /home/airflow/.local/lib/python3.8/site-packages/airflow/example_dags/example_sla_dag.py
[2025-11-06T06:59:22.010+0000] {logging_mixin.py:188} INFO - [2025-11-06T06:59:22.009+0000] {dag.py:3036} INFO - Sync 1 DAGs
[2025-11-06T06:59:22.051+0000] {logging_mixin.py:188} INFO - [2025-11-06T06:59:22.051+0000] {dag.py:3823} INFO - Setting next_dagrun for example_sla_dag to 2025-11-06 06:56:00+00:00, run_after=2025-11-06 06:58:00+00:00
[2025-11-06T06:59:22.089+0000] {processor.py:183} INFO - Processing /home/airflow/.local/lib/python3.8/site-packages/airflow/example_dags/example_sla_dag.py took 0.141 seconds
[2025-11-06T06:59:52.224+0000] {processor.py:161} INFO - Started process (PID=11173) to work on /home/airflow/.local/lib/python3.8/site-packages/airflow/example_dags/example_sla_dag.py
[2025-11-06T06:59:52.230+0000] {processor.py:830} INFO - Processing file /home/airflow/.local/lib/python3.8/site-packages/airflow/example_dags/example_sla_dag.py for tasks to queue
[2025-11-06T06:59:52.246+0000] {logging_mixin.py:188} INFO - [2025-11-06T06:59:52.245+0000] {dagbag.py:538} INFO - Filling up the DagBag from /home/airflow/.local/lib/python3.8/site-packages/airflow/example_dags/example_sla_dag.py
[2025-11-06T06:59:52.307+0000] {processor.py:840} INFO - DAG(s) 'example_sla_dag' retrieved from /home/airflow/.local/lib/python3.8/site-packages/airflow/example_dags/example_sla_dag.py
[2025-11-06T06:59:52.392+0000] {logging_mixin.py:188} INFO - [2025-11-06T06:59:52.390+0000] {dag.py:3036} INFO - Sync 1 DAGs
[2025-11-06T06:59:52.539+0000] {logging_mixin.py:188} INFO - [2025-11-06T06:59:52.538+0000] {dag.py:3823} INFO - Setting next_dagrun for example_sla_dag to 2025-11-06 06:56:00+00:00, run_after=2025-11-06 06:58:00+00:00
[2025-11-06T06:59:52.596+0000] {processor.py:183} INFO - Processing /home/airflow/.local/lib/python3.8/site-packages/airflow/example_dags/example_sla_dag.py took 0.385 seconds
[2025-11-06T07:00:22.744+0000] {processor.py:161} INFO - Started process (PID=11228) to work on /home/airflow/.local/lib/python3.8/site-packages/airflow/example_dags/example_sla_dag.py
[2025-11-06T07:00:22.749+0000] {processor.py:830} INFO - Processing file /home/airflow/.local/lib/python3.8/site-packages/airflow/example_dags/example_sla_dag.py for tasks to queue
[2025-11-06T07:00:22.758+0000] {logging_mixin.py:188} INFO - [2025-11-06T07:00:22.757+0000] {dagbag.py:538} INFO - Filling up the DagBag from /home/airflow/.local/lib/python3.8/site-packages/airflow/example_dags/example_sla_dag.py
[2025-11-06T07:00:22.791+0000] {processor.py:840} INFO - DAG(s) 'example_sla_dag' retrieved from /home/airflow/.local/lib/python3.8/site-packages/airflow/example_dags/example_sla_dag.py
[2025-11-06T07:00:22.867+0000] {logging_mixin.py:188} INFO - [2025-11-06T07:00:22.866+0000] {dag.py:3036} INFO - Sync 1 DAGs
[2025-11-06T07:00:22.927+0000] {logging_mixin.py:188} INFO - [2025-11-06T07:00:22.926+0000] {dag.py:3823} INFO - Setting next_dagrun for example_sla_dag to 2025-11-06 06:58:00+00:00, run_after=2025-11-06 07:00:00+00:00
[2025-11-06T07:00:22.962+0000] {processor.py:183} INFO - Processing /home/airflow/.local/lib/python3.8/site-packages/airflow/example_dags/example_sla_dag.py took 0.230 seconds
[2025-11-06T07:00:53.456+0000] {processor.py:161} INFO - Started process (PID=11283) to work on /home/airflow/.local/lib/python3.8/site-packages/airflow/example_dags/example_sla_dag.py
[2025-11-06T07:00:53.458+0000] {processor.py:830} INFO - Processing file /home/airflow/.local/lib/python3.8/site-packages/airflow/example_dags/example_sla_dag.py for tasks to queue
[2025-11-06T07:00:53.461+0000] {logging_mixin.py:188} INFO - [2025-11-06T07:00:53.461+0000] {dagbag.py:538} INFO - Filling up the DagBag from /home/airflow/.local/lib/python3.8/site-packages/airflow/example_dags/example_sla_dag.py
[2025-11-06T07:00:53.481+0000] {processor.py:840} INFO - DAG(s) 'example_sla_dag' retrieved from /home/airflow/.local/lib/python3.8/site-packages/airflow/example_dags/example_sla_dag.py
[2025-11-06T07:00:53.511+0000] {logging_mixin.py:188} INFO - [2025-11-06T07:00:53.511+0000] {dag.py:3036} INFO - Sync 1 DAGs
[2025-11-06T07:00:53.558+0000] {logging_mixin.py:188} INFO - [2025-11-06T07:00:53.558+0000] {dag.py:3823} INFO - Setting next_dagrun for example_sla_dag to 2025-11-06 06:58:00+00:00, run_after=2025-11-06 07:00:00+00:00
[2025-11-06T07:00:53.598+0000] {processor.py:183} INFO - Processing /home/airflow/.local/lib/python3.8/site-packages/airflow/example_dags/example_sla_dag.py took 0.147 seconds
[2025-11-06T07:01:24.240+0000] {processor.py:161} INFO - Started process (PID=11344) to work on /home/airflow/.local/lib/python3.8/site-packages/airflow/example_dags/example_sla_dag.py
[2025-11-06T07:01:24.242+0000] {processor.py:830} INFO - Processing file /home/airflow/.local/lib/python3.8/site-packages/airflow/example_dags/example_sla_dag.py for tasks to queue
[2025-11-06T07:01:24.246+0000] {logging_mixin.py:188} INFO - [2025-11-06T07:01:24.245+0000] {dagbag.py:538} INFO - Filling up the DagBag from /home/airflow/.local/lib/python3.8/site-packages/airflow/example_dags/example_sla_dag.py
[2025-11-06T07:01:24.261+0000] {processor.py:840} INFO - DAG(s) 'example_sla_dag' retrieved from /home/airflow/.local/lib/python3.8/site-packages/airflow/example_dags/example_sla_dag.py
[2025-11-06T07:01:24.294+0000] {logging_mixin.py:188} INFO - [2025-11-06T07:01:24.294+0000] {dag.py:3036} INFO - Sync 1 DAGs
[2025-11-06T07:01:24.334+0000] {logging_mixin.py:188} INFO - [2025-11-06T07:01:24.334+0000] {dag.py:3823} INFO - Setting next_dagrun for example_sla_dag to 2025-11-06 06:58:00+00:00, run_after=2025-11-06 07:00:00+00:00
[2025-11-06T07:01:24.369+0000] {processor.py:183} INFO - Processing /home/airflow/.local/lib/python3.8/site-packages/airflow/example_dags/example_sla_dag.py took 0.134 seconds
[2025-11-06T07:01:57.700+0000] {processor.py:161} INFO - Started process (PID=11400) to work on /home/airflow/.local/lib/python3.8/site-packages/airflow/example_dags/example_sla_dag.py
[2025-11-06T07:01:57.704+0000] {processor.py:830} INFO - Processing file /home/airflow/.local/lib/python3.8/site-packages/airflow/example_dags/example_sla_dag.py for tasks to queue
[2025-11-06T07:01:57.716+0000] {logging_mixin.py:188} INFO - [2025-11-06T07:01:57.715+0000] {dagbag.py:538} INFO - Filling up the DagBag from /home/airflow/.local/lib/python3.8/site-packages/airflow/example_dags/example_sla_dag.py
[2025-11-06T07:01:57.749+0000] {processor.py:840} INFO - DAG(s) 'example_sla_dag' retrieved from /home/airflow/.local/lib/python3.8/site-packages/airflow/example_dags/example_sla_dag.py
[2025-11-06T07:01:57.926+0000] {logging_mixin.py:188} INFO - [2025-11-06T07:01:57.922+0000] {dag.py:3036} INFO - Sync 1 DAGs
[2025-11-06T07:01:58.150+0000] {logging_mixin.py:188} INFO - [2025-11-06T07:01:58.149+0000] {dag.py:3823} INFO - Setting next_dagrun for example_sla_dag to 2025-11-06 06:58:00+00:00, run_after=2025-11-06 07:00:00+00:00
[2025-11-06T07:01:58.287+0000] {processor.py:183} INFO - Processing /home/airflow/.local/lib/python3.8/site-packages/airflow/example_dags/example_sla_dag.py took 0.616 seconds
[2025-11-06T07:02:29.392+0000] {processor.py:161} INFO - Started process (PID=11455) to work on /home/airflow/.local/lib/python3.8/site-packages/airflow/example_dags/example_sla_dag.py
[2025-11-06T07:02:29.395+0000] {processor.py:830} INFO - Processing file /home/airflow/.local/lib/python3.8/site-packages/airflow/example_dags/example_sla_dag.py for tasks to queue
[2025-11-06T07:02:29.405+0000] {logging_mixin.py:188} INFO - [2025-11-06T07:02:29.404+0000] {dagbag.py:538} INFO - Filling up the DagBag from /home/airflow/.local/lib/python3.8/site-packages/airflow/example_dags/example_sla_dag.py
[2025-11-06T07:02:29.449+0000] {processor.py:840} INFO - DAG(s) 'example_sla_dag' retrieved from /home/airflow/.local/lib/python3.8/site-packages/airflow/example_dags/example_sla_dag.py
[2025-11-06T07:02:29.553+0000] {logging_mixin.py:188} INFO - [2025-11-06T07:02:29.552+0000] {dag.py:3036} INFO - Sync 1 DAGs
[2025-11-06T07:02:29.657+0000] {logging_mixin.py:188} INFO - [2025-11-06T07:02:29.657+0000] {dag.py:3823} INFO - Setting next_dagrun for example_sla_dag to 2025-11-06 07:00:00+00:00, run_after=2025-11-06 07:02:00+00:00
[2025-11-06T07:02:29.751+0000] {processor.py:183} INFO - Processing /home/airflow/.local/lib/python3.8/site-packages/airflow/example_dags/example_sla_dag.py took 0.372 seconds
[2025-11-06T07:03:00.296+0000] {processor.py:161} INFO - Started process (PID=11510) to work on /home/airflow/.local/lib/python3.8/site-packages/airflow/example_dags/example_sla_dag.py
[2025-11-06T07:03:00.299+0000] {processor.py:830} INFO - Processing file /home/airflow/.local/lib/python3.8/site-packages/airflow/example_dags/example_sla_dag.py for tasks to queue
[2025-11-06T07:03:00.304+0000] {logging_mixin.py:188} INFO - [2025-11-06T07:03:00.303+0000] {dagbag.py:538} INFO - Filling up the DagBag from /home/airflow/.local/lib/python3.8/site-packages/airflow/example_dags/example_sla_dag.py
[2025-11-06T07:03:00.330+0000] {processor.py:840} INFO - DAG(s) 'example_sla_dag' retrieved from /home/airflow/.local/lib/python3.8/site-packages/airflow/example_dags/example_sla_dag.py
[2025-11-06T07:03:00.386+0000] {logging_mixin.py:188} INFO - [2025-11-06T07:03:00.385+0000] {dag.py:3036} INFO - Sync 1 DAGs
[2025-11-06T07:03:00.460+0000] {logging_mixin.py:188} INFO - [2025-11-06T07:03:00.459+0000] {dag.py:3823} INFO - Setting next_dagrun for example_sla_dag to 2025-11-06 07:00:00+00:00, run_after=2025-11-06 07:02:00+00:00
[2025-11-06T07:03:00.517+0000] {processor.py:183} INFO - Processing /home/airflow/.local/lib/python3.8/site-packages/airflow/example_dags/example_sla_dag.py took 0.231 seconds
[2025-11-06T07:03:30.670+0000] {processor.py:161} INFO - Started process (PID=11565) to work on /home/airflow/.local/lib/python3.8/site-packages/airflow/example_dags/example_sla_dag.py
[2025-11-06T07:03:30.673+0000] {processor.py:830} INFO - Processing file /home/airflow/.local/lib/python3.8/site-packages/airflow/example_dags/example_sla_dag.py for tasks to queue
[2025-11-06T07:03:30.681+0000] {logging_mixin.py:188} INFO - [2025-11-06T07:03:30.680+0000] {dagbag.py:538} INFO - Filling up the DagBag from /home/airflow/.local/lib/python3.8/site-packages/airflow/example_dags/example_sla_dag.py
[2025-11-06T07:03:30.707+0000] {processor.py:840} INFO - DAG(s) 'example_sla_dag' retrieved from /home/airflow/.local/lib/python3.8/site-packages/airflow/example_dags/example_sla_dag.py
[2025-11-06T07:03:30.770+0000] {logging_mixin.py:188} INFO - [2025-11-06T07:03:30.770+0000] {dag.py:3036} INFO - Sync 1 DAGs
[2025-11-06T07:03:30.858+0000] {logging_mixin.py:188} INFO - [2025-11-06T07:03:30.858+0000] {dag.py:3823} INFO - Setting next_dagrun for example_sla_dag to 2025-11-06 07:00:00+00:00, run_after=2025-11-06 07:02:00+00:00
[2025-11-06T07:03:30.914+0000] {processor.py:183} INFO - Processing /home/airflow/.local/lib/python3.8/site-packages/airflow/example_dags/example_sla_dag.py took 0.253 seconds
[2025-11-06T07:04:01.281+0000] {processor.py:161} INFO - Started process (PID=11622) to work on /home/airflow/.local/lib/python3.8/site-packages/airflow/example_dags/example_sla_dag.py
[2025-11-06T07:04:01.284+0000] {processor.py:830} INFO - Processing file /home/airflow/.local/lib/python3.8/site-packages/airflow/example_dags/example_sla_dag.py for tasks to queue
[2025-11-06T07:04:01.288+0000] {logging_mixin.py:188} INFO - [2025-11-06T07:04:01.287+0000] {dagbag.py:538} INFO - Filling up the DagBag from /home/airflow/.local/lib/python3.8/site-packages/airflow/example_dags/example_sla_dag.py
[2025-11-06T07:04:01.305+0000] {processor.py:840} INFO - DAG(s) 'example_sla_dag' retrieved from /home/airflow/.local/lib/python3.8/site-packages/airflow/example_dags/example_sla_dag.py
[2025-11-06T07:04:01.346+0000] {logging_mixin.py:188} INFO - [2025-11-06T07:04:01.346+0000] {dag.py:3036} INFO - Sync 1 DAGs
[2025-11-06T07:04:01.393+0000] {logging_mixin.py:188} INFO - [2025-11-06T07:04:01.392+0000] {dag.py:3823} INFO - Setting next_dagrun for example_sla_dag to 2025-11-06 07:02:00+00:00, run_after=2025-11-06 07:04:00+00:00
[2025-11-06T07:04:01.432+0000] {processor.py:183} INFO - Processing /home/airflow/.local/lib/python3.8/site-packages/airflow/example_dags/example_sla_dag.py took 0.159 seconds
[2025-11-06T07:04:32.406+0000] {processor.py:161} INFO - Started process (PID=11677) to work on /home/airflow/.local/lib/python3.8/site-packages/airflow/example_dags/example_sla_dag.py
[2025-11-06T07:04:32.418+0000] {processor.py:830} INFO - Processing file /home/airflow/.local/lib/python3.8/site-packages/airflow/example_dags/example_sla_dag.py for tasks to queue
[2025-11-06T07:04:32.430+0000] {logging_mixin.py:188} INFO - [2025-11-06T07:04:32.429+0000] {dagbag.py:538} INFO - Filling up the DagBag from /home/airflow/.local/lib/python3.8/site-packages/airflow/example_dags/example_sla_dag.py
[2025-11-06T07:04:32.487+0000] {processor.py:840} INFO - DAG(s) 'example_sla_dag' retrieved from /home/airflow/.local/lib/python3.8/site-packages/airflow/example_dags/example_sla_dag.py
[2025-11-06T07:04:32.601+0000] {logging_mixin.py:188} INFO - [2025-11-06T07:04:32.601+0000] {dag.py:3036} INFO - Sync 1 DAGs
[2025-11-06T07:04:32.789+0000] {logging_mixin.py:188} INFO - [2025-11-06T07:04:32.789+0000] {dag.py:3823} INFO - Setting next_dagrun for example_sla_dag to 2025-11-06 07:02:00+00:00, run_after=2025-11-06 07:04:00+00:00
[2025-11-06T07:04:32.865+0000] {processor.py:183} INFO - Processing /home/airflow/.local/lib/python3.8/site-packages/airflow/example_dags/example_sla_dag.py took 0.481 seconds
[2025-11-06T07:05:04.049+0000] {processor.py:161} INFO - Started process (PID=11734) to work on /home/airflow/.local/lib/python3.8/site-packages/airflow/example_dags/example_sla_dag.py
[2025-11-06T07:05:04.052+0000] {processor.py:830} INFO - Processing file /home/airflow/.local/lib/python3.8/site-packages/airflow/example_dags/example_sla_dag.py for tasks to queue
[2025-11-06T07:05:04.063+0000] {logging_mixin.py:188} INFO - [2025-11-06T07:05:04.061+0000] {dagbag.py:538} INFO - Filling up the DagBag from /home/airflow/.local/lib/python3.8/site-packages/airflow/example_dags/example_sla_dag.py
[2025-11-06T07:05:04.104+0000] {processor.py:840} INFO - DAG(s) 'example_sla_dag' retrieved from /home/airflow/.local/lib/python3.8/site-packages/airflow/example_dags/example_sla_dag.py
[2025-11-06T07:05:04.185+0000] {logging_mixin.py:188} INFO - [2025-11-06T07:05:04.184+0000] {dag.py:3036} INFO - Sync 1 DAGs
[2025-11-06T07:05:04.264+0000] {logging_mixin.py:188} INFO - [2025-11-06T07:05:04.263+0000] {dag.py:3823} INFO - Setting next_dagrun for example_sla_dag to 2025-11-06 07:02:00+00:00, run_after=2025-11-06 07:04:00+00:00
[2025-11-06T07:05:04.327+0000] {processor.py:183} INFO - Processing /home/airflow/.local/lib/python3.8/site-packages/airflow/example_dags/example_sla_dag.py took 0.293 seconds
[2025-11-06T07:05:36.028+0000] {processor.py:161} INFO - Started process (PID=11790) to work on /home/airflow/.local/lib/python3.8/site-packages/airflow/example_dags/example_sla_dag.py
[2025-11-06T07:05:36.043+0000] {processor.py:830} INFO - Processing file /home/airflow/.local/lib/python3.8/site-packages/airflow/example_dags/example_sla_dag.py for tasks to queue
[2025-11-06T07:05:36.061+0000] {logging_mixin.py:188} INFO - [2025-11-06T07:05:36.060+0000] {dagbag.py:538} INFO - Filling up the DagBag from /home/airflow/.local/lib/python3.8/site-packages/airflow/example_dags/example_sla_dag.py
[2025-11-06T07:05:36.134+0000] {processor.py:840} INFO - DAG(s) 'example_sla_dag' retrieved from /home/airflow/.local/lib/python3.8/site-packages/airflow/example_dags/example_sla_dag.py
[2025-11-06T07:05:36.375+0000] {logging_mixin.py:188} INFO - [2025-11-06T07:05:36.374+0000] {dag.py:3036} INFO - Sync 1 DAGs
[2025-11-06T07:05:36.594+0000] {logging_mixin.py:188} INFO - [2025-11-06T07:05:36.593+0000] {dag.py:3823} INFO - Setting next_dagrun for example_sla_dag to 2025-11-06 07:02:00+00:00, run_after=2025-11-06 07:04:00+00:00
[2025-11-06T07:05:36.715+0000] {processor.py:183} INFO - Processing /home/airflow/.local/lib/python3.8/site-packages/airflow/example_dags/example_sla_dag.py took 0.729 seconds
[2025-11-06T07:06:08.763+0000] {processor.py:161} INFO - Started process (PID=11847) to work on /home/airflow/.local/lib/python3.8/site-packages/airflow/example_dags/example_sla_dag.py
[2025-11-06T07:06:08.769+0000] {processor.py:830} INFO - Processing file /home/airflow/.local/lib/python3.8/site-packages/airflow/example_dags/example_sla_dag.py for tasks to queue
[2025-11-06T07:06:08.795+0000] {logging_mixin.py:188} INFO - [2025-11-06T07:06:08.794+0000] {dagbag.py:538} INFO - Filling up the DagBag from /home/airflow/.local/lib/python3.8/site-packages/airflow/example_dags/example_sla_dag.py
[2025-11-06T07:06:08.868+0000] {processor.py:840} INFO - DAG(s) 'example_sla_dag' retrieved from /home/airflow/.local/lib/python3.8/site-packages/airflow/example_dags/example_sla_dag.py
[2025-11-06T07:06:09.001+0000] {logging_mixin.py:188} INFO - [2025-11-06T07:06:09.000+0000] {dag.py:3036} INFO - Sync 1 DAGs
[2025-11-06T07:06:09.151+0000] {logging_mixin.py:188} INFO - [2025-11-06T07:06:09.150+0000] {dag.py:3823} INFO - Setting next_dagrun for example_sla_dag to 2025-11-06 07:04:00+00:00, run_after=2025-11-06 07:06:00+00:00
[2025-11-06T07:06:09.284+0000] {processor.py:183} INFO - Processing /home/airflow/.local/lib/python3.8/site-packages/airflow/example_dags/example_sla_dag.py took 0.540 seconds
[2025-11-06T07:06:40.014+0000] {processor.py:161} INFO - Started process (PID=11903) to work on /home/airflow/.local/lib/python3.8/site-packages/airflow/example_dags/example_sla_dag.py
[2025-11-06T07:06:40.024+0000] {processor.py:830} INFO - Processing file /home/airflow/.local/lib/python3.8/site-packages/airflow/example_dags/example_sla_dag.py for tasks to queue
[2025-11-06T07:06:40.035+0000] {logging_mixin.py:188} INFO - [2025-11-06T07:06:40.034+0000] {dagbag.py:538} INFO - Filling up the DagBag from /home/airflow/.local/lib/python3.8/site-packages/airflow/example_dags/example_sla_dag.py
[2025-11-06T07:06:40.071+0000] {processor.py:840} INFO - DAG(s) 'example_sla_dag' retrieved from /home/airflow/.local/lib/python3.8/site-packages/airflow/example_dags/example_sla_dag.py
[2025-11-06T07:06:40.158+0000] {logging_mixin.py:188} INFO - [2025-11-06T07:06:40.157+0000] {dag.py:3036} INFO - Sync 1 DAGs
[2025-11-06T07:06:40.255+0000] {logging_mixin.py:188} INFO - [2025-11-06T07:06:40.255+0000] {dag.py:3823} INFO - Setting next_dagrun for example_sla_dag to 2025-11-06 07:04:00+00:00, run_after=2025-11-06 07:06:00+00:00
[2025-11-06T07:06:40.355+0000] {processor.py:183} INFO - Processing /home/airflow/.local/lib/python3.8/site-packages/airflow/example_dags/example_sla_dag.py took 0.354 seconds
[2025-11-06T07:07:16.992+0000] {processor.py:161} INFO - Started process (PID=11960) to work on /home/airflow/.local/lib/python3.8/site-packages/airflow/example_dags/example_sla_dag.py
[2025-11-06T07:07:17.003+0000] {processor.py:830} INFO - Processing file /home/airflow/.local/lib/python3.8/site-packages/airflow/example_dags/example_sla_dag.py for tasks to queue
[2025-11-06T07:07:17.017+0000] {logging_mixin.py:188} INFO - [2025-11-06T07:07:17.016+0000] {dagbag.py:538} INFO - Filling up the DagBag from /home/airflow/.local/lib/python3.8/site-packages/airflow/example_dags/example_sla_dag.py
[2025-11-06T07:07:17.074+0000] {processor.py:840} INFO - DAG(s) 'example_sla_dag' retrieved from /home/airflow/.local/lib/python3.8/site-packages/airflow/example_dags/example_sla_dag.py
[2025-11-06T07:07:17.233+0000] {logging_mixin.py:188} INFO - [2025-11-06T07:07:17.232+0000] {dag.py:3036} INFO - Sync 1 DAGs
[2025-11-06T07:07:17.419+0000] {logging_mixin.py:188} INFO - [2025-11-06T07:07:17.417+0000] {dag.py:3823} INFO - Setting next_dagrun for example_sla_dag to 2025-11-06 07:04:00+00:00, run_after=2025-11-06 07:06:00+00:00
[2025-11-06T07:07:17.504+0000] {processor.py:183} INFO - Processing /home/airflow/.local/lib/python3.8/site-packages/airflow/example_dags/example_sla_dag.py took 0.534 seconds
[2025-11-06T07:07:48.348+0000] {processor.py:161} INFO - Started process (PID=12015) to work on /home/airflow/.local/lib/python3.8/site-packages/airflow/example_dags/example_sla_dag.py
[2025-11-06T07:07:48.354+0000] {processor.py:830} INFO - Processing file /home/airflow/.local/lib/python3.8/site-packages/airflow/example_dags/example_sla_dag.py for tasks to queue
[2025-11-06T07:07:48.364+0000] {logging_mixin.py:188} INFO - [2025-11-06T07:07:48.363+0000] {dagbag.py:538} INFO - Filling up the DagBag from /home/airflow/.local/lib/python3.8/site-packages/airflow/example_dags/example_sla_dag.py
[2025-11-06T07:07:48.413+0000] {processor.py:840} INFO - DAG(s) 'example_sla_dag' retrieved from /home/airflow/.local/lib/python3.8/site-packages/airflow/example_dags/example_sla_dag.py
[2025-11-06T07:07:48.524+0000] {logging_mixin.py:188} INFO - [2025-11-06T07:07:48.524+0000] {dag.py:3036} INFO - Sync 1 DAGs
[2025-11-06T07:07:48.702+0000] {logging_mixin.py:188} INFO - [2025-11-06T07:07:48.700+0000] {dag.py:3823} INFO - Setting next_dagrun for example_sla_dag to 2025-11-06 07:04:00+00:00, run_after=2025-11-06 07:06:00+00:00
[2025-11-06T07:07:48.855+0000] {processor.py:183} INFO - Processing /home/airflow/.local/lib/python3.8/site-packages/airflow/example_dags/example_sla_dag.py took 0.525 seconds
[2025-11-06T07:08:19.501+0000] {processor.py:161} INFO - Started process (PID=12070) to work on /home/airflow/.local/lib/python3.8/site-packages/airflow/example_dags/example_sla_dag.py
[2025-11-06T07:08:19.505+0000] {processor.py:830} INFO - Processing file /home/airflow/.local/lib/python3.8/site-packages/airflow/example_dags/example_sla_dag.py for tasks to queue
[2025-11-06T07:08:19.516+0000] {logging_mixin.py:188} INFO - [2025-11-06T07:08:19.515+0000] {dagbag.py:538} INFO - Filling up the DagBag from /home/airflow/.local/lib/python3.8/site-packages/airflow/example_dags/example_sla_dag.py
[2025-11-06T07:08:19.564+0000] {processor.py:840} INFO - DAG(s) 'example_sla_dag' retrieved from /home/airflow/.local/lib/python3.8/site-packages/airflow/example_dags/example_sla_dag.py
[2025-11-06T07:08:19.660+0000] {logging_mixin.py:188} INFO - [2025-11-06T07:08:19.659+0000] {dag.py:3036} INFO - Sync 1 DAGs
[2025-11-06T07:08:19.792+0000] {logging_mixin.py:188} INFO - [2025-11-06T07:08:19.791+0000] {dag.py:3823} INFO - Setting next_dagrun for example_sla_dag to 2025-11-06 07:06:00+00:00, run_after=2025-11-06 07:08:00+00:00
[2025-11-06T07:08:19.868+0000] {processor.py:183} INFO - Processing /home/airflow/.local/lib/python3.8/site-packages/airflow/example_dags/example_sla_dag.py took 0.387 seconds
[2025-11-06T07:08:50.202+0000] {processor.py:161} INFO - Started process (PID=12125) to work on /home/airflow/.local/lib/python3.8/site-packages/airflow/example_dags/example_sla_dag.py
[2025-11-06T07:08:50.207+0000] {processor.py:830} INFO - Processing file /home/airflow/.local/lib/python3.8/site-packages/airflow/example_dags/example_sla_dag.py for tasks to queue
[2025-11-06T07:08:50.216+0000] {logging_mixin.py:188} INFO - [2025-11-06T07:08:50.212+0000] {dagbag.py:538} INFO - Filling up the DagBag from /home/airflow/.local/lib/python3.8/site-packages/airflow/example_dags/example_sla_dag.py
[2025-11-06T07:08:50.260+0000] {processor.py:840} INFO - DAG(s) 'example_sla_dag' retrieved from /home/airflow/.local/lib/python3.8/site-packages/airflow/example_dags/example_sla_dag.py
[2025-11-06T07:08:50.370+0000] {logging_mixin.py:188} INFO - [2025-11-06T07:08:50.369+0000] {dag.py:3036} INFO - Sync 1 DAGs
[2025-11-06T07:08:50.518+0000] {logging_mixin.py:188} INFO - [2025-11-06T07:08:50.518+0000] {dag.py:3823} INFO - Setting next_dagrun for example_sla_dag to 2025-11-06 07:06:00+00:00, run_after=2025-11-06 07:08:00+00:00
[2025-11-06T07:08:50.637+0000] {processor.py:183} INFO - Processing /home/airflow/.local/lib/python3.8/site-packages/airflow/example_dags/example_sla_dag.py took 0.449 seconds
[2025-11-06T07:09:21.169+0000] {processor.py:161} INFO - Started process (PID=12182) to work on /home/airflow/.local/lib/python3.8/site-packages/airflow/example_dags/example_sla_dag.py
[2025-11-06T07:09:21.172+0000] {processor.py:830} INFO - Processing file /home/airflow/.local/lib/python3.8/site-packages/airflow/example_dags/example_sla_dag.py for tasks to queue
[2025-11-06T07:09:21.178+0000] {logging_mixin.py:188} INFO - [2025-11-06T07:09:21.177+0000] {dagbag.py:538} INFO - Filling up the DagBag from /home/airflow/.local/lib/python3.8/site-packages/airflow/example_dags/example_sla_dag.py
[2025-11-06T07:09:21.207+0000] {processor.py:840} INFO - DAG(s) 'example_sla_dag' retrieved from /home/airflow/.local/lib/python3.8/site-packages/airflow/example_dags/example_sla_dag.py
[2025-11-06T07:09:21.255+0000] {logging_mixin.py:188} INFO - [2025-11-06T07:09:21.254+0000] {dag.py:3036} INFO - Sync 1 DAGs
[2025-11-06T07:09:21.321+0000] {logging_mixin.py:188} INFO - [2025-11-06T07:09:21.321+0000] {dag.py:3823} INFO - Setting next_dagrun for example_sla_dag to 2025-11-06 07:06:00+00:00, run_after=2025-11-06 07:08:00+00:00
[2025-11-06T07:09:21.386+0000] {processor.py:183} INFO - Processing /home/airflow/.local/lib/python3.8/site-packages/airflow/example_dags/example_sla_dag.py took 0.228 seconds
[2025-11-06T07:09:51.900+0000] {processor.py:161} INFO - Started process (PID=12239) to work on /home/airflow/.local/lib/python3.8/site-packages/airflow/example_dags/example_sla_dag.py
[2025-11-06T07:09:51.902+0000] {processor.py:830} INFO - Processing file /home/airflow/.local/lib/python3.8/site-packages/airflow/example_dags/example_sla_dag.py for tasks to queue
[2025-11-06T07:09:51.908+0000] {logging_mixin.py:188} INFO - [2025-11-06T07:09:51.907+0000] {dagbag.py:538} INFO - Filling up the DagBag from /home/airflow/.local/lib/python3.8/site-packages/airflow/example_dags/example_sla_dag.py
[2025-11-06T07:09:51.923+0000] {processor.py:840} INFO - DAG(s) 'example_sla_dag' retrieved from /home/airflow/.local/lib/python3.8/site-packages/airflow/example_dags/example_sla_dag.py
[2025-11-06T07:09:51.959+0000] {logging_mixin.py:188} INFO - [2025-11-06T07:09:51.959+0000] {dag.py:3036} INFO - Sync 1 DAGs
[2025-11-06T07:09:51.999+0000] {logging_mixin.py:188} INFO - [2025-11-06T07:09:51.999+0000] {dag.py:3823} INFO - Setting next_dagrun for example_sla_dag to 2025-11-06 07:06:00+00:00, run_after=2025-11-06 07:08:00+00:00
[2025-11-06T07:09:52.034+0000] {processor.py:183} INFO - Processing /home/airflow/.local/lib/python3.8/site-packages/airflow/example_dags/example_sla_dag.py took 0.141 seconds
[2025-11-06T07:10:22.476+0000] {processor.py:161} INFO - Started process (PID=12294) to work on /home/airflow/.local/lib/python3.8/site-packages/airflow/example_dags/example_sla_dag.py
[2025-11-06T07:10:22.478+0000] {processor.py:830} INFO - Processing file /home/airflow/.local/lib/python3.8/site-packages/airflow/example_dags/example_sla_dag.py for tasks to queue
[2025-11-06T07:10:22.483+0000] {logging_mixin.py:188} INFO - [2025-11-06T07:10:22.482+0000] {dagbag.py:538} INFO - Filling up the DagBag from /home/airflow/.local/lib/python3.8/site-packages/airflow/example_dags/example_sla_dag.py
[2025-11-06T07:10:22.503+0000] {processor.py:840} INFO - DAG(s) 'example_sla_dag' retrieved from /home/airflow/.local/lib/python3.8/site-packages/airflow/example_dags/example_sla_dag.py
[2025-11-06T07:10:22.541+0000] {logging_mixin.py:188} INFO - [2025-11-06T07:10:22.540+0000] {dag.py:3036} INFO - Sync 1 DAGs
[2025-11-06T07:10:22.594+0000] {logging_mixin.py:188} INFO - [2025-11-06T07:10:22.593+0000] {dag.py:3823} INFO - Setting next_dagrun for example_sla_dag to 2025-11-06 07:08:00+00:00, run_after=2025-11-06 07:10:00+00:00
[2025-11-06T07:10:22.632+0000] {processor.py:183} INFO - Processing /home/airflow/.local/lib/python3.8/site-packages/airflow/example_dags/example_sla_dag.py took 0.164 seconds
[2025-11-06T07:10:53.134+0000] {processor.py:161} INFO - Started process (PID=12349) to work on /home/airflow/.local/lib/python3.8/site-packages/airflow/example_dags/example_sla_dag.py
[2025-11-06T07:10:53.137+0000] {processor.py:830} INFO - Processing file /home/airflow/.local/lib/python3.8/site-packages/airflow/example_dags/example_sla_dag.py for tasks to queue
[2025-11-06T07:10:53.145+0000] {logging_mixin.py:188} INFO - [2025-11-06T07:10:53.144+0000] {dagbag.py:538} INFO - Filling up the DagBag from /home/airflow/.local/lib/python3.8/site-packages/airflow/example_dags/example_sla_dag.py
[2025-11-06T07:10:53.176+0000] {processor.py:840} INFO - DAG(s) 'example_sla_dag' retrieved from /home/airflow/.local/lib/python3.8/site-packages/airflow/example_dags/example_sla_dag.py
[2025-11-06T07:10:53.242+0000] {logging_mixin.py:188} INFO - [2025-11-06T07:10:53.241+0000] {dag.py:3036} INFO - Sync 1 DAGs
[2025-11-06T07:10:53.331+0000] {logging_mixin.py:188} INFO - [2025-11-06T07:10:53.330+0000] {dag.py:3823} INFO - Setting next_dagrun for example_sla_dag to 2025-11-06 07:08:00+00:00, run_after=2025-11-06 07:10:00+00:00
[2025-11-06T07:10:53.382+0000] {processor.py:183} INFO - Processing /home/airflow/.local/lib/python3.8/site-packages/airflow/example_dags/example_sla_dag.py took 0.260 seconds
[2025-11-06T07:11:23.843+0000] {processor.py:161} INFO - Started process (PID=12404) to work on /home/airflow/.local/lib/python3.8/site-packages/airflow/example_dags/example_sla_dag.py
[2025-11-06T07:11:23.846+0000] {processor.py:830} INFO - Processing file /home/airflow/.local/lib/python3.8/site-packages/airflow/example_dags/example_sla_dag.py for tasks to queue
[2025-11-06T07:11:23.850+0000] {logging_mixin.py:188} INFO - [2025-11-06T07:11:23.849+0000] {dagbag.py:538} INFO - Filling up the DagBag from /home/airflow/.local/lib/python3.8/site-packages/airflow/example_dags/example_sla_dag.py
[2025-11-06T07:11:23.876+0000] {processor.py:840} INFO - DAG(s) 'example_sla_dag' retrieved from /home/airflow/.local/lib/python3.8/site-packages/airflow/example_dags/example_sla_dag.py
[2025-11-06T07:11:23.918+0000] {logging_mixin.py:188} INFO - [2025-11-06T07:11:23.917+0000] {dag.py:3036} INFO - Sync 1 DAGs
[2025-11-06T07:11:23.970+0000] {logging_mixin.py:188} INFO - [2025-11-06T07:11:23.969+0000] {dag.py:3823} INFO - Setting next_dagrun for example_sla_dag to 2025-11-06 07:08:00+00:00, run_after=2025-11-06 07:10:00+00:00
[2025-11-06T07:11:24.005+0000] {processor.py:183} INFO - Processing /home/airflow/.local/lib/python3.8/site-packages/airflow/example_dags/example_sla_dag.py took 0.170 seconds
[2025-11-06T07:11:54.662+0000] {processor.py:161} INFO - Started process (PID=12459) to work on /home/airflow/.local/lib/python3.8/site-packages/airflow/example_dags/example_sla_dag.py
[2025-11-06T07:11:54.666+0000] {processor.py:830} INFO - Processing file /home/airflow/.local/lib/python3.8/site-packages/airflow/example_dags/example_sla_dag.py for tasks to queue
[2025-11-06T07:11:54.672+0000] {logging_mixin.py:188} INFO - [2025-11-06T07:11:54.671+0000] {dagbag.py:538} INFO - Filling up the DagBag from /home/airflow/.local/lib/python3.8/site-packages/airflow/example_dags/example_sla_dag.py
[2025-11-06T07:11:54.704+0000] {processor.py:840} INFO - DAG(s) 'example_sla_dag' retrieved from /home/airflow/.local/lib/python3.8/site-packages/airflow/example_dags/example_sla_dag.py
[2025-11-06T07:11:54.773+0000] {logging_mixin.py:188} INFO - [2025-11-06T07:11:54.772+0000] {dag.py:3036} INFO - Sync 1 DAGs
[2025-11-06T07:11:54.849+0000] {logging_mixin.py:188} INFO - [2025-11-06T07:11:54.848+0000] {dag.py:3823} INFO - Setting next_dagrun for example_sla_dag to 2025-11-06 07:08:00+00:00, run_after=2025-11-06 07:10:00+00:00
[2025-11-06T07:11:54.886+0000] {processor.py:183} INFO - Processing /home/airflow/.local/lib/python3.8/site-packages/airflow/example_dags/example_sla_dag.py took 0.238 seconds
[2025-11-06T07:12:25.158+0000] {processor.py:161} INFO - Started process (PID=12514) to work on /home/airflow/.local/lib/python3.8/site-packages/airflow/example_dags/example_sla_dag.py
[2025-11-06T07:12:25.161+0000] {processor.py:830} INFO - Processing file /home/airflow/.local/lib/python3.8/site-packages/airflow/example_dags/example_sla_dag.py for tasks to queue
[2025-11-06T07:12:25.166+0000] {logging_mixin.py:188} INFO - [2025-11-06T07:12:25.165+0000] {dagbag.py:538} INFO - Filling up the DagBag from /home/airflow/.local/lib/python3.8/site-packages/airflow/example_dags/example_sla_dag.py
[2025-11-06T07:12:25.195+0000] {processor.py:840} INFO - DAG(s) 'example_sla_dag' retrieved from /home/airflow/.local/lib/python3.8/site-packages/airflow/example_dags/example_sla_dag.py
[2025-11-06T07:12:25.252+0000] {logging_mixin.py:188} INFO - [2025-11-06T07:12:25.252+0000] {dag.py:3036} INFO - Sync 1 DAGs
[2025-11-06T07:12:25.353+0000] {logging_mixin.py:188} INFO - [2025-11-06T07:12:25.353+0000] {dag.py:3823} INFO - Setting next_dagrun for example_sla_dag to 2025-11-06 07:10:00+00:00, run_after=2025-11-06 07:12:00+00:00
[2025-11-06T07:12:25.470+0000] {processor.py:183} INFO - Processing /home/airflow/.local/lib/python3.8/site-packages/airflow/example_dags/example_sla_dag.py took 0.323 seconds
[2025-11-06T07:12:56.309+0000] {processor.py:161} INFO - Started process (PID=12569) to work on /home/airflow/.local/lib/python3.8/site-packages/airflow/example_dags/example_sla_dag.py
[2025-11-06T07:12:56.312+0000] {processor.py:830} INFO - Processing file /home/airflow/.local/lib/python3.8/site-packages/airflow/example_dags/example_sla_dag.py for tasks to queue
[2025-11-06T07:12:56.327+0000] {logging_mixin.py:188} INFO - [2025-11-06T07:12:56.326+0000] {dagbag.py:538} INFO - Filling up the DagBag from /home/airflow/.local/lib/python3.8/site-packages/airflow/example_dags/example_sla_dag.py
[2025-11-06T07:12:56.357+0000] {processor.py:840} INFO - DAG(s) 'example_sla_dag' retrieved from /home/airflow/.local/lib/python3.8/site-packages/airflow/example_dags/example_sla_dag.py
[2025-11-06T07:12:56.396+0000] {logging_mixin.py:188} INFO - [2025-11-06T07:12:56.395+0000] {dag.py:3036} INFO - Sync 1 DAGs
[2025-11-06T07:12:56.442+0000] {logging_mixin.py:188} INFO - [2025-11-06T07:12:56.441+0000] {dag.py:3823} INFO - Setting next_dagrun for example_sla_dag to 2025-11-06 07:10:00+00:00, run_after=2025-11-06 07:12:00+00:00
[2025-11-06T07:12:56.476+0000] {processor.py:183} INFO - Processing /home/airflow/.local/lib/python3.8/site-packages/airflow/example_dags/example_sla_dag.py took 0.182 seconds
[2025-11-06T07:13:26.896+0000] {processor.py:161} INFO - Started process (PID=12621) to work on /home/airflow/.local/lib/python3.8/site-packages/airflow/example_dags/example_sla_dag.py
[2025-11-06T07:13:26.913+0000] {processor.py:830} INFO - Processing file /home/airflow/.local/lib/python3.8/site-packages/airflow/example_dags/example_sla_dag.py for tasks to queue
[2025-11-06T07:13:26.919+0000] {logging_mixin.py:188} INFO - [2025-11-06T07:13:26.918+0000] {dagbag.py:538} INFO - Filling up the DagBag from /home/airflow/.local/lib/python3.8/site-packages/airflow/example_dags/example_sla_dag.py
[2025-11-06T07:13:26.960+0000] {processor.py:840} INFO - DAG(s) 'example_sla_dag' retrieved from /home/airflow/.local/lib/python3.8/site-packages/airflow/example_dags/example_sla_dag.py
[2025-11-06T07:13:27.097+0000] {logging_mixin.py:188} INFO - [2025-11-06T07:13:27.096+0000] {dag.py:3036} INFO - Sync 1 DAGs
[2025-11-06T07:13:27.237+0000] {logging_mixin.py:188} INFO - [2025-11-06T07:13:27.236+0000] {dag.py:3823} INFO - Setting next_dagrun for example_sla_dag to 2025-11-06 07:10:00+00:00, run_after=2025-11-06 07:12:00+00:00
[2025-11-06T07:13:27.345+0000] {processor.py:183} INFO - Processing /home/airflow/.local/lib/python3.8/site-packages/airflow/example_dags/example_sla_dag.py took 0.468 seconds
[2025-11-06T07:13:57.973+0000] {processor.py:161} INFO - Started process (PID=12676) to work on /home/airflow/.local/lib/python3.8/site-packages/airflow/example_dags/example_sla_dag.py
[2025-11-06T07:13:57.977+0000] {processor.py:830} INFO - Processing file /home/airflow/.local/lib/python3.8/site-packages/airflow/example_dags/example_sla_dag.py for tasks to queue
[2025-11-06T07:13:57.983+0000] {logging_mixin.py:188} INFO - [2025-11-06T07:13:57.981+0000] {dagbag.py:538} INFO - Filling up the DagBag from /home/airflow/.local/lib/python3.8/site-packages/airflow/example_dags/example_sla_dag.py
[2025-11-06T07:13:58.013+0000] {processor.py:840} INFO - DAG(s) 'example_sla_dag' retrieved from /home/airflow/.local/lib/python3.8/site-packages/airflow/example_dags/example_sla_dag.py
[2025-11-06T07:13:58.092+0000] {logging_mixin.py:188} INFO - [2025-11-06T07:13:58.091+0000] {dag.py:3036} INFO - Sync 1 DAGs
[2025-11-06T07:13:58.185+0000] {logging_mixin.py:188} INFO - [2025-11-06T07:13:58.185+0000] {dag.py:3823} INFO - Setting next_dagrun for example_sla_dag to 2025-11-06 07:10:00+00:00, run_after=2025-11-06 07:12:00+00:00
[2025-11-06T07:13:58.244+0000] {processor.py:183} INFO - Processing /home/airflow/.local/lib/python3.8/site-packages/airflow/example_dags/example_sla_dag.py took 0.283 seconds
[2025-11-06T07:14:28.974+0000] {processor.py:161} INFO - Started process (PID=12731) to work on /home/airflow/.local/lib/python3.8/site-packages/airflow/example_dags/example_sla_dag.py
[2025-11-06T07:14:28.976+0000] {processor.py:830} INFO - Processing file /home/airflow/.local/lib/python3.8/site-packages/airflow/example_dags/example_sla_dag.py for tasks to queue
[2025-11-06T07:14:28.982+0000] {logging_mixin.py:188} INFO - [2025-11-06T07:14:28.981+0000] {dagbag.py:538} INFO - Filling up the DagBag from /home/airflow/.local/lib/python3.8/site-packages/airflow/example_dags/example_sla_dag.py
[2025-11-06T07:14:29.006+0000] {processor.py:840} INFO - DAG(s) 'example_sla_dag' retrieved from /home/airflow/.local/lib/python3.8/site-packages/airflow/example_dags/example_sla_dag.py
[2025-11-06T07:14:29.069+0000] {logging_mixin.py:188} INFO - [2025-11-06T07:14:29.068+0000] {dag.py:3036} INFO - Sync 1 DAGs
[2025-11-06T07:14:29.146+0000] {logging_mixin.py:188} INFO - [2025-11-06T07:14:29.146+0000] {dag.py:3823} INFO - Setting next_dagrun for example_sla_dag to 2025-11-06 07:12:00+00:00, run_after=2025-11-06 07:14:00+00:00
[2025-11-06T07:14:29.185+0000] {processor.py:183} INFO - Processing /home/airflow/.local/lib/python3.8/site-packages/airflow/example_dags/example_sla_dag.py took 0.219 seconds
[2025-11-06T07:14:59.597+0000] {processor.py:161} INFO - Started process (PID=12785) to work on /home/airflow/.local/lib/python3.8/site-packages/airflow/example_dags/example_sla_dag.py
[2025-11-06T07:14:59.601+0000] {processor.py:830} INFO - Processing file /home/airflow/.local/lib/python3.8/site-packages/airflow/example_dags/example_sla_dag.py for tasks to queue
[2025-11-06T07:14:59.610+0000] {logging_mixin.py:188} INFO - [2025-11-06T07:14:59.609+0000] {dagbag.py:538} INFO - Filling up the DagBag from /home/airflow/.local/lib/python3.8/site-packages/airflow/example_dags/example_sla_dag.py
[2025-11-06T07:14:59.638+0000] {processor.py:840} INFO - DAG(s) 'example_sla_dag' retrieved from /home/airflow/.local/lib/python3.8/site-packages/airflow/example_dags/example_sla_dag.py
[2025-11-06T07:14:59.690+0000] {logging_mixin.py:188} INFO - [2025-11-06T07:14:59.690+0000] {dag.py:3036} INFO - Sync 1 DAGs
[2025-11-06T07:14:59.750+0000] {logging_mixin.py:188} INFO - [2025-11-06T07:14:59.749+0000] {dag.py:3823} INFO - Setting next_dagrun for example_sla_dag to 2025-11-06 07:12:00+00:00, run_after=2025-11-06 07:14:00+00:00
[2025-11-06T07:14:59.795+0000] {processor.py:183} INFO - Processing /home/airflow/.local/lib/python3.8/site-packages/airflow/example_dags/example_sla_dag.py took 0.216 seconds
[2025-11-06T07:15:30.341+0000] {processor.py:161} INFO - Started process (PID=12840) to work on /home/airflow/.local/lib/python3.8/site-packages/airflow/example_dags/example_sla_dag.py
[2025-11-06T07:15:30.344+0000] {processor.py:830} INFO - Processing file /home/airflow/.local/lib/python3.8/site-packages/airflow/example_dags/example_sla_dag.py for tasks to queue
[2025-11-06T07:15:30.348+0000] {logging_mixin.py:188} INFO - [2025-11-06T07:15:30.347+0000] {dagbag.py:538} INFO - Filling up the DagBag from /home/airflow/.local/lib/python3.8/site-packages/airflow/example_dags/example_sla_dag.py
[2025-11-06T07:15:30.366+0000] {processor.py:840} INFO - DAG(s) 'example_sla_dag' retrieved from /home/airflow/.local/lib/python3.8/site-packages/airflow/example_dags/example_sla_dag.py
[2025-11-06T07:15:30.402+0000] {logging_mixin.py:188} INFO - [2025-11-06T07:15:30.402+0000] {dag.py:3036} INFO - Sync 1 DAGs
[2025-11-06T07:15:30.449+0000] {logging_mixin.py:188} INFO - [2025-11-06T07:15:30.449+0000] {dag.py:3823} INFO - Setting next_dagrun for example_sla_dag to 2025-11-06 07:12:00+00:00, run_after=2025-11-06 07:14:00+00:00
[2025-11-06T07:15:30.483+0000] {processor.py:183} INFO - Processing /home/airflow/.local/lib/python3.8/site-packages/airflow/example_dags/example_sla_dag.py took 0.150 seconds
[2025-11-06T07:16:01.334+0000] {processor.py:161} INFO - Started process (PID=12901) to work on /home/airflow/.local/lib/python3.8/site-packages/airflow/example_dags/example_sla_dag.py
[2025-11-06T07:16:01.337+0000] {processor.py:830} INFO - Processing file /home/airflow/.local/lib/python3.8/site-packages/airflow/example_dags/example_sla_dag.py for tasks to queue
[2025-11-06T07:16:01.342+0000] {logging_mixin.py:188} INFO - [2025-11-06T07:16:01.341+0000] {dagbag.py:538} INFO - Filling up the DagBag from /home/airflow/.local/lib/python3.8/site-packages/airflow/example_dags/example_sla_dag.py
[2025-11-06T07:16:01.369+0000] {processor.py:840} INFO - DAG(s) 'example_sla_dag' retrieved from /home/airflow/.local/lib/python3.8/site-packages/airflow/example_dags/example_sla_dag.py
[2025-11-06T07:16:01.426+0000] {logging_mixin.py:188} INFO - [2025-11-06T07:16:01.425+0000] {dag.py:3036} INFO - Sync 1 DAGs
[2025-11-06T07:16:01.479+0000] {logging_mixin.py:188} INFO - [2025-11-06T07:16:01.479+0000] {dag.py:3823} INFO - Setting next_dagrun for example_sla_dag to 2025-11-06 07:14:00+00:00, run_after=2025-11-06 07:16:00+00:00
[2025-11-06T07:16:01.537+0000] {processor.py:183} INFO - Processing /home/airflow/.local/lib/python3.8/site-packages/airflow/example_dags/example_sla_dag.py took 0.215 seconds
[2025-11-06T07:16:32.663+0000] {processor.py:161} INFO - Started process (PID=12956) to work on /home/airflow/.local/lib/python3.8/site-packages/airflow/example_dags/example_sla_dag.py
[2025-11-06T07:16:32.667+0000] {processor.py:830} INFO - Processing file /home/airflow/.local/lib/python3.8/site-packages/airflow/example_dags/example_sla_dag.py for tasks to queue
[2025-11-06T07:16:32.674+0000] {logging_mixin.py:188} INFO - [2025-11-06T07:16:32.673+0000] {dagbag.py:538} INFO - Filling up the DagBag from /home/airflow/.local/lib/python3.8/site-packages/airflow/example_dags/example_sla_dag.py
[2025-11-06T07:16:32.708+0000] {processor.py:840} INFO - DAG(s) 'example_sla_dag' retrieved from /home/airflow/.local/lib/python3.8/site-packages/airflow/example_dags/example_sla_dag.py
[2025-11-06T07:16:32.770+0000] {logging_mixin.py:188} INFO - [2025-11-06T07:16:32.769+0000] {dag.py:3036} INFO - Sync 1 DAGs
[2025-11-06T07:16:32.858+0000] {logging_mixin.py:188} INFO - [2025-11-06T07:16:32.858+0000] {dag.py:3823} INFO - Setting next_dagrun for example_sla_dag to 2025-11-06 07:14:00+00:00, run_after=2025-11-06 07:16:00+00:00
[2025-11-06T07:16:32.920+0000] {processor.py:183} INFO - Processing /home/airflow/.local/lib/python3.8/site-packages/airflow/example_dags/example_sla_dag.py took 0.268 seconds
[2025-11-06T07:17:03.682+0000] {processor.py:161} INFO - Started process (PID=13012) to work on /home/airflow/.local/lib/python3.8/site-packages/airflow/example_dags/example_sla_dag.py
[2025-11-06T07:17:03.686+0000] {processor.py:830} INFO - Processing file /home/airflow/.local/lib/python3.8/site-packages/airflow/example_dags/example_sla_dag.py for tasks to queue
[2025-11-06T07:17:03.692+0000] {logging_mixin.py:188} INFO - [2025-11-06T07:17:03.691+0000] {dagbag.py:538} INFO - Filling up the DagBag from /home/airflow/.local/lib/python3.8/site-packages/airflow/example_dags/example_sla_dag.py
[2025-11-06T07:17:03.719+0000] {processor.py:840} INFO - DAG(s) 'example_sla_dag' retrieved from /home/airflow/.local/lib/python3.8/site-packages/airflow/example_dags/example_sla_dag.py
[2025-11-06T07:17:03.762+0000] {logging_mixin.py:188} INFO - [2025-11-06T07:17:03.761+0000] {dag.py:3036} INFO - Sync 1 DAGs
[2025-11-06T07:17:03.814+0000] {logging_mixin.py:188} INFO - [2025-11-06T07:17:03.814+0000] {dag.py:3823} INFO - Setting next_dagrun for example_sla_dag to 2025-11-06 07:14:00+00:00, run_after=2025-11-06 07:16:00+00:00
[2025-11-06T07:17:03.862+0000] {processor.py:183} INFO - Processing /home/airflow/.local/lib/python3.8/site-packages/airflow/example_dags/example_sla_dag.py took 0.196 seconds
[2025-11-06T07:17:35.186+0000] {processor.py:161} INFO - Started process (PID=13067) to work on /home/airflow/.local/lib/python3.8/site-packages/airflow/example_dags/example_sla_dag.py
[2025-11-06T07:17:35.189+0000] {processor.py:830} INFO - Processing file /home/airflow/.local/lib/python3.8/site-packages/airflow/example_dags/example_sla_dag.py for tasks to queue
[2025-11-06T07:17:35.208+0000] {logging_mixin.py:188} INFO - [2025-11-06T07:17:35.207+0000] {dagbag.py:538} INFO - Filling up the DagBag from /home/airflow/.local/lib/python3.8/site-packages/airflow/example_dags/example_sla_dag.py
[2025-11-06T07:17:35.266+0000] {processor.py:840} INFO - DAG(s) 'example_sla_dag' retrieved from /home/airflow/.local/lib/python3.8/site-packages/airflow/example_dags/example_sla_dag.py
[2025-11-06T07:17:35.346+0000] {logging_mixin.py:188} INFO - [2025-11-06T07:17:35.345+0000] {dag.py:3036} INFO - Sync 1 DAGs
[2025-11-06T07:17:35.450+0000] {logging_mixin.py:188} INFO - [2025-11-06T07:17:35.449+0000] {dag.py:3823} INFO - Setting next_dagrun for example_sla_dag to 2025-11-06 07:14:00+00:00, run_after=2025-11-06 07:16:00+00:00
[2025-11-06T07:17:35.516+0000] {processor.py:183} INFO - Processing /home/airflow/.local/lib/python3.8/site-packages/airflow/example_dags/example_sla_dag.py took 0.344 seconds
[2025-11-06T07:18:07.375+0000] {processor.py:161} INFO - Started process (PID=13122) to work on /home/airflow/.local/lib/python3.8/site-packages/airflow/example_dags/example_sla_dag.py
[2025-11-06T07:18:07.379+0000] {processor.py:830} INFO - Processing file /home/airflow/.local/lib/python3.8/site-packages/airflow/example_dags/example_sla_dag.py for tasks to queue
[2025-11-06T07:18:07.388+0000] {logging_mixin.py:188} INFO - [2025-11-06T07:18:07.386+0000] {dagbag.py:538} INFO - Filling up the DagBag from /home/airflow/.local/lib/python3.8/site-packages/airflow/example_dags/example_sla_dag.py
[2025-11-06T07:18:07.426+0000] {processor.py:840} INFO - DAG(s) 'example_sla_dag' retrieved from /home/airflow/.local/lib/python3.8/site-packages/airflow/example_dags/example_sla_dag.py
[2025-11-06T07:18:07.494+0000] {logging_mixin.py:188} INFO - [2025-11-06T07:18:07.494+0000] {dag.py:3036} INFO - Sync 1 DAGs
[2025-11-06T07:18:07.595+0000] {logging_mixin.py:188} INFO - [2025-11-06T07:18:07.594+0000] {dag.py:3823} INFO - Setting next_dagrun for example_sla_dag to 2025-11-06 07:16:00+00:00, run_after=2025-11-06 07:18:00+00:00
[2025-11-06T07:18:07.686+0000] {processor.py:183} INFO - Processing /home/airflow/.local/lib/python3.8/site-packages/airflow/example_dags/example_sla_dag.py took 0.327 seconds
[2025-11-06T07:18:40.553+0000] {processor.py:161} INFO - Started process (PID=13179) to work on /home/airflow/.local/lib/python3.8/site-packages/airflow/example_dags/example_sla_dag.py
[2025-11-06T07:18:40.556+0000] {processor.py:830} INFO - Processing file /home/airflow/.local/lib/python3.8/site-packages/airflow/example_dags/example_sla_dag.py for tasks to queue
[2025-11-06T07:18:40.562+0000] {logging_mixin.py:188} INFO - [2025-11-06T07:18:40.561+0000] {dagbag.py:538} INFO - Filling up the DagBag from /home/airflow/.local/lib/python3.8/site-packages/airflow/example_dags/example_sla_dag.py
[2025-11-06T07:18:40.588+0000] {processor.py:840} INFO - DAG(s) 'example_sla_dag' retrieved from /home/airflow/.local/lib/python3.8/site-packages/airflow/example_dags/example_sla_dag.py
[2025-11-06T07:18:40.643+0000] {logging_mixin.py:188} INFO - [2025-11-06T07:18:40.642+0000] {dag.py:3036} INFO - Sync 1 DAGs
[2025-11-06T07:18:40.730+0000] {logging_mixin.py:188} INFO - [2025-11-06T07:18:40.728+0000] {dag.py:3823} INFO - Setting next_dagrun for example_sla_dag to 2025-11-06 07:16:00+00:00, run_after=2025-11-06 07:18:00+00:00
[2025-11-06T07:18:40.844+0000] {processor.py:183} INFO - Processing /home/airflow/.local/lib/python3.8/site-packages/airflow/example_dags/example_sla_dag.py took 0.301 seconds
[2025-11-06T07:19:11.297+0000] {processor.py:161} INFO - Started process (PID=13234) to work on /home/airflow/.local/lib/python3.8/site-packages/airflow/example_dags/example_sla_dag.py
[2025-11-06T07:19:11.300+0000] {processor.py:830} INFO - Processing file /home/airflow/.local/lib/python3.8/site-packages/airflow/example_dags/example_sla_dag.py for tasks to queue
[2025-11-06T07:19:11.303+0000] {logging_mixin.py:188} INFO - [2025-11-06T07:19:11.303+0000] {dagbag.py:538} INFO - Filling up the DagBag from /home/airflow/.local/lib/python3.8/site-packages/airflow/example_dags/example_sla_dag.py
[2025-11-06T07:19:11.324+0000] {processor.py:840} INFO - DAG(s) 'example_sla_dag' retrieved from /home/airflow/.local/lib/python3.8/site-packages/airflow/example_dags/example_sla_dag.py
[2025-11-06T07:19:11.363+0000] {logging_mixin.py:188} INFO - [2025-11-06T07:19:11.363+0000] {dag.py:3036} INFO - Sync 1 DAGs
[2025-11-06T07:19:11.412+0000] {logging_mixin.py:188} INFO - [2025-11-06T07:19:11.412+0000] {dag.py:3823} INFO - Setting next_dagrun for example_sla_dag to 2025-11-06 07:16:00+00:00, run_after=2025-11-06 07:18:00+00:00
[2025-11-06T07:19:11.451+0000] {processor.py:183} INFO - Processing /home/airflow/.local/lib/python3.8/site-packages/airflow/example_dags/example_sla_dag.py took 0.161 seconds
[2025-11-06T07:19:44.688+0000] {processor.py:161} INFO - Started process (PID=13290) to work on /home/airflow/.local/lib/python3.8/site-packages/airflow/example_dags/example_sla_dag.py
[2025-11-06T07:19:44.698+0000] {processor.py:830} INFO - Processing file /home/airflow/.local/lib/python3.8/site-packages/airflow/example_dags/example_sla_dag.py for tasks to queue
[2025-11-06T07:19:44.720+0000] {logging_mixin.py:188} INFO - [2025-11-06T07:19:44.718+0000] {dagbag.py:538} INFO - Filling up the DagBag from /home/airflow/.local/lib/python3.8/site-packages/airflow/example_dags/example_sla_dag.py
[2025-11-06T07:19:44.778+0000] {processor.py:840} INFO - DAG(s) 'example_sla_dag' retrieved from /home/airflow/.local/lib/python3.8/site-packages/airflow/example_dags/example_sla_dag.py
[2025-11-06T07:19:44.896+0000] {logging_mixin.py:188} INFO - [2025-11-06T07:19:44.896+0000] {dag.py:3036} INFO - Sync 1 DAGs
[2025-11-06T07:19:45.035+0000] {logging_mixin.py:188} INFO - [2025-11-06T07:19:45.034+0000] {dag.py:3823} INFO - Setting next_dagrun for example_sla_dag to 2025-11-06 07:16:00+00:00, run_after=2025-11-06 07:18:00+00:00
[2025-11-06T07:19:45.222+0000] {processor.py:183} INFO - Processing /home/airflow/.local/lib/python3.8/site-packages/airflow/example_dags/example_sla_dag.py took 0.555 seconds
[2025-11-06T07:20:15.944+0000] {processor.py:161} INFO - Started process (PID=13345) to work on /home/airflow/.local/lib/python3.8/site-packages/airflow/example_dags/example_sla_dag.py
[2025-11-06T07:20:15.947+0000] {processor.py:830} INFO - Processing file /home/airflow/.local/lib/python3.8/site-packages/airflow/example_dags/example_sla_dag.py for tasks to queue
[2025-11-06T07:20:15.957+0000] {logging_mixin.py:188} INFO - [2025-11-06T07:20:15.955+0000] {dagbag.py:538} INFO - Filling up the DagBag from /home/airflow/.local/lib/python3.8/site-packages/airflow/example_dags/example_sla_dag.py
[2025-11-06T07:20:16.036+0000] {processor.py:840} INFO - DAG(s) 'example_sla_dag' retrieved from /home/airflow/.local/lib/python3.8/site-packages/airflow/example_dags/example_sla_dag.py
[2025-11-06T07:20:16.125+0000] {logging_mixin.py:188} INFO - [2025-11-06T07:20:16.124+0000] {dag.py:3036} INFO - Sync 1 DAGs
[2025-11-06T07:20:16.262+0000] {logging_mixin.py:188} INFO - [2025-11-06T07:20:16.261+0000] {dag.py:3823} INFO - Setting next_dagrun for example_sla_dag to 2025-11-06 07:18:00+00:00, run_after=2025-11-06 07:20:00+00:00
[2025-11-06T07:20:16.341+0000] {processor.py:183} INFO - Processing /home/airflow/.local/lib/python3.8/site-packages/airflow/example_dags/example_sla_dag.py took 0.413 seconds
[2025-11-06T07:20:46.839+0000] {processor.py:161} INFO - Started process (PID=13400) to work on /home/airflow/.local/lib/python3.8/site-packages/airflow/example_dags/example_sla_dag.py
[2025-11-06T07:20:46.844+0000] {processor.py:830} INFO - Processing file /home/airflow/.local/lib/python3.8/site-packages/airflow/example_dags/example_sla_dag.py for tasks to queue
[2025-11-06T07:20:46.850+0000] {logging_mixin.py:188} INFO - [2025-11-06T07:20:46.849+0000] {dagbag.py:538} INFO - Filling up the DagBag from /home/airflow/.local/lib/python3.8/site-packages/airflow/example_dags/example_sla_dag.py
[2025-11-06T07:20:46.902+0000] {processor.py:840} INFO - DAG(s) 'example_sla_dag' retrieved from /home/airflow/.local/lib/python3.8/site-packages/airflow/example_dags/example_sla_dag.py
[2025-11-06T07:20:47.036+0000] {logging_mixin.py:188} INFO - [2025-11-06T07:20:47.035+0000] {dag.py:3036} INFO - Sync 1 DAGs
[2025-11-06T07:20:47.205+0000] {logging_mixin.py:188} INFO - [2025-11-06T07:20:47.204+0000] {dag.py:3823} INFO - Setting next_dagrun for example_sla_dag to 2025-11-06 07:18:00+00:00, run_after=2025-11-06 07:20:00+00:00
[2025-11-06T07:20:47.271+0000] {processor.py:183} INFO - Processing /home/airflow/.local/lib/python3.8/site-packages/airflow/example_dags/example_sla_dag.py took 0.460 seconds
[2025-11-06T07:21:17.564+0000] {processor.py:161} INFO - Started process (PID=13454) to work on /home/airflow/.local/lib/python3.8/site-packages/airflow/example_dags/example_sla_dag.py
[2025-11-06T07:21:17.568+0000] {processor.py:830} INFO - Processing file /home/airflow/.local/lib/python3.8/site-packages/airflow/example_dags/example_sla_dag.py for tasks to queue
[2025-11-06T07:21:17.578+0000] {logging_mixin.py:188} INFO - [2025-11-06T07:21:17.577+0000] {dagbag.py:538} INFO - Filling up the DagBag from /home/airflow/.local/lib/python3.8/site-packages/airflow/example_dags/example_sla_dag.py
[2025-11-06T07:21:17.616+0000] {processor.py:840} INFO - DAG(s) 'example_sla_dag' retrieved from /home/airflow/.local/lib/python3.8/site-packages/airflow/example_dags/example_sla_dag.py
[2025-11-06T07:21:17.667+0000] {logging_mixin.py:188} INFO - [2025-11-06T07:21:17.666+0000] {dag.py:3036} INFO - Sync 1 DAGs
[2025-11-06T07:21:17.738+0000] {logging_mixin.py:188} INFO - [2025-11-06T07:21:17.738+0000] {dag.py:3823} INFO - Setting next_dagrun for example_sla_dag to 2025-11-06 07:18:00+00:00, run_after=2025-11-06 07:20:00+00:00
[2025-11-06T07:21:17.782+0000] {processor.py:183} INFO - Processing /home/airflow/.local/lib/python3.8/site-packages/airflow/example_dags/example_sla_dag.py took 0.228 seconds
[2025-11-06T07:21:47.998+0000] {processor.py:161} INFO - Started process (PID=13509) to work on /home/airflow/.local/lib/python3.8/site-packages/airflow/example_dags/example_sla_dag.py
[2025-11-06T07:21:48.001+0000] {processor.py:830} INFO - Processing file /home/airflow/.local/lib/python3.8/site-packages/airflow/example_dags/example_sla_dag.py for tasks to queue
[2025-11-06T07:21:48.009+0000] {logging_mixin.py:188} INFO - [2025-11-06T07:21:48.008+0000] {dagbag.py:538} INFO - Filling up the DagBag from /home/airflow/.local/lib/python3.8/site-packages/airflow/example_dags/example_sla_dag.py
[2025-11-06T07:21:48.046+0000] {processor.py:840} INFO - DAG(s) 'example_sla_dag' retrieved from /home/airflow/.local/lib/python3.8/site-packages/airflow/example_dags/example_sla_dag.py
[2025-11-06T07:21:48.125+0000] {logging_mixin.py:188} INFO - [2025-11-06T07:21:48.125+0000] {dag.py:3036} INFO - Sync 1 DAGs
[2025-11-06T07:21:48.241+0000] {logging_mixin.py:188} INFO - [2025-11-06T07:21:48.240+0000] {dag.py:3823} INFO - Setting next_dagrun for example_sla_dag to 2025-11-06 07:18:00+00:00, run_after=2025-11-06 07:20:00+00:00
[2025-11-06T07:21:48.317+0000] {processor.py:183} INFO - Processing /home/airflow/.local/lib/python3.8/site-packages/airflow/example_dags/example_sla_dag.py took 0.334 seconds
[2025-11-06T07:22:18.516+0000] {processor.py:161} INFO - Started process (PID=13564) to work on /home/airflow/.local/lib/python3.8/site-packages/airflow/example_dags/example_sla_dag.py
[2025-11-06T07:22:18.518+0000] {processor.py:830} INFO - Processing file /home/airflow/.local/lib/python3.8/site-packages/airflow/example_dags/example_sla_dag.py for tasks to queue
[2025-11-06T07:22:18.520+0000] {logging_mixin.py:188} INFO - [2025-11-06T07:22:18.520+0000] {dagbag.py:538} INFO - Filling up the DagBag from /home/airflow/.local/lib/python3.8/site-packages/airflow/example_dags/example_sla_dag.py
[2025-11-06T07:22:18.532+0000] {processor.py:840} INFO - DAG(s) 'example_sla_dag' retrieved from /home/airflow/.local/lib/python3.8/site-packages/airflow/example_dags/example_sla_dag.py
[2025-11-06T07:22:18.558+0000] {logging_mixin.py:188} INFO - [2025-11-06T07:22:18.558+0000] {dag.py:3036} INFO - Sync 1 DAGs
[2025-11-06T07:22:18.587+0000] {logging_mixin.py:188} INFO - [2025-11-06T07:22:18.586+0000] {dag.py:3823} INFO - Setting next_dagrun for example_sla_dag to 2025-11-06 07:20:00+00:00, run_after=2025-11-06 07:22:00+00:00
[2025-11-06T07:22:18.612+0000] {processor.py:183} INFO - Processing /home/airflow/.local/lib/python3.8/site-packages/airflow/example_dags/example_sla_dag.py took 0.101 seconds
[2025-11-06T07:22:48.902+0000] {processor.py:161} INFO - Started process (PID=13619) to work on /home/airflow/.local/lib/python3.8/site-packages/airflow/example_dags/example_sla_dag.py
[2025-11-06T07:22:48.904+0000] {processor.py:830} INFO - Processing file /home/airflow/.local/lib/python3.8/site-packages/airflow/example_dags/example_sla_dag.py for tasks to queue
[2025-11-06T07:22:48.907+0000] {logging_mixin.py:188} INFO - [2025-11-06T07:22:48.906+0000] {dagbag.py:538} INFO - Filling up the DagBag from /home/airflow/.local/lib/python3.8/site-packages/airflow/example_dags/example_sla_dag.py
[2025-11-06T07:22:48.919+0000] {processor.py:840} INFO - DAG(s) 'example_sla_dag' retrieved from /home/airflow/.local/lib/python3.8/site-packages/airflow/example_dags/example_sla_dag.py
[2025-11-06T07:22:48.946+0000] {logging_mixin.py:188} INFO - [2025-11-06T07:22:48.945+0000] {dag.py:3036} INFO - Sync 1 DAGs
[2025-11-06T07:22:48.998+0000] {logging_mixin.py:188} INFO - [2025-11-06T07:22:48.998+0000] {dag.py:3823} INFO - Setting next_dagrun for example_sla_dag to 2025-11-06 07:20:00+00:00, run_after=2025-11-06 07:22:00+00:00
[2025-11-06T07:22:49.037+0000] {processor.py:183} INFO - Processing /home/airflow/.local/lib/python3.8/site-packages/airflow/example_dags/example_sla_dag.py took 0.139 seconds
[2025-11-06T07:23:19.254+0000] {processor.py:161} INFO - Started process (PID=13674) to work on /home/airflow/.local/lib/python3.8/site-packages/airflow/example_dags/example_sla_dag.py
[2025-11-06T07:23:19.256+0000] {processor.py:830} INFO - Processing file /home/airflow/.local/lib/python3.8/site-packages/airflow/example_dags/example_sla_dag.py for tasks to queue
[2025-11-06T07:23:19.259+0000] {logging_mixin.py:188} INFO - [2025-11-06T07:23:19.259+0000] {dagbag.py:538} INFO - Filling up the DagBag from /home/airflow/.local/lib/python3.8/site-packages/airflow/example_dags/example_sla_dag.py
[2025-11-06T07:23:19.280+0000] {processor.py:840} INFO - DAG(s) 'example_sla_dag' retrieved from /home/airflow/.local/lib/python3.8/site-packages/airflow/example_dags/example_sla_dag.py
[2025-11-06T07:23:19.318+0000] {logging_mixin.py:188} INFO - [2025-11-06T07:23:19.318+0000] {dag.py:3036} INFO - Sync 1 DAGs
[2025-11-06T07:23:19.361+0000] {logging_mixin.py:188} INFO - [2025-11-06T07:23:19.361+0000] {dag.py:3823} INFO - Setting next_dagrun for example_sla_dag to 2025-11-06 07:20:00+00:00, run_after=2025-11-06 07:22:00+00:00
[2025-11-06T07:23:19.396+0000] {processor.py:183} INFO - Processing /home/airflow/.local/lib/python3.8/site-packages/airflow/example_dags/example_sla_dag.py took 0.148 seconds
[2025-11-06T07:23:49.754+0000] {processor.py:161} INFO - Started process (PID=13729) to work on /home/airflow/.local/lib/python3.8/site-packages/airflow/example_dags/example_sla_dag.py
[2025-11-06T07:23:49.756+0000] {processor.py:830} INFO - Processing file /home/airflow/.local/lib/python3.8/site-packages/airflow/example_dags/example_sla_dag.py for tasks to queue
[2025-11-06T07:23:49.759+0000] {logging_mixin.py:188} INFO - [2025-11-06T07:23:49.759+0000] {dagbag.py:538} INFO - Filling up the DagBag from /home/airflow/.local/lib/python3.8/site-packages/airflow/example_dags/example_sla_dag.py
[2025-11-06T07:23:49.776+0000] {processor.py:840} INFO - DAG(s) 'example_sla_dag' retrieved from /home/airflow/.local/lib/python3.8/site-packages/airflow/example_dags/example_sla_dag.py
[2025-11-06T07:23:49.817+0000] {logging_mixin.py:188} INFO - [2025-11-06T07:23:49.817+0000] {dag.py:3036} INFO - Sync 1 DAGs
[2025-11-06T07:23:49.867+0000] {logging_mixin.py:188} INFO - [2025-11-06T07:23:49.867+0000] {dag.py:3823} INFO - Setting next_dagrun for example_sla_dag to 2025-11-06 07:20:00+00:00, run_after=2025-11-06 07:22:00+00:00
[2025-11-06T07:23:49.904+0000] {processor.py:183} INFO - Processing /home/airflow/.local/lib/python3.8/site-packages/airflow/example_dags/example_sla_dag.py took 0.157 seconds
[2025-11-06T07:24:20.130+0000] {processor.py:161} INFO - Started process (PID=13784) to work on /home/airflow/.local/lib/python3.8/site-packages/airflow/example_dags/example_sla_dag.py
[2025-11-06T07:24:20.133+0000] {processor.py:830} INFO - Processing file /home/airflow/.local/lib/python3.8/site-packages/airflow/example_dags/example_sla_dag.py for tasks to queue
[2025-11-06T07:24:20.141+0000] {logging_mixin.py:188} INFO - [2025-11-06T07:24:20.140+0000] {dagbag.py:538} INFO - Filling up the DagBag from /home/airflow/.local/lib/python3.8/site-packages/airflow/example_dags/example_sla_dag.py
[2025-11-06T07:24:20.185+0000] {processor.py:840} INFO - DAG(s) 'example_sla_dag' retrieved from /home/airflow/.local/lib/python3.8/site-packages/airflow/example_dags/example_sla_dag.py
[2025-11-06T07:24:20.277+0000] {logging_mixin.py:188} INFO - [2025-11-06T07:24:20.277+0000] {dag.py:3036} INFO - Sync 1 DAGs
[2025-11-06T07:24:20.360+0000] {logging_mixin.py:188} INFO - [2025-11-06T07:24:20.360+0000] {dag.py:3823} INFO - Setting next_dagrun for example_sla_dag to 2025-11-06 07:22:00+00:00, run_after=2025-11-06 07:24:00+00:00
[2025-11-06T07:24:20.426+0000] {processor.py:183} INFO - Processing /home/airflow/.local/lib/python3.8/site-packages/airflow/example_dags/example_sla_dag.py took 0.310 seconds
[2025-11-06T07:24:50.535+0000] {processor.py:161} INFO - Started process (PID=13839) to work on /home/airflow/.local/lib/python3.8/site-packages/airflow/example_dags/example_sla_dag.py
[2025-11-06T07:24:50.536+0000] {processor.py:830} INFO - Processing file /home/airflow/.local/lib/python3.8/site-packages/airflow/example_dags/example_sla_dag.py for tasks to queue
[2025-11-06T07:24:50.539+0000] {logging_mixin.py:188} INFO - [2025-11-06T07:24:50.539+0000] {dagbag.py:538} INFO - Filling up the DagBag from /home/airflow/.local/lib/python3.8/site-packages/airflow/example_dags/example_sla_dag.py
[2025-11-06T07:24:50.552+0000] {processor.py:840} INFO - DAG(s) 'example_sla_dag' retrieved from /home/airflow/.local/lib/python3.8/site-packages/airflow/example_dags/example_sla_dag.py
[2025-11-06T07:24:50.582+0000] {logging_mixin.py:188} INFO - [2025-11-06T07:24:50.581+0000] {dag.py:3036} INFO - Sync 1 DAGs
[2025-11-06T07:24:50.630+0000] {logging_mixin.py:188} INFO - [2025-11-06T07:24:50.629+0000] {dag.py:3823} INFO - Setting next_dagrun for example_sla_dag to 2025-11-06 07:22:00+00:00, run_after=2025-11-06 07:24:00+00:00
[2025-11-06T07:24:50.663+0000] {processor.py:183} INFO - Processing /home/airflow/.local/lib/python3.8/site-packages/airflow/example_dags/example_sla_dag.py took 0.133 seconds
[2025-11-06T07:25:21.179+0000] {processor.py:161} INFO - Started process (PID=13895) to work on /home/airflow/.local/lib/python3.8/site-packages/airflow/example_dags/example_sla_dag.py
[2025-11-06T07:25:21.181+0000] {processor.py:830} INFO - Processing file /home/airflow/.local/lib/python3.8/site-packages/airflow/example_dags/example_sla_dag.py for tasks to queue
[2025-11-06T07:25:21.183+0000] {logging_mixin.py:188} INFO - [2025-11-06T07:25:21.183+0000] {dagbag.py:538} INFO - Filling up the DagBag from /home/airflow/.local/lib/python3.8/site-packages/airflow/example_dags/example_sla_dag.py
[2025-11-06T07:25:21.195+0000] {processor.py:840} INFO - DAG(s) 'example_sla_dag' retrieved from /home/airflow/.local/lib/python3.8/site-packages/airflow/example_dags/example_sla_dag.py
[2025-11-06T07:25:21.221+0000] {logging_mixin.py:188} INFO - [2025-11-06T07:25:21.220+0000] {dag.py:3036} INFO - Sync 1 DAGs
[2025-11-06T07:25:21.295+0000] {logging_mixin.py:188} INFO - [2025-11-06T07:25:21.295+0000] {dag.py:3823} INFO - Setting next_dagrun for example_sla_dag to 2025-11-06 07:22:00+00:00, run_after=2025-11-06 07:24:00+00:00
[2025-11-06T07:25:21.378+0000] {processor.py:183} INFO - Processing /home/airflow/.local/lib/python3.8/site-packages/airflow/example_dags/example_sla_dag.py took 0.204 seconds
[2025-11-06T07:25:51.898+0000] {processor.py:161} INFO - Started process (PID=13950) to work on /home/airflow/.local/lib/python3.8/site-packages/airflow/example_dags/example_sla_dag.py
[2025-11-06T07:25:51.903+0000] {processor.py:830} INFO - Processing file /home/airflow/.local/lib/python3.8/site-packages/airflow/example_dags/example_sla_dag.py for tasks to queue
[2025-11-06T07:25:51.912+0000] {logging_mixin.py:188} INFO - [2025-11-06T07:25:51.911+0000] {dagbag.py:538} INFO - Filling up the DagBag from /home/airflow/.local/lib/python3.8/site-packages/airflow/example_dags/example_sla_dag.py
[2025-11-06T07:25:51.955+0000] {processor.py:840} INFO - DAG(s) 'example_sla_dag' retrieved from /home/airflow/.local/lib/python3.8/site-packages/airflow/example_dags/example_sla_dag.py
[2025-11-06T07:25:52.032+0000] {logging_mixin.py:188} INFO - [2025-11-06T07:25:52.031+0000] {dag.py:3036} INFO - Sync 1 DAGs
[2025-11-06T07:25:52.097+0000] {logging_mixin.py:188} INFO - [2025-11-06T07:25:52.097+0000] {dag.py:3823} INFO - Setting next_dagrun for example_sla_dag to 2025-11-06 07:22:00+00:00, run_after=2025-11-06 07:24:00+00:00
[2025-11-06T07:25:52.155+0000] {processor.py:183} INFO - Processing /home/airflow/.local/lib/python3.8/site-packages/airflow/example_dags/example_sla_dag.py took 0.284 seconds
[2025-11-06T07:26:22.274+0000] {processor.py:161} INFO - Started process (PID=14005) to work on /home/airflow/.local/lib/python3.8/site-packages/airflow/example_dags/example_sla_dag.py
[2025-11-06T07:26:22.277+0000] {processor.py:830} INFO - Processing file /home/airflow/.local/lib/python3.8/site-packages/airflow/example_dags/example_sla_dag.py for tasks to queue
[2025-11-06T07:26:22.281+0000] {logging_mixin.py:188} INFO - [2025-11-06T07:26:22.280+0000] {dagbag.py:538} INFO - Filling up the DagBag from /home/airflow/.local/lib/python3.8/site-packages/airflow/example_dags/example_sla_dag.py
[2025-11-06T07:26:22.309+0000] {processor.py:840} INFO - DAG(s) 'example_sla_dag' retrieved from /home/airflow/.local/lib/python3.8/site-packages/airflow/example_dags/example_sla_dag.py
[2025-11-06T07:26:22.367+0000] {logging_mixin.py:188} INFO - [2025-11-06T07:26:22.367+0000] {dag.py:3036} INFO - Sync 1 DAGs
[2025-11-06T07:26:22.425+0000] {logging_mixin.py:188} INFO - [2025-11-06T07:26:22.424+0000] {dag.py:3823} INFO - Setting next_dagrun for example_sla_dag to 2025-11-06 07:24:00+00:00, run_after=2025-11-06 07:26:00+00:00
[2025-11-06T07:26:22.468+0000] {processor.py:183} INFO - Processing /home/airflow/.local/lib/python3.8/site-packages/airflow/example_dags/example_sla_dag.py took 0.201 seconds
[2025-11-06T07:26:53.029+0000] {processor.py:161} INFO - Started process (PID=14060) to work on /home/airflow/.local/lib/python3.8/site-packages/airflow/example_dags/example_sla_dag.py
[2025-11-06T07:26:53.032+0000] {processor.py:830} INFO - Processing file /home/airflow/.local/lib/python3.8/site-packages/airflow/example_dags/example_sla_dag.py for tasks to queue
[2025-11-06T07:26:53.036+0000] {logging_mixin.py:188} INFO - [2025-11-06T07:26:53.035+0000] {dagbag.py:538} INFO - Filling up the DagBag from /home/airflow/.local/lib/python3.8/site-packages/airflow/example_dags/example_sla_dag.py
[2025-11-06T07:26:53.055+0000] {processor.py:840} INFO - DAG(s) 'example_sla_dag' retrieved from /home/airflow/.local/lib/python3.8/site-packages/airflow/example_dags/example_sla_dag.py
[2025-11-06T07:26:53.106+0000] {logging_mixin.py:188} INFO - [2025-11-06T07:26:53.106+0000] {dag.py:3036} INFO - Sync 1 DAGs
[2025-11-06T07:26:53.165+0000] {logging_mixin.py:188} INFO - [2025-11-06T07:26:53.164+0000] {dag.py:3823} INFO - Setting next_dagrun for example_sla_dag to 2025-11-06 07:24:00+00:00, run_after=2025-11-06 07:26:00+00:00
[2025-11-06T07:26:53.207+0000] {processor.py:183} INFO - Processing /home/airflow/.local/lib/python3.8/site-packages/airflow/example_dags/example_sla_dag.py took 0.188 seconds
[2025-11-06T07:27:24.117+0000] {processor.py:161} INFO - Started process (PID=14115) to work on /home/airflow/.local/lib/python3.8/site-packages/airflow/example_dags/example_sla_dag.py
[2025-11-06T07:27:24.121+0000] {processor.py:830} INFO - Processing file /home/airflow/.local/lib/python3.8/site-packages/airflow/example_dags/example_sla_dag.py for tasks to queue
[2025-11-06T07:27:24.128+0000] {logging_mixin.py:188} INFO - [2025-11-06T07:27:24.127+0000] {dagbag.py:538} INFO - Filling up the DagBag from /home/airflow/.local/lib/python3.8/site-packages/airflow/example_dags/example_sla_dag.py
[2025-11-06T07:27:24.165+0000] {processor.py:840} INFO - DAG(s) 'example_sla_dag' retrieved from /home/airflow/.local/lib/python3.8/site-packages/airflow/example_dags/example_sla_dag.py
[2025-11-06T07:27:24.251+0000] {logging_mixin.py:188} INFO - [2025-11-06T07:27:24.250+0000] {dag.py:3036} INFO - Sync 1 DAGs
[2025-11-06T07:27:24.356+0000] {logging_mixin.py:188} INFO - [2025-11-06T07:27:24.356+0000] {dag.py:3823} INFO - Setting next_dagrun for example_sla_dag to 2025-11-06 07:24:00+00:00, run_after=2025-11-06 07:26:00+00:00
[2025-11-06T07:27:24.421+0000] {processor.py:183} INFO - Processing /home/airflow/.local/lib/python3.8/site-packages/airflow/example_dags/example_sla_dag.py took 0.318 seconds
[2025-11-06T07:27:54.726+0000] {processor.py:161} INFO - Started process (PID=14170) to work on /home/airflow/.local/lib/python3.8/site-packages/airflow/example_dags/example_sla_dag.py
[2025-11-06T07:27:54.731+0000] {processor.py:830} INFO - Processing file /home/airflow/.local/lib/python3.8/site-packages/airflow/example_dags/example_sla_dag.py for tasks to queue
[2025-11-06T07:27:54.748+0000] {logging_mixin.py:188} INFO - [2025-11-06T07:27:54.746+0000] {dagbag.py:538} INFO - Filling up the DagBag from /home/airflow/.local/lib/python3.8/site-packages/airflow/example_dags/example_sla_dag.py
[2025-11-06T07:27:54.801+0000] {processor.py:840} INFO - DAG(s) 'example_sla_dag' retrieved from /home/airflow/.local/lib/python3.8/site-packages/airflow/example_dags/example_sla_dag.py
[2025-11-06T07:27:54.871+0000] {logging_mixin.py:188} INFO - [2025-11-06T07:27:54.870+0000] {dag.py:3036} INFO - Sync 1 DAGs
[2025-11-06T07:27:54.952+0000] {logging_mixin.py:188} INFO - [2025-11-06T07:27:54.951+0000] {dag.py:3823} INFO - Setting next_dagrun for example_sla_dag to 2025-11-06 07:24:00+00:00, run_after=2025-11-06 07:26:00+00:00
[2025-11-06T07:27:55.007+0000] {processor.py:183} INFO - Processing /home/airflow/.local/lib/python3.8/site-packages/airflow/example_dags/example_sla_dag.py took 0.314 seconds
[2025-11-06T07:28:25.885+0000] {processor.py:161} INFO - Started process (PID=14225) to work on /home/airflow/.local/lib/python3.8/site-packages/airflow/example_dags/example_sla_dag.py
[2025-11-06T07:28:25.888+0000] {processor.py:830} INFO - Processing file /home/airflow/.local/lib/python3.8/site-packages/airflow/example_dags/example_sla_dag.py for tasks to queue
[2025-11-06T07:28:25.899+0000] {logging_mixin.py:188} INFO - [2025-11-06T07:28:25.897+0000] {dagbag.py:538} INFO - Filling up the DagBag from /home/airflow/.local/lib/python3.8/site-packages/airflow/example_dags/example_sla_dag.py
[2025-11-06T07:28:25.939+0000] {processor.py:840} INFO - DAG(s) 'example_sla_dag' retrieved from /home/airflow/.local/lib/python3.8/site-packages/airflow/example_dags/example_sla_dag.py
[2025-11-06T07:28:26.013+0000] {logging_mixin.py:188} INFO - [2025-11-06T07:28:26.011+0000] {dag.py:3036} INFO - Sync 1 DAGs
[2025-11-06T07:28:26.112+0000] {logging_mixin.py:188} INFO - [2025-11-06T07:28:26.112+0000] {dag.py:3823} INFO - Setting next_dagrun for example_sla_dag to 2025-11-06 07:26:00+00:00, run_after=2025-11-06 07:28:00+00:00
[2025-11-06T07:28:26.180+0000] {processor.py:183} INFO - Processing /home/airflow/.local/lib/python3.8/site-packages/airflow/example_dags/example_sla_dag.py took 0.304 seconds
[2025-11-06T07:28:57.714+0000] {processor.py:161} INFO - Started process (PID=14280) to work on /home/airflow/.local/lib/python3.8/site-packages/airflow/example_dags/example_sla_dag.py
[2025-11-06T07:28:57.744+0000] {processor.py:830} INFO - Processing file /home/airflow/.local/lib/python3.8/site-packages/airflow/example_dags/example_sla_dag.py for tasks to queue
[2025-11-06T07:28:57.762+0000] {logging_mixin.py:188} INFO - [2025-11-06T07:28:57.761+0000] {dagbag.py:538} INFO - Filling up the DagBag from /home/airflow/.local/lib/python3.8/site-packages/airflow/example_dags/example_sla_dag.py
[2025-11-06T07:28:57.841+0000] {processor.py:840} INFO - DAG(s) 'example_sla_dag' retrieved from /home/airflow/.local/lib/python3.8/site-packages/airflow/example_dags/example_sla_dag.py
[2025-11-06T07:28:58.002+0000] {logging_mixin.py:188} INFO - [2025-11-06T07:28:58.001+0000] {dag.py:3036} INFO - Sync 1 DAGs
[2025-11-06T07:28:58.315+0000] {logging_mixin.py:188} INFO - [2025-11-06T07:28:58.314+0000] {dag.py:3823} INFO - Setting next_dagrun for example_sla_dag to 2025-11-06 07:26:00+00:00, run_after=2025-11-06 07:28:00+00:00
[2025-11-06T07:28:58.464+0000] {processor.py:183} INFO - Processing /home/airflow/.local/lib/python3.8/site-packages/airflow/example_dags/example_sla_dag.py took 0.774 seconds
[2025-11-06T07:29:29.451+0000] {processor.py:161} INFO - Started process (PID=14337) to work on /home/airflow/.local/lib/python3.8/site-packages/airflow/example_dags/example_sla_dag.py
[2025-11-06T07:29:29.497+0000] {processor.py:830} INFO - Processing file /home/airflow/.local/lib/python3.8/site-packages/airflow/example_dags/example_sla_dag.py for tasks to queue
[2025-11-06T07:29:29.513+0000] {logging_mixin.py:188} INFO - [2025-11-06T07:29:29.511+0000] {dagbag.py:538} INFO - Filling up the DagBag from /home/airflow/.local/lib/python3.8/site-packages/airflow/example_dags/example_sla_dag.py
[2025-11-06T07:29:29.613+0000] {processor.py:840} INFO - DAG(s) 'example_sla_dag' retrieved from /home/airflow/.local/lib/python3.8/site-packages/airflow/example_dags/example_sla_dag.py
[2025-11-06T07:29:29.856+0000] {logging_mixin.py:188} INFO - [2025-11-06T07:29:29.855+0000] {dag.py:3036} INFO - Sync 1 DAGs
[2025-11-06T07:29:30.161+0000] {logging_mixin.py:188} INFO - [2025-11-06T07:29:30.160+0000] {dag.py:3823} INFO - Setting next_dagrun for example_sla_dag to 2025-11-06 07:26:00+00:00, run_after=2025-11-06 07:28:00+00:00
[2025-11-06T07:29:30.362+0000] {processor.py:183} INFO - Processing /home/airflow/.local/lib/python3.8/site-packages/airflow/example_dags/example_sla_dag.py took 0.967 seconds
[2025-11-06T07:30:00.607+0000] {processor.py:161} INFO - Started process (PID=14392) to work on /home/airflow/.local/lib/python3.8/site-packages/airflow/example_dags/example_sla_dag.py
[2025-11-06T07:30:00.611+0000] {processor.py:830} INFO - Processing file /home/airflow/.local/lib/python3.8/site-packages/airflow/example_dags/example_sla_dag.py for tasks to queue
[2025-11-06T07:30:00.617+0000] {logging_mixin.py:188} INFO - [2025-11-06T07:30:00.616+0000] {dagbag.py:538} INFO - Filling up the DagBag from /home/airflow/.local/lib/python3.8/site-packages/airflow/example_dags/example_sla_dag.py
[2025-11-06T07:30:00.642+0000] {processor.py:840} INFO - DAG(s) 'example_sla_dag' retrieved from /home/airflow/.local/lib/python3.8/site-packages/airflow/example_dags/example_sla_dag.py
[2025-11-06T07:30:00.702+0000] {logging_mixin.py:188} INFO - [2025-11-06T07:30:00.702+0000] {dag.py:3036} INFO - Sync 1 DAGs
[2025-11-06T07:30:00.781+0000] {logging_mixin.py:188} INFO - [2025-11-06T07:30:00.780+0000] {dag.py:3823} INFO - Setting next_dagrun for example_sla_dag to 2025-11-06 07:28:00+00:00, run_after=2025-11-06 07:30:00+00:00
[2025-11-06T07:30:00.849+0000] {processor.py:183} INFO - Processing /home/airflow/.local/lib/python3.8/site-packages/airflow/example_dags/example_sla_dag.py took 0.254 seconds
[2025-11-06T07:30:33.007+0000] {processor.py:161} INFO - Started process (PID=14446) to work on /home/airflow/.local/lib/python3.8/site-packages/airflow/example_dags/example_sla_dag.py
[2025-11-06T07:30:33.014+0000] {processor.py:830} INFO - Processing file /home/airflow/.local/lib/python3.8/site-packages/airflow/example_dags/example_sla_dag.py for tasks to queue
[2025-11-06T07:30:33.021+0000] {logging_mixin.py:188} INFO - [2025-11-06T07:30:33.020+0000] {dagbag.py:538} INFO - Filling up the DagBag from /home/airflow/.local/lib/python3.8/site-packages/airflow/example_dags/example_sla_dag.py
[2025-11-06T07:30:33.066+0000] {processor.py:840} INFO - DAG(s) 'example_sla_dag' retrieved from /home/airflow/.local/lib/python3.8/site-packages/airflow/example_dags/example_sla_dag.py
[2025-11-06T07:30:33.145+0000] {logging_mixin.py:188} INFO - [2025-11-06T07:30:33.145+0000] {dag.py:3036} INFO - Sync 1 DAGs
[2025-11-06T07:30:33.252+0000] {logging_mixin.py:188} INFO - [2025-11-06T07:30:33.251+0000] {dag.py:3823} INFO - Setting next_dagrun for example_sla_dag to 2025-11-06 07:28:00+00:00, run_after=2025-11-06 07:30:00+00:00
[2025-11-06T07:30:33.356+0000] {processor.py:183} INFO - Processing /home/airflow/.local/lib/python3.8/site-packages/airflow/example_dags/example_sla_dag.py took 0.365 seconds
[2025-11-06T07:31:04.736+0000] {processor.py:161} INFO - Started process (PID=14504) to work on /home/airflow/.local/lib/python3.8/site-packages/airflow/example_dags/example_sla_dag.py
[2025-11-06T07:31:04.739+0000] {processor.py:830} INFO - Processing file /home/airflow/.local/lib/python3.8/site-packages/airflow/example_dags/example_sla_dag.py for tasks to queue
[2025-11-06T07:31:04.745+0000] {logging_mixin.py:188} INFO - [2025-11-06T07:31:04.744+0000] {dagbag.py:538} INFO - Filling up the DagBag from /home/airflow/.local/lib/python3.8/site-packages/airflow/example_dags/example_sla_dag.py
[2025-11-06T07:31:04.773+0000] {processor.py:840} INFO - DAG(s) 'example_sla_dag' retrieved from /home/airflow/.local/lib/python3.8/site-packages/airflow/example_dags/example_sla_dag.py
[2025-11-06T07:31:04.841+0000] {logging_mixin.py:188} INFO - [2025-11-06T07:31:04.841+0000] {dag.py:3036} INFO - Sync 1 DAGs
[2025-11-06T07:31:04.915+0000] {logging_mixin.py:188} INFO - [2025-11-06T07:31:04.915+0000] {dag.py:3823} INFO - Setting next_dagrun for example_sla_dag to 2025-11-06 07:28:00+00:00, run_after=2025-11-06 07:30:00+00:00
[2025-11-06T07:31:05.019+0000] {processor.py:183} INFO - Processing /home/airflow/.local/lib/python3.8/site-packages/airflow/example_dags/example_sla_dag.py took 0.294 seconds
[2025-11-06T07:31:37.977+0000] {processor.py:161} INFO - Started process (PID=14558) to work on /home/airflow/.local/lib/python3.8/site-packages/airflow/example_dags/example_sla_dag.py
[2025-11-06T07:31:37.991+0000] {processor.py:830} INFO - Processing file /home/airflow/.local/lib/python3.8/site-packages/airflow/example_dags/example_sla_dag.py for tasks to queue
[2025-11-06T07:31:38.011+0000] {logging_mixin.py:188} INFO - [2025-11-06T07:31:38.010+0000] {dagbag.py:538} INFO - Filling up the DagBag from /home/airflow/.local/lib/python3.8/site-packages/airflow/example_dags/example_sla_dag.py
[2025-11-06T07:31:38.065+0000] {processor.py:840} INFO - DAG(s) 'example_sla_dag' retrieved from /home/airflow/.local/lib/python3.8/site-packages/airflow/example_dags/example_sla_dag.py
[2025-11-06T07:31:38.185+0000] {logging_mixin.py:188} INFO - [2025-11-06T07:31:38.184+0000] {dag.py:3036} INFO - Sync 1 DAGs
[2025-11-06T07:31:38.359+0000] {logging_mixin.py:188} INFO - [2025-11-06T07:31:38.357+0000] {dag.py:3823} INFO - Setting next_dagrun for example_sla_dag to 2025-11-06 07:28:00+00:00, run_after=2025-11-06 07:30:00+00:00
[2025-11-06T07:31:38.564+0000] {processor.py:183} INFO - Processing /home/airflow/.local/lib/python3.8/site-packages/airflow/example_dags/example_sla_dag.py took 0.617 seconds
[2025-11-06T07:32:10.131+0000] {processor.py:161} INFO - Started process (PID=14614) to work on /home/airflow/.local/lib/python3.8/site-packages/airflow/example_dags/example_sla_dag.py
[2025-11-06T07:32:10.134+0000] {processor.py:830} INFO - Processing file /home/airflow/.local/lib/python3.8/site-packages/airflow/example_dags/example_sla_dag.py for tasks to queue
[2025-11-06T07:32:10.140+0000] {logging_mixin.py:188} INFO - [2025-11-06T07:32:10.139+0000] {dagbag.py:538} INFO - Filling up the DagBag from /home/airflow/.local/lib/python3.8/site-packages/airflow/example_dags/example_sla_dag.py
[2025-11-06T07:32:10.171+0000] {processor.py:840} INFO - DAG(s) 'example_sla_dag' retrieved from /home/airflow/.local/lib/python3.8/site-packages/airflow/example_dags/example_sla_dag.py
[2025-11-06T07:32:10.229+0000] {logging_mixin.py:188} INFO - [2025-11-06T07:32:10.229+0000] {dag.py:3036} INFO - Sync 1 DAGs
[2025-11-06T07:32:10.337+0000] {logging_mixin.py:188} INFO - [2025-11-06T07:32:10.336+0000] {dag.py:3823} INFO - Setting next_dagrun for example_sla_dag to 2025-11-06 07:30:00+00:00, run_after=2025-11-06 07:32:00+00:00
[2025-11-06T07:32:10.394+0000] {processor.py:183} INFO - Processing /home/airflow/.local/lib/python3.8/site-packages/airflow/example_dags/example_sla_dag.py took 0.277 seconds
[2025-11-06T07:32:41.133+0000] {processor.py:161} INFO - Started process (PID=14670) to work on /home/airflow/.local/lib/python3.8/site-packages/airflow/example_dags/example_sla_dag.py
[2025-11-06T07:32:41.136+0000] {processor.py:830} INFO - Processing file /home/airflow/.local/lib/python3.8/site-packages/airflow/example_dags/example_sla_dag.py for tasks to queue
[2025-11-06T07:32:41.143+0000] {logging_mixin.py:188} INFO - [2025-11-06T07:32:41.142+0000] {dagbag.py:538} INFO - Filling up the DagBag from /home/airflow/.local/lib/python3.8/site-packages/airflow/example_dags/example_sla_dag.py
[2025-11-06T07:32:41.172+0000] {processor.py:840} INFO - DAG(s) 'example_sla_dag' retrieved from /home/airflow/.local/lib/python3.8/site-packages/airflow/example_dags/example_sla_dag.py
[2025-11-06T07:32:41.235+0000] {logging_mixin.py:188} INFO - [2025-11-06T07:32:41.234+0000] {dag.py:3036} INFO - Sync 1 DAGs
[2025-11-06T07:32:41.340+0000] {logging_mixin.py:188} INFO - [2025-11-06T07:32:41.340+0000] {dag.py:3823} INFO - Setting next_dagrun for example_sla_dag to 2025-11-06 07:30:00+00:00, run_after=2025-11-06 07:32:00+00:00
[2025-11-06T07:32:41.418+0000] {processor.py:183} INFO - Processing /home/airflow/.local/lib/python3.8/site-packages/airflow/example_dags/example_sla_dag.py took 0.297 seconds
[2025-11-06T07:33:13.515+0000] {processor.py:161} INFO - Started process (PID=14732) to work on /home/airflow/.local/lib/python3.8/site-packages/airflow/example_dags/example_sla_dag.py
[2025-11-06T07:33:13.518+0000] {processor.py:830} INFO - Processing file /home/airflow/.local/lib/python3.8/site-packages/airflow/example_dags/example_sla_dag.py for tasks to queue
[2025-11-06T07:33:13.523+0000] {logging_mixin.py:188} INFO - [2025-11-06T07:33:13.523+0000] {dagbag.py:538} INFO - Filling up the DagBag from /home/airflow/.local/lib/python3.8/site-packages/airflow/example_dags/example_sla_dag.py
[2025-11-06T07:33:13.546+0000] {processor.py:840} INFO - DAG(s) 'example_sla_dag' retrieved from /home/airflow/.local/lib/python3.8/site-packages/airflow/example_dags/example_sla_dag.py
[2025-11-06T07:33:13.599+0000] {logging_mixin.py:188} INFO - [2025-11-06T07:33:13.598+0000] {dag.py:3036} INFO - Sync 1 DAGs
[2025-11-06T07:33:13.703+0000] {logging_mixin.py:188} INFO - [2025-11-06T07:33:13.703+0000] {dag.py:3823} INFO - Setting next_dagrun for example_sla_dag to 2025-11-06 07:30:00+00:00, run_after=2025-11-06 07:32:00+00:00
[2025-11-06T07:33:13.827+0000] {processor.py:183} INFO - Processing /home/airflow/.local/lib/python3.8/site-packages/airflow/example_dags/example_sla_dag.py took 0.324 seconds
[2025-11-06T07:33:44.323+0000] {processor.py:161} INFO - Started process (PID=14785) to work on /home/airflow/.local/lib/python3.8/site-packages/airflow/example_dags/example_sla_dag.py
[2025-11-06T07:33:44.334+0000] {processor.py:830} INFO - Processing file /home/airflow/.local/lib/python3.8/site-packages/airflow/example_dags/example_sla_dag.py for tasks to queue
[2025-11-06T07:33:44.340+0000] {logging_mixin.py:188} INFO - [2025-11-06T07:33:44.339+0000] {dagbag.py:538} INFO - Filling up the DagBag from /home/airflow/.local/lib/python3.8/site-packages/airflow/example_dags/example_sla_dag.py
[2025-11-06T07:33:44.389+0000] {processor.py:840} INFO - DAG(s) 'example_sla_dag' retrieved from /home/airflow/.local/lib/python3.8/site-packages/airflow/example_dags/example_sla_dag.py
[2025-11-06T07:33:44.489+0000] {logging_mixin.py:188} INFO - [2025-11-06T07:33:44.488+0000] {dag.py:3036} INFO - Sync 1 DAGs
[2025-11-06T07:33:44.719+0000] {logging_mixin.py:188} INFO - [2025-11-06T07:33:44.706+0000] {dag.py:3823} INFO - Setting next_dagrun for example_sla_dag to 2025-11-06 07:30:00+00:00, run_after=2025-11-06 07:32:00+00:00
[2025-11-06T07:33:44.845+0000] {processor.py:183} INFO - Processing /home/airflow/.local/lib/python3.8/site-packages/airflow/example_dags/example_sla_dag.py took 0.534 seconds
[2025-11-06T07:34:15.721+0000] {processor.py:161} INFO - Started process (PID=14840) to work on /home/airflow/.local/lib/python3.8/site-packages/airflow/example_dags/example_sla_dag.py
[2025-11-06T07:34:15.731+0000] {processor.py:830} INFO - Processing file /home/airflow/.local/lib/python3.8/site-packages/airflow/example_dags/example_sla_dag.py for tasks to queue
[2025-11-06T07:34:15.743+0000] {logging_mixin.py:188} INFO - [2025-11-06T07:34:15.741+0000] {dagbag.py:538} INFO - Filling up the DagBag from /home/airflow/.local/lib/python3.8/site-packages/airflow/example_dags/example_sla_dag.py
[2025-11-06T07:34:15.886+0000] {processor.py:840} INFO - DAG(s) 'example_sla_dag' retrieved from /home/airflow/.local/lib/python3.8/site-packages/airflow/example_dags/example_sla_dag.py
[2025-11-06T07:34:15.992+0000] {logging_mixin.py:188} INFO - [2025-11-06T07:34:15.991+0000] {dag.py:3036} INFO - Sync 1 DAGs
[2025-11-06T07:34:16.152+0000] {logging_mixin.py:188} INFO - [2025-11-06T07:34:16.143+0000] {dag.py:3823} INFO - Setting next_dagrun for example_sla_dag to 2025-11-06 07:32:00+00:00, run_after=2025-11-06 07:34:00+00:00
[2025-11-06T07:34:16.354+0000] {processor.py:183} INFO - Processing /home/airflow/.local/lib/python3.8/site-packages/airflow/example_dags/example_sla_dag.py took 0.661 seconds
[2025-11-06T07:34:47.213+0000] {processor.py:161} INFO - Started process (PID=14895) to work on /home/airflow/.local/lib/python3.8/site-packages/airflow/example_dags/example_sla_dag.py
[2025-11-06T07:34:47.216+0000] {processor.py:830} INFO - Processing file /home/airflow/.local/lib/python3.8/site-packages/airflow/example_dags/example_sla_dag.py for tasks to queue
[2025-11-06T07:34:47.222+0000] {logging_mixin.py:188} INFO - [2025-11-06T07:34:47.221+0000] {dagbag.py:538} INFO - Filling up the DagBag from /home/airflow/.local/lib/python3.8/site-packages/airflow/example_dags/example_sla_dag.py
[2025-11-06T07:34:47.240+0000] {processor.py:840} INFO - DAG(s) 'example_sla_dag' retrieved from /home/airflow/.local/lib/python3.8/site-packages/airflow/example_dags/example_sla_dag.py
[2025-11-06T07:34:47.277+0000] {logging_mixin.py:188} INFO - [2025-11-06T07:34:47.276+0000] {dag.py:3036} INFO - Sync 1 DAGs
[2025-11-06T07:34:47.326+0000] {logging_mixin.py:188} INFO - [2025-11-06T07:34:47.326+0000] {dag.py:3823} INFO - Setting next_dagrun for example_sla_dag to 2025-11-06 07:32:00+00:00, run_after=2025-11-06 07:34:00+00:00
[2025-11-06T07:34:47.362+0000] {processor.py:183} INFO - Processing /home/airflow/.local/lib/python3.8/site-packages/airflow/example_dags/example_sla_dag.py took 0.156 seconds
[2025-11-06T07:35:17.652+0000] {processor.py:161} INFO - Started process (PID=14950) to work on /home/airflow/.local/lib/python3.8/site-packages/airflow/example_dags/example_sla_dag.py
[2025-11-06T07:35:17.656+0000] {processor.py:830} INFO - Processing file /home/airflow/.local/lib/python3.8/site-packages/airflow/example_dags/example_sla_dag.py for tasks to queue
[2025-11-06T07:35:17.666+0000] {logging_mixin.py:188} INFO - [2025-11-06T07:35:17.665+0000] {dagbag.py:538} INFO - Filling up the DagBag from /home/airflow/.local/lib/python3.8/site-packages/airflow/example_dags/example_sla_dag.py
[2025-11-06T07:35:17.707+0000] {processor.py:840} INFO - DAG(s) 'example_sla_dag' retrieved from /home/airflow/.local/lib/python3.8/site-packages/airflow/example_dags/example_sla_dag.py
[2025-11-06T07:35:17.802+0000] {logging_mixin.py:188} INFO - [2025-11-06T07:35:17.801+0000] {dag.py:3036} INFO - Sync 1 DAGs
[2025-11-06T07:35:17.909+0000] {logging_mixin.py:188} INFO - [2025-11-06T07:35:17.908+0000] {dag.py:3823} INFO - Setting next_dagrun for example_sla_dag to 2025-11-06 07:32:00+00:00, run_after=2025-11-06 07:34:00+00:00
[2025-11-06T07:35:17.996+0000] {processor.py:183} INFO - Processing /home/airflow/.local/lib/python3.8/site-packages/airflow/example_dags/example_sla_dag.py took 0.360 seconds
[2025-11-06T07:35:48.539+0000] {processor.py:161} INFO - Started process (PID=15005) to work on /home/airflow/.local/lib/python3.8/site-packages/airflow/example_dags/example_sla_dag.py
[2025-11-06T07:35:48.542+0000] {processor.py:830} INFO - Processing file /home/airflow/.local/lib/python3.8/site-packages/airflow/example_dags/example_sla_dag.py for tasks to queue
[2025-11-06T07:35:48.548+0000] {logging_mixin.py:188} INFO - [2025-11-06T07:35:48.547+0000] {dagbag.py:538} INFO - Filling up the DagBag from /home/airflow/.local/lib/python3.8/site-packages/airflow/example_dags/example_sla_dag.py
[2025-11-06T07:35:48.573+0000] {processor.py:840} INFO - DAG(s) 'example_sla_dag' retrieved from /home/airflow/.local/lib/python3.8/site-packages/airflow/example_dags/example_sla_dag.py
[2025-11-06T07:35:48.632+0000] {logging_mixin.py:188} INFO - [2025-11-06T07:35:48.632+0000] {dag.py:3036} INFO - Sync 1 DAGs
[2025-11-06T07:35:48.781+0000] {logging_mixin.py:188} INFO - [2025-11-06T07:35:48.780+0000] {dag.py:3823} INFO - Setting next_dagrun for example_sla_dag to 2025-11-06 07:32:00+00:00, run_after=2025-11-06 07:34:00+00:00
[2025-11-06T07:35:48.920+0000] {processor.py:183} INFO - Processing /home/airflow/.local/lib/python3.8/site-packages/airflow/example_dags/example_sla_dag.py took 0.396 seconds
[2025-11-06T07:36:19.477+0000] {processor.py:161} INFO - Started process (PID=15060) to work on /home/airflow/.local/lib/python3.8/site-packages/airflow/example_dags/example_sla_dag.py
[2025-11-06T07:36:19.482+0000] {processor.py:830} INFO - Processing file /home/airflow/.local/lib/python3.8/site-packages/airflow/example_dags/example_sla_dag.py for tasks to queue
[2025-11-06T07:36:19.552+0000] {logging_mixin.py:188} INFO - [2025-11-06T07:36:19.524+0000] {dagbag.py:538} INFO - Filling up the DagBag from /home/airflow/.local/lib/python3.8/site-packages/airflow/example_dags/example_sla_dag.py
[2025-11-06T07:36:19.667+0000] {processor.py:840} INFO - DAG(s) 'example_sla_dag' retrieved from /home/airflow/.local/lib/python3.8/site-packages/airflow/example_dags/example_sla_dag.py
[2025-11-06T07:36:19.901+0000] {logging_mixin.py:188} INFO - [2025-11-06T07:36:19.890+0000] {dag.py:3036} INFO - Sync 1 DAGs
[2025-11-06T07:36:20.126+0000] {logging_mixin.py:188} INFO - [2025-11-06T07:36:20.125+0000] {dag.py:3823} INFO - Setting next_dagrun for example_sla_dag to 2025-11-06 07:34:00+00:00, run_after=2025-11-06 07:36:00+00:00
[2025-11-06T07:36:20.250+0000] {processor.py:183} INFO - Processing /home/airflow/.local/lib/python3.8/site-packages/airflow/example_dags/example_sla_dag.py took 0.834 seconds
[2025-11-06T07:36:50.678+0000] {processor.py:161} INFO - Started process (PID=15115) to work on /home/airflow/.local/lib/python3.8/site-packages/airflow/example_dags/example_sla_dag.py
[2025-11-06T07:36:50.681+0000] {processor.py:830} INFO - Processing file /home/airflow/.local/lib/python3.8/site-packages/airflow/example_dags/example_sla_dag.py for tasks to queue
[2025-11-06T07:36:50.688+0000] {logging_mixin.py:188} INFO - [2025-11-06T07:36:50.687+0000] {dagbag.py:538} INFO - Filling up the DagBag from /home/airflow/.local/lib/python3.8/site-packages/airflow/example_dags/example_sla_dag.py
[2025-11-06T07:36:50.722+0000] {processor.py:840} INFO - DAG(s) 'example_sla_dag' retrieved from /home/airflow/.local/lib/python3.8/site-packages/airflow/example_dags/example_sla_dag.py
[2025-11-06T07:36:50.793+0000] {logging_mixin.py:188} INFO - [2025-11-06T07:36:50.792+0000] {dag.py:3036} INFO - Sync 1 DAGs
[2025-11-06T07:36:50.911+0000] {logging_mixin.py:188} INFO - [2025-11-06T07:36:50.911+0000] {dag.py:3823} INFO - Setting next_dagrun for example_sla_dag to 2025-11-06 07:34:00+00:00, run_after=2025-11-06 07:36:00+00:00
[2025-11-06T07:36:50.990+0000] {processor.py:183} INFO - Processing /home/airflow/.local/lib/python3.8/site-packages/airflow/example_dags/example_sla_dag.py took 0.324 seconds
[2025-11-06T07:37:21.290+0000] {processor.py:161} INFO - Started process (PID=15169) to work on /home/airflow/.local/lib/python3.8/site-packages/airflow/example_dags/example_sla_dag.py
[2025-11-06T07:37:21.292+0000] {processor.py:830} INFO - Processing file /home/airflow/.local/lib/python3.8/site-packages/airflow/example_dags/example_sla_dag.py for tasks to queue
[2025-11-06T07:37:21.295+0000] {logging_mixin.py:188} INFO - [2025-11-06T07:37:21.295+0000] {dagbag.py:538} INFO - Filling up the DagBag from /home/airflow/.local/lib/python3.8/site-packages/airflow/example_dags/example_sla_dag.py
[2025-11-06T07:37:21.309+0000] {processor.py:840} INFO - DAG(s) 'example_sla_dag' retrieved from /home/airflow/.local/lib/python3.8/site-packages/airflow/example_dags/example_sla_dag.py
[2025-11-06T07:37:21.342+0000] {logging_mixin.py:188} INFO - [2025-11-06T07:37:21.342+0000] {dag.py:3036} INFO - Sync 1 DAGs
[2025-11-06T07:37:21.381+0000] {logging_mixin.py:188} INFO - [2025-11-06T07:37:21.381+0000] {dag.py:3823} INFO - Setting next_dagrun for example_sla_dag to 2025-11-06 07:34:00+00:00, run_after=2025-11-06 07:36:00+00:00
[2025-11-06T07:37:21.413+0000] {processor.py:183} INFO - Processing /home/airflow/.local/lib/python3.8/site-packages/airflow/example_dags/example_sla_dag.py took 0.128 seconds
[2025-11-06T07:37:51.871+0000] {processor.py:161} INFO - Started process (PID=15224) to work on /home/airflow/.local/lib/python3.8/site-packages/airflow/example_dags/example_sla_dag.py
[2025-11-06T07:37:51.872+0000] {processor.py:830} INFO - Processing file /home/airflow/.local/lib/python3.8/site-packages/airflow/example_dags/example_sla_dag.py for tasks to queue
[2025-11-06T07:37:51.875+0000] {logging_mixin.py:188} INFO - [2025-11-06T07:37:51.874+0000] {dagbag.py:538} INFO - Filling up the DagBag from /home/airflow/.local/lib/python3.8/site-packages/airflow/example_dags/example_sla_dag.py
[2025-11-06T07:37:51.891+0000] {processor.py:840} INFO - DAG(s) 'example_sla_dag' retrieved from /home/airflow/.local/lib/python3.8/site-packages/airflow/example_dags/example_sla_dag.py
[2025-11-06T07:37:51.921+0000] {logging_mixin.py:188} INFO - [2025-11-06T07:37:51.921+0000] {dag.py:3036} INFO - Sync 1 DAGs
[2025-11-06T07:37:51.954+0000] {logging_mixin.py:188} INFO - [2025-11-06T07:37:51.954+0000] {dag.py:3823} INFO - Setting next_dagrun for example_sla_dag to 2025-11-06 07:34:00+00:00, run_after=2025-11-06 07:36:00+00:00
[2025-11-06T07:37:51.989+0000] {processor.py:183} INFO - Processing /home/airflow/.local/lib/python3.8/site-packages/airflow/example_dags/example_sla_dag.py took 0.123 seconds
[2025-11-06T07:38:22.323+0000] {processor.py:161} INFO - Started process (PID=15279) to work on /home/airflow/.local/lib/python3.8/site-packages/airflow/example_dags/example_sla_dag.py
[2025-11-06T07:38:22.325+0000] {processor.py:830} INFO - Processing file /home/airflow/.local/lib/python3.8/site-packages/airflow/example_dags/example_sla_dag.py for tasks to queue
[2025-11-06T07:38:22.329+0000] {logging_mixin.py:188} INFO - [2025-11-06T07:38:22.328+0000] {dagbag.py:538} INFO - Filling up the DagBag from /home/airflow/.local/lib/python3.8/site-packages/airflow/example_dags/example_sla_dag.py
[2025-11-06T07:38:22.348+0000] {processor.py:840} INFO - DAG(s) 'example_sla_dag' retrieved from /home/airflow/.local/lib/python3.8/site-packages/airflow/example_dags/example_sla_dag.py
[2025-11-06T07:38:22.408+0000] {logging_mixin.py:188} INFO - [2025-11-06T07:38:22.408+0000] {dag.py:3036} INFO - Sync 1 DAGs
[2025-11-06T07:38:22.458+0000] {logging_mixin.py:188} INFO - [2025-11-06T07:38:22.458+0000] {dag.py:3823} INFO - Setting next_dagrun for example_sla_dag to 2025-11-06 07:36:00+00:00, run_after=2025-11-06 07:38:00+00:00
[2025-11-06T07:38:22.505+0000] {processor.py:183} INFO - Processing /home/airflow/.local/lib/python3.8/site-packages/airflow/example_dags/example_sla_dag.py took 0.191 seconds
[2025-11-06T07:38:52.801+0000] {processor.py:161} INFO - Started process (PID=15334) to work on /home/airflow/.local/lib/python3.8/site-packages/airflow/example_dags/example_sla_dag.py
[2025-11-06T07:38:52.803+0000] {processor.py:830} INFO - Processing file /home/airflow/.local/lib/python3.8/site-packages/airflow/example_dags/example_sla_dag.py for tasks to queue
[2025-11-06T07:38:52.807+0000] {logging_mixin.py:188} INFO - [2025-11-06T07:38:52.807+0000] {dagbag.py:538} INFO - Filling up the DagBag from /home/airflow/.local/lib/python3.8/site-packages/airflow/example_dags/example_sla_dag.py
[2025-11-06T07:38:52.830+0000] {processor.py:840} INFO - DAG(s) 'example_sla_dag' retrieved from /home/airflow/.local/lib/python3.8/site-packages/airflow/example_dags/example_sla_dag.py
[2025-11-06T07:38:52.872+0000] {logging_mixin.py:188} INFO - [2025-11-06T07:38:52.872+0000] {dag.py:3036} INFO - Sync 1 DAGs
[2025-11-06T07:38:52.918+0000] {logging_mixin.py:188} INFO - [2025-11-06T07:38:52.917+0000] {dag.py:3823} INFO - Setting next_dagrun for example_sla_dag to 2025-11-06 07:36:00+00:00, run_after=2025-11-06 07:38:00+00:00
[2025-11-06T07:38:52.971+0000] {processor.py:183} INFO - Processing /home/airflow/.local/lib/python3.8/site-packages/airflow/example_dags/example_sla_dag.py took 0.179 seconds
[2025-11-06T07:39:23.340+0000] {processor.py:161} INFO - Started process (PID=15389) to work on /home/airflow/.local/lib/python3.8/site-packages/airflow/example_dags/example_sla_dag.py
[2025-11-06T07:39:23.346+0000] {processor.py:830} INFO - Processing file /home/airflow/.local/lib/python3.8/site-packages/airflow/example_dags/example_sla_dag.py for tasks to queue
[2025-11-06T07:39:23.358+0000] {logging_mixin.py:188} INFO - [2025-11-06T07:39:23.352+0000] {dagbag.py:538} INFO - Filling up the DagBag from /home/airflow/.local/lib/python3.8/site-packages/airflow/example_dags/example_sla_dag.py
[2025-11-06T07:39:23.385+0000] {processor.py:840} INFO - DAG(s) 'example_sla_dag' retrieved from /home/airflow/.local/lib/python3.8/site-packages/airflow/example_dags/example_sla_dag.py
[2025-11-06T07:39:23.443+0000] {logging_mixin.py:188} INFO - [2025-11-06T07:39:23.442+0000] {dag.py:3036} INFO - Sync 1 DAGs
[2025-11-06T07:39:23.516+0000] {logging_mixin.py:188} INFO - [2025-11-06T07:39:23.516+0000] {dag.py:3823} INFO - Setting next_dagrun for example_sla_dag to 2025-11-06 07:36:00+00:00, run_after=2025-11-06 07:38:00+00:00
[2025-11-06T07:39:23.574+0000] {processor.py:183} INFO - Processing /home/airflow/.local/lib/python3.8/site-packages/airflow/example_dags/example_sla_dag.py took 0.244 seconds
[2025-11-06T07:39:56.181+0000] {processor.py:161} INFO - Started process (PID=15443) to work on /home/airflow/.local/lib/python3.8/site-packages/airflow/example_dags/example_sla_dag.py
[2025-11-06T07:39:56.186+0000] {processor.py:830} INFO - Processing file /home/airflow/.local/lib/python3.8/site-packages/airflow/example_dags/example_sla_dag.py for tasks to queue
[2025-11-06T07:39:56.207+0000] {logging_mixin.py:188} INFO - [2025-11-06T07:39:56.206+0000] {dagbag.py:538} INFO - Filling up the DagBag from /home/airflow/.local/lib/python3.8/site-packages/airflow/example_dags/example_sla_dag.py
[2025-11-06T07:39:56.262+0000] {processor.py:840} INFO - DAG(s) 'example_sla_dag' retrieved from /home/airflow/.local/lib/python3.8/site-packages/airflow/example_dags/example_sla_dag.py
[2025-11-06T07:39:56.366+0000] {logging_mixin.py:188} INFO - [2025-11-06T07:39:56.366+0000] {dag.py:3036} INFO - Sync 1 DAGs
[2025-11-06T07:39:56.544+0000] {logging_mixin.py:188} INFO - [2025-11-06T07:39:56.542+0000] {dag.py:3823} INFO - Setting next_dagrun for example_sla_dag to 2025-11-06 07:36:00+00:00, run_after=2025-11-06 07:38:00+00:00
[2025-11-06T07:39:56.661+0000] {processor.py:183} INFO - Processing /home/airflow/.local/lib/python3.8/site-packages/airflow/example_dags/example_sla_dag.py took 0.495 seconds
[2025-11-06T07:40:26.925+0000] {processor.py:161} INFO - Started process (PID=15499) to work on /home/airflow/.local/lib/python3.8/site-packages/airflow/example_dags/example_sla_dag.py
[2025-11-06T07:40:26.928+0000] {processor.py:830} INFO - Processing file /home/airflow/.local/lib/python3.8/site-packages/airflow/example_dags/example_sla_dag.py for tasks to queue
[2025-11-06T07:40:26.934+0000] {logging_mixin.py:188} INFO - [2025-11-06T07:40:26.933+0000] {dagbag.py:538} INFO - Filling up the DagBag from /home/airflow/.local/lib/python3.8/site-packages/airflow/example_dags/example_sla_dag.py
[2025-11-06T07:40:26.960+0000] {processor.py:840} INFO - DAG(s) 'example_sla_dag' retrieved from /home/airflow/.local/lib/python3.8/site-packages/airflow/example_dags/example_sla_dag.py
[2025-11-06T07:40:27.021+0000] {logging_mixin.py:188} INFO - [2025-11-06T07:40:27.020+0000] {dag.py:3036} INFO - Sync 1 DAGs
[2025-11-06T07:40:27.115+0000] {logging_mixin.py:188} INFO - [2025-11-06T07:40:27.114+0000] {dag.py:3823} INFO - Setting next_dagrun for example_sla_dag to 2025-11-06 07:38:00+00:00, run_after=2025-11-06 07:40:00+00:00
[2025-11-06T07:40:27.185+0000] {processor.py:183} INFO - Processing /home/airflow/.local/lib/python3.8/site-packages/airflow/example_dags/example_sla_dag.py took 0.273 seconds
[2025-11-06T07:40:59.034+0000] {processor.py:161} INFO - Started process (PID=15554) to work on /home/airflow/.local/lib/python3.8/site-packages/airflow/example_dags/example_sla_dag.py
[2025-11-06T07:40:59.038+0000] {processor.py:830} INFO - Processing file /home/airflow/.local/lib/python3.8/site-packages/airflow/example_dags/example_sla_dag.py for tasks to queue
[2025-11-06T07:40:59.044+0000] {logging_mixin.py:188} INFO - [2025-11-06T07:40:59.043+0000] {dagbag.py:538} INFO - Filling up the DagBag from /home/airflow/.local/lib/python3.8/site-packages/airflow/example_dags/example_sla_dag.py
[2025-11-06T07:40:59.085+0000] {processor.py:840} INFO - DAG(s) 'example_sla_dag' retrieved from /home/airflow/.local/lib/python3.8/site-packages/airflow/example_dags/example_sla_dag.py
[2025-11-06T07:40:59.165+0000] {logging_mixin.py:188} INFO - [2025-11-06T07:40:59.165+0000] {dag.py:3036} INFO - Sync 1 DAGs
[2025-11-06T07:40:59.268+0000] {logging_mixin.py:188} INFO - [2025-11-06T07:40:59.267+0000] {dag.py:3823} INFO - Setting next_dagrun for example_sla_dag to 2025-11-06 07:38:00+00:00, run_after=2025-11-06 07:40:00+00:00
[2025-11-06T07:40:59.357+0000] {processor.py:183} INFO - Processing /home/airflow/.local/lib/python3.8/site-packages/airflow/example_dags/example_sla_dag.py took 0.361 seconds
[2025-11-06T07:41:30.651+0000] {processor.py:161} INFO - Started process (PID=15610) to work on /home/airflow/.local/lib/python3.8/site-packages/airflow/example_dags/example_sla_dag.py
[2025-11-06T07:41:30.656+0000] {processor.py:830} INFO - Processing file /home/airflow/.local/lib/python3.8/site-packages/airflow/example_dags/example_sla_dag.py for tasks to queue
[2025-11-06T07:41:30.662+0000] {logging_mixin.py:188} INFO - [2025-11-06T07:41:30.661+0000] {dagbag.py:538} INFO - Filling up the DagBag from /home/airflow/.local/lib/python3.8/site-packages/airflow/example_dags/example_sla_dag.py
[2025-11-06T07:41:30.712+0000] {processor.py:840} INFO - DAG(s) 'example_sla_dag' retrieved from /home/airflow/.local/lib/python3.8/site-packages/airflow/example_dags/example_sla_dag.py
[2025-11-06T07:41:30.782+0000] {logging_mixin.py:188} INFO - [2025-11-06T07:41:30.782+0000] {dag.py:3036} INFO - Sync 1 DAGs
[2025-11-06T07:41:30.845+0000] {logging_mixin.py:188} INFO - [2025-11-06T07:41:30.844+0000] {dag.py:3823} INFO - Setting next_dagrun for example_sla_dag to 2025-11-06 07:38:00+00:00, run_after=2025-11-06 07:40:00+00:00
[2025-11-06T07:41:30.901+0000] {processor.py:183} INFO - Processing /home/airflow/.local/lib/python3.8/site-packages/airflow/example_dags/example_sla_dag.py took 0.266 seconds
[2025-11-06T07:42:02.961+0000] {processor.py:161} INFO - Started process (PID=15666) to work on /home/airflow/.local/lib/python3.8/site-packages/airflow/example_dags/example_sla_dag.py
[2025-11-06T07:42:02.964+0000] {processor.py:830} INFO - Processing file /home/airflow/.local/lib/python3.8/site-packages/airflow/example_dags/example_sla_dag.py for tasks to queue
[2025-11-06T07:42:02.969+0000] {logging_mixin.py:188} INFO - [2025-11-06T07:42:02.969+0000] {dagbag.py:538} INFO - Filling up the DagBag from /home/airflow/.local/lib/python3.8/site-packages/airflow/example_dags/example_sla_dag.py
[2025-11-06T07:42:02.993+0000] {processor.py:840} INFO - DAG(s) 'example_sla_dag' retrieved from /home/airflow/.local/lib/python3.8/site-packages/airflow/example_dags/example_sla_dag.py
[2025-11-06T07:42:03.036+0000] {logging_mixin.py:188} INFO - [2025-11-06T07:42:03.035+0000] {dag.py:3036} INFO - Sync 1 DAGs
[2025-11-06T07:42:03.094+0000] {logging_mixin.py:188} INFO - [2025-11-06T07:42:03.093+0000] {dag.py:3823} INFO - Setting next_dagrun for example_sla_dag to 2025-11-06 07:40:00+00:00, run_after=2025-11-06 07:42:00+00:00
[2025-11-06T07:42:03.145+0000] {processor.py:183} INFO - Processing /home/airflow/.local/lib/python3.8/site-packages/airflow/example_dags/example_sla_dag.py took 0.194 seconds
[2025-11-06T07:42:33.349+0000] {processor.py:161} INFO - Started process (PID=15719) to work on /home/airflow/.local/lib/python3.8/site-packages/airflow/example_dags/example_sla_dag.py
[2025-11-06T07:42:33.352+0000] {processor.py:830} INFO - Processing file /home/airflow/.local/lib/python3.8/site-packages/airflow/example_dags/example_sla_dag.py for tasks to queue
[2025-11-06T07:42:33.358+0000] {logging_mixin.py:188} INFO - [2025-11-06T07:42:33.357+0000] {dagbag.py:538} INFO - Filling up the DagBag from /home/airflow/.local/lib/python3.8/site-packages/airflow/example_dags/example_sla_dag.py
[2025-11-06T07:42:33.384+0000] {processor.py:840} INFO - DAG(s) 'example_sla_dag' retrieved from /home/airflow/.local/lib/python3.8/site-packages/airflow/example_dags/example_sla_dag.py
[2025-11-06T07:42:33.433+0000] {logging_mixin.py:188} INFO - [2025-11-06T07:42:33.433+0000] {dag.py:3036} INFO - Sync 1 DAGs
[2025-11-06T07:42:33.495+0000] {logging_mixin.py:188} INFO - [2025-11-06T07:42:33.494+0000] {dag.py:3823} INFO - Setting next_dagrun for example_sla_dag to 2025-11-06 07:40:00+00:00, run_after=2025-11-06 07:42:00+00:00
[2025-11-06T07:42:33.572+0000] {processor.py:183} INFO - Processing /home/airflow/.local/lib/python3.8/site-packages/airflow/example_dags/example_sla_dag.py took 0.234 seconds
[2025-11-06T07:43:07.688+0000] {processor.py:161} INFO - Started process (PID=15775) to work on /home/airflow/.local/lib/python3.8/site-packages/airflow/example_dags/example_sla_dag.py
[2025-11-06T07:43:07.703+0000] {processor.py:830} INFO - Processing file /home/airflow/.local/lib/python3.8/site-packages/airflow/example_dags/example_sla_dag.py for tasks to queue
[2025-11-06T07:43:07.711+0000] {logging_mixin.py:188} INFO - [2025-11-06T07:43:07.710+0000] {dagbag.py:538} INFO - Filling up the DagBag from /home/airflow/.local/lib/python3.8/site-packages/airflow/example_dags/example_sla_dag.py
[2025-11-06T07:43:07.768+0000] {processor.py:840} INFO - DAG(s) 'example_sla_dag' retrieved from /home/airflow/.local/lib/python3.8/site-packages/airflow/example_dags/example_sla_dag.py
[2025-11-06T07:43:07.880+0000] {logging_mixin.py:188} INFO - [2025-11-06T07:43:07.878+0000] {dag.py:3036} INFO - Sync 1 DAGs
[2025-11-06T07:43:08.025+0000] {logging_mixin.py:188} INFO - [2025-11-06T07:43:08.024+0000] {dag.py:3823} INFO - Setting next_dagrun for example_sla_dag to 2025-11-06 07:40:00+00:00, run_after=2025-11-06 07:42:00+00:00
[2025-11-06T07:43:08.129+0000] {processor.py:183} INFO - Processing /home/airflow/.local/lib/python3.8/site-packages/airflow/example_dags/example_sla_dag.py took 0.464 seconds
[2025-11-06T07:43:38.338+0000] {processor.py:161} INFO - Started process (PID=15830) to work on /home/airflow/.local/lib/python3.8/site-packages/airflow/example_dags/example_sla_dag.py
[2025-11-06T07:43:38.340+0000] {processor.py:830} INFO - Processing file /home/airflow/.local/lib/python3.8/site-packages/airflow/example_dags/example_sla_dag.py for tasks to queue
[2025-11-06T07:43:38.343+0000] {logging_mixin.py:188} INFO - [2025-11-06T07:43:38.343+0000] {dagbag.py:538} INFO - Filling up the DagBag from /home/airflow/.local/lib/python3.8/site-packages/airflow/example_dags/example_sla_dag.py
[2025-11-06T07:43:38.357+0000] {processor.py:840} INFO - DAG(s) 'example_sla_dag' retrieved from /home/airflow/.local/lib/python3.8/site-packages/airflow/example_dags/example_sla_dag.py
[2025-11-06T07:43:38.389+0000] {logging_mixin.py:188} INFO - [2025-11-06T07:43:38.388+0000] {dag.py:3036} INFO - Sync 1 DAGs
[2025-11-06T07:43:38.426+0000] {logging_mixin.py:188} INFO - [2025-11-06T07:43:38.425+0000] {dag.py:3823} INFO - Setting next_dagrun for example_sla_dag to 2025-11-06 07:40:00+00:00, run_after=2025-11-06 07:42:00+00:00
[2025-11-06T07:43:38.455+0000] {processor.py:183} INFO - Processing /home/airflow/.local/lib/python3.8/site-packages/airflow/example_dags/example_sla_dag.py took 0.123 seconds
[2025-11-06T07:44:08.899+0000] {processor.py:161} INFO - Started process (PID=15885) to work on /home/airflow/.local/lib/python3.8/site-packages/airflow/example_dags/example_sla_dag.py
[2025-11-06T07:44:08.901+0000] {processor.py:830} INFO - Processing file /home/airflow/.local/lib/python3.8/site-packages/airflow/example_dags/example_sla_dag.py for tasks to queue
[2025-11-06T07:44:08.904+0000] {logging_mixin.py:188} INFO - [2025-11-06T07:44:08.904+0000] {dagbag.py:538} INFO - Filling up the DagBag from /home/airflow/.local/lib/python3.8/site-packages/airflow/example_dags/example_sla_dag.py
[2025-11-06T07:44:08.918+0000] {processor.py:840} INFO - DAG(s) 'example_sla_dag' retrieved from /home/airflow/.local/lib/python3.8/site-packages/airflow/example_dags/example_sla_dag.py
[2025-11-06T07:44:08.950+0000] {logging_mixin.py:188} INFO - [2025-11-06T07:44:08.950+0000] {dag.py:3036} INFO - Sync 1 DAGs
[2025-11-06T07:44:08.987+0000] {logging_mixin.py:188} INFO - [2025-11-06T07:44:08.986+0000] {dag.py:3823} INFO - Setting next_dagrun for example_sla_dag to 2025-11-06 07:42:00+00:00, run_after=2025-11-06 07:44:00+00:00
[2025-11-06T07:44:09.020+0000] {processor.py:183} INFO - Processing /home/airflow/.local/lib/python3.8/site-packages/airflow/example_dags/example_sla_dag.py took 0.126 seconds
[2025-11-06T07:44:40.564+0000] {processor.py:161} INFO - Started process (PID=15940) to work on /home/airflow/.local/lib/python3.8/site-packages/airflow/example_dags/example_sla_dag.py
[2025-11-06T07:44:40.566+0000] {processor.py:830} INFO - Processing file /home/airflow/.local/lib/python3.8/site-packages/airflow/example_dags/example_sla_dag.py for tasks to queue
[2025-11-06T07:44:40.569+0000] {logging_mixin.py:188} INFO - [2025-11-06T07:44:40.568+0000] {dagbag.py:538} INFO - Filling up the DagBag from /home/airflow/.local/lib/python3.8/site-packages/airflow/example_dags/example_sla_dag.py
[2025-11-06T07:44:40.581+0000] {processor.py:840} INFO - DAG(s) 'example_sla_dag' retrieved from /home/airflow/.local/lib/python3.8/site-packages/airflow/example_dags/example_sla_dag.py
[2025-11-06T07:44:40.615+0000] {logging_mixin.py:188} INFO - [2025-11-06T07:44:40.614+0000] {dag.py:3036} INFO - Sync 1 DAGs
[2025-11-06T07:44:40.650+0000] {logging_mixin.py:188} INFO - [2025-11-06T07:44:40.650+0000] {dag.py:3823} INFO - Setting next_dagrun for example_sla_dag to 2025-11-06 07:42:00+00:00, run_after=2025-11-06 07:44:00+00:00
[2025-11-06T07:44:40.687+0000] {processor.py:183} INFO - Processing /home/airflow/.local/lib/python3.8/site-packages/airflow/example_dags/example_sla_dag.py took 0.128 seconds
[2025-11-06T07:45:11.418+0000] {processor.py:161} INFO - Started process (PID=15995) to work on /home/airflow/.local/lib/python3.8/site-packages/airflow/example_dags/example_sla_dag.py
[2025-11-06T07:45:11.425+0000] {processor.py:830} INFO - Processing file /home/airflow/.local/lib/python3.8/site-packages/airflow/example_dags/example_sla_dag.py for tasks to queue
[2025-11-06T07:45:11.430+0000] {logging_mixin.py:188} INFO - [2025-11-06T07:45:11.429+0000] {dagbag.py:538} INFO - Filling up the DagBag from /home/airflow/.local/lib/python3.8/site-packages/airflow/example_dags/example_sla_dag.py
[2025-11-06T07:45:11.467+0000] {processor.py:840} INFO - DAG(s) 'example_sla_dag' retrieved from /home/airflow/.local/lib/python3.8/site-packages/airflow/example_dags/example_sla_dag.py
[2025-11-06T07:45:11.528+0000] {logging_mixin.py:188} INFO - [2025-11-06T07:45:11.528+0000] {dag.py:3036} INFO - Sync 1 DAGs
[2025-11-06T07:45:11.639+0000] {logging_mixin.py:188} INFO - [2025-11-06T07:45:11.639+0000] {dag.py:3823} INFO - Setting next_dagrun for example_sla_dag to 2025-11-06 07:42:00+00:00, run_after=2025-11-06 07:44:00+00:00
[2025-11-06T07:45:11.711+0000] {processor.py:183} INFO - Processing /home/airflow/.local/lib/python3.8/site-packages/airflow/example_dags/example_sla_dag.py took 0.304 seconds
[2025-11-06T07:45:49.846+0000] {processor.py:161} INFO - Started process (PID=16048) to work on /home/airflow/.local/lib/python3.8/site-packages/airflow/example_dags/example_sla_dag.py
[2025-11-06T07:45:49.859+0000] {processor.py:830} INFO - Processing file /home/airflow/.local/lib/python3.8/site-packages/airflow/example_dags/example_sla_dag.py for tasks to queue
[2025-11-06T07:45:49.922+0000] {logging_mixin.py:188} INFO - [2025-11-06T07:45:49.907+0000] {dagbag.py:538} INFO - Filling up the DagBag from /home/airflow/.local/lib/python3.8/site-packages/airflow/example_dags/example_sla_dag.py
[2025-11-06T07:45:50.033+0000] {processor.py:840} INFO - DAG(s) 'example_sla_dag' retrieved from /home/airflow/.local/lib/python3.8/site-packages/airflow/example_dags/example_sla_dag.py
[2025-11-06T07:45:50.282+0000] {logging_mixin.py:188} INFO - [2025-11-06T07:45:50.282+0000] {dag.py:3036} INFO - Sync 1 DAGs
[2025-11-06T07:45:50.651+0000] {logging_mixin.py:188} INFO - [2025-11-06T07:45:50.650+0000] {dag.py:3823} INFO - Setting next_dagrun for example_sla_dag to 2025-11-06 07:42:00+00:00, run_after=2025-11-06 07:44:00+00:00
[2025-11-06T07:45:50.934+0000] {processor.py:183} INFO - Processing /home/airflow/.local/lib/python3.8/site-packages/airflow/example_dags/example_sla_dag.py took 1.160 seconds
[2025-11-06T07:46:21.291+0000] {processor.py:161} INFO - Started process (PID=16110) to work on /home/airflow/.local/lib/python3.8/site-packages/airflow/example_dags/example_sla_dag.py
[2025-11-06T07:46:21.345+0000] {processor.py:830} INFO - Processing file /home/airflow/.local/lib/python3.8/site-packages/airflow/example_dags/example_sla_dag.py for tasks to queue
[2025-11-06T07:46:21.376+0000] {logging_mixin.py:188} INFO - [2025-11-06T07:46:21.365+0000] {dagbag.py:538} INFO - Filling up the DagBag from /home/airflow/.local/lib/python3.8/site-packages/airflow/example_dags/example_sla_dag.py
[2025-11-06T07:46:21.498+0000] {processor.py:840} INFO - DAG(s) 'example_sla_dag' retrieved from /home/airflow/.local/lib/python3.8/site-packages/airflow/example_dags/example_sla_dag.py
[2025-11-06T07:46:21.710+0000] {logging_mixin.py:188} INFO - [2025-11-06T07:46:21.709+0000] {dag.py:3036} INFO - Sync 1 DAGs
[2025-11-06T07:46:22.117+0000] {logging_mixin.py:188} INFO - [2025-11-06T07:46:22.114+0000] {dag.py:3823} INFO - Setting next_dagrun for example_sla_dag to 2025-11-06 07:44:00+00:00, run_after=2025-11-06 07:46:00+00:00
[2025-11-06T07:46:22.238+0000] {processor.py:183} INFO - Processing /home/airflow/.local/lib/python3.8/site-packages/airflow/example_dags/example_sla_dag.py took 0.983 seconds
[2025-11-06T07:46:53.023+0000] {processor.py:161} INFO - Started process (PID=16165) to work on /home/airflow/.local/lib/python3.8/site-packages/airflow/example_dags/example_sla_dag.py
[2025-11-06T07:46:53.031+0000] {processor.py:830} INFO - Processing file /home/airflow/.local/lib/python3.8/site-packages/airflow/example_dags/example_sla_dag.py for tasks to queue
[2025-11-06T07:46:53.038+0000] {logging_mixin.py:188} INFO - [2025-11-06T07:46:53.037+0000] {dagbag.py:538} INFO - Filling up the DagBag from /home/airflow/.local/lib/python3.8/site-packages/airflow/example_dags/example_sla_dag.py
[2025-11-06T07:46:53.081+0000] {processor.py:840} INFO - DAG(s) 'example_sla_dag' retrieved from /home/airflow/.local/lib/python3.8/site-packages/airflow/example_dags/example_sla_dag.py
[2025-11-06T07:46:53.196+0000] {logging_mixin.py:188} INFO - [2025-11-06T07:46:53.196+0000] {dag.py:3036} INFO - Sync 1 DAGs
[2025-11-06T07:46:53.425+0000] {logging_mixin.py:188} INFO - [2025-11-06T07:46:53.424+0000] {dag.py:3823} INFO - Setting next_dagrun for example_sla_dag to 2025-11-06 07:44:00+00:00, run_after=2025-11-06 07:46:00+00:00
[2025-11-06T07:46:53.665+0000] {processor.py:183} INFO - Processing /home/airflow/.local/lib/python3.8/site-packages/airflow/example_dags/example_sla_dag.py took 0.654 seconds
[2025-11-06T07:47:23.940+0000] {processor.py:161} INFO - Started process (PID=16220) to work on /home/airflow/.local/lib/python3.8/site-packages/airflow/example_dags/example_sla_dag.py
[2025-11-06T07:47:23.942+0000] {processor.py:830} INFO - Processing file /home/airflow/.local/lib/python3.8/site-packages/airflow/example_dags/example_sla_dag.py for tasks to queue
[2025-11-06T07:47:23.946+0000] {logging_mixin.py:188} INFO - [2025-11-06T07:47:23.946+0000] {dagbag.py:538} INFO - Filling up the DagBag from /home/airflow/.local/lib/python3.8/site-packages/airflow/example_dags/example_sla_dag.py
[2025-11-06T07:47:23.970+0000] {processor.py:840} INFO - DAG(s) 'example_sla_dag' retrieved from /home/airflow/.local/lib/python3.8/site-packages/airflow/example_dags/example_sla_dag.py
[2025-11-06T07:47:24.025+0000] {logging_mixin.py:188} INFO - [2025-11-06T07:47:24.024+0000] {dag.py:3036} INFO - Sync 1 DAGs
[2025-11-06T07:47:24.103+0000] {logging_mixin.py:188} INFO - [2025-11-06T07:47:24.102+0000] {dag.py:3823} INFO - Setting next_dagrun for example_sla_dag to 2025-11-06 07:44:00+00:00, run_after=2025-11-06 07:46:00+00:00
[2025-11-06T07:47:24.154+0000] {processor.py:183} INFO - Processing /home/airflow/.local/lib/python3.8/site-packages/airflow/example_dags/example_sla_dag.py took 0.222 seconds
[2025-11-06T07:47:55.217+0000] {processor.py:161} INFO - Started process (PID=16275) to work on /home/airflow/.local/lib/python3.8/site-packages/airflow/example_dags/example_sla_dag.py
[2025-11-06T07:47:55.219+0000] {processor.py:830} INFO - Processing file /home/airflow/.local/lib/python3.8/site-packages/airflow/example_dags/example_sla_dag.py for tasks to queue
[2025-11-06T07:47:55.227+0000] {logging_mixin.py:188} INFO - [2025-11-06T07:47:55.226+0000] {dagbag.py:538} INFO - Filling up the DagBag from /home/airflow/.local/lib/python3.8/site-packages/airflow/example_dags/example_sla_dag.py
[2025-11-06T07:47:55.256+0000] {processor.py:840} INFO - DAG(s) 'example_sla_dag' retrieved from /home/airflow/.local/lib/python3.8/site-packages/airflow/example_dags/example_sla_dag.py
[2025-11-06T07:47:55.342+0000] {logging_mixin.py:188} INFO - [2025-11-06T07:47:55.341+0000] {dag.py:3036} INFO - Sync 1 DAGs
[2025-11-06T07:47:55.521+0000] {logging_mixin.py:188} INFO - [2025-11-06T07:47:55.521+0000] {dag.py:3823} INFO - Setting next_dagrun for example_sla_dag to 2025-11-06 07:44:00+00:00, run_after=2025-11-06 07:46:00+00:00
[2025-11-06T07:47:55.980+0000] {processor.py:183} INFO - Processing /home/airflow/.local/lib/python3.8/site-packages/airflow/example_dags/example_sla_dag.py took 0.772 seconds
[2025-11-06T07:48:27.009+0000] {processor.py:161} INFO - Started process (PID=16331) to work on /home/airflow/.local/lib/python3.8/site-packages/airflow/example_dags/example_sla_dag.py
[2025-11-06T07:48:27.029+0000] {processor.py:830} INFO - Processing file /home/airflow/.local/lib/python3.8/site-packages/airflow/example_dags/example_sla_dag.py for tasks to queue
[2025-11-06T07:48:27.036+0000] {logging_mixin.py:188} INFO - [2025-11-06T07:48:27.035+0000] {dagbag.py:538} INFO - Filling up the DagBag from /home/airflow/.local/lib/python3.8/site-packages/airflow/example_dags/example_sla_dag.py
[2025-11-06T07:48:27.128+0000] {processor.py:840} INFO - DAG(s) 'example_sla_dag' retrieved from /home/airflow/.local/lib/python3.8/site-packages/airflow/example_dags/example_sla_dag.py
[2025-11-06T07:48:27.295+0000] {logging_mixin.py:188} INFO - [2025-11-06T07:48:27.294+0000] {dag.py:3036} INFO - Sync 1 DAGs
[2025-11-06T07:48:27.449+0000] {logging_mixin.py:188} INFO - [2025-11-06T07:48:27.448+0000] {dag.py:3823} INFO - Setting next_dagrun for example_sla_dag to 2025-11-06 07:46:00+00:00, run_after=2025-11-06 07:48:00+00:00
[2025-11-06T07:48:27.901+0000] {processor.py:183} INFO - Processing /home/airflow/.local/lib/python3.8/site-packages/airflow/example_dags/example_sla_dag.py took 0.925 seconds
[2025-11-06T07:48:58.326+0000] {processor.py:161} INFO - Started process (PID=16386) to work on /home/airflow/.local/lib/python3.8/site-packages/airflow/example_dags/example_sla_dag.py
[2025-11-06T07:48:58.330+0000] {processor.py:830} INFO - Processing file /home/airflow/.local/lib/python3.8/site-packages/airflow/example_dags/example_sla_dag.py for tasks to queue
[2025-11-06T07:48:58.345+0000] {logging_mixin.py:188} INFO - [2025-11-06T07:48:58.344+0000] {dagbag.py:538} INFO - Filling up the DagBag from /home/airflow/.local/lib/python3.8/site-packages/airflow/example_dags/example_sla_dag.py
[2025-11-06T07:48:58.421+0000] {processor.py:840} INFO - DAG(s) 'example_sla_dag' retrieved from /home/airflow/.local/lib/python3.8/site-packages/airflow/example_dags/example_sla_dag.py
[2025-11-06T07:48:58.530+0000] {logging_mixin.py:188} INFO - [2025-11-06T07:48:58.529+0000] {dag.py:3036} INFO - Sync 1 DAGs
[2025-11-06T07:48:58.677+0000] {logging_mixin.py:188} INFO - [2025-11-06T07:48:58.677+0000] {dag.py:3823} INFO - Setting next_dagrun for example_sla_dag to 2025-11-06 07:46:00+00:00, run_after=2025-11-06 07:48:00+00:00
[2025-11-06T07:48:58.812+0000] {processor.py:183} INFO - Processing /home/airflow/.local/lib/python3.8/site-packages/airflow/example_dags/example_sla_dag.py took 0.516 seconds
[2025-11-06T07:49:29.504+0000] {processor.py:161} INFO - Started process (PID=16441) to work on /home/airflow/.local/lib/python3.8/site-packages/airflow/example_dags/example_sla_dag.py
[2025-11-06T07:49:29.506+0000] {processor.py:830} INFO - Processing file /home/airflow/.local/lib/python3.8/site-packages/airflow/example_dags/example_sla_dag.py for tasks to queue
[2025-11-06T07:49:29.510+0000] {logging_mixin.py:188} INFO - [2025-11-06T07:49:29.509+0000] {dagbag.py:538} INFO - Filling up the DagBag from /home/airflow/.local/lib/python3.8/site-packages/airflow/example_dags/example_sla_dag.py
[2025-11-06T07:49:29.541+0000] {processor.py:840} INFO - DAG(s) 'example_sla_dag' retrieved from /home/airflow/.local/lib/python3.8/site-packages/airflow/example_dags/example_sla_dag.py
[2025-11-06T07:49:29.840+0000] {logging_mixin.py:188} INFO - [2025-11-06T07:49:29.839+0000] {dag.py:3036} INFO - Sync 1 DAGs
[2025-11-06T07:49:29.986+0000] {logging_mixin.py:188} INFO - [2025-11-06T07:49:29.985+0000] {dag.py:3823} INFO - Setting next_dagrun for example_sla_dag to 2025-11-06 07:46:00+00:00, run_after=2025-11-06 07:48:00+00:00
[2025-11-06T07:49:30.059+0000] {processor.py:183} INFO - Processing /home/airflow/.local/lib/python3.8/site-packages/airflow/example_dags/example_sla_dag.py took 0.562 seconds
[2025-11-06T07:50:01.441+0000] {processor.py:161} INFO - Started process (PID=16497) to work on /home/airflow/.local/lib/python3.8/site-packages/airflow/example_dags/example_sla_dag.py
[2025-11-06T07:50:01.484+0000] {processor.py:830} INFO - Processing file /home/airflow/.local/lib/python3.8/site-packages/airflow/example_dags/example_sla_dag.py for tasks to queue
[2025-11-06T07:50:01.502+0000] {logging_mixin.py:188} INFO - [2025-11-06T07:50:01.500+0000] {dagbag.py:538} INFO - Filling up the DagBag from /home/airflow/.local/lib/python3.8/site-packages/airflow/example_dags/example_sla_dag.py
[2025-11-06T07:50:01.590+0000] {processor.py:840} INFO - DAG(s) 'example_sla_dag' retrieved from /home/airflow/.local/lib/python3.8/site-packages/airflow/example_dags/example_sla_dag.py
[2025-11-06T07:50:01.764+0000] {logging_mixin.py:188} INFO - [2025-11-06T07:50:01.763+0000] {dag.py:3036} INFO - Sync 1 DAGs
[2025-11-06T07:50:01.966+0000] {logging_mixin.py:188} INFO - [2025-11-06T07:50:01.956+0000] {dag.py:3823} INFO - Setting next_dagrun for example_sla_dag to 2025-11-06 07:48:00+00:00, run_after=2025-11-06 07:50:00+00:00
[2025-11-06T07:50:02.151+0000] {processor.py:183} INFO - Processing /home/airflow/.local/lib/python3.8/site-packages/airflow/example_dags/example_sla_dag.py took 0.749 seconds
[2025-11-06T10:56:49.584+0000] {processor.py:161} INFO - Started process (PID=127) to work on /home/airflow/.local/lib/python3.8/site-packages/airflow/example_dags/example_sla_dag.py
[2025-11-06T10:56:49.635+0000] {processor.py:830} INFO - Processing file /home/airflow/.local/lib/python3.8/site-packages/airflow/example_dags/example_sla_dag.py for tasks to queue
[2025-11-06T10:56:49.733+0000] {logging_mixin.py:188} INFO - [2025-11-06T10:56:49.732+0000] {dagbag.py:538} INFO - Filling up the DagBag from /home/airflow/.local/lib/python3.8/site-packages/airflow/example_dags/example_sla_dag.py
[2025-11-06T10:56:49.915+0000] {processor.py:840} INFO - DAG(s) 'example_sla_dag' retrieved from /home/airflow/.local/lib/python3.8/site-packages/airflow/example_dags/example_sla_dag.py
[2025-11-06T10:56:50.043+0000] {logging_mixin.py:188} INFO - [2025-11-06T10:56:50.042+0000] {dag.py:3036} INFO - Sync 1 DAGs
[2025-11-06T10:56:50.310+0000] {logging_mixin.py:188} INFO - [2025-11-06T10:56:50.310+0000] {dag.py:3823} INFO - Setting next_dagrun for example_sla_dag to 2025-11-06 10:54:00+00:00, run_after=2025-11-06 10:56:00+00:00
[2025-11-06T10:56:50.576+0000] {processor.py:183} INFO - Processing /home/airflow/.local/lib/python3.8/site-packages/airflow/example_dags/example_sla_dag.py took 1.029 seconds
[2025-11-06T10:57:35.896+0000] {processor.py:161} INFO - Started process (PID=182) to work on /home/airflow/.local/lib/python3.8/site-packages/airflow/example_dags/example_sla_dag.py
[2025-11-06T10:57:35.901+0000] {processor.py:830} INFO - Processing file /home/airflow/.local/lib/python3.8/site-packages/airflow/example_dags/example_sla_dag.py for tasks to queue
[2025-11-06T10:57:35.911+0000] {logging_mixin.py:188} INFO - [2025-11-06T10:57:35.910+0000] {dagbag.py:538} INFO - Filling up the DagBag from /home/airflow/.local/lib/python3.8/site-packages/airflow/example_dags/example_sla_dag.py
[2025-11-06T10:57:35.963+0000] {processor.py:840} INFO - DAG(s) 'example_sla_dag' retrieved from /home/airflow/.local/lib/python3.8/site-packages/airflow/example_dags/example_sla_dag.py
[2025-11-06T10:57:36.399+0000] {logging_mixin.py:188} INFO - [2025-11-06T10:57:36.399+0000] {dag.py:3036} INFO - Sync 1 DAGs
[2025-11-06T10:57:36.530+0000] {logging_mixin.py:188} INFO - [2025-11-06T10:57:36.529+0000] {dag.py:3823} INFO - Setting next_dagrun for example_sla_dag to 2025-11-06 10:54:00+00:00, run_after=2025-11-06 10:56:00+00:00
[2025-11-06T10:57:36.620+0000] {processor.py:183} INFO - Processing /home/airflow/.local/lib/python3.8/site-packages/airflow/example_dags/example_sla_dag.py took 0.747 seconds
[2025-11-06T10:58:07.635+0000] {processor.py:161} INFO - Started process (PID=236) to work on /home/airflow/.local/lib/python3.8/site-packages/airflow/example_dags/example_sla_dag.py
[2025-11-06T10:58:07.643+0000] {processor.py:830} INFO - Processing file /home/airflow/.local/lib/python3.8/site-packages/airflow/example_dags/example_sla_dag.py for tasks to queue
[2025-11-06T10:58:07.654+0000] {logging_mixin.py:188} INFO - [2025-11-06T10:58:07.653+0000] {dagbag.py:538} INFO - Filling up the DagBag from /home/airflow/.local/lib/python3.8/site-packages/airflow/example_dags/example_sla_dag.py
[2025-11-06T10:58:07.715+0000] {processor.py:840} INFO - DAG(s) 'example_sla_dag' retrieved from /home/airflow/.local/lib/python3.8/site-packages/airflow/example_dags/example_sla_dag.py
[2025-11-06T10:58:07.807+0000] {logging_mixin.py:188} INFO - [2025-11-06T10:58:07.807+0000] {dag.py:3036} INFO - Sync 1 DAGs
[2025-11-06T10:58:07.949+0000] {logging_mixin.py:188} INFO - [2025-11-06T10:58:07.948+0000] {dag.py:3823} INFO - Setting next_dagrun for example_sla_dag to 2025-11-06 10:56:00+00:00, run_after=2025-11-06 10:58:00+00:00
[2025-11-06T10:58:08.056+0000] {processor.py:183} INFO - Processing /home/airflow/.local/lib/python3.8/site-packages/airflow/example_dags/example_sla_dag.py took 0.437 seconds
[2025-11-06T10:58:39.415+0000] {processor.py:161} INFO - Started process (PID=291) to work on /home/airflow/.local/lib/python3.8/site-packages/airflow/example_dags/example_sla_dag.py
[2025-11-06T10:58:39.418+0000] {processor.py:830} INFO - Processing file /home/airflow/.local/lib/python3.8/site-packages/airflow/example_dags/example_sla_dag.py for tasks to queue
[2025-11-06T10:58:39.434+0000] {logging_mixin.py:188} INFO - [2025-11-06T10:58:39.433+0000] {dagbag.py:538} INFO - Filling up the DagBag from /home/airflow/.local/lib/python3.8/site-packages/airflow/example_dags/example_sla_dag.py
[2025-11-06T10:58:39.484+0000] {processor.py:840} INFO - DAG(s) 'example_sla_dag' retrieved from /home/airflow/.local/lib/python3.8/site-packages/airflow/example_dags/example_sla_dag.py
[2025-11-06T10:58:39.616+0000] {logging_mixin.py:188} INFO - [2025-11-06T10:58:39.615+0000] {dag.py:3036} INFO - Sync 1 DAGs
[2025-11-06T10:58:39.756+0000] {logging_mixin.py:188} INFO - [2025-11-06T10:58:39.754+0000] {dag.py:3823} INFO - Setting next_dagrun for example_sla_dag to 2025-11-06 10:56:00+00:00, run_after=2025-11-06 10:58:00+00:00
[2025-11-06T10:58:39.848+0000] {processor.py:183} INFO - Processing /home/airflow/.local/lib/python3.8/site-packages/airflow/example_dags/example_sla_dag.py took 0.462 seconds
[2025-11-06T10:59:10.680+0000] {processor.py:161} INFO - Started process (PID=347) to work on /home/airflow/.local/lib/python3.8/site-packages/airflow/example_dags/example_sla_dag.py
[2025-11-06T10:59:10.686+0000] {processor.py:830} INFO - Processing file /home/airflow/.local/lib/python3.8/site-packages/airflow/example_dags/example_sla_dag.py for tasks to queue
[2025-11-06T10:59:10.696+0000] {logging_mixin.py:188} INFO - [2025-11-06T10:59:10.695+0000] {dagbag.py:538} INFO - Filling up the DagBag from /home/airflow/.local/lib/python3.8/site-packages/airflow/example_dags/example_sla_dag.py
[2025-11-06T10:59:10.735+0000] {processor.py:840} INFO - DAG(s) 'example_sla_dag' retrieved from /home/airflow/.local/lib/python3.8/site-packages/airflow/example_dags/example_sla_dag.py
[2025-11-06T10:59:10.834+0000] {logging_mixin.py:188} INFO - [2025-11-06T10:59:10.833+0000] {dag.py:3036} INFO - Sync 1 DAGs
[2025-11-06T10:59:10.949+0000] {logging_mixin.py:188} INFO - [2025-11-06T10:59:10.948+0000] {dag.py:3823} INFO - Setting next_dagrun for example_sla_dag to 2025-11-06 10:56:00+00:00, run_after=2025-11-06 10:58:00+00:00
[2025-11-06T10:59:11.031+0000] {processor.py:183} INFO - Processing /home/airflow/.local/lib/python3.8/site-packages/airflow/example_dags/example_sla_dag.py took 0.372 seconds
[2025-11-06T10:59:41.704+0000] {processor.py:161} INFO - Started process (PID=402) to work on /home/airflow/.local/lib/python3.8/site-packages/airflow/example_dags/example_sla_dag.py
[2025-11-06T10:59:41.708+0000] {processor.py:830} INFO - Processing file /home/airflow/.local/lib/python3.8/site-packages/airflow/example_dags/example_sla_dag.py for tasks to queue
[2025-11-06T10:59:41.717+0000] {logging_mixin.py:188} INFO - [2025-11-06T10:59:41.716+0000] {dagbag.py:538} INFO - Filling up the DagBag from /home/airflow/.local/lib/python3.8/site-packages/airflow/example_dags/example_sla_dag.py
[2025-11-06T10:59:41.749+0000] {processor.py:840} INFO - DAG(s) 'example_sla_dag' retrieved from /home/airflow/.local/lib/python3.8/site-packages/airflow/example_dags/example_sla_dag.py
[2025-11-06T10:59:41.811+0000] {logging_mixin.py:188} INFO - [2025-11-06T10:59:41.810+0000] {dag.py:3036} INFO - Sync 1 DAGs
[2025-11-06T10:59:41.893+0000] {logging_mixin.py:188} INFO - [2025-11-06T10:59:41.892+0000] {dag.py:3823} INFO - Setting next_dagrun for example_sla_dag to 2025-11-06 10:56:00+00:00, run_after=2025-11-06 10:58:00+00:00
[2025-11-06T10:59:41.961+0000] {processor.py:183} INFO - Processing /home/airflow/.local/lib/python3.8/site-packages/airflow/example_dags/example_sla_dag.py took 0.273 seconds
[2025-11-06T11:00:12.363+0000] {processor.py:161} INFO - Started process (PID=457) to work on /home/airflow/.local/lib/python3.8/site-packages/airflow/example_dags/example_sla_dag.py
[2025-11-06T11:00:12.368+0000] {processor.py:830} INFO - Processing file /home/airflow/.local/lib/python3.8/site-packages/airflow/example_dags/example_sla_dag.py for tasks to queue
[2025-11-06T11:00:12.376+0000] {logging_mixin.py:188} INFO - [2025-11-06T11:00:12.375+0000] {dagbag.py:538} INFO - Filling up the DagBag from /home/airflow/.local/lib/python3.8/site-packages/airflow/example_dags/example_sla_dag.py
[2025-11-06T11:00:12.392+0000] {processor.py:840} INFO - DAG(s) 'example_sla_dag' retrieved from /home/airflow/.local/lib/python3.8/site-packages/airflow/example_dags/example_sla_dag.py
[2025-11-06T11:00:12.426+0000] {logging_mixin.py:188} INFO - [2025-11-06T11:00:12.426+0000] {dag.py:3036} INFO - Sync 1 DAGs
[2025-11-06T11:00:12.472+0000] {logging_mixin.py:188} INFO - [2025-11-06T11:00:12.471+0000] {dag.py:3823} INFO - Setting next_dagrun for example_sla_dag to 2025-11-06 10:58:00+00:00, run_after=2025-11-06 11:00:00+00:00
[2025-11-06T11:00:12.509+0000] {processor.py:183} INFO - Processing /home/airflow/.local/lib/python3.8/site-packages/airflow/example_dags/example_sla_dag.py took 0.156 seconds
[2025-11-06T11:00:43.558+0000] {processor.py:161} INFO - Started process (PID=512) to work on /home/airflow/.local/lib/python3.8/site-packages/airflow/example_dags/example_sla_dag.py
[2025-11-06T11:00:43.563+0000] {processor.py:830} INFO - Processing file /home/airflow/.local/lib/python3.8/site-packages/airflow/example_dags/example_sla_dag.py for tasks to queue
[2025-11-06T11:00:43.574+0000] {logging_mixin.py:188} INFO - [2025-11-06T11:00:43.573+0000] {dagbag.py:538} INFO - Filling up the DagBag from /home/airflow/.local/lib/python3.8/site-packages/airflow/example_dags/example_sla_dag.py
[2025-11-06T11:00:43.613+0000] {processor.py:840} INFO - DAG(s) 'example_sla_dag' retrieved from /home/airflow/.local/lib/python3.8/site-packages/airflow/example_dags/example_sla_dag.py
[2025-11-06T11:00:43.681+0000] {logging_mixin.py:188} INFO - [2025-11-06T11:00:43.681+0000] {dag.py:3036} INFO - Sync 1 DAGs
[2025-11-06T11:00:43.768+0000] {logging_mixin.py:188} INFO - [2025-11-06T11:00:43.767+0000] {dag.py:3823} INFO - Setting next_dagrun for example_sla_dag to 2025-11-06 10:58:00+00:00, run_after=2025-11-06 11:00:00+00:00
[2025-11-06T11:00:43.822+0000] {processor.py:183} INFO - Processing /home/airflow/.local/lib/python3.8/site-packages/airflow/example_dags/example_sla_dag.py took 0.284 seconds
[2025-11-06T11:01:13.910+0000] {processor.py:161} INFO - Started process (PID=567) to work on /home/airflow/.local/lib/python3.8/site-packages/airflow/example_dags/example_sla_dag.py
[2025-11-06T11:01:13.912+0000] {processor.py:830} INFO - Processing file /home/airflow/.local/lib/python3.8/site-packages/airflow/example_dags/example_sla_dag.py for tasks to queue
[2025-11-06T11:01:13.916+0000] {logging_mixin.py:188} INFO - [2025-11-06T11:01:13.915+0000] {dagbag.py:538} INFO - Filling up the DagBag from /home/airflow/.local/lib/python3.8/site-packages/airflow/example_dags/example_sla_dag.py
[2025-11-06T11:01:13.930+0000] {processor.py:840} INFO - DAG(s) 'example_sla_dag' retrieved from /home/airflow/.local/lib/python3.8/site-packages/airflow/example_dags/example_sla_dag.py
[2025-11-06T11:01:13.961+0000] {logging_mixin.py:188} INFO - [2025-11-06T11:01:13.961+0000] {dag.py:3036} INFO - Sync 1 DAGs
[2025-11-06T11:01:14.020+0000] {logging_mixin.py:188} INFO - [2025-11-06T11:01:14.019+0000] {dag.py:3823} INFO - Setting next_dagrun for example_sla_dag to 2025-11-06 10:58:00+00:00, run_after=2025-11-06 11:00:00+00:00
[2025-11-06T11:01:14.064+0000] {processor.py:183} INFO - Processing /home/airflow/.local/lib/python3.8/site-packages/airflow/example_dags/example_sla_dag.py took 0.160 seconds
[2025-11-06T11:01:45.240+0000] {processor.py:161} INFO - Started process (PID=622) to work on /home/airflow/.local/lib/python3.8/site-packages/airflow/example_dags/example_sla_dag.py
[2025-11-06T11:01:45.338+0000] {processor.py:830} INFO - Processing file /home/airflow/.local/lib/python3.8/site-packages/airflow/example_dags/example_sla_dag.py for tasks to queue
[2025-11-06T11:01:45.370+0000] {logging_mixin.py:188} INFO - [2025-11-06T11:01:45.368+0000] {dagbag.py:538} INFO - Filling up the DagBag from /home/airflow/.local/lib/python3.8/site-packages/airflow/example_dags/example_sla_dag.py
[2025-11-06T11:01:45.513+0000] {processor.py:840} INFO - DAG(s) 'example_sla_dag' retrieved from /home/airflow/.local/lib/python3.8/site-packages/airflow/example_dags/example_sla_dag.py
[2025-11-06T11:01:45.927+0000] {logging_mixin.py:188} INFO - [2025-11-06T11:01:45.926+0000] {dag.py:3036} INFO - Sync 1 DAGs
[2025-11-06T11:01:46.245+0000] {logging_mixin.py:188} INFO - [2025-11-06T11:01:46.245+0000] {dag.py:3823} INFO - Setting next_dagrun for example_sla_dag to 2025-11-06 10:58:00+00:00, run_after=2025-11-06 11:00:00+00:00
[2025-11-06T11:01:46.417+0000] {processor.py:183} INFO - Processing /home/airflow/.local/lib/python3.8/site-packages/airflow/example_dags/example_sla_dag.py took 1.195 seconds
[2025-11-06T11:02:17.137+0000] {processor.py:161} INFO - Started process (PID=682) to work on /home/airflow/.local/lib/python3.8/site-packages/airflow/example_dags/example_sla_dag.py
[2025-11-06T11:02:17.152+0000] {processor.py:830} INFO - Processing file /home/airflow/.local/lib/python3.8/site-packages/airflow/example_dags/example_sla_dag.py for tasks to queue
[2025-11-06T11:02:17.167+0000] {logging_mixin.py:188} INFO - [2025-11-06T11:02:17.166+0000] {dagbag.py:538} INFO - Filling up the DagBag from /home/airflow/.local/lib/python3.8/site-packages/airflow/example_dags/example_sla_dag.py
[2025-11-06T11:02:17.262+0000] {processor.py:840} INFO - DAG(s) 'example_sla_dag' retrieved from /home/airflow/.local/lib/python3.8/site-packages/airflow/example_dags/example_sla_dag.py
[2025-11-06T11:02:17.408+0000] {logging_mixin.py:188} INFO - [2025-11-06T11:02:17.407+0000] {dag.py:3036} INFO - Sync 1 DAGs
[2025-11-06T11:02:17.625+0000] {logging_mixin.py:188} INFO - [2025-11-06T11:02:17.625+0000] {dag.py:3823} INFO - Setting next_dagrun for example_sla_dag to 2025-11-06 11:00:00+00:00, run_after=2025-11-06 11:02:00+00:00
[2025-11-06T11:02:17.749+0000] {processor.py:183} INFO - Processing /home/airflow/.local/lib/python3.8/site-packages/airflow/example_dags/example_sla_dag.py took 0.644 seconds
[2025-11-06T11:02:47.914+0000] {processor.py:161} INFO - Started process (PID=738) to work on /home/airflow/.local/lib/python3.8/site-packages/airflow/example_dags/example_sla_dag.py
[2025-11-06T11:02:47.917+0000] {processor.py:830} INFO - Processing file /home/airflow/.local/lib/python3.8/site-packages/airflow/example_dags/example_sla_dag.py for tasks to queue
[2025-11-06T11:02:47.923+0000] {logging_mixin.py:188} INFO - [2025-11-06T11:02:47.922+0000] {dagbag.py:538} INFO - Filling up the DagBag from /home/airflow/.local/lib/python3.8/site-packages/airflow/example_dags/example_sla_dag.py
[2025-11-06T11:02:47.948+0000] {processor.py:840} INFO - DAG(s) 'example_sla_dag' retrieved from /home/airflow/.local/lib/python3.8/site-packages/airflow/example_dags/example_sla_dag.py
[2025-11-06T11:02:48.003+0000] {logging_mixin.py:188} INFO - [2025-11-06T11:02:48.003+0000] {dag.py:3036} INFO - Sync 1 DAGs
[2025-11-06T11:02:48.094+0000] {logging_mixin.py:188} INFO - [2025-11-06T11:02:48.093+0000] {dag.py:3823} INFO - Setting next_dagrun for example_sla_dag to 2025-11-06 11:00:00+00:00, run_after=2025-11-06 11:02:00+00:00
[2025-11-06T11:02:48.150+0000] {processor.py:183} INFO - Processing /home/airflow/.local/lib/python3.8/site-packages/airflow/example_dags/example_sla_dag.py took 0.247 seconds
[2025-11-06T11:03:18.438+0000] {processor.py:161} INFO - Started process (PID=792) to work on /home/airflow/.local/lib/python3.8/site-packages/airflow/example_dags/example_sla_dag.py
[2025-11-06T11:03:18.446+0000] {processor.py:830} INFO - Processing file /home/airflow/.local/lib/python3.8/site-packages/airflow/example_dags/example_sla_dag.py for tasks to queue
[2025-11-06T11:03:18.457+0000] {logging_mixin.py:188} INFO - [2025-11-06T11:03:18.452+0000] {dagbag.py:538} INFO - Filling up the DagBag from /home/airflow/.local/lib/python3.8/site-packages/airflow/example_dags/example_sla_dag.py
[2025-11-06T11:03:18.494+0000] {processor.py:840} INFO - DAG(s) 'example_sla_dag' retrieved from /home/airflow/.local/lib/python3.8/site-packages/airflow/example_dags/example_sla_dag.py
[2025-11-06T11:03:18.566+0000] {logging_mixin.py:188} INFO - [2025-11-06T11:03:18.566+0000] {dag.py:3036} INFO - Sync 1 DAGs
[2025-11-06T11:03:18.658+0000] {logging_mixin.py:188} INFO - [2025-11-06T11:03:18.657+0000] {dag.py:3823} INFO - Setting next_dagrun for example_sla_dag to 2025-11-06 11:00:00+00:00, run_after=2025-11-06 11:02:00+00:00
[2025-11-06T11:03:18.731+0000] {processor.py:183} INFO - Processing /home/airflow/.local/lib/python3.8/site-packages/airflow/example_dags/example_sla_dag.py took 0.310 seconds
[2025-11-06T11:03:49.494+0000] {processor.py:161} INFO - Started process (PID=847) to work on /home/airflow/.local/lib/python3.8/site-packages/airflow/example_dags/example_sla_dag.py
[2025-11-06T11:03:49.497+0000] {processor.py:830} INFO - Processing file /home/airflow/.local/lib/python3.8/site-packages/airflow/example_dags/example_sla_dag.py for tasks to queue
[2025-11-06T11:03:49.504+0000] {logging_mixin.py:188} INFO - [2025-11-06T11:03:49.503+0000] {dagbag.py:538} INFO - Filling up the DagBag from /home/airflow/.local/lib/python3.8/site-packages/airflow/example_dags/example_sla_dag.py
[2025-11-06T11:03:49.533+0000] {processor.py:840} INFO - DAG(s) 'example_sla_dag' retrieved from /home/airflow/.local/lib/python3.8/site-packages/airflow/example_dags/example_sla_dag.py
[2025-11-06T11:03:49.615+0000] {logging_mixin.py:188} INFO - [2025-11-06T11:03:49.614+0000] {dag.py:3036} INFO - Sync 1 DAGs
[2025-11-06T11:03:49.732+0000] {logging_mixin.py:188} INFO - [2025-11-06T11:03:49.732+0000] {dag.py:3823} INFO - Setting next_dagrun for example_sla_dag to 2025-11-06 11:00:00+00:00, run_after=2025-11-06 11:02:00+00:00
[2025-11-06T11:03:49.811+0000] {processor.py:183} INFO - Processing /home/airflow/.local/lib/python3.8/site-packages/airflow/example_dags/example_sla_dag.py took 0.328 seconds
[2025-11-06T11:04:19.923+0000] {processor.py:161} INFO - Started process (PID=901) to work on /home/airflow/.local/lib/python3.8/site-packages/airflow/example_dags/example_sla_dag.py
[2025-11-06T11:04:19.929+0000] {processor.py:830} INFO - Processing file /home/airflow/.local/lib/python3.8/site-packages/airflow/example_dags/example_sla_dag.py for tasks to queue
[2025-11-06T11:04:19.938+0000] {logging_mixin.py:188} INFO - [2025-11-06T11:04:19.937+0000] {dagbag.py:538} INFO - Filling up the DagBag from /home/airflow/.local/lib/python3.8/site-packages/airflow/example_dags/example_sla_dag.py
[2025-11-06T11:04:19.978+0000] {processor.py:840} INFO - DAG(s) 'example_sla_dag' retrieved from /home/airflow/.local/lib/python3.8/site-packages/airflow/example_dags/example_sla_dag.py
[2025-11-06T11:04:20.066+0000] {logging_mixin.py:188} INFO - [2025-11-06T11:04:20.065+0000] {dag.py:3036} INFO - Sync 1 DAGs
[2025-11-06T11:04:20.194+0000] {logging_mixin.py:188} INFO - [2025-11-06T11:04:20.194+0000] {dag.py:3823} INFO - Setting next_dagrun for example_sla_dag to 2025-11-06 11:02:00+00:00, run_after=2025-11-06 11:04:00+00:00
[2025-11-06T11:04:20.278+0000] {processor.py:183} INFO - Processing /home/airflow/.local/lib/python3.8/site-packages/airflow/example_dags/example_sla_dag.py took 0.368 seconds
[2025-11-06T11:04:50.710+0000] {processor.py:161} INFO - Started process (PID=957) to work on /home/airflow/.local/lib/python3.8/site-packages/airflow/example_dags/example_sla_dag.py
[2025-11-06T11:04:50.716+0000] {processor.py:830} INFO - Processing file /home/airflow/.local/lib/python3.8/site-packages/airflow/example_dags/example_sla_dag.py for tasks to queue
[2025-11-06T11:04:50.728+0000] {logging_mixin.py:188} INFO - [2025-11-06T11:04:50.727+0000] {dagbag.py:538} INFO - Filling up the DagBag from /home/airflow/.local/lib/python3.8/site-packages/airflow/example_dags/example_sla_dag.py
[2025-11-06T11:04:50.788+0000] {processor.py:840} INFO - DAG(s) 'example_sla_dag' retrieved from /home/airflow/.local/lib/python3.8/site-packages/airflow/example_dags/example_sla_dag.py
[2025-11-06T11:04:50.888+0000] {logging_mixin.py:188} INFO - [2025-11-06T11:04:50.888+0000] {dag.py:3036} INFO - Sync 1 DAGs
[2025-11-06T11:04:51.017+0000] {logging_mixin.py:188} INFO - [2025-11-06T11:04:51.016+0000] {dag.py:3823} INFO - Setting next_dagrun for example_sla_dag to 2025-11-06 11:02:00+00:00, run_after=2025-11-06 11:04:00+00:00
[2025-11-06T11:04:51.079+0000] {processor.py:183} INFO - Processing /home/airflow/.local/lib/python3.8/site-packages/airflow/example_dags/example_sla_dag.py took 0.401 seconds
[2025-11-06T11:05:21.488+0000] {processor.py:161} INFO - Started process (PID=1012) to work on /home/airflow/.local/lib/python3.8/site-packages/airflow/example_dags/example_sla_dag.py
[2025-11-06T11:05:21.490+0000] {processor.py:830} INFO - Processing file /home/airflow/.local/lib/python3.8/site-packages/airflow/example_dags/example_sla_dag.py for tasks to queue
[2025-11-06T11:05:21.494+0000] {logging_mixin.py:188} INFO - [2025-11-06T11:05:21.493+0000] {dagbag.py:538} INFO - Filling up the DagBag from /home/airflow/.local/lib/python3.8/site-packages/airflow/example_dags/example_sla_dag.py
[2025-11-06T11:05:21.519+0000] {processor.py:840} INFO - DAG(s) 'example_sla_dag' retrieved from /home/airflow/.local/lib/python3.8/site-packages/airflow/example_dags/example_sla_dag.py
[2025-11-06T11:05:21.565+0000] {logging_mixin.py:188} INFO - [2025-11-06T11:05:21.564+0000] {dag.py:3036} INFO - Sync 1 DAGs
[2025-11-06T11:05:21.616+0000] {logging_mixin.py:188} INFO - [2025-11-06T11:05:21.615+0000] {dag.py:3823} INFO - Setting next_dagrun for example_sla_dag to 2025-11-06 11:02:00+00:00, run_after=2025-11-06 11:04:00+00:00
[2025-11-06T11:05:21.657+0000] {processor.py:183} INFO - Processing /home/airflow/.local/lib/python3.8/site-packages/airflow/example_dags/example_sla_dag.py took 0.177 seconds
[2025-11-06T11:05:52.039+0000] {processor.py:161} INFO - Started process (PID=1068) to work on /home/airflow/.local/lib/python3.8/site-packages/airflow/example_dags/example_sla_dag.py
[2025-11-06T11:05:52.041+0000] {processor.py:830} INFO - Processing file /home/airflow/.local/lib/python3.8/site-packages/airflow/example_dags/example_sla_dag.py for tasks to queue
[2025-11-06T11:05:52.046+0000] {logging_mixin.py:188} INFO - [2025-11-06T11:05:52.045+0000] {dagbag.py:538} INFO - Filling up the DagBag from /home/airflow/.local/lib/python3.8/site-packages/airflow/example_dags/example_sla_dag.py
[2025-11-06T11:05:52.071+0000] {processor.py:840} INFO - DAG(s) 'example_sla_dag' retrieved from /home/airflow/.local/lib/python3.8/site-packages/airflow/example_dags/example_sla_dag.py
[2025-11-06T11:05:52.124+0000] {logging_mixin.py:188} INFO - [2025-11-06T11:05:52.123+0000] {dag.py:3036} INFO - Sync 1 DAGs
[2025-11-06T11:05:52.210+0000] {logging_mixin.py:188} INFO - [2025-11-06T11:05:52.209+0000] {dag.py:3823} INFO - Setting next_dagrun for example_sla_dag to 2025-11-06 11:02:00+00:00, run_after=2025-11-06 11:04:00+00:00
[2025-11-06T11:05:52.250+0000] {processor.py:183} INFO - Processing /home/airflow/.local/lib/python3.8/site-packages/airflow/example_dags/example_sla_dag.py took 0.218 seconds
[2025-11-06T11:06:22.629+0000] {processor.py:161} INFO - Started process (PID=1123) to work on /home/airflow/.local/lib/python3.8/site-packages/airflow/example_dags/example_sla_dag.py
[2025-11-06T11:06:22.643+0000] {processor.py:830} INFO - Processing file /home/airflow/.local/lib/python3.8/site-packages/airflow/example_dags/example_sla_dag.py for tasks to queue
[2025-11-06T11:06:22.651+0000] {logging_mixin.py:188} INFO - [2025-11-06T11:06:22.650+0000] {dagbag.py:538} INFO - Filling up the DagBag from /home/airflow/.local/lib/python3.8/site-packages/airflow/example_dags/example_sla_dag.py
[2025-11-06T11:06:22.711+0000] {processor.py:840} INFO - DAG(s) 'example_sla_dag' retrieved from /home/airflow/.local/lib/python3.8/site-packages/airflow/example_dags/example_sla_dag.py
[2025-11-06T11:06:22.908+0000] {logging_mixin.py:188} INFO - [2025-11-06T11:06:22.905+0000] {dag.py:3036} INFO - Sync 1 DAGs
[2025-11-06T11:06:23.143+0000] {logging_mixin.py:188} INFO - [2025-11-06T11:06:23.134+0000] {dag.py:3823} INFO - Setting next_dagrun for example_sla_dag to 2025-11-06 11:04:00+00:00, run_after=2025-11-06 11:06:00+00:00
[2025-11-06T11:06:23.268+0000] {processor.py:183} INFO - Processing /home/airflow/.local/lib/python3.8/site-packages/airflow/example_dags/example_sla_dag.py took 0.657 seconds
[2025-11-06T11:06:54.259+0000] {processor.py:161} INFO - Started process (PID=1178) to work on /home/airflow/.local/lib/python3.8/site-packages/airflow/example_dags/example_sla_dag.py
[2025-11-06T11:06:54.262+0000] {processor.py:830} INFO - Processing file /home/airflow/.local/lib/python3.8/site-packages/airflow/example_dags/example_sla_dag.py for tasks to queue
[2025-11-06T11:06:54.269+0000] {logging_mixin.py:188} INFO - [2025-11-06T11:06:54.268+0000] {dagbag.py:538} INFO - Filling up the DagBag from /home/airflow/.local/lib/python3.8/site-packages/airflow/example_dags/example_sla_dag.py
[2025-11-06T11:06:54.295+0000] {processor.py:840} INFO - DAG(s) 'example_sla_dag' retrieved from /home/airflow/.local/lib/python3.8/site-packages/airflow/example_dags/example_sla_dag.py
[2025-11-06T11:06:54.363+0000] {logging_mixin.py:188} INFO - [2025-11-06T11:06:54.362+0000] {dag.py:3036} INFO - Sync 1 DAGs
[2025-11-06T11:06:54.448+0000] {logging_mixin.py:188} INFO - [2025-11-06T11:06:54.447+0000] {dag.py:3823} INFO - Setting next_dagrun for example_sla_dag to 2025-11-06 11:04:00+00:00, run_after=2025-11-06 11:06:00+00:00
[2025-11-06T11:06:54.499+0000] {processor.py:183} INFO - Processing /home/airflow/.local/lib/python3.8/site-packages/airflow/example_dags/example_sla_dag.py took 0.252 seconds
[2025-11-06T11:07:24.626+0000] {processor.py:161} INFO - Started process (PID=1231) to work on /home/airflow/.local/lib/python3.8/site-packages/airflow/example_dags/example_sla_dag.py
[2025-11-06T11:07:24.629+0000] {processor.py:830} INFO - Processing file /home/airflow/.local/lib/python3.8/site-packages/airflow/example_dags/example_sla_dag.py for tasks to queue
[2025-11-06T11:07:24.633+0000] {logging_mixin.py:188} INFO - [2025-11-06T11:07:24.633+0000] {dagbag.py:538} INFO - Filling up the DagBag from /home/airflow/.local/lib/python3.8/site-packages/airflow/example_dags/example_sla_dag.py
[2025-11-06T11:07:24.649+0000] {processor.py:840} INFO - DAG(s) 'example_sla_dag' retrieved from /home/airflow/.local/lib/python3.8/site-packages/airflow/example_dags/example_sla_dag.py
[2025-11-06T11:07:24.687+0000] {logging_mixin.py:188} INFO - [2025-11-06T11:07:24.687+0000] {dag.py:3036} INFO - Sync 1 DAGs
[2025-11-06T11:07:24.732+0000] {logging_mixin.py:188} INFO - [2025-11-06T11:07:24.732+0000] {dag.py:3823} INFO - Setting next_dagrun for example_sla_dag to 2025-11-06 11:04:00+00:00, run_after=2025-11-06 11:06:00+00:00
[2025-11-06T11:07:24.768+0000] {processor.py:183} INFO - Processing /home/airflow/.local/lib/python3.8/site-packages/airflow/example_dags/example_sla_dag.py took 0.149 seconds
[2025-11-06T11:07:55.118+0000] {processor.py:161} INFO - Started process (PID=1286) to work on /home/airflow/.local/lib/python3.8/site-packages/airflow/example_dags/example_sla_dag.py
[2025-11-06T11:07:55.120+0000] {processor.py:830} INFO - Processing file /home/airflow/.local/lib/python3.8/site-packages/airflow/example_dags/example_sla_dag.py for tasks to queue
[2025-11-06T11:07:55.123+0000] {logging_mixin.py:188} INFO - [2025-11-06T11:07:55.122+0000] {dagbag.py:538} INFO - Filling up the DagBag from /home/airflow/.local/lib/python3.8/site-packages/airflow/example_dags/example_sla_dag.py
[2025-11-06T11:07:55.139+0000] {processor.py:840} INFO - DAG(s) 'example_sla_dag' retrieved from /home/airflow/.local/lib/python3.8/site-packages/airflow/example_dags/example_sla_dag.py
[2025-11-06T11:07:55.170+0000] {logging_mixin.py:188} INFO - [2025-11-06T11:07:55.169+0000] {dag.py:3036} INFO - Sync 1 DAGs
[2025-11-06T11:07:55.212+0000] {logging_mixin.py:188} INFO - [2025-11-06T11:07:55.212+0000] {dag.py:3823} INFO - Setting next_dagrun for example_sla_dag to 2025-11-06 11:04:00+00:00, run_after=2025-11-06 11:06:00+00:00
[2025-11-06T11:07:55.241+0000] {processor.py:183} INFO - Processing /home/airflow/.local/lib/python3.8/site-packages/airflow/example_dags/example_sla_dag.py took 0.128 seconds
[2025-11-06T11:08:25.941+0000] {processor.py:161} INFO - Started process (PID=1341) to work on /home/airflow/.local/lib/python3.8/site-packages/airflow/example_dags/example_sla_dag.py
[2025-11-06T11:08:25.943+0000] {processor.py:830} INFO - Processing file /home/airflow/.local/lib/python3.8/site-packages/airflow/example_dags/example_sla_dag.py for tasks to queue
[2025-11-06T11:08:25.946+0000] {logging_mixin.py:188} INFO - [2025-11-06T11:08:25.946+0000] {dagbag.py:538} INFO - Filling up the DagBag from /home/airflow/.local/lib/python3.8/site-packages/airflow/example_dags/example_sla_dag.py
[2025-11-06T11:08:25.961+0000] {processor.py:840} INFO - DAG(s) 'example_sla_dag' retrieved from /home/airflow/.local/lib/python3.8/site-packages/airflow/example_dags/example_sla_dag.py
[2025-11-06T11:08:25.993+0000] {logging_mixin.py:188} INFO - [2025-11-06T11:08:25.993+0000] {dag.py:3036} INFO - Sync 1 DAGs
[2025-11-06T11:08:26.032+0000] {logging_mixin.py:188} INFO - [2025-11-06T11:08:26.032+0000] {dag.py:3823} INFO - Setting next_dagrun for example_sla_dag to 2025-11-06 11:06:00+00:00, run_after=2025-11-06 11:08:00+00:00
[2025-11-06T11:08:26.062+0000] {processor.py:183} INFO - Processing /home/airflow/.local/lib/python3.8/site-packages/airflow/example_dags/example_sla_dag.py took 0.126 seconds
[2025-11-06T11:08:56.226+0000] {processor.py:161} INFO - Started process (PID=1396) to work on /home/airflow/.local/lib/python3.8/site-packages/airflow/example_dags/example_sla_dag.py
[2025-11-06T11:08:56.228+0000] {processor.py:830} INFO - Processing file /home/airflow/.local/lib/python3.8/site-packages/airflow/example_dags/example_sla_dag.py for tasks to queue
[2025-11-06T11:08:56.233+0000] {logging_mixin.py:188} INFO - [2025-11-06T11:08:56.232+0000] {dagbag.py:538} INFO - Filling up the DagBag from /home/airflow/.local/lib/python3.8/site-packages/airflow/example_dags/example_sla_dag.py
[2025-11-06T11:08:56.250+0000] {processor.py:840} INFO - DAG(s) 'example_sla_dag' retrieved from /home/airflow/.local/lib/python3.8/site-packages/airflow/example_dags/example_sla_dag.py
[2025-11-06T11:08:56.293+0000] {logging_mixin.py:188} INFO - [2025-11-06T11:08:56.293+0000] {dag.py:3036} INFO - Sync 1 DAGs
[2025-11-06T11:08:56.347+0000] {logging_mixin.py:188} INFO - [2025-11-06T11:08:56.346+0000] {dag.py:3823} INFO - Setting next_dagrun for example_sla_dag to 2025-11-06 11:06:00+00:00, run_after=2025-11-06 11:08:00+00:00
[2025-11-06T11:08:56.384+0000] {processor.py:183} INFO - Processing /home/airflow/.local/lib/python3.8/site-packages/airflow/example_dags/example_sla_dag.py took 0.164 seconds
[2025-11-06T11:09:26.849+0000] {processor.py:161} INFO - Started process (PID=1451) to work on /home/airflow/.local/lib/python3.8/site-packages/airflow/example_dags/example_sla_dag.py
[2025-11-06T11:09:26.851+0000] {processor.py:830} INFO - Processing file /home/airflow/.local/lib/python3.8/site-packages/airflow/example_dags/example_sla_dag.py for tasks to queue
[2025-11-06T11:09:26.856+0000] {logging_mixin.py:188} INFO - [2025-11-06T11:09:26.855+0000] {dagbag.py:538} INFO - Filling up the DagBag from /home/airflow/.local/lib/python3.8/site-packages/airflow/example_dags/example_sla_dag.py
[2025-11-06T11:09:26.871+0000] {processor.py:840} INFO - DAG(s) 'example_sla_dag' retrieved from /home/airflow/.local/lib/python3.8/site-packages/airflow/example_dags/example_sla_dag.py
[2025-11-06T11:09:26.925+0000] {logging_mixin.py:188} INFO - [2025-11-06T11:09:26.925+0000] {dag.py:3036} INFO - Sync 1 DAGs
[2025-11-06T11:09:27.019+0000] {logging_mixin.py:188} INFO - [2025-11-06T11:09:27.018+0000] {dag.py:3823} INFO - Setting next_dagrun for example_sla_dag to 2025-11-06 11:06:00+00:00, run_after=2025-11-06 11:08:00+00:00
[2025-11-06T11:09:27.121+0000] {processor.py:183} INFO - Processing /home/airflow/.local/lib/python3.8/site-packages/airflow/example_dags/example_sla_dag.py took 0.280 seconds
[2025-11-06T11:09:57.794+0000] {processor.py:161} INFO - Started process (PID=1506) to work on /home/airflow/.local/lib/python3.8/site-packages/airflow/example_dags/example_sla_dag.py
[2025-11-06T11:09:57.796+0000] {processor.py:830} INFO - Processing file /home/airflow/.local/lib/python3.8/site-packages/airflow/example_dags/example_sla_dag.py for tasks to queue
[2025-11-06T11:09:57.800+0000] {logging_mixin.py:188} INFO - [2025-11-06T11:09:57.799+0000] {dagbag.py:538} INFO - Filling up the DagBag from /home/airflow/.local/lib/python3.8/site-packages/airflow/example_dags/example_sla_dag.py
[2025-11-06T11:09:57.824+0000] {processor.py:840} INFO - DAG(s) 'example_sla_dag' retrieved from /home/airflow/.local/lib/python3.8/site-packages/airflow/example_dags/example_sla_dag.py
[2025-11-06T11:09:57.870+0000] {logging_mixin.py:188} INFO - [2025-11-06T11:09:57.870+0000] {dag.py:3036} INFO - Sync 1 DAGs
[2025-11-06T11:09:57.959+0000] {logging_mixin.py:188} INFO - [2025-11-06T11:09:57.958+0000] {dag.py:3823} INFO - Setting next_dagrun for example_sla_dag to 2025-11-06 11:06:00+00:00, run_after=2025-11-06 11:08:00+00:00
[2025-11-06T11:09:58.045+0000] {processor.py:183} INFO - Processing /home/airflow/.local/lib/python3.8/site-packages/airflow/example_dags/example_sla_dag.py took 0.257 seconds
[2025-11-06T11:10:28.639+0000] {processor.py:161} INFO - Started process (PID=1561) to work on /home/airflow/.local/lib/python3.8/site-packages/airflow/example_dags/example_sla_dag.py
[2025-11-06T11:10:28.641+0000] {processor.py:830} INFO - Processing file /home/airflow/.local/lib/python3.8/site-packages/airflow/example_dags/example_sla_dag.py for tasks to queue
[2025-11-06T11:10:28.647+0000] {logging_mixin.py:188} INFO - [2025-11-06T11:10:28.646+0000] {dagbag.py:538} INFO - Filling up the DagBag from /home/airflow/.local/lib/python3.8/site-packages/airflow/example_dags/example_sla_dag.py
[2025-11-06T11:10:28.666+0000] {processor.py:840} INFO - DAG(s) 'example_sla_dag' retrieved from /home/airflow/.local/lib/python3.8/site-packages/airflow/example_dags/example_sla_dag.py
[2025-11-06T11:10:28.708+0000] {logging_mixin.py:188} INFO - [2025-11-06T11:10:28.708+0000] {dag.py:3036} INFO - Sync 1 DAGs
[2025-11-06T11:10:28.763+0000] {logging_mixin.py:188} INFO - [2025-11-06T11:10:28.763+0000] {dag.py:3823} INFO - Setting next_dagrun for example_sla_dag to 2025-11-06 11:08:00+00:00, run_after=2025-11-06 11:10:00+00:00
[2025-11-06T11:10:28.800+0000] {processor.py:183} INFO - Processing /home/airflow/.local/lib/python3.8/site-packages/airflow/example_dags/example_sla_dag.py took 0.169 seconds
[2025-11-06T11:10:58.885+0000] {processor.py:161} INFO - Started process (PID=1615) to work on /home/airflow/.local/lib/python3.8/site-packages/airflow/example_dags/example_sla_dag.py
[2025-11-06T11:10:58.886+0000] {processor.py:830} INFO - Processing file /home/airflow/.local/lib/python3.8/site-packages/airflow/example_dags/example_sla_dag.py for tasks to queue
[2025-11-06T11:10:58.889+0000] {logging_mixin.py:188} INFO - [2025-11-06T11:10:58.889+0000] {dagbag.py:538} INFO - Filling up the DagBag from /home/airflow/.local/lib/python3.8/site-packages/airflow/example_dags/example_sla_dag.py
[2025-11-06T11:10:58.901+0000] {processor.py:840} INFO - DAG(s) 'example_sla_dag' retrieved from /home/airflow/.local/lib/python3.8/site-packages/airflow/example_dags/example_sla_dag.py
[2025-11-06T11:10:58.930+0000] {logging_mixin.py:188} INFO - [2025-11-06T11:10:58.929+0000] {dag.py:3036} INFO - Sync 1 DAGs
[2025-11-06T11:10:58.966+0000] {logging_mixin.py:188} INFO - [2025-11-06T11:10:58.965+0000] {dag.py:3823} INFO - Setting next_dagrun for example_sla_dag to 2025-11-06 11:08:00+00:00, run_after=2025-11-06 11:10:00+00:00
[2025-11-06T11:10:58.991+0000] {processor.py:183} INFO - Processing /home/airflow/.local/lib/python3.8/site-packages/airflow/example_dags/example_sla_dag.py took 0.112 seconds
[2025-11-06T11:11:29.762+0000] {processor.py:161} INFO - Started process (PID=1671) to work on /home/airflow/.local/lib/python3.8/site-packages/airflow/example_dags/example_sla_dag.py
[2025-11-06T11:11:29.764+0000] {processor.py:830} INFO - Processing file /home/airflow/.local/lib/python3.8/site-packages/airflow/example_dags/example_sla_dag.py for tasks to queue
[2025-11-06T11:11:29.766+0000] {logging_mixin.py:188} INFO - [2025-11-06T11:11:29.766+0000] {dagbag.py:538} INFO - Filling up the DagBag from /home/airflow/.local/lib/python3.8/site-packages/airflow/example_dags/example_sla_dag.py
[2025-11-06T11:11:29.777+0000] {processor.py:840} INFO - DAG(s) 'example_sla_dag' retrieved from /home/airflow/.local/lib/python3.8/site-packages/airflow/example_dags/example_sla_dag.py
[2025-11-06T11:11:29.801+0000] {logging_mixin.py:188} INFO - [2025-11-06T11:11:29.801+0000] {dag.py:3036} INFO - Sync 1 DAGs
[2025-11-06T11:11:29.832+0000] {logging_mixin.py:188} INFO - [2025-11-06T11:11:29.832+0000] {dag.py:3823} INFO - Setting next_dagrun for example_sla_dag to 2025-11-06 11:08:00+00:00, run_after=2025-11-06 11:10:00+00:00
[2025-11-06T11:11:29.857+0000] {processor.py:183} INFO - Processing /home/airflow/.local/lib/python3.8/site-packages/airflow/example_dags/example_sla_dag.py took 0.099 seconds
[2025-11-06T11:12:00.355+0000] {processor.py:161} INFO - Started process (PID=1726) to work on /home/airflow/.local/lib/python3.8/site-packages/airflow/example_dags/example_sla_dag.py
[2025-11-06T11:12:00.358+0000] {processor.py:830} INFO - Processing file /home/airflow/.local/lib/python3.8/site-packages/airflow/example_dags/example_sla_dag.py for tasks to queue
[2025-11-06T11:12:00.363+0000] {logging_mixin.py:188} INFO - [2025-11-06T11:12:00.362+0000] {dagbag.py:538} INFO - Filling up the DagBag from /home/airflow/.local/lib/python3.8/site-packages/airflow/example_dags/example_sla_dag.py
[2025-11-06T11:12:00.387+0000] {processor.py:840} INFO - DAG(s) 'example_sla_dag' retrieved from /home/airflow/.local/lib/python3.8/site-packages/airflow/example_dags/example_sla_dag.py
[2025-11-06T11:12:00.440+0000] {logging_mixin.py:188} INFO - [2025-11-06T11:12:00.440+0000] {dag.py:3036} INFO - Sync 1 DAGs
[2025-11-06T11:12:00.518+0000] {logging_mixin.py:188} INFO - [2025-11-06T11:12:00.517+0000] {dag.py:3823} INFO - Setting next_dagrun for example_sla_dag to 2025-11-06 11:10:00+00:00, run_after=2025-11-06 11:12:00+00:00
[2025-11-06T11:12:00.571+0000] {processor.py:183} INFO - Processing /home/airflow/.local/lib/python3.8/site-packages/airflow/example_dags/example_sla_dag.py took 0.221 seconds
[2025-11-06T11:12:30.974+0000] {processor.py:161} INFO - Started process (PID=1780) to work on /home/airflow/.local/lib/python3.8/site-packages/airflow/example_dags/example_sla_dag.py
[2025-11-06T11:12:30.979+0000] {processor.py:830} INFO - Processing file /home/airflow/.local/lib/python3.8/site-packages/airflow/example_dags/example_sla_dag.py for tasks to queue
[2025-11-06T11:12:30.987+0000] {logging_mixin.py:188} INFO - [2025-11-06T11:12:30.986+0000] {dagbag.py:538} INFO - Filling up the DagBag from /home/airflow/.local/lib/python3.8/site-packages/airflow/example_dags/example_sla_dag.py
[2025-11-06T11:12:31.028+0000] {processor.py:840} INFO - DAG(s) 'example_sla_dag' retrieved from /home/airflow/.local/lib/python3.8/site-packages/airflow/example_dags/example_sla_dag.py
[2025-11-06T11:12:31.103+0000] {logging_mixin.py:188} INFO - [2025-11-06T11:12:31.102+0000] {dag.py:3036} INFO - Sync 1 DAGs
[2025-11-06T11:12:31.195+0000] {logging_mixin.py:188} INFO - [2025-11-06T11:12:31.194+0000] {dag.py:3823} INFO - Setting next_dagrun for example_sla_dag to 2025-11-06 11:10:00+00:00, run_after=2025-11-06 11:12:00+00:00
[2025-11-06T11:12:31.278+0000] {processor.py:183} INFO - Processing /home/airflow/.local/lib/python3.8/site-packages/airflow/example_dags/example_sla_dag.py took 0.325 seconds
[2025-11-06T11:13:01.433+0000] {processor.py:161} INFO - Started process (PID=1835) to work on /home/airflow/.local/lib/python3.8/site-packages/airflow/example_dags/example_sla_dag.py
[2025-11-06T11:13:01.435+0000] {processor.py:830} INFO - Processing file /home/airflow/.local/lib/python3.8/site-packages/airflow/example_dags/example_sla_dag.py for tasks to queue
[2025-11-06T11:13:01.438+0000] {logging_mixin.py:188} INFO - [2025-11-06T11:13:01.438+0000] {dagbag.py:538} INFO - Filling up the DagBag from /home/airflow/.local/lib/python3.8/site-packages/airflow/example_dags/example_sla_dag.py
[2025-11-06T11:13:01.451+0000] {processor.py:840} INFO - DAG(s) 'example_sla_dag' retrieved from /home/airflow/.local/lib/python3.8/site-packages/airflow/example_dags/example_sla_dag.py
[2025-11-06T11:13:01.493+0000] {logging_mixin.py:188} INFO - [2025-11-06T11:13:01.492+0000] {dag.py:3036} INFO - Sync 1 DAGs
[2025-11-06T11:13:01.551+0000] {logging_mixin.py:188} INFO - [2025-11-06T11:13:01.551+0000] {dag.py:3823} INFO - Setting next_dagrun for example_sla_dag to 2025-11-06 11:10:00+00:00, run_after=2025-11-06 11:12:00+00:00
[2025-11-06T11:13:01.590+0000] {processor.py:183} INFO - Processing /home/airflow/.local/lib/python3.8/site-packages/airflow/example_dags/example_sla_dag.py took 0.162 seconds
[2025-11-06T11:13:31.887+0000] {processor.py:161} INFO - Started process (PID=1890) to work on /home/airflow/.local/lib/python3.8/site-packages/airflow/example_dags/example_sla_dag.py
[2025-11-06T11:13:31.890+0000] {processor.py:830} INFO - Processing file /home/airflow/.local/lib/python3.8/site-packages/airflow/example_dags/example_sla_dag.py for tasks to queue
[2025-11-06T11:13:31.897+0000] {logging_mixin.py:188} INFO - [2025-11-06T11:13:31.896+0000] {dagbag.py:538} INFO - Filling up the DagBag from /home/airflow/.local/lib/python3.8/site-packages/airflow/example_dags/example_sla_dag.py
[2025-11-06T11:13:31.920+0000] {processor.py:840} INFO - DAG(s) 'example_sla_dag' retrieved from /home/airflow/.local/lib/python3.8/site-packages/airflow/example_dags/example_sla_dag.py
[2025-11-06T11:13:31.967+0000] {logging_mixin.py:188} INFO - [2025-11-06T11:13:31.967+0000] {dag.py:3036} INFO - Sync 1 DAGs
[2025-11-06T11:13:32.025+0000] {logging_mixin.py:188} INFO - [2025-11-06T11:13:32.024+0000] {dag.py:3823} INFO - Setting next_dagrun for example_sla_dag to 2025-11-06 11:10:00+00:00, run_after=2025-11-06 11:12:00+00:00
[2025-11-06T11:13:32.074+0000] {processor.py:183} INFO - Processing /home/airflow/.local/lib/python3.8/site-packages/airflow/example_dags/example_sla_dag.py took 0.200 seconds
[2025-11-06T11:14:02.553+0000] {processor.py:161} INFO - Started process (PID=1945) to work on /home/airflow/.local/lib/python3.8/site-packages/airflow/example_dags/example_sla_dag.py
[2025-11-06T11:14:02.556+0000] {processor.py:830} INFO - Processing file /home/airflow/.local/lib/python3.8/site-packages/airflow/example_dags/example_sla_dag.py for tasks to queue
[2025-11-06T11:14:02.562+0000] {logging_mixin.py:188} INFO - [2025-11-06T11:14:02.562+0000] {dagbag.py:538} INFO - Filling up the DagBag from /home/airflow/.local/lib/python3.8/site-packages/airflow/example_dags/example_sla_dag.py
[2025-11-06T11:14:02.605+0000] {processor.py:840} INFO - DAG(s) 'example_sla_dag' retrieved from /home/airflow/.local/lib/python3.8/site-packages/airflow/example_dags/example_sla_dag.py
[2025-11-06T11:14:02.652+0000] {logging_mixin.py:188} INFO - [2025-11-06T11:14:02.652+0000] {dag.py:3036} INFO - Sync 1 DAGs
[2025-11-06T11:14:02.707+0000] {logging_mixin.py:188} INFO - [2025-11-06T11:14:02.706+0000] {dag.py:3823} INFO - Setting next_dagrun for example_sla_dag to 2025-11-06 11:12:00+00:00, run_after=2025-11-06 11:14:00+00:00
[2025-11-06T11:14:02.773+0000] {processor.py:183} INFO - Processing /home/airflow/.local/lib/python3.8/site-packages/airflow/example_dags/example_sla_dag.py took 0.236 seconds
[2025-11-06T11:14:32.987+0000] {processor.py:161} INFO - Started process (PID=2000) to work on /home/airflow/.local/lib/python3.8/site-packages/airflow/example_dags/example_sla_dag.py
[2025-11-06T11:14:32.990+0000] {processor.py:830} INFO - Processing file /home/airflow/.local/lib/python3.8/site-packages/airflow/example_dags/example_sla_dag.py for tasks to queue
[2025-11-06T11:14:32.994+0000] {logging_mixin.py:188} INFO - [2025-11-06T11:14:32.994+0000] {dagbag.py:538} INFO - Filling up the DagBag from /home/airflow/.local/lib/python3.8/site-packages/airflow/example_dags/example_sla_dag.py
[2025-11-06T11:14:33.015+0000] {processor.py:840} INFO - DAG(s) 'example_sla_dag' retrieved from /home/airflow/.local/lib/python3.8/site-packages/airflow/example_dags/example_sla_dag.py
[2025-11-06T11:14:33.060+0000] {logging_mixin.py:188} INFO - [2025-11-06T11:14:33.060+0000] {dag.py:3036} INFO - Sync 1 DAGs
[2025-11-06T11:14:33.123+0000] {logging_mixin.py:188} INFO - [2025-11-06T11:14:33.122+0000] {dag.py:3823} INFO - Setting next_dagrun for example_sla_dag to 2025-11-06 11:12:00+00:00, run_after=2025-11-06 11:14:00+00:00
[2025-11-06T11:14:33.167+0000] {processor.py:183} INFO - Processing /home/airflow/.local/lib/python3.8/site-packages/airflow/example_dags/example_sla_dag.py took 0.188 seconds
[2025-11-06T11:15:04.032+0000] {processor.py:161} INFO - Started process (PID=2055) to work on /home/airflow/.local/lib/python3.8/site-packages/airflow/example_dags/example_sla_dag.py
[2025-11-06T11:15:04.034+0000] {processor.py:830} INFO - Processing file /home/airflow/.local/lib/python3.8/site-packages/airflow/example_dags/example_sla_dag.py for tasks to queue
[2025-11-06T11:15:04.038+0000] {logging_mixin.py:188} INFO - [2025-11-06T11:15:04.037+0000] {dagbag.py:538} INFO - Filling up the DagBag from /home/airflow/.local/lib/python3.8/site-packages/airflow/example_dags/example_sla_dag.py
[2025-11-06T11:15:04.056+0000] {processor.py:840} INFO - DAG(s) 'example_sla_dag' retrieved from /home/airflow/.local/lib/python3.8/site-packages/airflow/example_dags/example_sla_dag.py
[2025-11-06T11:15:04.110+0000] {logging_mixin.py:188} INFO - [2025-11-06T11:15:04.109+0000] {dag.py:3036} INFO - Sync 1 DAGs
[2025-11-06T11:15:04.174+0000] {logging_mixin.py:188} INFO - [2025-11-06T11:15:04.173+0000] {dag.py:3823} INFO - Setting next_dagrun for example_sla_dag to 2025-11-06 11:12:00+00:00, run_after=2025-11-06 11:14:00+00:00
[2025-11-06T11:15:04.245+0000] {processor.py:183} INFO - Processing /home/airflow/.local/lib/python3.8/site-packages/airflow/example_dags/example_sla_dag.py took 0.220 seconds
[2025-11-06T11:15:34.905+0000] {processor.py:161} INFO - Started process (PID=2110) to work on /home/airflow/.local/lib/python3.8/site-packages/airflow/example_dags/example_sla_dag.py
[2025-11-06T11:15:34.911+0000] {processor.py:830} INFO - Processing file /home/airflow/.local/lib/python3.8/site-packages/airflow/example_dags/example_sla_dag.py for tasks to queue
[2025-11-06T11:15:34.924+0000] {logging_mixin.py:188} INFO - [2025-11-06T11:15:34.921+0000] {dagbag.py:538} INFO - Filling up the DagBag from /home/airflow/.local/lib/python3.8/site-packages/airflow/example_dags/example_sla_dag.py
[2025-11-06T11:15:34.981+0000] {processor.py:840} INFO - DAG(s) 'example_sla_dag' retrieved from /home/airflow/.local/lib/python3.8/site-packages/airflow/example_dags/example_sla_dag.py
[2025-11-06T11:15:35.094+0000] {logging_mixin.py:188} INFO - [2025-11-06T11:15:35.093+0000] {dag.py:3036} INFO - Sync 1 DAGs
[2025-11-06T11:15:35.243+0000] {logging_mixin.py:188} INFO - [2025-11-06T11:15:35.242+0000] {dag.py:3823} INFO - Setting next_dagrun for example_sla_dag to 2025-11-06 11:12:00+00:00, run_after=2025-11-06 11:14:00+00:00
[2025-11-06T11:15:35.343+0000] {processor.py:183} INFO - Processing /home/airflow/.local/lib/python3.8/site-packages/airflow/example_dags/example_sla_dag.py took 0.457 seconds
[2025-11-06T11:16:05.469+0000] {processor.py:161} INFO - Started process (PID=2164) to work on /home/airflow/.local/lib/python3.8/site-packages/airflow/example_dags/example_sla_dag.py
[2025-11-06T11:16:05.471+0000] {processor.py:830} INFO - Processing file /home/airflow/.local/lib/python3.8/site-packages/airflow/example_dags/example_sla_dag.py for tasks to queue
[2025-11-06T11:16:05.475+0000] {logging_mixin.py:188} INFO - [2025-11-06T11:16:05.474+0000] {dagbag.py:538} INFO - Filling up the DagBag from /home/airflow/.local/lib/python3.8/site-packages/airflow/example_dags/example_sla_dag.py
[2025-11-06T11:16:05.502+0000] {processor.py:840} INFO - DAG(s) 'example_sla_dag' retrieved from /home/airflow/.local/lib/python3.8/site-packages/airflow/example_dags/example_sla_dag.py
[2025-11-06T11:16:05.554+0000] {logging_mixin.py:188} INFO - [2025-11-06T11:16:05.553+0000] {dag.py:3036} INFO - Sync 1 DAGs
[2025-11-06T11:16:05.639+0000] {logging_mixin.py:188} INFO - [2025-11-06T11:16:05.638+0000] {dag.py:3823} INFO - Setting next_dagrun for example_sla_dag to 2025-11-06 11:14:00+00:00, run_after=2025-11-06 11:16:00+00:00
[2025-11-06T11:16:05.703+0000] {processor.py:183} INFO - Processing /home/airflow/.local/lib/python3.8/site-packages/airflow/example_dags/example_sla_dag.py took 0.241 seconds
[2025-11-06T11:16:36.136+0000] {processor.py:161} INFO - Started process (PID=2219) to work on /home/airflow/.local/lib/python3.8/site-packages/airflow/example_dags/example_sla_dag.py
[2025-11-06T11:16:36.141+0000] {processor.py:830} INFO - Processing file /home/airflow/.local/lib/python3.8/site-packages/airflow/example_dags/example_sla_dag.py for tasks to queue
[2025-11-06T11:16:36.150+0000] {logging_mixin.py:188} INFO - [2025-11-06T11:16:36.149+0000] {dagbag.py:538} INFO - Filling up the DagBag from /home/airflow/.local/lib/python3.8/site-packages/airflow/example_dags/example_sla_dag.py
[2025-11-06T11:16:36.202+0000] {processor.py:840} INFO - DAG(s) 'example_sla_dag' retrieved from /home/airflow/.local/lib/python3.8/site-packages/airflow/example_dags/example_sla_dag.py
[2025-11-06T11:16:36.390+0000] {logging_mixin.py:188} INFO - [2025-11-06T11:16:36.379+0000] {dag.py:3036} INFO - Sync 1 DAGs
[2025-11-06T11:16:36.620+0000] {logging_mixin.py:188} INFO - [2025-11-06T11:16:36.620+0000] {dag.py:3823} INFO - Setting next_dagrun for example_sla_dag to 2025-11-06 11:14:00+00:00, run_after=2025-11-06 11:16:00+00:00
[2025-11-06T11:16:36.762+0000] {processor.py:183} INFO - Processing /home/airflow/.local/lib/python3.8/site-packages/airflow/example_dags/example_sla_dag.py took 0.646 seconds
[2025-11-06T11:17:06.899+0000] {processor.py:161} INFO - Started process (PID=2273) to work on /home/airflow/.local/lib/python3.8/site-packages/airflow/example_dags/example_sla_dag.py
[2025-11-06T11:17:06.901+0000] {processor.py:830} INFO - Processing file /home/airflow/.local/lib/python3.8/site-packages/airflow/example_dags/example_sla_dag.py for tasks to queue
[2025-11-06T11:17:06.906+0000] {logging_mixin.py:188} INFO - [2025-11-06T11:17:06.905+0000] {dagbag.py:538} INFO - Filling up the DagBag from /home/airflow/.local/lib/python3.8/site-packages/airflow/example_dags/example_sla_dag.py
[2025-11-06T11:17:06.930+0000] {processor.py:840} INFO - DAG(s) 'example_sla_dag' retrieved from /home/airflow/.local/lib/python3.8/site-packages/airflow/example_dags/example_sla_dag.py
[2025-11-06T11:17:06.979+0000] {logging_mixin.py:188} INFO - [2025-11-06T11:17:06.978+0000] {dag.py:3036} INFO - Sync 1 DAGs
[2025-11-06T11:17:07.042+0000] {logging_mixin.py:188} INFO - [2025-11-06T11:17:07.042+0000] {dag.py:3823} INFO - Setting next_dagrun for example_sla_dag to 2025-11-06 11:14:00+00:00, run_after=2025-11-06 11:16:00+00:00
[2025-11-06T11:17:07.084+0000] {processor.py:183} INFO - Processing /home/airflow/.local/lib/python3.8/site-packages/airflow/example_dags/example_sla_dag.py took 0.198 seconds
[2025-11-06T11:17:37.401+0000] {processor.py:161} INFO - Started process (PID=2328) to work on /home/airflow/.local/lib/python3.8/site-packages/airflow/example_dags/example_sla_dag.py
[2025-11-06T11:17:37.403+0000] {processor.py:830} INFO - Processing file /home/airflow/.local/lib/python3.8/site-packages/airflow/example_dags/example_sla_dag.py for tasks to queue
[2025-11-06T11:17:37.407+0000] {logging_mixin.py:188} INFO - [2025-11-06T11:17:37.407+0000] {dagbag.py:538} INFO - Filling up the DagBag from /home/airflow/.local/lib/python3.8/site-packages/airflow/example_dags/example_sla_dag.py
[2025-11-06T11:17:37.425+0000] {processor.py:840} INFO - DAG(s) 'example_sla_dag' retrieved from /home/airflow/.local/lib/python3.8/site-packages/airflow/example_dags/example_sla_dag.py
[2025-11-06T11:17:37.457+0000] {logging_mixin.py:188} INFO - [2025-11-06T11:17:37.456+0000] {dag.py:3036} INFO - Sync 1 DAGs
[2025-11-06T11:17:37.490+0000] {logging_mixin.py:188} INFO - [2025-11-06T11:17:37.490+0000] {dag.py:3823} INFO - Setting next_dagrun for example_sla_dag to 2025-11-06 11:14:00+00:00, run_after=2025-11-06 11:16:00+00:00
[2025-11-06T11:17:37.516+0000] {processor.py:183} INFO - Processing /home/airflow/.local/lib/python3.8/site-packages/airflow/example_dags/example_sla_dag.py took 0.124 seconds
[2025-11-06T11:18:07.651+0000] {processor.py:161} INFO - Started process (PID=2383) to work on /home/airflow/.local/lib/python3.8/site-packages/airflow/example_dags/example_sla_dag.py
[2025-11-06T11:18:07.653+0000] {processor.py:830} INFO - Processing file /home/airflow/.local/lib/python3.8/site-packages/airflow/example_dags/example_sla_dag.py for tasks to queue
[2025-11-06T11:18:07.656+0000] {logging_mixin.py:188} INFO - [2025-11-06T11:18:07.656+0000] {dagbag.py:538} INFO - Filling up the DagBag from /home/airflow/.local/lib/python3.8/site-packages/airflow/example_dags/example_sla_dag.py
[2025-11-06T11:18:07.670+0000] {processor.py:840} INFO - DAG(s) 'example_sla_dag' retrieved from /home/airflow/.local/lib/python3.8/site-packages/airflow/example_dags/example_sla_dag.py
[2025-11-06T11:18:07.705+0000] {logging_mixin.py:188} INFO - [2025-11-06T11:18:07.704+0000] {dag.py:3036} INFO - Sync 1 DAGs
[2025-11-06T11:18:07.760+0000] {logging_mixin.py:188} INFO - [2025-11-06T11:18:07.760+0000] {dag.py:3823} INFO - Setting next_dagrun for example_sla_dag to 2025-11-06 11:16:00+00:00, run_after=2025-11-06 11:18:00+00:00
[2025-11-06T11:18:07.802+0000] {processor.py:183} INFO - Processing /home/airflow/.local/lib/python3.8/site-packages/airflow/example_dags/example_sla_dag.py took 0.157 seconds
[2025-11-06T11:18:37.950+0000] {processor.py:161} INFO - Started process (PID=2438) to work on /home/airflow/.local/lib/python3.8/site-packages/airflow/example_dags/example_sla_dag.py
[2025-11-06T11:18:37.952+0000] {processor.py:830} INFO - Processing file /home/airflow/.local/lib/python3.8/site-packages/airflow/example_dags/example_sla_dag.py for tasks to queue
[2025-11-06T11:18:37.957+0000] {logging_mixin.py:188} INFO - [2025-11-06T11:18:37.956+0000] {dagbag.py:538} INFO - Filling up the DagBag from /home/airflow/.local/lib/python3.8/site-packages/airflow/example_dags/example_sla_dag.py
[2025-11-06T11:18:37.976+0000] {processor.py:840} INFO - DAG(s) 'example_sla_dag' retrieved from /home/airflow/.local/lib/python3.8/site-packages/airflow/example_dags/example_sla_dag.py
[2025-11-06T11:18:38.022+0000] {logging_mixin.py:188} INFO - [2025-11-06T11:18:38.022+0000] {dag.py:3036} INFO - Sync 1 DAGs
[2025-11-06T11:18:38.110+0000] {logging_mixin.py:188} INFO - [2025-11-06T11:18:38.109+0000] {dag.py:3823} INFO - Setting next_dagrun for example_sla_dag to 2025-11-06 11:16:00+00:00, run_after=2025-11-06 11:18:00+00:00
[2025-11-06T11:18:38.157+0000] {processor.py:183} INFO - Processing /home/airflow/.local/lib/python3.8/site-packages/airflow/example_dags/example_sla_dag.py took 0.215 seconds
[2025-11-06T11:19:08.437+0000] {processor.py:161} INFO - Started process (PID=2493) to work on /home/airflow/.local/lib/python3.8/site-packages/airflow/example_dags/example_sla_dag.py
[2025-11-06T11:19:08.441+0000] {processor.py:830} INFO - Processing file /home/airflow/.local/lib/python3.8/site-packages/airflow/example_dags/example_sla_dag.py for tasks to queue
[2025-11-06T11:19:08.452+0000] {logging_mixin.py:188} INFO - [2025-11-06T11:19:08.449+0000] {dagbag.py:538} INFO - Filling up the DagBag from /home/airflow/.local/lib/python3.8/site-packages/airflow/example_dags/example_sla_dag.py
[2025-11-06T11:19:08.489+0000] {processor.py:840} INFO - DAG(s) 'example_sla_dag' retrieved from /home/airflow/.local/lib/python3.8/site-packages/airflow/example_dags/example_sla_dag.py
[2025-11-06T11:19:08.570+0000] {logging_mixin.py:188} INFO - [2025-11-06T11:19:08.570+0000] {dag.py:3036} INFO - Sync 1 DAGs
[2025-11-06T11:19:08.705+0000] {logging_mixin.py:188} INFO - [2025-11-06T11:19:08.704+0000] {dag.py:3823} INFO - Setting next_dagrun for example_sla_dag to 2025-11-06 11:16:00+00:00, run_after=2025-11-06 11:18:00+00:00
[2025-11-06T11:19:08.808+0000] {processor.py:183} INFO - Processing /home/airflow/.local/lib/python3.8/site-packages/airflow/example_dags/example_sla_dag.py took 0.383 seconds
[2025-11-06T11:19:39.394+0000] {processor.py:161} INFO - Started process (PID=2548) to work on /home/airflow/.local/lib/python3.8/site-packages/airflow/example_dags/example_sla_dag.py
[2025-11-06T11:19:39.396+0000] {processor.py:830} INFO - Processing file /home/airflow/.local/lib/python3.8/site-packages/airflow/example_dags/example_sla_dag.py for tasks to queue
[2025-11-06T11:19:39.399+0000] {logging_mixin.py:188} INFO - [2025-11-06T11:19:39.398+0000] {dagbag.py:538} INFO - Filling up the DagBag from /home/airflow/.local/lib/python3.8/site-packages/airflow/example_dags/example_sla_dag.py
[2025-11-06T11:19:39.414+0000] {processor.py:840} INFO - DAG(s) 'example_sla_dag' retrieved from /home/airflow/.local/lib/python3.8/site-packages/airflow/example_dags/example_sla_dag.py
[2025-11-06T11:19:39.445+0000] {logging_mixin.py:188} INFO - [2025-11-06T11:19:39.444+0000] {dag.py:3036} INFO - Sync 1 DAGs
[2025-11-06T11:19:39.482+0000] {logging_mixin.py:188} INFO - [2025-11-06T11:19:39.482+0000] {dag.py:3823} INFO - Setting next_dagrun for example_sla_dag to 2025-11-06 11:16:00+00:00, run_after=2025-11-06 11:18:00+00:00
[2025-11-06T11:19:39.514+0000] {processor.py:183} INFO - Processing /home/airflow/.local/lib/python3.8/site-packages/airflow/example_dags/example_sla_dag.py took 0.125 seconds
[2025-11-06T11:20:10.188+0000] {processor.py:161} INFO - Started process (PID=2603) to work on /home/airflow/.local/lib/python3.8/site-packages/airflow/example_dags/example_sla_dag.py
[2025-11-06T11:20:10.190+0000] {processor.py:830} INFO - Processing file /home/airflow/.local/lib/python3.8/site-packages/airflow/example_dags/example_sla_dag.py for tasks to queue
[2025-11-06T11:20:10.193+0000] {logging_mixin.py:188} INFO - [2025-11-06T11:20:10.193+0000] {dagbag.py:538} INFO - Filling up the DagBag from /home/airflow/.local/lib/python3.8/site-packages/airflow/example_dags/example_sla_dag.py
[2025-11-06T11:20:10.207+0000] {processor.py:840} INFO - DAG(s) 'example_sla_dag' retrieved from /home/airflow/.local/lib/python3.8/site-packages/airflow/example_dags/example_sla_dag.py
[2025-11-06T11:20:10.259+0000] {logging_mixin.py:188} INFO - [2025-11-06T11:20:10.258+0000] {dag.py:3036} INFO - Sync 1 DAGs
[2025-11-06T11:20:10.334+0000] {logging_mixin.py:188} INFO - [2025-11-06T11:20:10.334+0000] {dag.py:3823} INFO - Setting next_dagrun for example_sla_dag to 2025-11-06 11:18:00+00:00, run_after=2025-11-06 11:20:00+00:00
[2025-11-06T11:20:10.372+0000] {processor.py:183} INFO - Processing /home/airflow/.local/lib/python3.8/site-packages/airflow/example_dags/example_sla_dag.py took 0.193 seconds
[2025-11-06T11:20:41.017+0000] {processor.py:161} INFO - Started process (PID=2658) to work on /home/airflow/.local/lib/python3.8/site-packages/airflow/example_dags/example_sla_dag.py
[2025-11-06T11:20:41.020+0000] {processor.py:830} INFO - Processing file /home/airflow/.local/lib/python3.8/site-packages/airflow/example_dags/example_sla_dag.py for tasks to queue
[2025-11-06T11:20:41.024+0000] {logging_mixin.py:188} INFO - [2025-11-06T11:20:41.024+0000] {dagbag.py:538} INFO - Filling up the DagBag from /home/airflow/.local/lib/python3.8/site-packages/airflow/example_dags/example_sla_dag.py
[2025-11-06T11:20:41.047+0000] {processor.py:840} INFO - DAG(s) 'example_sla_dag' retrieved from /home/airflow/.local/lib/python3.8/site-packages/airflow/example_dags/example_sla_dag.py
[2025-11-06T11:20:41.101+0000] {logging_mixin.py:188} INFO - [2025-11-06T11:20:41.101+0000] {dag.py:3036} INFO - Sync 1 DAGs
[2025-11-06T11:20:41.168+0000] {logging_mixin.py:188} INFO - [2025-11-06T11:20:41.167+0000] {dag.py:3823} INFO - Setting next_dagrun for example_sla_dag to 2025-11-06 11:18:00+00:00, run_after=2025-11-06 11:20:00+00:00
[2025-11-06T11:20:41.216+0000] {processor.py:183} INFO - Processing /home/airflow/.local/lib/python3.8/site-packages/airflow/example_dags/example_sla_dag.py took 0.208 seconds
[2025-11-06T11:21:12.311+0000] {processor.py:161} INFO - Started process (PID=2711) to work on /home/airflow/.local/lib/python3.8/site-packages/airflow/example_dags/example_sla_dag.py
[2025-11-06T11:21:12.327+0000] {processor.py:830} INFO - Processing file /home/airflow/.local/lib/python3.8/site-packages/airflow/example_dags/example_sla_dag.py for tasks to queue
[2025-11-06T11:21:12.342+0000] {logging_mixin.py:188} INFO - [2025-11-06T11:21:12.341+0000] {dagbag.py:538} INFO - Filling up the DagBag from /home/airflow/.local/lib/python3.8/site-packages/airflow/example_dags/example_sla_dag.py
[2025-11-06T11:21:12.438+0000] {processor.py:840} INFO - DAG(s) 'example_sla_dag' retrieved from /home/airflow/.local/lib/python3.8/site-packages/airflow/example_dags/example_sla_dag.py
[2025-11-06T11:21:12.574+0000] {logging_mixin.py:188} INFO - [2025-11-06T11:21:12.573+0000] {dag.py:3036} INFO - Sync 1 DAGs
[2025-11-06T11:21:12.692+0000] {logging_mixin.py:188} INFO - [2025-11-06T11:21:12.690+0000] {dag.py:3823} INFO - Setting next_dagrun for example_sla_dag to 2025-11-06 11:18:00+00:00, run_after=2025-11-06 11:20:00+00:00
[2025-11-06T11:21:13.379+0000] {processor.py:183} INFO - Processing /home/airflow/.local/lib/python3.8/site-packages/airflow/example_dags/example_sla_dag.py took 1.102 seconds
[2025-11-06T11:21:43.963+0000] {processor.py:161} INFO - Started process (PID=2766) to work on /home/airflow/.local/lib/python3.8/site-packages/airflow/example_dags/example_sla_dag.py
[2025-11-06T11:21:43.981+0000] {processor.py:830} INFO - Processing file /home/airflow/.local/lib/python3.8/site-packages/airflow/example_dags/example_sla_dag.py for tasks to queue
[2025-11-06T11:21:43.995+0000] {logging_mixin.py:188} INFO - [2025-11-06T11:21:43.990+0000] {dagbag.py:538} INFO - Filling up the DagBag from /home/airflow/.local/lib/python3.8/site-packages/airflow/example_dags/example_sla_dag.py
[2025-11-06T11:21:44.079+0000] {processor.py:840} INFO - DAG(s) 'example_sla_dag' retrieved from /home/airflow/.local/lib/python3.8/site-packages/airflow/example_dags/example_sla_dag.py
[2025-11-06T11:21:44.191+0000] {logging_mixin.py:188} INFO - [2025-11-06T11:21:44.190+0000] {dag.py:3036} INFO - Sync 1 DAGs
[2025-11-06T11:21:44.348+0000] {logging_mixin.py:188} INFO - [2025-11-06T11:21:44.347+0000] {dag.py:3823} INFO - Setting next_dagrun for example_sla_dag to 2025-11-06 11:18:00+00:00, run_after=2025-11-06 11:20:00+00:00
[2025-11-06T11:21:45.017+0000] {processor.py:183} INFO - Processing /home/airflow/.local/lib/python3.8/site-packages/airflow/example_dags/example_sla_dag.py took 1.084 seconds
[2025-11-06T11:22:15.876+0000] {processor.py:161} INFO - Started process (PID=2822) to work on /home/airflow/.local/lib/python3.8/site-packages/airflow/example_dags/example_sla_dag.py
[2025-11-06T11:22:15.882+0000] {processor.py:830} INFO - Processing file /home/airflow/.local/lib/python3.8/site-packages/airflow/example_dags/example_sla_dag.py for tasks to queue
[2025-11-06T11:22:15.898+0000] {logging_mixin.py:188} INFO - [2025-11-06T11:22:15.897+0000] {dagbag.py:538} INFO - Filling up the DagBag from /home/airflow/.local/lib/python3.8/site-packages/airflow/example_dags/example_sla_dag.py
[2025-11-06T11:22:15.991+0000] {processor.py:840} INFO - DAG(s) 'example_sla_dag' retrieved from /home/airflow/.local/lib/python3.8/site-packages/airflow/example_dags/example_sla_dag.py
[2025-11-06T11:22:16.107+0000] {logging_mixin.py:188} INFO - [2025-11-06T11:22:16.107+0000] {dag.py:3036} INFO - Sync 1 DAGs
[2025-11-06T11:22:16.245+0000] {logging_mixin.py:188} INFO - [2025-11-06T11:22:16.244+0000] {dag.py:3823} INFO - Setting next_dagrun for example_sla_dag to 2025-11-06 11:20:00+00:00, run_after=2025-11-06 11:22:00+00:00
[2025-11-06T11:22:16.360+0000] {processor.py:183} INFO - Processing /home/airflow/.local/lib/python3.8/site-packages/airflow/example_dags/example_sla_dag.py took 0.516 seconds
[2025-11-06T11:22:47.101+0000] {processor.py:161} INFO - Started process (PID=2877) to work on /home/airflow/.local/lib/python3.8/site-packages/airflow/example_dags/example_sla_dag.py
[2025-11-06T11:22:47.104+0000] {processor.py:830} INFO - Processing file /home/airflow/.local/lib/python3.8/site-packages/airflow/example_dags/example_sla_dag.py for tasks to queue
[2025-11-06T11:22:47.112+0000] {logging_mixin.py:188} INFO - [2025-11-06T11:22:47.111+0000] {dagbag.py:538} INFO - Filling up the DagBag from /home/airflow/.local/lib/python3.8/site-packages/airflow/example_dags/example_sla_dag.py
[2025-11-06T11:22:47.144+0000] {processor.py:840} INFO - DAG(s) 'example_sla_dag' retrieved from /home/airflow/.local/lib/python3.8/site-packages/airflow/example_dags/example_sla_dag.py
[2025-11-06T11:22:47.207+0000] {logging_mixin.py:188} INFO - [2025-11-06T11:22:47.206+0000] {dag.py:3036} INFO - Sync 1 DAGs
[2025-11-06T11:22:47.297+0000] {logging_mixin.py:188} INFO - [2025-11-06T11:22:47.297+0000] {dag.py:3823} INFO - Setting next_dagrun for example_sla_dag to 2025-11-06 11:20:00+00:00, run_after=2025-11-06 11:22:00+00:00
[2025-11-06T11:22:47.394+0000] {processor.py:183} INFO - Processing /home/airflow/.local/lib/python3.8/site-packages/airflow/example_dags/example_sla_dag.py took 0.310 seconds
[2025-11-06T11:23:17.544+0000] {processor.py:161} INFO - Started process (PID=2933) to work on /home/airflow/.local/lib/python3.8/site-packages/airflow/example_dags/example_sla_dag.py
[2025-11-06T11:23:17.546+0000] {processor.py:830} INFO - Processing file /home/airflow/.local/lib/python3.8/site-packages/airflow/example_dags/example_sla_dag.py for tasks to queue
[2025-11-06T11:23:17.552+0000] {logging_mixin.py:188} INFO - [2025-11-06T11:23:17.550+0000] {dagbag.py:538} INFO - Filling up the DagBag from /home/airflow/.local/lib/python3.8/site-packages/airflow/example_dags/example_sla_dag.py
[2025-11-06T11:23:17.586+0000] {processor.py:840} INFO - DAG(s) 'example_sla_dag' retrieved from /home/airflow/.local/lib/python3.8/site-packages/airflow/example_dags/example_sla_dag.py
[2025-11-06T11:23:17.639+0000] {logging_mixin.py:188} INFO - [2025-11-06T11:23:17.639+0000] {dag.py:3036} INFO - Sync 1 DAGs
[2025-11-06T11:23:17.696+0000] {logging_mixin.py:188} INFO - [2025-11-06T11:23:17.696+0000] {dag.py:3823} INFO - Setting next_dagrun for example_sla_dag to 2025-11-06 11:20:00+00:00, run_after=2025-11-06 11:22:00+00:00
[2025-11-06T11:23:17.735+0000] {processor.py:183} INFO - Processing /home/airflow/.local/lib/python3.8/site-packages/airflow/example_dags/example_sla_dag.py took 0.202 seconds
[2025-11-06T11:23:47.942+0000] {processor.py:161} INFO - Started process (PID=2988) to work on /home/airflow/.local/lib/python3.8/site-packages/airflow/example_dags/example_sla_dag.py
[2025-11-06T11:23:47.944+0000] {processor.py:830} INFO - Processing file /home/airflow/.local/lib/python3.8/site-packages/airflow/example_dags/example_sla_dag.py for tasks to queue
[2025-11-06T11:23:47.951+0000] {logging_mixin.py:188} INFO - [2025-11-06T11:23:47.950+0000] {dagbag.py:538} INFO - Filling up the DagBag from /home/airflow/.local/lib/python3.8/site-packages/airflow/example_dags/example_sla_dag.py
[2025-11-06T11:23:47.975+0000] {processor.py:840} INFO - DAG(s) 'example_sla_dag' retrieved from /home/airflow/.local/lib/python3.8/site-packages/airflow/example_dags/example_sla_dag.py
[2025-11-06T11:23:48.022+0000] {logging_mixin.py:188} INFO - [2025-11-06T11:23:48.022+0000] {dag.py:3036} INFO - Sync 1 DAGs
[2025-11-06T11:23:48.411+0000] {logging_mixin.py:188} INFO - [2025-11-06T11:23:48.410+0000] {dag.py:3823} INFO - Setting next_dagrun for example_sla_dag to 2025-11-06 11:20:00+00:00, run_after=2025-11-06 11:22:00+00:00
[2025-11-06T11:23:48.465+0000] {processor.py:183} INFO - Processing /home/airflow/.local/lib/python3.8/site-packages/airflow/example_dags/example_sla_dag.py took 0.534 seconds
[2025-11-06T11:24:23.116+0000] {processor.py:161} INFO - Started process (PID=3043) to work on /home/airflow/.local/lib/python3.8/site-packages/airflow/example_dags/example_sla_dag.py
[2025-11-06T11:24:23.127+0000] {processor.py:830} INFO - Processing file /home/airflow/.local/lib/python3.8/site-packages/airflow/example_dags/example_sla_dag.py for tasks to queue
[2025-11-06T11:24:23.138+0000] {logging_mixin.py:188} INFO - [2025-11-06T11:24:23.137+0000] {dagbag.py:538} INFO - Filling up the DagBag from /home/airflow/.local/lib/python3.8/site-packages/airflow/example_dags/example_sla_dag.py
[2025-11-06T11:24:23.193+0000] {processor.py:840} INFO - DAG(s) 'example_sla_dag' retrieved from /home/airflow/.local/lib/python3.8/site-packages/airflow/example_dags/example_sla_dag.py
[2025-11-06T11:24:23.336+0000] {logging_mixin.py:188} INFO - [2025-11-06T11:24:23.336+0000] {dag.py:3036} INFO - Sync 1 DAGs
[2025-11-06T11:24:24.839+0000] {logging_mixin.py:188} INFO - [2025-11-06T11:24:24.838+0000] {dag.py:3823} INFO - Setting next_dagrun for example_sla_dag to 2025-11-06 11:22:00+00:00, run_after=2025-11-06 11:24:00+00:00
[2025-11-06T11:24:25.046+0000] {processor.py:183} INFO - Processing /home/airflow/.local/lib/python3.8/site-packages/airflow/example_dags/example_sla_dag.py took 1.961 seconds
[2025-11-06T11:24:55.256+0000] {processor.py:161} INFO - Started process (PID=3098) to work on /home/airflow/.local/lib/python3.8/site-packages/airflow/example_dags/example_sla_dag.py
[2025-11-06T11:24:55.258+0000] {processor.py:830} INFO - Processing file /home/airflow/.local/lib/python3.8/site-packages/airflow/example_dags/example_sla_dag.py for tasks to queue
[2025-11-06T11:24:55.261+0000] {logging_mixin.py:188} INFO - [2025-11-06T11:24:55.261+0000] {dagbag.py:538} INFO - Filling up the DagBag from /home/airflow/.local/lib/python3.8/site-packages/airflow/example_dags/example_sla_dag.py
[2025-11-06T11:24:55.274+0000] {processor.py:840} INFO - DAG(s) 'example_sla_dag' retrieved from /home/airflow/.local/lib/python3.8/site-packages/airflow/example_dags/example_sla_dag.py
[2025-11-06T11:24:55.303+0000] {logging_mixin.py:188} INFO - [2025-11-06T11:24:55.303+0000] {dag.py:3036} INFO - Sync 1 DAGs
[2025-11-06T11:24:55.339+0000] {logging_mixin.py:188} INFO - [2025-11-06T11:24:55.339+0000] {dag.py:3823} INFO - Setting next_dagrun for example_sla_dag to 2025-11-06 11:22:00+00:00, run_after=2025-11-06 11:24:00+00:00
[2025-11-06T11:24:55.367+0000] {processor.py:183} INFO - Processing /home/airflow/.local/lib/python3.8/site-packages/airflow/example_dags/example_sla_dag.py took 0.117 seconds
[2025-11-06T11:25:29.866+0000] {processor.py:161} INFO - Started process (PID=3162) to work on /home/airflow/.local/lib/python3.8/site-packages/airflow/example_dags/example_sla_dag.py
[2025-11-06T11:25:29.868+0000] {processor.py:830} INFO - Processing file /home/airflow/.local/lib/python3.8/site-packages/airflow/example_dags/example_sla_dag.py for tasks to queue
[2025-11-06T11:25:29.872+0000] {logging_mixin.py:188} INFO - [2025-11-06T11:25:29.872+0000] {dagbag.py:538} INFO - Filling up the DagBag from /home/airflow/.local/lib/python3.8/site-packages/airflow/example_dags/example_sla_dag.py
[2025-11-06T11:25:29.892+0000] {processor.py:840} INFO - DAG(s) 'example_sla_dag' retrieved from /home/airflow/.local/lib/python3.8/site-packages/airflow/example_dags/example_sla_dag.py
[2025-11-06T11:25:29.928+0000] {logging_mixin.py:188} INFO - [2025-11-06T11:25:29.927+0000] {dag.py:3036} INFO - Sync 1 DAGs
[2025-11-06T11:25:29.977+0000] {logging_mixin.py:188} INFO - [2025-11-06T11:25:29.976+0000] {dag.py:3823} INFO - Setting next_dagrun for example_sla_dag to 2025-11-06 11:22:00+00:00, run_after=2025-11-06 11:24:00+00:00
[2025-11-06T11:25:30.011+0000] {processor.py:183} INFO - Processing /home/airflow/.local/lib/python3.8/site-packages/airflow/example_dags/example_sla_dag.py took 0.153 seconds
[2025-11-06T11:26:01.980+0000] {processor.py:161} INFO - Started process (PID=3218) to work on /home/airflow/.local/lib/python3.8/site-packages/airflow/example_dags/example_sla_dag.py
[2025-11-06T11:26:01.983+0000] {processor.py:830} INFO - Processing file /home/airflow/.local/lib/python3.8/site-packages/airflow/example_dags/example_sla_dag.py for tasks to queue
[2025-11-06T11:26:01.986+0000] {logging_mixin.py:188} INFO - [2025-11-06T11:26:01.986+0000] {dagbag.py:538} INFO - Filling up the DagBag from /home/airflow/.local/lib/python3.8/site-packages/airflow/example_dags/example_sla_dag.py
[2025-11-06T11:26:02.004+0000] {processor.py:840} INFO - DAG(s) 'example_sla_dag' retrieved from /home/airflow/.local/lib/python3.8/site-packages/airflow/example_dags/example_sla_dag.py
[2025-11-06T11:26:02.041+0000] {logging_mixin.py:188} INFO - [2025-11-06T11:26:02.040+0000] {dag.py:3036} INFO - Sync 1 DAGs
[2025-11-06T11:26:02.082+0000] {logging_mixin.py:188} INFO - [2025-11-06T11:26:02.082+0000] {dag.py:3823} INFO - Setting next_dagrun for example_sla_dag to 2025-11-06 11:24:00+00:00, run_after=2025-11-06 11:26:00+00:00
[2025-11-06T11:26:02.117+0000] {processor.py:183} INFO - Processing /home/airflow/.local/lib/python3.8/site-packages/airflow/example_dags/example_sla_dag.py took 0.144 seconds
[2025-11-06T11:26:33.360+0000] {processor.py:161} INFO - Started process (PID=3272) to work on /home/airflow/.local/lib/python3.8/site-packages/airflow/example_dags/example_sla_dag.py
[2025-11-06T11:26:33.363+0000] {processor.py:830} INFO - Processing file /home/airflow/.local/lib/python3.8/site-packages/airflow/example_dags/example_sla_dag.py for tasks to queue
[2025-11-06T11:26:33.369+0000] {logging_mixin.py:188} INFO - [2025-11-06T11:26:33.368+0000] {dagbag.py:538} INFO - Filling up the DagBag from /home/airflow/.local/lib/python3.8/site-packages/airflow/example_dags/example_sla_dag.py
[2025-11-06T11:26:33.398+0000] {processor.py:840} INFO - DAG(s) 'example_sla_dag' retrieved from /home/airflow/.local/lib/python3.8/site-packages/airflow/example_dags/example_sla_dag.py
[2025-11-06T11:26:33.456+0000] {logging_mixin.py:188} INFO - [2025-11-06T11:26:33.455+0000] {dag.py:3036} INFO - Sync 1 DAGs
[2025-11-06T11:26:33.517+0000] {logging_mixin.py:188} INFO - [2025-11-06T11:26:33.516+0000] {dag.py:3823} INFO - Setting next_dagrun for example_sla_dag to 2025-11-06 11:24:00+00:00, run_after=2025-11-06 11:26:00+00:00
[2025-11-06T11:26:33.557+0000] {processor.py:183} INFO - Processing /home/airflow/.local/lib/python3.8/site-packages/airflow/example_dags/example_sla_dag.py took 0.208 seconds
[2025-11-06T11:27:04.044+0000] {processor.py:161} INFO - Started process (PID=3327) to work on /home/airflow/.local/lib/python3.8/site-packages/airflow/example_dags/example_sla_dag.py
[2025-11-06T11:27:04.048+0000] {processor.py:830} INFO - Processing file /home/airflow/.local/lib/python3.8/site-packages/airflow/example_dags/example_sla_dag.py for tasks to queue
[2025-11-06T11:27:04.052+0000] {logging_mixin.py:188} INFO - [2025-11-06T11:27:04.052+0000] {dagbag.py:538} INFO - Filling up the DagBag from /home/airflow/.local/lib/python3.8/site-packages/airflow/example_dags/example_sla_dag.py
[2025-11-06T11:27:04.073+0000] {processor.py:840} INFO - DAG(s) 'example_sla_dag' retrieved from /home/airflow/.local/lib/python3.8/site-packages/airflow/example_dags/example_sla_dag.py
[2025-11-06T11:27:04.122+0000] {logging_mixin.py:188} INFO - [2025-11-06T11:27:04.122+0000] {dag.py:3036} INFO - Sync 1 DAGs
[2025-11-06T11:27:04.216+0000] {logging_mixin.py:188} INFO - [2025-11-06T11:27:04.215+0000] {dag.py:3823} INFO - Setting next_dagrun for example_sla_dag to 2025-11-06 11:24:00+00:00, run_after=2025-11-06 11:26:00+00:00
[2025-11-06T11:27:04.274+0000] {processor.py:183} INFO - Processing /home/airflow/.local/lib/python3.8/site-packages/airflow/example_dags/example_sla_dag.py took 0.239 seconds
[2025-11-06T11:27:35.240+0000] {processor.py:161} INFO - Started process (PID=3382) to work on /home/airflow/.local/lib/python3.8/site-packages/airflow/example_dags/example_sla_dag.py
[2025-11-06T11:27:35.242+0000] {processor.py:830} INFO - Processing file /home/airflow/.local/lib/python3.8/site-packages/airflow/example_dags/example_sla_dag.py for tasks to queue
[2025-11-06T11:27:35.246+0000] {logging_mixin.py:188} INFO - [2025-11-06T11:27:35.245+0000] {dagbag.py:538} INFO - Filling up the DagBag from /home/airflow/.local/lib/python3.8/site-packages/airflow/example_dags/example_sla_dag.py
[2025-11-06T11:27:35.263+0000] {processor.py:840} INFO - DAG(s) 'example_sla_dag' retrieved from /home/airflow/.local/lib/python3.8/site-packages/airflow/example_dags/example_sla_dag.py
[2025-11-06T11:27:35.302+0000] {logging_mixin.py:188} INFO - [2025-11-06T11:27:35.301+0000] {dag.py:3036} INFO - Sync 1 DAGs
[2025-11-06T11:27:35.351+0000] {logging_mixin.py:188} INFO - [2025-11-06T11:27:35.351+0000] {dag.py:3823} INFO - Setting next_dagrun for example_sla_dag to 2025-11-06 11:24:00+00:00, run_after=2025-11-06 11:26:00+00:00
[2025-11-06T11:27:35.386+0000] {processor.py:183} INFO - Processing /home/airflow/.local/lib/python3.8/site-packages/airflow/example_dags/example_sla_dag.py took 0.155 seconds
[2025-11-06T11:28:06.703+0000] {processor.py:161} INFO - Started process (PID=3437) to work on /home/airflow/.local/lib/python3.8/site-packages/airflow/example_dags/example_sla_dag.py
[2025-11-06T11:28:06.706+0000] {processor.py:830} INFO - Processing file /home/airflow/.local/lib/python3.8/site-packages/airflow/example_dags/example_sla_dag.py for tasks to queue
[2025-11-06T11:28:06.715+0000] {logging_mixin.py:188} INFO - [2025-11-06T11:28:06.714+0000] {dagbag.py:538} INFO - Filling up the DagBag from /home/airflow/.local/lib/python3.8/site-packages/airflow/example_dags/example_sla_dag.py
[2025-11-06T11:28:06.735+0000] {processor.py:840} INFO - DAG(s) 'example_sla_dag' retrieved from /home/airflow/.local/lib/python3.8/site-packages/airflow/example_dags/example_sla_dag.py
[2025-11-06T11:28:06.780+0000] {logging_mixin.py:188} INFO - [2025-11-06T11:28:06.780+0000] {dag.py:3036} INFO - Sync 1 DAGs
[2025-11-06T11:28:06.836+0000] {logging_mixin.py:188} INFO - [2025-11-06T11:28:06.835+0000] {dag.py:3823} INFO - Setting next_dagrun for example_sla_dag to 2025-11-06 11:26:00+00:00, run_after=2025-11-06 11:28:00+00:00
[2025-11-06T11:28:06.877+0000] {processor.py:183} INFO - Processing /home/airflow/.local/lib/python3.8/site-packages/airflow/example_dags/example_sla_dag.py took 0.182 seconds
[2025-11-06T11:28:37.986+0000] {processor.py:161} INFO - Started process (PID=3491) to work on /home/airflow/.local/lib/python3.8/site-packages/airflow/example_dags/example_sla_dag.py
[2025-11-06T11:28:37.989+0000] {processor.py:830} INFO - Processing file /home/airflow/.local/lib/python3.8/site-packages/airflow/example_dags/example_sla_dag.py for tasks to queue
[2025-11-06T11:28:37.996+0000] {logging_mixin.py:188} INFO - [2025-11-06T11:28:37.995+0000] {dagbag.py:538} INFO - Filling up the DagBag from /home/airflow/.local/lib/python3.8/site-packages/airflow/example_dags/example_sla_dag.py
[2025-11-06T11:28:38.039+0000] {processor.py:840} INFO - DAG(s) 'example_sla_dag' retrieved from /home/airflow/.local/lib/python3.8/site-packages/airflow/example_dags/example_sla_dag.py
[2025-11-06T11:28:38.115+0000] {logging_mixin.py:188} INFO - [2025-11-06T11:28:38.115+0000] {dag.py:3036} INFO - Sync 1 DAGs
[2025-11-06T11:28:38.203+0000] {logging_mixin.py:188} INFO - [2025-11-06T11:28:38.203+0000] {dag.py:3823} INFO - Setting next_dagrun for example_sla_dag to 2025-11-06 11:26:00+00:00, run_after=2025-11-06 11:28:00+00:00
[2025-11-06T11:28:38.284+0000] {processor.py:183} INFO - Processing /home/airflow/.local/lib/python3.8/site-packages/airflow/example_dags/example_sla_dag.py took 0.308 seconds
[2025-11-06T11:29:08.420+0000] {processor.py:161} INFO - Started process (PID=3547) to work on /home/airflow/.local/lib/python3.8/site-packages/airflow/example_dags/example_sla_dag.py
[2025-11-06T11:29:08.422+0000] {processor.py:830} INFO - Processing file /home/airflow/.local/lib/python3.8/site-packages/airflow/example_dags/example_sla_dag.py for tasks to queue
[2025-11-06T11:29:08.427+0000] {logging_mixin.py:188} INFO - [2025-11-06T11:29:08.426+0000] {dagbag.py:538} INFO - Filling up the DagBag from /home/airflow/.local/lib/python3.8/site-packages/airflow/example_dags/example_sla_dag.py
[2025-11-06T11:29:08.451+0000] {processor.py:840} INFO - DAG(s) 'example_sla_dag' retrieved from /home/airflow/.local/lib/python3.8/site-packages/airflow/example_dags/example_sla_dag.py
[2025-11-06T11:29:08.509+0000] {logging_mixin.py:188} INFO - [2025-11-06T11:29:08.508+0000] {dag.py:3036} INFO - Sync 1 DAGs
[2025-11-06T11:29:08.596+0000] {logging_mixin.py:188} INFO - [2025-11-06T11:29:08.595+0000] {dag.py:3823} INFO - Setting next_dagrun for example_sla_dag to 2025-11-06 11:26:00+00:00, run_after=2025-11-06 11:28:00+00:00
[2025-11-06T11:29:08.654+0000] {processor.py:183} INFO - Processing /home/airflow/.local/lib/python3.8/site-packages/airflow/example_dags/example_sla_dag.py took 0.244 seconds
[2025-11-06T11:29:40.463+0000] {processor.py:161} INFO - Started process (PID=3601) to work on /home/airflow/.local/lib/python3.8/site-packages/airflow/example_dags/example_sla_dag.py
[2025-11-06T11:29:40.469+0000] {processor.py:830} INFO - Processing file /home/airflow/.local/lib/python3.8/site-packages/airflow/example_dags/example_sla_dag.py for tasks to queue
[2025-11-06T11:29:40.475+0000] {logging_mixin.py:188} INFO - [2025-11-06T11:29:40.474+0000] {dagbag.py:538} INFO - Filling up the DagBag from /home/airflow/.local/lib/python3.8/site-packages/airflow/example_dags/example_sla_dag.py
[2025-11-06T11:29:40.523+0000] {processor.py:840} INFO - DAG(s) 'example_sla_dag' retrieved from /home/airflow/.local/lib/python3.8/site-packages/airflow/example_dags/example_sla_dag.py
[2025-11-06T11:29:40.677+0000] {logging_mixin.py:188} INFO - [2025-11-06T11:29:40.677+0000] {dag.py:3036} INFO - Sync 1 DAGs
[2025-11-06T11:29:40.899+0000] {logging_mixin.py:188} INFO - [2025-11-06T11:29:40.898+0000] {dag.py:3823} INFO - Setting next_dagrun for example_sla_dag to 2025-11-06 11:26:00+00:00, run_after=2025-11-06 11:28:00+00:00
[2025-11-06T11:29:41.012+0000] {processor.py:183} INFO - Processing /home/airflow/.local/lib/python3.8/site-packages/airflow/example_dags/example_sla_dag.py took 0.565 seconds
[2025-11-06T11:30:11.886+0000] {processor.py:161} INFO - Started process (PID=3657) to work on /home/airflow/.local/lib/python3.8/site-packages/airflow/example_dags/example_sla_dag.py
[2025-11-06T11:30:11.888+0000] {processor.py:830} INFO - Processing file /home/airflow/.local/lib/python3.8/site-packages/airflow/example_dags/example_sla_dag.py for tasks to queue
[2025-11-06T11:30:11.893+0000] {logging_mixin.py:188} INFO - [2025-11-06T11:30:11.892+0000] {dagbag.py:538} INFO - Filling up the DagBag from /home/airflow/.local/lib/python3.8/site-packages/airflow/example_dags/example_sla_dag.py
[2025-11-06T11:30:11.912+0000] {processor.py:840} INFO - DAG(s) 'example_sla_dag' retrieved from /home/airflow/.local/lib/python3.8/site-packages/airflow/example_dags/example_sla_dag.py
[2025-11-06T11:30:11.973+0000] {logging_mixin.py:188} INFO - [2025-11-06T11:30:11.973+0000] {dag.py:3036} INFO - Sync 1 DAGs
[2025-11-06T11:30:12.122+0000] {logging_mixin.py:188} INFO - [2025-11-06T11:30:12.121+0000] {dag.py:3823} INFO - Setting next_dagrun for example_sla_dag to 2025-11-06 11:28:00+00:00, run_after=2025-11-06 11:30:00+00:00
[2025-11-06T11:30:12.256+0000] {processor.py:183} INFO - Processing /home/airflow/.local/lib/python3.8/site-packages/airflow/example_dags/example_sla_dag.py took 0.375 seconds
[2025-11-06T11:30:42.802+0000] {processor.py:161} INFO - Started process (PID=3712) to work on /home/airflow/.local/lib/python3.8/site-packages/airflow/example_dags/example_sla_dag.py
[2025-11-06T11:30:42.807+0000] {processor.py:830} INFO - Processing file /home/airflow/.local/lib/python3.8/site-packages/airflow/example_dags/example_sla_dag.py for tasks to queue
[2025-11-06T11:30:42.815+0000] {logging_mixin.py:188} INFO - [2025-11-06T11:30:42.814+0000] {dagbag.py:538} INFO - Filling up the DagBag from /home/airflow/.local/lib/python3.8/site-packages/airflow/example_dags/example_sla_dag.py
[2025-11-06T11:30:42.859+0000] {processor.py:840} INFO - DAG(s) 'example_sla_dag' retrieved from /home/airflow/.local/lib/python3.8/site-packages/airflow/example_dags/example_sla_dag.py
[2025-11-06T11:30:42.930+0000] {logging_mixin.py:188} INFO - [2025-11-06T11:30:42.930+0000] {dag.py:3036} INFO - Sync 1 DAGs
[2025-11-06T11:30:43.005+0000] {logging_mixin.py:188} INFO - [2025-11-06T11:30:43.004+0000] {dag.py:3823} INFO - Setting next_dagrun for example_sla_dag to 2025-11-06 11:28:00+00:00, run_after=2025-11-06 11:30:00+00:00
[2025-11-06T11:30:43.057+0000] {processor.py:183} INFO - Processing /home/airflow/.local/lib/python3.8/site-packages/airflow/example_dags/example_sla_dag.py took 0.271 seconds
[2025-11-06T11:31:13.463+0000] {processor.py:161} INFO - Started process (PID=3767) to work on /home/airflow/.local/lib/python3.8/site-packages/airflow/example_dags/example_sla_dag.py
[2025-11-06T11:31:13.466+0000] {processor.py:830} INFO - Processing file /home/airflow/.local/lib/python3.8/site-packages/airflow/example_dags/example_sla_dag.py for tasks to queue
[2025-11-06T11:31:13.475+0000] {logging_mixin.py:188} INFO - [2025-11-06T11:31:13.473+0000] {dagbag.py:538} INFO - Filling up the DagBag from /home/airflow/.local/lib/python3.8/site-packages/airflow/example_dags/example_sla_dag.py
[2025-11-06T11:31:13.511+0000] {processor.py:840} INFO - DAG(s) 'example_sla_dag' retrieved from /home/airflow/.local/lib/python3.8/site-packages/airflow/example_dags/example_sla_dag.py
[2025-11-06T11:31:13.596+0000] {logging_mixin.py:188} INFO - [2025-11-06T11:31:13.595+0000] {dag.py:3036} INFO - Sync 1 DAGs
[2025-11-06T11:31:13.721+0000] {logging_mixin.py:188} INFO - [2025-11-06T11:31:13.719+0000] {dag.py:3823} INFO - Setting next_dagrun for example_sla_dag to 2025-11-06 11:28:00+00:00, run_after=2025-11-06 11:30:00+00:00
[2025-11-06T11:31:13.825+0000] {processor.py:183} INFO - Processing /home/airflow/.local/lib/python3.8/site-packages/airflow/example_dags/example_sla_dag.py took 0.380 seconds
[2025-11-06T11:31:49.907+0000] {processor.py:161} INFO - Started process (PID=3827) to work on /home/airflow/.local/lib/python3.8/site-packages/airflow/example_dags/example_sla_dag.py
[2025-11-06T11:31:49.924+0000] {processor.py:830} INFO - Processing file /home/airflow/.local/lib/python3.8/site-packages/airflow/example_dags/example_sla_dag.py for tasks to queue
[2025-11-06T11:31:49.956+0000] {logging_mixin.py:188} INFO - [2025-11-06T11:31:49.955+0000] {dagbag.py:538} INFO - Filling up the DagBag from /home/airflow/.local/lib/python3.8/site-packages/airflow/example_dags/example_sla_dag.py
[2025-11-06T11:31:50.089+0000] {processor.py:840} INFO - DAG(s) 'example_sla_dag' retrieved from /home/airflow/.local/lib/python3.8/site-packages/airflow/example_dags/example_sla_dag.py
[2025-11-06T11:31:50.405+0000] {logging_mixin.py:188} INFO - [2025-11-06T11:31:50.405+0000] {dag.py:3036} INFO - Sync 1 DAGs
[2025-11-06T11:31:50.756+0000] {logging_mixin.py:188} INFO - [2025-11-06T11:31:50.756+0000] {dag.py:3823} INFO - Setting next_dagrun for example_sla_dag to 2025-11-06 11:28:00+00:00, run_after=2025-11-06 11:30:00+00:00
[2025-11-06T11:31:50.971+0000] {processor.py:183} INFO - Processing /home/airflow/.local/lib/python3.8/site-packages/airflow/example_dags/example_sla_dag.py took 1.112 seconds
[2025-11-06T11:32:21.572+0000] {processor.py:161} INFO - Started process (PID=3882) to work on /home/airflow/.local/lib/python3.8/site-packages/airflow/example_dags/example_sla_dag.py
[2025-11-06T11:32:21.575+0000] {processor.py:830} INFO - Processing file /home/airflow/.local/lib/python3.8/site-packages/airflow/example_dags/example_sla_dag.py for tasks to queue
[2025-11-06T11:32:21.582+0000] {logging_mixin.py:188} INFO - [2025-11-06T11:32:21.580+0000] {dagbag.py:538} INFO - Filling up the DagBag from /home/airflow/.local/lib/python3.8/site-packages/airflow/example_dags/example_sla_dag.py
[2025-11-06T11:32:21.611+0000] {processor.py:840} INFO - DAG(s) 'example_sla_dag' retrieved from /home/airflow/.local/lib/python3.8/site-packages/airflow/example_dags/example_sla_dag.py
[2025-11-06T11:32:21.680+0000] {logging_mixin.py:188} INFO - [2025-11-06T11:32:21.679+0000] {dag.py:3036} INFO - Sync 1 DAGs
[2025-11-06T11:32:21.773+0000] {logging_mixin.py:188} INFO - [2025-11-06T11:32:21.772+0000] {dag.py:3823} INFO - Setting next_dagrun for example_sla_dag to 2025-11-06 11:30:00+00:00, run_after=2025-11-06 11:32:00+00:00
[2025-11-06T11:32:21.829+0000] {processor.py:183} INFO - Processing /home/airflow/.local/lib/python3.8/site-packages/airflow/example_dags/example_sla_dag.py took 0.266 seconds
[2025-11-06T11:32:52.474+0000] {processor.py:161} INFO - Started process (PID=3937) to work on /home/airflow/.local/lib/python3.8/site-packages/airflow/example_dags/example_sla_dag.py
[2025-11-06T11:32:52.519+0000] {processor.py:830} INFO - Processing file /home/airflow/.local/lib/python3.8/site-packages/airflow/example_dags/example_sla_dag.py for tasks to queue
[2025-11-06T11:32:52.530+0000] {logging_mixin.py:188} INFO - [2025-11-06T11:32:52.529+0000] {dagbag.py:538} INFO - Filling up the DagBag from /home/airflow/.local/lib/python3.8/site-packages/airflow/example_dags/example_sla_dag.py
[2025-11-06T11:32:52.572+0000] {processor.py:840} INFO - DAG(s) 'example_sla_dag' retrieved from /home/airflow/.local/lib/python3.8/site-packages/airflow/example_dags/example_sla_dag.py
[2025-11-06T11:32:52.726+0000] {logging_mixin.py:188} INFO - [2025-11-06T11:32:52.725+0000] {dag.py:3036} INFO - Sync 1 DAGs
[2025-11-06T11:32:52.958+0000] {logging_mixin.py:188} INFO - [2025-11-06T11:32:52.957+0000] {dag.py:3823} INFO - Setting next_dagrun for example_sla_dag to 2025-11-06 11:30:00+00:00, run_after=2025-11-06 11:32:00+00:00
[2025-11-06T11:32:53.101+0000] {processor.py:183} INFO - Processing /home/airflow/.local/lib/python3.8/site-packages/airflow/example_dags/example_sla_dag.py took 0.648 seconds
[2025-11-06T11:33:24.717+0000] {processor.py:161} INFO - Started process (PID=3993) to work on /home/airflow/.local/lib/python3.8/site-packages/airflow/example_dags/example_sla_dag.py
[2025-11-06T11:33:24.723+0000] {processor.py:830} INFO - Processing file /home/airflow/.local/lib/python3.8/site-packages/airflow/example_dags/example_sla_dag.py for tasks to queue
[2025-11-06T11:33:24.735+0000] {logging_mixin.py:188} INFO - [2025-11-06T11:33:24.734+0000] {dagbag.py:538} INFO - Filling up the DagBag from /home/airflow/.local/lib/python3.8/site-packages/airflow/example_dags/example_sla_dag.py
[2025-11-06T11:33:24.778+0000] {processor.py:840} INFO - DAG(s) 'example_sla_dag' retrieved from /home/airflow/.local/lib/python3.8/site-packages/airflow/example_dags/example_sla_dag.py
[2025-11-06T11:33:24.860+0000] {logging_mixin.py:188} INFO - [2025-11-06T11:33:24.859+0000] {dag.py:3036} INFO - Sync 1 DAGs
[2025-11-06T11:33:24.952+0000] {logging_mixin.py:188} INFO - [2025-11-06T11:33:24.952+0000] {dag.py:3823} INFO - Setting next_dagrun for example_sla_dag to 2025-11-06 11:30:00+00:00, run_after=2025-11-06 11:32:00+00:00
[2025-11-06T11:33:25.006+0000] {processor.py:183} INFO - Processing /home/airflow/.local/lib/python3.8/site-packages/airflow/example_dags/example_sla_dag.py took 0.310 seconds
[2025-11-06T11:33:55.619+0000] {processor.py:161} INFO - Started process (PID=4050) to work on /home/airflow/.local/lib/python3.8/site-packages/airflow/example_dags/example_sla_dag.py
[2025-11-06T11:33:55.633+0000] {processor.py:830} INFO - Processing file /home/airflow/.local/lib/python3.8/site-packages/airflow/example_dags/example_sla_dag.py for tasks to queue
[2025-11-06T11:33:55.639+0000] {logging_mixin.py:188} INFO - [2025-11-06T11:33:55.637+0000] {dagbag.py:538} INFO - Filling up the DagBag from /home/airflow/.local/lib/python3.8/site-packages/airflow/example_dags/example_sla_dag.py
[2025-11-06T11:33:55.672+0000] {processor.py:840} INFO - DAG(s) 'example_sla_dag' retrieved from /home/airflow/.local/lib/python3.8/site-packages/airflow/example_dags/example_sla_dag.py
[2025-11-06T11:33:55.779+0000] {logging_mixin.py:188} INFO - [2025-11-06T11:33:55.778+0000] {dag.py:3036} INFO - Sync 1 DAGs
[2025-11-06T11:33:55.968+0000] {logging_mixin.py:188} INFO - [2025-11-06T11:33:55.967+0000] {dag.py:3823} INFO - Setting next_dagrun for example_sla_dag to 2025-11-06 11:30:00+00:00, run_after=2025-11-06 11:32:00+00:00
[2025-11-06T11:33:56.069+0000] {processor.py:183} INFO - Processing /home/airflow/.local/lib/python3.8/site-packages/airflow/example_dags/example_sla_dag.py took 0.461 seconds
[2025-11-06T11:34:26.194+0000] {processor.py:161} INFO - Started process (PID=4106) to work on /home/airflow/.local/lib/python3.8/site-packages/airflow/example_dags/example_sla_dag.py
[2025-11-06T11:34:26.200+0000] {processor.py:830} INFO - Processing file /home/airflow/.local/lib/python3.8/site-packages/airflow/example_dags/example_sla_dag.py for tasks to queue
[2025-11-06T11:34:26.221+0000] {logging_mixin.py:188} INFO - [2025-11-06T11:34:26.221+0000] {dagbag.py:538} INFO - Filling up the DagBag from /home/airflow/.local/lib/python3.8/site-packages/airflow/example_dags/example_sla_dag.py
[2025-11-06T11:34:26.302+0000] {processor.py:840} INFO - DAG(s) 'example_sla_dag' retrieved from /home/airflow/.local/lib/python3.8/site-packages/airflow/example_dags/example_sla_dag.py
[2025-11-06T11:34:26.449+0000] {logging_mixin.py:188} INFO - [2025-11-06T11:34:26.448+0000] {dag.py:3036} INFO - Sync 1 DAGs
[2025-11-06T11:34:26.587+0000] {logging_mixin.py:188} INFO - [2025-11-06T11:34:26.587+0000] {dag.py:3823} INFO - Setting next_dagrun for example_sla_dag to 2025-11-06 11:32:00+00:00, run_after=2025-11-06 11:34:00+00:00
[2025-11-06T11:34:26.701+0000] {processor.py:183} INFO - Processing /home/airflow/.local/lib/python3.8/site-packages/airflow/example_dags/example_sla_dag.py took 0.527 seconds
[2025-11-06T11:34:57.437+0000] {processor.py:161} INFO - Started process (PID=4161) to work on /home/airflow/.local/lib/python3.8/site-packages/airflow/example_dags/example_sla_dag.py
[2025-11-06T11:34:57.440+0000] {processor.py:830} INFO - Processing file /home/airflow/.local/lib/python3.8/site-packages/airflow/example_dags/example_sla_dag.py for tasks to queue
[2025-11-06T11:34:57.454+0000] {logging_mixin.py:188} INFO - [2025-11-06T11:34:57.452+0000] {dagbag.py:538} INFO - Filling up the DagBag from /home/airflow/.local/lib/python3.8/site-packages/airflow/example_dags/example_sla_dag.py
[2025-11-06T11:34:57.494+0000] {processor.py:840} INFO - DAG(s) 'example_sla_dag' retrieved from /home/airflow/.local/lib/python3.8/site-packages/airflow/example_dags/example_sla_dag.py
[2025-11-06T11:34:57.585+0000] {logging_mixin.py:188} INFO - [2025-11-06T11:34:57.585+0000] {dag.py:3036} INFO - Sync 1 DAGs
[2025-11-06T11:34:57.750+0000] {logging_mixin.py:188} INFO - [2025-11-06T11:34:57.750+0000] {dag.py:3823} INFO - Setting next_dagrun for example_sla_dag to 2025-11-06 11:32:00+00:00, run_after=2025-11-06 11:34:00+00:00
[2025-11-06T11:34:57.869+0000] {processor.py:183} INFO - Processing /home/airflow/.local/lib/python3.8/site-packages/airflow/example_dags/example_sla_dag.py took 0.447 seconds
[2025-11-06T11:35:28.025+0000] {processor.py:161} INFO - Started process (PID=4216) to work on /home/airflow/.local/lib/python3.8/site-packages/airflow/example_dags/example_sla_dag.py
[2025-11-06T11:35:28.029+0000] {processor.py:830} INFO - Processing file /home/airflow/.local/lib/python3.8/site-packages/airflow/example_dags/example_sla_dag.py for tasks to queue
[2025-11-06T11:35:28.035+0000] {logging_mixin.py:188} INFO - [2025-11-06T11:35:28.034+0000] {dagbag.py:538} INFO - Filling up the DagBag from /home/airflow/.local/lib/python3.8/site-packages/airflow/example_dags/example_sla_dag.py
[2025-11-06T11:35:28.073+0000] {processor.py:840} INFO - DAG(s) 'example_sla_dag' retrieved from /home/airflow/.local/lib/python3.8/site-packages/airflow/example_dags/example_sla_dag.py
[2025-11-06T11:35:28.167+0000] {logging_mixin.py:188} INFO - [2025-11-06T11:35:28.166+0000] {dag.py:3036} INFO - Sync 1 DAGs
[2025-11-06T11:35:28.271+0000] {logging_mixin.py:188} INFO - [2025-11-06T11:35:28.270+0000] {dag.py:3823} INFO - Setting next_dagrun for example_sla_dag to 2025-11-06 11:32:00+00:00, run_after=2025-11-06 11:34:00+00:00
[2025-11-06T11:35:28.339+0000] {processor.py:183} INFO - Processing /home/airflow/.local/lib/python3.8/site-packages/airflow/example_dags/example_sla_dag.py took 0.327 seconds
[2025-11-06T11:35:59.684+0000] {processor.py:161} INFO - Started process (PID=4271) to work on /home/airflow/.local/lib/python3.8/site-packages/airflow/example_dags/example_sla_dag.py
[2025-11-06T11:35:59.688+0000] {processor.py:830} INFO - Processing file /home/airflow/.local/lib/python3.8/site-packages/airflow/example_dags/example_sla_dag.py for tasks to queue
[2025-11-06T11:35:59.700+0000] {logging_mixin.py:188} INFO - [2025-11-06T11:35:59.697+0000] {dagbag.py:538} INFO - Filling up the DagBag from /home/airflow/.local/lib/python3.8/site-packages/airflow/example_dags/example_sla_dag.py
[2025-11-06T11:35:59.749+0000] {processor.py:840} INFO - DAG(s) 'example_sla_dag' retrieved from /home/airflow/.local/lib/python3.8/site-packages/airflow/example_dags/example_sla_dag.py
[2025-11-06T11:35:59.871+0000] {logging_mixin.py:188} INFO - [2025-11-06T11:35:59.871+0000] {dag.py:3036} INFO - Sync 1 DAGs
[2025-11-06T11:36:00.006+0000] {logging_mixin.py:188} INFO - [2025-11-06T11:36:00.005+0000] {dag.py:3823} INFO - Setting next_dagrun for example_sla_dag to 2025-11-06 11:32:00+00:00, run_after=2025-11-06 11:34:00+00:00
[2025-11-06T11:36:00.095+0000] {processor.py:183} INFO - Processing /home/airflow/.local/lib/python3.8/site-packages/airflow/example_dags/example_sla_dag.py took 0.437 seconds
[2025-11-06T11:36:30.208+0000] {processor.py:161} INFO - Started process (PID=4326) to work on /home/airflow/.local/lib/python3.8/site-packages/airflow/example_dags/example_sla_dag.py
[2025-11-06T11:36:30.213+0000] {processor.py:830} INFO - Processing file /home/airflow/.local/lib/python3.8/site-packages/airflow/example_dags/example_sla_dag.py for tasks to queue
[2025-11-06T11:36:30.219+0000] {logging_mixin.py:188} INFO - [2025-11-06T11:36:30.218+0000] {dagbag.py:538} INFO - Filling up the DagBag from /home/airflow/.local/lib/python3.8/site-packages/airflow/example_dags/example_sla_dag.py
[2025-11-06T11:36:30.259+0000] {processor.py:840} INFO - DAG(s) 'example_sla_dag' retrieved from /home/airflow/.local/lib/python3.8/site-packages/airflow/example_dags/example_sla_dag.py
[2025-11-06T11:36:30.368+0000] {logging_mixin.py:188} INFO - [2025-11-06T11:36:30.368+0000] {dag.py:3036} INFO - Sync 1 DAGs
[2025-11-06T11:36:30.528+0000] {logging_mixin.py:188} INFO - [2025-11-06T11:36:30.528+0000] {dag.py:3823} INFO - Setting next_dagrun for example_sla_dag to 2025-11-06 11:34:00+00:00, run_after=2025-11-06 11:36:00+00:00
[2025-11-06T11:36:30.657+0000] {processor.py:183} INFO - Processing /home/airflow/.local/lib/python3.8/site-packages/airflow/example_dags/example_sla_dag.py took 0.461 seconds
[2025-11-06T11:37:01.272+0000] {processor.py:161} INFO - Started process (PID=4381) to work on /home/airflow/.local/lib/python3.8/site-packages/airflow/example_dags/example_sla_dag.py
[2025-11-06T11:37:01.274+0000] {processor.py:830} INFO - Processing file /home/airflow/.local/lib/python3.8/site-packages/airflow/example_dags/example_sla_dag.py for tasks to queue
[2025-11-06T11:37:01.278+0000] {logging_mixin.py:188} INFO - [2025-11-06T11:37:01.278+0000] {dagbag.py:538} INFO - Filling up the DagBag from /home/airflow/.local/lib/python3.8/site-packages/airflow/example_dags/example_sla_dag.py
[2025-11-06T11:37:01.300+0000] {processor.py:840} INFO - DAG(s) 'example_sla_dag' retrieved from /home/airflow/.local/lib/python3.8/site-packages/airflow/example_dags/example_sla_dag.py
[2025-11-06T11:37:01.340+0000] {logging_mixin.py:188} INFO - [2025-11-06T11:37:01.339+0000] {dag.py:3036} INFO - Sync 1 DAGs
[2025-11-06T11:37:01.381+0000] {logging_mixin.py:188} INFO - [2025-11-06T11:37:01.380+0000] {dag.py:3823} INFO - Setting next_dagrun for example_sla_dag to 2025-11-06 11:34:00+00:00, run_after=2025-11-06 11:36:00+00:00
[2025-11-06T11:37:01.409+0000] {processor.py:183} INFO - Processing /home/airflow/.local/lib/python3.8/site-packages/airflow/example_dags/example_sla_dag.py took 0.144 seconds
[2025-11-06T11:37:32.054+0000] {processor.py:161} INFO - Started process (PID=4436) to work on /home/airflow/.local/lib/python3.8/site-packages/airflow/example_dags/example_sla_dag.py
[2025-11-06T11:37:32.069+0000] {processor.py:830} INFO - Processing file /home/airflow/.local/lib/python3.8/site-packages/airflow/example_dags/example_sla_dag.py for tasks to queue
[2025-11-06T11:37:32.077+0000] {logging_mixin.py:188} INFO - [2025-11-06T11:37:32.076+0000] {dagbag.py:538} INFO - Filling up the DagBag from /home/airflow/.local/lib/python3.8/site-packages/airflow/example_dags/example_sla_dag.py
[2025-11-06T11:37:32.134+0000] {processor.py:840} INFO - DAG(s) 'example_sla_dag' retrieved from /home/airflow/.local/lib/python3.8/site-packages/airflow/example_dags/example_sla_dag.py
[2025-11-06T11:37:32.242+0000] {logging_mixin.py:188} INFO - [2025-11-06T11:37:32.239+0000] {dag.py:3036} INFO - Sync 1 DAGs
[2025-11-06T11:37:32.392+0000] {logging_mixin.py:188} INFO - [2025-11-06T11:37:32.391+0000] {dag.py:3823} INFO - Setting next_dagrun for example_sla_dag to 2025-11-06 11:34:00+00:00, run_after=2025-11-06 11:36:00+00:00
[2025-11-06T11:37:32.499+0000] {processor.py:183} INFO - Processing /home/airflow/.local/lib/python3.8/site-packages/airflow/example_dags/example_sla_dag.py took 0.471 seconds
[2025-11-06T11:38:02.874+0000] {processor.py:161} INFO - Started process (PID=4496) to work on /home/airflow/.local/lib/python3.8/site-packages/airflow/example_dags/example_sla_dag.py
[2025-11-06T11:38:02.877+0000] {processor.py:830} INFO - Processing file /home/airflow/.local/lib/python3.8/site-packages/airflow/example_dags/example_sla_dag.py for tasks to queue
[2025-11-06T11:38:02.882+0000] {logging_mixin.py:188} INFO - [2025-11-06T11:38:02.881+0000] {dagbag.py:538} INFO - Filling up the DagBag from /home/airflow/.local/lib/python3.8/site-packages/airflow/example_dags/example_sla_dag.py
[2025-11-06T11:38:02.912+0000] {processor.py:840} INFO - DAG(s) 'example_sla_dag' retrieved from /home/airflow/.local/lib/python3.8/site-packages/airflow/example_dags/example_sla_dag.py
[2025-11-06T11:38:02.971+0000] {logging_mixin.py:188} INFO - [2025-11-06T11:38:02.971+0000] {dag.py:3036} INFO - Sync 1 DAGs
[2025-11-06T11:38:03.035+0000] {logging_mixin.py:188} INFO - [2025-11-06T11:38:03.034+0000] {dag.py:3823} INFO - Setting next_dagrun for example_sla_dag to 2025-11-06 11:36:00+00:00, run_after=2025-11-06 11:38:00+00:00
[2025-11-06T11:38:03.086+0000] {processor.py:183} INFO - Processing /home/airflow/.local/lib/python3.8/site-packages/airflow/example_dags/example_sla_dag.py took 0.223 seconds
[2025-11-06T11:38:34.006+0000] {processor.py:161} INFO - Started process (PID=4551) to work on /home/airflow/.local/lib/python3.8/site-packages/airflow/example_dags/example_sla_dag.py
[2025-11-06T11:38:34.024+0000] {processor.py:830} INFO - Processing file /home/airflow/.local/lib/python3.8/site-packages/airflow/example_dags/example_sla_dag.py for tasks to queue
[2025-11-06T11:38:34.067+0000] {logging_mixin.py:188} INFO - [2025-11-06T11:38:34.055+0000] {dagbag.py:538} INFO - Filling up the DagBag from /home/airflow/.local/lib/python3.8/site-packages/airflow/example_dags/example_sla_dag.py
[2025-11-06T11:38:34.150+0000] {processor.py:840} INFO - DAG(s) 'example_sla_dag' retrieved from /home/airflow/.local/lib/python3.8/site-packages/airflow/example_dags/example_sla_dag.py
[2025-11-06T11:38:34.283+0000] {logging_mixin.py:188} INFO - [2025-11-06T11:38:34.282+0000] {dag.py:3036} INFO - Sync 1 DAGs
[2025-11-06T11:38:34.520+0000] {logging_mixin.py:188} INFO - [2025-11-06T11:38:34.520+0000] {dag.py:3823} INFO - Setting next_dagrun for example_sla_dag to 2025-11-06 11:36:00+00:00, run_after=2025-11-06 11:38:00+00:00
[2025-11-06T11:38:34.671+0000] {processor.py:183} INFO - Processing /home/airflow/.local/lib/python3.8/site-packages/airflow/example_dags/example_sla_dag.py took 0.692 seconds
[2025-11-06T11:39:04.907+0000] {processor.py:161} INFO - Started process (PID=4607) to work on /home/airflow/.local/lib/python3.8/site-packages/airflow/example_dags/example_sla_dag.py
[2025-11-06T11:39:04.911+0000] {processor.py:830} INFO - Processing file /home/airflow/.local/lib/python3.8/site-packages/airflow/example_dags/example_sla_dag.py for tasks to queue
[2025-11-06T11:39:04.917+0000] {logging_mixin.py:188} INFO - [2025-11-06T11:39:04.916+0000] {dagbag.py:538} INFO - Filling up the DagBag from /home/airflow/.local/lib/python3.8/site-packages/airflow/example_dags/example_sla_dag.py
[2025-11-06T11:39:04.946+0000] {processor.py:840} INFO - DAG(s) 'example_sla_dag' retrieved from /home/airflow/.local/lib/python3.8/site-packages/airflow/example_dags/example_sla_dag.py
[2025-11-06T11:39:05.008+0000] {logging_mixin.py:188} INFO - [2025-11-06T11:39:05.007+0000] {dag.py:3036} INFO - Sync 1 DAGs
[2025-11-06T11:39:05.095+0000] {logging_mixin.py:188} INFO - [2025-11-06T11:39:05.094+0000] {dag.py:3823} INFO - Setting next_dagrun for example_sla_dag to 2025-11-06 11:36:00+00:00, run_after=2025-11-06 11:38:00+00:00
[2025-11-06T11:39:05.160+0000] {processor.py:183} INFO - Processing /home/airflow/.local/lib/python3.8/site-packages/airflow/example_dags/example_sla_dag.py took 0.266 seconds
[2025-11-06T11:39:37.108+0000] {processor.py:161} INFO - Started process (PID=4662) to work on /home/airflow/.local/lib/python3.8/site-packages/airflow/example_dags/example_sla_dag.py
[2025-11-06T11:39:37.111+0000] {processor.py:830} INFO - Processing file /home/airflow/.local/lib/python3.8/site-packages/airflow/example_dags/example_sla_dag.py for tasks to queue
[2025-11-06T11:39:37.118+0000] {logging_mixin.py:188} INFO - [2025-11-06T11:39:37.117+0000] {dagbag.py:538} INFO - Filling up the DagBag from /home/airflow/.local/lib/python3.8/site-packages/airflow/example_dags/example_sla_dag.py
[2025-11-06T11:39:37.156+0000] {processor.py:840} INFO - DAG(s) 'example_sla_dag' retrieved from /home/airflow/.local/lib/python3.8/site-packages/airflow/example_dags/example_sla_dag.py
[2025-11-06T11:39:37.239+0000] {logging_mixin.py:188} INFO - [2025-11-06T11:39:37.238+0000] {dag.py:3036} INFO - Sync 1 DAGs
[2025-11-06T11:39:37.338+0000] {logging_mixin.py:188} INFO - [2025-11-06T11:39:37.337+0000] {dag.py:3823} INFO - Setting next_dagrun for example_sla_dag to 2025-11-06 11:36:00+00:00, run_after=2025-11-06 11:38:00+00:00
[2025-11-06T11:39:37.392+0000] {processor.py:183} INFO - Processing /home/airflow/.local/lib/python3.8/site-packages/airflow/example_dags/example_sla_dag.py took 0.300 seconds
[2025-11-06T11:40:09.624+0000] {processor.py:161} INFO - Started process (PID=4717) to work on /home/airflow/.local/lib/python3.8/site-packages/airflow/example_dags/example_sla_dag.py
[2025-11-06T11:40:09.629+0000] {processor.py:830} INFO - Processing file /home/airflow/.local/lib/python3.8/site-packages/airflow/example_dags/example_sla_dag.py for tasks to queue
[2025-11-06T11:40:09.657+0000] {logging_mixin.py:188} INFO - [2025-11-06T11:40:09.656+0000] {dagbag.py:538} INFO - Filling up the DagBag from /home/airflow/.local/lib/python3.8/site-packages/airflow/example_dags/example_sla_dag.py
[2025-11-06T11:40:09.731+0000] {processor.py:840} INFO - DAG(s) 'example_sla_dag' retrieved from /home/airflow/.local/lib/python3.8/site-packages/airflow/example_dags/example_sla_dag.py
[2025-11-06T11:40:09.860+0000] {logging_mixin.py:188} INFO - [2025-11-06T11:40:09.859+0000] {dag.py:3036} INFO - Sync 1 DAGs
[2025-11-06T11:40:10.127+0000] {logging_mixin.py:188} INFO - [2025-11-06T11:40:10.126+0000] {dag.py:3823} INFO - Setting next_dagrun for example_sla_dag to 2025-11-06 11:38:00+00:00, run_after=2025-11-06 11:40:00+00:00
[2025-11-06T11:40:10.297+0000] {processor.py:183} INFO - Processing /home/airflow/.local/lib/python3.8/site-packages/airflow/example_dags/example_sla_dag.py took 0.712 seconds
[2025-11-06T11:40:41.076+0000] {processor.py:161} INFO - Started process (PID=4774) to work on /home/airflow/.local/lib/python3.8/site-packages/airflow/example_dags/example_sla_dag.py
[2025-11-06T11:40:41.078+0000] {processor.py:830} INFO - Processing file /home/airflow/.local/lib/python3.8/site-packages/airflow/example_dags/example_sla_dag.py for tasks to queue
[2025-11-06T11:40:41.082+0000] {logging_mixin.py:188} INFO - [2025-11-06T11:40:41.081+0000] {dagbag.py:538} INFO - Filling up the DagBag from /home/airflow/.local/lib/python3.8/site-packages/airflow/example_dags/example_sla_dag.py
[2025-11-06T11:40:41.101+0000] {processor.py:840} INFO - DAG(s) 'example_sla_dag' retrieved from /home/airflow/.local/lib/python3.8/site-packages/airflow/example_dags/example_sla_dag.py
[2025-11-06T11:40:41.138+0000] {logging_mixin.py:188} INFO - [2025-11-06T11:40:41.137+0000] {dag.py:3036} INFO - Sync 1 DAGs
[2025-11-06T11:40:41.191+0000] {logging_mixin.py:188} INFO - [2025-11-06T11:40:41.191+0000] {dag.py:3823} INFO - Setting next_dagrun for example_sla_dag to 2025-11-06 11:38:00+00:00, run_after=2025-11-06 11:40:00+00:00
[2025-11-06T11:40:41.230+0000] {processor.py:183} INFO - Processing /home/airflow/.local/lib/python3.8/site-packages/airflow/example_dags/example_sla_dag.py took 0.170 seconds
[2025-11-06T11:41:11.512+0000] {processor.py:161} INFO - Started process (PID=4829) to work on /home/airflow/.local/lib/python3.8/site-packages/airflow/example_dags/example_sla_dag.py
[2025-11-06T11:41:11.514+0000] {processor.py:830} INFO - Processing file /home/airflow/.local/lib/python3.8/site-packages/airflow/example_dags/example_sla_dag.py for tasks to queue
[2025-11-06T11:41:11.521+0000] {logging_mixin.py:188} INFO - [2025-11-06T11:41:11.521+0000] {dagbag.py:538} INFO - Filling up the DagBag from /home/airflow/.local/lib/python3.8/site-packages/airflow/example_dags/example_sla_dag.py
[2025-11-06T11:41:11.539+0000] {processor.py:840} INFO - DAG(s) 'example_sla_dag' retrieved from /home/airflow/.local/lib/python3.8/site-packages/airflow/example_dags/example_sla_dag.py
[2025-11-06T11:41:11.578+0000] {logging_mixin.py:188} INFO - [2025-11-06T11:41:11.577+0000] {dag.py:3036} INFO - Sync 1 DAGs
[2025-11-06T11:41:11.635+0000] {logging_mixin.py:188} INFO - [2025-11-06T11:41:11.635+0000] {dag.py:3823} INFO - Setting next_dagrun for example_sla_dag to 2025-11-06 11:38:00+00:00, run_after=2025-11-06 11:40:00+00:00
[2025-11-06T11:41:11.687+0000] {processor.py:183} INFO - Processing /home/airflow/.local/lib/python3.8/site-packages/airflow/example_dags/example_sla_dag.py took 0.182 seconds
[2025-11-06T11:41:44.451+0000] {processor.py:161} INFO - Started process (PID=4887) to work on /home/airflow/.local/lib/python3.8/site-packages/airflow/example_dags/example_sla_dag.py
[2025-11-06T11:41:44.455+0000] {processor.py:830} INFO - Processing file /home/airflow/.local/lib/python3.8/site-packages/airflow/example_dags/example_sla_dag.py for tasks to queue
[2025-11-06T11:41:44.465+0000] {logging_mixin.py:188} INFO - [2025-11-06T11:41:44.461+0000] {dagbag.py:538} INFO - Filling up the DagBag from /home/airflow/.local/lib/python3.8/site-packages/airflow/example_dags/example_sla_dag.py
[2025-11-06T11:41:44.504+0000] {processor.py:840} INFO - DAG(s) 'example_sla_dag' retrieved from /home/airflow/.local/lib/python3.8/site-packages/airflow/example_dags/example_sla_dag.py
[2025-11-06T11:41:44.606+0000] {logging_mixin.py:188} INFO - [2025-11-06T11:41:44.605+0000] {dag.py:3036} INFO - Sync 1 DAGs
[2025-11-06T11:41:44.706+0000] {logging_mixin.py:188} INFO - [2025-11-06T11:41:44.706+0000] {dag.py:3823} INFO - Setting next_dagrun for example_sla_dag to 2025-11-06 11:38:00+00:00, run_after=2025-11-06 11:40:00+00:00
[2025-11-06T11:41:44.760+0000] {processor.py:183} INFO - Processing /home/airflow/.local/lib/python3.8/site-packages/airflow/example_dags/example_sla_dag.py took 0.325 seconds
[2025-11-06T11:42:14.839+0000] {processor.py:161} INFO - Started process (PID=4942) to work on /home/airflow/.local/lib/python3.8/site-packages/airflow/example_dags/example_sla_dag.py
[2025-11-06T11:42:14.841+0000] {processor.py:830} INFO - Processing file /home/airflow/.local/lib/python3.8/site-packages/airflow/example_dags/example_sla_dag.py for tasks to queue
[2025-11-06T11:42:14.845+0000] {logging_mixin.py:188} INFO - [2025-11-06T11:42:14.844+0000] {dagbag.py:538} INFO - Filling up the DagBag from /home/airflow/.local/lib/python3.8/site-packages/airflow/example_dags/example_sla_dag.py
[2025-11-06T11:42:14.861+0000] {processor.py:840} INFO - DAG(s) 'example_sla_dag' retrieved from /home/airflow/.local/lib/python3.8/site-packages/airflow/example_dags/example_sla_dag.py
[2025-11-06T11:42:14.905+0000] {logging_mixin.py:188} INFO - [2025-11-06T11:42:14.904+0000] {dag.py:3036} INFO - Sync 1 DAGs
[2025-11-06T11:42:14.965+0000] {logging_mixin.py:188} INFO - [2025-11-06T11:42:14.965+0000] {dag.py:3823} INFO - Setting next_dagrun for example_sla_dag to 2025-11-06 11:40:00+00:00, run_after=2025-11-06 11:42:00+00:00
[2025-11-06T11:42:15.006+0000] {processor.py:183} INFO - Processing /home/airflow/.local/lib/python3.8/site-packages/airflow/example_dags/example_sla_dag.py took 0.174 seconds
[2025-11-06T11:42:48.329+0000] {processor.py:161} INFO - Started process (PID=4997) to work on /home/airflow/.local/lib/python3.8/site-packages/airflow/example_dags/example_sla_dag.py
[2025-11-06T11:42:48.340+0000] {processor.py:830} INFO - Processing file /home/airflow/.local/lib/python3.8/site-packages/airflow/example_dags/example_sla_dag.py for tasks to queue
[2025-11-06T11:42:48.350+0000] {logging_mixin.py:188} INFO - [2025-11-06T11:42:48.349+0000] {dagbag.py:538} INFO - Filling up the DagBag from /home/airflow/.local/lib/python3.8/site-packages/airflow/example_dags/example_sla_dag.py
[2025-11-06T11:42:48.399+0000] {processor.py:840} INFO - DAG(s) 'example_sla_dag' retrieved from /home/airflow/.local/lib/python3.8/site-packages/airflow/example_dags/example_sla_dag.py
[2025-11-06T11:42:48.628+0000] {logging_mixin.py:188} INFO - [2025-11-06T11:42:48.626+0000] {dag.py:3036} INFO - Sync 1 DAGs
[2025-11-06T11:42:48.809+0000] {logging_mixin.py:188} INFO - [2025-11-06T11:42:48.808+0000] {dag.py:3823} INFO - Setting next_dagrun for example_sla_dag to 2025-11-06 11:40:00+00:00, run_after=2025-11-06 11:42:00+00:00
[2025-11-06T11:42:48.968+0000] {processor.py:183} INFO - Processing /home/airflow/.local/lib/python3.8/site-packages/airflow/example_dags/example_sla_dag.py took 0.691 seconds
[2025-11-06T11:43:19.991+0000] {processor.py:161} INFO - Started process (PID=5053) to work on /home/airflow/.local/lib/python3.8/site-packages/airflow/example_dags/example_sla_dag.py
[2025-11-06T11:43:20.002+0000] {processor.py:830} INFO - Processing file /home/airflow/.local/lib/python3.8/site-packages/airflow/example_dags/example_sla_dag.py for tasks to queue
[2025-11-06T11:43:20.012+0000] {logging_mixin.py:188} INFO - [2025-11-06T11:43:20.011+0000] {dagbag.py:538} INFO - Filling up the DagBag from /home/airflow/.local/lib/python3.8/site-packages/airflow/example_dags/example_sla_dag.py
[2025-11-06T11:43:20.061+0000] {processor.py:840} INFO - DAG(s) 'example_sla_dag' retrieved from /home/airflow/.local/lib/python3.8/site-packages/airflow/example_dags/example_sla_dag.py
[2025-11-06T11:43:20.154+0000] {logging_mixin.py:188} INFO - [2025-11-06T11:43:20.152+0000] {dag.py:3036} INFO - Sync 1 DAGs
[2025-11-06T11:43:20.254+0000] {logging_mixin.py:188} INFO - [2025-11-06T11:43:20.253+0000] {dag.py:3823} INFO - Setting next_dagrun for example_sla_dag to 2025-11-06 11:40:00+00:00, run_after=2025-11-06 11:42:00+00:00
[2025-11-06T11:43:20.378+0000] {processor.py:183} INFO - Processing /home/airflow/.local/lib/python3.8/site-packages/airflow/example_dags/example_sla_dag.py took 0.412 seconds
[2025-11-06T11:43:50.601+0000] {processor.py:161} INFO - Started process (PID=5107) to work on /home/airflow/.local/lib/python3.8/site-packages/airflow/example_dags/example_sla_dag.py
[2025-11-06T11:43:50.608+0000] {processor.py:830} INFO - Processing file /home/airflow/.local/lib/python3.8/site-packages/airflow/example_dags/example_sla_dag.py for tasks to queue
[2025-11-06T11:43:50.617+0000] {logging_mixin.py:188} INFO - [2025-11-06T11:43:50.615+0000] {dagbag.py:538} INFO - Filling up the DagBag from /home/airflow/.local/lib/python3.8/site-packages/airflow/example_dags/example_sla_dag.py
[2025-11-06T11:43:50.661+0000] {processor.py:840} INFO - DAG(s) 'example_sla_dag' retrieved from /home/airflow/.local/lib/python3.8/site-packages/airflow/example_dags/example_sla_dag.py
[2025-11-06T11:43:50.731+0000] {logging_mixin.py:188} INFO - [2025-11-06T11:43:50.729+0000] {dag.py:3036} INFO - Sync 1 DAGs
[2025-11-06T11:43:50.839+0000] {logging_mixin.py:188} INFO - [2025-11-06T11:43:50.838+0000] {dag.py:3823} INFO - Setting next_dagrun for example_sla_dag to 2025-11-06 11:40:00+00:00, run_after=2025-11-06 11:42:00+00:00
[2025-11-06T11:43:50.941+0000] {processor.py:183} INFO - Processing /home/airflow/.local/lib/python3.8/site-packages/airflow/example_dags/example_sla_dag.py took 0.360 seconds
[2025-11-06T11:44:21.274+0000] {processor.py:161} INFO - Started process (PID=5161) to work on /home/airflow/.local/lib/python3.8/site-packages/airflow/example_dags/example_sla_dag.py
[2025-11-06T11:44:21.276+0000] {processor.py:830} INFO - Processing file /home/airflow/.local/lib/python3.8/site-packages/airflow/example_dags/example_sla_dag.py for tasks to queue
[2025-11-06T11:44:21.280+0000] {logging_mixin.py:188} INFO - [2025-11-06T11:44:21.280+0000] {dagbag.py:538} INFO - Filling up the DagBag from /home/airflow/.local/lib/python3.8/site-packages/airflow/example_dags/example_sla_dag.py
[2025-11-06T11:44:21.299+0000] {processor.py:840} INFO - DAG(s) 'example_sla_dag' retrieved from /home/airflow/.local/lib/python3.8/site-packages/airflow/example_dags/example_sla_dag.py
[2025-11-06T11:44:21.344+0000] {logging_mixin.py:188} INFO - [2025-11-06T11:44:21.344+0000] {dag.py:3036} INFO - Sync 1 DAGs
[2025-11-06T11:44:21.398+0000] {logging_mixin.py:188} INFO - [2025-11-06T11:44:21.397+0000] {dag.py:3823} INFO - Setting next_dagrun for example_sla_dag to 2025-11-06 11:42:00+00:00, run_after=2025-11-06 11:44:00+00:00
[2025-11-06T11:44:21.441+0000] {processor.py:183} INFO - Processing /home/airflow/.local/lib/python3.8/site-packages/airflow/example_dags/example_sla_dag.py took 0.174 seconds
[2025-11-06T11:44:52.365+0000] {processor.py:161} INFO - Started process (PID=5215) to work on /home/airflow/.local/lib/python3.8/site-packages/airflow/example_dags/example_sla_dag.py
[2025-11-06T11:44:52.371+0000] {processor.py:830} INFO - Processing file /home/airflow/.local/lib/python3.8/site-packages/airflow/example_dags/example_sla_dag.py for tasks to queue
[2025-11-06T11:44:52.379+0000] {logging_mixin.py:188} INFO - [2025-11-06T11:44:52.378+0000] {dagbag.py:538} INFO - Filling up the DagBag from /home/airflow/.local/lib/python3.8/site-packages/airflow/example_dags/example_sla_dag.py
[2025-11-06T11:44:52.411+0000] {processor.py:840} INFO - DAG(s) 'example_sla_dag' retrieved from /home/airflow/.local/lib/python3.8/site-packages/airflow/example_dags/example_sla_dag.py
[2025-11-06T11:44:52.496+0000] {logging_mixin.py:188} INFO - [2025-11-06T11:44:52.494+0000] {dag.py:3036} INFO - Sync 1 DAGs
[2025-11-06T11:44:52.624+0000] {logging_mixin.py:188} INFO - [2025-11-06T11:44:52.623+0000] {dag.py:3823} INFO - Setting next_dagrun for example_sla_dag to 2025-11-06 11:42:00+00:00, run_after=2025-11-06 11:44:00+00:00
[2025-11-06T11:44:52.728+0000] {processor.py:183} INFO - Processing /home/airflow/.local/lib/python3.8/site-packages/airflow/example_dags/example_sla_dag.py took 0.372 seconds
[2025-11-06T11:45:23.084+0000] {processor.py:161} INFO - Started process (PID=5271) to work on /home/airflow/.local/lib/python3.8/site-packages/airflow/example_dags/example_sla_dag.py
[2025-11-06T11:45:23.087+0000] {processor.py:830} INFO - Processing file /home/airflow/.local/lib/python3.8/site-packages/airflow/example_dags/example_sla_dag.py for tasks to queue
[2025-11-06T11:45:23.094+0000] {logging_mixin.py:188} INFO - [2025-11-06T11:45:23.093+0000] {dagbag.py:538} INFO - Filling up the DagBag from /home/airflow/.local/lib/python3.8/site-packages/airflow/example_dags/example_sla_dag.py
[2025-11-06T11:45:23.118+0000] {processor.py:840} INFO - DAG(s) 'example_sla_dag' retrieved from /home/airflow/.local/lib/python3.8/site-packages/airflow/example_dags/example_sla_dag.py
[2025-11-06T11:45:23.181+0000] {logging_mixin.py:188} INFO - [2025-11-06T11:45:23.180+0000] {dag.py:3036} INFO - Sync 1 DAGs
[2025-11-06T11:45:23.241+0000] {logging_mixin.py:188} INFO - [2025-11-06T11:45:23.241+0000] {dag.py:3823} INFO - Setting next_dagrun for example_sla_dag to 2025-11-06 11:42:00+00:00, run_after=2025-11-06 11:44:00+00:00
[2025-11-06T11:45:23.294+0000] {processor.py:183} INFO - Processing /home/airflow/.local/lib/python3.8/site-packages/airflow/example_dags/example_sla_dag.py took 0.227 seconds
[2025-11-06T11:45:53.605+0000] {processor.py:161} INFO - Started process (PID=5325) to work on /home/airflow/.local/lib/python3.8/site-packages/airflow/example_dags/example_sla_dag.py
[2025-11-06T11:45:53.609+0000] {processor.py:830} INFO - Processing file /home/airflow/.local/lib/python3.8/site-packages/airflow/example_dags/example_sla_dag.py for tasks to queue
[2025-11-06T11:45:53.615+0000] {logging_mixin.py:188} INFO - [2025-11-06T11:45:53.614+0000] {dagbag.py:538} INFO - Filling up the DagBag from /home/airflow/.local/lib/python3.8/site-packages/airflow/example_dags/example_sla_dag.py
[2025-11-06T11:45:53.644+0000] {processor.py:840} INFO - DAG(s) 'example_sla_dag' retrieved from /home/airflow/.local/lib/python3.8/site-packages/airflow/example_dags/example_sla_dag.py
[2025-11-06T11:45:53.706+0000] {logging_mixin.py:188} INFO - [2025-11-06T11:45:53.706+0000] {dag.py:3036} INFO - Sync 1 DAGs
[2025-11-06T11:45:53.771+0000] {logging_mixin.py:188} INFO - [2025-11-06T11:45:53.770+0000] {dag.py:3823} INFO - Setting next_dagrun for example_sla_dag to 2025-11-06 11:42:00+00:00, run_after=2025-11-06 11:44:00+00:00
[2025-11-06T11:45:53.822+0000] {processor.py:183} INFO - Processing /home/airflow/.local/lib/python3.8/site-packages/airflow/example_dags/example_sla_dag.py took 0.233 seconds
[2025-11-06T11:46:24.207+0000] {processor.py:161} INFO - Started process (PID=5379) to work on /home/airflow/.local/lib/python3.8/site-packages/airflow/example_dags/example_sla_dag.py
[2025-11-06T11:46:24.209+0000] {processor.py:830} INFO - Processing file /home/airflow/.local/lib/python3.8/site-packages/airflow/example_dags/example_sla_dag.py for tasks to queue
[2025-11-06T11:46:24.213+0000] {logging_mixin.py:188} INFO - [2025-11-06T11:46:24.212+0000] {dagbag.py:538} INFO - Filling up the DagBag from /home/airflow/.local/lib/python3.8/site-packages/airflow/example_dags/example_sla_dag.py
[2025-11-06T11:46:24.231+0000] {processor.py:840} INFO - DAG(s) 'example_sla_dag' retrieved from /home/airflow/.local/lib/python3.8/site-packages/airflow/example_dags/example_sla_dag.py
[2025-11-06T11:46:24.277+0000] {logging_mixin.py:188} INFO - [2025-11-06T11:46:24.276+0000] {dag.py:3036} INFO - Sync 1 DAGs
[2025-11-06T11:46:24.332+0000] {logging_mixin.py:188} INFO - [2025-11-06T11:46:24.332+0000] {dag.py:3823} INFO - Setting next_dagrun for example_sla_dag to 2025-11-06 11:44:00+00:00, run_after=2025-11-06 11:46:00+00:00
[2025-11-06T11:46:24.371+0000] {processor.py:183} INFO - Processing /home/airflow/.local/lib/python3.8/site-packages/airflow/example_dags/example_sla_dag.py took 0.174 seconds
[2025-11-06T11:46:54.688+0000] {processor.py:161} INFO - Started process (PID=5434) to work on /home/airflow/.local/lib/python3.8/site-packages/airflow/example_dags/example_sla_dag.py
[2025-11-06T11:46:54.690+0000] {processor.py:830} INFO - Processing file /home/airflow/.local/lib/python3.8/site-packages/airflow/example_dags/example_sla_dag.py for tasks to queue
[2025-11-06T11:46:54.694+0000] {logging_mixin.py:188} INFO - [2025-11-06T11:46:54.693+0000] {dagbag.py:538} INFO - Filling up the DagBag from /home/airflow/.local/lib/python3.8/site-packages/airflow/example_dags/example_sla_dag.py
[2025-11-06T11:46:54.709+0000] {processor.py:840} INFO - DAG(s) 'example_sla_dag' retrieved from /home/airflow/.local/lib/python3.8/site-packages/airflow/example_dags/example_sla_dag.py
[2025-11-06T11:46:54.741+0000] {logging_mixin.py:188} INFO - [2025-11-06T11:46:54.741+0000] {dag.py:3036} INFO - Sync 1 DAGs
[2025-11-06T11:46:54.789+0000] {logging_mixin.py:188} INFO - [2025-11-06T11:46:54.788+0000] {dag.py:3823} INFO - Setting next_dagrun for example_sla_dag to 2025-11-06 11:44:00+00:00, run_after=2025-11-06 11:46:00+00:00
[2025-11-06T11:46:54.824+0000] {processor.py:183} INFO - Processing /home/airflow/.local/lib/python3.8/site-packages/airflow/example_dags/example_sla_dag.py took 0.143 seconds
[2025-11-06T11:47:25.424+0000] {processor.py:161} INFO - Started process (PID=5489) to work on /home/airflow/.local/lib/python3.8/site-packages/airflow/example_dags/example_sla_dag.py
[2025-11-06T11:47:25.429+0000] {processor.py:830} INFO - Processing file /home/airflow/.local/lib/python3.8/site-packages/airflow/example_dags/example_sla_dag.py for tasks to queue
[2025-11-06T11:47:25.443+0000] {logging_mixin.py:188} INFO - [2025-11-06T11:47:25.440+0000] {dagbag.py:538} INFO - Filling up the DagBag from /home/airflow/.local/lib/python3.8/site-packages/airflow/example_dags/example_sla_dag.py
[2025-11-06T11:47:25.485+0000] {processor.py:840} INFO - DAG(s) 'example_sla_dag' retrieved from /home/airflow/.local/lib/python3.8/site-packages/airflow/example_dags/example_sla_dag.py
[2025-11-06T11:47:25.570+0000] {logging_mixin.py:188} INFO - [2025-11-06T11:47:25.569+0000] {dag.py:3036} INFO - Sync 1 DAGs
[2025-11-06T11:47:25.697+0000] {logging_mixin.py:188} INFO - [2025-11-06T11:47:25.696+0000] {dag.py:3823} INFO - Setting next_dagrun for example_sla_dag to 2025-11-06 11:44:00+00:00, run_after=2025-11-06 11:46:00+00:00
[2025-11-06T11:47:25.791+0000] {processor.py:183} INFO - Processing /home/airflow/.local/lib/python3.8/site-packages/airflow/example_dags/example_sla_dag.py took 0.387 seconds
[2025-11-06T11:47:56.792+0000] {processor.py:161} INFO - Started process (PID=5544) to work on /home/airflow/.local/lib/python3.8/site-packages/airflow/example_dags/example_sla_dag.py
[2025-11-06T11:47:56.797+0000] {processor.py:830} INFO - Processing file /home/airflow/.local/lib/python3.8/site-packages/airflow/example_dags/example_sla_dag.py for tasks to queue
[2025-11-06T11:47:56.803+0000] {logging_mixin.py:188} INFO - [2025-11-06T11:47:56.802+0000] {dagbag.py:538} INFO - Filling up the DagBag from /home/airflow/.local/lib/python3.8/site-packages/airflow/example_dags/example_sla_dag.py
[2025-11-06T11:47:56.831+0000] {processor.py:840} INFO - DAG(s) 'example_sla_dag' retrieved from /home/airflow/.local/lib/python3.8/site-packages/airflow/example_dags/example_sla_dag.py
[2025-11-06T11:47:56.914+0000] {logging_mixin.py:188} INFO - [2025-11-06T11:47:56.914+0000] {dag.py:3036} INFO - Sync 1 DAGs
[2025-11-06T11:47:57.028+0000] {logging_mixin.py:188} INFO - [2025-11-06T11:47:57.026+0000] {dag.py:3823} INFO - Setting next_dagrun for example_sla_dag to 2025-11-06 11:44:00+00:00, run_after=2025-11-06 11:46:00+00:00
[2025-11-06T11:47:57.108+0000] {processor.py:183} INFO - Processing /home/airflow/.local/lib/python3.8/site-packages/airflow/example_dags/example_sla_dag.py took 0.326 seconds
[2025-11-06T11:48:27.271+0000] {processor.py:161} INFO - Started process (PID=5599) to work on /home/airflow/.local/lib/python3.8/site-packages/airflow/example_dags/example_sla_dag.py
[2025-11-06T11:48:27.275+0000] {processor.py:830} INFO - Processing file /home/airflow/.local/lib/python3.8/site-packages/airflow/example_dags/example_sla_dag.py for tasks to queue
[2025-11-06T11:48:27.282+0000] {logging_mixin.py:188} INFO - [2025-11-06T11:48:27.281+0000] {dagbag.py:538} INFO - Filling up the DagBag from /home/airflow/.local/lib/python3.8/site-packages/airflow/example_dags/example_sla_dag.py
[2025-11-06T11:48:27.322+0000] {processor.py:840} INFO - DAG(s) 'example_sla_dag' retrieved from /home/airflow/.local/lib/python3.8/site-packages/airflow/example_dags/example_sla_dag.py
[2025-11-06T11:48:27.399+0000] {logging_mixin.py:188} INFO - [2025-11-06T11:48:27.398+0000] {dag.py:3036} INFO - Sync 1 DAGs
[2025-11-06T11:48:27.487+0000] {logging_mixin.py:188} INFO - [2025-11-06T11:48:27.486+0000] {dag.py:3823} INFO - Setting next_dagrun for example_sla_dag to 2025-11-06 11:46:00+00:00, run_after=2025-11-06 11:48:00+00:00
[2025-11-06T11:48:27.556+0000] {processor.py:183} INFO - Processing /home/airflow/.local/lib/python3.8/site-packages/airflow/example_dags/example_sla_dag.py took 0.301 seconds
[2025-11-06T11:48:57.817+0000] {processor.py:161} INFO - Started process (PID=5654) to work on /home/airflow/.local/lib/python3.8/site-packages/airflow/example_dags/example_sla_dag.py
[2025-11-06T11:48:57.820+0000] {processor.py:830} INFO - Processing file /home/airflow/.local/lib/python3.8/site-packages/airflow/example_dags/example_sla_dag.py for tasks to queue
[2025-11-06T11:48:57.829+0000] {logging_mixin.py:188} INFO - [2025-11-06T11:48:57.828+0000] {dagbag.py:538} INFO - Filling up the DagBag from /home/airflow/.local/lib/python3.8/site-packages/airflow/example_dags/example_sla_dag.py
[2025-11-06T11:48:57.857+0000] {processor.py:840} INFO - DAG(s) 'example_sla_dag' retrieved from /home/airflow/.local/lib/python3.8/site-packages/airflow/example_dags/example_sla_dag.py
[2025-11-06T11:48:57.914+0000] {logging_mixin.py:188} INFO - [2025-11-06T11:48:57.914+0000] {dag.py:3036} INFO - Sync 1 DAGs
[2025-11-06T11:48:58.008+0000] {logging_mixin.py:188} INFO - [2025-11-06T11:48:58.008+0000] {dag.py:3823} INFO - Setting next_dagrun for example_sla_dag to 2025-11-06 11:46:00+00:00, run_after=2025-11-06 11:48:00+00:00
[2025-11-06T11:48:58.058+0000] {processor.py:183} INFO - Processing /home/airflow/.local/lib/python3.8/site-packages/airflow/example_dags/example_sla_dag.py took 0.257 seconds
[2025-11-06T11:49:28.151+0000] {processor.py:161} INFO - Started process (PID=5709) to work on /home/airflow/.local/lib/python3.8/site-packages/airflow/example_dags/example_sla_dag.py
[2025-11-06T11:49:28.152+0000] {processor.py:830} INFO - Processing file /home/airflow/.local/lib/python3.8/site-packages/airflow/example_dags/example_sla_dag.py for tasks to queue
[2025-11-06T11:49:28.156+0000] {logging_mixin.py:188} INFO - [2025-11-06T11:49:28.156+0000] {dagbag.py:538} INFO - Filling up the DagBag from /home/airflow/.local/lib/python3.8/site-packages/airflow/example_dags/example_sla_dag.py
[2025-11-06T11:49:28.172+0000] {processor.py:840} INFO - DAG(s) 'example_sla_dag' retrieved from /home/airflow/.local/lib/python3.8/site-packages/airflow/example_dags/example_sla_dag.py
[2025-11-06T11:49:28.211+0000] {logging_mixin.py:188} INFO - [2025-11-06T11:49:28.211+0000] {dag.py:3036} INFO - Sync 1 DAGs
[2025-11-06T11:49:28.253+0000] {logging_mixin.py:188} INFO - [2025-11-06T11:49:28.252+0000] {dag.py:3823} INFO - Setting next_dagrun for example_sla_dag to 2025-11-06 11:46:00+00:00, run_after=2025-11-06 11:48:00+00:00
[2025-11-06T11:49:28.288+0000] {processor.py:183} INFO - Processing /home/airflow/.local/lib/python3.8/site-packages/airflow/example_dags/example_sla_dag.py took 0.144 seconds
[2025-11-06T11:49:59.114+0000] {processor.py:161} INFO - Started process (PID=5764) to work on /home/airflow/.local/lib/python3.8/site-packages/airflow/example_dags/example_sla_dag.py
[2025-11-06T11:49:59.121+0000] {processor.py:830} INFO - Processing file /home/airflow/.local/lib/python3.8/site-packages/airflow/example_dags/example_sla_dag.py for tasks to queue
[2025-11-06T11:49:59.129+0000] {logging_mixin.py:188} INFO - [2025-11-06T11:49:59.128+0000] {dagbag.py:538} INFO - Filling up the DagBag from /home/airflow/.local/lib/python3.8/site-packages/airflow/example_dags/example_sla_dag.py
[2025-11-06T11:49:59.163+0000] {processor.py:840} INFO - DAG(s) 'example_sla_dag' retrieved from /home/airflow/.local/lib/python3.8/site-packages/airflow/example_dags/example_sla_dag.py
[2025-11-06T11:49:59.240+0000] {logging_mixin.py:188} INFO - [2025-11-06T11:49:59.239+0000] {dag.py:3036} INFO - Sync 1 DAGs
[2025-11-06T11:49:59.345+0000] {logging_mixin.py:188} INFO - [2025-11-06T11:49:59.344+0000] {dag.py:3823} INFO - Setting next_dagrun for example_sla_dag to 2025-11-06 11:46:00+00:00, run_after=2025-11-06 11:48:00+00:00
[2025-11-06T11:49:59.419+0000] {processor.py:183} INFO - Processing /home/airflow/.local/lib/python3.8/site-packages/airflow/example_dags/example_sla_dag.py took 0.315 seconds
[2025-11-06T11:50:30.891+0000] {processor.py:161} INFO - Started process (PID=5817) to work on /home/airflow/.local/lib/python3.8/site-packages/airflow/example_dags/example_sla_dag.py
[2025-11-06T11:50:30.899+0000] {processor.py:830} INFO - Processing file /home/airflow/.local/lib/python3.8/site-packages/airflow/example_dags/example_sla_dag.py for tasks to queue
[2025-11-06T11:50:30.914+0000] {logging_mixin.py:188} INFO - [2025-11-06T11:50:30.913+0000] {dagbag.py:538} INFO - Filling up the DagBag from /home/airflow/.local/lib/python3.8/site-packages/airflow/example_dags/example_sla_dag.py
[2025-11-06T11:50:31.006+0000] {processor.py:840} INFO - DAG(s) 'example_sla_dag' retrieved from /home/airflow/.local/lib/python3.8/site-packages/airflow/example_dags/example_sla_dag.py
[2025-11-06T11:50:31.180+0000] {logging_mixin.py:188} INFO - [2025-11-06T11:50:31.180+0000] {dag.py:3036} INFO - Sync 1 DAGs
[2025-11-06T11:50:31.310+0000] {logging_mixin.py:188} INFO - [2025-11-06T11:50:31.310+0000] {dag.py:3823} INFO - Setting next_dagrun for example_sla_dag to 2025-11-06 11:48:00+00:00, run_after=2025-11-06 11:50:00+00:00
[2025-11-06T11:50:31.410+0000] {processor.py:183} INFO - Processing /home/airflow/.local/lib/python3.8/site-packages/airflow/example_dags/example_sla_dag.py took 0.532 seconds
[2025-11-06T11:51:02.135+0000] {processor.py:161} INFO - Started process (PID=5872) to work on /home/airflow/.local/lib/python3.8/site-packages/airflow/example_dags/example_sla_dag.py
[2025-11-06T11:51:02.138+0000] {processor.py:830} INFO - Processing file /home/airflow/.local/lib/python3.8/site-packages/airflow/example_dags/example_sla_dag.py for tasks to queue
[2025-11-06T11:51:02.163+0000] {logging_mixin.py:188} INFO - [2025-11-06T11:51:02.162+0000] {dagbag.py:538} INFO - Filling up the DagBag from /home/airflow/.local/lib/python3.8/site-packages/airflow/example_dags/example_sla_dag.py
[2025-11-06T11:51:02.220+0000] {processor.py:840} INFO - DAG(s) 'example_sla_dag' retrieved from /home/airflow/.local/lib/python3.8/site-packages/airflow/example_dags/example_sla_dag.py
[2025-11-06T11:51:02.370+0000] {logging_mixin.py:188} INFO - [2025-11-06T11:51:02.370+0000] {dag.py:3036} INFO - Sync 1 DAGs
[2025-11-06T11:51:02.614+0000] {logging_mixin.py:188} INFO - [2025-11-06T11:51:02.603+0000] {dag.py:3823} INFO - Setting next_dagrun for example_sla_dag to 2025-11-06 11:48:00+00:00, run_after=2025-11-06 11:50:00+00:00
[2025-11-06T11:51:02.812+0000] {processor.py:183} INFO - Processing /home/airflow/.local/lib/python3.8/site-packages/airflow/example_dags/example_sla_dag.py took 0.706 seconds
[2025-11-06T11:51:33.543+0000] {processor.py:161} INFO - Started process (PID=5927) to work on /home/airflow/.local/lib/python3.8/site-packages/airflow/example_dags/example_sla_dag.py
[2025-11-06T11:51:33.553+0000] {processor.py:830} INFO - Processing file /home/airflow/.local/lib/python3.8/site-packages/airflow/example_dags/example_sla_dag.py for tasks to queue
[2025-11-06T11:51:33.560+0000] {logging_mixin.py:188} INFO - [2025-11-06T11:51:33.559+0000] {dagbag.py:538} INFO - Filling up the DagBag from /home/airflow/.local/lib/python3.8/site-packages/airflow/example_dags/example_sla_dag.py
[2025-11-06T11:51:33.594+0000] {processor.py:840} INFO - DAG(s) 'example_sla_dag' retrieved from /home/airflow/.local/lib/python3.8/site-packages/airflow/example_dags/example_sla_dag.py
[2025-11-06T11:51:33.719+0000] {logging_mixin.py:188} INFO - [2025-11-06T11:51:33.718+0000] {dag.py:3036} INFO - Sync 1 DAGs
[2025-11-06T11:51:33.879+0000] {logging_mixin.py:188} INFO - [2025-11-06T11:51:33.878+0000] {dag.py:3823} INFO - Setting next_dagrun for example_sla_dag to 2025-11-06 11:48:00+00:00, run_after=2025-11-06 11:50:00+00:00
[2025-11-06T11:51:33.968+0000] {processor.py:183} INFO - Processing /home/airflow/.local/lib/python3.8/site-packages/airflow/example_dags/example_sla_dag.py took 0.452 seconds
[2025-11-06T11:52:04.069+0000] {processor.py:161} INFO - Started process (PID=5982) to work on /home/airflow/.local/lib/python3.8/site-packages/airflow/example_dags/example_sla_dag.py
[2025-11-06T11:52:04.072+0000] {processor.py:830} INFO - Processing file /home/airflow/.local/lib/python3.8/site-packages/airflow/example_dags/example_sla_dag.py for tasks to queue
[2025-11-06T11:52:04.077+0000] {logging_mixin.py:188} INFO - [2025-11-06T11:52:04.076+0000] {dagbag.py:538} INFO - Filling up the DagBag from /home/airflow/.local/lib/python3.8/site-packages/airflow/example_dags/example_sla_dag.py
[2025-11-06T11:52:04.096+0000] {processor.py:840} INFO - DAG(s) 'example_sla_dag' retrieved from /home/airflow/.local/lib/python3.8/site-packages/airflow/example_dags/example_sla_dag.py
[2025-11-06T11:52:04.160+0000] {logging_mixin.py:188} INFO - [2025-11-06T11:52:04.160+0000] {dag.py:3036} INFO - Sync 1 DAGs
[2025-11-06T11:52:04.255+0000] {logging_mixin.py:188} INFO - [2025-11-06T11:52:04.254+0000] {dag.py:3823} INFO - Setting next_dagrun for example_sla_dag to 2025-11-06 11:50:00+00:00, run_after=2025-11-06 11:52:00+00:00
[2025-11-06T11:52:04.330+0000] {processor.py:183} INFO - Processing /home/airflow/.local/lib/python3.8/site-packages/airflow/example_dags/example_sla_dag.py took 0.268 seconds
[2025-11-06T11:52:34.501+0000] {processor.py:161} INFO - Started process (PID=6037) to work on /home/airflow/.local/lib/python3.8/site-packages/airflow/example_dags/example_sla_dag.py
[2025-11-06T11:52:34.503+0000] {processor.py:830} INFO - Processing file /home/airflow/.local/lib/python3.8/site-packages/airflow/example_dags/example_sla_dag.py for tasks to queue
[2025-11-06T11:52:34.508+0000] {logging_mixin.py:188} INFO - [2025-11-06T11:52:34.507+0000] {dagbag.py:538} INFO - Filling up the DagBag from /home/airflow/.local/lib/python3.8/site-packages/airflow/example_dags/example_sla_dag.py
[2025-11-06T11:52:34.529+0000] {processor.py:840} INFO - DAG(s) 'example_sla_dag' retrieved from /home/airflow/.local/lib/python3.8/site-packages/airflow/example_dags/example_sla_dag.py
[2025-11-06T11:52:34.606+0000] {logging_mixin.py:188} INFO - [2025-11-06T11:52:34.605+0000] {dag.py:3036} INFO - Sync 1 DAGs
[2025-11-06T11:52:34.690+0000] {logging_mixin.py:188} INFO - [2025-11-06T11:52:34.690+0000] {dag.py:3823} INFO - Setting next_dagrun for example_sla_dag to 2025-11-06 11:50:00+00:00, run_after=2025-11-06 11:52:00+00:00
[2025-11-06T11:52:34.752+0000] {processor.py:183} INFO - Processing /home/airflow/.local/lib/python3.8/site-packages/airflow/example_dags/example_sla_dag.py took 0.260 seconds
[2025-11-06T11:53:05.613+0000] {processor.py:161} INFO - Started process (PID=6092) to work on /home/airflow/.local/lib/python3.8/site-packages/airflow/example_dags/example_sla_dag.py
[2025-11-06T11:53:05.625+0000] {processor.py:830} INFO - Processing file /home/airflow/.local/lib/python3.8/site-packages/airflow/example_dags/example_sla_dag.py for tasks to queue
[2025-11-06T11:53:05.642+0000] {logging_mixin.py:188} INFO - [2025-11-06T11:53:05.641+0000] {dagbag.py:538} INFO - Filling up the DagBag from /home/airflow/.local/lib/python3.8/site-packages/airflow/example_dags/example_sla_dag.py
[2025-11-06T11:53:05.738+0000] {processor.py:840} INFO - DAG(s) 'example_sla_dag' retrieved from /home/airflow/.local/lib/python3.8/site-packages/airflow/example_dags/example_sla_dag.py
[2025-11-06T11:53:05.839+0000] {logging_mixin.py:188} INFO - [2025-11-06T11:53:05.839+0000] {dag.py:3036} INFO - Sync 1 DAGs
[2025-11-06T11:53:06.011+0000] {logging_mixin.py:188} INFO - [2025-11-06T11:53:06.010+0000] {dag.py:3823} INFO - Setting next_dagrun for example_sla_dag to 2025-11-06 11:50:00+00:00, run_after=2025-11-06 11:52:00+00:00
[2025-11-06T11:53:06.105+0000] {processor.py:183} INFO - Processing /home/airflow/.local/lib/python3.8/site-packages/airflow/example_dags/example_sla_dag.py took 0.560 seconds
[2025-11-06T11:53:36.405+0000] {processor.py:161} INFO - Started process (PID=6147) to work on /home/airflow/.local/lib/python3.8/site-packages/airflow/example_dags/example_sla_dag.py
[2025-11-06T11:53:36.408+0000] {processor.py:830} INFO - Processing file /home/airflow/.local/lib/python3.8/site-packages/airflow/example_dags/example_sla_dag.py for tasks to queue
[2025-11-06T11:53:36.419+0000] {logging_mixin.py:188} INFO - [2025-11-06T11:53:36.417+0000] {dagbag.py:538} INFO - Filling up the DagBag from /home/airflow/.local/lib/python3.8/site-packages/airflow/example_dags/example_sla_dag.py
[2025-11-06T11:53:36.449+0000] {processor.py:840} INFO - DAG(s) 'example_sla_dag' retrieved from /home/airflow/.local/lib/python3.8/site-packages/airflow/example_dags/example_sla_dag.py
[2025-11-06T11:53:36.491+0000] {logging_mixin.py:188} INFO - [2025-11-06T11:53:36.490+0000] {dag.py:3036} INFO - Sync 1 DAGs
[2025-11-06T11:53:36.541+0000] {logging_mixin.py:188} INFO - [2025-11-06T11:53:36.541+0000] {dag.py:3823} INFO - Setting next_dagrun for example_sla_dag to 2025-11-06 11:50:00+00:00, run_after=2025-11-06 11:52:00+00:00
[2025-11-06T11:53:36.600+0000] {processor.py:183} INFO - Processing /home/airflow/.local/lib/python3.8/site-packages/airflow/example_dags/example_sla_dag.py took 0.209 seconds
[2025-11-06T11:54:06.817+0000] {processor.py:161} INFO - Started process (PID=6202) to work on /home/airflow/.local/lib/python3.8/site-packages/airflow/example_dags/example_sla_dag.py
[2025-11-06T11:54:06.821+0000] {processor.py:830} INFO - Processing file /home/airflow/.local/lib/python3.8/site-packages/airflow/example_dags/example_sla_dag.py for tasks to queue
[2025-11-06T11:54:06.828+0000] {logging_mixin.py:188} INFO - [2025-11-06T11:54:06.827+0000] {dagbag.py:538} INFO - Filling up the DagBag from /home/airflow/.local/lib/python3.8/site-packages/airflow/example_dags/example_sla_dag.py
[2025-11-06T11:54:06.852+0000] {processor.py:840} INFO - DAG(s) 'example_sla_dag' retrieved from /home/airflow/.local/lib/python3.8/site-packages/airflow/example_dags/example_sla_dag.py
[2025-11-06T11:54:06.903+0000] {logging_mixin.py:188} INFO - [2025-11-06T11:54:06.902+0000] {dag.py:3036} INFO - Sync 1 DAGs
[2025-11-06T11:54:06.984+0000] {logging_mixin.py:188} INFO - [2025-11-06T11:54:06.983+0000] {dag.py:3823} INFO - Setting next_dagrun for example_sla_dag to 2025-11-06 11:52:00+00:00, run_after=2025-11-06 11:54:00+00:00
[2025-11-06T11:54:07.081+0000] {processor.py:183} INFO - Processing /home/airflow/.local/lib/python3.8/site-packages/airflow/example_dags/example_sla_dag.py took 0.277 seconds
[2025-11-06T11:54:37.487+0000] {processor.py:161} INFO - Started process (PID=6258) to work on /home/airflow/.local/lib/python3.8/site-packages/airflow/example_dags/example_sla_dag.py
[2025-11-06T11:54:37.491+0000] {processor.py:830} INFO - Processing file /home/airflow/.local/lib/python3.8/site-packages/airflow/example_dags/example_sla_dag.py for tasks to queue
[2025-11-06T11:54:37.506+0000] {logging_mixin.py:188} INFO - [2025-11-06T11:54:37.505+0000] {dagbag.py:538} INFO - Filling up the DagBag from /home/airflow/.local/lib/python3.8/site-packages/airflow/example_dags/example_sla_dag.py
[2025-11-06T11:54:37.538+0000] {processor.py:840} INFO - DAG(s) 'example_sla_dag' retrieved from /home/airflow/.local/lib/python3.8/site-packages/airflow/example_dags/example_sla_dag.py
[2025-11-06T11:54:37.641+0000] {logging_mixin.py:188} INFO - [2025-11-06T11:54:37.641+0000] {dag.py:3036} INFO - Sync 1 DAGs
[2025-11-06T11:54:37.784+0000] {logging_mixin.py:188} INFO - [2025-11-06T11:54:37.784+0000] {dag.py:3823} INFO - Setting next_dagrun for example_sla_dag to 2025-11-06 11:52:00+00:00, run_after=2025-11-06 11:54:00+00:00
[2025-11-06T11:54:37.893+0000] {processor.py:183} INFO - Processing /home/airflow/.local/lib/python3.8/site-packages/airflow/example_dags/example_sla_dag.py took 0.423 seconds
[2025-11-06T11:55:08.726+0000] {processor.py:161} INFO - Started process (PID=6314) to work on /home/airflow/.local/lib/python3.8/site-packages/airflow/example_dags/example_sla_dag.py
[2025-11-06T11:55:08.728+0000] {processor.py:830} INFO - Processing file /home/airflow/.local/lib/python3.8/site-packages/airflow/example_dags/example_sla_dag.py for tasks to queue
[2025-11-06T11:55:08.730+0000] {logging_mixin.py:188} INFO - [2025-11-06T11:55:08.730+0000] {dagbag.py:538} INFO - Filling up the DagBag from /home/airflow/.local/lib/python3.8/site-packages/airflow/example_dags/example_sla_dag.py
[2025-11-06T11:55:08.743+0000] {processor.py:840} INFO - DAG(s) 'example_sla_dag' retrieved from /home/airflow/.local/lib/python3.8/site-packages/airflow/example_dags/example_sla_dag.py
[2025-11-06T11:55:08.779+0000] {logging_mixin.py:188} INFO - [2025-11-06T11:55:08.779+0000] {dag.py:3036} INFO - Sync 1 DAGs
[2025-11-06T11:55:08.814+0000] {logging_mixin.py:188} INFO - [2025-11-06T11:55:08.814+0000] {dag.py:3823} INFO - Setting next_dagrun for example_sla_dag to 2025-11-06 11:52:00+00:00, run_after=2025-11-06 11:54:00+00:00
[2025-11-06T11:55:08.846+0000] {processor.py:183} INFO - Processing /home/airflow/.local/lib/python3.8/site-packages/airflow/example_dags/example_sla_dag.py took 0.125 seconds
[2025-11-06T11:55:39.538+0000] {processor.py:161} INFO - Started process (PID=6369) to work on /home/airflow/.local/lib/python3.8/site-packages/airflow/example_dags/example_sla_dag.py
[2025-11-06T11:55:39.540+0000] {processor.py:830} INFO - Processing file /home/airflow/.local/lib/python3.8/site-packages/airflow/example_dags/example_sla_dag.py for tasks to queue
[2025-11-06T11:55:39.544+0000] {logging_mixin.py:188} INFO - [2025-11-06T11:55:39.543+0000] {dagbag.py:538} INFO - Filling up the DagBag from /home/airflow/.local/lib/python3.8/site-packages/airflow/example_dags/example_sla_dag.py
[2025-11-06T11:55:39.561+0000] {processor.py:840} INFO - DAG(s) 'example_sla_dag' retrieved from /home/airflow/.local/lib/python3.8/site-packages/airflow/example_dags/example_sla_dag.py
[2025-11-06T11:55:39.597+0000] {logging_mixin.py:188} INFO - [2025-11-06T11:55:39.596+0000] {dag.py:3036} INFO - Sync 1 DAGs
[2025-11-06T11:55:39.641+0000] {logging_mixin.py:188} INFO - [2025-11-06T11:55:39.641+0000] {dag.py:3823} INFO - Setting next_dagrun for example_sla_dag to 2025-11-06 11:52:00+00:00, run_after=2025-11-06 11:54:00+00:00
[2025-11-06T11:55:39.672+0000] {processor.py:183} INFO - Processing /home/airflow/.local/lib/python3.8/site-packages/airflow/example_dags/example_sla_dag.py took 0.141 seconds
[2025-11-06T11:56:09.779+0000] {processor.py:161} INFO - Started process (PID=6424) to work on /home/airflow/.local/lib/python3.8/site-packages/airflow/example_dags/example_sla_dag.py
[2025-11-06T11:56:09.783+0000] {processor.py:830} INFO - Processing file /home/airflow/.local/lib/python3.8/site-packages/airflow/example_dags/example_sla_dag.py for tasks to queue
[2025-11-06T11:56:09.791+0000] {logging_mixin.py:188} INFO - [2025-11-06T11:56:09.790+0000] {dagbag.py:538} INFO - Filling up the DagBag from /home/airflow/.local/lib/python3.8/site-packages/airflow/example_dags/example_sla_dag.py
[2025-11-06T11:56:09.812+0000] {processor.py:840} INFO - DAG(s) 'example_sla_dag' retrieved from /home/airflow/.local/lib/python3.8/site-packages/airflow/example_dags/example_sla_dag.py
[2025-11-06T11:56:09.862+0000] {logging_mixin.py:188} INFO - [2025-11-06T11:56:09.862+0000] {dag.py:3036} INFO - Sync 1 DAGs
[2025-11-06T11:56:09.925+0000] {logging_mixin.py:188} INFO - [2025-11-06T11:56:09.924+0000] {dag.py:3823} INFO - Setting next_dagrun for example_sla_dag to 2025-11-06 11:54:00+00:00, run_after=2025-11-06 11:56:00+00:00
[2025-11-06T11:56:09.986+0000] {processor.py:183} INFO - Processing /home/airflow/.local/lib/python3.8/site-packages/airflow/example_dags/example_sla_dag.py took 0.219 seconds
[2025-11-06T11:56:40.197+0000] {processor.py:161} INFO - Started process (PID=6479) to work on /home/airflow/.local/lib/python3.8/site-packages/airflow/example_dags/example_sla_dag.py
[2025-11-06T11:56:40.202+0000] {processor.py:830} INFO - Processing file /home/airflow/.local/lib/python3.8/site-packages/airflow/example_dags/example_sla_dag.py for tasks to queue
[2025-11-06T11:56:40.218+0000] {logging_mixin.py:188} INFO - [2025-11-06T11:56:40.217+0000] {dagbag.py:538} INFO - Filling up the DagBag from /home/airflow/.local/lib/python3.8/site-packages/airflow/example_dags/example_sla_dag.py
[2025-11-06T11:56:40.256+0000] {processor.py:840} INFO - DAG(s) 'example_sla_dag' retrieved from /home/airflow/.local/lib/python3.8/site-packages/airflow/example_dags/example_sla_dag.py
[2025-11-06T11:56:40.361+0000] {logging_mixin.py:188} INFO - [2025-11-06T11:56:40.360+0000] {dag.py:3036} INFO - Sync 1 DAGs
[2025-11-06T11:56:40.482+0000] {logging_mixin.py:188} INFO - [2025-11-06T11:56:40.481+0000] {dag.py:3823} INFO - Setting next_dagrun for example_sla_dag to 2025-11-06 11:54:00+00:00, run_after=2025-11-06 11:56:00+00:00
[2025-11-06T11:56:40.589+0000] {processor.py:183} INFO - Processing /home/airflow/.local/lib/python3.8/site-packages/airflow/example_dags/example_sla_dag.py took 0.412 seconds
[2025-11-06T11:57:11.446+0000] {processor.py:161} INFO - Started process (PID=6535) to work on /home/airflow/.local/lib/python3.8/site-packages/airflow/example_dags/example_sla_dag.py
[2025-11-06T11:57:11.448+0000] {processor.py:830} INFO - Processing file /home/airflow/.local/lib/python3.8/site-packages/airflow/example_dags/example_sla_dag.py for tasks to queue
[2025-11-06T11:57:11.454+0000] {logging_mixin.py:188} INFO - [2025-11-06T11:57:11.453+0000] {dagbag.py:538} INFO - Filling up the DagBag from /home/airflow/.local/lib/python3.8/site-packages/airflow/example_dags/example_sla_dag.py
[2025-11-06T11:57:11.473+0000] {processor.py:840} INFO - DAG(s) 'example_sla_dag' retrieved from /home/airflow/.local/lib/python3.8/site-packages/airflow/example_dags/example_sla_dag.py
[2025-11-06T11:57:11.534+0000] {logging_mixin.py:188} INFO - [2025-11-06T11:57:11.534+0000] {dag.py:3036} INFO - Sync 1 DAGs
[2025-11-06T11:57:11.610+0000] {logging_mixin.py:188} INFO - [2025-11-06T11:57:11.609+0000] {dag.py:3823} INFO - Setting next_dagrun for example_sla_dag to 2025-11-06 11:54:00+00:00, run_after=2025-11-06 11:56:00+00:00
[2025-11-06T11:57:11.671+0000] {processor.py:183} INFO - Processing /home/airflow/.local/lib/python3.8/site-packages/airflow/example_dags/example_sla_dag.py took 0.235 seconds
[2025-11-06T11:57:42.047+0000] {processor.py:161} INFO - Started process (PID=6590) to work on /home/airflow/.local/lib/python3.8/site-packages/airflow/example_dags/example_sla_dag.py
[2025-11-06T11:57:42.049+0000] {processor.py:830} INFO - Processing file /home/airflow/.local/lib/python3.8/site-packages/airflow/example_dags/example_sla_dag.py for tasks to queue
[2025-11-06T11:57:42.053+0000] {logging_mixin.py:188} INFO - [2025-11-06T11:57:42.053+0000] {dagbag.py:538} INFO - Filling up the DagBag from /home/airflow/.local/lib/python3.8/site-packages/airflow/example_dags/example_sla_dag.py
[2025-11-06T11:57:42.071+0000] {processor.py:840} INFO - DAG(s) 'example_sla_dag' retrieved from /home/airflow/.local/lib/python3.8/site-packages/airflow/example_dags/example_sla_dag.py
[2025-11-06T11:57:42.109+0000] {logging_mixin.py:188} INFO - [2025-11-06T11:57:42.109+0000] {dag.py:3036} INFO - Sync 1 DAGs
[2025-11-06T11:57:42.152+0000] {logging_mixin.py:188} INFO - [2025-11-06T11:57:42.152+0000] {dag.py:3823} INFO - Setting next_dagrun for example_sla_dag to 2025-11-06 11:54:00+00:00, run_after=2025-11-06 11:56:00+00:00
[2025-11-06T11:57:42.188+0000] {processor.py:183} INFO - Processing /home/airflow/.local/lib/python3.8/site-packages/airflow/example_dags/example_sla_dag.py took 0.148 seconds
[2025-11-06T11:58:12.636+0000] {processor.py:161} INFO - Started process (PID=6645) to work on /home/airflow/.local/lib/python3.8/site-packages/airflow/example_dags/example_sla_dag.py
[2025-11-06T11:58:12.639+0000] {processor.py:830} INFO - Processing file /home/airflow/.local/lib/python3.8/site-packages/airflow/example_dags/example_sla_dag.py for tasks to queue
[2025-11-06T11:58:12.646+0000] {logging_mixin.py:188} INFO - [2025-11-06T11:58:12.645+0000] {dagbag.py:538} INFO - Filling up the DagBag from /home/airflow/.local/lib/python3.8/site-packages/airflow/example_dags/example_sla_dag.py
[2025-11-06T11:58:12.696+0000] {processor.py:840} INFO - DAG(s) 'example_sla_dag' retrieved from /home/airflow/.local/lib/python3.8/site-packages/airflow/example_dags/example_sla_dag.py
[2025-11-06T11:58:12.826+0000] {logging_mixin.py:188} INFO - [2025-11-06T11:58:12.825+0000] {dag.py:3036} INFO - Sync 1 DAGs
[2025-11-06T11:58:12.994+0000] {logging_mixin.py:188} INFO - [2025-11-06T11:58:12.993+0000] {dag.py:3823} INFO - Setting next_dagrun for example_sla_dag to 2025-11-06 11:56:00+00:00, run_after=2025-11-06 11:58:00+00:00
[2025-11-06T11:58:13.115+0000] {processor.py:183} INFO - Processing /home/airflow/.local/lib/python3.8/site-packages/airflow/example_dags/example_sla_dag.py took 0.498 seconds
[2025-11-06T11:58:43.390+0000] {processor.py:161} INFO - Started process (PID=6706) to work on /home/airflow/.local/lib/python3.8/site-packages/airflow/example_dags/example_sla_dag.py
[2025-11-06T11:58:43.392+0000] {processor.py:830} INFO - Processing file /home/airflow/.local/lib/python3.8/site-packages/airflow/example_dags/example_sla_dag.py for tasks to queue
[2025-11-06T11:58:43.396+0000] {logging_mixin.py:188} INFO - [2025-11-06T11:58:43.396+0000] {dagbag.py:538} INFO - Filling up the DagBag from /home/airflow/.local/lib/python3.8/site-packages/airflow/example_dags/example_sla_dag.py
[2025-11-06T11:58:43.409+0000] {processor.py:840} INFO - DAG(s) 'example_sla_dag' retrieved from /home/airflow/.local/lib/python3.8/site-packages/airflow/example_dags/example_sla_dag.py
[2025-11-06T11:58:43.441+0000] {logging_mixin.py:188} INFO - [2025-11-06T11:58:43.441+0000] {dag.py:3036} INFO - Sync 1 DAGs
[2025-11-06T11:58:43.476+0000] {logging_mixin.py:188} INFO - [2025-11-06T11:58:43.476+0000] {dag.py:3823} INFO - Setting next_dagrun for example_sla_dag to 2025-11-06 11:56:00+00:00, run_after=2025-11-06 11:58:00+00:00
[2025-11-06T11:58:43.504+0000] {processor.py:183} INFO - Processing /home/airflow/.local/lib/python3.8/site-packages/airflow/example_dags/example_sla_dag.py took 0.120 seconds
[2025-11-06T11:59:17.480+0000] {processor.py:161} INFO - Started process (PID=6761) to work on /home/airflow/.local/lib/python3.8/site-packages/airflow/example_dags/example_sla_dag.py
[2025-11-06T11:59:17.484+0000] {processor.py:830} INFO - Processing file /home/airflow/.local/lib/python3.8/site-packages/airflow/example_dags/example_sla_dag.py for tasks to queue
[2025-11-06T11:59:17.501+0000] {logging_mixin.py:188} INFO - [2025-11-06T11:59:17.500+0000] {dagbag.py:538} INFO - Filling up the DagBag from /home/airflow/.local/lib/python3.8/site-packages/airflow/example_dags/example_sla_dag.py
[2025-11-06T11:59:17.608+0000] {processor.py:840} INFO - DAG(s) 'example_sla_dag' retrieved from /home/airflow/.local/lib/python3.8/site-packages/airflow/example_dags/example_sla_dag.py
[2025-11-06T11:59:17.851+0000] {logging_mixin.py:188} INFO - [2025-11-06T11:59:17.850+0000] {dag.py:3036} INFO - Sync 1 DAGs
[2025-11-06T11:59:18.139+0000] {logging_mixin.py:188} INFO - [2025-11-06T11:59:18.126+0000] {dag.py:3823} INFO - Setting next_dagrun for example_sla_dag to 2025-11-06 11:56:00+00:00, run_after=2025-11-06 11:58:00+00:00
[2025-11-06T11:59:18.317+0000] {processor.py:183} INFO - Processing /home/airflow/.local/lib/python3.8/site-packages/airflow/example_dags/example_sla_dag.py took 0.883 seconds
[2025-11-06T11:59:48.935+0000] {processor.py:161} INFO - Started process (PID=6816) to work on /home/airflow/.local/lib/python3.8/site-packages/airflow/example_dags/example_sla_dag.py
[2025-11-06T11:59:48.938+0000] {processor.py:830} INFO - Processing file /home/airflow/.local/lib/python3.8/site-packages/airflow/example_dags/example_sla_dag.py for tasks to queue
[2025-11-06T11:59:48.944+0000] {logging_mixin.py:188} INFO - [2025-11-06T11:59:48.943+0000] {dagbag.py:538} INFO - Filling up the DagBag from /home/airflow/.local/lib/python3.8/site-packages/airflow/example_dags/example_sla_dag.py
[2025-11-06T11:59:48.971+0000] {processor.py:840} INFO - DAG(s) 'example_sla_dag' retrieved from /home/airflow/.local/lib/python3.8/site-packages/airflow/example_dags/example_sla_dag.py
[2025-11-06T11:59:49.025+0000] {logging_mixin.py:188} INFO - [2025-11-06T11:59:49.025+0000] {dag.py:3036} INFO - Sync 1 DAGs
[2025-11-06T11:59:49.076+0000] {logging_mixin.py:188} INFO - [2025-11-06T11:59:49.076+0000] {dag.py:3823} INFO - Setting next_dagrun for example_sla_dag to 2025-11-06 11:56:00+00:00, run_after=2025-11-06 11:58:00+00:00
[2025-11-06T11:59:49.116+0000] {processor.py:183} INFO - Processing /home/airflow/.local/lib/python3.8/site-packages/airflow/example_dags/example_sla_dag.py took 0.191 seconds
[2025-11-06T12:00:19.690+0000] {processor.py:161} INFO - Started process (PID=6870) to work on /home/airflow/.local/lib/python3.8/site-packages/airflow/example_dags/example_sla_dag.py
[2025-11-06T12:00:19.692+0000] {processor.py:830} INFO - Processing file /home/airflow/.local/lib/python3.8/site-packages/airflow/example_dags/example_sla_dag.py for tasks to queue
[2025-11-06T12:00:19.697+0000] {logging_mixin.py:188} INFO - [2025-11-06T12:00:19.696+0000] {dagbag.py:538} INFO - Filling up the DagBag from /home/airflow/.local/lib/python3.8/site-packages/airflow/example_dags/example_sla_dag.py
[2025-11-06T12:00:19.718+0000] {processor.py:840} INFO - DAG(s) 'example_sla_dag' retrieved from /home/airflow/.local/lib/python3.8/site-packages/airflow/example_dags/example_sla_dag.py
[2025-11-06T12:00:19.766+0000] {logging_mixin.py:188} INFO - [2025-11-06T12:00:19.765+0000] {dag.py:3036} INFO - Sync 1 DAGs
[2025-11-06T12:00:19.827+0000] {logging_mixin.py:188} INFO - [2025-11-06T12:00:19.827+0000] {dag.py:3823} INFO - Setting next_dagrun for example_sla_dag to 2025-11-06 11:58:00+00:00, run_after=2025-11-06 12:00:00+00:00
[2025-11-06T12:00:19.874+0000] {processor.py:183} INFO - Processing /home/airflow/.local/lib/python3.8/site-packages/airflow/example_dags/example_sla_dag.py took 0.194 seconds
[2025-11-06T12:00:50.072+0000] {processor.py:161} INFO - Started process (PID=6925) to work on /home/airflow/.local/lib/python3.8/site-packages/airflow/example_dags/example_sla_dag.py
[2025-11-06T12:00:50.075+0000] {processor.py:830} INFO - Processing file /home/airflow/.local/lib/python3.8/site-packages/airflow/example_dags/example_sla_dag.py for tasks to queue
[2025-11-06T12:00:50.079+0000] {logging_mixin.py:188} INFO - [2025-11-06T12:00:50.078+0000] {dagbag.py:538} INFO - Filling up the DagBag from /home/airflow/.local/lib/python3.8/site-packages/airflow/example_dags/example_sla_dag.py
[2025-11-06T12:00:50.101+0000] {processor.py:840} INFO - DAG(s) 'example_sla_dag' retrieved from /home/airflow/.local/lib/python3.8/site-packages/airflow/example_dags/example_sla_dag.py
[2025-11-06T12:00:50.148+0000] {logging_mixin.py:188} INFO - [2025-11-06T12:00:50.148+0000] {dag.py:3036} INFO - Sync 1 DAGs
[2025-11-06T12:00:50.245+0000] {logging_mixin.py:188} INFO - [2025-11-06T12:00:50.244+0000] {dag.py:3823} INFO - Setting next_dagrun for example_sla_dag to 2025-11-06 11:58:00+00:00, run_after=2025-11-06 12:00:00+00:00
[2025-11-06T12:00:50.351+0000] {processor.py:183} INFO - Processing /home/airflow/.local/lib/python3.8/site-packages/airflow/example_dags/example_sla_dag.py took 0.290 seconds
[2025-11-06T12:01:20.982+0000] {processor.py:161} INFO - Started process (PID=6980) to work on /home/airflow/.local/lib/python3.8/site-packages/airflow/example_dags/example_sla_dag.py
[2025-11-06T12:01:20.987+0000] {processor.py:830} INFO - Processing file /home/airflow/.local/lib/python3.8/site-packages/airflow/example_dags/example_sla_dag.py for tasks to queue
[2025-11-06T12:01:20.996+0000] {logging_mixin.py:188} INFO - [2025-11-06T12:01:20.995+0000] {dagbag.py:538} INFO - Filling up the DagBag from /home/airflow/.local/lib/python3.8/site-packages/airflow/example_dags/example_sla_dag.py
[2025-11-06T12:01:21.042+0000] {processor.py:840} INFO - DAG(s) 'example_sla_dag' retrieved from /home/airflow/.local/lib/python3.8/site-packages/airflow/example_dags/example_sla_dag.py
[2025-11-06T12:01:21.184+0000] {logging_mixin.py:188} INFO - [2025-11-06T12:01:21.183+0000] {dag.py:3036} INFO - Sync 1 DAGs
[2025-11-06T12:01:21.298+0000] {logging_mixin.py:188} INFO - [2025-11-06T12:01:21.298+0000] {dag.py:3823} INFO - Setting next_dagrun for example_sla_dag to 2025-11-06 11:58:00+00:00, run_after=2025-11-06 12:00:00+00:00
[2025-11-06T12:01:21.360+0000] {processor.py:183} INFO - Processing /home/airflow/.local/lib/python3.8/site-packages/airflow/example_dags/example_sla_dag.py took 0.412 seconds
[2025-11-06T12:01:51.830+0000] {processor.py:161} INFO - Started process (PID=7035) to work on /home/airflow/.local/lib/python3.8/site-packages/airflow/example_dags/example_sla_dag.py
[2025-11-06T12:01:51.833+0000] {processor.py:830} INFO - Processing file /home/airflow/.local/lib/python3.8/site-packages/airflow/example_dags/example_sla_dag.py for tasks to queue
[2025-11-06T12:01:51.848+0000] {logging_mixin.py:188} INFO - [2025-11-06T12:01:51.844+0000] {dagbag.py:538} INFO - Filling up the DagBag from /home/airflow/.local/lib/python3.8/site-packages/airflow/example_dags/example_sla_dag.py
[2025-11-06T12:01:51.899+0000] {processor.py:840} INFO - DAG(s) 'example_sla_dag' retrieved from /home/airflow/.local/lib/python3.8/site-packages/airflow/example_dags/example_sla_dag.py
[2025-11-06T12:01:51.973+0000] {logging_mixin.py:188} INFO - [2025-11-06T12:01:51.972+0000] {dag.py:3036} INFO - Sync 1 DAGs
[2025-11-06T12:01:52.089+0000] {logging_mixin.py:188} INFO - [2025-11-06T12:01:52.088+0000] {dag.py:3823} INFO - Setting next_dagrun for example_sla_dag to 2025-11-06 11:58:00+00:00, run_after=2025-11-06 12:00:00+00:00
[2025-11-06T12:01:52.169+0000] {processor.py:183} INFO - Processing /home/airflow/.local/lib/python3.8/site-packages/airflow/example_dags/example_sla_dag.py took 0.359 seconds
[2025-11-06T12:02:22.697+0000] {processor.py:161} INFO - Started process (PID=7090) to work on /home/airflow/.local/lib/python3.8/site-packages/airflow/example_dags/example_sla_dag.py
[2025-11-06T12:02:22.700+0000] {processor.py:830} INFO - Processing file /home/airflow/.local/lib/python3.8/site-packages/airflow/example_dags/example_sla_dag.py for tasks to queue
[2025-11-06T12:02:22.708+0000] {logging_mixin.py:188} INFO - [2025-11-06T12:02:22.707+0000] {dagbag.py:538} INFO - Filling up the DagBag from /home/airflow/.local/lib/python3.8/site-packages/airflow/example_dags/example_sla_dag.py
[2025-11-06T12:02:22.732+0000] {processor.py:840} INFO - DAG(s) 'example_sla_dag' retrieved from /home/airflow/.local/lib/python3.8/site-packages/airflow/example_dags/example_sla_dag.py
[2025-11-06T12:02:22.789+0000] {logging_mixin.py:188} INFO - [2025-11-06T12:02:22.789+0000] {dag.py:3036} INFO - Sync 1 DAGs
[2025-11-06T12:02:22.867+0000] {logging_mixin.py:188} INFO - [2025-11-06T12:02:22.866+0000] {dag.py:3823} INFO - Setting next_dagrun for example_sla_dag to 2025-11-06 12:00:00+00:00, run_after=2025-11-06 12:02:00+00:00
[2025-11-06T12:02:22.911+0000] {processor.py:183} INFO - Processing /home/airflow/.local/lib/python3.8/site-packages/airflow/example_dags/example_sla_dag.py took 0.224 seconds
[2025-11-06T12:02:53.583+0000] {processor.py:161} INFO - Started process (PID=7145) to work on /home/airflow/.local/lib/python3.8/site-packages/airflow/example_dags/example_sla_dag.py
[2025-11-06T12:02:53.587+0000] {processor.py:830} INFO - Processing file /home/airflow/.local/lib/python3.8/site-packages/airflow/example_dags/example_sla_dag.py for tasks to queue
[2025-11-06T12:02:53.594+0000] {logging_mixin.py:188} INFO - [2025-11-06T12:02:53.593+0000] {dagbag.py:538} INFO - Filling up the DagBag from /home/airflow/.local/lib/python3.8/site-packages/airflow/example_dags/example_sla_dag.py
[2025-11-06T12:02:53.636+0000] {processor.py:840} INFO - DAG(s) 'example_sla_dag' retrieved from /home/airflow/.local/lib/python3.8/site-packages/airflow/example_dags/example_sla_dag.py
[2025-11-06T12:02:53.717+0000] {logging_mixin.py:188} INFO - [2025-11-06T12:02:53.717+0000] {dag.py:3036} INFO - Sync 1 DAGs
[2025-11-06T12:02:53.769+0000] {logging_mixin.py:188} INFO - [2025-11-06T12:02:53.769+0000] {dag.py:3823} INFO - Setting next_dagrun for example_sla_dag to 2025-11-06 12:00:00+00:00, run_after=2025-11-06 12:02:00+00:00
[2025-11-06T12:02:53.828+0000] {processor.py:183} INFO - Processing /home/airflow/.local/lib/python3.8/site-packages/airflow/example_dags/example_sla_dag.py took 0.257 seconds
[2025-11-06T12:03:24.160+0000] {processor.py:161} INFO - Started process (PID=7200) to work on /home/airflow/.local/lib/python3.8/site-packages/airflow/example_dags/example_sla_dag.py
[2025-11-06T12:03:24.174+0000] {processor.py:830} INFO - Processing file /home/airflow/.local/lib/python3.8/site-packages/airflow/example_dags/example_sla_dag.py for tasks to queue
[2025-11-06T12:03:24.216+0000] {logging_mixin.py:188} INFO - [2025-11-06T12:03:24.215+0000] {dagbag.py:538} INFO - Filling up the DagBag from /home/airflow/.local/lib/python3.8/site-packages/airflow/example_dags/example_sla_dag.py
[2025-11-06T12:03:24.318+0000] {processor.py:840} INFO - DAG(s) 'example_sla_dag' retrieved from /home/airflow/.local/lib/python3.8/site-packages/airflow/example_dags/example_sla_dag.py
[2025-11-06T12:03:24.499+0000] {logging_mixin.py:188} INFO - [2025-11-06T12:03:24.499+0000] {dag.py:3036} INFO - Sync 1 DAGs
[2025-11-06T12:03:24.654+0000] {logging_mixin.py:188} INFO - [2025-11-06T12:03:24.652+0000] {dag.py:3823} INFO - Setting next_dagrun for example_sla_dag to 2025-11-06 12:00:00+00:00, run_after=2025-11-06 12:02:00+00:00
[2025-11-06T12:03:24.908+0000] {processor.py:183} INFO - Processing /home/airflow/.local/lib/python3.8/site-packages/airflow/example_dags/example_sla_dag.py took 0.782 seconds
[2025-11-06T12:03:55.128+0000] {processor.py:161} INFO - Started process (PID=7255) to work on /home/airflow/.local/lib/python3.8/site-packages/airflow/example_dags/example_sla_dag.py
[2025-11-06T12:03:55.131+0000] {processor.py:830} INFO - Processing file /home/airflow/.local/lib/python3.8/site-packages/airflow/example_dags/example_sla_dag.py for tasks to queue
[2025-11-06T12:03:55.150+0000] {logging_mixin.py:188} INFO - [2025-11-06T12:03:55.142+0000] {dagbag.py:538} INFO - Filling up the DagBag from /home/airflow/.local/lib/python3.8/site-packages/airflow/example_dags/example_sla_dag.py
[2025-11-06T12:03:55.181+0000] {processor.py:840} INFO - DAG(s) 'example_sla_dag' retrieved from /home/airflow/.local/lib/python3.8/site-packages/airflow/example_dags/example_sla_dag.py
[2025-11-06T12:03:55.267+0000] {logging_mixin.py:188} INFO - [2025-11-06T12:03:55.266+0000] {dag.py:3036} INFO - Sync 1 DAGs
[2025-11-06T12:03:55.356+0000] {logging_mixin.py:188} INFO - [2025-11-06T12:03:55.352+0000] {dag.py:3823} INFO - Setting next_dagrun for example_sla_dag to 2025-11-06 12:00:00+00:00, run_after=2025-11-06 12:02:00+00:00
[2025-11-06T12:03:55.415+0000] {processor.py:183} INFO - Processing /home/airflow/.local/lib/python3.8/site-packages/airflow/example_dags/example_sla_dag.py took 0.301 seconds
[2025-11-06T12:04:26.079+0000] {processor.py:161} INFO - Started process (PID=7310) to work on /home/airflow/.local/lib/python3.8/site-packages/airflow/example_dags/example_sla_dag.py
[2025-11-06T12:04:26.088+0000] {processor.py:830} INFO - Processing file /home/airflow/.local/lib/python3.8/site-packages/airflow/example_dags/example_sla_dag.py for tasks to queue
[2025-11-06T12:04:26.102+0000] {logging_mixin.py:188} INFO - [2025-11-06T12:04:26.101+0000] {dagbag.py:538} INFO - Filling up the DagBag from /home/airflow/.local/lib/python3.8/site-packages/airflow/example_dags/example_sla_dag.py
[2025-11-06T12:04:26.169+0000] {processor.py:840} INFO - DAG(s) 'example_sla_dag' retrieved from /home/airflow/.local/lib/python3.8/site-packages/airflow/example_dags/example_sla_dag.py
[2025-11-06T12:04:26.345+0000] {logging_mixin.py:188} INFO - [2025-11-06T12:04:26.344+0000] {dag.py:3036} INFO - Sync 1 DAGs
[2025-11-06T12:04:26.554+0000] {logging_mixin.py:188} INFO - [2025-11-06T12:04:26.548+0000] {dag.py:3823} INFO - Setting next_dagrun for example_sla_dag to 2025-11-06 12:02:00+00:00, run_after=2025-11-06 12:04:00+00:00
[2025-11-06T12:04:26.673+0000] {processor.py:183} INFO - Processing /home/airflow/.local/lib/python3.8/site-packages/airflow/example_dags/example_sla_dag.py took 0.622 seconds
[2025-11-06T12:04:58.760+0000] {processor.py:161} INFO - Started process (PID=7365) to work on /home/airflow/.local/lib/python3.8/site-packages/airflow/example_dags/example_sla_dag.py
[2025-11-06T12:04:58.769+0000] {processor.py:830} INFO - Processing file /home/airflow/.local/lib/python3.8/site-packages/airflow/example_dags/example_sla_dag.py for tasks to queue
[2025-11-06T12:04:58.812+0000] {logging_mixin.py:188} INFO - [2025-11-06T12:04:58.811+0000] {dagbag.py:538} INFO - Filling up the DagBag from /home/airflow/.local/lib/python3.8/site-packages/airflow/example_dags/example_sla_dag.py
[2025-11-06T12:04:58.884+0000] {processor.py:840} INFO - DAG(s) 'example_sla_dag' retrieved from /home/airflow/.local/lib/python3.8/site-packages/airflow/example_dags/example_sla_dag.py
[2025-11-06T12:04:59.081+0000] {logging_mixin.py:188} INFO - [2025-11-06T12:04:59.079+0000] {dag.py:3036} INFO - Sync 1 DAGs
[2025-11-06T12:04:59.347+0000] {logging_mixin.py:188} INFO - [2025-11-06T12:04:59.346+0000] {dag.py:3823} INFO - Setting next_dagrun for example_sla_dag to 2025-11-06 12:02:00+00:00, run_after=2025-11-06 12:04:00+00:00
[2025-11-06T12:04:59.504+0000] {processor.py:183} INFO - Processing /home/airflow/.local/lib/python3.8/site-packages/airflow/example_dags/example_sla_dag.py took 0.767 seconds
[2025-11-06T12:05:30.054+0000] {processor.py:161} INFO - Started process (PID=7420) to work on /home/airflow/.local/lib/python3.8/site-packages/airflow/example_dags/example_sla_dag.py
[2025-11-06T12:05:30.058+0000] {processor.py:830} INFO - Processing file /home/airflow/.local/lib/python3.8/site-packages/airflow/example_dags/example_sla_dag.py for tasks to queue
[2025-11-06T12:05:30.064+0000] {logging_mixin.py:188} INFO - [2025-11-06T12:05:30.063+0000] {dagbag.py:538} INFO - Filling up the DagBag from /home/airflow/.local/lib/python3.8/site-packages/airflow/example_dags/example_sla_dag.py
[2025-11-06T12:05:30.118+0000] {processor.py:840} INFO - DAG(s) 'example_sla_dag' retrieved from /home/airflow/.local/lib/python3.8/site-packages/airflow/example_dags/example_sla_dag.py
[2025-11-06T12:05:30.203+0000] {logging_mixin.py:188} INFO - [2025-11-06T12:05:30.202+0000] {dag.py:3036} INFO - Sync 1 DAGs
[2025-11-06T12:05:30.298+0000] {logging_mixin.py:188} INFO - [2025-11-06T12:05:30.297+0000] {dag.py:3823} INFO - Setting next_dagrun for example_sla_dag to 2025-11-06 12:02:00+00:00, run_after=2025-11-06 12:04:00+00:00
[2025-11-06T12:05:30.376+0000] {processor.py:183} INFO - Processing /home/airflow/.local/lib/python3.8/site-packages/airflow/example_dags/example_sla_dag.py took 0.353 seconds
[2025-11-06T12:06:05.365+0000] {processor.py:161} INFO - Started process (PID=7477) to work on /home/airflow/.local/lib/python3.8/site-packages/airflow/example_dags/example_sla_dag.py
[2025-11-06T12:06:05.367+0000] {processor.py:830} INFO - Processing file /home/airflow/.local/lib/python3.8/site-packages/airflow/example_dags/example_sla_dag.py for tasks to queue
[2025-11-06T12:06:05.374+0000] {logging_mixin.py:188} INFO - [2025-11-06T12:06:05.373+0000] {dagbag.py:538} INFO - Filling up the DagBag from /home/airflow/.local/lib/python3.8/site-packages/airflow/example_dags/example_sla_dag.py
[2025-11-06T12:06:05.395+0000] {processor.py:840} INFO - DAG(s) 'example_sla_dag' retrieved from /home/airflow/.local/lib/python3.8/site-packages/airflow/example_dags/example_sla_dag.py
[2025-11-06T12:06:05.439+0000] {logging_mixin.py:188} INFO - [2025-11-06T12:06:05.439+0000] {dag.py:3036} INFO - Sync 1 DAGs
[2025-11-06T12:06:05.494+0000] {logging_mixin.py:188} INFO - [2025-11-06T12:06:05.493+0000] {dag.py:3823} INFO - Setting next_dagrun for example_sla_dag to 2025-11-06 12:04:00+00:00, run_after=2025-11-06 12:06:00+00:00
[2025-11-06T12:06:05.545+0000] {processor.py:183} INFO - Processing /home/airflow/.local/lib/python3.8/site-packages/airflow/example_dags/example_sla_dag.py took 0.190 seconds
[2025-11-06T12:06:35.843+0000] {processor.py:161} INFO - Started process (PID=7532) to work on /home/airflow/.local/lib/python3.8/site-packages/airflow/example_dags/example_sla_dag.py
[2025-11-06T12:06:35.846+0000] {processor.py:830} INFO - Processing file /home/airflow/.local/lib/python3.8/site-packages/airflow/example_dags/example_sla_dag.py for tasks to queue
[2025-11-06T12:06:35.853+0000] {logging_mixin.py:188} INFO - [2025-11-06T12:06:35.852+0000] {dagbag.py:538} INFO - Filling up the DagBag from /home/airflow/.local/lib/python3.8/site-packages/airflow/example_dags/example_sla_dag.py
[2025-11-06T12:06:35.894+0000] {processor.py:840} INFO - DAG(s) 'example_sla_dag' retrieved from /home/airflow/.local/lib/python3.8/site-packages/airflow/example_dags/example_sla_dag.py
[2025-11-06T12:06:35.980+0000] {logging_mixin.py:188} INFO - [2025-11-06T12:06:35.979+0000] {dag.py:3036} INFO - Sync 1 DAGs
[2025-11-06T12:06:36.087+0000] {logging_mixin.py:188} INFO - [2025-11-06T12:06:36.086+0000] {dag.py:3823} INFO - Setting next_dagrun for example_sla_dag to 2025-11-06 12:04:00+00:00, run_after=2025-11-06 12:06:00+00:00
[2025-11-06T12:06:36.174+0000] {processor.py:183} INFO - Processing /home/airflow/.local/lib/python3.8/site-packages/airflow/example_dags/example_sla_dag.py took 0.343 seconds
[2025-11-06T12:07:13.510+0000] {processor.py:161} INFO - Started process (PID=7591) to work on /home/airflow/.local/lib/python3.8/site-packages/airflow/example_dags/example_sla_dag.py
[2025-11-06T12:07:13.516+0000] {processor.py:830} INFO - Processing file /home/airflow/.local/lib/python3.8/site-packages/airflow/example_dags/example_sla_dag.py for tasks to queue
[2025-11-06T12:07:13.526+0000] {logging_mixin.py:188} INFO - [2025-11-06T12:07:13.525+0000] {dagbag.py:538} INFO - Filling up the DagBag from /home/airflow/.local/lib/python3.8/site-packages/airflow/example_dags/example_sla_dag.py
[2025-11-06T12:07:13.566+0000] {processor.py:840} INFO - DAG(s) 'example_sla_dag' retrieved from /home/airflow/.local/lib/python3.8/site-packages/airflow/example_dags/example_sla_dag.py
[2025-11-06T12:07:13.643+0000] {logging_mixin.py:188} INFO - [2025-11-06T12:07:13.642+0000] {dag.py:3036} INFO - Sync 1 DAGs
[2025-11-06T12:07:13.763+0000] {logging_mixin.py:188} INFO - [2025-11-06T12:07:13.762+0000] {dag.py:3823} INFO - Setting next_dagrun for example_sla_dag to 2025-11-06 12:04:00+00:00, run_after=2025-11-06 12:06:00+00:00
[2025-11-06T12:07:13.862+0000] {processor.py:183} INFO - Processing /home/airflow/.local/lib/python3.8/site-packages/airflow/example_dags/example_sla_dag.py took 0.370 seconds
[2025-11-06T12:07:44.715+0000] {processor.py:161} INFO - Started process (PID=7646) to work on /home/airflow/.local/lib/python3.8/site-packages/airflow/example_dags/example_sla_dag.py
[2025-11-06T12:07:44.734+0000] {processor.py:830} INFO - Processing file /home/airflow/.local/lib/python3.8/site-packages/airflow/example_dags/example_sla_dag.py for tasks to queue
[2025-11-06T12:07:44.749+0000] {logging_mixin.py:188} INFO - [2025-11-06T12:07:44.748+0000] {dagbag.py:538} INFO - Filling up the DagBag from /home/airflow/.local/lib/python3.8/site-packages/airflow/example_dags/example_sla_dag.py
[2025-11-06T12:07:44.856+0000] {processor.py:840} INFO - DAG(s) 'example_sla_dag' retrieved from /home/airflow/.local/lib/python3.8/site-packages/airflow/example_dags/example_sla_dag.py
[2025-11-06T12:07:45.003+0000] {logging_mixin.py:188} INFO - [2025-11-06T12:07:45.002+0000] {dag.py:3036} INFO - Sync 1 DAGs
[2025-11-06T12:07:45.176+0000] {logging_mixin.py:188} INFO - [2025-11-06T12:07:45.175+0000] {dag.py:3823} INFO - Setting next_dagrun for example_sla_dag to 2025-11-06 12:04:00+00:00, run_after=2025-11-06 12:06:00+00:00
[2025-11-06T12:07:45.270+0000] {processor.py:183} INFO - Processing /home/airflow/.local/lib/python3.8/site-packages/airflow/example_dags/example_sla_dag.py took 0.587 seconds
[2025-11-06T12:08:15.999+0000] {processor.py:161} INFO - Started process (PID=7701) to work on /home/airflow/.local/lib/python3.8/site-packages/airflow/example_dags/example_sla_dag.py
[2025-11-06T12:08:16.010+0000] {processor.py:830} INFO - Processing file /home/airflow/.local/lib/python3.8/site-packages/airflow/example_dags/example_sla_dag.py for tasks to queue
[2025-11-06T12:08:16.019+0000] {logging_mixin.py:188} INFO - [2025-11-06T12:08:16.018+0000] {dagbag.py:538} INFO - Filling up the DagBag from /home/airflow/.local/lib/python3.8/site-packages/airflow/example_dags/example_sla_dag.py
[2025-11-06T12:08:16.065+0000] {processor.py:840} INFO - DAG(s) 'example_sla_dag' retrieved from /home/airflow/.local/lib/python3.8/site-packages/airflow/example_dags/example_sla_dag.py
[2025-11-06T12:08:16.185+0000] {logging_mixin.py:188} INFO - [2025-11-06T12:08:16.184+0000] {dag.py:3036} INFO - Sync 1 DAGs
[2025-11-06T12:08:16.408+0000] {logging_mixin.py:188} INFO - [2025-11-06T12:08:16.408+0000] {dag.py:3823} INFO - Setting next_dagrun for example_sla_dag to 2025-11-06 12:06:00+00:00, run_after=2025-11-06 12:08:00+00:00
[2025-11-06T12:08:16.550+0000] {processor.py:183} INFO - Processing /home/airflow/.local/lib/python3.8/site-packages/airflow/example_dags/example_sla_dag.py took 0.570 seconds
[2025-11-06T12:08:47.146+0000] {processor.py:161} INFO - Started process (PID=7756) to work on /home/airflow/.local/lib/python3.8/site-packages/airflow/example_dags/example_sla_dag.py
[2025-11-06T12:08:47.148+0000] {processor.py:830} INFO - Processing file /home/airflow/.local/lib/python3.8/site-packages/airflow/example_dags/example_sla_dag.py for tasks to queue
[2025-11-06T12:08:47.154+0000] {logging_mixin.py:188} INFO - [2025-11-06T12:08:47.153+0000] {dagbag.py:538} INFO - Filling up the DagBag from /home/airflow/.local/lib/python3.8/site-packages/airflow/example_dags/example_sla_dag.py
[2025-11-06T12:08:47.172+0000] {processor.py:840} INFO - DAG(s) 'example_sla_dag' retrieved from /home/airflow/.local/lib/python3.8/site-packages/airflow/example_dags/example_sla_dag.py
[2025-11-06T12:08:47.211+0000] {logging_mixin.py:188} INFO - [2025-11-06T12:08:47.211+0000] {dag.py:3036} INFO - Sync 1 DAGs
[2025-11-06T12:08:47.280+0000] {logging_mixin.py:188} INFO - [2025-11-06T12:08:47.280+0000] {dag.py:3823} INFO - Setting next_dagrun for example_sla_dag to 2025-11-06 12:06:00+00:00, run_after=2025-11-06 12:08:00+00:00
[2025-11-06T12:08:47.337+0000] {processor.py:183} INFO - Processing /home/airflow/.local/lib/python3.8/site-packages/airflow/example_dags/example_sla_dag.py took 0.198 seconds
[2025-11-06T12:09:19.018+0000] {processor.py:161} INFO - Started process (PID=7811) to work on /home/airflow/.local/lib/python3.8/site-packages/airflow/example_dags/example_sla_dag.py
[2025-11-06T12:09:19.024+0000] {processor.py:830} INFO - Processing file /home/airflow/.local/lib/python3.8/site-packages/airflow/example_dags/example_sla_dag.py for tasks to queue
[2025-11-06T12:09:19.062+0000] {logging_mixin.py:188} INFO - [2025-11-06T12:09:19.061+0000] {dagbag.py:538} INFO - Filling up the DagBag from /home/airflow/.local/lib/python3.8/site-packages/airflow/example_dags/example_sla_dag.py
[2025-11-06T12:09:19.129+0000] {processor.py:840} INFO - DAG(s) 'example_sla_dag' retrieved from /home/airflow/.local/lib/python3.8/site-packages/airflow/example_dags/example_sla_dag.py
[2025-11-06T12:09:19.334+0000] {logging_mixin.py:188} INFO - [2025-11-06T12:09:19.322+0000] {dag.py:3036} INFO - Sync 1 DAGs
[2025-11-06T12:09:19.556+0000] {logging_mixin.py:188} INFO - [2025-11-06T12:09:19.555+0000] {dag.py:3823} INFO - Setting next_dagrun for example_sla_dag to 2025-11-06 12:06:00+00:00, run_after=2025-11-06 12:08:00+00:00
[2025-11-06T12:09:19.735+0000] {processor.py:183} INFO - Processing /home/airflow/.local/lib/python3.8/site-packages/airflow/example_dags/example_sla_dag.py took 0.762 seconds
[2025-11-06T12:09:50.319+0000] {processor.py:161} INFO - Started process (PID=7872) to work on /home/airflow/.local/lib/python3.8/site-packages/airflow/example_dags/example_sla_dag.py
[2025-11-06T12:09:50.324+0000] {processor.py:830} INFO - Processing file /home/airflow/.local/lib/python3.8/site-packages/airflow/example_dags/example_sla_dag.py for tasks to queue
[2025-11-06T12:09:50.347+0000] {logging_mixin.py:188} INFO - [2025-11-06T12:09:50.342+0000] {dagbag.py:538} INFO - Filling up the DagBag from /home/airflow/.local/lib/python3.8/site-packages/airflow/example_dags/example_sla_dag.py
[2025-11-06T12:09:50.388+0000] {processor.py:840} INFO - DAG(s) 'example_sla_dag' retrieved from /home/airflow/.local/lib/python3.8/site-packages/airflow/example_dags/example_sla_dag.py
[2025-11-06T12:09:50.530+0000] {logging_mixin.py:188} INFO - [2025-11-06T12:09:50.530+0000] {dag.py:3036} INFO - Sync 1 DAGs
[2025-11-06T12:09:50.700+0000] {logging_mixin.py:188} INFO - [2025-11-06T12:09:50.699+0000] {dag.py:3823} INFO - Setting next_dagrun for example_sla_dag to 2025-11-06 12:06:00+00:00, run_after=2025-11-06 12:08:00+00:00
[2025-11-06T12:09:50.793+0000] {processor.py:183} INFO - Processing /home/airflow/.local/lib/python3.8/site-packages/airflow/example_dags/example_sla_dag.py took 0.491 seconds
[2025-11-06T12:10:21.255+0000] {processor.py:161} INFO - Started process (PID=7925) to work on /home/airflow/.local/lib/python3.8/site-packages/airflow/example_dags/example_sla_dag.py
[2025-11-06T12:10:21.267+0000] {processor.py:830} INFO - Processing file /home/airflow/.local/lib/python3.8/site-packages/airflow/example_dags/example_sla_dag.py for tasks to queue
[2025-11-06T12:10:21.273+0000] {logging_mixin.py:188} INFO - [2025-11-06T12:10:21.272+0000] {dagbag.py:538} INFO - Filling up the DagBag from /home/airflow/.local/lib/python3.8/site-packages/airflow/example_dags/example_sla_dag.py
[2025-11-06T12:10:21.317+0000] {processor.py:840} INFO - DAG(s) 'example_sla_dag' retrieved from /home/airflow/.local/lib/python3.8/site-packages/airflow/example_dags/example_sla_dag.py
[2025-11-06T12:10:21.414+0000] {logging_mixin.py:188} INFO - [2025-11-06T12:10:21.413+0000] {dag.py:3036} INFO - Sync 1 DAGs
[2025-11-06T12:10:21.561+0000] {logging_mixin.py:188} INFO - [2025-11-06T12:10:21.560+0000] {dag.py:3823} INFO - Setting next_dagrun for example_sla_dag to 2025-11-06 12:08:00+00:00, run_after=2025-11-06 12:10:00+00:00
[2025-11-06T12:10:21.669+0000] {processor.py:183} INFO - Processing /home/airflow/.local/lib/python3.8/site-packages/airflow/example_dags/example_sla_dag.py took 0.431 seconds
[2025-11-06T12:10:52.254+0000] {processor.py:161} INFO - Started process (PID=7980) to work on /home/airflow/.local/lib/python3.8/site-packages/airflow/example_dags/example_sla_dag.py
[2025-11-06T12:10:52.269+0000] {processor.py:830} INFO - Processing file /home/airflow/.local/lib/python3.8/site-packages/airflow/example_dags/example_sla_dag.py for tasks to queue
[2025-11-06T12:10:52.293+0000] {logging_mixin.py:188} INFO - [2025-11-06T12:10:52.292+0000] {dagbag.py:538} INFO - Filling up the DagBag from /home/airflow/.local/lib/python3.8/site-packages/airflow/example_dags/example_sla_dag.py
[2025-11-06T12:10:52.370+0000] {processor.py:840} INFO - DAG(s) 'example_sla_dag' retrieved from /home/airflow/.local/lib/python3.8/site-packages/airflow/example_dags/example_sla_dag.py
[2025-11-06T12:10:52.529+0000] {logging_mixin.py:188} INFO - [2025-11-06T12:10:52.528+0000] {dag.py:3036} INFO - Sync 1 DAGs
[2025-11-06T12:10:52.769+0000] {logging_mixin.py:188} INFO - [2025-11-06T12:10:52.768+0000] {dag.py:3823} INFO - Setting next_dagrun for example_sla_dag to 2025-11-06 12:08:00+00:00, run_after=2025-11-06 12:10:00+00:00
[2025-11-06T12:10:53.018+0000] {processor.py:183} INFO - Processing /home/airflow/.local/lib/python3.8/site-packages/airflow/example_dags/example_sla_dag.py took 0.783 seconds
[2025-11-06T12:11:24.157+0000] {processor.py:161} INFO - Started process (PID=8035) to work on /home/airflow/.local/lib/python3.8/site-packages/airflow/example_dags/example_sla_dag.py
[2025-11-06T12:11:24.170+0000] {processor.py:830} INFO - Processing file /home/airflow/.local/lib/python3.8/site-packages/airflow/example_dags/example_sla_dag.py for tasks to queue
[2025-11-06T12:11:24.190+0000] {logging_mixin.py:188} INFO - [2025-11-06T12:11:24.188+0000] {dagbag.py:538} INFO - Filling up the DagBag from /home/airflow/.local/lib/python3.8/site-packages/airflow/example_dags/example_sla_dag.py
[2025-11-06T12:11:24.252+0000] {processor.py:840} INFO - DAG(s) 'example_sla_dag' retrieved from /home/airflow/.local/lib/python3.8/site-packages/airflow/example_dags/example_sla_dag.py
[2025-11-06T12:11:24.367+0000] {logging_mixin.py:188} INFO - [2025-11-06T12:11:24.366+0000] {dag.py:3036} INFO - Sync 1 DAGs
[2025-11-06T12:11:24.526+0000] {logging_mixin.py:188} INFO - [2025-11-06T12:11:24.525+0000] {dag.py:3823} INFO - Setting next_dagrun for example_sla_dag to 2025-11-06 12:08:00+00:00, run_after=2025-11-06 12:10:00+00:00
[2025-11-06T12:11:24.707+0000] {processor.py:183} INFO - Processing /home/airflow/.local/lib/python3.8/site-packages/airflow/example_dags/example_sla_dag.py took 0.567 seconds
[2025-11-06T12:11:55.199+0000] {processor.py:161} INFO - Started process (PID=8090) to work on /home/airflow/.local/lib/python3.8/site-packages/airflow/example_dags/example_sla_dag.py
[2025-11-06T12:11:55.207+0000] {processor.py:830} INFO - Processing file /home/airflow/.local/lib/python3.8/site-packages/airflow/example_dags/example_sla_dag.py for tasks to queue
[2025-11-06T12:11:55.218+0000] {logging_mixin.py:188} INFO - [2025-11-06T12:11:55.217+0000] {dagbag.py:538} INFO - Filling up the DagBag from /home/airflow/.local/lib/python3.8/site-packages/airflow/example_dags/example_sla_dag.py
[2025-11-06T12:11:55.266+0000] {processor.py:840} INFO - DAG(s) 'example_sla_dag' retrieved from /home/airflow/.local/lib/python3.8/site-packages/airflow/example_dags/example_sla_dag.py
[2025-11-06T12:11:55.424+0000] {logging_mixin.py:188} INFO - [2025-11-06T12:11:55.424+0000] {dag.py:3036} INFO - Sync 1 DAGs
[2025-11-06T12:11:55.736+0000] {logging_mixin.py:188} INFO - [2025-11-06T12:11:55.736+0000] {dag.py:3823} INFO - Setting next_dagrun for example_sla_dag to 2025-11-06 12:08:00+00:00, run_after=2025-11-06 12:10:00+00:00
[2025-11-06T12:11:55.935+0000] {processor.py:183} INFO - Processing /home/airflow/.local/lib/python3.8/site-packages/airflow/example_dags/example_sla_dag.py took 0.762 seconds
[2025-11-06T12:12:26.536+0000] {processor.py:161} INFO - Started process (PID=8145) to work on /home/airflow/.local/lib/python3.8/site-packages/airflow/example_dags/example_sla_dag.py
[2025-11-06T12:12:26.538+0000] {processor.py:830} INFO - Processing file /home/airflow/.local/lib/python3.8/site-packages/airflow/example_dags/example_sla_dag.py for tasks to queue
[2025-11-06T12:12:26.553+0000] {logging_mixin.py:188} INFO - [2025-11-06T12:12:26.552+0000] {dagbag.py:538} INFO - Filling up the DagBag from /home/airflow/.local/lib/python3.8/site-packages/airflow/example_dags/example_sla_dag.py
[2025-11-06T12:12:26.572+0000] {processor.py:840} INFO - DAG(s) 'example_sla_dag' retrieved from /home/airflow/.local/lib/python3.8/site-packages/airflow/example_dags/example_sla_dag.py
[2025-11-06T12:12:26.619+0000] {logging_mixin.py:188} INFO - [2025-11-06T12:12:26.619+0000] {dag.py:3036} INFO - Sync 1 DAGs
[2025-11-06T12:12:26.695+0000] {logging_mixin.py:188} INFO - [2025-11-06T12:12:26.694+0000] {dag.py:3823} INFO - Setting next_dagrun for example_sla_dag to 2025-11-06 12:10:00+00:00, run_after=2025-11-06 12:12:00+00:00
[2025-11-06T12:12:26.757+0000] {processor.py:183} INFO - Processing /home/airflow/.local/lib/python3.8/site-packages/airflow/example_dags/example_sla_dag.py took 0.227 seconds
[2025-11-06T12:12:57.571+0000] {processor.py:161} INFO - Started process (PID=8200) to work on /home/airflow/.local/lib/python3.8/site-packages/airflow/example_dags/example_sla_dag.py
[2025-11-06T12:12:57.577+0000] {processor.py:830} INFO - Processing file /home/airflow/.local/lib/python3.8/site-packages/airflow/example_dags/example_sla_dag.py for tasks to queue
[2025-11-06T12:12:57.585+0000] {logging_mixin.py:188} INFO - [2025-11-06T12:12:57.582+0000] {dagbag.py:538} INFO - Filling up the DagBag from /home/airflow/.local/lib/python3.8/site-packages/airflow/example_dags/example_sla_dag.py
[2025-11-06T12:12:57.631+0000] {processor.py:840} INFO - DAG(s) 'example_sla_dag' retrieved from /home/airflow/.local/lib/python3.8/site-packages/airflow/example_dags/example_sla_dag.py
[2025-11-06T12:12:57.792+0000] {logging_mixin.py:188} INFO - [2025-11-06T12:12:57.792+0000] {dag.py:3036} INFO - Sync 1 DAGs
[2025-11-06T12:12:58.062+0000] {logging_mixin.py:188} INFO - [2025-11-06T12:12:58.049+0000] {dag.py:3823} INFO - Setting next_dagrun for example_sla_dag to 2025-11-06 12:10:00+00:00, run_after=2025-11-06 12:12:00+00:00
[2025-11-06T12:12:58.290+0000] {processor.py:183} INFO - Processing /home/airflow/.local/lib/python3.8/site-packages/airflow/example_dags/example_sla_dag.py took 0.738 seconds
[2025-11-06T12:13:28.652+0000] {processor.py:161} INFO - Started process (PID=8256) to work on /home/airflow/.local/lib/python3.8/site-packages/airflow/example_dags/example_sla_dag.py
[2025-11-06T12:13:28.655+0000] {processor.py:830} INFO - Processing file /home/airflow/.local/lib/python3.8/site-packages/airflow/example_dags/example_sla_dag.py for tasks to queue
[2025-11-06T12:13:28.662+0000] {logging_mixin.py:188} INFO - [2025-11-06T12:13:28.659+0000] {dagbag.py:538} INFO - Filling up the DagBag from /home/airflow/.local/lib/python3.8/site-packages/airflow/example_dags/example_sla_dag.py
[2025-11-06T12:13:28.695+0000] {processor.py:840} INFO - DAG(s) 'example_sla_dag' retrieved from /home/airflow/.local/lib/python3.8/site-packages/airflow/example_dags/example_sla_dag.py
[2025-11-06T12:13:28.770+0000] {logging_mixin.py:188} INFO - [2025-11-06T12:13:28.769+0000] {dag.py:3036} INFO - Sync 1 DAGs
[2025-11-06T12:13:28.876+0000] {logging_mixin.py:188} INFO - [2025-11-06T12:13:28.875+0000] {dag.py:3823} INFO - Setting next_dagrun for example_sla_dag to 2025-11-06 12:10:00+00:00, run_after=2025-11-06 12:12:00+00:00
[2025-11-06T12:13:28.946+0000] {processor.py:183} INFO - Processing /home/airflow/.local/lib/python3.8/site-packages/airflow/example_dags/example_sla_dag.py took 0.300 seconds
[2025-11-06T12:13:59.521+0000] {processor.py:161} INFO - Started process (PID=8312) to work on /home/airflow/.local/lib/python3.8/site-packages/airflow/example_dags/example_sla_dag.py
[2025-11-06T12:13:59.531+0000] {processor.py:830} INFO - Processing file /home/airflow/.local/lib/python3.8/site-packages/airflow/example_dags/example_sla_dag.py for tasks to queue
[2025-11-06T12:13:59.544+0000] {logging_mixin.py:188} INFO - [2025-11-06T12:13:59.543+0000] {dagbag.py:538} INFO - Filling up the DagBag from /home/airflow/.local/lib/python3.8/site-packages/airflow/example_dags/example_sla_dag.py
[2025-11-06T12:13:59.595+0000] {processor.py:840} INFO - DAG(s) 'example_sla_dag' retrieved from /home/airflow/.local/lib/python3.8/site-packages/airflow/example_dags/example_sla_dag.py
[2025-11-06T12:13:59.681+0000] {logging_mixin.py:188} INFO - [2025-11-06T12:13:59.680+0000] {dag.py:3036} INFO - Sync 1 DAGs
[2025-11-06T12:13:59.803+0000] {logging_mixin.py:188} INFO - [2025-11-06T12:13:59.802+0000] {dag.py:3823} INFO - Setting next_dagrun for example_sla_dag to 2025-11-06 12:10:00+00:00, run_after=2025-11-06 12:12:00+00:00
[2025-11-06T12:13:59.866+0000] {processor.py:183} INFO - Processing /home/airflow/.local/lib/python3.8/site-packages/airflow/example_dags/example_sla_dag.py took 0.373 seconds
[2025-11-06T12:14:31.220+0000] {processor.py:161} INFO - Started process (PID=8366) to work on /home/airflow/.local/lib/python3.8/site-packages/airflow/example_dags/example_sla_dag.py
[2025-11-06T12:14:31.229+0000] {processor.py:830} INFO - Processing file /home/airflow/.local/lib/python3.8/site-packages/airflow/example_dags/example_sla_dag.py for tasks to queue
[2025-11-06T12:14:31.257+0000] {logging_mixin.py:188} INFO - [2025-11-06T12:14:31.246+0000] {dagbag.py:538} INFO - Filling up the DagBag from /home/airflow/.local/lib/python3.8/site-packages/airflow/example_dags/example_sla_dag.py
[2025-11-06T12:14:31.363+0000] {processor.py:840} INFO - DAG(s) 'example_sla_dag' retrieved from /home/airflow/.local/lib/python3.8/site-packages/airflow/example_dags/example_sla_dag.py
[2025-11-06T12:14:31.540+0000] {logging_mixin.py:188} INFO - [2025-11-06T12:14:31.527+0000] {dag.py:3036} INFO - Sync 1 DAGs
[2025-11-06T12:14:31.797+0000] {logging_mixin.py:188} INFO - [2025-11-06T12:14:31.784+0000] {dag.py:3823} INFO - Setting next_dagrun for example_sla_dag to 2025-11-06 12:12:00+00:00, run_after=2025-11-06 12:14:00+00:00
[2025-11-06T12:14:31.947+0000] {processor.py:183} INFO - Processing /home/airflow/.local/lib/python3.8/site-packages/airflow/example_dags/example_sla_dag.py took 0.747 seconds
[2025-11-06T12:15:02.966+0000] {processor.py:161} INFO - Started process (PID=8420) to work on /home/airflow/.local/lib/python3.8/site-packages/airflow/example_dags/example_sla_dag.py
[2025-11-06T12:15:02.989+0000] {processor.py:830} INFO - Processing file /home/airflow/.local/lib/python3.8/site-packages/airflow/example_dags/example_sla_dag.py for tasks to queue
[2025-11-06T12:15:03.017+0000] {logging_mixin.py:188} INFO - [2025-11-06T12:15:03.016+0000] {dagbag.py:538} INFO - Filling up the DagBag from /home/airflow/.local/lib/python3.8/site-packages/airflow/example_dags/example_sla_dag.py
[2025-11-06T12:15:03.093+0000] {processor.py:840} INFO - DAG(s) 'example_sla_dag' retrieved from /home/airflow/.local/lib/python3.8/site-packages/airflow/example_dags/example_sla_dag.py
[2025-11-06T12:15:03.295+0000] {logging_mixin.py:188} INFO - [2025-11-06T12:15:03.294+0000] {dag.py:3036} INFO - Sync 1 DAGs
[2025-11-06T12:15:03.476+0000] {logging_mixin.py:188} INFO - [2025-11-06T12:15:03.475+0000] {dag.py:3823} INFO - Setting next_dagrun for example_sla_dag to 2025-11-06 12:12:00+00:00, run_after=2025-11-06 12:14:00+00:00
[2025-11-06T12:15:03.625+0000] {processor.py:183} INFO - Processing /home/airflow/.local/lib/python3.8/site-packages/airflow/example_dags/example_sla_dag.py took 0.700 seconds
[2025-11-06T12:15:34.210+0000] {processor.py:161} INFO - Started process (PID=8474) to work on /home/airflow/.local/lib/python3.8/site-packages/airflow/example_dags/example_sla_dag.py
[2025-11-06T12:15:34.232+0000] {processor.py:830} INFO - Processing file /home/airflow/.local/lib/python3.8/site-packages/airflow/example_dags/example_sla_dag.py for tasks to queue
[2025-11-06T12:15:34.254+0000] {logging_mixin.py:188} INFO - [2025-11-06T12:15:34.253+0000] {dagbag.py:538} INFO - Filling up the DagBag from /home/airflow/.local/lib/python3.8/site-packages/airflow/example_dags/example_sla_dag.py
[2025-11-06T12:15:34.356+0000] {processor.py:840} INFO - DAG(s) 'example_sla_dag' retrieved from /home/airflow/.local/lib/python3.8/site-packages/airflow/example_dags/example_sla_dag.py
[2025-11-06T12:15:34.597+0000] {logging_mixin.py:188} INFO - [2025-11-06T12:15:34.596+0000] {dag.py:3036} INFO - Sync 1 DAGs
[2025-11-06T12:15:34.888+0000] {logging_mixin.py:188} INFO - [2025-11-06T12:15:34.887+0000] {dag.py:3823} INFO - Setting next_dagrun for example_sla_dag to 2025-11-06 12:12:00+00:00, run_after=2025-11-06 12:14:00+00:00
[2025-11-06T12:15:35.114+0000] {processor.py:183} INFO - Processing /home/airflow/.local/lib/python3.8/site-packages/airflow/example_dags/example_sla_dag.py took 0.936 seconds
[2025-11-06T12:16:05.638+0000] {processor.py:161} INFO - Started process (PID=8528) to work on /home/airflow/.local/lib/python3.8/site-packages/airflow/example_dags/example_sla_dag.py
[2025-11-06T12:16:05.644+0000] {processor.py:830} INFO - Processing file /home/airflow/.local/lib/python3.8/site-packages/airflow/example_dags/example_sla_dag.py for tasks to queue
[2025-11-06T12:16:05.653+0000] {logging_mixin.py:188} INFO - [2025-11-06T12:16:05.652+0000] {dagbag.py:538} INFO - Filling up the DagBag from /home/airflow/.local/lib/python3.8/site-packages/airflow/example_dags/example_sla_dag.py
[2025-11-06T12:16:05.701+0000] {processor.py:840} INFO - DAG(s) 'example_sla_dag' retrieved from /home/airflow/.local/lib/python3.8/site-packages/airflow/example_dags/example_sla_dag.py
[2025-11-06T12:16:05.773+0000] {logging_mixin.py:188} INFO - [2025-11-06T12:16:05.773+0000] {dag.py:3036} INFO - Sync 1 DAGs
[2025-11-06T12:16:05.865+0000] {logging_mixin.py:188} INFO - [2025-11-06T12:16:05.864+0000] {dag.py:3823} INFO - Setting next_dagrun for example_sla_dag to 2025-11-06 12:14:00+00:00, run_after=2025-11-06 12:16:00+00:00
[2025-11-06T12:16:05.938+0000] {processor.py:183} INFO - Processing /home/airflow/.local/lib/python3.8/site-packages/airflow/example_dags/example_sla_dag.py took 0.321 seconds
[2025-11-06T12:16:36.542+0000] {processor.py:161} INFO - Started process (PID=8583) to work on /home/airflow/.local/lib/python3.8/site-packages/airflow/example_dags/example_sla_dag.py
[2025-11-06T12:16:36.558+0000] {processor.py:830} INFO - Processing file /home/airflow/.local/lib/python3.8/site-packages/airflow/example_dags/example_sla_dag.py for tasks to queue
[2025-11-06T12:16:36.573+0000] {logging_mixin.py:188} INFO - [2025-11-06T12:16:36.572+0000] {dagbag.py:538} INFO - Filling up the DagBag from /home/airflow/.local/lib/python3.8/site-packages/airflow/example_dags/example_sla_dag.py
[2025-11-06T12:16:36.640+0000] {processor.py:840} INFO - DAG(s) 'example_sla_dag' retrieved from /home/airflow/.local/lib/python3.8/site-packages/airflow/example_dags/example_sla_dag.py
[2025-11-06T12:16:36.736+0000] {logging_mixin.py:188} INFO - [2025-11-06T12:16:36.734+0000] {dag.py:3036} INFO - Sync 1 DAGs
[2025-11-06T12:16:36.849+0000] {logging_mixin.py:188} INFO - [2025-11-06T12:16:36.848+0000] {dag.py:3823} INFO - Setting next_dagrun for example_sla_dag to 2025-11-06 12:14:00+00:00, run_after=2025-11-06 12:16:00+00:00
[2025-11-06T12:16:36.947+0000] {processor.py:183} INFO - Processing /home/airflow/.local/lib/python3.8/site-packages/airflow/example_dags/example_sla_dag.py took 0.422 seconds
[2025-11-06T12:17:07.382+0000] {processor.py:161} INFO - Started process (PID=8638) to work on /home/airflow/.local/lib/python3.8/site-packages/airflow/example_dags/example_sla_dag.py
[2025-11-06T12:17:07.389+0000] {processor.py:830} INFO - Processing file /home/airflow/.local/lib/python3.8/site-packages/airflow/example_dags/example_sla_dag.py for tasks to queue
[2025-11-06T12:17:07.396+0000] {logging_mixin.py:188} INFO - [2025-11-06T12:17:07.395+0000] {dagbag.py:538} INFO - Filling up the DagBag from /home/airflow/.local/lib/python3.8/site-packages/airflow/example_dags/example_sla_dag.py
[2025-11-06T12:17:07.447+0000] {processor.py:840} INFO - DAG(s) 'example_sla_dag' retrieved from /home/airflow/.local/lib/python3.8/site-packages/airflow/example_dags/example_sla_dag.py
[2025-11-06T12:17:07.545+0000] {logging_mixin.py:188} INFO - [2025-11-06T12:17:07.544+0000] {dag.py:3036} INFO - Sync 1 DAGs
[2025-11-06T12:17:07.689+0000] {logging_mixin.py:188} INFO - [2025-11-06T12:17:07.688+0000] {dag.py:3823} INFO - Setting next_dagrun for example_sla_dag to 2025-11-06 12:14:00+00:00, run_after=2025-11-06 12:16:00+00:00
[2025-11-06T12:17:07.785+0000] {processor.py:183} INFO - Processing /home/airflow/.local/lib/python3.8/site-packages/airflow/example_dags/example_sla_dag.py took 0.415 seconds
[2025-11-06T12:17:38.225+0000] {processor.py:161} INFO - Started process (PID=8693) to work on /home/airflow/.local/lib/python3.8/site-packages/airflow/example_dags/example_sla_dag.py
[2025-11-06T12:17:38.238+0000] {processor.py:830} INFO - Processing file /home/airflow/.local/lib/python3.8/site-packages/airflow/example_dags/example_sla_dag.py for tasks to queue
[2025-11-06T12:17:38.269+0000] {logging_mixin.py:188} INFO - [2025-11-06T12:17:38.268+0000] {dagbag.py:538} INFO - Filling up the DagBag from /home/airflow/.local/lib/python3.8/site-packages/airflow/example_dags/example_sla_dag.py
[2025-11-06T12:17:38.376+0000] {processor.py:840} INFO - DAG(s) 'example_sla_dag' retrieved from /home/airflow/.local/lib/python3.8/site-packages/airflow/example_dags/example_sla_dag.py
[2025-11-06T12:17:38.525+0000] {logging_mixin.py:188} INFO - [2025-11-06T12:17:38.524+0000] {dag.py:3036} INFO - Sync 1 DAGs
[2025-11-06T12:17:38.756+0000] {logging_mixin.py:188} INFO - [2025-11-06T12:17:38.755+0000] {dag.py:3823} INFO - Setting next_dagrun for example_sla_dag to 2025-11-06 12:14:00+00:00, run_after=2025-11-06 12:16:00+00:00
[2025-11-06T12:17:38.954+0000] {processor.py:183} INFO - Processing /home/airflow/.local/lib/python3.8/site-packages/airflow/example_dags/example_sla_dag.py took 0.774 seconds
[2025-11-06T12:18:09.782+0000] {processor.py:161} INFO - Started process (PID=8748) to work on /home/airflow/.local/lib/python3.8/site-packages/airflow/example_dags/example_sla_dag.py
[2025-11-06T12:18:09.788+0000] {processor.py:830} INFO - Processing file /home/airflow/.local/lib/python3.8/site-packages/airflow/example_dags/example_sla_dag.py for tasks to queue
[2025-11-06T12:18:09.803+0000] {logging_mixin.py:188} INFO - [2025-11-06T12:18:09.802+0000] {dagbag.py:538} INFO - Filling up the DagBag from /home/airflow/.local/lib/python3.8/site-packages/airflow/example_dags/example_sla_dag.py
[2025-11-06T12:18:09.863+0000] {processor.py:840} INFO - DAG(s) 'example_sla_dag' retrieved from /home/airflow/.local/lib/python3.8/site-packages/airflow/example_dags/example_sla_dag.py
[2025-11-06T12:18:09.974+0000] {logging_mixin.py:188} INFO - [2025-11-06T12:18:09.973+0000] {dag.py:3036} INFO - Sync 1 DAGs
[2025-11-06T12:18:10.061+0000] {logging_mixin.py:188} INFO - [2025-11-06T12:18:10.060+0000] {dag.py:3823} INFO - Setting next_dagrun for example_sla_dag to 2025-11-06 12:16:00+00:00, run_after=2025-11-06 12:18:00+00:00
[2025-11-06T12:18:10.135+0000] {processor.py:183} INFO - Processing /home/airflow/.local/lib/python3.8/site-packages/airflow/example_dags/example_sla_dag.py took 0.375 seconds
[2025-11-06T12:18:40.442+0000] {processor.py:161} INFO - Started process (PID=8803) to work on /home/airflow/.local/lib/python3.8/site-packages/airflow/example_dags/example_sla_dag.py
[2025-11-06T12:18:40.444+0000] {processor.py:830} INFO - Processing file /home/airflow/.local/lib/python3.8/site-packages/airflow/example_dags/example_sla_dag.py for tasks to queue
[2025-11-06T12:18:40.447+0000] {logging_mixin.py:188} INFO - [2025-11-06T12:18:40.446+0000] {dagbag.py:538} INFO - Filling up the DagBag from /home/airflow/.local/lib/python3.8/site-packages/airflow/example_dags/example_sla_dag.py
[2025-11-06T12:18:40.457+0000] {processor.py:840} INFO - DAG(s) 'example_sla_dag' retrieved from /home/airflow/.local/lib/python3.8/site-packages/airflow/example_dags/example_sla_dag.py
[2025-11-06T12:18:40.484+0000] {logging_mixin.py:188} INFO - [2025-11-06T12:18:40.484+0000] {dag.py:3036} INFO - Sync 1 DAGs
[2025-11-06T12:18:40.517+0000] {logging_mixin.py:188} INFO - [2025-11-06T12:18:40.517+0000] {dag.py:3823} INFO - Setting next_dagrun for example_sla_dag to 2025-11-06 12:16:00+00:00, run_after=2025-11-06 12:18:00+00:00
[2025-11-06T12:18:40.544+0000] {processor.py:183} INFO - Processing /home/airflow/.local/lib/python3.8/site-packages/airflow/example_dags/example_sla_dag.py took 0.106 seconds
[2025-11-06T12:19:10.612+0000] {processor.py:161} INFO - Started process (PID=8857) to work on /home/airflow/.local/lib/python3.8/site-packages/airflow/example_dags/example_sla_dag.py
[2025-11-06T12:19:10.613+0000] {processor.py:830} INFO - Processing file /home/airflow/.local/lib/python3.8/site-packages/airflow/example_dags/example_sla_dag.py for tasks to queue
[2025-11-06T12:19:10.616+0000] {logging_mixin.py:188} INFO - [2025-11-06T12:19:10.616+0000] {dagbag.py:538} INFO - Filling up the DagBag from /home/airflow/.local/lib/python3.8/site-packages/airflow/example_dags/example_sla_dag.py
[2025-11-06T12:19:10.627+0000] {processor.py:840} INFO - DAG(s) 'example_sla_dag' retrieved from /home/airflow/.local/lib/python3.8/site-packages/airflow/example_dags/example_sla_dag.py
[2025-11-06T12:19:10.652+0000] {logging_mixin.py:188} INFO - [2025-11-06T12:19:10.652+0000] {dag.py:3036} INFO - Sync 1 DAGs
[2025-11-06T12:19:10.688+0000] {logging_mixin.py:188} INFO - [2025-11-06T12:19:10.687+0000] {dag.py:3823} INFO - Setting next_dagrun for example_sla_dag to 2025-11-06 12:16:00+00:00, run_after=2025-11-06 12:18:00+00:00
[2025-11-06T12:19:10.717+0000] {processor.py:183} INFO - Processing /home/airflow/.local/lib/python3.8/site-packages/airflow/example_dags/example_sla_dag.py took 0.110 seconds
[2025-11-06T12:19:41.124+0000] {processor.py:161} INFO - Started process (PID=8912) to work on /home/airflow/.local/lib/python3.8/site-packages/airflow/example_dags/example_sla_dag.py
[2025-11-06T12:19:41.126+0000] {processor.py:830} INFO - Processing file /home/airflow/.local/lib/python3.8/site-packages/airflow/example_dags/example_sla_dag.py for tasks to queue
[2025-11-06T12:19:41.130+0000] {logging_mixin.py:188} INFO - [2025-11-06T12:19:41.130+0000] {dagbag.py:538} INFO - Filling up the DagBag from /home/airflow/.local/lib/python3.8/site-packages/airflow/example_dags/example_sla_dag.py
[2025-11-06T12:19:41.149+0000] {processor.py:840} INFO - DAG(s) 'example_sla_dag' retrieved from /home/airflow/.local/lib/python3.8/site-packages/airflow/example_dags/example_sla_dag.py
[2025-11-06T12:19:41.190+0000] {logging_mixin.py:188} INFO - [2025-11-06T12:19:41.189+0000] {dag.py:3036} INFO - Sync 1 DAGs
[2025-11-06T12:19:41.264+0000] {logging_mixin.py:188} INFO - [2025-11-06T12:19:41.263+0000] {dag.py:3823} INFO - Setting next_dagrun for example_sla_dag to 2025-11-06 12:16:00+00:00, run_after=2025-11-06 12:18:00+00:00
[2025-11-06T12:19:41.326+0000] {processor.py:183} INFO - Processing /home/airflow/.local/lib/python3.8/site-packages/airflow/example_dags/example_sla_dag.py took 0.209 seconds
[2025-11-06T12:20:12.079+0000] {processor.py:161} INFO - Started process (PID=8966) to work on /home/airflow/.local/lib/python3.8/site-packages/airflow/example_dags/example_sla_dag.py
[2025-11-06T12:20:12.085+0000] {processor.py:830} INFO - Processing file /home/airflow/.local/lib/python3.8/site-packages/airflow/example_dags/example_sla_dag.py for tasks to queue
[2025-11-06T12:20:12.092+0000] {logging_mixin.py:188} INFO - [2025-11-06T12:20:12.091+0000] {dagbag.py:538} INFO - Filling up the DagBag from /home/airflow/.local/lib/python3.8/site-packages/airflow/example_dags/example_sla_dag.py
[2025-11-06T12:20:12.124+0000] {processor.py:840} INFO - DAG(s) 'example_sla_dag' retrieved from /home/airflow/.local/lib/python3.8/site-packages/airflow/example_dags/example_sla_dag.py
[2025-11-06T12:20:12.186+0000] {logging_mixin.py:188} INFO - [2025-11-06T12:20:12.185+0000] {dag.py:3036} INFO - Sync 1 DAGs
[2025-11-06T12:20:12.258+0000] {logging_mixin.py:188} INFO - [2025-11-06T12:20:12.258+0000] {dag.py:3823} INFO - Setting next_dagrun for example_sla_dag to 2025-11-06 12:18:00+00:00, run_after=2025-11-06 12:20:00+00:00
[2025-11-06T12:20:12.311+0000] {processor.py:183} INFO - Processing /home/airflow/.local/lib/python3.8/site-packages/airflow/example_dags/example_sla_dag.py took 0.270 seconds
[2025-11-06T12:20:42.752+0000] {processor.py:161} INFO - Started process (PID=9019) to work on /home/airflow/.local/lib/python3.8/site-packages/airflow/example_dags/example_sla_dag.py
[2025-11-06T12:20:42.756+0000] {processor.py:830} INFO - Processing file /home/airflow/.local/lib/python3.8/site-packages/airflow/example_dags/example_sla_dag.py for tasks to queue
[2025-11-06T12:20:42.762+0000] {logging_mixin.py:188} INFO - [2025-11-06T12:20:42.761+0000] {dagbag.py:538} INFO - Filling up the DagBag from /home/airflow/.local/lib/python3.8/site-packages/airflow/example_dags/example_sla_dag.py
[2025-11-06T12:20:42.787+0000] {processor.py:840} INFO - DAG(s) 'example_sla_dag' retrieved from /home/airflow/.local/lib/python3.8/site-packages/airflow/example_dags/example_sla_dag.py
[2025-11-06T12:20:42.863+0000] {logging_mixin.py:188} INFO - [2025-11-06T12:20:42.862+0000] {dag.py:3036} INFO - Sync 1 DAGs
[2025-11-06T12:20:42.981+0000] {logging_mixin.py:188} INFO - [2025-11-06T12:20:42.969+0000] {dag.py:3823} INFO - Setting next_dagrun for example_sla_dag to 2025-11-06 12:18:00+00:00, run_after=2025-11-06 12:20:00+00:00
[2025-11-06T12:20:43.125+0000] {processor.py:183} INFO - Processing /home/airflow/.local/lib/python3.8/site-packages/airflow/example_dags/example_sla_dag.py took 0.385 seconds
[2025-11-06T12:21:13.886+0000] {processor.py:161} INFO - Started process (PID=9074) to work on /home/airflow/.local/lib/python3.8/site-packages/airflow/example_dags/example_sla_dag.py
[2025-11-06T12:21:13.889+0000] {processor.py:830} INFO - Processing file /home/airflow/.local/lib/python3.8/site-packages/airflow/example_dags/example_sla_dag.py for tasks to queue
[2025-11-06T12:21:13.899+0000] {logging_mixin.py:188} INFO - [2025-11-06T12:21:13.897+0000] {dagbag.py:538} INFO - Filling up the DagBag from /home/airflow/.local/lib/python3.8/site-packages/airflow/example_dags/example_sla_dag.py
[2025-11-06T12:21:13.931+0000] {processor.py:840} INFO - DAG(s) 'example_sla_dag' retrieved from /home/airflow/.local/lib/python3.8/site-packages/airflow/example_dags/example_sla_dag.py
[2025-11-06T12:21:14.013+0000] {logging_mixin.py:188} INFO - [2025-11-06T12:21:14.013+0000] {dag.py:3036} INFO - Sync 1 DAGs
[2025-11-06T12:21:14.135+0000] {logging_mixin.py:188} INFO - [2025-11-06T12:21:14.135+0000] {dag.py:3823} INFO - Setting next_dagrun for example_sla_dag to 2025-11-06 12:18:00+00:00, run_after=2025-11-06 12:20:00+00:00
[2025-11-06T12:21:14.229+0000] {processor.py:183} INFO - Processing /home/airflow/.local/lib/python3.8/site-packages/airflow/example_dags/example_sla_dag.py took 0.356 seconds
[2025-11-06T12:21:44.475+0000] {processor.py:161} INFO - Started process (PID=9128) to work on /home/airflow/.local/lib/python3.8/site-packages/airflow/example_dags/example_sla_dag.py
[2025-11-06T12:21:44.477+0000] {processor.py:830} INFO - Processing file /home/airflow/.local/lib/python3.8/site-packages/airflow/example_dags/example_sla_dag.py for tasks to queue
[2025-11-06T12:21:44.481+0000] {logging_mixin.py:188} INFO - [2025-11-06T12:21:44.480+0000] {dagbag.py:538} INFO - Filling up the DagBag from /home/airflow/.local/lib/python3.8/site-packages/airflow/example_dags/example_sla_dag.py
[2025-11-06T12:21:44.493+0000] {processor.py:840} INFO - DAG(s) 'example_sla_dag' retrieved from /home/airflow/.local/lib/python3.8/site-packages/airflow/example_dags/example_sla_dag.py
[2025-11-06T12:21:44.521+0000] {logging_mixin.py:188} INFO - [2025-11-06T12:21:44.520+0000] {dag.py:3036} INFO - Sync 1 DAGs
[2025-11-06T12:21:44.555+0000] {logging_mixin.py:188} INFO - [2025-11-06T12:21:44.555+0000] {dag.py:3823} INFO - Setting next_dagrun for example_sla_dag to 2025-11-06 12:18:00+00:00, run_after=2025-11-06 12:20:00+00:00
[2025-11-06T12:21:44.583+0000] {processor.py:183} INFO - Processing /home/airflow/.local/lib/python3.8/site-packages/airflow/example_dags/example_sla_dag.py took 0.113 seconds
[2025-11-06T12:22:15.099+0000] {processor.py:161} INFO - Started process (PID=9183) to work on /home/airflow/.local/lib/python3.8/site-packages/airflow/example_dags/example_sla_dag.py
[2025-11-06T12:22:15.101+0000] {processor.py:830} INFO - Processing file /home/airflow/.local/lib/python3.8/site-packages/airflow/example_dags/example_sla_dag.py for tasks to queue
[2025-11-06T12:22:15.104+0000] {logging_mixin.py:188} INFO - [2025-11-06T12:22:15.103+0000] {dagbag.py:538} INFO - Filling up the DagBag from /home/airflow/.local/lib/python3.8/site-packages/airflow/example_dags/example_sla_dag.py
[2025-11-06T12:22:15.115+0000] {processor.py:840} INFO - DAG(s) 'example_sla_dag' retrieved from /home/airflow/.local/lib/python3.8/site-packages/airflow/example_dags/example_sla_dag.py
[2025-11-06T12:22:15.142+0000] {logging_mixin.py:188} INFO - [2025-11-06T12:22:15.142+0000] {dag.py:3036} INFO - Sync 1 DAGs
[2025-11-06T12:22:15.172+0000] {logging_mixin.py:188} INFO - [2025-11-06T12:22:15.171+0000] {dag.py:3823} INFO - Setting next_dagrun for example_sla_dag to 2025-11-06 12:20:00+00:00, run_after=2025-11-06 12:22:00+00:00
[2025-11-06T12:22:15.197+0000] {processor.py:183} INFO - Processing /home/airflow/.local/lib/python3.8/site-packages/airflow/example_dags/example_sla_dag.py took 0.102 seconds
[2025-11-06T12:22:45.563+0000] {processor.py:161} INFO - Started process (PID=9238) to work on /home/airflow/.local/lib/python3.8/site-packages/airflow/example_dags/example_sla_dag.py
[2025-11-06T12:22:45.567+0000] {processor.py:830} INFO - Processing file /home/airflow/.local/lib/python3.8/site-packages/airflow/example_dags/example_sla_dag.py for tasks to queue
[2025-11-06T12:22:45.574+0000] {logging_mixin.py:188} INFO - [2025-11-06T12:22:45.573+0000] {dagbag.py:538} INFO - Filling up the DagBag from /home/airflow/.local/lib/python3.8/site-packages/airflow/example_dags/example_sla_dag.py
[2025-11-06T12:22:45.603+0000] {processor.py:840} INFO - DAG(s) 'example_sla_dag' retrieved from /home/airflow/.local/lib/python3.8/site-packages/airflow/example_dags/example_sla_dag.py
[2025-11-06T12:22:45.709+0000] {logging_mixin.py:188} INFO - [2025-11-06T12:22:45.708+0000] {dag.py:3036} INFO - Sync 1 DAGs
[2025-11-06T12:22:45.864+0000] {logging_mixin.py:188} INFO - [2025-11-06T12:22:45.863+0000] {dag.py:3823} INFO - Setting next_dagrun for example_sla_dag to 2025-11-06 12:20:00+00:00, run_after=2025-11-06 12:22:00+00:00
[2025-11-06T12:22:45.943+0000] {processor.py:183} INFO - Processing /home/airflow/.local/lib/python3.8/site-packages/airflow/example_dags/example_sla_dag.py took 0.401 seconds
[2025-11-06T12:23:16.089+0000] {processor.py:161} INFO - Started process (PID=9292) to work on /home/airflow/.local/lib/python3.8/site-packages/airflow/example_dags/example_sla_dag.py
[2025-11-06T12:23:16.092+0000] {processor.py:830} INFO - Processing file /home/airflow/.local/lib/python3.8/site-packages/airflow/example_dags/example_sla_dag.py for tasks to queue
[2025-11-06T12:23:16.095+0000] {logging_mixin.py:188} INFO - [2025-11-06T12:23:16.094+0000] {dagbag.py:538} INFO - Filling up the DagBag from /home/airflow/.local/lib/python3.8/site-packages/airflow/example_dags/example_sla_dag.py
[2025-11-06T12:23:16.112+0000] {processor.py:840} INFO - DAG(s) 'example_sla_dag' retrieved from /home/airflow/.local/lib/python3.8/site-packages/airflow/example_dags/example_sla_dag.py
[2025-11-06T12:23:16.202+0000] {logging_mixin.py:188} INFO - [2025-11-06T12:23:16.201+0000] {dag.py:3036} INFO - Sync 1 DAGs
[2025-11-06T12:23:16.358+0000] {logging_mixin.py:188} INFO - [2025-11-06T12:23:16.357+0000] {dag.py:3823} INFO - Setting next_dagrun for example_sla_dag to 2025-11-06 12:20:00+00:00, run_after=2025-11-06 12:22:00+00:00
[2025-11-06T12:23:16.513+0000] {processor.py:183} INFO - Processing /home/airflow/.local/lib/python3.8/site-packages/airflow/example_dags/example_sla_dag.py took 0.431 seconds
[2025-11-06T12:23:46.814+0000] {processor.py:161} INFO - Started process (PID=9347) to work on /home/airflow/.local/lib/python3.8/site-packages/airflow/example_dags/example_sla_dag.py
[2025-11-06T12:23:46.817+0000] {processor.py:830} INFO - Processing file /home/airflow/.local/lib/python3.8/site-packages/airflow/example_dags/example_sla_dag.py for tasks to queue
[2025-11-06T12:23:46.821+0000] {logging_mixin.py:188} INFO - [2025-11-06T12:23:46.820+0000] {dagbag.py:538} INFO - Filling up the DagBag from /home/airflow/.local/lib/python3.8/site-packages/airflow/example_dags/example_sla_dag.py
[2025-11-06T12:23:46.843+0000] {processor.py:840} INFO - DAG(s) 'example_sla_dag' retrieved from /home/airflow/.local/lib/python3.8/site-packages/airflow/example_dags/example_sla_dag.py
[2025-11-06T12:23:46.894+0000] {logging_mixin.py:188} INFO - [2025-11-06T12:23:46.894+0000] {dag.py:3036} INFO - Sync 1 DAGs
[2025-11-06T12:23:46.960+0000] {logging_mixin.py:188} INFO - [2025-11-06T12:23:46.960+0000] {dag.py:3823} INFO - Setting next_dagrun for example_sla_dag to 2025-11-06 12:20:00+00:00, run_after=2025-11-06 12:22:00+00:00
[2025-11-06T12:23:47.046+0000] {processor.py:183} INFO - Processing /home/airflow/.local/lib/python3.8/site-packages/airflow/example_dags/example_sla_dag.py took 0.238 seconds
[2025-11-06T12:24:17.342+0000] {processor.py:161} INFO - Started process (PID=9402) to work on /home/airflow/.local/lib/python3.8/site-packages/airflow/example_dags/example_sla_dag.py
[2025-11-06T12:24:17.346+0000] {processor.py:830} INFO - Processing file /home/airflow/.local/lib/python3.8/site-packages/airflow/example_dags/example_sla_dag.py for tasks to queue
[2025-11-06T12:24:17.353+0000] {logging_mixin.py:188} INFO - [2025-11-06T12:24:17.351+0000] {dagbag.py:538} INFO - Filling up the DagBag from /home/airflow/.local/lib/python3.8/site-packages/airflow/example_dags/example_sla_dag.py
[2025-11-06T12:24:17.388+0000] {processor.py:840} INFO - DAG(s) 'example_sla_dag' retrieved from /home/airflow/.local/lib/python3.8/site-packages/airflow/example_dags/example_sla_dag.py
[2025-11-06T12:24:17.480+0000] {logging_mixin.py:188} INFO - [2025-11-06T12:24:17.479+0000] {dag.py:3036} INFO - Sync 1 DAGs
[2025-11-06T12:24:17.577+0000] {logging_mixin.py:188} INFO - [2025-11-06T12:24:17.576+0000] {dag.py:3823} INFO - Setting next_dagrun for example_sla_dag to 2025-11-06 12:22:00+00:00, run_after=2025-11-06 12:24:00+00:00
[2025-11-06T12:24:17.685+0000] {processor.py:183} INFO - Processing /home/airflow/.local/lib/python3.8/site-packages/airflow/example_dags/example_sla_dag.py took 0.355 seconds
[2025-11-06T12:24:48.414+0000] {processor.py:161} INFO - Started process (PID=9457) to work on /home/airflow/.local/lib/python3.8/site-packages/airflow/example_dags/example_sla_dag.py
[2025-11-06T12:24:48.418+0000] {processor.py:830} INFO - Processing file /home/airflow/.local/lib/python3.8/site-packages/airflow/example_dags/example_sla_dag.py for tasks to queue
[2025-11-06T12:24:48.422+0000] {logging_mixin.py:188} INFO - [2025-11-06T12:24:48.421+0000] {dagbag.py:538} INFO - Filling up the DagBag from /home/airflow/.local/lib/python3.8/site-packages/airflow/example_dags/example_sla_dag.py
[2025-11-06T12:24:48.439+0000] {processor.py:840} INFO - DAG(s) 'example_sla_dag' retrieved from /home/airflow/.local/lib/python3.8/site-packages/airflow/example_dags/example_sla_dag.py
[2025-11-06T12:24:48.474+0000] {logging_mixin.py:188} INFO - [2025-11-06T12:24:48.474+0000] {dag.py:3036} INFO - Sync 1 DAGs
[2025-11-06T12:24:48.532+0000] {logging_mixin.py:188} INFO - [2025-11-06T12:24:48.532+0000] {dag.py:3823} INFO - Setting next_dagrun for example_sla_dag to 2025-11-06 12:22:00+00:00, run_after=2025-11-06 12:24:00+00:00
[2025-11-06T12:24:48.579+0000] {processor.py:183} INFO - Processing /home/airflow/.local/lib/python3.8/site-packages/airflow/example_dags/example_sla_dag.py took 0.173 seconds
[2025-11-06T12:25:19.077+0000] {processor.py:161} INFO - Started process (PID=9512) to work on /home/airflow/.local/lib/python3.8/site-packages/airflow/example_dags/example_sla_dag.py
[2025-11-06T12:25:19.080+0000] {processor.py:830} INFO - Processing file /home/airflow/.local/lib/python3.8/site-packages/airflow/example_dags/example_sla_dag.py for tasks to queue
[2025-11-06T12:25:19.083+0000] {logging_mixin.py:188} INFO - [2025-11-06T12:25:19.083+0000] {dagbag.py:538} INFO - Filling up the DagBag from /home/airflow/.local/lib/python3.8/site-packages/airflow/example_dags/example_sla_dag.py
[2025-11-06T12:25:19.100+0000] {processor.py:840} INFO - DAG(s) 'example_sla_dag' retrieved from /home/airflow/.local/lib/python3.8/site-packages/airflow/example_dags/example_sla_dag.py
[2025-11-06T12:25:19.133+0000] {logging_mixin.py:188} INFO - [2025-11-06T12:25:19.133+0000] {dag.py:3036} INFO - Sync 1 DAGs
[2025-11-06T12:25:19.176+0000] {logging_mixin.py:188} INFO - [2025-11-06T12:25:19.176+0000] {dag.py:3823} INFO - Setting next_dagrun for example_sla_dag to 2025-11-06 12:22:00+00:00, run_after=2025-11-06 12:24:00+00:00
[2025-11-06T12:25:19.216+0000] {processor.py:183} INFO - Processing /home/airflow/.local/lib/python3.8/site-packages/airflow/example_dags/example_sla_dag.py took 0.146 seconds
[2025-11-06T12:25:50.726+0000] {processor.py:161} INFO - Started process (PID=9567) to work on /home/airflow/.local/lib/python3.8/site-packages/airflow/example_dags/example_sla_dag.py
[2025-11-06T12:25:50.729+0000] {processor.py:830} INFO - Processing file /home/airflow/.local/lib/python3.8/site-packages/airflow/example_dags/example_sla_dag.py for tasks to queue
[2025-11-06T12:25:50.735+0000] {logging_mixin.py:188} INFO - [2025-11-06T12:25:50.734+0000] {dagbag.py:538} INFO - Filling up the DagBag from /home/airflow/.local/lib/python3.8/site-packages/airflow/example_dags/example_sla_dag.py
[2025-11-06T12:25:50.762+0000] {processor.py:840} INFO - DAG(s) 'example_sla_dag' retrieved from /home/airflow/.local/lib/python3.8/site-packages/airflow/example_dags/example_sla_dag.py
[2025-11-06T12:25:50.821+0000] {logging_mixin.py:188} INFO - [2025-11-06T12:25:50.820+0000] {dag.py:3036} INFO - Sync 1 DAGs
[2025-11-06T12:25:50.895+0000] {logging_mixin.py:188} INFO - [2025-11-06T12:25:50.895+0000] {dag.py:3823} INFO - Setting next_dagrun for example_sla_dag to 2025-11-06 12:22:00+00:00, run_after=2025-11-06 12:24:00+00:00
[2025-11-06T12:25:50.954+0000] {processor.py:183} INFO - Processing /home/airflow/.local/lib/python3.8/site-packages/airflow/example_dags/example_sla_dag.py took 0.240 seconds
[2025-11-06T12:26:21.214+0000] {processor.py:161} INFO - Started process (PID=9622) to work on /home/airflow/.local/lib/python3.8/site-packages/airflow/example_dags/example_sla_dag.py
[2025-11-06T12:26:21.218+0000] {processor.py:830} INFO - Processing file /home/airflow/.local/lib/python3.8/site-packages/airflow/example_dags/example_sla_dag.py for tasks to queue
[2025-11-06T12:26:21.227+0000] {logging_mixin.py:188} INFO - [2025-11-06T12:26:21.226+0000] {dagbag.py:538} INFO - Filling up the DagBag from /home/airflow/.local/lib/python3.8/site-packages/airflow/example_dags/example_sla_dag.py
[2025-11-06T12:26:21.265+0000] {processor.py:840} INFO - DAG(s) 'example_sla_dag' retrieved from /home/airflow/.local/lib/python3.8/site-packages/airflow/example_dags/example_sla_dag.py
[2025-11-06T12:26:21.336+0000] {logging_mixin.py:188} INFO - [2025-11-06T12:26:21.335+0000] {dag.py:3036} INFO - Sync 1 DAGs
[2025-11-06T12:26:21.430+0000] {logging_mixin.py:188} INFO - [2025-11-06T12:26:21.429+0000] {dag.py:3823} INFO - Setting next_dagrun for example_sla_dag to 2025-11-06 12:24:00+00:00, run_after=2025-11-06 12:26:00+00:00
[2025-11-06T12:26:21.485+0000] {processor.py:183} INFO - Processing /home/airflow/.local/lib/python3.8/site-packages/airflow/example_dags/example_sla_dag.py took 0.281 seconds
[2025-11-06T12:26:52.601+0000] {processor.py:161} INFO - Started process (PID=9677) to work on /home/airflow/.local/lib/python3.8/site-packages/airflow/example_dags/example_sla_dag.py
[2025-11-06T12:26:52.605+0000] {processor.py:830} INFO - Processing file /home/airflow/.local/lib/python3.8/site-packages/airflow/example_dags/example_sla_dag.py for tasks to queue
[2025-11-06T12:26:52.616+0000] {logging_mixin.py:188} INFO - [2025-11-06T12:26:52.614+0000] {dagbag.py:538} INFO - Filling up the DagBag from /home/airflow/.local/lib/python3.8/site-packages/airflow/example_dags/example_sla_dag.py
[2025-11-06T12:26:52.646+0000] {processor.py:840} INFO - DAG(s) 'example_sla_dag' retrieved from /home/airflow/.local/lib/python3.8/site-packages/airflow/example_dags/example_sla_dag.py
[2025-11-06T12:26:52.723+0000] {logging_mixin.py:188} INFO - [2025-11-06T12:26:52.722+0000] {dag.py:3036} INFO - Sync 1 DAGs
[2025-11-06T12:26:52.812+0000] {logging_mixin.py:188} INFO - [2025-11-06T12:26:52.811+0000] {dag.py:3823} INFO - Setting next_dagrun for example_sla_dag to 2025-11-06 12:24:00+00:00, run_after=2025-11-06 12:26:00+00:00
[2025-11-06T12:26:52.879+0000] {processor.py:183} INFO - Processing /home/airflow/.local/lib/python3.8/site-packages/airflow/example_dags/example_sla_dag.py took 0.294 seconds
[2025-11-06T12:27:23.755+0000] {processor.py:161} INFO - Started process (PID=9732) to work on /home/airflow/.local/lib/python3.8/site-packages/airflow/example_dags/example_sla_dag.py
[2025-11-06T12:27:23.758+0000] {processor.py:830} INFO - Processing file /home/airflow/.local/lib/python3.8/site-packages/airflow/example_dags/example_sla_dag.py for tasks to queue
[2025-11-06T12:27:23.763+0000] {logging_mixin.py:188} INFO - [2025-11-06T12:27:23.762+0000] {dagbag.py:538} INFO - Filling up the DagBag from /home/airflow/.local/lib/python3.8/site-packages/airflow/example_dags/example_sla_dag.py
[2025-11-06T12:27:23.827+0000] {processor.py:840} INFO - DAG(s) 'example_sla_dag' retrieved from /home/airflow/.local/lib/python3.8/site-packages/airflow/example_dags/example_sla_dag.py
[2025-11-06T12:27:23.894+0000] {logging_mixin.py:188} INFO - [2025-11-06T12:27:23.893+0000] {dag.py:3036} INFO - Sync 1 DAGs
[2025-11-06T12:27:23.982+0000] {logging_mixin.py:188} INFO - [2025-11-06T12:27:23.982+0000] {dag.py:3823} INFO - Setting next_dagrun for example_sla_dag to 2025-11-06 12:24:00+00:00, run_after=2025-11-06 12:26:00+00:00
[2025-11-06T12:27:24.034+0000] {processor.py:183} INFO - Processing /home/airflow/.local/lib/python3.8/site-packages/airflow/example_dags/example_sla_dag.py took 0.291 seconds
[2025-11-06T12:27:54.653+0000] {processor.py:161} INFO - Started process (PID=9788) to work on /home/airflow/.local/lib/python3.8/site-packages/airflow/example_dags/example_sla_dag.py
[2025-11-06T12:27:54.656+0000] {processor.py:830} INFO - Processing file /home/airflow/.local/lib/python3.8/site-packages/airflow/example_dags/example_sla_dag.py for tasks to queue
[2025-11-06T12:27:54.663+0000] {logging_mixin.py:188} INFO - [2025-11-06T12:27:54.662+0000] {dagbag.py:538} INFO - Filling up the DagBag from /home/airflow/.local/lib/python3.8/site-packages/airflow/example_dags/example_sla_dag.py
[2025-11-06T12:27:54.688+0000] {processor.py:840} INFO - DAG(s) 'example_sla_dag' retrieved from /home/airflow/.local/lib/python3.8/site-packages/airflow/example_dags/example_sla_dag.py
[2025-11-06T12:27:54.740+0000] {logging_mixin.py:188} INFO - [2025-11-06T12:27:54.739+0000] {dag.py:3036} INFO - Sync 1 DAGs
[2025-11-06T12:27:54.799+0000] {logging_mixin.py:188} INFO - [2025-11-06T12:27:54.799+0000] {dag.py:3823} INFO - Setting next_dagrun for example_sla_dag to 2025-11-06 12:24:00+00:00, run_after=2025-11-06 12:26:00+00:00
[2025-11-06T12:27:54.852+0000] {processor.py:183} INFO - Processing /home/airflow/.local/lib/python3.8/site-packages/airflow/example_dags/example_sla_dag.py took 0.209 seconds
[2025-11-06T12:28:25.563+0000] {processor.py:161} INFO - Started process (PID=9843) to work on /home/airflow/.local/lib/python3.8/site-packages/airflow/example_dags/example_sla_dag.py
[2025-11-06T12:28:25.577+0000] {processor.py:830} INFO - Processing file /home/airflow/.local/lib/python3.8/site-packages/airflow/example_dags/example_sla_dag.py for tasks to queue
[2025-11-06T12:28:25.592+0000] {logging_mixin.py:188} INFO - [2025-11-06T12:28:25.591+0000] {dagbag.py:538} INFO - Filling up the DagBag from /home/airflow/.local/lib/python3.8/site-packages/airflow/example_dags/example_sla_dag.py
[2025-11-06T12:28:25.644+0000] {processor.py:840} INFO - DAG(s) 'example_sla_dag' retrieved from /home/airflow/.local/lib/python3.8/site-packages/airflow/example_dags/example_sla_dag.py
[2025-11-06T12:28:25.742+0000] {logging_mixin.py:188} INFO - [2025-11-06T12:28:25.741+0000] {dag.py:3036} INFO - Sync 1 DAGs
[2025-11-06T12:28:25.869+0000] {logging_mixin.py:188} INFO - [2025-11-06T12:28:25.869+0000] {dag.py:3823} INFO - Setting next_dagrun for example_sla_dag to 2025-11-06 12:26:00+00:00, run_after=2025-11-06 12:28:00+00:00
[2025-11-06T12:28:25.993+0000] {processor.py:183} INFO - Processing /home/airflow/.local/lib/python3.8/site-packages/airflow/example_dags/example_sla_dag.py took 0.467 seconds
[2025-11-06T12:28:59.923+0000] {processor.py:161} INFO - Started process (PID=9899) to work on /home/airflow/.local/lib/python3.8/site-packages/airflow/example_dags/example_sla_dag.py
[2025-11-06T12:28:59.926+0000] {processor.py:830} INFO - Processing file /home/airflow/.local/lib/python3.8/site-packages/airflow/example_dags/example_sla_dag.py for tasks to queue
[2025-11-06T12:28:59.936+0000] {logging_mixin.py:188} INFO - [2025-11-06T12:28:59.935+0000] {dagbag.py:538} INFO - Filling up the DagBag from /home/airflow/.local/lib/python3.8/site-packages/airflow/example_dags/example_sla_dag.py
[2025-11-06T12:28:59.975+0000] {processor.py:840} INFO - DAG(s) 'example_sla_dag' retrieved from /home/airflow/.local/lib/python3.8/site-packages/airflow/example_dags/example_sla_dag.py
[2025-11-06T12:29:00.048+0000] {logging_mixin.py:188} INFO - [2025-11-06T12:29:00.047+0000] {dag.py:3036} INFO - Sync 1 DAGs
[2025-11-06T12:29:00.179+0000] {logging_mixin.py:188} INFO - [2025-11-06T12:29:00.178+0000] {dag.py:3823} INFO - Setting next_dagrun for example_sla_dag to 2025-11-06 12:26:00+00:00, run_after=2025-11-06 12:28:00+00:00
[2025-11-06T12:29:00.279+0000] {processor.py:183} INFO - Processing /home/airflow/.local/lib/python3.8/site-packages/airflow/example_dags/example_sla_dag.py took 0.370 seconds
[2025-11-06T12:29:31.766+0000] {processor.py:161} INFO - Started process (PID=9955) to work on /home/airflow/.local/lib/python3.8/site-packages/airflow/example_dags/example_sla_dag.py
[2025-11-06T12:29:31.768+0000] {processor.py:830} INFO - Processing file /home/airflow/.local/lib/python3.8/site-packages/airflow/example_dags/example_sla_dag.py for tasks to queue
[2025-11-06T12:29:31.774+0000] {logging_mixin.py:188} INFO - [2025-11-06T12:29:31.774+0000] {dagbag.py:538} INFO - Filling up the DagBag from /home/airflow/.local/lib/python3.8/site-packages/airflow/example_dags/example_sla_dag.py
[2025-11-06T12:29:31.792+0000] {processor.py:840} INFO - DAG(s) 'example_sla_dag' retrieved from /home/airflow/.local/lib/python3.8/site-packages/airflow/example_dags/example_sla_dag.py
[2025-11-06T12:29:31.829+0000] {logging_mixin.py:188} INFO - [2025-11-06T12:29:31.829+0000] {dag.py:3036} INFO - Sync 1 DAGs
[2025-11-06T12:29:31.883+0000] {logging_mixin.py:188} INFO - [2025-11-06T12:29:31.882+0000] {dag.py:3823} INFO - Setting next_dagrun for example_sla_dag to 2025-11-06 12:26:00+00:00, run_after=2025-11-06 12:28:00+00:00
[2025-11-06T12:29:31.925+0000] {processor.py:183} INFO - Processing /home/airflow/.local/lib/python3.8/site-packages/airflow/example_dags/example_sla_dag.py took 0.169 seconds
[2025-11-06T12:30:02.188+0000] {processor.py:161} INFO - Started process (PID=10009) to work on /home/airflow/.local/lib/python3.8/site-packages/airflow/example_dags/example_sla_dag.py
[2025-11-06T12:30:02.190+0000] {processor.py:830} INFO - Processing file /home/airflow/.local/lib/python3.8/site-packages/airflow/example_dags/example_sla_dag.py for tasks to queue
[2025-11-06T12:30:02.196+0000] {logging_mixin.py:188} INFO - [2025-11-06T12:30:02.195+0000] {dagbag.py:538} INFO - Filling up the DagBag from /home/airflow/.local/lib/python3.8/site-packages/airflow/example_dags/example_sla_dag.py
[2025-11-06T12:30:02.212+0000] {processor.py:840} INFO - DAG(s) 'example_sla_dag' retrieved from /home/airflow/.local/lib/python3.8/site-packages/airflow/example_dags/example_sla_dag.py
[2025-11-06T12:30:02.264+0000] {logging_mixin.py:188} INFO - [2025-11-06T12:30:02.264+0000] {dag.py:3036} INFO - Sync 1 DAGs
[2025-11-06T12:30:02.351+0000] {logging_mixin.py:188} INFO - [2025-11-06T12:30:02.348+0000] {dag.py:3823} INFO - Setting next_dagrun for example_sla_dag to 2025-11-06 12:28:00+00:00, run_after=2025-11-06 12:30:00+00:00
[2025-11-06T12:30:02.420+0000] {processor.py:183} INFO - Processing /home/airflow/.local/lib/python3.8/site-packages/airflow/example_dags/example_sla_dag.py took 0.238 seconds
[2025-11-06T12:30:32.987+0000] {processor.py:161} INFO - Started process (PID=10064) to work on /home/airflow/.local/lib/python3.8/site-packages/airflow/example_dags/example_sla_dag.py
[2025-11-06T12:30:32.990+0000] {processor.py:830} INFO - Processing file /home/airflow/.local/lib/python3.8/site-packages/airflow/example_dags/example_sla_dag.py for tasks to queue
[2025-11-06T12:30:32.996+0000] {logging_mixin.py:188} INFO - [2025-11-06T12:30:32.995+0000] {dagbag.py:538} INFO - Filling up the DagBag from /home/airflow/.local/lib/python3.8/site-packages/airflow/example_dags/example_sla_dag.py
[2025-11-06T12:30:33.030+0000] {processor.py:840} INFO - DAG(s) 'example_sla_dag' retrieved from /home/airflow/.local/lib/python3.8/site-packages/airflow/example_dags/example_sla_dag.py
[2025-11-06T12:30:33.080+0000] {logging_mixin.py:188} INFO - [2025-11-06T12:30:33.079+0000] {dag.py:3036} INFO - Sync 1 DAGs
[2025-11-06T12:30:33.389+0000] {logging_mixin.py:188} INFO - [2025-11-06T12:30:33.388+0000] {dag.py:3823} INFO - Setting next_dagrun for example_sla_dag to 2025-11-06 12:28:00+00:00, run_after=2025-11-06 12:30:00+00:00
[2025-11-06T12:30:33.428+0000] {processor.py:183} INFO - Processing /home/airflow/.local/lib/python3.8/site-packages/airflow/example_dags/example_sla_dag.py took 0.450 seconds
[2025-11-06T12:31:03.653+0000] {processor.py:161} INFO - Started process (PID=10126) to work on /home/airflow/.local/lib/python3.8/site-packages/airflow/example_dags/example_sla_dag.py
[2025-11-06T12:31:03.658+0000] {processor.py:830} INFO - Processing file /home/airflow/.local/lib/python3.8/site-packages/airflow/example_dags/example_sla_dag.py for tasks to queue
[2025-11-06T12:31:03.664+0000] {logging_mixin.py:188} INFO - [2025-11-06T12:31:03.664+0000] {dagbag.py:538} INFO - Filling up the DagBag from /home/airflow/.local/lib/python3.8/site-packages/airflow/example_dags/example_sla_dag.py
[2025-11-06T12:31:03.693+0000] {processor.py:840} INFO - DAG(s) 'example_sla_dag' retrieved from /home/airflow/.local/lib/python3.8/site-packages/airflow/example_dags/example_sla_dag.py
[2025-11-06T12:31:03.755+0000] {logging_mixin.py:188} INFO - [2025-11-06T12:31:03.754+0000] {dag.py:3036} INFO - Sync 1 DAGs
[2025-11-06T12:31:03.826+0000] {logging_mixin.py:188} INFO - [2025-11-06T12:31:03.826+0000] {dag.py:3823} INFO - Setting next_dagrun for example_sla_dag to 2025-11-06 12:28:00+00:00, run_after=2025-11-06 12:30:00+00:00
[2025-11-06T12:31:03.875+0000] {processor.py:183} INFO - Processing /home/airflow/.local/lib/python3.8/site-packages/airflow/example_dags/example_sla_dag.py took 0.232 seconds
[2025-11-06T12:31:39.073+0000] {processor.py:161} INFO - Started process (PID=10183) to work on /home/airflow/.local/lib/python3.8/site-packages/airflow/example_dags/example_sla_dag.py
[2025-11-06T12:31:39.076+0000] {processor.py:830} INFO - Processing file /home/airflow/.local/lib/python3.8/site-packages/airflow/example_dags/example_sla_dag.py for tasks to queue
[2025-11-06T12:31:39.091+0000] {logging_mixin.py:188} INFO - [2025-11-06T12:31:39.090+0000] {dagbag.py:538} INFO - Filling up the DagBag from /home/airflow/.local/lib/python3.8/site-packages/airflow/example_dags/example_sla_dag.py
[2025-11-06T12:31:39.169+0000] {processor.py:840} INFO - DAG(s) 'example_sla_dag' retrieved from /home/airflow/.local/lib/python3.8/site-packages/airflow/example_dags/example_sla_dag.py
[2025-11-06T12:31:39.355+0000] {logging_mixin.py:188} INFO - [2025-11-06T12:31:39.354+0000] {dag.py:3036} INFO - Sync 1 DAGs
[2025-11-06T12:31:39.590+0000] {logging_mixin.py:188} INFO - [2025-11-06T12:31:39.589+0000] {dag.py:3823} INFO - Setting next_dagrun for example_sla_dag to 2025-11-06 12:28:00+00:00, run_after=2025-11-06 12:30:00+00:00
[2025-11-06T12:31:39.766+0000] {processor.py:183} INFO - Processing /home/airflow/.local/lib/python3.8/site-packages/airflow/example_dags/example_sla_dag.py took 0.718 seconds
[2025-11-06T12:32:12.549+0000] {processor.py:161} INFO - Started process (PID=10237) to work on /home/airflow/.local/lib/python3.8/site-packages/airflow/example_dags/example_sla_dag.py
[2025-11-06T12:32:12.569+0000] {processor.py:830} INFO - Processing file /home/airflow/.local/lib/python3.8/site-packages/airflow/example_dags/example_sla_dag.py for tasks to queue
[2025-11-06T12:32:12.580+0000] {logging_mixin.py:188} INFO - [2025-11-06T12:32:12.579+0000] {dagbag.py:538} INFO - Filling up the DagBag from /home/airflow/.local/lib/python3.8/site-packages/airflow/example_dags/example_sla_dag.py
[2025-11-06T12:32:12.662+0000] {processor.py:840} INFO - DAG(s) 'example_sla_dag' retrieved from /home/airflow/.local/lib/python3.8/site-packages/airflow/example_dags/example_sla_dag.py
[2025-11-06T12:32:12.806+0000] {logging_mixin.py:188} INFO - [2025-11-06T12:32:12.804+0000] {dag.py:3036} INFO - Sync 1 DAGs
[2025-11-06T12:32:13.013+0000] {logging_mixin.py:188} INFO - [2025-11-06T12:32:13.012+0000] {dag.py:3823} INFO - Setting next_dagrun for example_sla_dag to 2025-11-06 12:30:00+00:00, run_after=2025-11-06 12:32:00+00:00
[2025-11-06T12:32:13.198+0000] {processor.py:183} INFO - Processing /home/airflow/.local/lib/python3.8/site-packages/airflow/example_dags/example_sla_dag.py took 0.683 seconds
[2025-11-06T12:32:54.057+0000] {processor.py:161} INFO - Started process (PID=10291) to work on /home/airflow/.local/lib/python3.8/site-packages/airflow/example_dags/example_sla_dag.py
[2025-11-06T12:32:54.074+0000] {processor.py:830} INFO - Processing file /home/airflow/.local/lib/python3.8/site-packages/airflow/example_dags/example_sla_dag.py for tasks to queue
[2025-11-06T12:32:54.110+0000] {logging_mixin.py:188} INFO - [2025-11-06T12:32:54.109+0000] {dagbag.py:538} INFO - Filling up the DagBag from /home/airflow/.local/lib/python3.8/site-packages/airflow/example_dags/example_sla_dag.py
[2025-11-06T12:32:54.178+0000] {processor.py:840} INFO - DAG(s) 'example_sla_dag' retrieved from /home/airflow/.local/lib/python3.8/site-packages/airflow/example_dags/example_sla_dag.py
[2025-11-06T12:32:54.366+0000] {logging_mixin.py:188} INFO - [2025-11-06T12:32:54.365+0000] {dag.py:3036} INFO - Sync 1 DAGs
[2025-11-06T12:32:54.682+0000] {logging_mixin.py:188} INFO - [2025-11-06T12:32:54.668+0000] {dag.py:3823} INFO - Setting next_dagrun for example_sla_dag to 2025-11-06 12:30:00+00:00, run_after=2025-11-06 12:32:00+00:00
[2025-11-06T12:32:55.056+0000] {processor.py:183} INFO - Processing /home/airflow/.local/lib/python3.8/site-packages/airflow/example_dags/example_sla_dag.py took 1.033 seconds
[2025-11-06T12:33:28.198+0000] {processor.py:161} INFO - Started process (PID=10347) to work on /home/airflow/.local/lib/python3.8/site-packages/airflow/example_dags/example_sla_dag.py
[2025-11-06T12:33:28.202+0000] {processor.py:830} INFO - Processing file /home/airflow/.local/lib/python3.8/site-packages/airflow/example_dags/example_sla_dag.py for tasks to queue
[2025-11-06T12:33:28.217+0000] {logging_mixin.py:188} INFO - [2025-11-06T12:33:28.216+0000] {dagbag.py:538} INFO - Filling up the DagBag from /home/airflow/.local/lib/python3.8/site-packages/airflow/example_dags/example_sla_dag.py
[2025-11-06T12:33:28.313+0000] {processor.py:840} INFO - DAG(s) 'example_sla_dag' retrieved from /home/airflow/.local/lib/python3.8/site-packages/airflow/example_dags/example_sla_dag.py
[2025-11-06T12:33:28.431+0000] {logging_mixin.py:188} INFO - [2025-11-06T12:33:28.431+0000] {dag.py:3036} INFO - Sync 1 DAGs
[2025-11-06T12:33:29.121+0000] {logging_mixin.py:188} INFO - [2025-11-06T12:33:29.121+0000] {dag.py:3823} INFO - Setting next_dagrun for example_sla_dag to 2025-11-06 12:30:00+00:00, run_after=2025-11-06 12:32:00+00:00
[2025-11-06T12:33:29.238+0000] {processor.py:183} INFO - Processing /home/airflow/.local/lib/python3.8/site-packages/airflow/example_dags/example_sla_dag.py took 1.053 seconds
[2025-11-06T12:34:00.151+0000] {processor.py:161} INFO - Started process (PID=10402) to work on /home/airflow/.local/lib/python3.8/site-packages/airflow/example_dags/example_sla_dag.py
[2025-11-06T12:34:00.156+0000] {processor.py:830} INFO - Processing file /home/airflow/.local/lib/python3.8/site-packages/airflow/example_dags/example_sla_dag.py for tasks to queue
[2025-11-06T12:34:00.163+0000] {logging_mixin.py:188} INFO - [2025-11-06T12:34:00.162+0000] {dagbag.py:538} INFO - Filling up the DagBag from /home/airflow/.local/lib/python3.8/site-packages/airflow/example_dags/example_sla_dag.py
[2025-11-06T12:34:00.194+0000] {processor.py:840} INFO - DAG(s) 'example_sla_dag' retrieved from /home/airflow/.local/lib/python3.8/site-packages/airflow/example_dags/example_sla_dag.py
[2025-11-06T12:34:00.260+0000] {logging_mixin.py:188} INFO - [2025-11-06T12:34:00.260+0000] {dag.py:3036} INFO - Sync 1 DAGs
[2025-11-06T12:34:00.367+0000] {logging_mixin.py:188} INFO - [2025-11-06T12:34:00.366+0000] {dag.py:3823} INFO - Setting next_dagrun for example_sla_dag to 2025-11-06 12:32:00+00:00, run_after=2025-11-06 12:34:00+00:00
[2025-11-06T12:34:00.456+0000] {processor.py:183} INFO - Processing /home/airflow/.local/lib/python3.8/site-packages/airflow/example_dags/example_sla_dag.py took 0.318 seconds
[2025-11-06T12:34:31.090+0000] {processor.py:161} INFO - Started process (PID=10456) to work on /home/airflow/.local/lib/python3.8/site-packages/airflow/example_dags/example_sla_dag.py
[2025-11-06T12:34:31.119+0000] {processor.py:830} INFO - Processing file /home/airflow/.local/lib/python3.8/site-packages/airflow/example_dags/example_sla_dag.py for tasks to queue
[2025-11-06T12:34:31.127+0000] {logging_mixin.py:188} INFO - [2025-11-06T12:34:31.125+0000] {dagbag.py:538} INFO - Filling up the DagBag from /home/airflow/.local/lib/python3.8/site-packages/airflow/example_dags/example_sla_dag.py
[2025-11-06T12:34:31.183+0000] {processor.py:840} INFO - DAG(s) 'example_sla_dag' retrieved from /home/airflow/.local/lib/python3.8/site-packages/airflow/example_dags/example_sla_dag.py
[2025-11-06T12:34:31.331+0000] {logging_mixin.py:188} INFO - [2025-11-06T12:34:31.318+0000] {dag.py:3036} INFO - Sync 1 DAGs
[2025-11-06T12:34:31.598+0000] {logging_mixin.py:188} INFO - [2025-11-06T12:34:31.597+0000] {dag.py:3823} INFO - Setting next_dagrun for example_sla_dag to 2025-11-06 12:32:00+00:00, run_after=2025-11-06 12:34:00+00:00
[2025-11-06T12:34:31.794+0000] {processor.py:183} INFO - Processing /home/airflow/.local/lib/python3.8/site-packages/airflow/example_dags/example_sla_dag.py took 0.734 seconds
[2025-11-06T12:35:02.798+0000] {processor.py:161} INFO - Started process (PID=10510) to work on /home/airflow/.local/lib/python3.8/site-packages/airflow/example_dags/example_sla_dag.py
[2025-11-06T12:35:02.800+0000] {processor.py:830} INFO - Processing file /home/airflow/.local/lib/python3.8/site-packages/airflow/example_dags/example_sla_dag.py for tasks to queue
[2025-11-06T12:35:02.804+0000] {logging_mixin.py:188} INFO - [2025-11-06T12:35:02.803+0000] {dagbag.py:538} INFO - Filling up the DagBag from /home/airflow/.local/lib/python3.8/site-packages/airflow/example_dags/example_sla_dag.py
[2025-11-06T12:35:02.823+0000] {processor.py:840} INFO - DAG(s) 'example_sla_dag' retrieved from /home/airflow/.local/lib/python3.8/site-packages/airflow/example_dags/example_sla_dag.py
[2025-11-06T12:35:02.865+0000] {logging_mixin.py:188} INFO - [2025-11-06T12:35:02.864+0000] {dag.py:3036} INFO - Sync 1 DAGs
[2025-11-06T12:35:02.916+0000] {logging_mixin.py:188} INFO - [2025-11-06T12:35:02.916+0000] {dag.py:3823} INFO - Setting next_dagrun for example_sla_dag to 2025-11-06 12:32:00+00:00, run_after=2025-11-06 12:34:00+00:00
[2025-11-06T12:35:02.952+0000] {processor.py:183} INFO - Processing /home/airflow/.local/lib/python3.8/site-packages/airflow/example_dags/example_sla_dag.py took 0.162 seconds
[2025-11-06T12:35:33.156+0000] {processor.py:161} INFO - Started process (PID=10566) to work on /home/airflow/.local/lib/python3.8/site-packages/airflow/example_dags/example_sla_dag.py
[2025-11-06T12:35:33.158+0000] {processor.py:830} INFO - Processing file /home/airflow/.local/lib/python3.8/site-packages/airflow/example_dags/example_sla_dag.py for tasks to queue
[2025-11-06T12:35:33.163+0000] {logging_mixin.py:188} INFO - [2025-11-06T12:35:33.162+0000] {dagbag.py:538} INFO - Filling up the DagBag from /home/airflow/.local/lib/python3.8/site-packages/airflow/example_dags/example_sla_dag.py
[2025-11-06T12:35:33.182+0000] {processor.py:840} INFO - DAG(s) 'example_sla_dag' retrieved from /home/airflow/.local/lib/python3.8/site-packages/airflow/example_dags/example_sla_dag.py
[2025-11-06T12:35:33.224+0000] {logging_mixin.py:188} INFO - [2025-11-06T12:35:33.224+0000] {dag.py:3036} INFO - Sync 1 DAGs
[2025-11-06T12:35:33.285+0000] {logging_mixin.py:188} INFO - [2025-11-06T12:35:33.285+0000] {dag.py:3823} INFO - Setting next_dagrun for example_sla_dag to 2025-11-06 12:32:00+00:00, run_after=2025-11-06 12:34:00+00:00
[2025-11-06T12:35:33.352+0000] {processor.py:183} INFO - Processing /home/airflow/.local/lib/python3.8/site-packages/airflow/example_dags/example_sla_dag.py took 0.204 seconds
[2025-11-06T12:36:03.649+0000] {processor.py:161} INFO - Started process (PID=10621) to work on /home/airflow/.local/lib/python3.8/site-packages/airflow/example_dags/example_sla_dag.py
[2025-11-06T12:36:03.652+0000] {processor.py:830} INFO - Processing file /home/airflow/.local/lib/python3.8/site-packages/airflow/example_dags/example_sla_dag.py for tasks to queue
[2025-11-06T12:36:03.658+0000] {logging_mixin.py:188} INFO - [2025-11-06T12:36:03.657+0000] {dagbag.py:538} INFO - Filling up the DagBag from /home/airflow/.local/lib/python3.8/site-packages/airflow/example_dags/example_sla_dag.py
[2025-11-06T12:36:03.688+0000] {processor.py:840} INFO - DAG(s) 'example_sla_dag' retrieved from /home/airflow/.local/lib/python3.8/site-packages/airflow/example_dags/example_sla_dag.py
[2025-11-06T12:36:03.760+0000] {logging_mixin.py:188} INFO - [2025-11-06T12:36:03.758+0000] {dag.py:3036} INFO - Sync 1 DAGs
[2025-11-06T12:36:03.839+0000] {logging_mixin.py:188} INFO - [2025-11-06T12:36:03.838+0000] {dag.py:3823} INFO - Setting next_dagrun for example_sla_dag to 2025-11-06 12:34:00+00:00, run_after=2025-11-06 12:36:00+00:00
[2025-11-06T12:36:03.914+0000] {processor.py:183} INFO - Processing /home/airflow/.local/lib/python3.8/site-packages/airflow/example_dags/example_sla_dag.py took 0.263 seconds
[2025-11-06T12:36:34.086+0000] {processor.py:161} INFO - Started process (PID=10675) to work on /home/airflow/.local/lib/python3.8/site-packages/airflow/example_dags/example_sla_dag.py
[2025-11-06T12:36:34.088+0000] {processor.py:830} INFO - Processing file /home/airflow/.local/lib/python3.8/site-packages/airflow/example_dags/example_sla_dag.py for tasks to queue
[2025-11-06T12:36:34.094+0000] {logging_mixin.py:188} INFO - [2025-11-06T12:36:34.093+0000] {dagbag.py:538} INFO - Filling up the DagBag from /home/airflow/.local/lib/python3.8/site-packages/airflow/example_dags/example_sla_dag.py
[2025-11-06T12:36:34.127+0000] {processor.py:840} INFO - DAG(s) 'example_sla_dag' retrieved from /home/airflow/.local/lib/python3.8/site-packages/airflow/example_dags/example_sla_dag.py
[2025-11-06T12:36:34.222+0000] {logging_mixin.py:188} INFO - [2025-11-06T12:36:34.222+0000] {dag.py:3036} INFO - Sync 1 DAGs
[2025-11-06T12:36:34.324+0000] {logging_mixin.py:188} INFO - [2025-11-06T12:36:34.322+0000] {dag.py:3823} INFO - Setting next_dagrun for example_sla_dag to 2025-11-06 12:34:00+00:00, run_after=2025-11-06 12:36:00+00:00
[2025-11-06T12:36:34.432+0000] {processor.py:183} INFO - Processing /home/airflow/.local/lib/python3.8/site-packages/airflow/example_dags/example_sla_dag.py took 0.354 seconds
[2025-11-06T12:37:04.841+0000] {processor.py:161} INFO - Started process (PID=10732) to work on /home/airflow/.local/lib/python3.8/site-packages/airflow/example_dags/example_sla_dag.py
[2025-11-06T12:37:04.844+0000] {processor.py:830} INFO - Processing file /home/airflow/.local/lib/python3.8/site-packages/airflow/example_dags/example_sla_dag.py for tasks to queue
[2025-11-06T12:37:04.850+0000] {logging_mixin.py:188} INFO - [2025-11-06T12:37:04.849+0000] {dagbag.py:538} INFO - Filling up the DagBag from /home/airflow/.local/lib/python3.8/site-packages/airflow/example_dags/example_sla_dag.py
[2025-11-06T12:37:04.903+0000] {processor.py:840} INFO - DAG(s) 'example_sla_dag' retrieved from /home/airflow/.local/lib/python3.8/site-packages/airflow/example_dags/example_sla_dag.py
[2025-11-06T12:37:04.973+0000] {logging_mixin.py:188} INFO - [2025-11-06T12:37:04.972+0000] {dag.py:3036} INFO - Sync 1 DAGs
[2025-11-06T12:37:05.077+0000] {logging_mixin.py:188} INFO - [2025-11-06T12:37:05.070+0000] {dag.py:3823} INFO - Setting next_dagrun for example_sla_dag to 2025-11-06 12:34:00+00:00, run_after=2025-11-06 12:36:00+00:00
[2025-11-06T12:37:05.172+0000] {processor.py:183} INFO - Processing /home/airflow/.local/lib/python3.8/site-packages/airflow/example_dags/example_sla_dag.py took 0.341 seconds
[2025-11-06T12:37:36.785+0000] {processor.py:161} INFO - Started process (PID=10787) to work on /home/airflow/.local/lib/python3.8/site-packages/airflow/example_dags/example_sla_dag.py
[2025-11-06T12:37:36.802+0000] {processor.py:830} INFO - Processing file /home/airflow/.local/lib/python3.8/site-packages/airflow/example_dags/example_sla_dag.py for tasks to queue
[2025-11-06T12:37:36.819+0000] {logging_mixin.py:188} INFO - [2025-11-06T12:37:36.818+0000] {dagbag.py:538} INFO - Filling up the DagBag from /home/airflow/.local/lib/python3.8/site-packages/airflow/example_dags/example_sla_dag.py
[2025-11-06T12:37:36.856+0000] {processor.py:840} INFO - DAG(s) 'example_sla_dag' retrieved from /home/airflow/.local/lib/python3.8/site-packages/airflow/example_dags/example_sla_dag.py
[2025-11-06T12:37:36.929+0000] {logging_mixin.py:188} INFO - [2025-11-06T12:37:36.929+0000] {dag.py:3036} INFO - Sync 1 DAGs
[2025-11-06T12:37:37.065+0000] {logging_mixin.py:188} INFO - [2025-11-06T12:37:37.064+0000] {dag.py:3823} INFO - Setting next_dagrun for example_sla_dag to 2025-11-06 12:34:00+00:00, run_after=2025-11-06 12:36:00+00:00
[2025-11-06T12:37:37.165+0000] {processor.py:183} INFO - Processing /home/airflow/.local/lib/python3.8/site-packages/airflow/example_dags/example_sla_dag.py took 0.394 seconds
[2025-11-06T12:38:07.880+0000] {processor.py:161} INFO - Started process (PID=10843) to work on /home/airflow/.local/lib/python3.8/site-packages/airflow/example_dags/example_sla_dag.py
[2025-11-06T12:38:07.883+0000] {processor.py:830} INFO - Processing file /home/airflow/.local/lib/python3.8/site-packages/airflow/example_dags/example_sla_dag.py for tasks to queue
[2025-11-06T12:38:07.892+0000] {logging_mixin.py:188} INFO - [2025-11-06T12:38:07.890+0000] {dagbag.py:538} INFO - Filling up the DagBag from /home/airflow/.local/lib/python3.8/site-packages/airflow/example_dags/example_sla_dag.py
[2025-11-06T12:38:07.930+0000] {processor.py:840} INFO - DAG(s) 'example_sla_dag' retrieved from /home/airflow/.local/lib/python3.8/site-packages/airflow/example_dags/example_sla_dag.py
[2025-11-06T12:38:07.994+0000] {logging_mixin.py:188} INFO - [2025-11-06T12:38:07.993+0000] {dag.py:3036} INFO - Sync 1 DAGs
[2025-11-06T12:38:08.099+0000] {logging_mixin.py:188} INFO - [2025-11-06T12:38:08.098+0000] {dag.py:3823} INFO - Setting next_dagrun for example_sla_dag to 2025-11-06 12:36:00+00:00, run_after=2025-11-06 12:38:00+00:00
[2025-11-06T12:38:08.187+0000] {processor.py:183} INFO - Processing /home/airflow/.local/lib/python3.8/site-packages/airflow/example_dags/example_sla_dag.py took 0.325 seconds
[2025-11-06T12:38:38.909+0000] {processor.py:161} INFO - Started process (PID=10898) to work on /home/airflow/.local/lib/python3.8/site-packages/airflow/example_dags/example_sla_dag.py
[2025-11-06T12:38:38.943+0000] {processor.py:830} INFO - Processing file /home/airflow/.local/lib/python3.8/site-packages/airflow/example_dags/example_sla_dag.py for tasks to queue
[2025-11-06T12:38:38.964+0000] {logging_mixin.py:188} INFO - [2025-11-06T12:38:38.963+0000] {dagbag.py:538} INFO - Filling up the DagBag from /home/airflow/.local/lib/python3.8/site-packages/airflow/example_dags/example_sla_dag.py
[2025-11-06T12:38:39.039+0000] {processor.py:840} INFO - DAG(s) 'example_sla_dag' retrieved from /home/airflow/.local/lib/python3.8/site-packages/airflow/example_dags/example_sla_dag.py
[2025-11-06T12:38:39.219+0000] {logging_mixin.py:188} INFO - [2025-11-06T12:38:39.218+0000] {dag.py:3036} INFO - Sync 1 DAGs
[2025-11-06T12:38:39.447+0000] {logging_mixin.py:188} INFO - [2025-11-06T12:38:39.446+0000] {dag.py:3823} INFO - Setting next_dagrun for example_sla_dag to 2025-11-06 12:36:00+00:00, run_after=2025-11-06 12:38:00+00:00
[2025-11-06T12:38:39.572+0000] {processor.py:183} INFO - Processing /home/airflow/.local/lib/python3.8/site-packages/airflow/example_dags/example_sla_dag.py took 0.688 seconds
[2025-11-06T12:39:09.940+0000] {processor.py:161} INFO - Started process (PID=10959) to work on /home/airflow/.local/lib/python3.8/site-packages/airflow/example_dags/example_sla_dag.py
[2025-11-06T12:39:09.957+0000] {processor.py:830} INFO - Processing file /home/airflow/.local/lib/python3.8/site-packages/airflow/example_dags/example_sla_dag.py for tasks to queue
[2025-11-06T12:39:09.963+0000] {logging_mixin.py:188} INFO - [2025-11-06T12:39:09.962+0000] {dagbag.py:538} INFO - Filling up the DagBag from /home/airflow/.local/lib/python3.8/site-packages/airflow/example_dags/example_sla_dag.py
[2025-11-06T12:39:09.997+0000] {processor.py:840} INFO - DAG(s) 'example_sla_dag' retrieved from /home/airflow/.local/lib/python3.8/site-packages/airflow/example_dags/example_sla_dag.py
[2025-11-06T12:39:10.091+0000] {logging_mixin.py:188} INFO - [2025-11-06T12:39:10.091+0000] {dag.py:3036} INFO - Sync 1 DAGs
[2025-11-06T12:39:10.234+0000] {logging_mixin.py:188} INFO - [2025-11-06T12:39:10.227+0000] {dag.py:3823} INFO - Setting next_dagrun for example_sla_dag to 2025-11-06 12:36:00+00:00, run_after=2025-11-06 12:38:00+00:00
[2025-11-06T12:39:10.339+0000] {processor.py:183} INFO - Processing /home/airflow/.local/lib/python3.8/site-packages/airflow/example_dags/example_sla_dag.py took 0.415 seconds
[2025-11-06T12:39:40.534+0000] {processor.py:161} INFO - Started process (PID=11014) to work on /home/airflow/.local/lib/python3.8/site-packages/airflow/example_dags/example_sla_dag.py
[2025-11-06T12:39:40.539+0000] {processor.py:830} INFO - Processing file /home/airflow/.local/lib/python3.8/site-packages/airflow/example_dags/example_sla_dag.py for tasks to queue
[2025-11-06T12:39:40.548+0000] {logging_mixin.py:188} INFO - [2025-11-06T12:39:40.544+0000] {dagbag.py:538} INFO - Filling up the DagBag from /home/airflow/.local/lib/python3.8/site-packages/airflow/example_dags/example_sla_dag.py
[2025-11-06T12:39:40.587+0000] {processor.py:840} INFO - DAG(s) 'example_sla_dag' retrieved from /home/airflow/.local/lib/python3.8/site-packages/airflow/example_dags/example_sla_dag.py
[2025-11-06T12:39:40.684+0000] {logging_mixin.py:188} INFO - [2025-11-06T12:39:40.683+0000] {dag.py:3036} INFO - Sync 1 DAGs
[2025-11-06T12:39:40.875+0000] {logging_mixin.py:188} INFO - [2025-11-06T12:39:40.874+0000] {dag.py:3823} INFO - Setting next_dagrun for example_sla_dag to 2025-11-06 12:36:00+00:00, run_after=2025-11-06 12:38:00+00:00
[2025-11-06T12:39:40.987+0000] {processor.py:183} INFO - Processing /home/airflow/.local/lib/python3.8/site-packages/airflow/example_dags/example_sla_dag.py took 0.465 seconds
[2025-11-06T12:40:11.797+0000] {processor.py:161} INFO - Started process (PID=11071) to work on /home/airflow/.local/lib/python3.8/site-packages/airflow/example_dags/example_sla_dag.py
[2025-11-06T12:40:11.800+0000] {processor.py:830} INFO - Processing file /home/airflow/.local/lib/python3.8/site-packages/airflow/example_dags/example_sla_dag.py for tasks to queue
[2025-11-06T12:40:11.807+0000] {logging_mixin.py:188} INFO - [2025-11-06T12:40:11.806+0000] {dagbag.py:538} INFO - Filling up the DagBag from /home/airflow/.local/lib/python3.8/site-packages/airflow/example_dags/example_sla_dag.py
[2025-11-06T12:40:11.834+0000] {processor.py:840} INFO - DAG(s) 'example_sla_dag' retrieved from /home/airflow/.local/lib/python3.8/site-packages/airflow/example_dags/example_sla_dag.py
[2025-11-06T12:40:11.890+0000] {logging_mixin.py:188} INFO - [2025-11-06T12:40:11.889+0000] {dag.py:3036} INFO - Sync 1 DAGs
[2025-11-06T12:40:11.938+0000] {logging_mixin.py:188} INFO - [2025-11-06T12:40:11.937+0000] {dag.py:3823} INFO - Setting next_dagrun for example_sla_dag to 2025-11-06 12:38:00+00:00, run_after=2025-11-06 12:40:00+00:00
[2025-11-06T12:40:11.975+0000] {processor.py:183} INFO - Processing /home/airflow/.local/lib/python3.8/site-packages/airflow/example_dags/example_sla_dag.py took 0.188 seconds
[2025-11-06T12:40:44.498+0000] {processor.py:161} INFO - Started process (PID=11127) to work on /home/airflow/.local/lib/python3.8/site-packages/airflow/example_dags/example_sla_dag.py
[2025-11-06T12:40:44.501+0000] {processor.py:830} INFO - Processing file /home/airflow/.local/lib/python3.8/site-packages/airflow/example_dags/example_sla_dag.py for tasks to queue
[2025-11-06T12:40:44.505+0000] {logging_mixin.py:188} INFO - [2025-11-06T12:40:44.505+0000] {dagbag.py:538} INFO - Filling up the DagBag from /home/airflow/.local/lib/python3.8/site-packages/airflow/example_dags/example_sla_dag.py
[2025-11-06T12:40:44.531+0000] {processor.py:840} INFO - DAG(s) 'example_sla_dag' retrieved from /home/airflow/.local/lib/python3.8/site-packages/airflow/example_dags/example_sla_dag.py
[2025-11-06T12:40:44.595+0000] {logging_mixin.py:188} INFO - [2025-11-06T12:40:44.594+0000] {dag.py:3036} INFO - Sync 1 DAGs
[2025-11-06T12:40:44.675+0000] {logging_mixin.py:188} INFO - [2025-11-06T12:40:44.674+0000] {dag.py:3823} INFO - Setting next_dagrun for example_sla_dag to 2025-11-06 12:38:00+00:00, run_after=2025-11-06 12:40:00+00:00
[2025-11-06T12:40:44.735+0000] {processor.py:183} INFO - Processing /home/airflow/.local/lib/python3.8/site-packages/airflow/example_dags/example_sla_dag.py took 0.245 seconds
[2025-11-06T12:41:15.605+0000] {processor.py:161} INFO - Started process (PID=11181) to work on /home/airflow/.local/lib/python3.8/site-packages/airflow/example_dags/example_sla_dag.py
[2025-11-06T12:41:15.621+0000] {processor.py:830} INFO - Processing file /home/airflow/.local/lib/python3.8/site-packages/airflow/example_dags/example_sla_dag.py for tasks to queue
[2025-11-06T12:41:15.637+0000] {logging_mixin.py:188} INFO - [2025-11-06T12:41:15.636+0000] {dagbag.py:538} INFO - Filling up the DagBag from /home/airflow/.local/lib/python3.8/site-packages/airflow/example_dags/example_sla_dag.py
[2025-11-06T12:41:15.732+0000] {processor.py:840} INFO - DAG(s) 'example_sla_dag' retrieved from /home/airflow/.local/lib/python3.8/site-packages/airflow/example_dags/example_sla_dag.py
[2025-11-06T12:41:15.874+0000] {logging_mixin.py:188} INFO - [2025-11-06T12:41:15.873+0000] {dag.py:3036} INFO - Sync 1 DAGs
[2025-11-06T12:41:16.108+0000] {logging_mixin.py:188} INFO - [2025-11-06T12:41:16.108+0000] {dag.py:3823} INFO - Setting next_dagrun for example_sla_dag to 2025-11-06 12:38:00+00:00, run_after=2025-11-06 12:40:00+00:00
[2025-11-06T12:41:16.275+0000] {processor.py:183} INFO - Processing /home/airflow/.local/lib/python3.8/site-packages/airflow/example_dags/example_sla_dag.py took 0.703 seconds
[2025-11-06T12:41:46.629+0000] {processor.py:161} INFO - Started process (PID=11236) to work on /home/airflow/.local/lib/python3.8/site-packages/airflow/example_dags/example_sla_dag.py
[2025-11-06T12:41:46.632+0000] {processor.py:830} INFO - Processing file /home/airflow/.local/lib/python3.8/site-packages/airflow/example_dags/example_sla_dag.py for tasks to queue
[2025-11-06T12:41:46.640+0000] {logging_mixin.py:188} INFO - [2025-11-06T12:41:46.638+0000] {dagbag.py:538} INFO - Filling up the DagBag from /home/airflow/.local/lib/python3.8/site-packages/airflow/example_dags/example_sla_dag.py
[2025-11-06T12:41:46.666+0000] {processor.py:840} INFO - DAG(s) 'example_sla_dag' retrieved from /home/airflow/.local/lib/python3.8/site-packages/airflow/example_dags/example_sla_dag.py
[2025-11-06T12:41:46.721+0000] {logging_mixin.py:188} INFO - [2025-11-06T12:41:46.719+0000] {dag.py:3036} INFO - Sync 1 DAGs
[2025-11-06T12:41:46.839+0000] {logging_mixin.py:188} INFO - [2025-11-06T12:41:46.838+0000] {dag.py:3823} INFO - Setting next_dagrun for example_sla_dag to 2025-11-06 12:38:00+00:00, run_after=2025-11-06 12:40:00+00:00
[2025-11-06T12:41:46.898+0000] {processor.py:183} INFO - Processing /home/airflow/.local/lib/python3.8/site-packages/airflow/example_dags/example_sla_dag.py took 0.278 seconds
[2025-11-06T12:42:17.929+0000] {processor.py:161} INFO - Started process (PID=11291) to work on /home/airflow/.local/lib/python3.8/site-packages/airflow/example_dags/example_sla_dag.py
[2025-11-06T12:42:17.933+0000] {processor.py:830} INFO - Processing file /home/airflow/.local/lib/python3.8/site-packages/airflow/example_dags/example_sla_dag.py for tasks to queue
[2025-11-06T12:42:17.950+0000] {logging_mixin.py:188} INFO - [2025-11-06T12:42:17.949+0000] {dagbag.py:538} INFO - Filling up the DagBag from /home/airflow/.local/lib/python3.8/site-packages/airflow/example_dags/example_sla_dag.py
[2025-11-06T12:42:18.098+0000] {processor.py:840} INFO - DAG(s) 'example_sla_dag' retrieved from /home/airflow/.local/lib/python3.8/site-packages/airflow/example_dags/example_sla_dag.py
[2025-11-06T12:42:18.289+0000] {logging_mixin.py:188} INFO - [2025-11-06T12:42:18.288+0000] {dag.py:3036} INFO - Sync 1 DAGs
[2025-11-06T12:42:18.369+0000] {logging_mixin.py:188} INFO - [2025-11-06T12:42:18.367+0000] {dag.py:3823} INFO - Setting next_dagrun for example_sla_dag to 2025-11-06 12:40:00+00:00, run_after=2025-11-06 12:42:00+00:00
[2025-11-06T12:42:18.422+0000] {processor.py:183} INFO - Processing /home/airflow/.local/lib/python3.8/site-packages/airflow/example_dags/example_sla_dag.py took 0.508 seconds
[2025-11-06T12:42:48.729+0000] {processor.py:161} INFO - Started process (PID=11346) to work on /home/airflow/.local/lib/python3.8/site-packages/airflow/example_dags/example_sla_dag.py
[2025-11-06T12:42:48.734+0000] {processor.py:830} INFO - Processing file /home/airflow/.local/lib/python3.8/site-packages/airflow/example_dags/example_sla_dag.py for tasks to queue
[2025-11-06T12:42:48.743+0000] {logging_mixin.py:188} INFO - [2025-11-06T12:42:48.742+0000] {dagbag.py:538} INFO - Filling up the DagBag from /home/airflow/.local/lib/python3.8/site-packages/airflow/example_dags/example_sla_dag.py
[2025-11-06T12:42:48.782+0000] {processor.py:840} INFO - DAG(s) 'example_sla_dag' retrieved from /home/airflow/.local/lib/python3.8/site-packages/airflow/example_dags/example_sla_dag.py
[2025-11-06T12:42:48.872+0000] {logging_mixin.py:188} INFO - [2025-11-06T12:42:48.871+0000] {dag.py:3036} INFO - Sync 1 DAGs
[2025-11-06T12:42:49.013+0000] {logging_mixin.py:188} INFO - [2025-11-06T12:42:49.012+0000] {dag.py:3823} INFO - Setting next_dagrun for example_sla_dag to 2025-11-06 12:40:00+00:00, run_after=2025-11-06 12:42:00+00:00
[2025-11-06T12:42:49.072+0000] {processor.py:183} INFO - Processing /home/airflow/.local/lib/python3.8/site-packages/airflow/example_dags/example_sla_dag.py took 0.356 seconds
[2025-11-06T12:43:19.701+0000] {processor.py:161} INFO - Started process (PID=11402) to work on /home/airflow/.local/lib/python3.8/site-packages/airflow/example_dags/example_sla_dag.py
[2025-11-06T12:43:19.752+0000] {processor.py:830} INFO - Processing file /home/airflow/.local/lib/python3.8/site-packages/airflow/example_dags/example_sla_dag.py for tasks to queue
[2025-11-06T12:43:19.785+0000] {logging_mixin.py:188} INFO - [2025-11-06T12:43:19.784+0000] {dagbag.py:538} INFO - Filling up the DagBag from /home/airflow/.local/lib/python3.8/site-packages/airflow/example_dags/example_sla_dag.py
[2025-11-06T12:43:19.844+0000] {processor.py:840} INFO - DAG(s) 'example_sla_dag' retrieved from /home/airflow/.local/lib/python3.8/site-packages/airflow/example_dags/example_sla_dag.py
[2025-11-06T12:43:19.994+0000] {logging_mixin.py:188} INFO - [2025-11-06T12:43:19.993+0000] {dag.py:3036} INFO - Sync 1 DAGs
[2025-11-06T12:43:20.208+0000] {logging_mixin.py:188} INFO - [2025-11-06T12:43:20.207+0000] {dag.py:3823} INFO - Setting next_dagrun for example_sla_dag to 2025-11-06 12:40:00+00:00, run_after=2025-11-06 12:42:00+00:00
[2025-11-06T12:43:20.318+0000] {processor.py:183} INFO - Processing /home/airflow/.local/lib/python3.8/site-packages/airflow/example_dags/example_sla_dag.py took 0.669 seconds
[2025-11-06T12:43:50.886+0000] {processor.py:161} INFO - Started process (PID=11457) to work on /home/airflow/.local/lib/python3.8/site-packages/airflow/example_dags/example_sla_dag.py
[2025-11-06T12:43:50.889+0000] {processor.py:830} INFO - Processing file /home/airflow/.local/lib/python3.8/site-packages/airflow/example_dags/example_sla_dag.py for tasks to queue
[2025-11-06T12:43:50.894+0000] {logging_mixin.py:188} INFO - [2025-11-06T12:43:50.893+0000] {dagbag.py:538} INFO - Filling up the DagBag from /home/airflow/.local/lib/python3.8/site-packages/airflow/example_dags/example_sla_dag.py
[2025-11-06T12:43:50.917+0000] {processor.py:840} INFO - DAG(s) 'example_sla_dag' retrieved from /home/airflow/.local/lib/python3.8/site-packages/airflow/example_dags/example_sla_dag.py
[2025-11-06T12:43:50.954+0000] {logging_mixin.py:188} INFO - [2025-11-06T12:43:50.954+0000] {dag.py:3036} INFO - Sync 1 DAGs
[2025-11-06T12:43:51.057+0000] {logging_mixin.py:188} INFO - [2025-11-06T12:43:51.057+0000] {dag.py:3823} INFO - Setting next_dagrun for example_sla_dag to 2025-11-06 12:40:00+00:00, run_after=2025-11-06 12:42:00+00:00
[2025-11-06T12:43:51.106+0000] {processor.py:183} INFO - Processing /home/airflow/.local/lib/python3.8/site-packages/airflow/example_dags/example_sla_dag.py took 0.232 seconds
[2025-11-06T12:44:21.633+0000] {processor.py:161} INFO - Started process (PID=11512) to work on /home/airflow/.local/lib/python3.8/site-packages/airflow/example_dags/example_sla_dag.py
[2025-11-06T12:44:21.640+0000] {processor.py:830} INFO - Processing file /home/airflow/.local/lib/python3.8/site-packages/airflow/example_dags/example_sla_dag.py for tasks to queue
[2025-11-06T12:44:21.648+0000] {logging_mixin.py:188} INFO - [2025-11-06T12:44:21.646+0000] {dagbag.py:538} INFO - Filling up the DagBag from /home/airflow/.local/lib/python3.8/site-packages/airflow/example_dags/example_sla_dag.py
[2025-11-06T12:44:21.693+0000] {processor.py:840} INFO - DAG(s) 'example_sla_dag' retrieved from /home/airflow/.local/lib/python3.8/site-packages/airflow/example_dags/example_sla_dag.py
[2025-11-06T12:44:21.776+0000] {logging_mixin.py:188} INFO - [2025-11-06T12:44:21.775+0000] {dag.py:3036} INFO - Sync 1 DAGs
[2025-11-06T12:44:21.878+0000] {logging_mixin.py:188} INFO - [2025-11-06T12:44:21.878+0000] {dag.py:3823} INFO - Setting next_dagrun for example_sla_dag to 2025-11-06 12:42:00+00:00, run_after=2025-11-06 12:44:00+00:00
[2025-11-06T12:44:21.950+0000] {processor.py:183} INFO - Processing /home/airflow/.local/lib/python3.8/site-packages/airflow/example_dags/example_sla_dag.py took 0.340 seconds
[2025-11-06T12:44:52.209+0000] {processor.py:161} INFO - Started process (PID=11567) to work on /home/airflow/.local/lib/python3.8/site-packages/airflow/example_dags/example_sla_dag.py
[2025-11-06T12:44:52.214+0000] {processor.py:830} INFO - Processing file /home/airflow/.local/lib/python3.8/site-packages/airflow/example_dags/example_sla_dag.py for tasks to queue
[2025-11-06T12:44:52.222+0000] {logging_mixin.py:188} INFO - [2025-11-06T12:44:52.221+0000] {dagbag.py:538} INFO - Filling up the DagBag from /home/airflow/.local/lib/python3.8/site-packages/airflow/example_dags/example_sla_dag.py
[2025-11-06T12:44:52.251+0000] {processor.py:840} INFO - DAG(s) 'example_sla_dag' retrieved from /home/airflow/.local/lib/python3.8/site-packages/airflow/example_dags/example_sla_dag.py
[2025-11-06T12:44:52.314+0000] {logging_mixin.py:188} INFO - [2025-11-06T12:44:52.313+0000] {dag.py:3036} INFO - Sync 1 DAGs
[2025-11-06T12:44:52.412+0000] {logging_mixin.py:188} INFO - [2025-11-06T12:44:52.412+0000] {dag.py:3823} INFO - Setting next_dagrun for example_sla_dag to 2025-11-06 12:42:00+00:00, run_after=2025-11-06 12:44:00+00:00
[2025-11-06T12:44:52.474+0000] {processor.py:183} INFO - Processing /home/airflow/.local/lib/python3.8/site-packages/airflow/example_dags/example_sla_dag.py took 0.279 seconds
[2025-11-06T12:45:22.790+0000] {processor.py:161} INFO - Started process (PID=11622) to work on /home/airflow/.local/lib/python3.8/site-packages/airflow/example_dags/example_sla_dag.py
[2025-11-06T12:45:22.792+0000] {processor.py:830} INFO - Processing file /home/airflow/.local/lib/python3.8/site-packages/airflow/example_dags/example_sla_dag.py for tasks to queue
[2025-11-06T12:45:22.797+0000] {logging_mixin.py:188} INFO - [2025-11-06T12:45:22.796+0000] {dagbag.py:538} INFO - Filling up the DagBag from /home/airflow/.local/lib/python3.8/site-packages/airflow/example_dags/example_sla_dag.py
[2025-11-06T12:45:22.819+0000] {processor.py:840} INFO - DAG(s) 'example_sla_dag' retrieved from /home/airflow/.local/lib/python3.8/site-packages/airflow/example_dags/example_sla_dag.py
[2025-11-06T12:45:22.860+0000] {logging_mixin.py:188} INFO - [2025-11-06T12:45:22.859+0000] {dag.py:3036} INFO - Sync 1 DAGs
[2025-11-06T12:45:22.911+0000] {logging_mixin.py:188} INFO - [2025-11-06T12:45:22.911+0000] {dag.py:3823} INFO - Setting next_dagrun for example_sla_dag to 2025-11-06 12:42:00+00:00, run_after=2025-11-06 12:44:00+00:00
[2025-11-06T12:45:22.943+0000] {processor.py:183} INFO - Processing /home/airflow/.local/lib/python3.8/site-packages/airflow/example_dags/example_sla_dag.py took 0.160 seconds
[2025-11-06T12:45:53.682+0000] {processor.py:161} INFO - Started process (PID=11676) to work on /home/airflow/.local/lib/python3.8/site-packages/airflow/example_dags/example_sla_dag.py
[2025-11-06T12:45:53.685+0000] {processor.py:830} INFO - Processing file /home/airflow/.local/lib/python3.8/site-packages/airflow/example_dags/example_sla_dag.py for tasks to queue
[2025-11-06T12:45:53.700+0000] {logging_mixin.py:188} INFO - [2025-11-06T12:45:53.699+0000] {dagbag.py:538} INFO - Filling up the DagBag from /home/airflow/.local/lib/python3.8/site-packages/airflow/example_dags/example_sla_dag.py
[2025-11-06T12:45:53.735+0000] {processor.py:840} INFO - DAG(s) 'example_sla_dag' retrieved from /home/airflow/.local/lib/python3.8/site-packages/airflow/example_dags/example_sla_dag.py
[2025-11-06T12:45:53.795+0000] {logging_mixin.py:188} INFO - [2025-11-06T12:45:53.793+0000] {dag.py:3036} INFO - Sync 1 DAGs
[2025-11-06T12:45:53.877+0000] {logging_mixin.py:188} INFO - [2025-11-06T12:45:53.876+0000] {dag.py:3823} INFO - Setting next_dagrun for example_sla_dag to 2025-11-06 12:42:00+00:00, run_after=2025-11-06 12:44:00+00:00
[2025-11-06T12:45:53.935+0000] {processor.py:183} INFO - Processing /home/airflow/.local/lib/python3.8/site-packages/airflow/example_dags/example_sla_dag.py took 0.269 seconds
[2025-11-06T12:46:24.638+0000] {processor.py:161} INFO - Started process (PID=11728) to work on /home/airflow/.local/lib/python3.8/site-packages/airflow/example_dags/example_sla_dag.py
[2025-11-06T12:46:24.640+0000] {processor.py:830} INFO - Processing file /home/airflow/.local/lib/python3.8/site-packages/airflow/example_dags/example_sla_dag.py for tasks to queue
[2025-11-06T12:46:24.650+0000] {logging_mixin.py:188} INFO - [2025-11-06T12:46:24.649+0000] {dagbag.py:538} INFO - Filling up the DagBag from /home/airflow/.local/lib/python3.8/site-packages/airflow/example_dags/example_sla_dag.py
[2025-11-06T12:46:24.673+0000] {processor.py:840} INFO - DAG(s) 'example_sla_dag' retrieved from /home/airflow/.local/lib/python3.8/site-packages/airflow/example_dags/example_sla_dag.py
[2025-11-06T12:46:24.714+0000] {logging_mixin.py:188} INFO - [2025-11-06T12:46:24.713+0000] {dag.py:3036} INFO - Sync 1 DAGs
[2025-11-06T12:46:24.766+0000] {logging_mixin.py:188} INFO - [2025-11-06T12:46:24.766+0000] {dag.py:3823} INFO - Setting next_dagrun for example_sla_dag to 2025-11-06 12:44:00+00:00, run_after=2025-11-06 12:46:00+00:00
[2025-11-06T12:46:24.807+0000] {processor.py:183} INFO - Processing /home/airflow/.local/lib/python3.8/site-packages/airflow/example_dags/example_sla_dag.py took 0.177 seconds
[2025-11-06T12:46:55.813+0000] {processor.py:161} INFO - Started process (PID=11783) to work on /home/airflow/.local/lib/python3.8/site-packages/airflow/example_dags/example_sla_dag.py
[2025-11-06T12:46:55.817+0000] {processor.py:830} INFO - Processing file /home/airflow/.local/lib/python3.8/site-packages/airflow/example_dags/example_sla_dag.py for tasks to queue
[2025-11-06T12:46:55.823+0000] {logging_mixin.py:188} INFO - [2025-11-06T12:46:55.822+0000] {dagbag.py:538} INFO - Filling up the DagBag from /home/airflow/.local/lib/python3.8/site-packages/airflow/example_dags/example_sla_dag.py
[2025-11-06T12:46:55.854+0000] {processor.py:840} INFO - DAG(s) 'example_sla_dag' retrieved from /home/airflow/.local/lib/python3.8/site-packages/airflow/example_dags/example_sla_dag.py
[2025-11-06T12:46:55.905+0000] {logging_mixin.py:188} INFO - [2025-11-06T12:46:55.905+0000] {dag.py:3036} INFO - Sync 1 DAGs
[2025-11-06T12:46:55.977+0000] {logging_mixin.py:188} INFO - [2025-11-06T12:46:55.977+0000] {dag.py:3823} INFO - Setting next_dagrun for example_sla_dag to 2025-11-06 12:44:00+00:00, run_after=2025-11-06 12:46:00+00:00
[2025-11-06T12:46:56.051+0000] {processor.py:183} INFO - Processing /home/airflow/.local/lib/python3.8/site-packages/airflow/example_dags/example_sla_dag.py took 0.255 seconds
[2025-11-06T12:47:26.429+0000] {processor.py:161} INFO - Started process (PID=11838) to work on /home/airflow/.local/lib/python3.8/site-packages/airflow/example_dags/example_sla_dag.py
[2025-11-06T12:47:26.433+0000] {processor.py:830} INFO - Processing file /home/airflow/.local/lib/python3.8/site-packages/airflow/example_dags/example_sla_dag.py for tasks to queue
[2025-11-06T12:47:26.438+0000] {logging_mixin.py:188} INFO - [2025-11-06T12:47:26.437+0000] {dagbag.py:538} INFO - Filling up the DagBag from /home/airflow/.local/lib/python3.8/site-packages/airflow/example_dags/example_sla_dag.py
[2025-11-06T12:47:26.454+0000] {processor.py:840} INFO - DAG(s) 'example_sla_dag' retrieved from /home/airflow/.local/lib/python3.8/site-packages/airflow/example_dags/example_sla_dag.py
[2025-11-06T12:47:26.496+0000] {logging_mixin.py:188} INFO - [2025-11-06T12:47:26.495+0000] {dag.py:3036} INFO - Sync 1 DAGs
[2025-11-06T12:47:26.545+0000] {logging_mixin.py:188} INFO - [2025-11-06T12:47:26.545+0000] {dag.py:3823} INFO - Setting next_dagrun for example_sla_dag to 2025-11-06 12:44:00+00:00, run_after=2025-11-06 12:46:00+00:00
[2025-11-06T12:47:26.580+0000] {processor.py:183} INFO - Processing /home/airflow/.local/lib/python3.8/site-packages/airflow/example_dags/example_sla_dag.py took 0.160 seconds
[2025-11-06T12:47:57.014+0000] {processor.py:161} INFO - Started process (PID=11892) to work on /home/airflow/.local/lib/python3.8/site-packages/airflow/example_dags/example_sla_dag.py
[2025-11-06T12:47:57.017+0000] {processor.py:830} INFO - Processing file /home/airflow/.local/lib/python3.8/site-packages/airflow/example_dags/example_sla_dag.py for tasks to queue
[2025-11-06T12:47:57.021+0000] {logging_mixin.py:188} INFO - [2025-11-06T12:47:57.020+0000] {dagbag.py:538} INFO - Filling up the DagBag from /home/airflow/.local/lib/python3.8/site-packages/airflow/example_dags/example_sla_dag.py
[2025-11-06T12:47:57.042+0000] {processor.py:840} INFO - DAG(s) 'example_sla_dag' retrieved from /home/airflow/.local/lib/python3.8/site-packages/airflow/example_dags/example_sla_dag.py
[2025-11-06T12:47:57.084+0000] {logging_mixin.py:188} INFO - [2025-11-06T12:47:57.083+0000] {dag.py:3036} INFO - Sync 1 DAGs
[2025-11-06T12:47:57.147+0000] {logging_mixin.py:188} INFO - [2025-11-06T12:47:57.146+0000] {dag.py:3823} INFO - Setting next_dagrun for example_sla_dag to 2025-11-06 12:44:00+00:00, run_after=2025-11-06 12:46:00+00:00
[2025-11-06T12:47:57.198+0000] {processor.py:183} INFO - Processing /home/airflow/.local/lib/python3.8/site-packages/airflow/example_dags/example_sla_dag.py took 0.195 seconds
[2025-11-06T12:48:27.356+0000] {processor.py:161} INFO - Started process (PID=11947) to work on /home/airflow/.local/lib/python3.8/site-packages/airflow/example_dags/example_sla_dag.py
[2025-11-06T12:48:27.358+0000] {processor.py:830} INFO - Processing file /home/airflow/.local/lib/python3.8/site-packages/airflow/example_dags/example_sla_dag.py for tasks to queue
[2025-11-06T12:48:27.363+0000] {logging_mixin.py:188} INFO - [2025-11-06T12:48:27.362+0000] {dagbag.py:538} INFO - Filling up the DagBag from /home/airflow/.local/lib/python3.8/site-packages/airflow/example_dags/example_sla_dag.py
[2025-11-06T12:48:27.382+0000] {processor.py:840} INFO - DAG(s) 'example_sla_dag' retrieved from /home/airflow/.local/lib/python3.8/site-packages/airflow/example_dags/example_sla_dag.py
[2025-11-06T12:48:27.424+0000] {logging_mixin.py:188} INFO - [2025-11-06T12:48:27.423+0000] {dag.py:3036} INFO - Sync 1 DAGs
[2025-11-06T12:48:27.474+0000] {logging_mixin.py:188} INFO - [2025-11-06T12:48:27.474+0000] {dag.py:3823} INFO - Setting next_dagrun for example_sla_dag to 2025-11-06 12:46:00+00:00, run_after=2025-11-06 12:48:00+00:00
[2025-11-06T12:48:27.528+0000] {processor.py:183} INFO - Processing /home/airflow/.local/lib/python3.8/site-packages/airflow/example_dags/example_sla_dag.py took 0.183 seconds
[2025-11-06T12:48:59.788+0000] {processor.py:161} INFO - Started process (PID=12004) to work on /home/airflow/.local/lib/python3.8/site-packages/airflow/example_dags/example_sla_dag.py
[2025-11-06T12:48:59.818+0000] {processor.py:830} INFO - Processing file /home/airflow/.local/lib/python3.8/site-packages/airflow/example_dags/example_sla_dag.py for tasks to queue
[2025-11-06T12:48:59.827+0000] {logging_mixin.py:188} INFO - [2025-11-06T12:48:59.826+0000] {dagbag.py:538} INFO - Filling up the DagBag from /home/airflow/.local/lib/python3.8/site-packages/airflow/example_dags/example_sla_dag.py
[2025-11-06T12:48:59.952+0000] {processor.py:840} INFO - DAG(s) 'example_sla_dag' retrieved from /home/airflow/.local/lib/python3.8/site-packages/airflow/example_dags/example_sla_dag.py
[2025-11-06T12:49:00.138+0000] {logging_mixin.py:188} INFO - [2025-11-06T12:49:00.137+0000] {dag.py:3036} INFO - Sync 1 DAGs
[2025-11-06T12:49:00.289+0000] {logging_mixin.py:188} INFO - [2025-11-06T12:49:00.287+0000] {dag.py:3823} INFO - Setting next_dagrun for example_sla_dag to 2025-11-06 12:46:00+00:00, run_after=2025-11-06 12:48:00+00:00
[2025-11-06T12:49:00.431+0000] {processor.py:183} INFO - Processing /home/airflow/.local/lib/python3.8/site-packages/airflow/example_dags/example_sla_dag.py took 0.691 seconds
[2025-11-06T12:49:32.625+0000] {processor.py:161} INFO - Started process (PID=12061) to work on /home/airflow/.local/lib/python3.8/site-packages/airflow/example_dags/example_sla_dag.py
[2025-11-06T12:49:32.629+0000] {processor.py:830} INFO - Processing file /home/airflow/.local/lib/python3.8/site-packages/airflow/example_dags/example_sla_dag.py for tasks to queue
[2025-11-06T12:49:32.635+0000] {logging_mixin.py:188} INFO - [2025-11-06T12:49:32.634+0000] {dagbag.py:538} INFO - Filling up the DagBag from /home/airflow/.local/lib/python3.8/site-packages/airflow/example_dags/example_sla_dag.py
[2025-11-06T12:49:32.666+0000] {processor.py:840} INFO - DAG(s) 'example_sla_dag' retrieved from /home/airflow/.local/lib/python3.8/site-packages/airflow/example_dags/example_sla_dag.py
[2025-11-06T12:49:32.719+0000] {logging_mixin.py:188} INFO - [2025-11-06T12:49:32.718+0000] {dag.py:3036} INFO - Sync 1 DAGs
[2025-11-06T12:49:32.785+0000] {logging_mixin.py:188} INFO - [2025-11-06T12:49:32.785+0000] {dag.py:3823} INFO - Setting next_dagrun for example_sla_dag to 2025-11-06 12:46:00+00:00, run_after=2025-11-06 12:48:00+00:00
[2025-11-06T12:49:32.832+0000] {processor.py:183} INFO - Processing /home/airflow/.local/lib/python3.8/site-packages/airflow/example_dags/example_sla_dag.py took 0.215 seconds
[2025-11-06T12:50:04.948+0000] {processor.py:161} INFO - Started process (PID=12119) to work on /home/airflow/.local/lib/python3.8/site-packages/airflow/example_dags/example_sla_dag.py
[2025-11-06T12:50:04.951+0000] {processor.py:830} INFO - Processing file /home/airflow/.local/lib/python3.8/site-packages/airflow/example_dags/example_sla_dag.py for tasks to queue
[2025-11-06T12:50:04.959+0000] {logging_mixin.py:188} INFO - [2025-11-06T12:50:04.959+0000] {dagbag.py:538} INFO - Filling up the DagBag from /home/airflow/.local/lib/python3.8/site-packages/airflow/example_dags/example_sla_dag.py
[2025-11-06T12:50:05.008+0000] {processor.py:840} INFO - DAG(s) 'example_sla_dag' retrieved from /home/airflow/.local/lib/python3.8/site-packages/airflow/example_dags/example_sla_dag.py
[2025-11-06T12:50:05.073+0000] {logging_mixin.py:188} INFO - [2025-11-06T12:50:05.072+0000] {dag.py:3036} INFO - Sync 1 DAGs
[2025-11-06T12:50:05.158+0000] {logging_mixin.py:188} INFO - [2025-11-06T12:50:05.158+0000] {dag.py:3823} INFO - Setting next_dagrun for example_sla_dag to 2025-11-06 12:48:00+00:00, run_after=2025-11-06 12:50:00+00:00
[2025-11-06T12:50:05.220+0000] {processor.py:183} INFO - Processing /home/airflow/.local/lib/python3.8/site-packages/airflow/example_dags/example_sla_dag.py took 0.284 seconds
[2025-11-06T12:50:35.648+0000] {processor.py:161} INFO - Started process (PID=12174) to work on /home/airflow/.local/lib/python3.8/site-packages/airflow/example_dags/example_sla_dag.py
[2025-11-06T12:50:35.651+0000] {processor.py:830} INFO - Processing file /home/airflow/.local/lib/python3.8/site-packages/airflow/example_dags/example_sla_dag.py for tasks to queue
[2025-11-06T12:50:35.655+0000] {logging_mixin.py:188} INFO - [2025-11-06T12:50:35.654+0000] {dagbag.py:538} INFO - Filling up the DagBag from /home/airflow/.local/lib/python3.8/site-packages/airflow/example_dags/example_sla_dag.py
[2025-11-06T12:50:35.682+0000] {processor.py:840} INFO - DAG(s) 'example_sla_dag' retrieved from /home/airflow/.local/lib/python3.8/site-packages/airflow/example_dags/example_sla_dag.py
[2025-11-06T12:50:35.728+0000] {logging_mixin.py:188} INFO - [2025-11-06T12:50:35.728+0000] {dag.py:3036} INFO - Sync 1 DAGs
[2025-11-06T12:50:35.790+0000] {logging_mixin.py:188} INFO - [2025-11-06T12:50:35.789+0000] {dag.py:3823} INFO - Setting next_dagrun for example_sla_dag to 2025-11-06 12:48:00+00:00, run_after=2025-11-06 12:50:00+00:00
[2025-11-06T12:50:35.854+0000] {processor.py:183} INFO - Processing /home/airflow/.local/lib/python3.8/site-packages/airflow/example_dags/example_sla_dag.py took 0.214 seconds
[2025-11-06T12:51:06.065+0000] {processor.py:161} INFO - Started process (PID=12229) to work on /home/airflow/.local/lib/python3.8/site-packages/airflow/example_dags/example_sla_dag.py
[2025-11-06T12:51:06.067+0000] {processor.py:830} INFO - Processing file /home/airflow/.local/lib/python3.8/site-packages/airflow/example_dags/example_sla_dag.py for tasks to queue
[2025-11-06T12:51:06.070+0000] {logging_mixin.py:188} INFO - [2025-11-06T12:51:06.070+0000] {dagbag.py:538} INFO - Filling up the DagBag from /home/airflow/.local/lib/python3.8/site-packages/airflow/example_dags/example_sla_dag.py
[2025-11-06T12:51:06.098+0000] {processor.py:840} INFO - DAG(s) 'example_sla_dag' retrieved from /home/airflow/.local/lib/python3.8/site-packages/airflow/example_dags/example_sla_dag.py
[2025-11-06T12:51:06.156+0000] {logging_mixin.py:188} INFO - [2025-11-06T12:51:06.155+0000] {dag.py:3036} INFO - Sync 1 DAGs
[2025-11-06T12:51:06.262+0000] {logging_mixin.py:188} INFO - [2025-11-06T12:51:06.261+0000] {dag.py:3823} INFO - Setting next_dagrun for example_sla_dag to 2025-11-06 12:48:00+00:00, run_after=2025-11-06 12:50:00+00:00
[2025-11-06T12:51:06.339+0000] {processor.py:183} INFO - Processing /home/airflow/.local/lib/python3.8/site-packages/airflow/example_dags/example_sla_dag.py took 0.279 seconds
[2025-11-06T12:51:37.098+0000] {processor.py:161} INFO - Started process (PID=12284) to work on /home/airflow/.local/lib/python3.8/site-packages/airflow/example_dags/example_sla_dag.py
[2025-11-06T12:51:37.100+0000] {processor.py:830} INFO - Processing file /home/airflow/.local/lib/python3.8/site-packages/airflow/example_dags/example_sla_dag.py for tasks to queue
[2025-11-06T12:51:37.104+0000] {logging_mixin.py:188} INFO - [2025-11-06T12:51:37.103+0000] {dagbag.py:538} INFO - Filling up the DagBag from /home/airflow/.local/lib/python3.8/site-packages/airflow/example_dags/example_sla_dag.py
[2025-11-06T12:51:37.125+0000] {processor.py:840} INFO - DAG(s) 'example_sla_dag' retrieved from /home/airflow/.local/lib/python3.8/site-packages/airflow/example_dags/example_sla_dag.py
[2025-11-06T12:51:37.161+0000] {logging_mixin.py:188} INFO - [2025-11-06T12:51:37.161+0000] {dag.py:3036} INFO - Sync 1 DAGs
[2025-11-06T12:51:37.207+0000] {logging_mixin.py:188} INFO - [2025-11-06T12:51:37.206+0000] {dag.py:3823} INFO - Setting next_dagrun for example_sla_dag to 2025-11-06 12:48:00+00:00, run_after=2025-11-06 12:50:00+00:00
[2025-11-06T12:51:37.238+0000] {processor.py:183} INFO - Processing /home/airflow/.local/lib/python3.8/site-packages/airflow/example_dags/example_sla_dag.py took 0.147 seconds
[2025-11-06T12:52:10.564+0000] {processor.py:161} INFO - Started process (PID=12339) to work on /home/airflow/.local/lib/python3.8/site-packages/airflow/example_dags/example_sla_dag.py
[2025-11-06T12:52:10.568+0000] {processor.py:830} INFO - Processing file /home/airflow/.local/lib/python3.8/site-packages/airflow/example_dags/example_sla_dag.py for tasks to queue
[2025-11-06T12:52:10.575+0000] {logging_mixin.py:188} INFO - [2025-11-06T12:52:10.575+0000] {dagbag.py:538} INFO - Filling up the DagBag from /home/airflow/.local/lib/python3.8/site-packages/airflow/example_dags/example_sla_dag.py
[2025-11-06T12:52:10.609+0000] {processor.py:840} INFO - DAG(s) 'example_sla_dag' retrieved from /home/airflow/.local/lib/python3.8/site-packages/airflow/example_dags/example_sla_dag.py
[2025-11-06T12:52:10.693+0000] {logging_mixin.py:188} INFO - [2025-11-06T12:52:10.692+0000] {dag.py:3036} INFO - Sync 1 DAGs
[2025-11-06T12:52:10.823+0000] {logging_mixin.py:188} INFO - [2025-11-06T12:52:10.822+0000] {dag.py:3823} INFO - Setting next_dagrun for example_sla_dag to 2025-11-06 12:50:00+00:00, run_after=2025-11-06 12:52:00+00:00
[2025-11-06T12:52:10.968+0000] {processor.py:183} INFO - Processing /home/airflow/.local/lib/python3.8/site-packages/airflow/example_dags/example_sla_dag.py took 0.417 seconds
[2025-11-06T12:52:42.925+0000] {processor.py:161} INFO - Started process (PID=12394) to work on /home/airflow/.local/lib/python3.8/site-packages/airflow/example_dags/example_sla_dag.py
[2025-11-06T12:52:42.928+0000] {processor.py:830} INFO - Processing file /home/airflow/.local/lib/python3.8/site-packages/airflow/example_dags/example_sla_dag.py for tasks to queue
[2025-11-06T12:52:42.938+0000] {logging_mixin.py:188} INFO - [2025-11-06T12:52:42.936+0000] {dagbag.py:538} INFO - Filling up the DagBag from /home/airflow/.local/lib/python3.8/site-packages/airflow/example_dags/example_sla_dag.py
[2025-11-06T12:52:42.996+0000] {processor.py:840} INFO - DAG(s) 'example_sla_dag' retrieved from /home/airflow/.local/lib/python3.8/site-packages/airflow/example_dags/example_sla_dag.py
[2025-11-06T12:52:43.085+0000] {logging_mixin.py:188} INFO - [2025-11-06T12:52:43.084+0000] {dag.py:3036} INFO - Sync 1 DAGs
[2025-11-06T12:52:43.206+0000] {logging_mixin.py:188} INFO - [2025-11-06T12:52:43.205+0000] {dag.py:3823} INFO - Setting next_dagrun for example_sla_dag to 2025-11-06 12:50:00+00:00, run_after=2025-11-06 12:52:00+00:00
[2025-11-06T12:52:43.294+0000] {processor.py:183} INFO - Processing /home/airflow/.local/lib/python3.8/site-packages/airflow/example_dags/example_sla_dag.py took 0.392 seconds
[2025-11-06T12:53:17.882+0000] {processor.py:161} INFO - Started process (PID=12461) to work on /home/airflow/.local/lib/python3.8/site-packages/airflow/example_dags/example_sla_dag.py
[2025-11-06T12:53:17.888+0000] {processor.py:830} INFO - Processing file /home/airflow/.local/lib/python3.8/site-packages/airflow/example_dags/example_sla_dag.py for tasks to queue
[2025-11-06T12:53:17.902+0000] {logging_mixin.py:188} INFO - [2025-11-06T12:53:17.901+0000] {dagbag.py:538} INFO - Filling up the DagBag from /home/airflow/.local/lib/python3.8/site-packages/airflow/example_dags/example_sla_dag.py
[2025-11-06T12:53:17.967+0000] {processor.py:840} INFO - DAG(s) 'example_sla_dag' retrieved from /home/airflow/.local/lib/python3.8/site-packages/airflow/example_dags/example_sla_dag.py
[2025-11-06T12:53:18.104+0000] {logging_mixin.py:188} INFO - [2025-11-06T12:53:18.103+0000] {dag.py:3036} INFO - Sync 1 DAGs
[2025-11-06T12:53:18.331+0000] {logging_mixin.py:188} INFO - [2025-11-06T12:53:18.329+0000] {dag.py:3823} INFO - Setting next_dagrun for example_sla_dag to 2025-11-06 12:50:00+00:00, run_after=2025-11-06 12:52:00+00:00
[2025-11-06T12:53:18.443+0000] {processor.py:183} INFO - Processing /home/airflow/.local/lib/python3.8/site-packages/airflow/example_dags/example_sla_dag.py took 0.582 seconds
[2025-11-06T12:53:49.170+0000] {processor.py:161} INFO - Started process (PID=12516) to work on /home/airflow/.local/lib/python3.8/site-packages/airflow/example_dags/example_sla_dag.py
[2025-11-06T12:53:49.174+0000] {processor.py:830} INFO - Processing file /home/airflow/.local/lib/python3.8/site-packages/airflow/example_dags/example_sla_dag.py for tasks to queue
[2025-11-06T12:53:49.181+0000] {logging_mixin.py:188} INFO - [2025-11-06T12:53:49.181+0000] {dagbag.py:538} INFO - Filling up the DagBag from /home/airflow/.local/lib/python3.8/site-packages/airflow/example_dags/example_sla_dag.py
[2025-11-06T12:53:49.214+0000] {processor.py:840} INFO - DAG(s) 'example_sla_dag' retrieved from /home/airflow/.local/lib/python3.8/site-packages/airflow/example_dags/example_sla_dag.py
[2025-11-06T12:53:49.281+0000] {logging_mixin.py:188} INFO - [2025-11-06T12:53:49.280+0000] {dag.py:3036} INFO - Sync 1 DAGs
[2025-11-06T12:53:49.364+0000] {logging_mixin.py:188} INFO - [2025-11-06T12:53:49.363+0000] {dag.py:3823} INFO - Setting next_dagrun for example_sla_dag to 2025-11-06 12:50:00+00:00, run_after=2025-11-06 12:52:00+00:00
[2025-11-06T12:53:49.427+0000] {processor.py:183} INFO - Processing /home/airflow/.local/lib/python3.8/site-packages/airflow/example_dags/example_sla_dag.py took 0.269 seconds
[2025-11-06T12:54:21.379+0000] {processor.py:161} INFO - Started process (PID=12571) to work on /home/airflow/.local/lib/python3.8/site-packages/airflow/example_dags/example_sla_dag.py
[2025-11-06T12:54:21.384+0000] {processor.py:830} INFO - Processing file /home/airflow/.local/lib/python3.8/site-packages/airflow/example_dags/example_sla_dag.py for tasks to queue
[2025-11-06T12:54:21.397+0000] {logging_mixin.py:188} INFO - [2025-11-06T12:54:21.395+0000] {dagbag.py:538} INFO - Filling up the DagBag from /home/airflow/.local/lib/python3.8/site-packages/airflow/example_dags/example_sla_dag.py
[2025-11-06T12:54:21.477+0000] {processor.py:840} INFO - DAG(s) 'example_sla_dag' retrieved from /home/airflow/.local/lib/python3.8/site-packages/airflow/example_dags/example_sla_dag.py
[2025-11-06T12:54:21.639+0000] {logging_mixin.py:188} INFO - [2025-11-06T12:54:21.638+0000] {dag.py:3036} INFO - Sync 1 DAGs
[2025-11-06T12:54:21.779+0000] {logging_mixin.py:188} INFO - [2025-11-06T12:54:21.778+0000] {dag.py:3823} INFO - Setting next_dagrun for example_sla_dag to 2025-11-06 12:52:00+00:00, run_after=2025-11-06 12:54:00+00:00
[2025-11-06T12:54:21.911+0000] {processor.py:183} INFO - Processing /home/airflow/.local/lib/python3.8/site-packages/airflow/example_dags/example_sla_dag.py took 0.550 seconds
[2025-11-06T12:54:52.744+0000] {processor.py:161} INFO - Started process (PID=12626) to work on /home/airflow/.local/lib/python3.8/site-packages/airflow/example_dags/example_sla_dag.py
[2025-11-06T12:54:52.765+0000] {processor.py:830} INFO - Processing file /home/airflow/.local/lib/python3.8/site-packages/airflow/example_dags/example_sla_dag.py for tasks to queue
[2025-11-06T12:54:52.795+0000] {logging_mixin.py:188} INFO - [2025-11-06T12:54:52.794+0000] {dagbag.py:538} INFO - Filling up the DagBag from /home/airflow/.local/lib/python3.8/site-packages/airflow/example_dags/example_sla_dag.py
[2025-11-06T12:54:52.855+0000] {processor.py:840} INFO - DAG(s) 'example_sla_dag' retrieved from /home/airflow/.local/lib/python3.8/site-packages/airflow/example_dags/example_sla_dag.py
[2025-11-06T12:54:53.032+0000] {logging_mixin.py:188} INFO - [2025-11-06T12:54:53.031+0000] {dag.py:3036} INFO - Sync 1 DAGs
[2025-11-06T12:54:53.195+0000] {logging_mixin.py:188} INFO - [2025-11-06T12:54:53.194+0000] {dag.py:3823} INFO - Setting next_dagrun for example_sla_dag to 2025-11-06 12:52:00+00:00, run_after=2025-11-06 12:54:00+00:00
[2025-11-06T12:54:53.296+0000] {processor.py:183} INFO - Processing /home/airflow/.local/lib/python3.8/site-packages/airflow/example_dags/example_sla_dag.py took 0.590 seconds
[2025-11-06T12:55:23.495+0000] {processor.py:161} INFO - Started process (PID=12681) to work on /home/airflow/.local/lib/python3.8/site-packages/airflow/example_dags/example_sla_dag.py
[2025-11-06T12:55:23.497+0000] {processor.py:830} INFO - Processing file /home/airflow/.local/lib/python3.8/site-packages/airflow/example_dags/example_sla_dag.py for tasks to queue
[2025-11-06T12:55:23.500+0000] {logging_mixin.py:188} INFO - [2025-11-06T12:55:23.500+0000] {dagbag.py:538} INFO - Filling up the DagBag from /home/airflow/.local/lib/python3.8/site-packages/airflow/example_dags/example_sla_dag.py
[2025-11-06T12:55:23.515+0000] {processor.py:840} INFO - DAG(s) 'example_sla_dag' retrieved from /home/airflow/.local/lib/python3.8/site-packages/airflow/example_dags/example_sla_dag.py
[2025-11-06T12:55:23.554+0000] {logging_mixin.py:188} INFO - [2025-11-06T12:55:23.554+0000] {dag.py:3036} INFO - Sync 1 DAGs
[2025-11-06T12:55:23.593+0000] {logging_mixin.py:188} INFO - [2025-11-06T12:55:23.592+0000] {dag.py:3823} INFO - Setting next_dagrun for example_sla_dag to 2025-11-06 12:52:00+00:00, run_after=2025-11-06 12:54:00+00:00
[2025-11-06T12:55:23.623+0000] {processor.py:183} INFO - Processing /home/airflow/.local/lib/python3.8/site-packages/airflow/example_dags/example_sla_dag.py took 0.133 seconds
[2025-11-06T12:55:54.089+0000] {processor.py:161} INFO - Started process (PID=12736) to work on /home/airflow/.local/lib/python3.8/site-packages/airflow/example_dags/example_sla_dag.py
[2025-11-06T12:55:54.093+0000] {processor.py:830} INFO - Processing file /home/airflow/.local/lib/python3.8/site-packages/airflow/example_dags/example_sla_dag.py for tasks to queue
[2025-11-06T12:55:54.099+0000] {logging_mixin.py:188} INFO - [2025-11-06T12:55:54.098+0000] {dagbag.py:538} INFO - Filling up the DagBag from /home/airflow/.local/lib/python3.8/site-packages/airflow/example_dags/example_sla_dag.py
[2025-11-06T12:55:54.138+0000] {processor.py:840} INFO - DAG(s) 'example_sla_dag' retrieved from /home/airflow/.local/lib/python3.8/site-packages/airflow/example_dags/example_sla_dag.py
[2025-11-06T12:55:54.271+0000] {logging_mixin.py:188} INFO - [2025-11-06T12:55:54.270+0000] {dag.py:3036} INFO - Sync 1 DAGs
[2025-11-06T12:55:54.369+0000] {logging_mixin.py:188} INFO - [2025-11-06T12:55:54.367+0000] {dag.py:3823} INFO - Setting next_dagrun for example_sla_dag to 2025-11-06 12:52:00+00:00, run_after=2025-11-06 12:54:00+00:00
[2025-11-06T12:55:54.457+0000] {processor.py:183} INFO - Processing /home/airflow/.local/lib/python3.8/site-packages/airflow/example_dags/example_sla_dag.py took 0.386 seconds
[2025-11-06T12:56:27.643+0000] {processor.py:161} INFO - Started process (PID=12793) to work on /home/airflow/.local/lib/python3.8/site-packages/airflow/example_dags/example_sla_dag.py
[2025-11-06T12:56:27.646+0000] {processor.py:830} INFO - Processing file /home/airflow/.local/lib/python3.8/site-packages/airflow/example_dags/example_sla_dag.py for tasks to queue
[2025-11-06T12:56:27.662+0000] {logging_mixin.py:188} INFO - [2025-11-06T12:56:27.661+0000] {dagbag.py:538} INFO - Filling up the DagBag from /home/airflow/.local/lib/python3.8/site-packages/airflow/example_dags/example_sla_dag.py
[2025-11-06T12:56:27.734+0000] {processor.py:840} INFO - DAG(s) 'example_sla_dag' retrieved from /home/airflow/.local/lib/python3.8/site-packages/airflow/example_dags/example_sla_dag.py
[2025-11-06T12:56:27.846+0000] {logging_mixin.py:188} INFO - [2025-11-06T12:56:27.845+0000] {dag.py:3036} INFO - Sync 1 DAGs
[2025-11-06T12:56:27.949+0000] {logging_mixin.py:188} INFO - [2025-11-06T12:56:27.948+0000] {dag.py:3823} INFO - Setting next_dagrun for example_sla_dag to 2025-11-06 12:54:00+00:00, run_after=2025-11-06 12:56:00+00:00
[2025-11-06T12:56:28.035+0000] {processor.py:183} INFO - Processing /home/airflow/.local/lib/python3.8/site-packages/airflow/example_dags/example_sla_dag.py took 0.406 seconds
[2025-11-06T12:56:58.659+0000] {processor.py:161} INFO - Started process (PID=12848) to work on /home/airflow/.local/lib/python3.8/site-packages/airflow/example_dags/example_sla_dag.py
[2025-11-06T12:56:58.688+0000] {processor.py:830} INFO - Processing file /home/airflow/.local/lib/python3.8/site-packages/airflow/example_dags/example_sla_dag.py for tasks to queue
[2025-11-06T12:56:58.695+0000] {logging_mixin.py:188} INFO - [2025-11-06T12:56:58.694+0000] {dagbag.py:538} INFO - Filling up the DagBag from /home/airflow/.local/lib/python3.8/site-packages/airflow/example_dags/example_sla_dag.py
[2025-11-06T12:56:58.792+0000] {processor.py:840} INFO - DAG(s) 'example_sla_dag' retrieved from /home/airflow/.local/lib/python3.8/site-packages/airflow/example_dags/example_sla_dag.py
[2025-11-06T12:56:58.954+0000] {logging_mixin.py:188} INFO - [2025-11-06T12:56:58.952+0000] {dag.py:3036} INFO - Sync 1 DAGs
[2025-11-06T12:56:59.188+0000] {logging_mixin.py:188} INFO - [2025-11-06T12:56:59.187+0000] {dag.py:3823} INFO - Setting next_dagrun for example_sla_dag to 2025-11-06 12:54:00+00:00, run_after=2025-11-06 12:56:00+00:00
[2025-11-06T12:56:59.322+0000] {processor.py:183} INFO - Processing /home/airflow/.local/lib/python3.8/site-packages/airflow/example_dags/example_sla_dag.py took 0.702 seconds
[2025-11-06T12:57:29.657+0000] {processor.py:161} INFO - Started process (PID=12903) to work on /home/airflow/.local/lib/python3.8/site-packages/airflow/example_dags/example_sla_dag.py
[2025-11-06T12:57:29.660+0000] {processor.py:830} INFO - Processing file /home/airflow/.local/lib/python3.8/site-packages/airflow/example_dags/example_sla_dag.py for tasks to queue
[2025-11-06T12:57:29.668+0000] {logging_mixin.py:188} INFO - [2025-11-06T12:57:29.667+0000] {dagbag.py:538} INFO - Filling up the DagBag from /home/airflow/.local/lib/python3.8/site-packages/airflow/example_dags/example_sla_dag.py
[2025-11-06T12:57:29.696+0000] {processor.py:840} INFO - DAG(s) 'example_sla_dag' retrieved from /home/airflow/.local/lib/python3.8/site-packages/airflow/example_dags/example_sla_dag.py
[2025-11-06T12:57:29.744+0000] {logging_mixin.py:188} INFO - [2025-11-06T12:57:29.744+0000] {dag.py:3036} INFO - Sync 1 DAGs
[2025-11-06T12:57:29.801+0000] {logging_mixin.py:188} INFO - [2025-11-06T12:57:29.800+0000] {dag.py:3823} INFO - Setting next_dagrun for example_sla_dag to 2025-11-06 12:54:00+00:00, run_after=2025-11-06 12:56:00+00:00
[2025-11-06T12:57:29.839+0000] {processor.py:183} INFO - Processing /home/airflow/.local/lib/python3.8/site-packages/airflow/example_dags/example_sla_dag.py took 0.195 seconds
[2025-11-06T12:58:00.103+0000] {processor.py:161} INFO - Started process (PID=12958) to work on /home/airflow/.local/lib/python3.8/site-packages/airflow/example_dags/example_sla_dag.py
[2025-11-06T12:58:00.106+0000] {processor.py:830} INFO - Processing file /home/airflow/.local/lib/python3.8/site-packages/airflow/example_dags/example_sla_dag.py for tasks to queue
[2025-11-06T12:58:00.115+0000] {logging_mixin.py:188} INFO - [2025-11-06T12:58:00.113+0000] {dagbag.py:538} INFO - Filling up the DagBag from /home/airflow/.local/lib/python3.8/site-packages/airflow/example_dags/example_sla_dag.py
[2025-11-06T12:58:00.162+0000] {processor.py:840} INFO - DAG(s) 'example_sla_dag' retrieved from /home/airflow/.local/lib/python3.8/site-packages/airflow/example_dags/example_sla_dag.py
[2025-11-06T12:58:00.242+0000] {logging_mixin.py:188} INFO - [2025-11-06T12:58:00.241+0000] {dag.py:3036} INFO - Sync 1 DAGs
[2025-11-06T12:58:00.367+0000] {logging_mixin.py:188} INFO - [2025-11-06T12:58:00.366+0000] {dag.py:3823} INFO - Setting next_dagrun for example_sla_dag to 2025-11-06 12:56:00+00:00, run_after=2025-11-06 12:58:00+00:00
[2025-11-06T12:58:00.441+0000] {processor.py:183} INFO - Processing /home/airflow/.local/lib/python3.8/site-packages/airflow/example_dags/example_sla_dag.py took 0.352 seconds
[2025-11-06T12:58:31.379+0000] {processor.py:161} INFO - Started process (PID=13013) to work on /home/airflow/.local/lib/python3.8/site-packages/airflow/example_dags/example_sla_dag.py
[2025-11-06T12:58:31.390+0000] {processor.py:830} INFO - Processing file /home/airflow/.local/lib/python3.8/site-packages/airflow/example_dags/example_sla_dag.py for tasks to queue
[2025-11-06T12:58:31.405+0000] {logging_mixin.py:188} INFO - [2025-11-06T12:58:31.404+0000] {dagbag.py:538} INFO - Filling up the DagBag from /home/airflow/.local/lib/python3.8/site-packages/airflow/example_dags/example_sla_dag.py
[2025-11-06T12:58:31.458+0000] {processor.py:840} INFO - DAG(s) 'example_sla_dag' retrieved from /home/airflow/.local/lib/python3.8/site-packages/airflow/example_dags/example_sla_dag.py
[2025-11-06T12:58:31.589+0000] {logging_mixin.py:188} INFO - [2025-11-06T12:58:31.588+0000] {dag.py:3036} INFO - Sync 1 DAGs
[2025-11-06T12:58:31.701+0000] {logging_mixin.py:188} INFO - [2025-11-06T12:58:31.700+0000] {dag.py:3823} INFO - Setting next_dagrun for example_sla_dag to 2025-11-06 12:56:00+00:00, run_after=2025-11-06 12:58:00+00:00
[2025-11-06T12:58:31.812+0000] {processor.py:183} INFO - Processing /home/airflow/.local/lib/python3.8/site-packages/airflow/example_dags/example_sla_dag.py took 0.459 seconds
[2025-11-06T12:59:02.110+0000] {processor.py:161} INFO - Started process (PID=13067) to work on /home/airflow/.local/lib/python3.8/site-packages/airflow/example_dags/example_sla_dag.py
[2025-11-06T12:59:02.116+0000] {processor.py:830} INFO - Processing file /home/airflow/.local/lib/python3.8/site-packages/airflow/example_dags/example_sla_dag.py for tasks to queue
[2025-11-06T12:59:02.126+0000] {logging_mixin.py:188} INFO - [2025-11-06T12:59:02.125+0000] {dagbag.py:538} INFO - Filling up the DagBag from /home/airflow/.local/lib/python3.8/site-packages/airflow/example_dags/example_sla_dag.py
[2025-11-06T12:59:02.160+0000] {processor.py:840} INFO - DAG(s) 'example_sla_dag' retrieved from /home/airflow/.local/lib/python3.8/site-packages/airflow/example_dags/example_sla_dag.py
[2025-11-06T12:59:02.230+0000] {logging_mixin.py:188} INFO - [2025-11-06T12:59:02.229+0000] {dag.py:3036} INFO - Sync 1 DAGs
[2025-11-06T12:59:02.306+0000] {logging_mixin.py:188} INFO - [2025-11-06T12:59:02.305+0000] {dag.py:3823} INFO - Setting next_dagrun for example_sla_dag to 2025-11-06 12:56:00+00:00, run_after=2025-11-06 12:58:00+00:00
[2025-11-06T12:59:02.387+0000] {processor.py:183} INFO - Processing /home/airflow/.local/lib/python3.8/site-packages/airflow/example_dags/example_sla_dag.py took 0.286 seconds
[2025-11-06T12:59:32.951+0000] {processor.py:161} INFO - Started process (PID=13122) to work on /home/airflow/.local/lib/python3.8/site-packages/airflow/example_dags/example_sla_dag.py
[2025-11-06T12:59:32.954+0000] {processor.py:830} INFO - Processing file /home/airflow/.local/lib/python3.8/site-packages/airflow/example_dags/example_sla_dag.py for tasks to queue
[2025-11-06T12:59:32.958+0000] {logging_mixin.py:188} INFO - [2025-11-06T12:59:32.957+0000] {dagbag.py:538} INFO - Filling up the DagBag from /home/airflow/.local/lib/python3.8/site-packages/airflow/example_dags/example_sla_dag.py
[2025-11-06T12:59:32.974+0000] {processor.py:840} INFO - DAG(s) 'example_sla_dag' retrieved from /home/airflow/.local/lib/python3.8/site-packages/airflow/example_dags/example_sla_dag.py
[2025-11-06T12:59:33.020+0000] {logging_mixin.py:188} INFO - [2025-11-06T12:59:33.019+0000] {dag.py:3036} INFO - Sync 1 DAGs
[2025-11-06T12:59:33.065+0000] {logging_mixin.py:188} INFO - [2025-11-06T12:59:33.065+0000] {dag.py:3823} INFO - Setting next_dagrun for example_sla_dag to 2025-11-06 12:56:00+00:00, run_after=2025-11-06 12:58:00+00:00
[2025-11-06T12:59:33.110+0000] {processor.py:183} INFO - Processing /home/airflow/.local/lib/python3.8/site-packages/airflow/example_dags/example_sla_dag.py took 0.166 seconds
[2025-11-06T13:00:03.975+0000] {processor.py:161} INFO - Started process (PID=13176) to work on /home/airflow/.local/lib/python3.8/site-packages/airflow/example_dags/example_sla_dag.py
[2025-11-06T13:00:03.978+0000] {processor.py:830} INFO - Processing file /home/airflow/.local/lib/python3.8/site-packages/airflow/example_dags/example_sla_dag.py for tasks to queue
[2025-11-06T13:00:03.988+0000] {logging_mixin.py:188} INFO - [2025-11-06T13:00:03.987+0000] {dagbag.py:538} INFO - Filling up the DagBag from /home/airflow/.local/lib/python3.8/site-packages/airflow/example_dags/example_sla_dag.py
[2025-11-06T13:00:04.012+0000] {processor.py:840} INFO - DAG(s) 'example_sla_dag' retrieved from /home/airflow/.local/lib/python3.8/site-packages/airflow/example_dags/example_sla_dag.py
[2025-11-06T13:00:04.069+0000] {logging_mixin.py:188} INFO - [2025-11-06T13:00:04.066+0000] {dag.py:3036} INFO - Sync 1 DAGs
[2025-11-06T13:00:04.208+0000] {logging_mixin.py:188} INFO - [2025-11-06T13:00:04.207+0000] {dag.py:3823} INFO - Setting next_dagrun for example_sla_dag to 2025-11-06 12:58:00+00:00, run_after=2025-11-06 13:00:00+00:00
[2025-11-06T13:00:04.292+0000] {processor.py:183} INFO - Processing /home/airflow/.local/lib/python3.8/site-packages/airflow/example_dags/example_sla_dag.py took 0.325 seconds
[2025-11-06T13:00:34.730+0000] {processor.py:161} INFO - Started process (PID=13231) to work on /home/airflow/.local/lib/python3.8/site-packages/airflow/example_dags/example_sla_dag.py
[2025-11-06T13:00:34.739+0000] {processor.py:830} INFO - Processing file /home/airflow/.local/lib/python3.8/site-packages/airflow/example_dags/example_sla_dag.py for tasks to queue
[2025-11-06T13:00:34.747+0000] {logging_mixin.py:188} INFO - [2025-11-06T13:00:34.744+0000] {dagbag.py:538} INFO - Filling up the DagBag from /home/airflow/.local/lib/python3.8/site-packages/airflow/example_dags/example_sla_dag.py
[2025-11-06T13:00:34.816+0000] {processor.py:840} INFO - DAG(s) 'example_sla_dag' retrieved from /home/airflow/.local/lib/python3.8/site-packages/airflow/example_dags/example_sla_dag.py
[2025-11-06T13:00:34.919+0000] {logging_mixin.py:188} INFO - [2025-11-06T13:00:34.919+0000] {dag.py:3036} INFO - Sync 1 DAGs
[2025-11-06T13:00:35.036+0000] {logging_mixin.py:188} INFO - [2025-11-06T13:00:35.035+0000] {dag.py:3823} INFO - Setting next_dagrun for example_sla_dag to 2025-11-06 12:58:00+00:00, run_after=2025-11-06 13:00:00+00:00
[2025-11-06T13:00:35.156+0000] {processor.py:183} INFO - Processing /home/airflow/.local/lib/python3.8/site-packages/airflow/example_dags/example_sla_dag.py took 0.420 seconds
[2025-11-06T13:01:05.511+0000] {processor.py:161} INFO - Started process (PID=13286) to work on /home/airflow/.local/lib/python3.8/site-packages/airflow/example_dags/example_sla_dag.py
[2025-11-06T13:01:05.525+0000] {processor.py:830} INFO - Processing file /home/airflow/.local/lib/python3.8/site-packages/airflow/example_dags/example_sla_dag.py for tasks to queue
[2025-11-06T13:01:05.542+0000] {logging_mixin.py:188} INFO - [2025-11-06T13:01:05.541+0000] {dagbag.py:538} INFO - Filling up the DagBag from /home/airflow/.local/lib/python3.8/site-packages/airflow/example_dags/example_sla_dag.py
[2025-11-06T13:01:05.591+0000] {processor.py:840} INFO - DAG(s) 'example_sla_dag' retrieved from /home/airflow/.local/lib/python3.8/site-packages/airflow/example_dags/example_sla_dag.py
[2025-11-06T13:01:05.681+0000] {logging_mixin.py:188} INFO - [2025-11-06T13:01:05.680+0000] {dag.py:3036} INFO - Sync 1 DAGs
[2025-11-06T13:01:05.799+0000] {logging_mixin.py:188} INFO - [2025-11-06T13:01:05.799+0000] {dag.py:3823} INFO - Setting next_dagrun for example_sla_dag to 2025-11-06 12:58:00+00:00, run_after=2025-11-06 13:00:00+00:00
[2025-11-06T13:01:05.885+0000] {processor.py:183} INFO - Processing /home/airflow/.local/lib/python3.8/site-packages/airflow/example_dags/example_sla_dag.py took 0.390 seconds
[2025-11-06T13:01:36.877+0000] {processor.py:161} INFO - Started process (PID=13341) to work on /home/airflow/.local/lib/python3.8/site-packages/airflow/example_dags/example_sla_dag.py
[2025-11-06T13:01:36.879+0000] {processor.py:830} INFO - Processing file /home/airflow/.local/lib/python3.8/site-packages/airflow/example_dags/example_sla_dag.py for tasks to queue
[2025-11-06T13:01:36.883+0000] {logging_mixin.py:188} INFO - [2025-11-06T13:01:36.883+0000] {dagbag.py:538} INFO - Filling up the DagBag from /home/airflow/.local/lib/python3.8/site-packages/airflow/example_dags/example_sla_dag.py
[2025-11-06T13:01:36.898+0000] {processor.py:840} INFO - DAG(s) 'example_sla_dag' retrieved from /home/airflow/.local/lib/python3.8/site-packages/airflow/example_dags/example_sla_dag.py
[2025-11-06T13:01:36.933+0000] {logging_mixin.py:188} INFO - [2025-11-06T13:01:36.933+0000] {dag.py:3036} INFO - Sync 1 DAGs
[2025-11-06T13:01:36.977+0000] {logging_mixin.py:188} INFO - [2025-11-06T13:01:36.977+0000] {dag.py:3823} INFO - Setting next_dagrun for example_sla_dag to 2025-11-06 12:58:00+00:00, run_after=2025-11-06 13:00:00+00:00
[2025-11-06T13:01:37.011+0000] {processor.py:183} INFO - Processing /home/airflow/.local/lib/python3.8/site-packages/airflow/example_dags/example_sla_dag.py took 0.142 seconds
[2025-11-06T13:02:07.242+0000] {processor.py:161} INFO - Started process (PID=13396) to work on /home/airflow/.local/lib/python3.8/site-packages/airflow/example_dags/example_sla_dag.py
[2025-11-06T13:02:07.245+0000] {processor.py:830} INFO - Processing file /home/airflow/.local/lib/python3.8/site-packages/airflow/example_dags/example_sla_dag.py for tasks to queue
[2025-11-06T13:02:07.257+0000] {logging_mixin.py:188} INFO - [2025-11-06T13:02:07.254+0000] {dagbag.py:538} INFO - Filling up the DagBag from /home/airflow/.local/lib/python3.8/site-packages/airflow/example_dags/example_sla_dag.py
[2025-11-06T13:02:07.301+0000] {processor.py:840} INFO - DAG(s) 'example_sla_dag' retrieved from /home/airflow/.local/lib/python3.8/site-packages/airflow/example_dags/example_sla_dag.py
[2025-11-06T13:02:07.393+0000] {logging_mixin.py:188} INFO - [2025-11-06T13:02:07.390+0000] {dag.py:3036} INFO - Sync 1 DAGs
[2025-11-06T13:02:07.554+0000] {logging_mixin.py:188} INFO - [2025-11-06T13:02:07.553+0000] {dag.py:3823} INFO - Setting next_dagrun for example_sla_dag to 2025-11-06 13:00:00+00:00, run_after=2025-11-06 13:02:00+00:00
[2025-11-06T13:02:07.688+0000] {processor.py:183} INFO - Processing /home/airflow/.local/lib/python3.8/site-packages/airflow/example_dags/example_sla_dag.py took 0.459 seconds
[2025-11-06T13:02:38.667+0000] {processor.py:161} INFO - Started process (PID=13452) to work on /home/airflow/.local/lib/python3.8/site-packages/airflow/example_dags/example_sla_dag.py
[2025-11-06T13:02:38.673+0000] {processor.py:830} INFO - Processing file /home/airflow/.local/lib/python3.8/site-packages/airflow/example_dags/example_sla_dag.py for tasks to queue
[2025-11-06T13:02:38.678+0000] {logging_mixin.py:188} INFO - [2025-11-06T13:02:38.678+0000] {dagbag.py:538} INFO - Filling up the DagBag from /home/airflow/.local/lib/python3.8/site-packages/airflow/example_dags/example_sla_dag.py
[2025-11-06T13:02:38.708+0000] {processor.py:840} INFO - DAG(s) 'example_sla_dag' retrieved from /home/airflow/.local/lib/python3.8/site-packages/airflow/example_dags/example_sla_dag.py
[2025-11-06T13:02:38.793+0000] {logging_mixin.py:188} INFO - [2025-11-06T13:02:38.793+0000] {dag.py:3036} INFO - Sync 1 DAGs
[2025-11-06T13:02:38.875+0000] {logging_mixin.py:188} INFO - [2025-11-06T13:02:38.874+0000] {dag.py:3823} INFO - Setting next_dagrun for example_sla_dag to 2025-11-06 13:00:00+00:00, run_after=2025-11-06 13:02:00+00:00
[2025-11-06T13:02:38.914+0000] {processor.py:183} INFO - Processing /home/airflow/.local/lib/python3.8/site-packages/airflow/example_dags/example_sla_dag.py took 0.255 seconds
[2025-11-06T13:03:09.113+0000] {processor.py:161} INFO - Started process (PID=13507) to work on /home/airflow/.local/lib/python3.8/site-packages/airflow/example_dags/example_sla_dag.py
[2025-11-06T13:03:09.114+0000] {processor.py:830} INFO - Processing file /home/airflow/.local/lib/python3.8/site-packages/airflow/example_dags/example_sla_dag.py for tasks to queue
[2025-11-06T13:03:09.118+0000] {logging_mixin.py:188} INFO - [2025-11-06T13:03:09.117+0000] {dagbag.py:538} INFO - Filling up the DagBag from /home/airflow/.local/lib/python3.8/site-packages/airflow/example_dags/example_sla_dag.py
[2025-11-06T13:03:09.132+0000] {processor.py:840} INFO - DAG(s) 'example_sla_dag' retrieved from /home/airflow/.local/lib/python3.8/site-packages/airflow/example_dags/example_sla_dag.py
[2025-11-06T13:03:09.165+0000] {logging_mixin.py:188} INFO - [2025-11-06T13:03:09.164+0000] {dag.py:3036} INFO - Sync 1 DAGs
[2025-11-06T13:03:09.219+0000] {logging_mixin.py:188} INFO - [2025-11-06T13:03:09.219+0000] {dag.py:3823} INFO - Setting next_dagrun for example_sla_dag to 2025-11-06 13:00:00+00:00, run_after=2025-11-06 13:02:00+00:00
[2025-11-06T13:03:09.266+0000] {processor.py:183} INFO - Processing /home/airflow/.local/lib/python3.8/site-packages/airflow/example_dags/example_sla_dag.py took 0.161 seconds
[2025-11-06T13:03:39.967+0000] {processor.py:161} INFO - Started process (PID=13562) to work on /home/airflow/.local/lib/python3.8/site-packages/airflow/example_dags/example_sla_dag.py
[2025-11-06T13:03:39.971+0000] {processor.py:830} INFO - Processing file /home/airflow/.local/lib/python3.8/site-packages/airflow/example_dags/example_sla_dag.py for tasks to queue
[2025-11-06T13:03:39.985+0000] {logging_mixin.py:188} INFO - [2025-11-06T13:03:39.984+0000] {dagbag.py:538} INFO - Filling up the DagBag from /home/airflow/.local/lib/python3.8/site-packages/airflow/example_dags/example_sla_dag.py
[2025-11-06T13:03:40.026+0000] {processor.py:840} INFO - DAG(s) 'example_sla_dag' retrieved from /home/airflow/.local/lib/python3.8/site-packages/airflow/example_dags/example_sla_dag.py
[2025-11-06T13:03:40.132+0000] {logging_mixin.py:188} INFO - [2025-11-06T13:03:40.131+0000] {dag.py:3036} INFO - Sync 1 DAGs
[2025-11-06T13:03:40.239+0000] {logging_mixin.py:188} INFO - [2025-11-06T13:03:40.238+0000] {dag.py:3823} INFO - Setting next_dagrun for example_sla_dag to 2025-11-06 13:00:00+00:00, run_after=2025-11-06 13:02:00+00:00
[2025-11-06T13:03:40.311+0000] {processor.py:183} INFO - Processing /home/airflow/.local/lib/python3.8/site-packages/airflow/example_dags/example_sla_dag.py took 0.357 seconds
[2025-11-06T13:04:12.806+0000] {processor.py:161} INFO - Started process (PID=13619) to work on /home/airflow/.local/lib/python3.8/site-packages/airflow/example_dags/example_sla_dag.py
[2025-11-06T13:04:12.839+0000] {processor.py:830} INFO - Processing file /home/airflow/.local/lib/python3.8/site-packages/airflow/example_dags/example_sla_dag.py for tasks to queue
[2025-11-06T13:04:12.855+0000] {logging_mixin.py:188} INFO - [2025-11-06T13:04:12.854+0000] {dagbag.py:538} INFO - Filling up the DagBag from /home/airflow/.local/lib/python3.8/site-packages/airflow/example_dags/example_sla_dag.py
[2025-11-06T13:04:12.939+0000] {processor.py:840} INFO - DAG(s) 'example_sla_dag' retrieved from /home/airflow/.local/lib/python3.8/site-packages/airflow/example_dags/example_sla_dag.py
[2025-11-06T13:04:13.087+0000] {logging_mixin.py:188} INFO - [2025-11-06T13:04:13.086+0000] {dag.py:3036} INFO - Sync 1 DAGs
[2025-11-06T13:04:13.417+0000] {logging_mixin.py:188} INFO - [2025-11-06T13:04:13.416+0000] {dag.py:3823} INFO - Setting next_dagrun for example_sla_dag to 2025-11-06 13:02:00+00:00, run_after=2025-11-06 13:04:00+00:00
[2025-11-06T13:04:13.759+0000] {processor.py:183} INFO - Processing /home/airflow/.local/lib/python3.8/site-packages/airflow/example_dags/example_sla_dag.py took 0.987 seconds
[2025-11-06T13:04:44.615+0000] {processor.py:161} INFO - Started process (PID=13674) to work on /home/airflow/.local/lib/python3.8/site-packages/airflow/example_dags/example_sla_dag.py
[2025-11-06T13:04:44.617+0000] {processor.py:830} INFO - Processing file /home/airflow/.local/lib/python3.8/site-packages/airflow/example_dags/example_sla_dag.py for tasks to queue
[2025-11-06T13:04:44.622+0000] {logging_mixin.py:188} INFO - [2025-11-06T13:04:44.621+0000] {dagbag.py:538} INFO - Filling up the DagBag from /home/airflow/.local/lib/python3.8/site-packages/airflow/example_dags/example_sla_dag.py
[2025-11-06T13:04:44.647+0000] {processor.py:840} INFO - DAG(s) 'example_sla_dag' retrieved from /home/airflow/.local/lib/python3.8/site-packages/airflow/example_dags/example_sla_dag.py
[2025-11-06T13:04:44.701+0000] {logging_mixin.py:188} INFO - [2025-11-06T13:04:44.700+0000] {dag.py:3036} INFO - Sync 1 DAGs
[2025-11-06T13:04:44.806+0000] {logging_mixin.py:188} INFO - [2025-11-06T13:04:44.805+0000] {dag.py:3823} INFO - Setting next_dagrun for example_sla_dag to 2025-11-06 13:02:00+00:00, run_after=2025-11-06 13:04:00+00:00
[2025-11-06T13:04:44.857+0000] {processor.py:183} INFO - Processing /home/airflow/.local/lib/python3.8/site-packages/airflow/example_dags/example_sla_dag.py took 0.253 seconds
[2025-11-06T13:05:15.571+0000] {processor.py:161} INFO - Started process (PID=13730) to work on /home/airflow/.local/lib/python3.8/site-packages/airflow/example_dags/example_sla_dag.py
[2025-11-06T13:05:15.574+0000] {processor.py:830} INFO - Processing file /home/airflow/.local/lib/python3.8/site-packages/airflow/example_dags/example_sla_dag.py for tasks to queue
[2025-11-06T13:05:15.579+0000] {logging_mixin.py:188} INFO - [2025-11-06T13:05:15.578+0000] {dagbag.py:538} INFO - Filling up the DagBag from /home/airflow/.local/lib/python3.8/site-packages/airflow/example_dags/example_sla_dag.py
[2025-11-06T13:05:15.608+0000] {processor.py:840} INFO - DAG(s) 'example_sla_dag' retrieved from /home/airflow/.local/lib/python3.8/site-packages/airflow/example_dags/example_sla_dag.py
[2025-11-06T13:05:15.683+0000] {logging_mixin.py:188} INFO - [2025-11-06T13:05:15.682+0000] {dag.py:3036} INFO - Sync 1 DAGs
[2025-11-06T13:05:15.762+0000] {logging_mixin.py:188} INFO - [2025-11-06T13:05:15.761+0000] {dag.py:3823} INFO - Setting next_dagrun for example_sla_dag to 2025-11-06 13:02:00+00:00, run_after=2025-11-06 13:04:00+00:00
[2025-11-06T13:05:15.822+0000] {processor.py:183} INFO - Processing /home/airflow/.local/lib/python3.8/site-packages/airflow/example_dags/example_sla_dag.py took 0.260 seconds
[2025-11-06T13:05:46.128+0000] {processor.py:161} INFO - Started process (PID=13785) to work on /home/airflow/.local/lib/python3.8/site-packages/airflow/example_dags/example_sla_dag.py
[2025-11-06T13:05:46.130+0000] {processor.py:830} INFO - Processing file /home/airflow/.local/lib/python3.8/site-packages/airflow/example_dags/example_sla_dag.py for tasks to queue
[2025-11-06T13:05:46.136+0000] {logging_mixin.py:188} INFO - [2025-11-06T13:05:46.135+0000] {dagbag.py:538} INFO - Filling up the DagBag from /home/airflow/.local/lib/python3.8/site-packages/airflow/example_dags/example_sla_dag.py
[2025-11-06T13:05:46.155+0000] {processor.py:840} INFO - DAG(s) 'example_sla_dag' retrieved from /home/airflow/.local/lib/python3.8/site-packages/airflow/example_dags/example_sla_dag.py
[2025-11-06T13:05:46.205+0000] {logging_mixin.py:188} INFO - [2025-11-06T13:05:46.204+0000] {dag.py:3036} INFO - Sync 1 DAGs
[2025-11-06T13:05:46.265+0000] {logging_mixin.py:188} INFO - [2025-11-06T13:05:46.264+0000] {dag.py:3823} INFO - Setting next_dagrun for example_sla_dag to 2025-11-06 13:02:00+00:00, run_after=2025-11-06 13:04:00+00:00
[2025-11-06T13:05:46.302+0000] {processor.py:183} INFO - Processing /home/airflow/.local/lib/python3.8/site-packages/airflow/example_dags/example_sla_dag.py took 0.179 seconds
[2025-11-06T13:06:18.319+0000] {processor.py:161} INFO - Started process (PID=13840) to work on /home/airflow/.local/lib/python3.8/site-packages/airflow/example_dags/example_sla_dag.py
[2025-11-06T13:06:18.324+0000] {processor.py:830} INFO - Processing file /home/airflow/.local/lib/python3.8/site-packages/airflow/example_dags/example_sla_dag.py for tasks to queue
[2025-11-06T13:06:18.344+0000] {logging_mixin.py:188} INFO - [2025-11-06T13:06:18.343+0000] {dagbag.py:538} INFO - Filling up the DagBag from /home/airflow/.local/lib/python3.8/site-packages/airflow/example_dags/example_sla_dag.py
[2025-11-06T13:06:18.402+0000] {processor.py:840} INFO - DAG(s) 'example_sla_dag' retrieved from /home/airflow/.local/lib/python3.8/site-packages/airflow/example_dags/example_sla_dag.py
[2025-11-06T13:06:18.552+0000] {logging_mixin.py:188} INFO - [2025-11-06T13:06:18.552+0000] {dag.py:3036} INFO - Sync 1 DAGs
[2025-11-06T13:06:18.729+0000] {logging_mixin.py:188} INFO - [2025-11-06T13:06:18.729+0000] {dag.py:3823} INFO - Setting next_dagrun for example_sla_dag to 2025-11-06 13:04:00+00:00, run_after=2025-11-06 13:06:00+00:00
[2025-11-06T13:06:18.953+0000] {processor.py:183} INFO - Processing /home/airflow/.local/lib/python3.8/site-packages/airflow/example_dags/example_sla_dag.py took 0.663 seconds
[2025-11-06T13:06:49.760+0000] {processor.py:161} INFO - Started process (PID=13895) to work on /home/airflow/.local/lib/python3.8/site-packages/airflow/example_dags/example_sla_dag.py
[2025-11-06T13:06:49.762+0000] {processor.py:830} INFO - Processing file /home/airflow/.local/lib/python3.8/site-packages/airflow/example_dags/example_sla_dag.py for tasks to queue
[2025-11-06T13:06:49.765+0000] {logging_mixin.py:188} INFO - [2025-11-06T13:06:49.765+0000] {dagbag.py:538} INFO - Filling up the DagBag from /home/airflow/.local/lib/python3.8/site-packages/airflow/example_dags/example_sla_dag.py
[2025-11-06T13:06:49.781+0000] {processor.py:840} INFO - DAG(s) 'example_sla_dag' retrieved from /home/airflow/.local/lib/python3.8/site-packages/airflow/example_dags/example_sla_dag.py
[2025-11-06T13:06:49.818+0000] {logging_mixin.py:188} INFO - [2025-11-06T13:06:49.818+0000] {dag.py:3036} INFO - Sync 1 DAGs
[2025-11-06T13:06:49.862+0000] {logging_mixin.py:188} INFO - [2025-11-06T13:06:49.862+0000] {dag.py:3823} INFO - Setting next_dagrun for example_sla_dag to 2025-11-06 13:04:00+00:00, run_after=2025-11-06 13:06:00+00:00
[2025-11-06T13:06:49.903+0000] {processor.py:183} INFO - Processing /home/airflow/.local/lib/python3.8/site-packages/airflow/example_dags/example_sla_dag.py took 0.149 seconds
[2025-11-06T13:07:20.869+0000] {processor.py:161} INFO - Started process (PID=13951) to work on /home/airflow/.local/lib/python3.8/site-packages/airflow/example_dags/example_sla_dag.py
[2025-11-06T13:07:20.876+0000] {processor.py:830} INFO - Processing file /home/airflow/.local/lib/python3.8/site-packages/airflow/example_dags/example_sla_dag.py for tasks to queue
[2025-11-06T13:07:20.885+0000] {logging_mixin.py:188} INFO - [2025-11-06T13:07:20.881+0000] {dagbag.py:538} INFO - Filling up the DagBag from /home/airflow/.local/lib/python3.8/site-packages/airflow/example_dags/example_sla_dag.py
[2025-11-06T13:07:20.929+0000] {processor.py:840} INFO - DAG(s) 'example_sla_dag' retrieved from /home/airflow/.local/lib/python3.8/site-packages/airflow/example_dags/example_sla_dag.py
[2025-11-06T13:07:20.997+0000] {logging_mixin.py:188} INFO - [2025-11-06T13:07:20.996+0000] {dag.py:3036} INFO - Sync 1 DAGs
[2025-11-06T13:07:21.057+0000] {logging_mixin.py:188} INFO - [2025-11-06T13:07:21.057+0000] {dag.py:3823} INFO - Setting next_dagrun for example_sla_dag to 2025-11-06 13:04:00+00:00, run_after=2025-11-06 13:06:00+00:00
[2025-11-06T13:07:21.095+0000] {processor.py:183} INFO - Processing /home/airflow/.local/lib/python3.8/site-packages/airflow/example_dags/example_sla_dag.py took 0.243 seconds
[2025-11-06T13:07:51.325+0000] {processor.py:161} INFO - Started process (PID=14007) to work on /home/airflow/.local/lib/python3.8/site-packages/airflow/example_dags/example_sla_dag.py
[2025-11-06T13:07:51.327+0000] {processor.py:830} INFO - Processing file /home/airflow/.local/lib/python3.8/site-packages/airflow/example_dags/example_sla_dag.py for tasks to queue
[2025-11-06T13:07:51.330+0000] {logging_mixin.py:188} INFO - [2025-11-06T13:07:51.330+0000] {dagbag.py:538} INFO - Filling up the DagBag from /home/airflow/.local/lib/python3.8/site-packages/airflow/example_dags/example_sla_dag.py
[2025-11-06T13:07:51.343+0000] {processor.py:840} INFO - DAG(s) 'example_sla_dag' retrieved from /home/airflow/.local/lib/python3.8/site-packages/airflow/example_dags/example_sla_dag.py
[2025-11-06T13:07:51.376+0000] {logging_mixin.py:188} INFO - [2025-11-06T13:07:51.376+0000] {dag.py:3036} INFO - Sync 1 DAGs
[2025-11-06T13:07:51.428+0000] {logging_mixin.py:188} INFO - [2025-11-06T13:07:51.427+0000] {dag.py:3823} INFO - Setting next_dagrun for example_sla_dag to 2025-11-06 13:04:00+00:00, run_after=2025-11-06 13:06:00+00:00
[2025-11-06T13:07:51.465+0000] {processor.py:183} INFO - Processing /home/airflow/.local/lib/python3.8/site-packages/airflow/example_dags/example_sla_dag.py took 0.146 seconds
[2025-11-06T13:08:22.172+0000] {processor.py:161} INFO - Started process (PID=14062) to work on /home/airflow/.local/lib/python3.8/site-packages/airflow/example_dags/example_sla_dag.py
[2025-11-06T13:08:22.183+0000] {processor.py:830} INFO - Processing file /home/airflow/.local/lib/python3.8/site-packages/airflow/example_dags/example_sla_dag.py for tasks to queue
[2025-11-06T13:08:22.192+0000] {logging_mixin.py:188} INFO - [2025-11-06T13:08:22.192+0000] {dagbag.py:538} INFO - Filling up the DagBag from /home/airflow/.local/lib/python3.8/site-packages/airflow/example_dags/example_sla_dag.py
[2025-11-06T13:08:22.243+0000] {processor.py:840} INFO - DAG(s) 'example_sla_dag' retrieved from /home/airflow/.local/lib/python3.8/site-packages/airflow/example_dags/example_sla_dag.py
[2025-11-06T13:08:22.348+0000] {logging_mixin.py:188} INFO - [2025-11-06T13:08:22.348+0000] {dag.py:3036} INFO - Sync 1 DAGs
[2025-11-06T13:08:22.465+0000] {logging_mixin.py:188} INFO - [2025-11-06T13:08:22.464+0000] {dag.py:3823} INFO - Setting next_dagrun for example_sla_dag to 2025-11-06 13:06:00+00:00, run_after=2025-11-06 13:08:00+00:00
[2025-11-06T13:08:22.535+0000] {processor.py:183} INFO - Processing /home/airflow/.local/lib/python3.8/site-packages/airflow/example_dags/example_sla_dag.py took 0.383 seconds
[2025-11-06T13:08:53.316+0000] {processor.py:161} INFO - Started process (PID=14116) to work on /home/airflow/.local/lib/python3.8/site-packages/airflow/example_dags/example_sla_dag.py
[2025-11-06T13:08:53.319+0000] {processor.py:830} INFO - Processing file /home/airflow/.local/lib/python3.8/site-packages/airflow/example_dags/example_sla_dag.py for tasks to queue
[2025-11-06T13:08:53.331+0000] {logging_mixin.py:188} INFO - [2025-11-06T13:08:53.328+0000] {dagbag.py:538} INFO - Filling up the DagBag from /home/airflow/.local/lib/python3.8/site-packages/airflow/example_dags/example_sla_dag.py
[2025-11-06T13:08:53.374+0000] {processor.py:840} INFO - DAG(s) 'example_sla_dag' retrieved from /home/airflow/.local/lib/python3.8/site-packages/airflow/example_dags/example_sla_dag.py
[2025-11-06T13:08:53.455+0000] {logging_mixin.py:188} INFO - [2025-11-06T13:08:53.454+0000] {dag.py:3036} INFO - Sync 1 DAGs
[2025-11-06T13:08:53.553+0000] {logging_mixin.py:188} INFO - [2025-11-06T13:08:53.552+0000] {dag.py:3823} INFO - Setting next_dagrun for example_sla_dag to 2025-11-06 13:06:00+00:00, run_after=2025-11-06 13:08:00+00:00
[2025-11-06T13:08:53.624+0000] {processor.py:183} INFO - Processing /home/airflow/.local/lib/python3.8/site-packages/airflow/example_dags/example_sla_dag.py took 0.334 seconds
[2025-11-06T13:09:24.010+0000] {processor.py:161} INFO - Started process (PID=14171) to work on /home/airflow/.local/lib/python3.8/site-packages/airflow/example_dags/example_sla_dag.py
[2025-11-06T13:09:24.023+0000] {processor.py:830} INFO - Processing file /home/airflow/.local/lib/python3.8/site-packages/airflow/example_dags/example_sla_dag.py for tasks to queue
[2025-11-06T13:09:24.039+0000] {logging_mixin.py:188} INFO - [2025-11-06T13:09:24.038+0000] {dagbag.py:538} INFO - Filling up the DagBag from /home/airflow/.local/lib/python3.8/site-packages/airflow/example_dags/example_sla_dag.py
[2025-11-06T13:09:24.097+0000] {processor.py:840} INFO - DAG(s) 'example_sla_dag' retrieved from /home/airflow/.local/lib/python3.8/site-packages/airflow/example_dags/example_sla_dag.py
[2025-11-06T13:09:24.224+0000] {logging_mixin.py:188} INFO - [2025-11-06T13:09:24.223+0000] {dag.py:3036} INFO - Sync 1 DAGs
[2025-11-06T13:09:24.444+0000] {logging_mixin.py:188} INFO - [2025-11-06T13:09:24.443+0000] {dag.py:3823} INFO - Setting next_dagrun for example_sla_dag to 2025-11-06 13:06:00+00:00, run_after=2025-11-06 13:08:00+00:00
[2025-11-06T13:09:24.630+0000] {processor.py:183} INFO - Processing /home/airflow/.local/lib/python3.8/site-packages/airflow/example_dags/example_sla_dag.py took 0.642 seconds
[2025-11-06T13:09:54.900+0000] {processor.py:161} INFO - Started process (PID=14225) to work on /home/airflow/.local/lib/python3.8/site-packages/airflow/example_dags/example_sla_dag.py
[2025-11-06T13:09:54.903+0000] {processor.py:830} INFO - Processing file /home/airflow/.local/lib/python3.8/site-packages/airflow/example_dags/example_sla_dag.py for tasks to queue
[2025-11-06T13:09:54.913+0000] {logging_mixin.py:188} INFO - [2025-11-06T13:09:54.912+0000] {dagbag.py:538} INFO - Filling up the DagBag from /home/airflow/.local/lib/python3.8/site-packages/airflow/example_dags/example_sla_dag.py
[2025-11-06T13:09:54.937+0000] {processor.py:840} INFO - DAG(s) 'example_sla_dag' retrieved from /home/airflow/.local/lib/python3.8/site-packages/airflow/example_dags/example_sla_dag.py
[2025-11-06T13:09:54.999+0000] {logging_mixin.py:188} INFO - [2025-11-06T13:09:54.998+0000] {dag.py:3036} INFO - Sync 1 DAGs
[2025-11-06T13:09:55.078+0000] {logging_mixin.py:188} INFO - [2025-11-06T13:09:55.078+0000] {dag.py:3823} INFO - Setting next_dagrun for example_sla_dag to 2025-11-06 13:06:00+00:00, run_after=2025-11-06 13:08:00+00:00
[2025-11-06T13:09:55.142+0000] {processor.py:183} INFO - Processing /home/airflow/.local/lib/python3.8/site-packages/airflow/example_dags/example_sla_dag.py took 0.251 seconds
[2025-11-06T13:10:25.344+0000] {processor.py:161} INFO - Started process (PID=14280) to work on /home/airflow/.local/lib/python3.8/site-packages/airflow/example_dags/example_sla_dag.py
[2025-11-06T13:10:25.347+0000] {processor.py:830} INFO - Processing file /home/airflow/.local/lib/python3.8/site-packages/airflow/example_dags/example_sla_dag.py for tasks to queue
[2025-11-06T13:10:25.352+0000] {logging_mixin.py:188} INFO - [2025-11-06T13:10:25.351+0000] {dagbag.py:538} INFO - Filling up the DagBag from /home/airflow/.local/lib/python3.8/site-packages/airflow/example_dags/example_sla_dag.py
[2025-11-06T13:10:25.373+0000] {processor.py:840} INFO - DAG(s) 'example_sla_dag' retrieved from /home/airflow/.local/lib/python3.8/site-packages/airflow/example_dags/example_sla_dag.py
[2025-11-06T13:10:25.406+0000] {logging_mixin.py:188} INFO - [2025-11-06T13:10:25.406+0000] {dag.py:3036} INFO - Sync 1 DAGs
[2025-11-06T13:10:25.451+0000] {logging_mixin.py:188} INFO - [2025-11-06T13:10:25.450+0000] {dag.py:3823} INFO - Setting next_dagrun for example_sla_dag to 2025-11-06 13:08:00+00:00, run_after=2025-11-06 13:10:00+00:00
[2025-11-06T13:10:25.484+0000] {processor.py:183} INFO - Processing /home/airflow/.local/lib/python3.8/site-packages/airflow/example_dags/example_sla_dag.py took 0.149 seconds
[2025-11-06T13:10:59.677+0000] {processor.py:161} INFO - Started process (PID=14341) to work on /home/airflow/.local/lib/python3.8/site-packages/airflow/example_dags/example_sla_dag.py
[2025-11-06T13:10:59.680+0000] {processor.py:830} INFO - Processing file /home/airflow/.local/lib/python3.8/site-packages/airflow/example_dags/example_sla_dag.py for tasks to queue
[2025-11-06T13:10:59.708+0000] {logging_mixin.py:188} INFO - [2025-11-06T13:10:59.696+0000] {dagbag.py:538} INFO - Filling up the DagBag from /home/airflow/.local/lib/python3.8/site-packages/airflow/example_dags/example_sla_dag.py
[2025-11-06T13:10:59.833+0000] {processor.py:840} INFO - DAG(s) 'example_sla_dag' retrieved from /home/airflow/.local/lib/python3.8/site-packages/airflow/example_dags/example_sla_dag.py
[2025-11-06T13:11:00.036+0000] {logging_mixin.py:188} INFO - [2025-11-06T13:11:00.031+0000] {dag.py:3036} INFO - Sync 1 DAGs
[2025-11-06T13:11:00.369+0000] {logging_mixin.py:188} INFO - [2025-11-06T13:11:00.356+0000] {dag.py:3823} INFO - Setting next_dagrun for example_sla_dag to 2025-11-06 13:08:00+00:00, run_after=2025-11-06 13:10:00+00:00
[2025-11-06T13:11:00.638+0000] {processor.py:183} INFO - Processing /home/airflow/.local/lib/python3.8/site-packages/airflow/example_dags/example_sla_dag.py took 0.995 seconds
[2025-11-06T13:11:31.060+0000] {processor.py:161} INFO - Started process (PID=14394) to work on /home/airflow/.local/lib/python3.8/site-packages/airflow/example_dags/example_sla_dag.py
[2025-11-06T13:11:31.080+0000] {processor.py:830} INFO - Processing file /home/airflow/.local/lib/python3.8/site-packages/airflow/example_dags/example_sla_dag.py for tasks to queue
[2025-11-06T13:11:31.106+0000] {logging_mixin.py:188} INFO - [2025-11-06T13:11:31.097+0000] {dagbag.py:538} INFO - Filling up the DagBag from /home/airflow/.local/lib/python3.8/site-packages/airflow/example_dags/example_sla_dag.py
[2025-11-06T13:11:31.220+0000] {processor.py:840} INFO - DAG(s) 'example_sla_dag' retrieved from /home/airflow/.local/lib/python3.8/site-packages/airflow/example_dags/example_sla_dag.py
[2025-11-06T13:11:31.385+0000] {logging_mixin.py:188} INFO - [2025-11-06T13:11:31.385+0000] {dag.py:3036} INFO - Sync 1 DAGs
[2025-11-06T13:11:31.627+0000] {logging_mixin.py:188} INFO - [2025-11-06T13:11:31.626+0000] {dag.py:3823} INFO - Setting next_dagrun for example_sla_dag to 2025-11-06 13:08:00+00:00, run_after=2025-11-06 13:10:00+00:00
[2025-11-06T13:11:31.772+0000] {processor.py:183} INFO - Processing /home/airflow/.local/lib/python3.8/site-packages/airflow/example_dags/example_sla_dag.py took 0.755 seconds
[2025-11-06T13:12:02.279+0000] {processor.py:161} INFO - Started process (PID=14450) to work on /home/airflow/.local/lib/python3.8/site-packages/airflow/example_dags/example_sla_dag.py
[2025-11-06T13:12:02.282+0000] {processor.py:830} INFO - Processing file /home/airflow/.local/lib/python3.8/site-packages/airflow/example_dags/example_sla_dag.py for tasks to queue
[2025-11-06T13:12:02.284+0000] {logging_mixin.py:188} INFO - [2025-11-06T13:12:02.284+0000] {dagbag.py:538} INFO - Filling up the DagBag from /home/airflow/.local/lib/python3.8/site-packages/airflow/example_dags/example_sla_dag.py
[2025-11-06T13:12:02.295+0000] {processor.py:840} INFO - DAG(s) 'example_sla_dag' retrieved from /home/airflow/.local/lib/python3.8/site-packages/airflow/example_dags/example_sla_dag.py
[2025-11-06T13:12:02.320+0000] {logging_mixin.py:188} INFO - [2025-11-06T13:12:02.320+0000] {dag.py:3036} INFO - Sync 1 DAGs
[2025-11-06T13:12:02.350+0000] {logging_mixin.py:188} INFO - [2025-11-06T13:12:02.350+0000] {dag.py:3823} INFO - Setting next_dagrun for example_sla_dag to 2025-11-06 13:10:00+00:00, run_after=2025-11-06 13:12:00+00:00
[2025-11-06T13:12:02.384+0000] {processor.py:183} INFO - Processing /home/airflow/.local/lib/python3.8/site-packages/airflow/example_dags/example_sla_dag.py took 0.110 seconds
[2025-11-06T13:12:33.167+0000] {processor.py:161} INFO - Started process (PID=14505) to work on /home/airflow/.local/lib/python3.8/site-packages/airflow/example_dags/example_sla_dag.py
[2025-11-06T13:12:33.174+0000] {processor.py:830} INFO - Processing file /home/airflow/.local/lib/python3.8/site-packages/airflow/example_dags/example_sla_dag.py for tasks to queue
[2025-11-06T13:12:33.181+0000] {logging_mixin.py:188} INFO - [2025-11-06T13:12:33.180+0000] {dagbag.py:538} INFO - Filling up the DagBag from /home/airflow/.local/lib/python3.8/site-packages/airflow/example_dags/example_sla_dag.py
[2025-11-06T13:12:33.223+0000] {processor.py:840} INFO - DAG(s) 'example_sla_dag' retrieved from /home/airflow/.local/lib/python3.8/site-packages/airflow/example_dags/example_sla_dag.py
[2025-11-06T13:12:33.294+0000] {logging_mixin.py:188} INFO - [2025-11-06T13:12:33.292+0000] {dag.py:3036} INFO - Sync 1 DAGs
[2025-11-06T13:12:33.377+0000] {logging_mixin.py:188} INFO - [2025-11-06T13:12:33.376+0000] {dag.py:3823} INFO - Setting next_dagrun for example_sla_dag to 2025-11-06 13:10:00+00:00, run_after=2025-11-06 13:12:00+00:00
[2025-11-06T13:12:33.414+0000] {processor.py:183} INFO - Processing /home/airflow/.local/lib/python3.8/site-packages/airflow/example_dags/example_sla_dag.py took 0.257 seconds
[2025-11-06T13:13:03.952+0000] {processor.py:161} INFO - Started process (PID=14560) to work on /home/airflow/.local/lib/python3.8/site-packages/airflow/example_dags/example_sla_dag.py
[2025-11-06T13:13:03.969+0000] {processor.py:830} INFO - Processing file /home/airflow/.local/lib/python3.8/site-packages/airflow/example_dags/example_sla_dag.py for tasks to queue
[2025-11-06T13:13:03.980+0000] {logging_mixin.py:188} INFO - [2025-11-06T13:13:03.978+0000] {dagbag.py:538} INFO - Filling up the DagBag from /home/airflow/.local/lib/python3.8/site-packages/airflow/example_dags/example_sla_dag.py
[2025-11-06T13:13:04.087+0000] {processor.py:840} INFO - DAG(s) 'example_sla_dag' retrieved from /home/airflow/.local/lib/python3.8/site-packages/airflow/example_dags/example_sla_dag.py
[2025-11-06T13:13:04.213+0000] {logging_mixin.py:188} INFO - [2025-11-06T13:13:04.212+0000] {dag.py:3036} INFO - Sync 1 DAGs
[2025-11-06T13:13:04.339+0000] {logging_mixin.py:188} INFO - [2025-11-06T13:13:04.337+0000] {dag.py:3823} INFO - Setting next_dagrun for example_sla_dag to 2025-11-06 13:10:00+00:00, run_after=2025-11-06 13:12:00+00:00
[2025-11-06T13:13:04.419+0000] {processor.py:183} INFO - Processing /home/airflow/.local/lib/python3.8/site-packages/airflow/example_dags/example_sla_dag.py took 0.502 seconds
[2025-11-06T13:13:35.220+0000] {processor.py:161} INFO - Started process (PID=14615) to work on /home/airflow/.local/lib/python3.8/site-packages/airflow/example_dags/example_sla_dag.py
[2025-11-06T13:13:35.222+0000] {processor.py:830} INFO - Processing file /home/airflow/.local/lib/python3.8/site-packages/airflow/example_dags/example_sla_dag.py for tasks to queue
[2025-11-06T13:13:35.226+0000] {logging_mixin.py:188} INFO - [2025-11-06T13:13:35.226+0000] {dagbag.py:538} INFO - Filling up the DagBag from /home/airflow/.local/lib/python3.8/site-packages/airflow/example_dags/example_sla_dag.py
[2025-11-06T13:13:35.246+0000] {processor.py:840} INFO - DAG(s) 'example_sla_dag' retrieved from /home/airflow/.local/lib/python3.8/site-packages/airflow/example_dags/example_sla_dag.py
[2025-11-06T13:13:35.296+0000] {logging_mixin.py:188} INFO - [2025-11-06T13:13:35.295+0000] {dag.py:3036} INFO - Sync 1 DAGs
[2025-11-06T13:13:35.374+0000] {logging_mixin.py:188} INFO - [2025-11-06T13:13:35.373+0000] {dag.py:3823} INFO - Setting next_dagrun for example_sla_dag to 2025-11-06 13:10:00+00:00, run_after=2025-11-06 13:12:00+00:00
[2025-11-06T13:13:35.458+0000] {processor.py:183} INFO - Processing /home/airflow/.local/lib/python3.8/site-packages/airflow/example_dags/example_sla_dag.py took 0.247 seconds
[2025-11-06T13:14:05.651+0000] {processor.py:161} INFO - Started process (PID=14670) to work on /home/airflow/.local/lib/python3.8/site-packages/airflow/example_dags/example_sla_dag.py
[2025-11-06T13:14:05.653+0000] {processor.py:830} INFO - Processing file /home/airflow/.local/lib/python3.8/site-packages/airflow/example_dags/example_sla_dag.py for tasks to queue
[2025-11-06T13:14:05.657+0000] {logging_mixin.py:188} INFO - [2025-11-06T13:14:05.656+0000] {dagbag.py:538} INFO - Filling up the DagBag from /home/airflow/.local/lib/python3.8/site-packages/airflow/example_dags/example_sla_dag.py
[2025-11-06T13:14:05.682+0000] {processor.py:840} INFO - DAG(s) 'example_sla_dag' retrieved from /home/airflow/.local/lib/python3.8/site-packages/airflow/example_dags/example_sla_dag.py
[2025-11-06T13:14:05.728+0000] {logging_mixin.py:188} INFO - [2025-11-06T13:14:05.728+0000] {dag.py:3036} INFO - Sync 1 DAGs
[2025-11-06T13:14:05.788+0000] {logging_mixin.py:188} INFO - [2025-11-06T13:14:05.787+0000] {dag.py:3823} INFO - Setting next_dagrun for example_sla_dag to 2025-11-06 13:12:00+00:00, run_after=2025-11-06 13:14:00+00:00
[2025-11-06T13:14:05.827+0000] {processor.py:183} INFO - Processing /home/airflow/.local/lib/python3.8/site-packages/airflow/example_dags/example_sla_dag.py took 0.184 seconds
[2025-11-06T13:14:36.549+0000] {processor.py:161} INFO - Started process (PID=14725) to work on /home/airflow/.local/lib/python3.8/site-packages/airflow/example_dags/example_sla_dag.py
[2025-11-06T13:14:36.552+0000] {processor.py:830} INFO - Processing file /home/airflow/.local/lib/python3.8/site-packages/airflow/example_dags/example_sla_dag.py for tasks to queue
[2025-11-06T13:14:36.555+0000] {logging_mixin.py:188} INFO - [2025-11-06T13:14:36.554+0000] {dagbag.py:538} INFO - Filling up the DagBag from /home/airflow/.local/lib/python3.8/site-packages/airflow/example_dags/example_sla_dag.py
[2025-11-06T13:14:36.568+0000] {processor.py:840} INFO - DAG(s) 'example_sla_dag' retrieved from /home/airflow/.local/lib/python3.8/site-packages/airflow/example_dags/example_sla_dag.py
[2025-11-06T13:14:36.596+0000] {logging_mixin.py:188} INFO - [2025-11-06T13:14:36.596+0000] {dag.py:3036} INFO - Sync 1 DAGs
[2025-11-06T13:14:36.637+0000] {logging_mixin.py:188} INFO - [2025-11-06T13:14:36.637+0000] {dag.py:3823} INFO - Setting next_dagrun for example_sla_dag to 2025-11-06 13:12:00+00:00, run_after=2025-11-06 13:14:00+00:00
[2025-11-06T13:14:36.665+0000] {processor.py:183} INFO - Processing /home/airflow/.local/lib/python3.8/site-packages/airflow/example_dags/example_sla_dag.py took 0.122 seconds
[2025-11-06T13:15:06.848+0000] {processor.py:161} INFO - Started process (PID=14780) to work on /home/airflow/.local/lib/python3.8/site-packages/airflow/example_dags/example_sla_dag.py
[2025-11-06T13:15:06.850+0000] {processor.py:830} INFO - Processing file /home/airflow/.local/lib/python3.8/site-packages/airflow/example_dags/example_sla_dag.py for tasks to queue
[2025-11-06T13:15:06.855+0000] {logging_mixin.py:188} INFO - [2025-11-06T13:15:06.854+0000] {dagbag.py:538} INFO - Filling up the DagBag from /home/airflow/.local/lib/python3.8/site-packages/airflow/example_dags/example_sla_dag.py
[2025-11-06T13:15:06.878+0000] {processor.py:840} INFO - DAG(s) 'example_sla_dag' retrieved from /home/airflow/.local/lib/python3.8/site-packages/airflow/example_dags/example_sla_dag.py
[2025-11-06T13:15:06.924+0000] {logging_mixin.py:188} INFO - [2025-11-06T13:15:06.923+0000] {dag.py:3036} INFO - Sync 1 DAGs
[2025-11-06T13:15:06.987+0000] {logging_mixin.py:188} INFO - [2025-11-06T13:15:06.986+0000] {dag.py:3823} INFO - Setting next_dagrun for example_sla_dag to 2025-11-06 13:12:00+00:00, run_after=2025-11-06 13:14:00+00:00
[2025-11-06T13:15:07.020+0000] {processor.py:183} INFO - Processing /home/airflow/.local/lib/python3.8/site-packages/airflow/example_dags/example_sla_dag.py took 0.180 seconds
[2025-11-06T13:15:37.394+0000] {processor.py:161} INFO - Started process (PID=14835) to work on /home/airflow/.local/lib/python3.8/site-packages/airflow/example_dags/example_sla_dag.py
[2025-11-06T13:15:37.396+0000] {processor.py:830} INFO - Processing file /home/airflow/.local/lib/python3.8/site-packages/airflow/example_dags/example_sla_dag.py for tasks to queue
[2025-11-06T13:15:37.400+0000] {logging_mixin.py:188} INFO - [2025-11-06T13:15:37.399+0000] {dagbag.py:538} INFO - Filling up the DagBag from /home/airflow/.local/lib/python3.8/site-packages/airflow/example_dags/example_sla_dag.py
[2025-11-06T13:15:37.417+0000] {processor.py:840} INFO - DAG(s) 'example_sla_dag' retrieved from /home/airflow/.local/lib/python3.8/site-packages/airflow/example_dags/example_sla_dag.py
[2025-11-06T13:15:37.453+0000] {logging_mixin.py:188} INFO - [2025-11-06T13:15:37.453+0000] {dag.py:3036} INFO - Sync 1 DAGs
[2025-11-06T13:15:37.489+0000] {logging_mixin.py:188} INFO - [2025-11-06T13:15:37.489+0000] {dag.py:3823} INFO - Setting next_dagrun for example_sla_dag to 2025-11-06 13:12:00+00:00, run_after=2025-11-06 13:14:00+00:00
[2025-11-06T13:15:37.518+0000] {processor.py:183} INFO - Processing /home/airflow/.local/lib/python3.8/site-packages/airflow/example_dags/example_sla_dag.py took 0.128 seconds
[2025-11-06T13:16:08.125+0000] {processor.py:161} INFO - Started process (PID=14890) to work on /home/airflow/.local/lib/python3.8/site-packages/airflow/example_dags/example_sla_dag.py
[2025-11-06T13:16:08.127+0000] {processor.py:830} INFO - Processing file /home/airflow/.local/lib/python3.8/site-packages/airflow/example_dags/example_sla_dag.py for tasks to queue
[2025-11-06T13:16:08.132+0000] {logging_mixin.py:188} INFO - [2025-11-06T13:16:08.131+0000] {dagbag.py:538} INFO - Filling up the DagBag from /home/airflow/.local/lib/python3.8/site-packages/airflow/example_dags/example_sla_dag.py
[2025-11-06T13:16:08.153+0000] {processor.py:840} INFO - DAG(s) 'example_sla_dag' retrieved from /home/airflow/.local/lib/python3.8/site-packages/airflow/example_dags/example_sla_dag.py
[2025-11-06T13:16:08.208+0000] {logging_mixin.py:188} INFO - [2025-11-06T13:16:08.207+0000] {dag.py:3036} INFO - Sync 1 DAGs
[2025-11-06T13:16:08.289+0000] {logging_mixin.py:188} INFO - [2025-11-06T13:16:08.289+0000] {dag.py:3823} INFO - Setting next_dagrun for example_sla_dag to 2025-11-06 13:14:00+00:00, run_after=2025-11-06 13:16:00+00:00
[2025-11-06T13:16:08.342+0000] {processor.py:183} INFO - Processing /home/airflow/.local/lib/python3.8/site-packages/airflow/example_dags/example_sla_dag.py took 0.224 seconds
[2025-11-06T13:16:38.719+0000] {processor.py:161} INFO - Started process (PID=14945) to work on /home/airflow/.local/lib/python3.8/site-packages/airflow/example_dags/example_sla_dag.py
[2025-11-06T13:16:38.725+0000] {processor.py:830} INFO - Processing file /home/airflow/.local/lib/python3.8/site-packages/airflow/example_dags/example_sla_dag.py for tasks to queue
[2025-11-06T13:16:38.752+0000] {logging_mixin.py:188} INFO - [2025-11-06T13:16:38.751+0000] {dagbag.py:538} INFO - Filling up the DagBag from /home/airflow/.local/lib/python3.8/site-packages/airflow/example_dags/example_sla_dag.py
[2025-11-06T13:16:38.824+0000] {processor.py:840} INFO - DAG(s) 'example_sla_dag' retrieved from /home/airflow/.local/lib/python3.8/site-packages/airflow/example_dags/example_sla_dag.py
[2025-11-06T13:16:38.921+0000] {logging_mixin.py:188} INFO - [2025-11-06T13:16:38.916+0000] {dag.py:3036} INFO - Sync 1 DAGs
[2025-11-06T13:16:39.075+0000] {logging_mixin.py:188} INFO - [2025-11-06T13:16:39.074+0000] {dag.py:3823} INFO - Setting next_dagrun for example_sla_dag to 2025-11-06 13:14:00+00:00, run_after=2025-11-06 13:16:00+00:00
[2025-11-06T13:16:39.151+0000] {processor.py:183} INFO - Processing /home/airflow/.local/lib/python3.8/site-packages/airflow/example_dags/example_sla_dag.py took 0.460 seconds
[2025-11-06T13:17:09.269+0000] {processor.py:161} INFO - Started process (PID=15001) to work on /home/airflow/.local/lib/python3.8/site-packages/airflow/example_dags/example_sla_dag.py
[2025-11-06T13:17:09.273+0000] {processor.py:830} INFO - Processing file /home/airflow/.local/lib/python3.8/site-packages/airflow/example_dags/example_sla_dag.py for tasks to queue
[2025-11-06T13:17:09.279+0000] {logging_mixin.py:188} INFO - [2025-11-06T13:17:09.278+0000] {dagbag.py:538} INFO - Filling up the DagBag from /home/airflow/.local/lib/python3.8/site-packages/airflow/example_dags/example_sla_dag.py
[2025-11-06T13:17:09.321+0000] {processor.py:840} INFO - DAG(s) 'example_sla_dag' retrieved from /home/airflow/.local/lib/python3.8/site-packages/airflow/example_dags/example_sla_dag.py
[2025-11-06T13:17:09.397+0000] {logging_mixin.py:188} INFO - [2025-11-06T13:17:09.396+0000] {dag.py:3036} INFO - Sync 1 DAGs
[2025-11-06T13:17:09.465+0000] {logging_mixin.py:188} INFO - [2025-11-06T13:17:09.464+0000] {dag.py:3823} INFO - Setting next_dagrun for example_sla_dag to 2025-11-06 13:14:00+00:00, run_after=2025-11-06 13:16:00+00:00
[2025-11-06T13:17:09.513+0000] {processor.py:183} INFO - Processing /home/airflow/.local/lib/python3.8/site-packages/airflow/example_dags/example_sla_dag.py took 0.256 seconds
[2025-11-06T13:17:40.182+0000] {processor.py:161} INFO - Started process (PID=15056) to work on /home/airflow/.local/lib/python3.8/site-packages/airflow/example_dags/example_sla_dag.py
[2025-11-06T13:17:40.185+0000] {processor.py:830} INFO - Processing file /home/airflow/.local/lib/python3.8/site-packages/airflow/example_dags/example_sla_dag.py for tasks to queue
[2025-11-06T13:17:40.189+0000] {logging_mixin.py:188} INFO - [2025-11-06T13:17:40.188+0000] {dagbag.py:538} INFO - Filling up the DagBag from /home/airflow/.local/lib/python3.8/site-packages/airflow/example_dags/example_sla_dag.py
[2025-11-06T13:17:40.205+0000] {processor.py:840} INFO - DAG(s) 'example_sla_dag' retrieved from /home/airflow/.local/lib/python3.8/site-packages/airflow/example_dags/example_sla_dag.py
[2025-11-06T13:17:40.245+0000] {logging_mixin.py:188} INFO - [2025-11-06T13:17:40.245+0000] {dag.py:3036} INFO - Sync 1 DAGs
[2025-11-06T13:17:40.299+0000] {logging_mixin.py:188} INFO - [2025-11-06T13:17:40.298+0000] {dag.py:3823} INFO - Setting next_dagrun for example_sla_dag to 2025-11-06 13:14:00+00:00, run_after=2025-11-06 13:16:00+00:00
[2025-11-06T13:17:40.350+0000] {processor.py:183} INFO - Processing /home/airflow/.local/lib/python3.8/site-packages/airflow/example_dags/example_sla_dag.py took 0.177 seconds
[2025-11-06T13:18:11.063+0000] {processor.py:161} INFO - Started process (PID=15111) to work on /home/airflow/.local/lib/python3.8/site-packages/airflow/example_dags/example_sla_dag.py
[2025-11-06T13:18:11.066+0000] {processor.py:830} INFO - Processing file /home/airflow/.local/lib/python3.8/site-packages/airflow/example_dags/example_sla_dag.py for tasks to queue
[2025-11-06T13:18:11.080+0000] {logging_mixin.py:188} INFO - [2025-11-06T13:18:11.070+0000] {dagbag.py:538} INFO - Filling up the DagBag from /home/airflow/.local/lib/python3.8/site-packages/airflow/example_dags/example_sla_dag.py
[2025-11-06T13:18:11.110+0000] {processor.py:840} INFO - DAG(s) 'example_sla_dag' retrieved from /home/airflow/.local/lib/python3.8/site-packages/airflow/example_dags/example_sla_dag.py
[2025-11-06T13:18:11.158+0000] {logging_mixin.py:188} INFO - [2025-11-06T13:18:11.158+0000] {dag.py:3036} INFO - Sync 1 DAGs
[2025-11-06T13:18:11.217+0000] {logging_mixin.py:188} INFO - [2025-11-06T13:18:11.216+0000] {dag.py:3823} INFO - Setting next_dagrun for example_sla_dag to 2025-11-06 13:16:00+00:00, run_after=2025-11-06 13:18:00+00:00
[2025-11-06T13:18:11.256+0000] {processor.py:183} INFO - Processing /home/airflow/.local/lib/python3.8/site-packages/airflow/example_dags/example_sla_dag.py took 0.212 seconds
[2025-11-06T13:18:51.410+0000] {processor.py:161} INFO - Started process (PID=15168) to work on /home/airflow/.local/lib/python3.8/site-packages/airflow/example_dags/example_sla_dag.py
[2025-11-06T13:18:51.425+0000] {processor.py:830} INFO - Processing file /home/airflow/.local/lib/python3.8/site-packages/airflow/example_dags/example_sla_dag.py for tasks to queue
[2025-11-06T13:18:51.437+0000] {logging_mixin.py:188} INFO - [2025-11-06T13:18:51.432+0000] {dagbag.py:538} INFO - Filling up the DagBag from /home/airflow/.local/lib/python3.8/site-packages/airflow/example_dags/example_sla_dag.py
[2025-11-06T13:18:51.508+0000] {processor.py:840} INFO - DAG(s) 'example_sla_dag' retrieved from /home/airflow/.local/lib/python3.8/site-packages/airflow/example_dags/example_sla_dag.py
[2025-11-06T13:18:51.736+0000] {logging_mixin.py:188} INFO - [2025-11-06T13:18:51.734+0000] {dag.py:3036} INFO - Sync 1 DAGs
[2025-11-06T13:18:52.036+0000] {logging_mixin.py:188} INFO - [2025-11-06T13:18:52.035+0000] {dag.py:3823} INFO - Setting next_dagrun for example_sla_dag to 2025-11-06 13:16:00+00:00, run_after=2025-11-06 13:18:00+00:00
[2025-11-06T13:18:52.207+0000] {processor.py:183} INFO - Processing /home/airflow/.local/lib/python3.8/site-packages/airflow/example_dags/example_sla_dag.py took 0.842 seconds
[2025-11-06T13:19:22.462+0000] {processor.py:161} INFO - Started process (PID=15224) to work on /home/airflow/.local/lib/python3.8/site-packages/airflow/example_dags/example_sla_dag.py
[2025-11-06T13:19:22.467+0000] {processor.py:830} INFO - Processing file /home/airflow/.local/lib/python3.8/site-packages/airflow/example_dags/example_sla_dag.py for tasks to queue
[2025-11-06T13:19:22.479+0000] {logging_mixin.py:188} INFO - [2025-11-06T13:19:22.478+0000] {dagbag.py:538} INFO - Filling up the DagBag from /home/airflow/.local/lib/python3.8/site-packages/airflow/example_dags/example_sla_dag.py
[2025-11-06T13:19:22.525+0000] {processor.py:840} INFO - DAG(s) 'example_sla_dag' retrieved from /home/airflow/.local/lib/python3.8/site-packages/airflow/example_dags/example_sla_dag.py
[2025-11-06T13:19:22.595+0000] {logging_mixin.py:188} INFO - [2025-11-06T13:19:22.595+0000] {dag.py:3036} INFO - Sync 1 DAGs
[2025-11-06T13:19:22.744+0000] {logging_mixin.py:188} INFO - [2025-11-06T13:19:22.743+0000] {dag.py:3823} INFO - Setting next_dagrun for example_sla_dag to 2025-11-06 13:16:00+00:00, run_after=2025-11-06 13:18:00+00:00
[2025-11-06T13:19:22.834+0000] {processor.py:183} INFO - Processing /home/airflow/.local/lib/python3.8/site-packages/airflow/example_dags/example_sla_dag.py took 0.394 seconds
[2025-11-06T13:19:53.131+0000] {processor.py:161} INFO - Started process (PID=15279) to work on /home/airflow/.local/lib/python3.8/site-packages/airflow/example_dags/example_sla_dag.py
[2025-11-06T13:19:53.134+0000] {processor.py:830} INFO - Processing file /home/airflow/.local/lib/python3.8/site-packages/airflow/example_dags/example_sla_dag.py for tasks to queue
[2025-11-06T13:19:53.149+0000] {logging_mixin.py:188} INFO - [2025-11-06T13:19:53.148+0000] {dagbag.py:538} INFO - Filling up the DagBag from /home/airflow/.local/lib/python3.8/site-packages/airflow/example_dags/example_sla_dag.py
[2025-11-06T13:19:53.189+0000] {processor.py:840} INFO - DAG(s) 'example_sla_dag' retrieved from /home/airflow/.local/lib/python3.8/site-packages/airflow/example_dags/example_sla_dag.py
[2025-11-06T13:19:53.279+0000] {logging_mixin.py:188} INFO - [2025-11-06T13:19:53.278+0000] {dag.py:3036} INFO - Sync 1 DAGs
[2025-11-06T13:19:53.383+0000] {logging_mixin.py:188} INFO - [2025-11-06T13:19:53.383+0000] {dag.py:3823} INFO - Setting next_dagrun for example_sla_dag to 2025-11-06 13:16:00+00:00, run_after=2025-11-06 13:18:00+00:00
[2025-11-06T13:19:53.455+0000] {processor.py:183} INFO - Processing /home/airflow/.local/lib/python3.8/site-packages/airflow/example_dags/example_sla_dag.py took 0.338 seconds
[2025-11-06T13:20:24.547+0000] {processor.py:161} INFO - Started process (PID=15334) to work on /home/airflow/.local/lib/python3.8/site-packages/airflow/example_dags/example_sla_dag.py
[2025-11-06T13:20:24.549+0000] {processor.py:830} INFO - Processing file /home/airflow/.local/lib/python3.8/site-packages/airflow/example_dags/example_sla_dag.py for tasks to queue
[2025-11-06T13:20:24.574+0000] {logging_mixin.py:188} INFO - [2025-11-06T13:20:24.572+0000] {dagbag.py:538} INFO - Filling up the DagBag from /home/airflow/.local/lib/python3.8/site-packages/airflow/example_dags/example_sla_dag.py
[2025-11-06T13:20:24.613+0000] {processor.py:840} INFO - DAG(s) 'example_sla_dag' retrieved from /home/airflow/.local/lib/python3.8/site-packages/airflow/example_dags/example_sla_dag.py
[2025-11-06T13:20:24.695+0000] {logging_mixin.py:188} INFO - [2025-11-06T13:20:24.694+0000] {dag.py:3036} INFO - Sync 1 DAGs
[2025-11-06T13:20:24.807+0000] {logging_mixin.py:188} INFO - [2025-11-06T13:20:24.806+0000] {dag.py:3823} INFO - Setting next_dagrun for example_sla_dag to 2025-11-06 13:18:00+00:00, run_after=2025-11-06 13:20:00+00:00
[2025-11-06T13:20:24.866+0000] {processor.py:183} INFO - Processing /home/airflow/.local/lib/python3.8/site-packages/airflow/example_dags/example_sla_dag.py took 0.335 seconds
[2025-11-06T13:20:55.530+0000] {processor.py:161} INFO - Started process (PID=15389) to work on /home/airflow/.local/lib/python3.8/site-packages/airflow/example_dags/example_sla_dag.py
[2025-11-06T13:20:55.548+0000] {processor.py:830} INFO - Processing file /home/airflow/.local/lib/python3.8/site-packages/airflow/example_dags/example_sla_dag.py for tasks to queue
[2025-11-06T13:20:55.556+0000] {logging_mixin.py:188} INFO - [2025-11-06T13:20:55.555+0000] {dagbag.py:538} INFO - Filling up the DagBag from /home/airflow/.local/lib/python3.8/site-packages/airflow/example_dags/example_sla_dag.py
[2025-11-06T13:20:55.652+0000] {processor.py:840} INFO - DAG(s) 'example_sla_dag' retrieved from /home/airflow/.local/lib/python3.8/site-packages/airflow/example_dags/example_sla_dag.py
[2025-11-06T13:20:55.866+0000] {logging_mixin.py:188} INFO - [2025-11-06T13:20:55.854+0000] {dag.py:3036} INFO - Sync 1 DAGs
[2025-11-06T13:20:56.062+0000] {logging_mixin.py:188} INFO - [2025-11-06T13:20:56.061+0000] {dag.py:3823} INFO - Setting next_dagrun for example_sla_dag to 2025-11-06 13:18:00+00:00, run_after=2025-11-06 13:20:00+00:00
[2025-11-06T13:20:56.154+0000] {processor.py:183} INFO - Processing /home/airflow/.local/lib/python3.8/site-packages/airflow/example_dags/example_sla_dag.py took 0.657 seconds
[2025-11-06T13:21:26.601+0000] {processor.py:161} INFO - Started process (PID=15444) to work on /home/airflow/.local/lib/python3.8/site-packages/airflow/example_dags/example_sla_dag.py
[2025-11-06T13:21:26.630+0000] {processor.py:830} INFO - Processing file /home/airflow/.local/lib/python3.8/site-packages/airflow/example_dags/example_sla_dag.py for tasks to queue
[2025-11-06T13:21:26.657+0000] {logging_mixin.py:188} INFO - [2025-11-06T13:21:26.656+0000] {dagbag.py:538} INFO - Filling up the DagBag from /home/airflow/.local/lib/python3.8/site-packages/airflow/example_dags/example_sla_dag.py
[2025-11-06T13:21:26.704+0000] {processor.py:840} INFO - DAG(s) 'example_sla_dag' retrieved from /home/airflow/.local/lib/python3.8/site-packages/airflow/example_dags/example_sla_dag.py
[2025-11-06T13:21:26.790+0000] {logging_mixin.py:188} INFO - [2025-11-06T13:21:26.787+0000] {dag.py:3036} INFO - Sync 1 DAGs
[2025-11-06T13:21:26.898+0000] {logging_mixin.py:188} INFO - [2025-11-06T13:21:26.897+0000] {dag.py:3823} INFO - Setting next_dagrun for example_sla_dag to 2025-11-06 13:18:00+00:00, run_after=2025-11-06 13:20:00+00:00
[2025-11-06T13:21:26.959+0000] {processor.py:183} INFO - Processing /home/airflow/.local/lib/python3.8/site-packages/airflow/example_dags/example_sla_dag.py took 0.406 seconds
[2025-11-06T13:21:57.869+0000] {processor.py:161} INFO - Started process (PID=15499) to work on /home/airflow/.local/lib/python3.8/site-packages/airflow/example_dags/example_sla_dag.py
[2025-11-06T13:21:57.877+0000] {processor.py:830} INFO - Processing file /home/airflow/.local/lib/python3.8/site-packages/airflow/example_dags/example_sla_dag.py for tasks to queue
[2025-11-06T13:21:57.886+0000] {logging_mixin.py:188} INFO - [2025-11-06T13:21:57.883+0000] {dagbag.py:538} INFO - Filling up the DagBag from /home/airflow/.local/lib/python3.8/site-packages/airflow/example_dags/example_sla_dag.py
[2025-11-06T13:21:57.946+0000] {processor.py:840} INFO - DAG(s) 'example_sla_dag' retrieved from /home/airflow/.local/lib/python3.8/site-packages/airflow/example_dags/example_sla_dag.py
[2025-11-06T13:21:58.056+0000] {logging_mixin.py:188} INFO - [2025-11-06T13:21:58.055+0000] {dag.py:3036} INFO - Sync 1 DAGs
[2025-11-06T13:21:58.180+0000] {logging_mixin.py:188} INFO - [2025-11-06T13:21:58.180+0000] {dag.py:3823} INFO - Setting next_dagrun for example_sla_dag to 2025-11-06 13:18:00+00:00, run_after=2025-11-06 13:20:00+00:00
[2025-11-06T13:21:58.261+0000] {processor.py:183} INFO - Processing /home/airflow/.local/lib/python3.8/site-packages/airflow/example_dags/example_sla_dag.py took 0.407 seconds
[2025-11-06T13:22:28.386+0000] {processor.py:161} INFO - Started process (PID=15554) to work on /home/airflow/.local/lib/python3.8/site-packages/airflow/example_dags/example_sla_dag.py
[2025-11-06T13:22:28.389+0000] {processor.py:830} INFO - Processing file /home/airflow/.local/lib/python3.8/site-packages/airflow/example_dags/example_sla_dag.py for tasks to queue
[2025-11-06T13:22:28.396+0000] {logging_mixin.py:188} INFO - [2025-11-06T13:22:28.395+0000] {dagbag.py:538} INFO - Filling up the DagBag from /home/airflow/.local/lib/python3.8/site-packages/airflow/example_dags/example_sla_dag.py
[2025-11-06T13:22:28.422+0000] {processor.py:840} INFO - DAG(s) 'example_sla_dag' retrieved from /home/airflow/.local/lib/python3.8/site-packages/airflow/example_dags/example_sla_dag.py
[2025-11-06T13:22:28.471+0000] {logging_mixin.py:188} INFO - [2025-11-06T13:22:28.470+0000] {dag.py:3036} INFO - Sync 1 DAGs
[2025-11-06T13:22:28.528+0000] {logging_mixin.py:188} INFO - [2025-11-06T13:22:28.528+0000] {dag.py:3823} INFO - Setting next_dagrun for example_sla_dag to 2025-11-06 13:20:00+00:00, run_after=2025-11-06 13:22:00+00:00
[2025-11-06T13:22:28.572+0000] {processor.py:183} INFO - Processing /home/airflow/.local/lib/python3.8/site-packages/airflow/example_dags/example_sla_dag.py took 0.196 seconds
[2025-11-06T13:23:02.275+0000] {processor.py:161} INFO - Started process (PID=15610) to work on /home/airflow/.local/lib/python3.8/site-packages/airflow/example_dags/example_sla_dag.py
[2025-11-06T13:23:02.285+0000] {processor.py:830} INFO - Processing file /home/airflow/.local/lib/python3.8/site-packages/airflow/example_dags/example_sla_dag.py for tasks to queue
[2025-11-06T13:23:02.293+0000] {logging_mixin.py:188} INFO - [2025-11-06T13:23:02.292+0000] {dagbag.py:538} INFO - Filling up the DagBag from /home/airflow/.local/lib/python3.8/site-packages/airflow/example_dags/example_sla_dag.py
[2025-11-06T13:23:02.343+0000] {processor.py:840} INFO - DAG(s) 'example_sla_dag' retrieved from /home/airflow/.local/lib/python3.8/site-packages/airflow/example_dags/example_sla_dag.py
[2025-11-06T13:23:02.433+0000] {logging_mixin.py:188} INFO - [2025-11-06T13:23:02.432+0000] {dag.py:3036} INFO - Sync 1 DAGs
[2025-11-06T13:23:02.549+0000] {logging_mixin.py:188} INFO - [2025-11-06T13:23:02.548+0000] {dag.py:3823} INFO - Setting next_dagrun for example_sla_dag to 2025-11-06 13:20:00+00:00, run_after=2025-11-06 13:22:00+00:00
[2025-11-06T13:23:02.671+0000] {processor.py:183} INFO - Processing /home/airflow/.local/lib/python3.8/site-packages/airflow/example_dags/example_sla_dag.py took 0.407 seconds
[2025-11-06T13:23:33.492+0000] {processor.py:161} INFO - Started process (PID=15665) to work on /home/airflow/.local/lib/python3.8/site-packages/airflow/example_dags/example_sla_dag.py
[2025-11-06T13:23:33.504+0000] {processor.py:830} INFO - Processing file /home/airflow/.local/lib/python3.8/site-packages/airflow/example_dags/example_sla_dag.py for tasks to queue
[2025-11-06T13:23:33.523+0000] {logging_mixin.py:188} INFO - [2025-11-06T13:23:33.522+0000] {dagbag.py:538} INFO - Filling up the DagBag from /home/airflow/.local/lib/python3.8/site-packages/airflow/example_dags/example_sla_dag.py
[2025-11-06T13:23:33.633+0000] {processor.py:840} INFO - DAG(s) 'example_sla_dag' retrieved from /home/airflow/.local/lib/python3.8/site-packages/airflow/example_dags/example_sla_dag.py
[2025-11-06T13:23:33.778+0000] {logging_mixin.py:188} INFO - [2025-11-06T13:23:33.778+0000] {dag.py:3036} INFO - Sync 1 DAGs
[2025-11-06T13:23:34.020+0000] {logging_mixin.py:188} INFO - [2025-11-06T13:23:34.020+0000] {dag.py:3823} INFO - Setting next_dagrun for example_sla_dag to 2025-11-06 13:20:00+00:00, run_after=2025-11-06 13:22:00+00:00
[2025-11-06T13:23:34.179+0000] {processor.py:183} INFO - Processing /home/airflow/.local/lib/python3.8/site-packages/airflow/example_dags/example_sla_dag.py took 0.705 seconds
[2025-11-06T13:24:04.416+0000] {processor.py:161} INFO - Started process (PID=15719) to work on /home/airflow/.local/lib/python3.8/site-packages/airflow/example_dags/example_sla_dag.py
[2025-11-06T13:24:04.421+0000] {processor.py:830} INFO - Processing file /home/airflow/.local/lib/python3.8/site-packages/airflow/example_dags/example_sla_dag.py for tasks to queue
[2025-11-06T13:24:04.429+0000] {logging_mixin.py:188} INFO - [2025-11-06T13:24:04.428+0000] {dagbag.py:538} INFO - Filling up the DagBag from /home/airflow/.local/lib/python3.8/site-packages/airflow/example_dags/example_sla_dag.py
[2025-11-06T13:24:04.466+0000] {processor.py:840} INFO - DAG(s) 'example_sla_dag' retrieved from /home/airflow/.local/lib/python3.8/site-packages/airflow/example_dags/example_sla_dag.py
[2025-11-06T13:24:04.568+0000] {logging_mixin.py:188} INFO - [2025-11-06T13:24:04.568+0000] {dag.py:3036} INFO - Sync 1 DAGs
[2025-11-06T13:24:04.692+0000] {logging_mixin.py:188} INFO - [2025-11-06T13:24:04.691+0000] {dag.py:3823} INFO - Setting next_dagrun for example_sla_dag to 2025-11-06 13:22:00+00:00, run_after=2025-11-06 13:24:00+00:00
[2025-11-06T13:24:04.795+0000] {processor.py:183} INFO - Processing /home/airflow/.local/lib/python3.8/site-packages/airflow/example_dags/example_sla_dag.py took 0.396 seconds
[2025-11-06T13:24:36.522+0000] {processor.py:161} INFO - Started process (PID=15780) to work on /home/airflow/.local/lib/python3.8/site-packages/airflow/example_dags/example_sla_dag.py
[2025-11-06T13:24:36.526+0000] {processor.py:830} INFO - Processing file /home/airflow/.local/lib/python3.8/site-packages/airflow/example_dags/example_sla_dag.py for tasks to queue
[2025-11-06T13:24:36.533+0000] {logging_mixin.py:188} INFO - [2025-11-06T13:24:36.532+0000] {dagbag.py:538} INFO - Filling up the DagBag from /home/airflow/.local/lib/python3.8/site-packages/airflow/example_dags/example_sla_dag.py
[2025-11-06T13:24:36.568+0000] {processor.py:840} INFO - DAG(s) 'example_sla_dag' retrieved from /home/airflow/.local/lib/python3.8/site-packages/airflow/example_dags/example_sla_dag.py
[2025-11-06T13:24:36.712+0000] {logging_mixin.py:188} INFO - [2025-11-06T13:24:36.711+0000] {dag.py:3036} INFO - Sync 1 DAGs
[2025-11-06T13:24:36.804+0000] {logging_mixin.py:188} INFO - [2025-11-06T13:24:36.804+0000] {dag.py:3823} INFO - Setting next_dagrun for example_sla_dag to 2025-11-06 13:22:00+00:00, run_after=2025-11-06 13:24:00+00:00
[2025-11-06T13:24:36.868+0000] {processor.py:183} INFO - Processing /home/airflow/.local/lib/python3.8/site-packages/airflow/example_dags/example_sla_dag.py took 0.338 seconds
[2025-11-06T13:25:07.256+0000] {processor.py:161} INFO - Started process (PID=15833) to work on /home/airflow/.local/lib/python3.8/site-packages/airflow/example_dags/example_sla_dag.py
[2025-11-06T13:25:07.263+0000] {processor.py:830} INFO - Processing file /home/airflow/.local/lib/python3.8/site-packages/airflow/example_dags/example_sla_dag.py for tasks to queue
[2025-11-06T13:25:07.271+0000] {logging_mixin.py:188} INFO - [2025-11-06T13:25:07.269+0000] {dagbag.py:538} INFO - Filling up the DagBag from /home/airflow/.local/lib/python3.8/site-packages/airflow/example_dags/example_sla_dag.py
[2025-11-06T13:25:07.315+0000] {processor.py:840} INFO - DAG(s) 'example_sla_dag' retrieved from /home/airflow/.local/lib/python3.8/site-packages/airflow/example_dags/example_sla_dag.py
[2025-11-06T13:25:07.447+0000] {logging_mixin.py:188} INFO - [2025-11-06T13:25:07.445+0000] {dag.py:3036} INFO - Sync 1 DAGs
[2025-11-06T13:25:07.532+0000] {logging_mixin.py:188} INFO - [2025-11-06T13:25:07.531+0000] {dag.py:3823} INFO - Setting next_dagrun for example_sla_dag to 2025-11-06 13:22:00+00:00, run_after=2025-11-06 13:24:00+00:00
[2025-11-06T13:25:07.611+0000] {processor.py:183} INFO - Processing /home/airflow/.local/lib/python3.8/site-packages/airflow/example_dags/example_sla_dag.py took 0.371 seconds
[2025-11-06T13:25:39.332+0000] {processor.py:161} INFO - Started process (PID=15890) to work on /home/airflow/.local/lib/python3.8/site-packages/airflow/example_dags/example_sla_dag.py
[2025-11-06T13:25:39.336+0000] {processor.py:830} INFO - Processing file /home/airflow/.local/lib/python3.8/site-packages/airflow/example_dags/example_sla_dag.py for tasks to queue
[2025-11-06T13:25:39.344+0000] {logging_mixin.py:188} INFO - [2025-11-06T13:25:39.343+0000] {dagbag.py:538} INFO - Filling up the DagBag from /home/airflow/.local/lib/python3.8/site-packages/airflow/example_dags/example_sla_dag.py
[2025-11-06T13:25:39.390+0000] {processor.py:840} INFO - DAG(s) 'example_sla_dag' retrieved from /home/airflow/.local/lib/python3.8/site-packages/airflow/example_dags/example_sla_dag.py
[2025-11-06T13:25:39.489+0000] {logging_mixin.py:188} INFO - [2025-11-06T13:25:39.488+0000] {dag.py:3036} INFO - Sync 1 DAGs
[2025-11-06T13:25:39.600+0000] {logging_mixin.py:188} INFO - [2025-11-06T13:25:39.600+0000] {dag.py:3823} INFO - Setting next_dagrun for example_sla_dag to 2025-11-06 13:22:00+00:00, run_after=2025-11-06 13:24:00+00:00
[2025-11-06T13:25:39.681+0000] {processor.py:183} INFO - Processing /home/airflow/.local/lib/python3.8/site-packages/airflow/example_dags/example_sla_dag.py took 0.364 seconds
[2025-11-06T13:26:10.625+0000] {processor.py:161} INFO - Started process (PID=15946) to work on /home/airflow/.local/lib/python3.8/site-packages/airflow/example_dags/example_sla_dag.py
[2025-11-06T13:26:10.630+0000] {processor.py:830} INFO - Processing file /home/airflow/.local/lib/python3.8/site-packages/airflow/example_dags/example_sla_dag.py for tasks to queue
[2025-11-06T13:26:10.646+0000] {logging_mixin.py:188} INFO - [2025-11-06T13:26:10.645+0000] {dagbag.py:538} INFO - Filling up the DagBag from /home/airflow/.local/lib/python3.8/site-packages/airflow/example_dags/example_sla_dag.py
[2025-11-06T13:26:10.679+0000] {processor.py:840} INFO - DAG(s) 'example_sla_dag' retrieved from /home/airflow/.local/lib/python3.8/site-packages/airflow/example_dags/example_sla_dag.py
[2025-11-06T13:26:10.730+0000] {logging_mixin.py:188} INFO - [2025-11-06T13:26:10.730+0000] {dag.py:3036} INFO - Sync 1 DAGs
[2025-11-06T13:26:10.801+0000] {logging_mixin.py:188} INFO - [2025-11-06T13:26:10.800+0000] {dag.py:3823} INFO - Setting next_dagrun for example_sla_dag to 2025-11-06 13:24:00+00:00, run_after=2025-11-06 13:26:00+00:00
[2025-11-06T13:26:10.839+0000] {processor.py:183} INFO - Processing /home/airflow/.local/lib/python3.8/site-packages/airflow/example_dags/example_sla_dag.py took 0.232 seconds
[2025-11-06T13:26:41.309+0000] {processor.py:161} INFO - Started process (PID=16001) to work on /home/airflow/.local/lib/python3.8/site-packages/airflow/example_dags/example_sla_dag.py
[2025-11-06T13:26:41.311+0000] {processor.py:830} INFO - Processing file /home/airflow/.local/lib/python3.8/site-packages/airflow/example_dags/example_sla_dag.py for tasks to queue
[2025-11-06T13:26:41.316+0000] {logging_mixin.py:188} INFO - [2025-11-06T13:26:41.316+0000] {dagbag.py:538} INFO - Filling up the DagBag from /home/airflow/.local/lib/python3.8/site-packages/airflow/example_dags/example_sla_dag.py
[2025-11-06T13:26:41.336+0000] {processor.py:840} INFO - DAG(s) 'example_sla_dag' retrieved from /home/airflow/.local/lib/python3.8/site-packages/airflow/example_dags/example_sla_dag.py
[2025-11-06T13:26:41.378+0000] {logging_mixin.py:188} INFO - [2025-11-06T13:26:41.377+0000] {dag.py:3036} INFO - Sync 1 DAGs
[2025-11-06T13:26:41.425+0000] {logging_mixin.py:188} INFO - [2025-11-06T13:26:41.425+0000] {dag.py:3823} INFO - Setting next_dagrun for example_sla_dag to 2025-11-06 13:24:00+00:00, run_after=2025-11-06 13:26:00+00:00
[2025-11-06T13:26:41.460+0000] {processor.py:183} INFO - Processing /home/airflow/.local/lib/python3.8/site-packages/airflow/example_dags/example_sla_dag.py took 0.158 seconds
[2025-11-06T13:27:12.250+0000] {processor.py:161} INFO - Started process (PID=16056) to work on /home/airflow/.local/lib/python3.8/site-packages/airflow/example_dags/example_sla_dag.py
[2025-11-06T13:27:12.261+0000] {processor.py:830} INFO - Processing file /home/airflow/.local/lib/python3.8/site-packages/airflow/example_dags/example_sla_dag.py for tasks to queue
[2025-11-06T13:27:12.269+0000] {logging_mixin.py:188} INFO - [2025-11-06T13:27:12.268+0000] {dagbag.py:538} INFO - Filling up the DagBag from /home/airflow/.local/lib/python3.8/site-packages/airflow/example_dags/example_sla_dag.py
[2025-11-06T13:27:12.329+0000] {processor.py:840} INFO - DAG(s) 'example_sla_dag' retrieved from /home/airflow/.local/lib/python3.8/site-packages/airflow/example_dags/example_sla_dag.py
[2025-11-06T13:27:12.436+0000] {logging_mixin.py:188} INFO - [2025-11-06T13:27:12.435+0000] {dag.py:3036} INFO - Sync 1 DAGs
[2025-11-06T13:27:12.522+0000] {logging_mixin.py:188} INFO - [2025-11-06T13:27:12.522+0000] {dag.py:3823} INFO - Setting next_dagrun for example_sla_dag to 2025-11-06 13:24:00+00:00, run_after=2025-11-06 13:26:00+00:00
[2025-11-06T13:27:12.576+0000] {processor.py:183} INFO - Processing /home/airflow/.local/lib/python3.8/site-packages/airflow/example_dags/example_sla_dag.py took 0.339 seconds
[2025-11-06T13:27:42.906+0000] {processor.py:161} INFO - Started process (PID=16112) to work on /home/airflow/.local/lib/python3.8/site-packages/airflow/example_dags/example_sla_dag.py
[2025-11-06T13:27:42.908+0000] {processor.py:830} INFO - Processing file /home/airflow/.local/lib/python3.8/site-packages/airflow/example_dags/example_sla_dag.py for tasks to queue
[2025-11-06T13:27:42.913+0000] {logging_mixin.py:188} INFO - [2025-11-06T13:27:42.912+0000] {dagbag.py:538} INFO - Filling up the DagBag from /home/airflow/.local/lib/python3.8/site-packages/airflow/example_dags/example_sla_dag.py
[2025-11-06T13:27:42.932+0000] {processor.py:840} INFO - DAG(s) 'example_sla_dag' retrieved from /home/airflow/.local/lib/python3.8/site-packages/airflow/example_dags/example_sla_dag.py
[2025-11-06T13:27:42.969+0000] {logging_mixin.py:188} INFO - [2025-11-06T13:27:42.969+0000] {dag.py:3036} INFO - Sync 1 DAGs
[2025-11-06T13:27:43.020+0000] {logging_mixin.py:188} INFO - [2025-11-06T13:27:43.019+0000] {dag.py:3823} INFO - Setting next_dagrun for example_sla_dag to 2025-11-06 13:24:00+00:00, run_after=2025-11-06 13:26:00+00:00
[2025-11-06T13:27:43.052+0000] {processor.py:183} INFO - Processing /home/airflow/.local/lib/python3.8/site-packages/airflow/example_dags/example_sla_dag.py took 0.156 seconds
[2025-11-06T13:28:13.716+0000] {processor.py:161} INFO - Started process (PID=16168) to work on /home/airflow/.local/lib/python3.8/site-packages/airflow/example_dags/example_sla_dag.py
[2025-11-06T13:28:13.718+0000] {processor.py:830} INFO - Processing file /home/airflow/.local/lib/python3.8/site-packages/airflow/example_dags/example_sla_dag.py for tasks to queue
[2025-11-06T13:28:13.727+0000] {logging_mixin.py:188} INFO - [2025-11-06T13:28:13.726+0000] {dagbag.py:538} INFO - Filling up the DagBag from /home/airflow/.local/lib/python3.8/site-packages/airflow/example_dags/example_sla_dag.py
[2025-11-06T13:28:13.754+0000] {processor.py:840} INFO - DAG(s) 'example_sla_dag' retrieved from /home/airflow/.local/lib/python3.8/site-packages/airflow/example_dags/example_sla_dag.py
[2025-11-06T13:28:13.806+0000] {logging_mixin.py:188} INFO - [2025-11-06T13:28:13.805+0000] {dag.py:3036} INFO - Sync 1 DAGs
[2025-11-06T13:28:13.873+0000] {logging_mixin.py:188} INFO - [2025-11-06T13:28:13.872+0000] {dag.py:3823} INFO - Setting next_dagrun for example_sla_dag to 2025-11-06 13:26:00+00:00, run_after=2025-11-06 13:28:00+00:00
[2025-11-06T13:28:13.909+0000] {processor.py:183} INFO - Processing /home/airflow/.local/lib/python3.8/site-packages/airflow/example_dags/example_sla_dag.py took 0.203 seconds
[2025-11-06T13:28:44.693+0000] {processor.py:161} INFO - Started process (PID=16223) to work on /home/airflow/.local/lib/python3.8/site-packages/airflow/example_dags/example_sla_dag.py
[2025-11-06T13:28:44.695+0000] {processor.py:830} INFO - Processing file /home/airflow/.local/lib/python3.8/site-packages/airflow/example_dags/example_sla_dag.py for tasks to queue
[2025-11-06T13:28:44.700+0000] {logging_mixin.py:188} INFO - [2025-11-06T13:28:44.700+0000] {dagbag.py:538} INFO - Filling up the DagBag from /home/airflow/.local/lib/python3.8/site-packages/airflow/example_dags/example_sla_dag.py
[2025-11-06T13:28:44.724+0000] {processor.py:840} INFO - DAG(s) 'example_sla_dag' retrieved from /home/airflow/.local/lib/python3.8/site-packages/airflow/example_dags/example_sla_dag.py
[2025-11-06T13:28:44.795+0000] {logging_mixin.py:188} INFO - [2025-11-06T13:28:44.791+0000] {dag.py:3036} INFO - Sync 1 DAGs
[2025-11-06T13:28:44.915+0000] {logging_mixin.py:188} INFO - [2025-11-06T13:28:44.915+0000] {dag.py:3823} INFO - Setting next_dagrun for example_sla_dag to 2025-11-06 13:26:00+00:00, run_after=2025-11-06 13:28:00+00:00
[2025-11-06T13:28:44.984+0000] {processor.py:183} INFO - Processing /home/airflow/.local/lib/python3.8/site-packages/airflow/example_dags/example_sla_dag.py took 0.301 seconds
[2025-11-06T13:29:17.309+0000] {processor.py:161} INFO - Started process (PID=16280) to work on /home/airflow/.local/lib/python3.8/site-packages/airflow/example_dags/example_sla_dag.py
[2025-11-06T13:29:17.314+0000] {processor.py:830} INFO - Processing file /home/airflow/.local/lib/python3.8/site-packages/airflow/example_dags/example_sla_dag.py for tasks to queue
[2025-11-06T13:29:17.331+0000] {logging_mixin.py:188} INFO - [2025-11-06T13:29:17.330+0000] {dagbag.py:538} INFO - Filling up the DagBag from /home/airflow/.local/lib/python3.8/site-packages/airflow/example_dags/example_sla_dag.py
[2025-11-06T13:29:17.383+0000] {processor.py:840} INFO - DAG(s) 'example_sla_dag' retrieved from /home/airflow/.local/lib/python3.8/site-packages/airflow/example_dags/example_sla_dag.py
[2025-11-06T13:29:17.475+0000] {logging_mixin.py:188} INFO - [2025-11-06T13:29:17.474+0000] {dag.py:3036} INFO - Sync 1 DAGs
[2025-11-06T13:29:17.631+0000] {logging_mixin.py:188} INFO - [2025-11-06T13:29:17.631+0000] {dag.py:3823} INFO - Setting next_dagrun for example_sla_dag to 2025-11-06 13:26:00+00:00, run_after=2025-11-06 13:28:00+00:00
[2025-11-06T13:29:17.730+0000] {processor.py:183} INFO - Processing /home/airflow/.local/lib/python3.8/site-packages/airflow/example_dags/example_sla_dag.py took 0.445 seconds
[2025-11-06T13:29:48.626+0000] {processor.py:161} INFO - Started process (PID=16336) to work on /home/airflow/.local/lib/python3.8/site-packages/airflow/example_dags/example_sla_dag.py
[2025-11-06T13:29:48.630+0000] {processor.py:830} INFO - Processing file /home/airflow/.local/lib/python3.8/site-packages/airflow/example_dags/example_sla_dag.py for tasks to queue
[2025-11-06T13:29:48.641+0000] {logging_mixin.py:188} INFO - [2025-11-06T13:29:48.640+0000] {dagbag.py:538} INFO - Filling up the DagBag from /home/airflow/.local/lib/python3.8/site-packages/airflow/example_dags/example_sla_dag.py
[2025-11-06T13:29:48.672+0000] {processor.py:840} INFO - DAG(s) 'example_sla_dag' retrieved from /home/airflow/.local/lib/python3.8/site-packages/airflow/example_dags/example_sla_dag.py
[2025-11-06T13:29:48.739+0000] {logging_mixin.py:188} INFO - [2025-11-06T13:29:48.738+0000] {dag.py:3036} INFO - Sync 1 DAGs
[2025-11-06T13:29:48.826+0000] {logging_mixin.py:188} INFO - [2025-11-06T13:29:48.825+0000] {dag.py:3823} INFO - Setting next_dagrun for example_sla_dag to 2025-11-06 13:26:00+00:00, run_after=2025-11-06 13:28:00+00:00
[2025-11-06T13:29:48.881+0000] {processor.py:183} INFO - Processing /home/airflow/.local/lib/python3.8/site-packages/airflow/example_dags/example_sla_dag.py took 0.268 seconds
[2025-11-06T13:30:21.416+0000] {processor.py:161} INFO - Started process (PID=16392) to work on /home/airflow/.local/lib/python3.8/site-packages/airflow/example_dags/example_sla_dag.py
[2025-11-06T13:30:21.446+0000] {processor.py:830} INFO - Processing file /home/airflow/.local/lib/python3.8/site-packages/airflow/example_dags/example_sla_dag.py for tasks to queue
[2025-11-06T13:30:21.484+0000] {logging_mixin.py:188} INFO - [2025-11-06T13:30:21.482+0000] {dagbag.py:538} INFO - Filling up the DagBag from /home/airflow/.local/lib/python3.8/site-packages/airflow/example_dags/example_sla_dag.py
[2025-11-06T13:30:21.542+0000] {processor.py:840} INFO - DAG(s) 'example_sla_dag' retrieved from /home/airflow/.local/lib/python3.8/site-packages/airflow/example_dags/example_sla_dag.py
[2025-11-06T13:30:21.668+0000] {logging_mixin.py:188} INFO - [2025-11-06T13:30:21.666+0000] {dag.py:3036} INFO - Sync 1 DAGs
[2025-11-06T13:30:21.836+0000] {logging_mixin.py:188} INFO - [2025-11-06T13:30:21.835+0000] {dag.py:3823} INFO - Setting next_dagrun for example_sla_dag to 2025-11-06 13:28:00+00:00, run_after=2025-11-06 13:30:00+00:00
[2025-11-06T13:30:21.982+0000] {processor.py:183} INFO - Processing /home/airflow/.local/lib/python3.8/site-packages/airflow/example_dags/example_sla_dag.py took 0.602 seconds
[2025-11-06T13:30:53.021+0000] {processor.py:161} INFO - Started process (PID=16448) to work on /home/airflow/.local/lib/python3.8/site-packages/airflow/example_dags/example_sla_dag.py
[2025-11-06T13:30:53.028+0000] {processor.py:830} INFO - Processing file /home/airflow/.local/lib/python3.8/site-packages/airflow/example_dags/example_sla_dag.py for tasks to queue
[2025-11-06T13:30:53.041+0000] {logging_mixin.py:188} INFO - [2025-11-06T13:30:53.036+0000] {dagbag.py:538} INFO - Filling up the DagBag from /home/airflow/.local/lib/python3.8/site-packages/airflow/example_dags/example_sla_dag.py
[2025-11-06T13:30:53.115+0000] {processor.py:840} INFO - DAG(s) 'example_sla_dag' retrieved from /home/airflow/.local/lib/python3.8/site-packages/airflow/example_dags/example_sla_dag.py
[2025-11-06T13:30:53.245+0000] {logging_mixin.py:188} INFO - [2025-11-06T13:30:53.243+0000] {dag.py:3036} INFO - Sync 1 DAGs
[2025-11-06T13:30:53.482+0000] {logging_mixin.py:188} INFO - [2025-11-06T13:30:53.481+0000] {dag.py:3823} INFO - Setting next_dagrun for example_sla_dag to 2025-11-06 13:28:00+00:00, run_after=2025-11-06 13:30:00+00:00
[2025-11-06T13:30:53.607+0000] {processor.py:183} INFO - Processing /home/airflow/.local/lib/python3.8/site-packages/airflow/example_dags/example_sla_dag.py took 0.607 seconds
[2025-11-06T13:31:24.266+0000] {processor.py:161} INFO - Started process (PID=16504) to work on /home/airflow/.local/lib/python3.8/site-packages/airflow/example_dags/example_sla_dag.py
[2025-11-06T13:31:24.281+0000] {processor.py:830} INFO - Processing file /home/airflow/.local/lib/python3.8/site-packages/airflow/example_dags/example_sla_dag.py for tasks to queue
[2025-11-06T13:31:24.289+0000] {logging_mixin.py:188} INFO - [2025-11-06T13:31:24.288+0000] {dagbag.py:538} INFO - Filling up the DagBag from /home/airflow/.local/lib/python3.8/site-packages/airflow/example_dags/example_sla_dag.py
[2025-11-06T13:31:24.312+0000] {processor.py:840} INFO - DAG(s) 'example_sla_dag' retrieved from /home/airflow/.local/lib/python3.8/site-packages/airflow/example_dags/example_sla_dag.py
[2025-11-06T13:31:24.360+0000] {logging_mixin.py:188} INFO - [2025-11-06T13:31:24.359+0000] {dag.py:3036} INFO - Sync 1 DAGs
[2025-11-06T13:31:24.415+0000] {logging_mixin.py:188} INFO - [2025-11-06T13:31:24.414+0000] {dag.py:3823} INFO - Setting next_dagrun for example_sla_dag to 2025-11-06 13:28:00+00:00, run_after=2025-11-06 13:30:00+00:00
[2025-11-06T13:31:24.460+0000] {processor.py:183} INFO - Processing /home/airflow/.local/lib/python3.8/site-packages/airflow/example_dags/example_sla_dag.py took 0.210 seconds
[2025-11-06T13:31:59.609+0000] {processor.py:161} INFO - Started process (PID=16560) to work on /home/airflow/.local/lib/python3.8/site-packages/airflow/example_dags/example_sla_dag.py
[2025-11-06T13:31:59.612+0000] {processor.py:830} INFO - Processing file /home/airflow/.local/lib/python3.8/site-packages/airflow/example_dags/example_sla_dag.py for tasks to queue
[2025-11-06T13:31:59.620+0000] {logging_mixin.py:188} INFO - [2025-11-06T13:31:59.619+0000] {dagbag.py:538} INFO - Filling up the DagBag from /home/airflow/.local/lib/python3.8/site-packages/airflow/example_dags/example_sla_dag.py
[2025-11-06T13:31:59.653+0000] {processor.py:840} INFO - DAG(s) 'example_sla_dag' retrieved from /home/airflow/.local/lib/python3.8/site-packages/airflow/example_dags/example_sla_dag.py
[2025-11-06T13:31:59.732+0000] {logging_mixin.py:188} INFO - [2025-11-06T13:31:59.731+0000] {dag.py:3036} INFO - Sync 1 DAGs
[2025-11-06T13:31:59.869+0000] {logging_mixin.py:188} INFO - [2025-11-06T13:31:59.868+0000] {dag.py:3823} INFO - Setting next_dagrun for example_sla_dag to 2025-11-06 13:28:00+00:00, run_after=2025-11-06 13:30:00+00:00
[2025-11-06T13:31:59.995+0000] {processor.py:183} INFO - Processing /home/airflow/.local/lib/python3.8/site-packages/airflow/example_dags/example_sla_dag.py took 0.401 seconds
[2025-11-06T13:32:32.693+0000] {processor.py:161} INFO - Started process (PID=16614) to work on /home/airflow/.local/lib/python3.8/site-packages/airflow/example_dags/example_sla_dag.py
[2025-11-06T13:32:32.699+0000] {processor.py:830} INFO - Processing file /home/airflow/.local/lib/python3.8/site-packages/airflow/example_dags/example_sla_dag.py for tasks to queue
[2025-11-06T13:32:32.708+0000] {logging_mixin.py:188} INFO - [2025-11-06T13:32:32.704+0000] {dagbag.py:538} INFO - Filling up the DagBag from /home/airflow/.local/lib/python3.8/site-packages/airflow/example_dags/example_sla_dag.py
[2025-11-06T13:32:32.746+0000] {processor.py:840} INFO - DAG(s) 'example_sla_dag' retrieved from /home/airflow/.local/lib/python3.8/site-packages/airflow/example_dags/example_sla_dag.py
[2025-11-06T13:32:32.876+0000] {logging_mixin.py:188} INFO - [2025-11-06T13:32:32.875+0000] {dag.py:3036} INFO - Sync 1 DAGs
[2025-11-06T13:32:33.013+0000] {logging_mixin.py:188} INFO - [2025-11-06T13:32:33.012+0000] {dag.py:3823} INFO - Setting next_dagrun for example_sla_dag to 2025-11-06 13:30:00+00:00, run_after=2025-11-06 13:32:00+00:00
[2025-11-06T13:32:33.118+0000] {processor.py:183} INFO - Processing /home/airflow/.local/lib/python3.8/site-packages/airflow/example_dags/example_sla_dag.py took 0.437 seconds
[2025-11-06T13:33:03.766+0000] {processor.py:161} INFO - Started process (PID=16669) to work on /home/airflow/.local/lib/python3.8/site-packages/airflow/example_dags/example_sla_dag.py
[2025-11-06T13:33:03.770+0000] {processor.py:830} INFO - Processing file /home/airflow/.local/lib/python3.8/site-packages/airflow/example_dags/example_sla_dag.py for tasks to queue
[2025-11-06T13:33:03.777+0000] {logging_mixin.py:188} INFO - [2025-11-06T13:33:03.776+0000] {dagbag.py:538} INFO - Filling up the DagBag from /home/airflow/.local/lib/python3.8/site-packages/airflow/example_dags/example_sla_dag.py
[2025-11-06T13:33:03.803+0000] {processor.py:840} INFO - DAG(s) 'example_sla_dag' retrieved from /home/airflow/.local/lib/python3.8/site-packages/airflow/example_dags/example_sla_dag.py
[2025-11-06T13:33:03.868+0000] {logging_mixin.py:188} INFO - [2025-11-06T13:33:03.866+0000] {dag.py:3036} INFO - Sync 1 DAGs
[2025-11-06T13:33:03.979+0000] {logging_mixin.py:188} INFO - [2025-11-06T13:33:03.977+0000] {dag.py:3823} INFO - Setting next_dagrun for example_sla_dag to 2025-11-06 13:30:00+00:00, run_after=2025-11-06 13:32:00+00:00
[2025-11-06T13:33:04.043+0000] {processor.py:183} INFO - Processing /home/airflow/.local/lib/python3.8/site-packages/airflow/example_dags/example_sla_dag.py took 0.292 seconds
[2025-11-06T13:33:35.212+0000] {processor.py:161} INFO - Started process (PID=16726) to work on /home/airflow/.local/lib/python3.8/site-packages/airflow/example_dags/example_sla_dag.py
[2025-11-06T13:33:35.217+0000] {processor.py:830} INFO - Processing file /home/airflow/.local/lib/python3.8/site-packages/airflow/example_dags/example_sla_dag.py for tasks to queue
[2025-11-06T13:33:35.222+0000] {logging_mixin.py:188} INFO - [2025-11-06T13:33:35.222+0000] {dagbag.py:538} INFO - Filling up the DagBag from /home/airflow/.local/lib/python3.8/site-packages/airflow/example_dags/example_sla_dag.py
[2025-11-06T13:33:35.253+0000] {processor.py:840} INFO - DAG(s) 'example_sla_dag' retrieved from /home/airflow/.local/lib/python3.8/site-packages/airflow/example_dags/example_sla_dag.py
[2025-11-06T13:33:35.312+0000] {logging_mixin.py:188} INFO - [2025-11-06T13:33:35.312+0000] {dag.py:3036} INFO - Sync 1 DAGs
[2025-11-06T13:33:35.391+0000] {logging_mixin.py:188} INFO - [2025-11-06T13:33:35.390+0000] {dag.py:3823} INFO - Setting next_dagrun for example_sla_dag to 2025-11-06 13:30:00+00:00, run_after=2025-11-06 13:32:00+00:00
[2025-11-06T13:33:35.423+0000] {processor.py:183} INFO - Processing /home/airflow/.local/lib/python3.8/site-packages/airflow/example_dags/example_sla_dag.py took 0.224 seconds
[2025-11-06T13:34:06.060+0000] {processor.py:161} INFO - Started process (PID=16781) to work on /home/airflow/.local/lib/python3.8/site-packages/airflow/example_dags/example_sla_dag.py
[2025-11-06T13:34:06.065+0000] {processor.py:830} INFO - Processing file /home/airflow/.local/lib/python3.8/site-packages/airflow/example_dags/example_sla_dag.py for tasks to queue
[2025-11-06T13:34:06.070+0000] {logging_mixin.py:188} INFO - [2025-11-06T13:34:06.069+0000] {dagbag.py:538} INFO - Filling up the DagBag from /home/airflow/.local/lib/python3.8/site-packages/airflow/example_dags/example_sla_dag.py
[2025-11-06T13:34:06.098+0000] {processor.py:840} INFO - DAG(s) 'example_sla_dag' retrieved from /home/airflow/.local/lib/python3.8/site-packages/airflow/example_dags/example_sla_dag.py
[2025-11-06T13:34:06.151+0000] {logging_mixin.py:188} INFO - [2025-11-06T13:34:06.150+0000] {dag.py:3036} INFO - Sync 1 DAGs
[2025-11-06T13:34:06.197+0000] {logging_mixin.py:188} INFO - [2025-11-06T13:34:06.196+0000] {dag.py:3823} INFO - Setting next_dagrun for example_sla_dag to 2025-11-06 13:32:00+00:00, run_after=2025-11-06 13:34:00+00:00
[2025-11-06T13:34:06.228+0000] {processor.py:183} INFO - Processing /home/airflow/.local/lib/python3.8/site-packages/airflow/example_dags/example_sla_dag.py took 0.181 seconds
[2025-11-06T13:34:37.075+0000] {processor.py:161} INFO - Started process (PID=16837) to work on /home/airflow/.local/lib/python3.8/site-packages/airflow/example_dags/example_sla_dag.py
[2025-11-06T13:34:37.080+0000] {processor.py:830} INFO - Processing file /home/airflow/.local/lib/python3.8/site-packages/airflow/example_dags/example_sla_dag.py for tasks to queue
[2025-11-06T13:34:37.087+0000] {logging_mixin.py:188} INFO - [2025-11-06T13:34:37.086+0000] {dagbag.py:538} INFO - Filling up the DagBag from /home/airflow/.local/lib/python3.8/site-packages/airflow/example_dags/example_sla_dag.py
[2025-11-06T13:34:37.132+0000] {processor.py:840} INFO - DAG(s) 'example_sla_dag' retrieved from /home/airflow/.local/lib/python3.8/site-packages/airflow/example_dags/example_sla_dag.py
[2025-11-06T13:34:37.206+0000] {logging_mixin.py:188} INFO - [2025-11-06T13:34:37.206+0000] {dag.py:3036} INFO - Sync 1 DAGs
[2025-11-06T13:34:37.298+0000] {logging_mixin.py:188} INFO - [2025-11-06T13:34:37.298+0000] {dag.py:3823} INFO - Setting next_dagrun for example_sla_dag to 2025-11-06 13:32:00+00:00, run_after=2025-11-06 13:34:00+00:00
[2025-11-06T13:34:37.388+0000] {processor.py:183} INFO - Processing /home/airflow/.local/lib/python3.8/site-packages/airflow/example_dags/example_sla_dag.py took 0.296 seconds
[2025-11-06T13:35:08.065+0000] {processor.py:161} INFO - Started process (PID=16892) to work on /home/airflow/.local/lib/python3.8/site-packages/airflow/example_dags/example_sla_dag.py
[2025-11-06T13:35:08.068+0000] {processor.py:830} INFO - Processing file /home/airflow/.local/lib/python3.8/site-packages/airflow/example_dags/example_sla_dag.py for tasks to queue
[2025-11-06T13:35:08.073+0000] {logging_mixin.py:188} INFO - [2025-11-06T13:35:08.072+0000] {dagbag.py:538} INFO - Filling up the DagBag from /home/airflow/.local/lib/python3.8/site-packages/airflow/example_dags/example_sla_dag.py
[2025-11-06T13:35:08.098+0000] {processor.py:840} INFO - DAG(s) 'example_sla_dag' retrieved from /home/airflow/.local/lib/python3.8/site-packages/airflow/example_dags/example_sla_dag.py
[2025-11-06T13:35:08.153+0000] {logging_mixin.py:188} INFO - [2025-11-06T13:35:08.152+0000] {dag.py:3036} INFO - Sync 1 DAGs
[2025-11-06T13:35:08.232+0000] {logging_mixin.py:188} INFO - [2025-11-06T13:35:08.232+0000] {dag.py:3823} INFO - Setting next_dagrun for example_sla_dag to 2025-11-06 13:32:00+00:00, run_after=2025-11-06 13:34:00+00:00
[2025-11-06T13:35:08.308+0000] {processor.py:183} INFO - Processing /home/airflow/.local/lib/python3.8/site-packages/airflow/example_dags/example_sla_dag.py took 0.255 seconds
[2025-11-06T13:35:38.843+0000] {processor.py:161} INFO - Started process (PID=16947) to work on /home/airflow/.local/lib/python3.8/site-packages/airflow/example_dags/example_sla_dag.py
[2025-11-06T13:35:38.846+0000] {processor.py:830} INFO - Processing file /home/airflow/.local/lib/python3.8/site-packages/airflow/example_dags/example_sla_dag.py for tasks to queue
[2025-11-06T13:35:38.851+0000] {logging_mixin.py:188} INFO - [2025-11-06T13:35:38.850+0000] {dagbag.py:538} INFO - Filling up the DagBag from /home/airflow/.local/lib/python3.8/site-packages/airflow/example_dags/example_sla_dag.py
[2025-11-06T13:35:38.876+0000] {processor.py:840} INFO - DAG(s) 'example_sla_dag' retrieved from /home/airflow/.local/lib/python3.8/site-packages/airflow/example_dags/example_sla_dag.py
[2025-11-06T13:35:38.926+0000] {logging_mixin.py:188} INFO - [2025-11-06T13:35:38.926+0000] {dag.py:3036} INFO - Sync 1 DAGs
[2025-11-06T13:35:39.019+0000] {logging_mixin.py:188} INFO - [2025-11-06T13:35:39.018+0000] {dag.py:3823} INFO - Setting next_dagrun for example_sla_dag to 2025-11-06 13:32:00+00:00, run_after=2025-11-06 13:34:00+00:00
[2025-11-06T13:35:39.073+0000] {processor.py:183} INFO - Processing /home/airflow/.local/lib/python3.8/site-packages/airflow/example_dags/example_sla_dag.py took 0.239 seconds
[2025-11-06T13:36:09.210+0000] {processor.py:161} INFO - Started process (PID=17001) to work on /home/airflow/.local/lib/python3.8/site-packages/airflow/example_dags/example_sla_dag.py
[2025-11-06T13:36:09.212+0000] {processor.py:830} INFO - Processing file /home/airflow/.local/lib/python3.8/site-packages/airflow/example_dags/example_sla_dag.py for tasks to queue
[2025-11-06T13:36:09.215+0000] {logging_mixin.py:188} INFO - [2025-11-06T13:36:09.215+0000] {dagbag.py:538} INFO - Filling up the DagBag from /home/airflow/.local/lib/python3.8/site-packages/airflow/example_dags/example_sla_dag.py
[2025-11-06T13:36:09.229+0000] {processor.py:840} INFO - DAG(s) 'example_sla_dag' retrieved from /home/airflow/.local/lib/python3.8/site-packages/airflow/example_dags/example_sla_dag.py
[2025-11-06T13:36:09.261+0000] {logging_mixin.py:188} INFO - [2025-11-06T13:36:09.261+0000] {dag.py:3036} INFO - Sync 1 DAGs
[2025-11-06T13:36:09.318+0000] {logging_mixin.py:188} INFO - [2025-11-06T13:36:09.318+0000] {dag.py:3823} INFO - Setting next_dagrun for example_sla_dag to 2025-11-06 13:34:00+00:00, run_after=2025-11-06 13:36:00+00:00
[2025-11-06T13:36:09.356+0000] {processor.py:183} INFO - Processing /home/airflow/.local/lib/python3.8/site-packages/airflow/example_dags/example_sla_dag.py took 0.152 seconds
[2025-11-06T13:36:39.737+0000] {processor.py:161} INFO - Started process (PID=17056) to work on /home/airflow/.local/lib/python3.8/site-packages/airflow/example_dags/example_sla_dag.py
[2025-11-06T13:36:39.739+0000] {processor.py:830} INFO - Processing file /home/airflow/.local/lib/python3.8/site-packages/airflow/example_dags/example_sla_dag.py for tasks to queue
[2025-11-06T13:36:39.744+0000] {logging_mixin.py:188} INFO - [2025-11-06T13:36:39.743+0000] {dagbag.py:538} INFO - Filling up the DagBag from /home/airflow/.local/lib/python3.8/site-packages/airflow/example_dags/example_sla_dag.py
[2025-11-06T13:36:39.767+0000] {processor.py:840} INFO - DAG(s) 'example_sla_dag' retrieved from /home/airflow/.local/lib/python3.8/site-packages/airflow/example_dags/example_sla_dag.py
[2025-11-06T13:36:39.812+0000] {logging_mixin.py:188} INFO - [2025-11-06T13:36:39.811+0000] {dag.py:3036} INFO - Sync 1 DAGs
[2025-11-06T13:36:39.874+0000] {logging_mixin.py:188} INFO - [2025-11-06T13:36:39.873+0000] {dag.py:3823} INFO - Setting next_dagrun for example_sla_dag to 2025-11-06 13:34:00+00:00, run_after=2025-11-06 13:36:00+00:00
[2025-11-06T13:36:39.927+0000] {processor.py:183} INFO - Processing /home/airflow/.local/lib/python3.8/site-packages/airflow/example_dags/example_sla_dag.py took 0.198 seconds
[2025-11-06T13:37:10.620+0000] {processor.py:161} INFO - Started process (PID=17111) to work on /home/airflow/.local/lib/python3.8/site-packages/airflow/example_dags/example_sla_dag.py
[2025-11-06T13:37:10.624+0000] {processor.py:830} INFO - Processing file /home/airflow/.local/lib/python3.8/site-packages/airflow/example_dags/example_sla_dag.py for tasks to queue
[2025-11-06T13:37:10.633+0000] {logging_mixin.py:188} INFO - [2025-11-06T13:37:10.632+0000] {dagbag.py:538} INFO - Filling up the DagBag from /home/airflow/.local/lib/python3.8/site-packages/airflow/example_dags/example_sla_dag.py
[2025-11-06T13:37:10.666+0000] {processor.py:840} INFO - DAG(s) 'example_sla_dag' retrieved from /home/airflow/.local/lib/python3.8/site-packages/airflow/example_dags/example_sla_dag.py
[2025-11-06T13:37:10.772+0000] {logging_mixin.py:188} INFO - [2025-11-06T13:37:10.772+0000] {dag.py:3036} INFO - Sync 1 DAGs
[2025-11-06T13:37:10.925+0000] {logging_mixin.py:188} INFO - [2025-11-06T13:37:10.925+0000] {dag.py:3823} INFO - Setting next_dagrun for example_sla_dag to 2025-11-06 13:34:00+00:00, run_after=2025-11-06 13:36:00+00:00
[2025-11-06T13:37:11.105+0000] {processor.py:183} INFO - Processing /home/airflow/.local/lib/python3.8/site-packages/airflow/example_dags/example_sla_dag.py took 0.499 seconds
[2025-11-06T13:37:41.499+0000] {processor.py:161} INFO - Started process (PID=17166) to work on /home/airflow/.local/lib/python3.8/site-packages/airflow/example_dags/example_sla_dag.py
[2025-11-06T13:37:41.505+0000] {processor.py:830} INFO - Processing file /home/airflow/.local/lib/python3.8/site-packages/airflow/example_dags/example_sla_dag.py for tasks to queue
[2025-11-06T13:37:41.513+0000] {logging_mixin.py:188} INFO - [2025-11-06T13:37:41.512+0000] {dagbag.py:538} INFO - Filling up the DagBag from /home/airflow/.local/lib/python3.8/site-packages/airflow/example_dags/example_sla_dag.py
[2025-11-06T13:37:41.557+0000] {processor.py:840} INFO - DAG(s) 'example_sla_dag' retrieved from /home/airflow/.local/lib/python3.8/site-packages/airflow/example_dags/example_sla_dag.py
[2025-11-06T13:37:41.716+0000] {logging_mixin.py:188} INFO - [2025-11-06T13:37:41.715+0000] {dag.py:3036} INFO - Sync 1 DAGs
[2025-11-06T13:37:41.814+0000] {logging_mixin.py:188} INFO - [2025-11-06T13:37:41.813+0000] {dag.py:3823} INFO - Setting next_dagrun for example_sla_dag to 2025-11-06 13:34:00+00:00, run_after=2025-11-06 13:36:00+00:00
[2025-11-06T13:37:41.876+0000] {processor.py:183} INFO - Processing /home/airflow/.local/lib/python3.8/site-packages/airflow/example_dags/example_sla_dag.py took 0.397 seconds
[2025-11-06T13:38:13.496+0000] {processor.py:161} INFO - Started process (PID=17221) to work on /home/airflow/.local/lib/python3.8/site-packages/airflow/example_dags/example_sla_dag.py
[2025-11-06T13:38:13.527+0000] {processor.py:830} INFO - Processing file /home/airflow/.local/lib/python3.8/site-packages/airflow/example_dags/example_sla_dag.py for tasks to queue
[2025-11-06T13:38:13.553+0000] {logging_mixin.py:188} INFO - [2025-11-06T13:38:13.552+0000] {dagbag.py:538} INFO - Filling up the DagBag from /home/airflow/.local/lib/python3.8/site-packages/airflow/example_dags/example_sla_dag.py
[2025-11-06T13:38:13.623+0000] {processor.py:840} INFO - DAG(s) 'example_sla_dag' retrieved from /home/airflow/.local/lib/python3.8/site-packages/airflow/example_dags/example_sla_dag.py
[2025-11-06T13:38:13.856+0000] {logging_mixin.py:188} INFO - [2025-11-06T13:38:13.855+0000] {dag.py:3036} INFO - Sync 1 DAGs
[2025-11-06T13:38:14.226+0000] {logging_mixin.py:188} INFO - [2025-11-06T13:38:14.225+0000] {dag.py:3823} INFO - Setting next_dagrun for example_sla_dag to 2025-11-06 13:36:00+00:00, run_after=2025-11-06 13:38:00+00:00
[2025-11-06T13:38:14.424+0000] {processor.py:183} INFO - Processing /home/airflow/.local/lib/python3.8/site-packages/airflow/example_dags/example_sla_dag.py took 0.970 seconds
[2025-11-06T13:38:45.375+0000] {processor.py:161} INFO - Started process (PID=17282) to work on /home/airflow/.local/lib/python3.8/site-packages/airflow/example_dags/example_sla_dag.py
[2025-11-06T13:38:45.396+0000] {processor.py:830} INFO - Processing file /home/airflow/.local/lib/python3.8/site-packages/airflow/example_dags/example_sla_dag.py for tasks to queue
[2025-11-06T13:38:45.413+0000] {logging_mixin.py:188} INFO - [2025-11-06T13:38:45.411+0000] {dagbag.py:538} INFO - Filling up the DagBag from /home/airflow/.local/lib/python3.8/site-packages/airflow/example_dags/example_sla_dag.py
[2025-11-06T13:38:45.484+0000] {processor.py:840} INFO - DAG(s) 'example_sla_dag' retrieved from /home/airflow/.local/lib/python3.8/site-packages/airflow/example_dags/example_sla_dag.py
[2025-11-06T13:38:45.619+0000] {logging_mixin.py:188} INFO - [2025-11-06T13:38:45.618+0000] {dag.py:3036} INFO - Sync 1 DAGs
[2025-11-06T13:38:45.764+0000] {logging_mixin.py:188} INFO - [2025-11-06T13:38:45.764+0000] {dag.py:3823} INFO - Setting next_dagrun for example_sla_dag to 2025-11-06 13:36:00+00:00, run_after=2025-11-06 13:38:00+00:00
[2025-11-06T13:38:45.881+0000] {processor.py:183} INFO - Processing /home/airflow/.local/lib/python3.8/site-packages/airflow/example_dags/example_sla_dag.py took 0.534 seconds
[2025-11-06T13:39:18.395+0000] {processor.py:161} INFO - Started process (PID=17339) to work on /home/airflow/.local/lib/python3.8/site-packages/airflow/example_dags/example_sla_dag.py
[2025-11-06T13:39:18.402+0000] {processor.py:830} INFO - Processing file /home/airflow/.local/lib/python3.8/site-packages/airflow/example_dags/example_sla_dag.py for tasks to queue
[2025-11-06T13:39:18.430+0000] {logging_mixin.py:188} INFO - [2025-11-06T13:39:18.429+0000] {dagbag.py:538} INFO - Filling up the DagBag from /home/airflow/.local/lib/python3.8/site-packages/airflow/example_dags/example_sla_dag.py
[2025-11-06T13:39:18.500+0000] {processor.py:840} INFO - DAG(s) 'example_sla_dag' retrieved from /home/airflow/.local/lib/python3.8/site-packages/airflow/example_dags/example_sla_dag.py
[2025-11-06T13:39:18.669+0000] {logging_mixin.py:188} INFO - [2025-11-06T13:39:18.669+0000] {dag.py:3036} INFO - Sync 1 DAGs
[2025-11-06T13:39:18.884+0000] {logging_mixin.py:188} INFO - [2025-11-06T13:39:18.883+0000] {dag.py:3823} INFO - Setting next_dagrun for example_sla_dag to 2025-11-06 13:36:00+00:00, run_after=2025-11-06 13:38:00+00:00
[2025-11-06T13:39:18.993+0000] {processor.py:183} INFO - Processing /home/airflow/.local/lib/python3.8/site-packages/airflow/example_dags/example_sla_dag.py took 0.611 seconds
[2025-11-06T13:39:50.227+0000] {processor.py:161} INFO - Started process (PID=17397) to work on /home/airflow/.local/lib/python3.8/site-packages/airflow/example_dags/example_sla_dag.py
[2025-11-06T13:39:50.230+0000] {processor.py:830} INFO - Processing file /home/airflow/.local/lib/python3.8/site-packages/airflow/example_dags/example_sla_dag.py for tasks to queue
[2025-11-06T13:39:50.239+0000] {logging_mixin.py:188} INFO - [2025-11-06T13:39:50.238+0000] {dagbag.py:538} INFO - Filling up the DagBag from /home/airflow/.local/lib/python3.8/site-packages/airflow/example_dags/example_sla_dag.py
[2025-11-06T13:39:50.278+0000] {processor.py:840} INFO - DAG(s) 'example_sla_dag' retrieved from /home/airflow/.local/lib/python3.8/site-packages/airflow/example_dags/example_sla_dag.py
[2025-11-06T13:39:50.356+0000] {logging_mixin.py:188} INFO - [2025-11-06T13:39:50.356+0000] {dag.py:3036} INFO - Sync 1 DAGs
[2025-11-06T13:39:50.783+0000] {logging_mixin.py:188} INFO - [2025-11-06T13:39:50.782+0000] {dag.py:3823} INFO - Setting next_dagrun for example_sla_dag to 2025-11-06 13:36:00+00:00, run_after=2025-11-06 13:38:00+00:00
[2025-11-06T13:39:50.833+0000] {processor.py:183} INFO - Processing /home/airflow/.local/lib/python3.8/site-packages/airflow/example_dags/example_sla_dag.py took 0.617 seconds
[2025-11-06T13:40:23.281+0000] {processor.py:161} INFO - Started process (PID=17455) to work on /home/airflow/.local/lib/python3.8/site-packages/airflow/example_dags/example_sla_dag.py
[2025-11-06T13:40:23.286+0000] {processor.py:830} INFO - Processing file /home/airflow/.local/lib/python3.8/site-packages/airflow/example_dags/example_sla_dag.py for tasks to queue
[2025-11-06T13:40:23.293+0000] {logging_mixin.py:188} INFO - [2025-11-06T13:40:23.292+0000] {dagbag.py:538} INFO - Filling up the DagBag from /home/airflow/.local/lib/python3.8/site-packages/airflow/example_dags/example_sla_dag.py
[2025-11-06T13:40:23.334+0000] {processor.py:840} INFO - DAG(s) 'example_sla_dag' retrieved from /home/airflow/.local/lib/python3.8/site-packages/airflow/example_dags/example_sla_dag.py
[2025-11-06T13:40:23.439+0000] {logging_mixin.py:188} INFO - [2025-11-06T13:40:23.438+0000] {dag.py:3036} INFO - Sync 1 DAGs
[2025-11-06T13:40:23.903+0000] {logging_mixin.py:188} INFO - [2025-11-06T13:40:23.902+0000] {dag.py:3823} INFO - Setting next_dagrun for example_sla_dag to 2025-11-06 13:38:00+00:00, run_after=2025-11-06 13:40:00+00:00
[2025-11-06T13:40:23.960+0000] {processor.py:183} INFO - Processing /home/airflow/.local/lib/python3.8/site-packages/airflow/example_dags/example_sla_dag.py took 0.697 seconds
[2025-11-06T13:40:54.976+0000] {processor.py:161} INFO - Started process (PID=17511) to work on /home/airflow/.local/lib/python3.8/site-packages/airflow/example_dags/example_sla_dag.py
[2025-11-06T13:40:54.980+0000] {processor.py:830} INFO - Processing file /home/airflow/.local/lib/python3.8/site-packages/airflow/example_dags/example_sla_dag.py for tasks to queue
[2025-11-06T13:40:54.987+0000] {logging_mixin.py:188} INFO - [2025-11-06T13:40:54.986+0000] {dagbag.py:538} INFO - Filling up the DagBag from /home/airflow/.local/lib/python3.8/site-packages/airflow/example_dags/example_sla_dag.py
[2025-11-06T13:40:55.020+0000] {processor.py:840} INFO - DAG(s) 'example_sla_dag' retrieved from /home/airflow/.local/lib/python3.8/site-packages/airflow/example_dags/example_sla_dag.py
[2025-11-06T13:40:55.083+0000] {logging_mixin.py:188} INFO - [2025-11-06T13:40:55.082+0000] {dag.py:3036} INFO - Sync 1 DAGs
[2025-11-06T13:40:55.148+0000] {logging_mixin.py:188} INFO - [2025-11-06T13:40:55.148+0000] {dag.py:3823} INFO - Setting next_dagrun for example_sla_dag to 2025-11-06 13:38:00+00:00, run_after=2025-11-06 13:40:00+00:00
[2025-11-06T13:40:55.589+0000] {processor.py:183} INFO - Processing /home/airflow/.local/lib/python3.8/site-packages/airflow/example_dags/example_sla_dag.py took 0.625 seconds
[2025-11-06T13:41:25.894+0000] {processor.py:161} INFO - Started process (PID=17566) to work on /home/airflow/.local/lib/python3.8/site-packages/airflow/example_dags/example_sla_dag.py
[2025-11-06T13:41:25.898+0000] {processor.py:830} INFO - Processing file /home/airflow/.local/lib/python3.8/site-packages/airflow/example_dags/example_sla_dag.py for tasks to queue
[2025-11-06T13:41:25.906+0000] {logging_mixin.py:188} INFO - [2025-11-06T13:41:25.905+0000] {dagbag.py:538} INFO - Filling up the DagBag from /home/airflow/.local/lib/python3.8/site-packages/airflow/example_dags/example_sla_dag.py
[2025-11-06T13:41:25.949+0000] {processor.py:840} INFO - DAG(s) 'example_sla_dag' retrieved from /home/airflow/.local/lib/python3.8/site-packages/airflow/example_dags/example_sla_dag.py
[2025-11-06T13:41:26.018+0000] {logging_mixin.py:188} INFO - [2025-11-06T13:41:26.017+0000] {dag.py:3036} INFO - Sync 1 DAGs
[2025-11-06T13:41:26.080+0000] {logging_mixin.py:188} INFO - [2025-11-06T13:41:26.079+0000] {dag.py:3823} INFO - Setting next_dagrun for example_sla_dag to 2025-11-06 13:38:00+00:00, run_after=2025-11-06 13:40:00+00:00
[2025-11-06T13:41:26.119+0000] {processor.py:183} INFO - Processing /home/airflow/.local/lib/python3.8/site-packages/airflow/example_dags/example_sla_dag.py took 0.246 seconds
[2025-11-06T13:41:56.527+0000] {processor.py:161} INFO - Started process (PID=17622) to work on /home/airflow/.local/lib/python3.8/site-packages/airflow/example_dags/example_sla_dag.py
[2025-11-06T13:41:56.533+0000] {processor.py:830} INFO - Processing file /home/airflow/.local/lib/python3.8/site-packages/airflow/example_dags/example_sla_dag.py for tasks to queue
[2025-11-06T13:41:56.540+0000] {logging_mixin.py:188} INFO - [2025-11-06T13:41:56.539+0000] {dagbag.py:538} INFO - Filling up the DagBag from /home/airflow/.local/lib/python3.8/site-packages/airflow/example_dags/example_sla_dag.py
[2025-11-06T13:41:56.574+0000] {processor.py:840} INFO - DAG(s) 'example_sla_dag' retrieved from /home/airflow/.local/lib/python3.8/site-packages/airflow/example_dags/example_sla_dag.py
[2025-11-06T13:41:56.626+0000] {logging_mixin.py:188} INFO - [2025-11-06T13:41:56.626+0000] {dag.py:3036} INFO - Sync 1 DAGs
[2025-11-06T13:41:56.696+0000] {logging_mixin.py:188} INFO - [2025-11-06T13:41:56.695+0000] {dag.py:3823} INFO - Setting next_dagrun for example_sla_dag to 2025-11-06 13:38:00+00:00, run_after=2025-11-06 13:40:00+00:00
[2025-11-06T13:41:56.747+0000] {processor.py:183} INFO - Processing /home/airflow/.local/lib/python3.8/site-packages/airflow/example_dags/example_sla_dag.py took 0.231 seconds
[2025-11-06T13:42:27.484+0000] {processor.py:161} INFO - Started process (PID=17677) to work on /home/airflow/.local/lib/python3.8/site-packages/airflow/example_dags/example_sla_dag.py
[2025-11-06T13:42:27.486+0000] {processor.py:830} INFO - Processing file /home/airflow/.local/lib/python3.8/site-packages/airflow/example_dags/example_sla_dag.py for tasks to queue
[2025-11-06T13:42:27.490+0000] {logging_mixin.py:188} INFO - [2025-11-06T13:42:27.490+0000] {dagbag.py:538} INFO - Filling up the DagBag from /home/airflow/.local/lib/python3.8/site-packages/airflow/example_dags/example_sla_dag.py
[2025-11-06T13:42:27.513+0000] {processor.py:840} INFO - DAG(s) 'example_sla_dag' retrieved from /home/airflow/.local/lib/python3.8/site-packages/airflow/example_dags/example_sla_dag.py
[2025-11-06T13:42:27.893+0000] {logging_mixin.py:188} INFO - [2025-11-06T13:42:27.893+0000] {dag.py:3036} INFO - Sync 1 DAGs
[2025-11-06T13:42:27.994+0000] {logging_mixin.py:188} INFO - [2025-11-06T13:42:27.993+0000] {dag.py:3823} INFO - Setting next_dagrun for example_sla_dag to 2025-11-06 13:40:00+00:00, run_after=2025-11-06 13:42:00+00:00
[2025-11-06T13:42:28.063+0000] {processor.py:183} INFO - Processing /home/airflow/.local/lib/python3.8/site-packages/airflow/example_dags/example_sla_dag.py took 0.587 seconds
[2025-11-06T13:42:58.278+0000] {processor.py:161} INFO - Started process (PID=17732) to work on /home/airflow/.local/lib/python3.8/site-packages/airflow/example_dags/example_sla_dag.py
[2025-11-06T13:42:58.280+0000] {processor.py:830} INFO - Processing file /home/airflow/.local/lib/python3.8/site-packages/airflow/example_dags/example_sla_dag.py for tasks to queue
[2025-11-06T13:42:58.285+0000] {logging_mixin.py:188} INFO - [2025-11-06T13:42:58.284+0000] {dagbag.py:538} INFO - Filling up the DagBag from /home/airflow/.local/lib/python3.8/site-packages/airflow/example_dags/example_sla_dag.py
[2025-11-06T13:42:58.305+0000] {processor.py:840} INFO - DAG(s) 'example_sla_dag' retrieved from /home/airflow/.local/lib/python3.8/site-packages/airflow/example_dags/example_sla_dag.py
[2025-11-06T13:42:58.351+0000] {logging_mixin.py:188} INFO - [2025-11-06T13:42:58.350+0000] {dag.py:3036} INFO - Sync 1 DAGs
[2025-11-06T13:42:58.412+0000] {logging_mixin.py:188} INFO - [2025-11-06T13:42:58.411+0000] {dag.py:3823} INFO - Setting next_dagrun for example_sla_dag to 2025-11-06 13:40:00+00:00, run_after=2025-11-06 13:42:00+00:00
[2025-11-06T13:42:58.457+0000] {processor.py:183} INFO - Processing /home/airflow/.local/lib/python3.8/site-packages/airflow/example_dags/example_sla_dag.py took 0.186 seconds
[2025-11-06T13:43:29.437+0000] {processor.py:161} INFO - Started process (PID=17788) to work on /home/airflow/.local/lib/python3.8/site-packages/airflow/example_dags/example_sla_dag.py
[2025-11-06T13:43:29.439+0000] {processor.py:830} INFO - Processing file /home/airflow/.local/lib/python3.8/site-packages/airflow/example_dags/example_sla_dag.py for tasks to queue
[2025-11-06T13:43:29.442+0000] {logging_mixin.py:188} INFO - [2025-11-06T13:43:29.442+0000] {dagbag.py:538} INFO - Filling up the DagBag from /home/airflow/.local/lib/python3.8/site-packages/airflow/example_dags/example_sla_dag.py
[2025-11-06T13:43:29.461+0000] {processor.py:840} INFO - DAG(s) 'example_sla_dag' retrieved from /home/airflow/.local/lib/python3.8/site-packages/airflow/example_dags/example_sla_dag.py
[2025-11-06T13:43:29.498+0000] {logging_mixin.py:188} INFO - [2025-11-06T13:43:29.498+0000] {dag.py:3036} INFO - Sync 1 DAGs
[2025-11-06T13:43:29.555+0000] {logging_mixin.py:188} INFO - [2025-11-06T13:43:29.555+0000] {dag.py:3823} INFO - Setting next_dagrun for example_sla_dag to 2025-11-06 13:40:00+00:00, run_after=2025-11-06 13:42:00+00:00
[2025-11-06T13:43:29.591+0000] {processor.py:183} INFO - Processing /home/airflow/.local/lib/python3.8/site-packages/airflow/example_dags/example_sla_dag.py took 0.161 seconds
[2025-11-06T13:44:01.563+0000] {processor.py:161} INFO - Started process (PID=17843) to work on /home/airflow/.local/lib/python3.8/site-packages/airflow/example_dags/example_sla_dag.py
[2025-11-06T13:44:01.569+0000] {processor.py:830} INFO - Processing file /home/airflow/.local/lib/python3.8/site-packages/airflow/example_dags/example_sla_dag.py for tasks to queue
[2025-11-06T13:44:01.577+0000] {logging_mixin.py:188} INFO - [2025-11-06T13:44:01.576+0000] {dagbag.py:538} INFO - Filling up the DagBag from /home/airflow/.local/lib/python3.8/site-packages/airflow/example_dags/example_sla_dag.py
[2025-11-06T13:44:01.615+0000] {processor.py:840} INFO - DAG(s) 'example_sla_dag' retrieved from /home/airflow/.local/lib/python3.8/site-packages/airflow/example_dags/example_sla_dag.py
[2025-11-06T13:44:01.697+0000] {logging_mixin.py:188} INFO - [2025-11-06T13:44:01.696+0000] {dag.py:3036} INFO - Sync 1 DAGs
[2025-11-06T13:44:01.834+0000] {logging_mixin.py:188} INFO - [2025-11-06T13:44:01.833+0000] {dag.py:3823} INFO - Setting next_dagrun for example_sla_dag to 2025-11-06 13:42:00+00:00, run_after=2025-11-06 13:44:00+00:00
[2025-11-06T13:44:01.932+0000] {processor.py:183} INFO - Processing /home/airflow/.local/lib/python3.8/site-packages/airflow/example_dags/example_sla_dag.py took 0.389 seconds
[2025-11-06T13:44:32.759+0000] {processor.py:161} INFO - Started process (PID=17896) to work on /home/airflow/.local/lib/python3.8/site-packages/airflow/example_dags/example_sla_dag.py
[2025-11-06T13:44:32.763+0000] {processor.py:830} INFO - Processing file /home/airflow/.local/lib/python3.8/site-packages/airflow/example_dags/example_sla_dag.py for tasks to queue
[2025-11-06T13:44:32.769+0000] {logging_mixin.py:188} INFO - [2025-11-06T13:44:32.768+0000] {dagbag.py:538} INFO - Filling up the DagBag from /home/airflow/.local/lib/python3.8/site-packages/airflow/example_dags/example_sla_dag.py
[2025-11-06T13:44:32.805+0000] {processor.py:840} INFO - DAG(s) 'example_sla_dag' retrieved from /home/airflow/.local/lib/python3.8/site-packages/airflow/example_dags/example_sla_dag.py
[2025-11-06T13:44:32.883+0000] {logging_mixin.py:188} INFO - [2025-11-06T13:44:32.883+0000] {dag.py:3036} INFO - Sync 1 DAGs
[2025-11-06T13:44:32.976+0000] {logging_mixin.py:188} INFO - [2025-11-06T13:44:32.976+0000] {dag.py:3823} INFO - Setting next_dagrun for example_sla_dag to 2025-11-06 13:42:00+00:00, run_after=2025-11-06 13:44:00+00:00
[2025-11-06T13:44:33.029+0000] {processor.py:183} INFO - Processing /home/airflow/.local/lib/python3.8/site-packages/airflow/example_dags/example_sla_dag.py took 0.284 seconds
[2025-11-06T13:45:03.445+0000] {processor.py:161} INFO - Started process (PID=17951) to work on /home/airflow/.local/lib/python3.8/site-packages/airflow/example_dags/example_sla_dag.py
[2025-11-06T13:45:03.447+0000] {processor.py:830} INFO - Processing file /home/airflow/.local/lib/python3.8/site-packages/airflow/example_dags/example_sla_dag.py for tasks to queue
[2025-11-06T13:45:03.451+0000] {logging_mixin.py:188} INFO - [2025-11-06T13:45:03.450+0000] {dagbag.py:538} INFO - Filling up the DagBag from /home/airflow/.local/lib/python3.8/site-packages/airflow/example_dags/example_sla_dag.py
[2025-11-06T13:45:03.467+0000] {processor.py:840} INFO - DAG(s) 'example_sla_dag' retrieved from /home/airflow/.local/lib/python3.8/site-packages/airflow/example_dags/example_sla_dag.py
[2025-11-06T13:45:03.500+0000] {logging_mixin.py:188} INFO - [2025-11-06T13:45:03.500+0000] {dag.py:3036} INFO - Sync 1 DAGs
[2025-11-06T13:45:03.544+0000] {logging_mixin.py:188} INFO - [2025-11-06T13:45:03.543+0000] {dag.py:3823} INFO - Setting next_dagrun for example_sla_dag to 2025-11-06 13:42:00+00:00, run_after=2025-11-06 13:44:00+00:00
[2025-11-06T13:45:03.578+0000] {processor.py:183} INFO - Processing /home/airflow/.local/lib/python3.8/site-packages/airflow/example_dags/example_sla_dag.py took 0.139 seconds
[2025-11-06T13:45:33.944+0000] {processor.py:161} INFO - Started process (PID=18006) to work on /home/airflow/.local/lib/python3.8/site-packages/airflow/example_dags/example_sla_dag.py
[2025-11-06T13:45:33.947+0000] {processor.py:830} INFO - Processing file /home/airflow/.local/lib/python3.8/site-packages/airflow/example_dags/example_sla_dag.py for tasks to queue
[2025-11-06T13:45:33.951+0000] {logging_mixin.py:188} INFO - [2025-11-06T13:45:33.950+0000] {dagbag.py:538} INFO - Filling up the DagBag from /home/airflow/.local/lib/python3.8/site-packages/airflow/example_dags/example_sla_dag.py
[2025-11-06T13:45:33.969+0000] {processor.py:840} INFO - DAG(s) 'example_sla_dag' retrieved from /home/airflow/.local/lib/python3.8/site-packages/airflow/example_dags/example_sla_dag.py
[2025-11-06T13:45:34.004+0000] {logging_mixin.py:188} INFO - [2025-11-06T13:45:34.004+0000] {dag.py:3036} INFO - Sync 1 DAGs
[2025-11-06T13:45:34.048+0000] {logging_mixin.py:188} INFO - [2025-11-06T13:45:34.048+0000] {dag.py:3823} INFO - Setting next_dagrun for example_sla_dag to 2025-11-06 13:42:00+00:00, run_after=2025-11-06 13:44:00+00:00
[2025-11-06T13:45:34.081+0000] {processor.py:183} INFO - Processing /home/airflow/.local/lib/python3.8/site-packages/airflow/example_dags/example_sla_dag.py took 0.144 seconds
[2025-11-06T13:46:04.415+0000] {processor.py:161} INFO - Started process (PID=18061) to work on /home/airflow/.local/lib/python3.8/site-packages/airflow/example_dags/example_sla_dag.py
[2025-11-06T13:46:04.418+0000] {processor.py:830} INFO - Processing file /home/airflow/.local/lib/python3.8/site-packages/airflow/example_dags/example_sla_dag.py for tasks to queue
[2025-11-06T13:46:04.425+0000] {logging_mixin.py:188} INFO - [2025-11-06T13:46:04.424+0000] {dagbag.py:538} INFO - Filling up the DagBag from /home/airflow/.local/lib/python3.8/site-packages/airflow/example_dags/example_sla_dag.py
[2025-11-06T13:46:04.455+0000] {processor.py:840} INFO - DAG(s) 'example_sla_dag' retrieved from /home/airflow/.local/lib/python3.8/site-packages/airflow/example_dags/example_sla_dag.py
[2025-11-06T13:46:04.511+0000] {logging_mixin.py:188} INFO - [2025-11-06T13:46:04.510+0000] {dag.py:3036} INFO - Sync 1 DAGs
[2025-11-06T13:46:04.592+0000] {logging_mixin.py:188} INFO - [2025-11-06T13:46:04.591+0000] {dag.py:3823} INFO - Setting next_dagrun for example_sla_dag to 2025-11-06 13:44:00+00:00, run_after=2025-11-06 13:46:00+00:00
[2025-11-06T13:46:04.650+0000] {processor.py:183} INFO - Processing /home/airflow/.local/lib/python3.8/site-packages/airflow/example_dags/example_sla_dag.py took 0.246 seconds
[2025-11-06T13:46:36.489+0000] {processor.py:161} INFO - Started process (PID=18117) to work on /home/airflow/.local/lib/python3.8/site-packages/airflow/example_dags/example_sla_dag.py
[2025-11-06T13:46:36.506+0000] {processor.py:830} INFO - Processing file /home/airflow/.local/lib/python3.8/site-packages/airflow/example_dags/example_sla_dag.py for tasks to queue
[2025-11-06T13:46:36.528+0000] {logging_mixin.py:188} INFO - [2025-11-06T13:46:36.527+0000] {dagbag.py:538} INFO - Filling up the DagBag from /home/airflow/.local/lib/python3.8/site-packages/airflow/example_dags/example_sla_dag.py
[2025-11-06T13:46:36.589+0000] {processor.py:840} INFO - DAG(s) 'example_sla_dag' retrieved from /home/airflow/.local/lib/python3.8/site-packages/airflow/example_dags/example_sla_dag.py
[2025-11-06T13:46:36.726+0000] {logging_mixin.py:188} INFO - [2025-11-06T13:46:36.726+0000] {dag.py:3036} INFO - Sync 1 DAGs
[2025-11-06T13:46:36.948+0000] {logging_mixin.py:188} INFO - [2025-11-06T13:46:36.948+0000] {dag.py:3823} INFO - Setting next_dagrun for example_sla_dag to 2025-11-06 13:44:00+00:00, run_after=2025-11-06 13:46:00+00:00
[2025-11-06T13:46:37.094+0000] {processor.py:183} INFO - Processing /home/airflow/.local/lib/python3.8/site-packages/airflow/example_dags/example_sla_dag.py took 0.628 seconds
[2025-11-06T13:47:07.456+0000] {processor.py:161} INFO - Started process (PID=18172) to work on /home/airflow/.local/lib/python3.8/site-packages/airflow/example_dags/example_sla_dag.py
[2025-11-06T13:47:07.458+0000] {processor.py:830} INFO - Processing file /home/airflow/.local/lib/python3.8/site-packages/airflow/example_dags/example_sla_dag.py for tasks to queue
[2025-11-06T13:47:07.463+0000] {logging_mixin.py:188} INFO - [2025-11-06T13:47:07.462+0000] {dagbag.py:538} INFO - Filling up the DagBag from /home/airflow/.local/lib/python3.8/site-packages/airflow/example_dags/example_sla_dag.py
[2025-11-06T13:47:07.488+0000] {processor.py:840} INFO - DAG(s) 'example_sla_dag' retrieved from /home/airflow/.local/lib/python3.8/site-packages/airflow/example_dags/example_sla_dag.py
[2025-11-06T13:47:07.541+0000] {logging_mixin.py:188} INFO - [2025-11-06T13:47:07.541+0000] {dag.py:3036} INFO - Sync 1 DAGs
[2025-11-06T13:47:07.609+0000] {logging_mixin.py:188} INFO - [2025-11-06T13:47:07.608+0000] {dag.py:3823} INFO - Setting next_dagrun for example_sla_dag to 2025-11-06 13:44:00+00:00, run_after=2025-11-06 13:46:00+00:00
[2025-11-06T13:47:07.659+0000] {processor.py:183} INFO - Processing /home/airflow/.local/lib/python3.8/site-packages/airflow/example_dags/example_sla_dag.py took 0.212 seconds
[2025-11-06T13:47:38.190+0000] {processor.py:161} INFO - Started process (PID=18227) to work on /home/airflow/.local/lib/python3.8/site-packages/airflow/example_dags/example_sla_dag.py
[2025-11-06T13:47:38.198+0000] {processor.py:830} INFO - Processing file /home/airflow/.local/lib/python3.8/site-packages/airflow/example_dags/example_sla_dag.py for tasks to queue
[2025-11-06T13:47:38.207+0000] {logging_mixin.py:188} INFO - [2025-11-06T13:47:38.206+0000] {dagbag.py:538} INFO - Filling up the DagBag from /home/airflow/.local/lib/python3.8/site-packages/airflow/example_dags/example_sla_dag.py
[2025-11-06T13:47:38.254+0000] {processor.py:840} INFO - DAG(s) 'example_sla_dag' retrieved from /home/airflow/.local/lib/python3.8/site-packages/airflow/example_dags/example_sla_dag.py
[2025-11-06T13:47:38.416+0000] {logging_mixin.py:188} INFO - [2025-11-06T13:47:38.405+0000] {dag.py:3036} INFO - Sync 1 DAGs
[2025-11-06T13:47:38.576+0000] {logging_mixin.py:188} INFO - [2025-11-06T13:47:38.576+0000] {dag.py:3823} INFO - Setting next_dagrun for example_sla_dag to 2025-11-06 13:44:00+00:00, run_after=2025-11-06 13:46:00+00:00
[2025-11-06T13:47:38.702+0000] {processor.py:183} INFO - Processing /home/airflow/.local/lib/python3.8/site-packages/airflow/example_dags/example_sla_dag.py took 0.514 seconds
[2025-11-06T13:48:09.566+0000] {processor.py:161} INFO - Started process (PID=18283) to work on /home/airflow/.local/lib/python3.8/site-packages/airflow/example_dags/example_sla_dag.py
[2025-11-06T13:48:09.569+0000] {processor.py:830} INFO - Processing file /home/airflow/.local/lib/python3.8/site-packages/airflow/example_dags/example_sla_dag.py for tasks to queue
[2025-11-06T13:48:09.576+0000] {logging_mixin.py:188} INFO - [2025-11-06T13:48:09.575+0000] {dagbag.py:538} INFO - Filling up the DagBag from /home/airflow/.local/lib/python3.8/site-packages/airflow/example_dags/example_sla_dag.py
[2025-11-06T13:48:09.602+0000] {processor.py:840} INFO - DAG(s) 'example_sla_dag' retrieved from /home/airflow/.local/lib/python3.8/site-packages/airflow/example_dags/example_sla_dag.py
[2025-11-06T13:48:09.652+0000] {logging_mixin.py:188} INFO - [2025-11-06T13:48:09.651+0000] {dag.py:3036} INFO - Sync 1 DAGs
[2025-11-06T13:48:09.716+0000] {logging_mixin.py:188} INFO - [2025-11-06T13:48:09.715+0000] {dag.py:3823} INFO - Setting next_dagrun for example_sla_dag to 2025-11-06 13:46:00+00:00, run_after=2025-11-06 13:48:00+00:00
[2025-11-06T13:48:09.762+0000] {processor.py:183} INFO - Processing /home/airflow/.local/lib/python3.8/site-packages/airflow/example_dags/example_sla_dag.py took 0.211 seconds
[2025-11-06T13:48:40.144+0000] {processor.py:161} INFO - Started process (PID=18338) to work on /home/airflow/.local/lib/python3.8/site-packages/airflow/example_dags/example_sla_dag.py
[2025-11-06T13:48:40.160+0000] {processor.py:830} INFO - Processing file /home/airflow/.local/lib/python3.8/site-packages/airflow/example_dags/example_sla_dag.py for tasks to queue
[2025-11-06T13:48:40.192+0000] {logging_mixin.py:188} INFO - [2025-11-06T13:48:40.191+0000] {dagbag.py:538} INFO - Filling up the DagBag from /home/airflow/.local/lib/python3.8/site-packages/airflow/example_dags/example_sla_dag.py
[2025-11-06T13:48:40.322+0000] {processor.py:840} INFO - DAG(s) 'example_sla_dag' retrieved from /home/airflow/.local/lib/python3.8/site-packages/airflow/example_dags/example_sla_dag.py
[2025-11-06T13:48:40.490+0000] {logging_mixin.py:188} INFO - [2025-11-06T13:48:40.489+0000] {dag.py:3036} INFO - Sync 1 DAGs
[2025-11-06T13:48:40.705+0000] {logging_mixin.py:188} INFO - [2025-11-06T13:48:40.704+0000] {dag.py:3823} INFO - Setting next_dagrun for example_sla_dag to 2025-11-06 13:46:00+00:00, run_after=2025-11-06 13:48:00+00:00
[2025-11-06T13:48:40.857+0000] {processor.py:183} INFO - Processing /home/airflow/.local/lib/python3.8/site-packages/airflow/example_dags/example_sla_dag.py took 0.741 seconds
[2025-11-06T13:49:11.992+0000] {processor.py:161} INFO - Started process (PID=18393) to work on /home/airflow/.local/lib/python3.8/site-packages/airflow/example_dags/example_sla_dag.py
[2025-11-06T13:49:11.998+0000] {processor.py:830} INFO - Processing file /home/airflow/.local/lib/python3.8/site-packages/airflow/example_dags/example_sla_dag.py for tasks to queue
[2025-11-06T13:49:12.017+0000] {logging_mixin.py:188} INFO - [2025-11-06T13:49:12.016+0000] {dagbag.py:538} INFO - Filling up the DagBag from /home/airflow/.local/lib/python3.8/site-packages/airflow/example_dags/example_sla_dag.py
[2025-11-06T13:49:12.117+0000] {processor.py:840} INFO - DAG(s) 'example_sla_dag' retrieved from /home/airflow/.local/lib/python3.8/site-packages/airflow/example_dags/example_sla_dag.py
[2025-11-06T13:49:12.260+0000] {logging_mixin.py:188} INFO - [2025-11-06T13:49:12.259+0000] {dag.py:3036} INFO - Sync 1 DAGs
[2025-11-06T13:49:12.460+0000] {logging_mixin.py:188} INFO - [2025-11-06T13:49:12.459+0000] {dag.py:3823} INFO - Setting next_dagrun for example_sla_dag to 2025-11-06 13:46:00+00:00, run_after=2025-11-06 13:48:00+00:00
[2025-11-06T13:49:12.564+0000] {processor.py:183} INFO - Processing /home/airflow/.local/lib/python3.8/site-packages/airflow/example_dags/example_sla_dag.py took 0.619 seconds
[2025-11-06T13:49:43.215+0000] {processor.py:161} INFO - Started process (PID=18449) to work on /home/airflow/.local/lib/python3.8/site-packages/airflow/example_dags/example_sla_dag.py
[2025-11-06T13:49:43.217+0000] {processor.py:830} INFO - Processing file /home/airflow/.local/lib/python3.8/site-packages/airflow/example_dags/example_sla_dag.py for tasks to queue
[2025-11-06T13:49:43.220+0000] {logging_mixin.py:188} INFO - [2025-11-06T13:49:43.220+0000] {dagbag.py:538} INFO - Filling up the DagBag from /home/airflow/.local/lib/python3.8/site-packages/airflow/example_dags/example_sla_dag.py
[2025-11-06T13:49:43.235+0000] {processor.py:840} INFO - DAG(s) 'example_sla_dag' retrieved from /home/airflow/.local/lib/python3.8/site-packages/airflow/example_dags/example_sla_dag.py
[2025-11-06T13:49:43.268+0000] {logging_mixin.py:188} INFO - [2025-11-06T13:49:43.268+0000] {dag.py:3036} INFO - Sync 1 DAGs
[2025-11-06T13:49:43.309+0000] {logging_mixin.py:188} INFO - [2025-11-06T13:49:43.308+0000] {dag.py:3823} INFO - Setting next_dagrun for example_sla_dag to 2025-11-06 13:46:00+00:00, run_after=2025-11-06 13:48:00+00:00
[2025-11-06T13:49:43.344+0000] {processor.py:183} INFO - Processing /home/airflow/.local/lib/python3.8/site-packages/airflow/example_dags/example_sla_dag.py took 0.135 seconds
[2025-11-06T13:50:13.561+0000] {processor.py:161} INFO - Started process (PID=18504) to work on /home/airflow/.local/lib/python3.8/site-packages/airflow/example_dags/example_sla_dag.py
[2025-11-06T13:50:13.564+0000] {processor.py:830} INFO - Processing file /home/airflow/.local/lib/python3.8/site-packages/airflow/example_dags/example_sla_dag.py for tasks to queue
[2025-11-06T13:50:13.571+0000] {logging_mixin.py:188} INFO - [2025-11-06T13:50:13.570+0000] {dagbag.py:538} INFO - Filling up the DagBag from /home/airflow/.local/lib/python3.8/site-packages/airflow/example_dags/example_sla_dag.py
[2025-11-06T13:50:13.590+0000] {processor.py:840} INFO - DAG(s) 'example_sla_dag' retrieved from /home/airflow/.local/lib/python3.8/site-packages/airflow/example_dags/example_sla_dag.py
[2025-11-06T13:50:13.627+0000] {logging_mixin.py:188} INFO - [2025-11-06T13:50:13.626+0000] {dag.py:3036} INFO - Sync 1 DAGs
[2025-11-06T13:50:13.689+0000] {logging_mixin.py:188} INFO - [2025-11-06T13:50:13.688+0000] {dag.py:3823} INFO - Setting next_dagrun for example_sla_dag to 2025-11-06 13:48:00+00:00, run_after=2025-11-06 13:50:00+00:00
[2025-11-06T13:50:13.727+0000] {processor.py:183} INFO - Processing /home/airflow/.local/lib/python3.8/site-packages/airflow/example_dags/example_sla_dag.py took 0.172 seconds
[2025-11-06T13:50:44.163+0000] {processor.py:161} INFO - Started process (PID=18559) to work on /home/airflow/.local/lib/python3.8/site-packages/airflow/example_dags/example_sla_dag.py
[2025-11-06T13:50:44.165+0000] {processor.py:830} INFO - Processing file /home/airflow/.local/lib/python3.8/site-packages/airflow/example_dags/example_sla_dag.py for tasks to queue
[2025-11-06T13:50:44.170+0000] {logging_mixin.py:188} INFO - [2025-11-06T13:50:44.169+0000] {dagbag.py:538} INFO - Filling up the DagBag from /home/airflow/.local/lib/python3.8/site-packages/airflow/example_dags/example_sla_dag.py
[2025-11-06T13:50:44.186+0000] {processor.py:840} INFO - DAG(s) 'example_sla_dag' retrieved from /home/airflow/.local/lib/python3.8/site-packages/airflow/example_dags/example_sla_dag.py
[2025-11-06T13:50:44.231+0000] {logging_mixin.py:188} INFO - [2025-11-06T13:50:44.231+0000] {dag.py:3036} INFO - Sync 1 DAGs
[2025-11-06T13:50:44.301+0000] {logging_mixin.py:188} INFO - [2025-11-06T13:50:44.300+0000] {dag.py:3823} INFO - Setting next_dagrun for example_sla_dag to 2025-11-06 13:48:00+00:00, run_after=2025-11-06 13:50:00+00:00
[2025-11-06T13:50:44.342+0000] {processor.py:183} INFO - Processing /home/airflow/.local/lib/python3.8/site-packages/airflow/example_dags/example_sla_dag.py took 0.184 seconds
[2025-11-06T13:51:14.813+0000] {processor.py:161} INFO - Started process (PID=18614) to work on /home/airflow/.local/lib/python3.8/site-packages/airflow/example_dags/example_sla_dag.py
[2025-11-06T13:51:14.815+0000] {processor.py:830} INFO - Processing file /home/airflow/.local/lib/python3.8/site-packages/airflow/example_dags/example_sla_dag.py for tasks to queue
[2025-11-06T13:51:14.818+0000] {logging_mixin.py:188} INFO - [2025-11-06T13:51:14.818+0000] {dagbag.py:538} INFO - Filling up the DagBag from /home/airflow/.local/lib/python3.8/site-packages/airflow/example_dags/example_sla_dag.py
[2025-11-06T13:51:14.835+0000] {processor.py:840} INFO - DAG(s) 'example_sla_dag' retrieved from /home/airflow/.local/lib/python3.8/site-packages/airflow/example_dags/example_sla_dag.py
[2025-11-06T13:51:14.875+0000] {logging_mixin.py:188} INFO - [2025-11-06T13:51:14.874+0000] {dag.py:3036} INFO - Sync 1 DAGs
[2025-11-06T13:51:14.956+0000] {logging_mixin.py:188} INFO - [2025-11-06T13:51:14.951+0000] {dag.py:3823} INFO - Setting next_dagrun for example_sla_dag to 2025-11-06 13:48:00+00:00, run_after=2025-11-06 13:50:00+00:00
[2025-11-06T13:51:15.065+0000] {processor.py:183} INFO - Processing /home/airflow/.local/lib/python3.8/site-packages/airflow/example_dags/example_sla_dag.py took 0.262 seconds
[2025-11-06T13:51:46.139+0000] {processor.py:161} INFO - Started process (PID=18669) to work on /home/airflow/.local/lib/python3.8/site-packages/airflow/example_dags/example_sla_dag.py
[2025-11-06T13:51:46.143+0000] {processor.py:830} INFO - Processing file /home/airflow/.local/lib/python3.8/site-packages/airflow/example_dags/example_sla_dag.py for tasks to queue
[2025-11-06T13:51:46.150+0000] {logging_mixin.py:188} INFO - [2025-11-06T13:51:46.149+0000] {dagbag.py:538} INFO - Filling up the DagBag from /home/airflow/.local/lib/python3.8/site-packages/airflow/example_dags/example_sla_dag.py
[2025-11-06T13:51:46.183+0000] {processor.py:840} INFO - DAG(s) 'example_sla_dag' retrieved from /home/airflow/.local/lib/python3.8/site-packages/airflow/example_dags/example_sla_dag.py
[2025-11-06T13:51:46.260+0000] {logging_mixin.py:188} INFO - [2025-11-06T13:51:46.260+0000] {dag.py:3036} INFO - Sync 1 DAGs
[2025-11-06T13:51:46.343+0000] {logging_mixin.py:188} INFO - [2025-11-06T13:51:46.343+0000] {dag.py:3823} INFO - Setting next_dagrun for example_sla_dag to 2025-11-06 13:48:00+00:00, run_after=2025-11-06 13:50:00+00:00
[2025-11-06T13:51:46.404+0000] {processor.py:183} INFO - Processing /home/airflow/.local/lib/python3.8/site-packages/airflow/example_dags/example_sla_dag.py took 0.278 seconds
[2025-11-06T13:52:16.787+0000] {processor.py:161} INFO - Started process (PID=18724) to work on /home/airflow/.local/lib/python3.8/site-packages/airflow/example_dags/example_sla_dag.py
[2025-11-06T13:52:16.789+0000] {processor.py:830} INFO - Processing file /home/airflow/.local/lib/python3.8/site-packages/airflow/example_dags/example_sla_dag.py for tasks to queue
[2025-11-06T13:52:16.792+0000] {logging_mixin.py:188} INFO - [2025-11-06T13:52:16.792+0000] {dagbag.py:538} INFO - Filling up the DagBag from /home/airflow/.local/lib/python3.8/site-packages/airflow/example_dags/example_sla_dag.py
[2025-11-06T13:52:16.807+0000] {processor.py:840} INFO - DAG(s) 'example_sla_dag' retrieved from /home/airflow/.local/lib/python3.8/site-packages/airflow/example_dags/example_sla_dag.py
[2025-11-06T13:52:16.846+0000] {logging_mixin.py:188} INFO - [2025-11-06T13:52:16.846+0000] {dag.py:3036} INFO - Sync 1 DAGs
[2025-11-06T13:52:16.889+0000] {logging_mixin.py:188} INFO - [2025-11-06T13:52:16.889+0000] {dag.py:3823} INFO - Setting next_dagrun for example_sla_dag to 2025-11-06 13:50:00+00:00, run_after=2025-11-06 13:52:00+00:00
[2025-11-06T13:52:16.929+0000] {processor.py:183} INFO - Processing /home/airflow/.local/lib/python3.8/site-packages/airflow/example_dags/example_sla_dag.py took 0.147 seconds
[2025-11-06T13:52:47.059+0000] {processor.py:161} INFO - Started process (PID=18779) to work on /home/airflow/.local/lib/python3.8/site-packages/airflow/example_dags/example_sla_dag.py
[2025-11-06T13:52:47.061+0000] {processor.py:830} INFO - Processing file /home/airflow/.local/lib/python3.8/site-packages/airflow/example_dags/example_sla_dag.py for tasks to queue
[2025-11-06T13:52:47.065+0000] {logging_mixin.py:188} INFO - [2025-11-06T13:52:47.065+0000] {dagbag.py:538} INFO - Filling up the DagBag from /home/airflow/.local/lib/python3.8/site-packages/airflow/example_dags/example_sla_dag.py
[2025-11-06T13:52:47.083+0000] {processor.py:840} INFO - DAG(s) 'example_sla_dag' retrieved from /home/airflow/.local/lib/python3.8/site-packages/airflow/example_dags/example_sla_dag.py
[2025-11-06T13:52:47.111+0000] {logging_mixin.py:188} INFO - [2025-11-06T13:52:47.111+0000] {dag.py:3036} INFO - Sync 1 DAGs
[2025-11-06T13:52:47.145+0000] {logging_mixin.py:188} INFO - [2025-11-06T13:52:47.145+0000] {dag.py:3823} INFO - Setting next_dagrun for example_sla_dag to 2025-11-06 13:50:00+00:00, run_after=2025-11-06 13:52:00+00:00
[2025-11-06T13:52:47.171+0000] {processor.py:183} INFO - Processing /home/airflow/.local/lib/python3.8/site-packages/airflow/example_dags/example_sla_dag.py took 0.118 seconds
[2025-11-06T13:53:18.015+0000] {processor.py:161} INFO - Started process (PID=18835) to work on /home/airflow/.local/lib/python3.8/site-packages/airflow/example_dags/example_sla_dag.py
[2025-11-06T13:53:18.017+0000] {processor.py:830} INFO - Processing file /home/airflow/.local/lib/python3.8/site-packages/airflow/example_dags/example_sla_dag.py for tasks to queue
[2025-11-06T13:53:18.023+0000] {logging_mixin.py:188} INFO - [2025-11-06T13:53:18.022+0000] {dagbag.py:538} INFO - Filling up the DagBag from /home/airflow/.local/lib/python3.8/site-packages/airflow/example_dags/example_sla_dag.py
[2025-11-06T13:53:18.044+0000] {processor.py:840} INFO - DAG(s) 'example_sla_dag' retrieved from /home/airflow/.local/lib/python3.8/site-packages/airflow/example_dags/example_sla_dag.py
[2025-11-06T13:53:18.094+0000] {logging_mixin.py:188} INFO - [2025-11-06T13:53:18.094+0000] {dag.py:3036} INFO - Sync 1 DAGs
[2025-11-06T13:53:18.156+0000] {logging_mixin.py:188} INFO - [2025-11-06T13:53:18.156+0000] {dag.py:3823} INFO - Setting next_dagrun for example_sla_dag to 2025-11-06 13:50:00+00:00, run_after=2025-11-06 13:52:00+00:00
[2025-11-06T13:53:18.202+0000] {processor.py:183} INFO - Processing /home/airflow/.local/lib/python3.8/site-packages/airflow/example_dags/example_sla_dag.py took 0.197 seconds
[2025-11-06T13:53:48.704+0000] {processor.py:161} INFO - Started process (PID=18890) to work on /home/airflow/.local/lib/python3.8/site-packages/airflow/example_dags/example_sla_dag.py
[2025-11-06T13:53:48.706+0000] {processor.py:830} INFO - Processing file /home/airflow/.local/lib/python3.8/site-packages/airflow/example_dags/example_sla_dag.py for tasks to queue
[2025-11-06T13:53:48.711+0000] {logging_mixin.py:188} INFO - [2025-11-06T13:53:48.710+0000] {dagbag.py:538} INFO - Filling up the DagBag from /home/airflow/.local/lib/python3.8/site-packages/airflow/example_dags/example_sla_dag.py
[2025-11-06T13:53:48.738+0000] {processor.py:840} INFO - DAG(s) 'example_sla_dag' retrieved from /home/airflow/.local/lib/python3.8/site-packages/airflow/example_dags/example_sla_dag.py
[2025-11-06T13:53:48.791+0000] {logging_mixin.py:188} INFO - [2025-11-06T13:53:48.790+0000] {dag.py:3036} INFO - Sync 1 DAGs
[2025-11-06T13:53:48.866+0000] {logging_mixin.py:188} INFO - [2025-11-06T13:53:48.865+0000] {dag.py:3823} INFO - Setting next_dagrun for example_sla_dag to 2025-11-06 13:50:00+00:00, run_after=2025-11-06 13:52:00+00:00
[2025-11-06T13:53:48.926+0000] {processor.py:183} INFO - Processing /home/airflow/.local/lib/python3.8/site-packages/airflow/example_dags/example_sla_dag.py took 0.233 seconds
[2025-11-06T13:54:19.797+0000] {processor.py:161} INFO - Started process (PID=18945) to work on /home/airflow/.local/lib/python3.8/site-packages/airflow/example_dags/example_sla_dag.py
[2025-11-06T13:54:19.800+0000] {processor.py:830} INFO - Processing file /home/airflow/.local/lib/python3.8/site-packages/airflow/example_dags/example_sla_dag.py for tasks to queue
[2025-11-06T13:54:19.808+0000] {logging_mixin.py:188} INFO - [2025-11-06T13:54:19.806+0000] {dagbag.py:538} INFO - Filling up the DagBag from /home/airflow/.local/lib/python3.8/site-packages/airflow/example_dags/example_sla_dag.py
[2025-11-06T13:54:19.843+0000] {processor.py:840} INFO - DAG(s) 'example_sla_dag' retrieved from /home/airflow/.local/lib/python3.8/site-packages/airflow/example_dags/example_sla_dag.py
[2025-11-06T13:54:19.915+0000] {logging_mixin.py:188} INFO - [2025-11-06T13:54:19.914+0000] {dag.py:3036} INFO - Sync 1 DAGs
[2025-11-06T13:54:20.037+0000] {logging_mixin.py:188} INFO - [2025-11-06T13:54:20.037+0000] {dag.py:3823} INFO - Setting next_dagrun for example_sla_dag to 2025-11-06 13:52:00+00:00, run_after=2025-11-06 13:54:00+00:00
[2025-11-06T13:54:20.116+0000] {processor.py:183} INFO - Processing /home/airflow/.local/lib/python3.8/site-packages/airflow/example_dags/example_sla_dag.py took 0.336 seconds
[2025-11-06T13:54:50.332+0000] {processor.py:161} INFO - Started process (PID=19000) to work on /home/airflow/.local/lib/python3.8/site-packages/airflow/example_dags/example_sla_dag.py
[2025-11-06T13:54:50.334+0000] {processor.py:830} INFO - Processing file /home/airflow/.local/lib/python3.8/site-packages/airflow/example_dags/example_sla_dag.py for tasks to queue
[2025-11-06T13:54:50.338+0000] {logging_mixin.py:188} INFO - [2025-11-06T13:54:50.337+0000] {dagbag.py:538} INFO - Filling up the DagBag from /home/airflow/.local/lib/python3.8/site-packages/airflow/example_dags/example_sla_dag.py
[2025-11-06T13:54:50.352+0000] {processor.py:840} INFO - DAG(s) 'example_sla_dag' retrieved from /home/airflow/.local/lib/python3.8/site-packages/airflow/example_dags/example_sla_dag.py
[2025-11-06T13:54:50.386+0000] {logging_mixin.py:188} INFO - [2025-11-06T13:54:50.386+0000] {dag.py:3036} INFO - Sync 1 DAGs
[2025-11-06T13:54:50.431+0000] {logging_mixin.py:188} INFO - [2025-11-06T13:54:50.431+0000] {dag.py:3823} INFO - Setting next_dagrun for example_sla_dag to 2025-11-06 13:52:00+00:00, run_after=2025-11-06 13:54:00+00:00
[2025-11-06T13:54:50.464+0000] {processor.py:183} INFO - Processing /home/airflow/.local/lib/python3.8/site-packages/airflow/example_dags/example_sla_dag.py took 0.139 seconds
[2025-11-06T13:55:21.355+0000] {processor.py:161} INFO - Started process (PID=19057) to work on /home/airflow/.local/lib/python3.8/site-packages/airflow/example_dags/example_sla_dag.py
[2025-11-06T13:55:21.357+0000] {processor.py:830} INFO - Processing file /home/airflow/.local/lib/python3.8/site-packages/airflow/example_dags/example_sla_dag.py for tasks to queue
[2025-11-06T13:55:21.361+0000] {logging_mixin.py:188} INFO - [2025-11-06T13:55:21.360+0000] {dagbag.py:538} INFO - Filling up the DagBag from /home/airflow/.local/lib/python3.8/site-packages/airflow/example_dags/example_sla_dag.py
[2025-11-06T13:55:21.378+0000] {processor.py:840} INFO - DAG(s) 'example_sla_dag' retrieved from /home/airflow/.local/lib/python3.8/site-packages/airflow/example_dags/example_sla_dag.py
[2025-11-06T13:55:21.417+0000] {logging_mixin.py:188} INFO - [2025-11-06T13:55:21.416+0000] {dag.py:3036} INFO - Sync 1 DAGs
[2025-11-06T13:55:21.464+0000] {logging_mixin.py:188} INFO - [2025-11-06T13:55:21.464+0000] {dag.py:3823} INFO - Setting next_dagrun for example_sla_dag to 2025-11-06 13:52:00+00:00, run_after=2025-11-06 13:54:00+00:00
[2025-11-06T13:55:21.496+0000] {processor.py:183} INFO - Processing /home/airflow/.local/lib/python3.8/site-packages/airflow/example_dags/example_sla_dag.py took 0.149 seconds
[2025-11-06T13:55:51.568+0000] {processor.py:161} INFO - Started process (PID=19112) to work on /home/airflow/.local/lib/python3.8/site-packages/airflow/example_dags/example_sla_dag.py
[2025-11-06T13:55:51.570+0000] {processor.py:830} INFO - Processing file /home/airflow/.local/lib/python3.8/site-packages/airflow/example_dags/example_sla_dag.py for tasks to queue
[2025-11-06T13:55:51.574+0000] {logging_mixin.py:188} INFO - [2025-11-06T13:55:51.573+0000] {dagbag.py:538} INFO - Filling up the DagBag from /home/airflow/.local/lib/python3.8/site-packages/airflow/example_dags/example_sla_dag.py
[2025-11-06T13:55:51.590+0000] {processor.py:840} INFO - DAG(s) 'example_sla_dag' retrieved from /home/airflow/.local/lib/python3.8/site-packages/airflow/example_dags/example_sla_dag.py
[2025-11-06T13:55:51.624+0000] {logging_mixin.py:188} INFO - [2025-11-06T13:55:51.624+0000] {dag.py:3036} INFO - Sync 1 DAGs
[2025-11-06T13:55:51.666+0000] {logging_mixin.py:188} INFO - [2025-11-06T13:55:51.666+0000] {dag.py:3823} INFO - Setting next_dagrun for example_sla_dag to 2025-11-06 13:52:00+00:00, run_after=2025-11-06 13:54:00+00:00
[2025-11-06T13:55:51.699+0000] {processor.py:183} INFO - Processing /home/airflow/.local/lib/python3.8/site-packages/airflow/example_dags/example_sla_dag.py took 0.137 seconds
[2025-11-06T13:56:21.982+0000] {processor.py:161} INFO - Started process (PID=19167) to work on /home/airflow/.local/lib/python3.8/site-packages/airflow/example_dags/example_sla_dag.py
[2025-11-06T13:56:22.010+0000] {processor.py:830} INFO - Processing file /home/airflow/.local/lib/python3.8/site-packages/airflow/example_dags/example_sla_dag.py for tasks to queue
[2025-11-06T13:56:22.027+0000] {logging_mixin.py:188} INFO - [2025-11-06T13:56:22.026+0000] {dagbag.py:538} INFO - Filling up the DagBag from /home/airflow/.local/lib/python3.8/site-packages/airflow/example_dags/example_sla_dag.py
[2025-11-06T13:56:22.096+0000] {processor.py:840} INFO - DAG(s) 'example_sla_dag' retrieved from /home/airflow/.local/lib/python3.8/site-packages/airflow/example_dags/example_sla_dag.py
[2025-11-06T13:56:22.261+0000] {logging_mixin.py:188} INFO - [2025-11-06T13:56:22.260+0000] {dag.py:3036} INFO - Sync 1 DAGs
[2025-11-06T13:56:22.428+0000] {logging_mixin.py:188} INFO - [2025-11-06T13:56:22.427+0000] {dag.py:3823} INFO - Setting next_dagrun for example_sla_dag to 2025-11-06 13:54:00+00:00, run_after=2025-11-06 13:56:00+00:00
[2025-11-06T13:56:22.505+0000] {processor.py:183} INFO - Processing /home/airflow/.local/lib/python3.8/site-packages/airflow/example_dags/example_sla_dag.py took 0.545 seconds
[2025-11-06T13:56:53.147+0000] {processor.py:161} INFO - Started process (PID=19222) to work on /home/airflow/.local/lib/python3.8/site-packages/airflow/example_dags/example_sla_dag.py
[2025-11-06T13:56:53.151+0000] {processor.py:830} INFO - Processing file /home/airflow/.local/lib/python3.8/site-packages/airflow/example_dags/example_sla_dag.py for tasks to queue
[2025-11-06T13:56:53.160+0000] {logging_mixin.py:188} INFO - [2025-11-06T13:56:53.157+0000] {dagbag.py:538} INFO - Filling up the DagBag from /home/airflow/.local/lib/python3.8/site-packages/airflow/example_dags/example_sla_dag.py
[2025-11-06T13:56:53.198+0000] {processor.py:840} INFO - DAG(s) 'example_sla_dag' retrieved from /home/airflow/.local/lib/python3.8/site-packages/airflow/example_dags/example_sla_dag.py
[2025-11-06T13:56:53.292+0000] {logging_mixin.py:188} INFO - [2025-11-06T13:56:53.291+0000] {dag.py:3036} INFO - Sync 1 DAGs
[2025-11-06T13:56:53.395+0000] {logging_mixin.py:188} INFO - [2025-11-06T13:56:53.394+0000] {dag.py:3823} INFO - Setting next_dagrun for example_sla_dag to 2025-11-06 13:54:00+00:00, run_after=2025-11-06 13:56:00+00:00
[2025-11-06T13:56:53.457+0000] {processor.py:183} INFO - Processing /home/airflow/.local/lib/python3.8/site-packages/airflow/example_dags/example_sla_dag.py took 0.322 seconds
[2025-11-06T13:57:23.903+0000] {processor.py:161} INFO - Started process (PID=19283) to work on /home/airflow/.local/lib/python3.8/site-packages/airflow/example_dags/example_sla_dag.py
[2025-11-06T13:57:23.905+0000] {processor.py:830} INFO - Processing file /home/airflow/.local/lib/python3.8/site-packages/airflow/example_dags/example_sla_dag.py for tasks to queue
[2025-11-06T13:57:23.909+0000] {logging_mixin.py:188} INFO - [2025-11-06T13:57:23.908+0000] {dagbag.py:538} INFO - Filling up the DagBag from /home/airflow/.local/lib/python3.8/site-packages/airflow/example_dags/example_sla_dag.py
[2025-11-06T13:57:23.925+0000] {processor.py:840} INFO - DAG(s) 'example_sla_dag' retrieved from /home/airflow/.local/lib/python3.8/site-packages/airflow/example_dags/example_sla_dag.py
[2025-11-06T13:57:23.966+0000] {logging_mixin.py:188} INFO - [2025-11-06T13:57:23.965+0000] {dag.py:3036} INFO - Sync 1 DAGs
[2025-11-06T13:57:24.010+0000] {logging_mixin.py:188} INFO - [2025-11-06T13:57:24.009+0000] {dag.py:3823} INFO - Setting next_dagrun for example_sla_dag to 2025-11-06 13:54:00+00:00, run_after=2025-11-06 13:56:00+00:00
[2025-11-06T13:57:24.061+0000] {processor.py:183} INFO - Processing /home/airflow/.local/lib/python3.8/site-packages/airflow/example_dags/example_sla_dag.py took 0.165 seconds
[2025-11-06T13:57:54.692+0000] {processor.py:161} INFO - Started process (PID=19338) to work on /home/airflow/.local/lib/python3.8/site-packages/airflow/example_dags/example_sla_dag.py
[2025-11-06T13:57:54.694+0000] {processor.py:830} INFO - Processing file /home/airflow/.local/lib/python3.8/site-packages/airflow/example_dags/example_sla_dag.py for tasks to queue
[2025-11-06T13:57:54.696+0000] {logging_mixin.py:188} INFO - [2025-11-06T13:57:54.696+0000] {dagbag.py:538} INFO - Filling up the DagBag from /home/airflow/.local/lib/python3.8/site-packages/airflow/example_dags/example_sla_dag.py
[2025-11-06T13:57:54.708+0000] {processor.py:840} INFO - DAG(s) 'example_sla_dag' retrieved from /home/airflow/.local/lib/python3.8/site-packages/airflow/example_dags/example_sla_dag.py
[2025-11-06T13:57:54.733+0000] {logging_mixin.py:188} INFO - [2025-11-06T13:57:54.732+0000] {dag.py:3036} INFO - Sync 1 DAGs
[2025-11-06T13:57:54.763+0000] {logging_mixin.py:188} INFO - [2025-11-06T13:57:54.763+0000] {dag.py:3823} INFO - Setting next_dagrun for example_sla_dag to 2025-11-06 13:54:00+00:00, run_after=2025-11-06 13:56:00+00:00
[2025-11-06T13:57:54.798+0000] {processor.py:183} INFO - Processing /home/airflow/.local/lib/python3.8/site-packages/airflow/example_dags/example_sla_dag.py took 0.109 seconds
[2025-11-06T13:58:25.413+0000] {processor.py:161} INFO - Started process (PID=19393) to work on /home/airflow/.local/lib/python3.8/site-packages/airflow/example_dags/example_sla_dag.py
[2025-11-06T13:58:25.422+0000] {processor.py:830} INFO - Processing file /home/airflow/.local/lib/python3.8/site-packages/airflow/example_dags/example_sla_dag.py for tasks to queue
[2025-11-06T13:58:25.429+0000] {logging_mixin.py:188} INFO - [2025-11-06T13:58:25.428+0000] {dagbag.py:538} INFO - Filling up the DagBag from /home/airflow/.local/lib/python3.8/site-packages/airflow/example_dags/example_sla_dag.py
[2025-11-06T13:58:25.485+0000] {processor.py:840} INFO - DAG(s) 'example_sla_dag' retrieved from /home/airflow/.local/lib/python3.8/site-packages/airflow/example_dags/example_sla_dag.py
[2025-11-06T13:58:25.583+0000] {logging_mixin.py:188} INFO - [2025-11-06T13:58:25.581+0000] {dag.py:3036} INFO - Sync 1 DAGs
[2025-11-06T13:58:25.744+0000] {logging_mixin.py:188} INFO - [2025-11-06T13:58:25.743+0000] {dag.py:3823} INFO - Setting next_dagrun for example_sla_dag to 2025-11-06 13:56:00+00:00, run_after=2025-11-06 13:58:00+00:00
[2025-11-06T13:58:25.805+0000] {processor.py:183} INFO - Processing /home/airflow/.local/lib/python3.8/site-packages/airflow/example_dags/example_sla_dag.py took 0.401 seconds
[2025-11-06T13:58:56.778+0000] {processor.py:161} INFO - Started process (PID=19449) to work on /home/airflow/.local/lib/python3.8/site-packages/airflow/example_dags/example_sla_dag.py
[2025-11-06T13:58:56.780+0000] {processor.py:830} INFO - Processing file /home/airflow/.local/lib/python3.8/site-packages/airflow/example_dags/example_sla_dag.py for tasks to queue
[2025-11-06T13:58:56.785+0000] {logging_mixin.py:188} INFO - [2025-11-06T13:58:56.784+0000] {dagbag.py:538} INFO - Filling up the DagBag from /home/airflow/.local/lib/python3.8/site-packages/airflow/example_dags/example_sla_dag.py
[2025-11-06T13:58:56.803+0000] {processor.py:840} INFO - DAG(s) 'example_sla_dag' retrieved from /home/airflow/.local/lib/python3.8/site-packages/airflow/example_dags/example_sla_dag.py
[2025-11-06T13:58:56.842+0000] {logging_mixin.py:188} INFO - [2025-11-06T13:58:56.841+0000] {dag.py:3036} INFO - Sync 1 DAGs
[2025-11-06T13:58:56.888+0000] {logging_mixin.py:188} INFO - [2025-11-06T13:58:56.888+0000] {dag.py:3823} INFO - Setting next_dagrun for example_sla_dag to 2025-11-06 13:56:00+00:00, run_after=2025-11-06 13:58:00+00:00
[2025-11-06T13:58:56.931+0000] {processor.py:183} INFO - Processing /home/airflow/.local/lib/python3.8/site-packages/airflow/example_dags/example_sla_dag.py took 0.161 seconds
[2025-11-06T13:59:27.391+0000] {processor.py:161} INFO - Started process (PID=19505) to work on /home/airflow/.local/lib/python3.8/site-packages/airflow/example_dags/example_sla_dag.py
[2025-11-06T13:59:27.394+0000] {processor.py:830} INFO - Processing file /home/airflow/.local/lib/python3.8/site-packages/airflow/example_dags/example_sla_dag.py for tasks to queue
[2025-11-06T13:59:27.399+0000] {logging_mixin.py:188} INFO - [2025-11-06T13:59:27.398+0000] {dagbag.py:538} INFO - Filling up the DagBag from /home/airflow/.local/lib/python3.8/site-packages/airflow/example_dags/example_sla_dag.py
[2025-11-06T13:59:27.421+0000] {processor.py:840} INFO - DAG(s) 'example_sla_dag' retrieved from /home/airflow/.local/lib/python3.8/site-packages/airflow/example_dags/example_sla_dag.py
[2025-11-06T13:59:27.473+0000] {logging_mixin.py:188} INFO - [2025-11-06T13:59:27.473+0000] {dag.py:3036} INFO - Sync 1 DAGs
[2025-11-06T13:59:27.559+0000] {logging_mixin.py:188} INFO - [2025-11-06T13:59:27.559+0000] {dag.py:3823} INFO - Setting next_dagrun for example_sla_dag to 2025-11-06 13:56:00+00:00, run_after=2025-11-06 13:58:00+00:00
[2025-11-06T13:59:27.600+0000] {processor.py:183} INFO - Processing /home/airflow/.local/lib/python3.8/site-packages/airflow/example_dags/example_sla_dag.py took 0.218 seconds
[2025-11-06T13:59:58.472+0000] {processor.py:161} INFO - Started process (PID=19560) to work on /home/airflow/.local/lib/python3.8/site-packages/airflow/example_dags/example_sla_dag.py
[2025-11-06T13:59:58.476+0000] {processor.py:830} INFO - Processing file /home/airflow/.local/lib/python3.8/site-packages/airflow/example_dags/example_sla_dag.py for tasks to queue
[2025-11-06T13:59:58.481+0000] {logging_mixin.py:188} INFO - [2025-11-06T13:59:58.480+0000] {dagbag.py:538} INFO - Filling up the DagBag from /home/airflow/.local/lib/python3.8/site-packages/airflow/example_dags/example_sla_dag.py
[2025-11-06T13:59:58.508+0000] {processor.py:840} INFO - DAG(s) 'example_sla_dag' retrieved from /home/airflow/.local/lib/python3.8/site-packages/airflow/example_dags/example_sla_dag.py
[2025-11-06T13:59:58.597+0000] {logging_mixin.py:188} INFO - [2025-11-06T13:59:58.596+0000] {dag.py:3036} INFO - Sync 1 DAGs
[2025-11-06T13:59:58.671+0000] {logging_mixin.py:188} INFO - [2025-11-06T13:59:58.670+0000] {dag.py:3823} INFO - Setting next_dagrun for example_sla_dag to 2025-11-06 13:56:00+00:00, run_after=2025-11-06 13:58:00+00:00
[2025-11-06T13:59:58.709+0000] {processor.py:183} INFO - Processing /home/airflow/.local/lib/python3.8/site-packages/airflow/example_dags/example_sla_dag.py took 0.250 seconds
[2025-11-06T14:00:29.318+0000] {processor.py:161} INFO - Started process (PID=19615) to work on /home/airflow/.local/lib/python3.8/site-packages/airflow/example_dags/example_sla_dag.py
[2025-11-06T14:00:29.320+0000] {processor.py:830} INFO - Processing file /home/airflow/.local/lib/python3.8/site-packages/airflow/example_dags/example_sla_dag.py for tasks to queue
[2025-11-06T14:00:29.323+0000] {logging_mixin.py:188} INFO - [2025-11-06T14:00:29.323+0000] {dagbag.py:538} INFO - Filling up the DagBag from /home/airflow/.local/lib/python3.8/site-packages/airflow/example_dags/example_sla_dag.py
[2025-11-06T14:00:29.337+0000] {processor.py:840} INFO - DAG(s) 'example_sla_dag' retrieved from /home/airflow/.local/lib/python3.8/site-packages/airflow/example_dags/example_sla_dag.py
[2025-11-06T14:00:29.371+0000] {logging_mixin.py:188} INFO - [2025-11-06T14:00:29.370+0000] {dag.py:3036} INFO - Sync 1 DAGs
[2025-11-06T14:00:29.417+0000] {logging_mixin.py:188} INFO - [2025-11-06T14:00:29.417+0000] {dag.py:3823} INFO - Setting next_dagrun for example_sla_dag to 2025-11-06 13:58:00+00:00, run_after=2025-11-06 14:00:00+00:00
[2025-11-06T14:00:29.457+0000] {processor.py:183} INFO - Processing /home/airflow/.local/lib/python3.8/site-packages/airflow/example_dags/example_sla_dag.py took 0.145 seconds
[2025-11-06T14:01:00.311+0000] {processor.py:161} INFO - Started process (PID=19671) to work on /home/airflow/.local/lib/python3.8/site-packages/airflow/example_dags/example_sla_dag.py
[2025-11-06T14:01:00.313+0000] {processor.py:830} INFO - Processing file /home/airflow/.local/lib/python3.8/site-packages/airflow/example_dags/example_sla_dag.py for tasks to queue
[2025-11-06T14:01:00.319+0000] {logging_mixin.py:188} INFO - [2025-11-06T14:01:00.318+0000] {dagbag.py:538} INFO - Filling up the DagBag from /home/airflow/.local/lib/python3.8/site-packages/airflow/example_dags/example_sla_dag.py
[2025-11-06T14:01:00.351+0000] {processor.py:840} INFO - DAG(s) 'example_sla_dag' retrieved from /home/airflow/.local/lib/python3.8/site-packages/airflow/example_dags/example_sla_dag.py
[2025-11-06T14:01:00.403+0000] {logging_mixin.py:188} INFO - [2025-11-06T14:01:00.402+0000] {dag.py:3036} INFO - Sync 1 DAGs
[2025-11-06T14:01:00.474+0000] {logging_mixin.py:188} INFO - [2025-11-06T14:01:00.473+0000] {dag.py:3823} INFO - Setting next_dagrun for example_sla_dag to 2025-11-06 13:58:00+00:00, run_after=2025-11-06 14:00:00+00:00
[2025-11-06T14:01:00.523+0000] {processor.py:183} INFO - Processing /home/airflow/.local/lib/python3.8/site-packages/airflow/example_dags/example_sla_dag.py took 0.223 seconds
[2025-11-06T14:01:31.549+0000] {processor.py:161} INFO - Started process (PID=19726) to work on /home/airflow/.local/lib/python3.8/site-packages/airflow/example_dags/example_sla_dag.py
[2025-11-06T14:01:31.552+0000] {processor.py:830} INFO - Processing file /home/airflow/.local/lib/python3.8/site-packages/airflow/example_dags/example_sla_dag.py for tasks to queue
[2025-11-06T14:01:31.558+0000] {logging_mixin.py:188} INFO - [2025-11-06T14:01:31.557+0000] {dagbag.py:538} INFO - Filling up the DagBag from /home/airflow/.local/lib/python3.8/site-packages/airflow/example_dags/example_sla_dag.py
[2025-11-06T14:01:31.590+0000] {processor.py:840} INFO - DAG(s) 'example_sla_dag' retrieved from /home/airflow/.local/lib/python3.8/site-packages/airflow/example_dags/example_sla_dag.py
[2025-11-06T14:01:31.658+0000] {logging_mixin.py:188} INFO - [2025-11-06T14:01:31.658+0000] {dag.py:3036} INFO - Sync 1 DAGs
[2025-11-06T14:01:31.740+0000] {logging_mixin.py:188} INFO - [2025-11-06T14:01:31.740+0000] {dag.py:3823} INFO - Setting next_dagrun for example_sla_dag to 2025-11-06 13:58:00+00:00, run_after=2025-11-06 14:00:00+00:00
[2025-11-06T14:01:31.796+0000] {processor.py:183} INFO - Processing /home/airflow/.local/lib/python3.8/site-packages/airflow/example_dags/example_sla_dag.py took 0.260 seconds
[2025-11-06T14:02:02.193+0000] {processor.py:161} INFO - Started process (PID=19781) to work on /home/airflow/.local/lib/python3.8/site-packages/airflow/example_dags/example_sla_dag.py
[2025-11-06T14:02:02.195+0000] {processor.py:830} INFO - Processing file /home/airflow/.local/lib/python3.8/site-packages/airflow/example_dags/example_sla_dag.py for tasks to queue
[2025-11-06T14:02:02.199+0000] {logging_mixin.py:188} INFO - [2025-11-06T14:02:02.198+0000] {dagbag.py:538} INFO - Filling up the DagBag from /home/airflow/.local/lib/python3.8/site-packages/airflow/example_dags/example_sla_dag.py
[2025-11-06T14:02:02.218+0000] {processor.py:840} INFO - DAG(s) 'example_sla_dag' retrieved from /home/airflow/.local/lib/python3.8/site-packages/airflow/example_dags/example_sla_dag.py
[2025-11-06T14:02:02.264+0000] {logging_mixin.py:188} INFO - [2025-11-06T14:02:02.263+0000] {dag.py:3036} INFO - Sync 1 DAGs
[2025-11-06T14:02:02.318+0000] {logging_mixin.py:188} INFO - [2025-11-06T14:02:02.318+0000] {dag.py:3823} INFO - Setting next_dagrun for example_sla_dag to 2025-11-06 14:00:00+00:00, run_after=2025-11-06 14:02:00+00:00
[2025-11-06T14:02:02.360+0000] {processor.py:183} INFO - Processing /home/airflow/.local/lib/python3.8/site-packages/airflow/example_dags/example_sla_dag.py took 0.175 seconds
[2025-11-06T14:02:32.920+0000] {processor.py:161} INFO - Started process (PID=19836) to work on /home/airflow/.local/lib/python3.8/site-packages/airflow/example_dags/example_sla_dag.py
[2025-11-06T14:02:32.922+0000] {processor.py:830} INFO - Processing file /home/airflow/.local/lib/python3.8/site-packages/airflow/example_dags/example_sla_dag.py for tasks to queue
[2025-11-06T14:02:32.925+0000] {logging_mixin.py:188} INFO - [2025-11-06T14:02:32.924+0000] {dagbag.py:538} INFO - Filling up the DagBag from /home/airflow/.local/lib/python3.8/site-packages/airflow/example_dags/example_sla_dag.py
[2025-11-06T14:02:32.937+0000] {processor.py:840} INFO - DAG(s) 'example_sla_dag' retrieved from /home/airflow/.local/lib/python3.8/site-packages/airflow/example_dags/example_sla_dag.py
[2025-11-06T14:02:32.967+0000] {logging_mixin.py:188} INFO - [2025-11-06T14:02:32.966+0000] {dag.py:3036} INFO - Sync 1 DAGs
[2025-11-06T14:02:33.003+0000] {logging_mixin.py:188} INFO - [2025-11-06T14:02:33.002+0000] {dag.py:3823} INFO - Setting next_dagrun for example_sla_dag to 2025-11-06 14:00:00+00:00, run_after=2025-11-06 14:02:00+00:00
[2025-11-06T14:02:33.031+0000] {processor.py:183} INFO - Processing /home/airflow/.local/lib/python3.8/site-packages/airflow/example_dags/example_sla_dag.py took 0.116 seconds
[2025-11-06T14:03:03.602+0000] {processor.py:161} INFO - Started process (PID=19891) to work on /home/airflow/.local/lib/python3.8/site-packages/airflow/example_dags/example_sla_dag.py
[2025-11-06T14:03:03.604+0000] {processor.py:830} INFO - Processing file /home/airflow/.local/lib/python3.8/site-packages/airflow/example_dags/example_sla_dag.py for tasks to queue
[2025-11-06T14:03:03.607+0000] {logging_mixin.py:188} INFO - [2025-11-06T14:03:03.607+0000] {dagbag.py:538} INFO - Filling up the DagBag from /home/airflow/.local/lib/python3.8/site-packages/airflow/example_dags/example_sla_dag.py
[2025-11-06T14:03:03.623+0000] {processor.py:840} INFO - DAG(s) 'example_sla_dag' retrieved from /home/airflow/.local/lib/python3.8/site-packages/airflow/example_dags/example_sla_dag.py
[2025-11-06T14:03:03.663+0000] {logging_mixin.py:188} INFO - [2025-11-06T14:03:03.663+0000] {dag.py:3036} INFO - Sync 1 DAGs
[2025-11-06T14:03:03.734+0000] {logging_mixin.py:188} INFO - [2025-11-06T14:03:03.733+0000] {dag.py:3823} INFO - Setting next_dagrun for example_sla_dag to 2025-11-06 14:00:00+00:00, run_after=2025-11-06 14:02:00+00:00
[2025-11-06T14:03:03.794+0000] {processor.py:183} INFO - Processing /home/airflow/.local/lib/python3.8/site-packages/airflow/example_dags/example_sla_dag.py took 0.197 seconds
[2025-11-06T14:03:33.993+0000] {processor.py:161} INFO - Started process (PID=19946) to work on /home/airflow/.local/lib/python3.8/site-packages/airflow/example_dags/example_sla_dag.py
[2025-11-06T14:03:33.997+0000] {processor.py:830} INFO - Processing file /home/airflow/.local/lib/python3.8/site-packages/airflow/example_dags/example_sla_dag.py for tasks to queue
[2025-11-06T14:03:34.005+0000] {logging_mixin.py:188} INFO - [2025-11-06T14:03:34.004+0000] {dagbag.py:538} INFO - Filling up the DagBag from /home/airflow/.local/lib/python3.8/site-packages/airflow/example_dags/example_sla_dag.py
[2025-11-06T14:03:34.046+0000] {processor.py:840} INFO - DAG(s) 'example_sla_dag' retrieved from /home/airflow/.local/lib/python3.8/site-packages/airflow/example_dags/example_sla_dag.py
[2025-11-06T14:03:34.116+0000] {logging_mixin.py:188} INFO - [2025-11-06T14:03:34.115+0000] {dag.py:3036} INFO - Sync 1 DAGs
[2025-11-06T14:03:34.195+0000] {logging_mixin.py:188} INFO - [2025-11-06T14:03:34.194+0000] {dag.py:3823} INFO - Setting next_dagrun for example_sla_dag to 2025-11-06 14:00:00+00:00, run_after=2025-11-06 14:02:00+00:00
[2025-11-06T14:03:34.255+0000] {processor.py:183} INFO - Processing /home/airflow/.local/lib/python3.8/site-packages/airflow/example_dags/example_sla_dag.py took 0.277 seconds
[2025-11-06T14:04:04.428+0000] {processor.py:161} INFO - Started process (PID=20002) to work on /home/airflow/.local/lib/python3.8/site-packages/airflow/example_dags/example_sla_dag.py
[2025-11-06T14:04:04.429+0000] {processor.py:830} INFO - Processing file /home/airflow/.local/lib/python3.8/site-packages/airflow/example_dags/example_sla_dag.py for tasks to queue
[2025-11-06T14:04:04.432+0000] {logging_mixin.py:188} INFO - [2025-11-06T14:04:04.432+0000] {dagbag.py:538} INFO - Filling up the DagBag from /home/airflow/.local/lib/python3.8/site-packages/airflow/example_dags/example_sla_dag.py
[2025-11-06T14:04:04.445+0000] {processor.py:840} INFO - DAG(s) 'example_sla_dag' retrieved from /home/airflow/.local/lib/python3.8/site-packages/airflow/example_dags/example_sla_dag.py
[2025-11-06T14:04:04.484+0000] {logging_mixin.py:188} INFO - [2025-11-06T14:04:04.484+0000] {dag.py:3036} INFO - Sync 1 DAGs
[2025-11-06T14:04:04.533+0000] {logging_mixin.py:188} INFO - [2025-11-06T14:04:04.533+0000] {dag.py:3823} INFO - Setting next_dagrun for example_sla_dag to 2025-11-06 14:02:00+00:00, run_after=2025-11-06 14:04:00+00:00
[2025-11-06T14:04:04.566+0000] {processor.py:183} INFO - Processing /home/airflow/.local/lib/python3.8/site-packages/airflow/example_dags/example_sla_dag.py took 0.143 seconds
[2025-11-06T14:04:35.071+0000] {processor.py:161} INFO - Started process (PID=20057) to work on /home/airflow/.local/lib/python3.8/site-packages/airflow/example_dags/example_sla_dag.py
[2025-11-06T14:04:35.074+0000] {processor.py:830} INFO - Processing file /home/airflow/.local/lib/python3.8/site-packages/airflow/example_dags/example_sla_dag.py for tasks to queue
[2025-11-06T14:04:35.080+0000] {logging_mixin.py:188} INFO - [2025-11-06T14:04:35.079+0000] {dagbag.py:538} INFO - Filling up the DagBag from /home/airflow/.local/lib/python3.8/site-packages/airflow/example_dags/example_sla_dag.py
[2025-11-06T14:04:35.104+0000] {processor.py:840} INFO - DAG(s) 'example_sla_dag' retrieved from /home/airflow/.local/lib/python3.8/site-packages/airflow/example_dags/example_sla_dag.py
[2025-11-06T14:04:35.152+0000] {logging_mixin.py:188} INFO - [2025-11-06T14:04:35.152+0000] {dag.py:3036} INFO - Sync 1 DAGs
[2025-11-06T14:04:35.195+0000] {logging_mixin.py:188} INFO - [2025-11-06T14:04:35.194+0000] {dag.py:3823} INFO - Setting next_dagrun for example_sla_dag to 2025-11-06 14:02:00+00:00, run_after=2025-11-06 14:04:00+00:00
[2025-11-06T14:04:35.228+0000] {processor.py:183} INFO - Processing /home/airflow/.local/lib/python3.8/site-packages/airflow/example_dags/example_sla_dag.py took 0.167 seconds
[2025-11-06T14:05:05.333+0000] {processor.py:161} INFO - Started process (PID=20111) to work on /home/airflow/.local/lib/python3.8/site-packages/airflow/example_dags/example_sla_dag.py
[2025-11-06T14:05:05.335+0000] {processor.py:830} INFO - Processing file /home/airflow/.local/lib/python3.8/site-packages/airflow/example_dags/example_sla_dag.py for tasks to queue
[2025-11-06T14:05:05.337+0000] {logging_mixin.py:188} INFO - [2025-11-06T14:05:05.337+0000] {dagbag.py:538} INFO - Filling up the DagBag from /home/airflow/.local/lib/python3.8/site-packages/airflow/example_dags/example_sla_dag.py
[2025-11-06T14:05:05.349+0000] {processor.py:840} INFO - DAG(s) 'example_sla_dag' retrieved from /home/airflow/.local/lib/python3.8/site-packages/airflow/example_dags/example_sla_dag.py
[2025-11-06T14:05:05.373+0000] {logging_mixin.py:188} INFO - [2025-11-06T14:05:05.372+0000] {dag.py:3036} INFO - Sync 1 DAGs
[2025-11-06T14:05:05.414+0000] {logging_mixin.py:188} INFO - [2025-11-06T14:05:05.414+0000] {dag.py:3823} INFO - Setting next_dagrun for example_sla_dag to 2025-11-06 14:02:00+00:00, run_after=2025-11-06 14:04:00+00:00
[2025-11-06T14:05:05.451+0000] {processor.py:183} INFO - Processing /home/airflow/.local/lib/python3.8/site-packages/airflow/example_dags/example_sla_dag.py took 0.123 seconds
[2025-11-06T14:05:36.224+0000] {processor.py:161} INFO - Started process (PID=20166) to work on /home/airflow/.local/lib/python3.8/site-packages/airflow/example_dags/example_sla_dag.py
[2025-11-06T14:05:36.225+0000] {processor.py:830} INFO - Processing file /home/airflow/.local/lib/python3.8/site-packages/airflow/example_dags/example_sla_dag.py for tasks to queue
[2025-11-06T14:05:36.229+0000] {logging_mixin.py:188} INFO - [2025-11-06T14:05:36.228+0000] {dagbag.py:538} INFO - Filling up the DagBag from /home/airflow/.local/lib/python3.8/site-packages/airflow/example_dags/example_sla_dag.py
[2025-11-06T14:05:36.260+0000] {processor.py:840} INFO - DAG(s) 'example_sla_dag' retrieved from /home/airflow/.local/lib/python3.8/site-packages/airflow/example_dags/example_sla_dag.py
[2025-11-06T14:05:36.332+0000] {logging_mixin.py:188} INFO - [2025-11-06T14:05:36.331+0000] {dag.py:3036} INFO - Sync 1 DAGs
[2025-11-06T14:05:36.453+0000] {logging_mixin.py:188} INFO - [2025-11-06T14:05:36.453+0000] {dag.py:3823} INFO - Setting next_dagrun for example_sla_dag to 2025-11-06 14:02:00+00:00, run_after=2025-11-06 14:04:00+00:00
[2025-11-06T14:05:36.536+0000] {processor.py:183} INFO - Processing /home/airflow/.local/lib/python3.8/site-packages/airflow/example_dags/example_sla_dag.py took 0.316 seconds
[2025-11-06T14:06:06.868+0000] {processor.py:161} INFO - Started process (PID=20221) to work on /home/airflow/.local/lib/python3.8/site-packages/airflow/example_dags/example_sla_dag.py
[2025-11-06T14:06:06.871+0000] {processor.py:830} INFO - Processing file /home/airflow/.local/lib/python3.8/site-packages/airflow/example_dags/example_sla_dag.py for tasks to queue
[2025-11-06T14:06:06.877+0000] {logging_mixin.py:188} INFO - [2025-11-06T14:06:06.876+0000] {dagbag.py:538} INFO - Filling up the DagBag from /home/airflow/.local/lib/python3.8/site-packages/airflow/example_dags/example_sla_dag.py
[2025-11-06T14:06:06.917+0000] {processor.py:840} INFO - DAG(s) 'example_sla_dag' retrieved from /home/airflow/.local/lib/python3.8/site-packages/airflow/example_dags/example_sla_dag.py
[2025-11-06T14:06:06.984+0000] {logging_mixin.py:188} INFO - [2025-11-06T14:06:06.983+0000] {dag.py:3036} INFO - Sync 1 DAGs
[2025-11-06T14:06:07.055+0000] {logging_mixin.py:188} INFO - [2025-11-06T14:06:07.054+0000] {dag.py:3823} INFO - Setting next_dagrun for example_sla_dag to 2025-11-06 14:04:00+00:00, run_after=2025-11-06 14:06:00+00:00
[2025-11-06T14:06:07.107+0000] {processor.py:183} INFO - Processing /home/airflow/.local/lib/python3.8/site-packages/airflow/example_dags/example_sla_dag.py took 0.254 seconds
[2025-11-06T14:06:37.449+0000] {processor.py:161} INFO - Started process (PID=20275) to work on /home/airflow/.local/lib/python3.8/site-packages/airflow/example_dags/example_sla_dag.py
[2025-11-06T14:06:37.451+0000] {processor.py:830} INFO - Processing file /home/airflow/.local/lib/python3.8/site-packages/airflow/example_dags/example_sla_dag.py for tasks to queue
[2025-11-06T14:06:37.455+0000] {logging_mixin.py:188} INFO - [2025-11-06T14:06:37.454+0000] {dagbag.py:538} INFO - Filling up the DagBag from /home/airflow/.local/lib/python3.8/site-packages/airflow/example_dags/example_sla_dag.py
[2025-11-06T14:06:37.477+0000] {processor.py:840} INFO - DAG(s) 'example_sla_dag' retrieved from /home/airflow/.local/lib/python3.8/site-packages/airflow/example_dags/example_sla_dag.py
[2025-11-06T14:06:37.514+0000] {logging_mixin.py:188} INFO - [2025-11-06T14:06:37.514+0000] {dag.py:3036} INFO - Sync 1 DAGs
[2025-11-06T14:06:37.572+0000] {logging_mixin.py:188} INFO - [2025-11-06T14:06:37.571+0000] {dag.py:3823} INFO - Setting next_dagrun for example_sla_dag to 2025-11-06 14:04:00+00:00, run_after=2025-11-06 14:06:00+00:00
[2025-11-06T14:06:37.609+0000] {processor.py:183} INFO - Processing /home/airflow/.local/lib/python3.8/site-packages/airflow/example_dags/example_sla_dag.py took 0.167 seconds
[2025-11-06T14:07:08.335+0000] {processor.py:161} INFO - Started process (PID=20330) to work on /home/airflow/.local/lib/python3.8/site-packages/airflow/example_dags/example_sla_dag.py
[2025-11-06T14:07:08.355+0000] {processor.py:830} INFO - Processing file /home/airflow/.local/lib/python3.8/site-packages/airflow/example_dags/example_sla_dag.py for tasks to queue
[2025-11-06T14:07:08.371+0000] {logging_mixin.py:188} INFO - [2025-11-06T14:07:08.367+0000] {dagbag.py:538} INFO - Filling up the DagBag from /home/airflow/.local/lib/python3.8/site-packages/airflow/example_dags/example_sla_dag.py
[2025-11-06T14:07:08.424+0000] {processor.py:840} INFO - DAG(s) 'example_sla_dag' retrieved from /home/airflow/.local/lib/python3.8/site-packages/airflow/example_dags/example_sla_dag.py
[2025-11-06T14:07:08.583+0000] {logging_mixin.py:188} INFO - [2025-11-06T14:07:08.582+0000] {dag.py:3036} INFO - Sync 1 DAGs
[2025-11-06T14:07:08.790+0000] {logging_mixin.py:188} INFO - [2025-11-06T14:07:08.784+0000] {dag.py:3823} INFO - Setting next_dagrun for example_sla_dag to 2025-11-06 14:04:00+00:00, run_after=2025-11-06 14:06:00+00:00
[2025-11-06T14:07:08.931+0000] {processor.py:183} INFO - Processing /home/airflow/.local/lib/python3.8/site-packages/airflow/example_dags/example_sla_dag.py took 0.616 seconds
[2025-11-06T14:07:39.366+0000] {processor.py:161} INFO - Started process (PID=20385) to work on /home/airflow/.local/lib/python3.8/site-packages/airflow/example_dags/example_sla_dag.py
[2025-11-06T14:07:39.374+0000] {processor.py:830} INFO - Processing file /home/airflow/.local/lib/python3.8/site-packages/airflow/example_dags/example_sla_dag.py for tasks to queue
[2025-11-06T14:07:39.380+0000] {logging_mixin.py:188} INFO - [2025-11-06T14:07:39.379+0000] {dagbag.py:538} INFO - Filling up the DagBag from /home/airflow/.local/lib/python3.8/site-packages/airflow/example_dags/example_sla_dag.py
[2025-11-06T14:07:39.424+0000] {processor.py:840} INFO - DAG(s) 'example_sla_dag' retrieved from /home/airflow/.local/lib/python3.8/site-packages/airflow/example_dags/example_sla_dag.py
[2025-11-06T14:07:39.510+0000] {logging_mixin.py:188} INFO - [2025-11-06T14:07:39.509+0000] {dag.py:3036} INFO - Sync 1 DAGs
[2025-11-06T14:07:39.613+0000] {logging_mixin.py:188} INFO - [2025-11-06T14:07:39.612+0000] {dag.py:3823} INFO - Setting next_dagrun for example_sla_dag to 2025-11-06 14:04:00+00:00, run_after=2025-11-06 14:06:00+00:00
[2025-11-06T14:07:39.708+0000] {processor.py:183} INFO - Processing /home/airflow/.local/lib/python3.8/site-packages/airflow/example_dags/example_sla_dag.py took 0.352 seconds
[2025-11-06T14:08:10.370+0000] {processor.py:161} INFO - Started process (PID=20440) to work on /home/airflow/.local/lib/python3.8/site-packages/airflow/example_dags/example_sla_dag.py
[2025-11-06T14:08:10.376+0000] {processor.py:830} INFO - Processing file /home/airflow/.local/lib/python3.8/site-packages/airflow/example_dags/example_sla_dag.py for tasks to queue
[2025-11-06T14:08:10.402+0000] {logging_mixin.py:188} INFO - [2025-11-06T14:08:10.401+0000] {dagbag.py:538} INFO - Filling up the DagBag from /home/airflow/.local/lib/python3.8/site-packages/airflow/example_dags/example_sla_dag.py
[2025-11-06T14:08:10.478+0000] {processor.py:840} INFO - DAG(s) 'example_sla_dag' retrieved from /home/airflow/.local/lib/python3.8/site-packages/airflow/example_dags/example_sla_dag.py
[2025-11-06T14:08:10.623+0000] {logging_mixin.py:188} INFO - [2025-11-06T14:08:10.618+0000] {dag.py:3036} INFO - Sync 1 DAGs
[2025-11-06T14:08:10.835+0000] {logging_mixin.py:188} INFO - [2025-11-06T14:08:10.834+0000] {dag.py:3823} INFO - Setting next_dagrun for example_sla_dag to 2025-11-06 14:06:00+00:00, run_after=2025-11-06 14:08:00+00:00
[2025-11-06T14:08:10.970+0000] {processor.py:183} INFO - Processing /home/airflow/.local/lib/python3.8/site-packages/airflow/example_dags/example_sla_dag.py took 0.644 seconds
[2025-11-06T14:08:41.237+0000] {processor.py:161} INFO - Started process (PID=20495) to work on /home/airflow/.local/lib/python3.8/site-packages/airflow/example_dags/example_sla_dag.py
[2025-11-06T14:08:41.241+0000] {processor.py:830} INFO - Processing file /home/airflow/.local/lib/python3.8/site-packages/airflow/example_dags/example_sla_dag.py for tasks to queue
[2025-11-06T14:08:41.248+0000] {logging_mixin.py:188} INFO - [2025-11-06T14:08:41.247+0000] {dagbag.py:538} INFO - Filling up the DagBag from /home/airflow/.local/lib/python3.8/site-packages/airflow/example_dags/example_sla_dag.py
[2025-11-06T14:08:41.276+0000] {processor.py:840} INFO - DAG(s) 'example_sla_dag' retrieved from /home/airflow/.local/lib/python3.8/site-packages/airflow/example_dags/example_sla_dag.py
[2025-11-06T14:08:41.348+0000] {logging_mixin.py:188} INFO - [2025-11-06T14:08:41.348+0000] {dag.py:3036} INFO - Sync 1 DAGs
[2025-11-06T14:08:41.434+0000] {logging_mixin.py:188} INFO - [2025-11-06T14:08:41.433+0000] {dag.py:3823} INFO - Setting next_dagrun for example_sla_dag to 2025-11-06 14:06:00+00:00, run_after=2025-11-06 14:08:00+00:00
[2025-11-06T14:08:41.490+0000] {processor.py:183} INFO - Processing /home/airflow/.local/lib/python3.8/site-packages/airflow/example_dags/example_sla_dag.py took 0.265 seconds
[2025-11-06T14:12:43.826+0000] {processor.py:161} INFO - Started process (PID=112) to work on /home/airflow/.local/lib/python3.8/site-packages/airflow/example_dags/example_sla_dag.py
[2025-11-06T14:12:43.829+0000] {processor.py:830} INFO - Processing file /home/airflow/.local/lib/python3.8/site-packages/airflow/example_dags/example_sla_dag.py for tasks to queue
[2025-11-06T14:12:43.835+0000] {logging_mixin.py:188} INFO - [2025-11-06T14:12:43.834+0000] {dagbag.py:538} INFO - Filling up the DagBag from /home/airflow/.local/lib/python3.8/site-packages/airflow/example_dags/example_sla_dag.py
[2025-11-06T14:12:43.870+0000] {processor.py:840} INFO - DAG(s) 'example_sla_dag' retrieved from /home/airflow/.local/lib/python3.8/site-packages/airflow/example_dags/example_sla_dag.py
[2025-11-06T14:12:44.084+0000] {logging_mixin.py:188} INFO - [2025-11-06T14:12:44.084+0000] {dag.py:3036} INFO - Sync 1 DAGs
[2025-11-06T14:12:44.158+0000] {logging_mixin.py:188} INFO - [2025-11-06T14:12:44.157+0000] {dag.py:3823} INFO - Setting next_dagrun for example_sla_dag to 2025-11-06 14:10:00+00:00, run_after=2025-11-06 14:12:00+00:00
[2025-11-06T14:12:44.222+0000] {processor.py:183} INFO - Processing /home/airflow/.local/lib/python3.8/site-packages/airflow/example_dags/example_sla_dag.py took 0.406 seconds
[2025-11-06T14:13:19.158+0000] {processor.py:161} INFO - Started process (PID=167) to work on /home/airflow/.local/lib/python3.8/site-packages/airflow/example_dags/example_sla_dag.py
[2025-11-06T14:13:19.187+0000] {processor.py:830} INFO - Processing file /home/airflow/.local/lib/python3.8/site-packages/airflow/example_dags/example_sla_dag.py for tasks to queue
[2025-11-06T14:13:19.228+0000] {logging_mixin.py:188} INFO - [2025-11-06T14:13:19.216+0000] {dagbag.py:538} INFO - Filling up the DagBag from /home/airflow/.local/lib/python3.8/site-packages/airflow/example_dags/example_sla_dag.py
[2025-11-06T14:13:19.293+0000] {processor.py:840} INFO - DAG(s) 'example_sla_dag' retrieved from /home/airflow/.local/lib/python3.8/site-packages/airflow/example_dags/example_sla_dag.py
[2025-11-06T14:13:19.454+0000] {logging_mixin.py:188} INFO - [2025-11-06T14:13:19.453+0000] {dag.py:3036} INFO - Sync 1 DAGs
[2025-11-06T14:13:19.712+0000] {logging_mixin.py:188} INFO - [2025-11-06T14:13:19.711+0000] {dag.py:3823} INFO - Setting next_dagrun for example_sla_dag to 2025-11-06 14:10:00+00:00, run_after=2025-11-06 14:12:00+00:00
[2025-11-06T14:13:19.886+0000] {processor.py:183} INFO - Processing /home/airflow/.local/lib/python3.8/site-packages/airflow/example_dags/example_sla_dag.py took 0.773 seconds
[2025-11-06T14:13:55.740+0000] {processor.py:161} INFO - Started process (PID=228) to work on /home/airflow/.local/lib/python3.8/site-packages/airflow/example_dags/example_sla_dag.py
[2025-11-06T14:13:55.744+0000] {processor.py:830} INFO - Processing file /home/airflow/.local/lib/python3.8/site-packages/airflow/example_dags/example_sla_dag.py for tasks to queue
[2025-11-06T14:13:55.753+0000] {logging_mixin.py:188} INFO - [2025-11-06T14:13:55.752+0000] {dagbag.py:538} INFO - Filling up the DagBag from /home/airflow/.local/lib/python3.8/site-packages/airflow/example_dags/example_sla_dag.py
[2025-11-06T14:13:55.841+0000] {processor.py:840} INFO - DAG(s) 'example_sla_dag' retrieved from /home/airflow/.local/lib/python3.8/site-packages/airflow/example_dags/example_sla_dag.py
[2025-11-06T14:13:56.126+0000] {logging_mixin.py:188} INFO - [2025-11-06T14:13:56.125+0000] {dag.py:3036} INFO - Sync 1 DAGs
[2025-11-06T14:13:56.356+0000] {logging_mixin.py:188} INFO - [2025-11-06T14:13:56.355+0000] {dag.py:3823} INFO - Setting next_dagrun for example_sla_dag to 2025-11-06 14:10:00+00:00, run_after=2025-11-06 14:12:00+00:00
[2025-11-06T14:13:56.472+0000] {processor.py:183} INFO - Processing /home/airflow/.local/lib/python3.8/site-packages/airflow/example_dags/example_sla_dag.py took 0.749 seconds
[2025-11-06T14:14:45.488+0000] {processor.py:161} INFO - Started process (PID=284) to work on /home/airflow/.local/lib/python3.8/site-packages/airflow/example_dags/example_sla_dag.py
[2025-11-06T14:14:45.532+0000] {processor.py:830} INFO - Processing file /home/airflow/.local/lib/python3.8/site-packages/airflow/example_dags/example_sla_dag.py for tasks to queue
[2025-11-06T14:14:45.625+0000] {logging_mixin.py:188} INFO - [2025-11-06T14:14:45.623+0000] {dagbag.py:538} INFO - Filling up the DagBag from /home/airflow/.local/lib/python3.8/site-packages/airflow/example_dags/example_sla_dag.py
[2025-11-06T14:14:45.917+0000] {processor.py:840} INFO - DAG(s) 'example_sla_dag' retrieved from /home/airflow/.local/lib/python3.8/site-packages/airflow/example_dags/example_sla_dag.py
[2025-11-06T14:14:46.448+0000] {logging_mixin.py:188} INFO - [2025-11-06T14:14:46.448+0000] {dag.py:3036} INFO - Sync 1 DAGs
[2025-11-06T14:14:47.167+0000] {logging_mixin.py:188} INFO - [2025-11-06T14:14:47.166+0000] {dag.py:3823} INFO - Setting next_dagrun for example_sla_dag to 2025-11-06 14:12:00+00:00, run_after=2025-11-06 14:14:00+00:00
[2025-11-06T14:14:47.540+0000] {processor.py:183} INFO - Processing /home/airflow/.local/lib/python3.8/site-packages/airflow/example_dags/example_sla_dag.py took 2.172 seconds
[2025-11-06T14:15:18.141+0000] {processor.py:161} INFO - Started process (PID=338) to work on /home/airflow/.local/lib/python3.8/site-packages/airflow/example_dags/example_sla_dag.py
[2025-11-06T14:15:18.234+0000] {processor.py:830} INFO - Processing file /home/airflow/.local/lib/python3.8/site-packages/airflow/example_dags/example_sla_dag.py for tasks to queue
[2025-11-06T14:15:18.269+0000] {logging_mixin.py:188} INFO - [2025-11-06T14:15:18.268+0000] {dagbag.py:538} INFO - Filling up the DagBag from /home/airflow/.local/lib/python3.8/site-packages/airflow/example_dags/example_sla_dag.py
[2025-11-06T14:15:18.387+0000] {processor.py:840} INFO - DAG(s) 'example_sla_dag' retrieved from /home/airflow/.local/lib/python3.8/site-packages/airflow/example_dags/example_sla_dag.py
[2025-11-06T14:15:18.651+0000] {logging_mixin.py:188} INFO - [2025-11-06T14:15:18.650+0000] {dag.py:3036} INFO - Sync 1 DAGs
[2025-11-06T14:15:19.111+0000] {logging_mixin.py:188} INFO - [2025-11-06T14:15:19.046+0000] {dag.py:3823} INFO - Setting next_dagrun for example_sla_dag to 2025-11-06 14:12:00+00:00, run_after=2025-11-06 14:14:00+00:00
[2025-11-06T14:15:19.772+0000] {processor.py:183} INFO - Processing /home/airflow/.local/lib/python3.8/site-packages/airflow/example_dags/example_sla_dag.py took 1.653 seconds
[2025-11-06T14:15:57.504+0000] {processor.py:161} INFO - Started process (PID=386) to work on /home/airflow/.local/lib/python3.8/site-packages/airflow/example_dags/example_sla_dag.py
[2025-11-06T14:15:57.507+0000] {processor.py:830} INFO - Processing file /home/airflow/.local/lib/python3.8/site-packages/airflow/example_dags/example_sla_dag.py for tasks to queue
[2025-11-06T14:15:57.515+0000] {logging_mixin.py:188} INFO - [2025-11-06T14:15:57.514+0000] {dagbag.py:538} INFO - Filling up the DagBag from /home/airflow/.local/lib/python3.8/site-packages/airflow/example_dags/example_sla_dag.py
[2025-11-06T14:15:57.568+0000] {processor.py:840} INFO - DAG(s) 'example_sla_dag' retrieved from /home/airflow/.local/lib/python3.8/site-packages/airflow/example_dags/example_sla_dag.py
[2025-11-06T14:15:57.679+0000] {logging_mixin.py:188} INFO - [2025-11-06T14:15:57.678+0000] {dag.py:3036} INFO - Sync 1 DAGs
[2025-11-06T14:15:57.828+0000] {logging_mixin.py:188} INFO - [2025-11-06T14:15:57.827+0000] {dag.py:3823} INFO - Setting next_dagrun for example_sla_dag to 2025-11-06 14:12:00+00:00, run_after=2025-11-06 14:14:00+00:00
[2025-11-06T14:15:57.954+0000] {processor.py:183} INFO - Processing /home/airflow/.local/lib/python3.8/site-packages/airflow/example_dags/example_sla_dag.py took 0.467 seconds
[2025-11-06T14:16:34.656+0000] {processor.py:161} INFO - Started process (PID=445) to work on /home/airflow/.local/lib/python3.8/site-packages/airflow/example_dags/example_sla_dag.py
[2025-11-06T14:16:34.693+0000] {processor.py:830} INFO - Processing file /home/airflow/.local/lib/python3.8/site-packages/airflow/example_dags/example_sla_dag.py for tasks to queue
[2025-11-06T14:16:34.742+0000] {logging_mixin.py:188} INFO - [2025-11-06T14:16:34.740+0000] {dagbag.py:538} INFO - Filling up the DagBag from /home/airflow/.local/lib/python3.8/site-packages/airflow/example_dags/example_sla_dag.py
[2025-11-06T14:16:34.836+0000] {processor.py:840} INFO - DAG(s) 'example_sla_dag' retrieved from /home/airflow/.local/lib/python3.8/site-packages/airflow/example_dags/example_sla_dag.py
[2025-11-06T14:16:34.974+0000] {logging_mixin.py:188} INFO - [2025-11-06T14:16:34.973+0000] {dag.py:3036} INFO - Sync 1 DAGs
[2025-11-06T14:16:35.159+0000] {logging_mixin.py:188} INFO - [2025-11-06T14:16:35.158+0000] {dag.py:3823} INFO - Setting next_dagrun for example_sla_dag to 2025-11-06 14:14:00+00:00, run_after=2025-11-06 14:16:00+00:00
[2025-11-06T14:16:35.355+0000] {processor.py:183} INFO - Processing /home/airflow/.local/lib/python3.8/site-packages/airflow/example_dags/example_sla_dag.py took 0.738 seconds
[2025-11-06T14:25:11.961+0000] {processor.py:161} INFO - Started process (PID=125) to work on /home/airflow/.local/lib/python3.8/site-packages/airflow/example_dags/example_sla_dag.py
[2025-11-06T14:25:11.966+0000] {processor.py:830} INFO - Processing file /home/airflow/.local/lib/python3.8/site-packages/airflow/example_dags/example_sla_dag.py for tasks to queue
[2025-11-06T14:25:11.972+0000] {logging_mixin.py:188} INFO - [2025-11-06T14:25:11.971+0000] {dagbag.py:538} INFO - Filling up the DagBag from /home/airflow/.local/lib/python3.8/site-packages/airflow/example_dags/example_sla_dag.py
[2025-11-06T14:25:12.006+0000] {processor.py:840} INFO - DAG(s) 'example_sla_dag' retrieved from /home/airflow/.local/lib/python3.8/site-packages/airflow/example_dags/example_sla_dag.py
[2025-11-06T14:25:12.791+0000] {logging_mixin.py:188} INFO - [2025-11-06T14:25:12.790+0000] {dag.py:3036} INFO - Sync 1 DAGs
[2025-11-06T14:25:13.091+0000] {logging_mixin.py:188} INFO - [2025-11-06T14:25:13.088+0000] {dag.py:3823} INFO - Setting next_dagrun for example_sla_dag to 2025-11-06 14:22:00+00:00, run_after=2025-11-06 14:24:00+00:00
[2025-11-06T14:25:13.298+0000] {processor.py:183} INFO - Processing /home/airflow/.local/lib/python3.8/site-packages/airflow/example_dags/example_sla_dag.py took 1.353 seconds
[2025-11-06T14:25:43.677+0000] {processor.py:161} INFO - Started process (PID=180) to work on /home/airflow/.local/lib/python3.8/site-packages/airflow/example_dags/example_sla_dag.py
[2025-11-06T14:25:43.690+0000] {processor.py:830} INFO - Processing file /home/airflow/.local/lib/python3.8/site-packages/airflow/example_dags/example_sla_dag.py for tasks to queue
[2025-11-06T14:25:43.698+0000] {logging_mixin.py:188} INFO - [2025-11-06T14:25:43.697+0000] {dagbag.py:538} INFO - Filling up the DagBag from /home/airflow/.local/lib/python3.8/site-packages/airflow/example_dags/example_sla_dag.py
[2025-11-06T14:25:43.735+0000] {processor.py:840} INFO - DAG(s) 'example_sla_dag' retrieved from /home/airflow/.local/lib/python3.8/site-packages/airflow/example_dags/example_sla_dag.py
[2025-11-06T14:25:43.817+0000] {logging_mixin.py:188} INFO - [2025-11-06T14:25:43.816+0000] {dag.py:3036} INFO - Sync 1 DAGs
[2025-11-06T14:25:43.932+0000] {logging_mixin.py:188} INFO - [2025-11-06T14:25:43.931+0000] {dag.py:3823} INFO - Setting next_dagrun for example_sla_dag to 2025-11-06 14:22:00+00:00, run_after=2025-11-06 14:24:00+00:00
[2025-11-06T14:25:44.024+0000] {processor.py:183} INFO - Processing /home/airflow/.local/lib/python3.8/site-packages/airflow/example_dags/example_sla_dag.py took 0.380 seconds
[2025-11-06T14:26:14.784+0000] {processor.py:161} INFO - Started process (PID=235) to work on /home/airflow/.local/lib/python3.8/site-packages/airflow/example_dags/example_sla_dag.py
[2025-11-06T14:26:14.787+0000] {processor.py:830} INFO - Processing file /home/airflow/.local/lib/python3.8/site-packages/airflow/example_dags/example_sla_dag.py for tasks to queue
[2025-11-06T14:26:14.793+0000] {logging_mixin.py:188} INFO - [2025-11-06T14:26:14.792+0000] {dagbag.py:538} INFO - Filling up the DagBag from /home/airflow/.local/lib/python3.8/site-packages/airflow/example_dags/example_sla_dag.py
[2025-11-06T14:26:14.822+0000] {processor.py:840} INFO - DAG(s) 'example_sla_dag' retrieved from /home/airflow/.local/lib/python3.8/site-packages/airflow/example_dags/example_sla_dag.py
[2025-11-06T14:26:14.917+0000] {logging_mixin.py:188} INFO - [2025-11-06T14:26:14.916+0000] {dag.py:3036} INFO - Sync 1 DAGs
[2025-11-06T14:26:15.032+0000] {logging_mixin.py:188} INFO - [2025-11-06T14:26:15.032+0000] {dag.py:3823} INFO - Setting next_dagrun for example_sla_dag to 2025-11-06 14:24:00+00:00, run_after=2025-11-06 14:26:00+00:00
[2025-11-06T14:26:15.095+0000] {processor.py:183} INFO - Processing /home/airflow/.local/lib/python3.8/site-packages/airflow/example_dags/example_sla_dag.py took 0.322 seconds
[2025-11-06T14:26:47.047+0000] {processor.py:161} INFO - Started process (PID=290) to work on /home/airflow/.local/lib/python3.8/site-packages/airflow/example_dags/example_sla_dag.py
[2025-11-06T14:26:47.062+0000] {processor.py:830} INFO - Processing file /home/airflow/.local/lib/python3.8/site-packages/airflow/example_dags/example_sla_dag.py for tasks to queue
[2025-11-06T14:26:47.080+0000] {logging_mixin.py:188} INFO - [2025-11-06T14:26:47.078+0000] {dagbag.py:538} INFO - Filling up the DagBag from /home/airflow/.local/lib/python3.8/site-packages/airflow/example_dags/example_sla_dag.py
[2025-11-06T14:26:47.166+0000] {processor.py:840} INFO - DAG(s) 'example_sla_dag' retrieved from /home/airflow/.local/lib/python3.8/site-packages/airflow/example_dags/example_sla_dag.py
[2025-11-06T14:26:47.392+0000] {logging_mixin.py:188} INFO - [2025-11-06T14:26:47.381+0000] {dag.py:3036} INFO - Sync 1 DAGs
[2025-11-06T14:26:47.753+0000] {logging_mixin.py:188} INFO - [2025-11-06T14:26:47.753+0000] {dag.py:3823} INFO - Setting next_dagrun for example_sla_dag to 2025-11-06 14:24:00+00:00, run_after=2025-11-06 14:26:00+00:00
[2025-11-06T14:26:47.998+0000] {processor.py:183} INFO - Processing /home/airflow/.local/lib/python3.8/site-packages/airflow/example_dags/example_sla_dag.py took 0.974 seconds
[2025-11-06T14:27:18.596+0000] {processor.py:161} INFO - Started process (PID=345) to work on /home/airflow/.local/lib/python3.8/site-packages/airflow/example_dags/example_sla_dag.py
[2025-11-06T14:27:18.603+0000] {processor.py:830} INFO - Processing file /home/airflow/.local/lib/python3.8/site-packages/airflow/example_dags/example_sla_dag.py for tasks to queue
[2025-11-06T14:27:18.622+0000] {logging_mixin.py:188} INFO - [2025-11-06T14:27:18.620+0000] {dagbag.py:538} INFO - Filling up the DagBag from /home/airflow/.local/lib/python3.8/site-packages/airflow/example_dags/example_sla_dag.py
[2025-11-06T14:27:18.676+0000] {processor.py:840} INFO - DAG(s) 'example_sla_dag' retrieved from /home/airflow/.local/lib/python3.8/site-packages/airflow/example_dags/example_sla_dag.py
[2025-11-06T14:27:18.794+0000] {logging_mixin.py:188} INFO - [2025-11-06T14:27:18.793+0000] {dag.py:3036} INFO - Sync 1 DAGs
[2025-11-06T14:27:18.937+0000] {logging_mixin.py:188} INFO - [2025-11-06T14:27:18.937+0000] {dag.py:3823} INFO - Setting next_dagrun for example_sla_dag to 2025-11-06 14:24:00+00:00, run_after=2025-11-06 14:26:00+00:00
[2025-11-06T14:27:19.021+0000] {processor.py:183} INFO - Processing /home/airflow/.local/lib/python3.8/site-packages/airflow/example_dags/example_sla_dag.py took 0.444 seconds
[2025-11-06T14:27:49.258+0000] {processor.py:161} INFO - Started process (PID=400) to work on /home/airflow/.local/lib/python3.8/site-packages/airflow/example_dags/example_sla_dag.py
[2025-11-06T14:27:49.265+0000] {processor.py:830} INFO - Processing file /home/airflow/.local/lib/python3.8/site-packages/airflow/example_dags/example_sla_dag.py for tasks to queue
[2025-11-06T14:27:49.274+0000] {logging_mixin.py:188} INFO - [2025-11-06T14:27:49.273+0000] {dagbag.py:538} INFO - Filling up the DagBag from /home/airflow/.local/lib/python3.8/site-packages/airflow/example_dags/example_sla_dag.py
[2025-11-06T14:27:49.344+0000] {processor.py:840} INFO - DAG(s) 'example_sla_dag' retrieved from /home/airflow/.local/lib/python3.8/site-packages/airflow/example_dags/example_sla_dag.py
[2025-11-06T14:27:49.468+0000] {logging_mixin.py:188} INFO - [2025-11-06T14:27:49.466+0000] {dag.py:3036} INFO - Sync 1 DAGs
[2025-11-06T14:27:49.650+0000] {logging_mixin.py:188} INFO - [2025-11-06T14:27:49.649+0000] {dag.py:3823} INFO - Setting next_dagrun for example_sla_dag to 2025-11-06 14:24:00+00:00, run_after=2025-11-06 14:26:00+00:00
[2025-11-06T14:27:49.831+0000] {processor.py:183} INFO - Processing /home/airflow/.local/lib/python3.8/site-packages/airflow/example_dags/example_sla_dag.py took 0.596 seconds
[2025-11-06T14:28:20.729+0000] {processor.py:161} INFO - Started process (PID=455) to work on /home/airflow/.local/lib/python3.8/site-packages/airflow/example_dags/example_sla_dag.py
[2025-11-06T14:28:20.731+0000] {processor.py:830} INFO - Processing file /home/airflow/.local/lib/python3.8/site-packages/airflow/example_dags/example_sla_dag.py for tasks to queue
[2025-11-06T14:28:20.735+0000] {logging_mixin.py:188} INFO - [2025-11-06T14:28:20.735+0000] {dagbag.py:538} INFO - Filling up the DagBag from /home/airflow/.local/lib/python3.8/site-packages/airflow/example_dags/example_sla_dag.py
[2025-11-06T14:28:20.757+0000] {processor.py:840} INFO - DAG(s) 'example_sla_dag' retrieved from /home/airflow/.local/lib/python3.8/site-packages/airflow/example_dags/example_sla_dag.py
[2025-11-06T14:28:20.805+0000] {logging_mixin.py:188} INFO - [2025-11-06T14:28:20.804+0000] {dag.py:3036} INFO - Sync 1 DAGs
[2025-11-06T14:28:20.863+0000] {logging_mixin.py:188} INFO - [2025-11-06T14:28:20.863+0000] {dag.py:3823} INFO - Setting next_dagrun for example_sla_dag to 2025-11-06 14:26:00+00:00, run_after=2025-11-06 14:28:00+00:00
[2025-11-06T14:28:20.910+0000] {processor.py:183} INFO - Processing /home/airflow/.local/lib/python3.8/site-packages/airflow/example_dags/example_sla_dag.py took 0.188 seconds
[2025-11-06T14:32:40.899+0000] {processor.py:161} INFO - Started process (PID=114) to work on /home/airflow/.local/lib/python3.8/site-packages/airflow/example_dags/example_sla_dag.py
[2025-11-06T14:32:40.903+0000] {processor.py:830} INFO - Processing file /home/airflow/.local/lib/python3.8/site-packages/airflow/example_dags/example_sla_dag.py for tasks to queue
[2025-11-06T14:32:40.918+0000] {logging_mixin.py:188} INFO - [2025-11-06T14:32:40.917+0000] {dagbag.py:538} INFO - Filling up the DagBag from /home/airflow/.local/lib/python3.8/site-packages/airflow/example_dags/example_sla_dag.py
[2025-11-06T14:32:40.991+0000] {processor.py:840} INFO - DAG(s) 'example_sla_dag' retrieved from /home/airflow/.local/lib/python3.8/site-packages/airflow/example_dags/example_sla_dag.py
[2025-11-06T14:32:41.687+0000] {logging_mixin.py:188} INFO - [2025-11-06T14:32:41.684+0000] {dag.py:3036} INFO - Sync 1 DAGs
[2025-11-06T14:32:41.810+0000] {logging_mixin.py:188} INFO - [2025-11-06T14:32:41.809+0000] {dag.py:3823} INFO - Setting next_dagrun for example_sla_dag to 2025-11-06 14:30:00+00:00, run_after=2025-11-06 14:32:00+00:00
[2025-11-06T14:32:41.904+0000] {processor.py:183} INFO - Processing /home/airflow/.local/lib/python3.8/site-packages/airflow/example_dags/example_sla_dag.py took 1.063 seconds
[2025-11-06T14:33:18.398+0000] {processor.py:161} INFO - Started process (PID=169) to work on /home/airflow/.local/lib/python3.8/site-packages/airflow/example_dags/example_sla_dag.py
[2025-11-06T14:33:18.402+0000] {processor.py:830} INFO - Processing file /home/airflow/.local/lib/python3.8/site-packages/airflow/example_dags/example_sla_dag.py for tasks to queue
[2025-11-06T14:33:18.412+0000] {logging_mixin.py:188} INFO - [2025-11-06T14:33:18.411+0000] {dagbag.py:538} INFO - Filling up the DagBag from /home/airflow/.local/lib/python3.8/site-packages/airflow/example_dags/example_sla_dag.py
[2025-11-06T14:33:18.451+0000] {processor.py:840} INFO - DAG(s) 'example_sla_dag' retrieved from /home/airflow/.local/lib/python3.8/site-packages/airflow/example_dags/example_sla_dag.py
[2025-11-06T14:33:18.525+0000] {logging_mixin.py:188} INFO - [2025-11-06T14:33:18.515+0000] {dag.py:3036} INFO - Sync 1 DAGs
[2025-11-06T14:33:18.641+0000] {logging_mixin.py:188} INFO - [2025-11-06T14:33:18.640+0000] {dag.py:3823} INFO - Setting next_dagrun for example_sla_dag to 2025-11-06 14:30:00+00:00, run_after=2025-11-06 14:32:00+00:00
[2025-11-06T14:33:18.695+0000] {processor.py:183} INFO - Processing /home/airflow/.local/lib/python3.8/site-packages/airflow/example_dags/example_sla_dag.py took 0.313 seconds
[2025-11-06T14:43:23.157+0000] {processor.py:161} INFO - Started process (PID=113) to work on /home/airflow/.local/lib/python3.8/site-packages/airflow/example_dags/example_sla_dag.py
[2025-11-06T14:43:23.160+0000] {processor.py:830} INFO - Processing file /home/airflow/.local/lib/python3.8/site-packages/airflow/example_dags/example_sla_dag.py for tasks to queue
[2025-11-06T14:43:23.167+0000] {logging_mixin.py:188} INFO - [2025-11-06T14:43:23.166+0000] {dagbag.py:538} INFO - Filling up the DagBag from /home/airflow/.local/lib/python3.8/site-packages/airflow/example_dags/example_sla_dag.py
[2025-11-06T14:43:23.199+0000] {processor.py:840} INFO - DAG(s) 'example_sla_dag' retrieved from /home/airflow/.local/lib/python3.8/site-packages/airflow/example_dags/example_sla_dag.py
[2025-11-06T14:43:23.681+0000] {logging_mixin.py:188} INFO - [2025-11-06T14:43:23.680+0000] {dag.py:3036} INFO - Sync 1 DAGs
[2025-11-06T14:43:23.905+0000] {logging_mixin.py:188} INFO - [2025-11-06T14:43:23.904+0000] {dag.py:3823} INFO - Setting next_dagrun for example_sla_dag to 2025-11-06 14:40:00+00:00, run_after=2025-11-06 14:42:00+00:00
[2025-11-06T14:43:23.985+0000] {processor.py:183} INFO - Processing /home/airflow/.local/lib/python3.8/site-packages/airflow/example_dags/example_sla_dag.py took 0.835 seconds
[2025-11-06T14:43:59.202+0000] {processor.py:161} INFO - Started process (PID=168) to work on /home/airflow/.local/lib/python3.8/site-packages/airflow/example_dags/example_sla_dag.py
[2025-11-06T14:43:59.206+0000] {processor.py:830} INFO - Processing file /home/airflow/.local/lib/python3.8/site-packages/airflow/example_dags/example_sla_dag.py for tasks to queue
[2025-11-06T14:43:59.223+0000] {logging_mixin.py:188} INFO - [2025-11-06T14:43:59.222+0000] {dagbag.py:538} INFO - Filling up the DagBag from /home/airflow/.local/lib/python3.8/site-packages/airflow/example_dags/example_sla_dag.py
[2025-11-06T14:43:59.291+0000] {processor.py:840} INFO - DAG(s) 'example_sla_dag' retrieved from /home/airflow/.local/lib/python3.8/site-packages/airflow/example_dags/example_sla_dag.py
[2025-11-06T14:43:59.425+0000] {logging_mixin.py:188} INFO - [2025-11-06T14:43:59.425+0000] {dag.py:3036} INFO - Sync 1 DAGs
[2025-11-06T14:43:59.606+0000] {logging_mixin.py:188} INFO - [2025-11-06T14:43:59.605+0000] {dag.py:3823} INFO - Setting next_dagrun for example_sla_dag to 2025-11-06 14:40:00+00:00, run_after=2025-11-06 14:42:00+00:00
[2025-11-06T14:43:59.734+0000] {processor.py:183} INFO - Processing /home/airflow/.local/lib/python3.8/site-packages/airflow/example_dags/example_sla_dag.py took 0.546 seconds
[2025-11-06T14:44:30.184+0000] {processor.py:161} INFO - Started process (PID=223) to work on /home/airflow/.local/lib/python3.8/site-packages/airflow/example_dags/example_sla_dag.py
[2025-11-06T14:44:30.187+0000] {processor.py:830} INFO - Processing file /home/airflow/.local/lib/python3.8/site-packages/airflow/example_dags/example_sla_dag.py for tasks to queue
[2025-11-06T14:44:30.194+0000] {logging_mixin.py:188} INFO - [2025-11-06T14:44:30.193+0000] {dagbag.py:538} INFO - Filling up the DagBag from /home/airflow/.local/lib/python3.8/site-packages/airflow/example_dags/example_sla_dag.py
[2025-11-06T14:44:30.233+0000] {processor.py:840} INFO - DAG(s) 'example_sla_dag' retrieved from /home/airflow/.local/lib/python3.8/site-packages/airflow/example_dags/example_sla_dag.py
[2025-11-06T14:44:30.308+0000] {logging_mixin.py:188} INFO - [2025-11-06T14:44:30.307+0000] {dag.py:3036} INFO - Sync 1 DAGs
[2025-11-06T14:44:30.394+0000] {logging_mixin.py:188} INFO - [2025-11-06T14:44:30.393+0000] {dag.py:3823} INFO - Setting next_dagrun for example_sla_dag to 2025-11-06 14:42:00+00:00, run_after=2025-11-06 14:44:00+00:00
[2025-11-06T14:44:30.514+0000] {processor.py:183} INFO - Processing /home/airflow/.local/lib/python3.8/site-packages/airflow/example_dags/example_sla_dag.py took 0.341 seconds
[2025-11-06T14:45:01.304+0000] {processor.py:161} INFO - Started process (PID=278) to work on /home/airflow/.local/lib/python3.8/site-packages/airflow/example_dags/example_sla_dag.py
[2025-11-06T14:45:01.322+0000] {processor.py:830} INFO - Processing file /home/airflow/.local/lib/python3.8/site-packages/airflow/example_dags/example_sla_dag.py for tasks to queue
[2025-11-06T14:45:01.344+0000] {logging_mixin.py:188} INFO - [2025-11-06T14:45:01.343+0000] {dagbag.py:538} INFO - Filling up the DagBag from /home/airflow/.local/lib/python3.8/site-packages/airflow/example_dags/example_sla_dag.py
[2025-11-06T14:45:01.460+0000] {processor.py:840} INFO - DAG(s) 'example_sla_dag' retrieved from /home/airflow/.local/lib/python3.8/site-packages/airflow/example_dags/example_sla_dag.py
[2025-11-06T14:45:01.649+0000] {logging_mixin.py:188} INFO - [2025-11-06T14:45:01.649+0000] {dag.py:3036} INFO - Sync 1 DAGs
[2025-11-06T14:45:01.863+0000] {logging_mixin.py:188} INFO - [2025-11-06T14:45:01.863+0000] {dag.py:3823} INFO - Setting next_dagrun for example_sla_dag to 2025-11-06 14:42:00+00:00, run_after=2025-11-06 14:44:00+00:00
[2025-11-06T14:45:02.010+0000] {processor.py:183} INFO - Processing /home/airflow/.local/lib/python3.8/site-packages/airflow/example_dags/example_sla_dag.py took 0.720 seconds
[2025-11-06T14:45:32.269+0000] {processor.py:161} INFO - Started process (PID=332) to work on /home/airflow/.local/lib/python3.8/site-packages/airflow/example_dags/example_sla_dag.py
[2025-11-06T14:45:32.297+0000] {processor.py:830} INFO - Processing file /home/airflow/.local/lib/python3.8/site-packages/airflow/example_dags/example_sla_dag.py for tasks to queue
[2025-11-06T14:45:32.309+0000] {logging_mixin.py:188} INFO - [2025-11-06T14:45:32.308+0000] {dagbag.py:538} INFO - Filling up the DagBag from /home/airflow/.local/lib/python3.8/site-packages/airflow/example_dags/example_sla_dag.py
[2025-11-06T14:45:32.350+0000] {processor.py:840} INFO - DAG(s) 'example_sla_dag' retrieved from /home/airflow/.local/lib/python3.8/site-packages/airflow/example_dags/example_sla_dag.py
[2025-11-06T14:45:32.454+0000] {logging_mixin.py:188} INFO - [2025-11-06T14:45:32.453+0000] {dag.py:3036} INFO - Sync 1 DAGs
[2025-11-06T14:45:32.610+0000] {logging_mixin.py:188} INFO - [2025-11-06T14:45:32.609+0000] {dag.py:3823} INFO - Setting next_dagrun for example_sla_dag to 2025-11-06 14:42:00+00:00, run_after=2025-11-06 14:44:00+00:00
[2025-11-06T14:45:32.681+0000] {processor.py:183} INFO - Processing /home/airflow/.local/lib/python3.8/site-packages/airflow/example_dags/example_sla_dag.py took 0.428 seconds
[2025-11-06T14:46:06.521+0000] {processor.py:161} INFO - Started process (PID=387) to work on /home/airflow/.local/lib/python3.8/site-packages/airflow/example_dags/example_sla_dag.py
[2025-11-06T14:46:06.525+0000] {processor.py:830} INFO - Processing file /home/airflow/.local/lib/python3.8/site-packages/airflow/example_dags/example_sla_dag.py for tasks to queue
[2025-11-06T14:46:06.533+0000] {logging_mixin.py:188} INFO - [2025-11-06T14:46:06.532+0000] {dagbag.py:538} INFO - Filling up the DagBag from /home/airflow/.local/lib/python3.8/site-packages/airflow/example_dags/example_sla_dag.py
[2025-11-06T14:46:06.568+0000] {processor.py:840} INFO - DAG(s) 'example_sla_dag' retrieved from /home/airflow/.local/lib/python3.8/site-packages/airflow/example_dags/example_sla_dag.py
[2025-11-06T14:46:06.673+0000] {logging_mixin.py:188} INFO - [2025-11-06T14:46:06.672+0000] {dag.py:3036} INFO - Sync 1 DAGs
[2025-11-06T14:46:06.772+0000] {logging_mixin.py:188} INFO - [2025-11-06T14:46:06.771+0000] {dag.py:3823} INFO - Setting next_dagrun for example_sla_dag to 2025-11-06 14:44:00+00:00, run_after=2025-11-06 14:46:00+00:00
[2025-11-06T14:46:06.833+0000] {processor.py:183} INFO - Processing /home/airflow/.local/lib/python3.8/site-packages/airflow/example_dags/example_sla_dag.py took 0.334 seconds
[2025-11-06T14:46:37.884+0000] {processor.py:161} INFO - Started process (PID=441) to work on /home/airflow/.local/lib/python3.8/site-packages/airflow/example_dags/example_sla_dag.py
[2025-11-06T14:46:37.890+0000] {processor.py:830} INFO - Processing file /home/airflow/.local/lib/python3.8/site-packages/airflow/example_dags/example_sla_dag.py for tasks to queue
[2025-11-06T14:46:37.896+0000] {logging_mixin.py:188} INFO - [2025-11-06T14:46:37.895+0000] {dagbag.py:538} INFO - Filling up the DagBag from /home/airflow/.local/lib/python3.8/site-packages/airflow/example_dags/example_sla_dag.py
[2025-11-06T14:46:37.926+0000] {processor.py:840} INFO - DAG(s) 'example_sla_dag' retrieved from /home/airflow/.local/lib/python3.8/site-packages/airflow/example_dags/example_sla_dag.py
[2025-11-06T14:46:38.032+0000] {logging_mixin.py:188} INFO - [2025-11-06T14:46:38.031+0000] {dag.py:3036} INFO - Sync 1 DAGs
[2025-11-06T14:46:38.130+0000] {logging_mixin.py:188} INFO - [2025-11-06T14:46:38.130+0000] {dag.py:3823} INFO - Setting next_dagrun for example_sla_dag to 2025-11-06 14:44:00+00:00, run_after=2025-11-06 14:46:00+00:00
[2025-11-06T14:46:38.209+0000] {processor.py:183} INFO - Processing /home/airflow/.local/lib/python3.8/site-packages/airflow/example_dags/example_sla_dag.py took 0.335 seconds
[2025-11-06T14:49:34.211+0000] {processor.py:161} INFO - Started process (PID=106) to work on /home/airflow/.local/lib/python3.8/site-packages/airflow/example_dags/example_sla_dag.py
[2025-11-06T14:49:34.214+0000] {processor.py:830} INFO - Processing file /home/airflow/.local/lib/python3.8/site-packages/airflow/example_dags/example_sla_dag.py for tasks to queue
[2025-11-06T14:49:34.221+0000] {logging_mixin.py:188} INFO - [2025-11-06T14:49:34.219+0000] {dagbag.py:538} INFO - Filling up the DagBag from /home/airflow/.local/lib/python3.8/site-packages/airflow/example_dags/example_sla_dag.py
[2025-11-06T14:49:34.253+0000] {processor.py:840} INFO - DAG(s) 'example_sla_dag' retrieved from /home/airflow/.local/lib/python3.8/site-packages/airflow/example_dags/example_sla_dag.py
[2025-11-06T14:49:34.716+0000] {logging_mixin.py:188} INFO - [2025-11-06T14:49:34.716+0000] {dag.py:3036} INFO - Sync 1 DAGs
[2025-11-06T14:49:34.810+0000] {logging_mixin.py:188} INFO - [2025-11-06T14:49:34.809+0000] {dag.py:3823} INFO - Setting next_dagrun for example_sla_dag to 2025-11-06 14:46:00+00:00, run_after=2025-11-06 14:48:00+00:00
[2025-11-06T14:49:34.883+0000] {processor.py:183} INFO - Processing /home/airflow/.local/lib/python3.8/site-packages/airflow/example_dags/example_sla_dag.py took 0.682 seconds
[2025-11-06T14:50:06.944+0000] {processor.py:161} INFO - Started process (PID=161) to work on /home/airflow/.local/lib/python3.8/site-packages/airflow/example_dags/example_sla_dag.py
[2025-11-06T14:50:06.960+0000] {processor.py:830} INFO - Processing file /home/airflow/.local/lib/python3.8/site-packages/airflow/example_dags/example_sla_dag.py for tasks to queue
[2025-11-06T14:50:06.976+0000] {logging_mixin.py:188} INFO - [2025-11-06T14:50:06.973+0000] {dagbag.py:538} INFO - Filling up the DagBag from /home/airflow/.local/lib/python3.8/site-packages/airflow/example_dags/example_sla_dag.py
[2025-11-06T14:50:07.019+0000] {processor.py:840} INFO - DAG(s) 'example_sla_dag' retrieved from /home/airflow/.local/lib/python3.8/site-packages/airflow/example_dags/example_sla_dag.py
[2025-11-06T14:50:07.171+0000] {logging_mixin.py:188} INFO - [2025-11-06T14:50:07.171+0000] {dag.py:3036} INFO - Sync 1 DAGs
[2025-11-06T14:50:07.303+0000] {logging_mixin.py:188} INFO - [2025-11-06T14:50:07.299+0000] {dag.py:3823} INFO - Setting next_dagrun for example_sla_dag to 2025-11-06 14:48:00+00:00, run_after=2025-11-06 14:50:00+00:00
[2025-11-06T14:50:07.432+0000] {processor.py:183} INFO - Processing /home/airflow/.local/lib/python3.8/site-packages/airflow/example_dags/example_sla_dag.py took 0.519 seconds
[2025-11-06T14:50:40.653+0000] {processor.py:161} INFO - Started process (PID=222) to work on /home/airflow/.local/lib/python3.8/site-packages/airflow/example_dags/example_sla_dag.py
[2025-11-06T14:50:40.656+0000] {processor.py:830} INFO - Processing file /home/airflow/.local/lib/python3.8/site-packages/airflow/example_dags/example_sla_dag.py for tasks to queue
[2025-11-06T14:50:40.672+0000] {logging_mixin.py:188} INFO - [2025-11-06T14:50:40.671+0000] {dagbag.py:538} INFO - Filling up the DagBag from /home/airflow/.local/lib/python3.8/site-packages/airflow/example_dags/example_sla_dag.py
[2025-11-06T14:50:40.730+0000] {processor.py:840} INFO - DAG(s) 'example_sla_dag' retrieved from /home/airflow/.local/lib/python3.8/site-packages/airflow/example_dags/example_sla_dag.py
[2025-11-06T14:50:40.835+0000] {logging_mixin.py:188} INFO - [2025-11-06T14:50:40.834+0000] {dag.py:3036} INFO - Sync 1 DAGs
[2025-11-06T14:50:40.964+0000] {logging_mixin.py:188} INFO - [2025-11-06T14:50:40.964+0000] {dag.py:3823} INFO - Setting next_dagrun for example_sla_dag to 2025-11-06 14:48:00+00:00, run_after=2025-11-06 14:50:00+00:00
[2025-11-06T14:50:41.038+0000] {processor.py:183} INFO - Processing /home/airflow/.local/lib/python3.8/site-packages/airflow/example_dags/example_sla_dag.py took 0.400 seconds
[2025-11-06T14:51:11.733+0000] {processor.py:161} INFO - Started process (PID=277) to work on /home/airflow/.local/lib/python3.8/site-packages/airflow/example_dags/example_sla_dag.py
[2025-11-06T14:51:11.738+0000] {processor.py:830} INFO - Processing file /home/airflow/.local/lib/python3.8/site-packages/airflow/example_dags/example_sla_dag.py for tasks to queue
[2025-11-06T14:51:11.769+0000] {logging_mixin.py:188} INFO - [2025-11-06T14:51:11.767+0000] {dagbag.py:538} INFO - Filling up the DagBag from /home/airflow/.local/lib/python3.8/site-packages/airflow/example_dags/example_sla_dag.py
[2025-11-06T14:51:11.844+0000] {processor.py:840} INFO - DAG(s) 'example_sla_dag' retrieved from /home/airflow/.local/lib/python3.8/site-packages/airflow/example_dags/example_sla_dag.py
[2025-11-06T14:51:12.018+0000] {logging_mixin.py:188} INFO - [2025-11-06T14:51:12.006+0000] {dag.py:3036} INFO - Sync 1 DAGs
[2025-11-06T14:51:12.338+0000] {logging_mixin.py:188} INFO - [2025-11-06T14:51:12.337+0000] {dag.py:3823} INFO - Setting next_dagrun for example_sla_dag to 2025-11-06 14:48:00+00:00, run_after=2025-11-06 14:50:00+00:00
[2025-11-06T14:51:12.537+0000] {processor.py:183} INFO - Processing /home/airflow/.local/lib/python3.8/site-packages/airflow/example_dags/example_sla_dag.py took 0.838 seconds
[2025-11-06T14:51:42.865+0000] {processor.py:161} INFO - Started process (PID=332) to work on /home/airflow/.local/lib/python3.8/site-packages/airflow/example_dags/example_sla_dag.py
[2025-11-06T14:51:42.868+0000] {processor.py:830} INFO - Processing file /home/airflow/.local/lib/python3.8/site-packages/airflow/example_dags/example_sla_dag.py for tasks to queue
[2025-11-06T14:51:42.874+0000] {logging_mixin.py:188} INFO - [2025-11-06T14:51:42.873+0000] {dagbag.py:538} INFO - Filling up the DagBag from /home/airflow/.local/lib/python3.8/site-packages/airflow/example_dags/example_sla_dag.py
[2025-11-06T14:51:42.904+0000] {processor.py:840} INFO - DAG(s) 'example_sla_dag' retrieved from /home/airflow/.local/lib/python3.8/site-packages/airflow/example_dags/example_sla_dag.py
[2025-11-06T14:51:42.988+0000] {logging_mixin.py:188} INFO - [2025-11-06T14:51:42.983+0000] {dag.py:3036} INFO - Sync 1 DAGs
[2025-11-06T14:51:43.100+0000] {logging_mixin.py:188} INFO - [2025-11-06T14:51:43.099+0000] {dag.py:3823} INFO - Setting next_dagrun for example_sla_dag to 2025-11-06 14:48:00+00:00, run_after=2025-11-06 14:50:00+00:00
[2025-11-06T14:51:43.178+0000] {processor.py:183} INFO - Processing /home/airflow/.local/lib/python3.8/site-packages/airflow/example_dags/example_sla_dag.py took 0.322 seconds
[2025-11-06T14:52:14.063+0000] {processor.py:161} INFO - Started process (PID=387) to work on /home/airflow/.local/lib/python3.8/site-packages/airflow/example_dags/example_sla_dag.py
[2025-11-06T14:52:14.084+0000] {processor.py:830} INFO - Processing file /home/airflow/.local/lib/python3.8/site-packages/airflow/example_dags/example_sla_dag.py for tasks to queue
[2025-11-06T14:52:14.090+0000] {logging_mixin.py:188} INFO - [2025-11-06T14:52:14.089+0000] {dagbag.py:538} INFO - Filling up the DagBag from /home/airflow/.local/lib/python3.8/site-packages/airflow/example_dags/example_sla_dag.py
[2025-11-06T14:52:14.135+0000] {processor.py:840} INFO - DAG(s) 'example_sla_dag' retrieved from /home/airflow/.local/lib/python3.8/site-packages/airflow/example_dags/example_sla_dag.py
[2025-11-06T14:52:14.206+0000] {logging_mixin.py:188} INFO - [2025-11-06T14:52:14.205+0000] {dag.py:3036} INFO - Sync 1 DAGs
[2025-11-06T14:52:14.316+0000] {logging_mixin.py:188} INFO - [2025-11-06T14:52:14.315+0000] {dag.py:3823} INFO - Setting next_dagrun for example_sla_dag to 2025-11-06 14:50:00+00:00, run_after=2025-11-06 14:52:00+00:00
[2025-11-06T14:52:14.401+0000] {processor.py:183} INFO - Processing /home/airflow/.local/lib/python3.8/site-packages/airflow/example_dags/example_sla_dag.py took 0.356 seconds
[2025-11-06T14:52:57.643+0000] {processor.py:161} INFO - Started process (PID=442) to work on /home/airflow/.local/lib/python3.8/site-packages/airflow/example_dags/example_sla_dag.py
[2025-11-06T14:52:57.679+0000] {processor.py:830} INFO - Processing file /home/airflow/.local/lib/python3.8/site-packages/airflow/example_dags/example_sla_dag.py for tasks to queue
[2025-11-06T14:52:57.699+0000] {logging_mixin.py:188} INFO - [2025-11-06T14:52:57.697+0000] {dagbag.py:538} INFO - Filling up the DagBag from /home/airflow/.local/lib/python3.8/site-packages/airflow/example_dags/example_sla_dag.py
[2025-11-06T14:52:57.806+0000] {processor.py:840} INFO - DAG(s) 'example_sla_dag' retrieved from /home/airflow/.local/lib/python3.8/site-packages/airflow/example_dags/example_sla_dag.py
[2025-11-06T14:52:58.125+0000] {logging_mixin.py:188} INFO - [2025-11-06T14:52:58.123+0000] {dag.py:3036} INFO - Sync 1 DAGs
[2025-11-06T14:52:58.509+0000] {logging_mixin.py:188} INFO - [2025-11-06T14:52:58.508+0000] {dag.py:3823} INFO - Setting next_dagrun for example_sla_dag to 2025-11-06 14:50:00+00:00, run_after=2025-11-06 14:52:00+00:00
[2025-11-06T14:52:58.750+0000] {processor.py:183} INFO - Processing /home/airflow/.local/lib/python3.8/site-packages/airflow/example_dags/example_sla_dag.py took 1.164 seconds
[2025-11-06T14:53:40.892+0000] {processor.py:161} INFO - Started process (PID=500) to work on /home/airflow/.local/lib/python3.8/site-packages/airflow/example_dags/example_sla_dag.py
[2025-11-06T14:53:40.928+0000] {processor.py:830} INFO - Processing file /home/airflow/.local/lib/python3.8/site-packages/airflow/example_dags/example_sla_dag.py for tasks to queue
[2025-11-06T14:53:41.022+0000] {logging_mixin.py:188} INFO - [2025-11-06T14:53:40.992+0000] {dagbag.py:538} INFO - Filling up the DagBag from /home/airflow/.local/lib/python3.8/site-packages/airflow/example_dags/example_sla_dag.py
[2025-11-06T14:53:41.184+0000] {processor.py:840} INFO - DAG(s) 'example_sla_dag' retrieved from /home/airflow/.local/lib/python3.8/site-packages/airflow/example_dags/example_sla_dag.py
[2025-11-06T14:53:41.652+0000] {logging_mixin.py:188} INFO - [2025-11-06T14:53:41.638+0000] {dag.py:3036} INFO - Sync 1 DAGs
[2025-11-06T14:53:42.143+0000] {logging_mixin.py:188} INFO - [2025-11-06T14:53:42.142+0000] {dag.py:3823} INFO - Setting next_dagrun for example_sla_dag to 2025-11-06 14:50:00+00:00, run_after=2025-11-06 14:52:00+00:00
[2025-11-06T14:53:42.406+0000] {processor.py:183} INFO - Processing /home/airflow/.local/lib/python3.8/site-packages/airflow/example_dags/example_sla_dag.py took 1.578 seconds
[2025-11-06T14:54:19.600+0000] {processor.py:161} INFO - Started process (PID=564) to work on /home/airflow/.local/lib/python3.8/site-packages/airflow/example_dags/example_sla_dag.py
[2025-11-06T14:54:19.603+0000] {processor.py:830} INFO - Processing file /home/airflow/.local/lib/python3.8/site-packages/airflow/example_dags/example_sla_dag.py for tasks to queue
[2025-11-06T14:54:19.612+0000] {logging_mixin.py:188} INFO - [2025-11-06T14:54:19.610+0000] {dagbag.py:538} INFO - Filling up the DagBag from /home/airflow/.local/lib/python3.8/site-packages/airflow/example_dags/example_sla_dag.py
[2025-11-06T14:54:19.659+0000] {processor.py:840} INFO - DAG(s) 'example_sla_dag' retrieved from /home/airflow/.local/lib/python3.8/site-packages/airflow/example_dags/example_sla_dag.py
[2025-11-06T14:54:19.756+0000] {logging_mixin.py:188} INFO - [2025-11-06T14:54:19.754+0000] {dag.py:3036} INFO - Sync 1 DAGs
[2025-11-06T14:54:19.853+0000] {logging_mixin.py:188} INFO - [2025-11-06T14:54:19.852+0000] {dag.py:3823} INFO - Setting next_dagrun for example_sla_dag to 2025-11-06 14:52:00+00:00, run_after=2025-11-06 14:54:00+00:00
[2025-11-06T14:54:19.905+0000] {processor.py:183} INFO - Processing /home/airflow/.local/lib/python3.8/site-packages/airflow/example_dags/example_sla_dag.py took 0.322 seconds
[2025-11-06T14:55:04.129+0000] {processor.py:161} INFO - Started process (PID=623) to work on /home/airflow/.local/lib/python3.8/site-packages/airflow/example_dags/example_sla_dag.py
[2025-11-06T14:55:04.133+0000] {processor.py:830} INFO - Processing file /home/airflow/.local/lib/python3.8/site-packages/airflow/example_dags/example_sla_dag.py for tasks to queue
[2025-11-06T14:55:04.145+0000] {logging_mixin.py:188} INFO - [2025-11-06T14:55:04.144+0000] {dagbag.py:538} INFO - Filling up the DagBag from /home/airflow/.local/lib/python3.8/site-packages/airflow/example_dags/example_sla_dag.py
[2025-11-06T14:55:04.185+0000] {processor.py:840} INFO - DAG(s) 'example_sla_dag' retrieved from /home/airflow/.local/lib/python3.8/site-packages/airflow/example_dags/example_sla_dag.py
[2025-11-06T14:55:04.389+0000] {logging_mixin.py:188} INFO - [2025-11-06T14:55:04.388+0000] {dag.py:3036} INFO - Sync 1 DAGs
[2025-11-06T14:55:04.581+0000] {logging_mixin.py:188} INFO - [2025-11-06T14:55:04.580+0000] {dag.py:3823} INFO - Setting next_dagrun for example_sla_dag to 2025-11-06 14:52:00+00:00, run_after=2025-11-06 14:54:00+00:00
[2025-11-06T14:55:04.753+0000] {processor.py:183} INFO - Processing /home/airflow/.local/lib/python3.8/site-packages/airflow/example_dags/example_sla_dag.py took 0.642 seconds
[2025-11-06T14:55:39.198+0000] {processor.py:161} INFO - Started process (PID=678) to work on /home/airflow/.local/lib/python3.8/site-packages/airflow/example_dags/example_sla_dag.py
[2025-11-06T14:55:39.202+0000] {processor.py:830} INFO - Processing file /home/airflow/.local/lib/python3.8/site-packages/airflow/example_dags/example_sla_dag.py for tasks to queue
[2025-11-06T14:55:39.212+0000] {logging_mixin.py:188} INFO - [2025-11-06T14:55:39.210+0000] {dagbag.py:538} INFO - Filling up the DagBag from /home/airflow/.local/lib/python3.8/site-packages/airflow/example_dags/example_sla_dag.py
[2025-11-06T14:55:39.247+0000] {processor.py:840} INFO - DAG(s) 'example_sla_dag' retrieved from /home/airflow/.local/lib/python3.8/site-packages/airflow/example_dags/example_sla_dag.py
[2025-11-06T14:55:39.323+0000] {logging_mixin.py:188} INFO - [2025-11-06T14:55:39.323+0000] {dag.py:3036} INFO - Sync 1 DAGs
[2025-11-06T14:55:39.505+0000] {logging_mixin.py:188} INFO - [2025-11-06T14:55:39.504+0000] {dag.py:3823} INFO - Setting next_dagrun for example_sla_dag to 2025-11-06 14:52:00+00:00, run_after=2025-11-06 14:54:00+00:00
[2025-11-06T14:55:39.639+0000] {processor.py:183} INFO - Processing /home/airflow/.local/lib/python3.8/site-packages/airflow/example_dags/example_sla_dag.py took 0.456 seconds
[2025-11-06T14:56:17.336+0000] {processor.py:161} INFO - Started process (PID=735) to work on /home/airflow/.local/lib/python3.8/site-packages/airflow/example_dags/example_sla_dag.py
[2025-11-06T14:56:17.340+0000] {processor.py:830} INFO - Processing file /home/airflow/.local/lib/python3.8/site-packages/airflow/example_dags/example_sla_dag.py for tasks to queue
[2025-11-06T14:56:17.385+0000] {logging_mixin.py:188} INFO - [2025-11-06T14:56:17.384+0000] {dagbag.py:538} INFO - Filling up the DagBag from /home/airflow/.local/lib/python3.8/site-packages/airflow/example_dags/example_sla_dag.py
[2025-11-06T14:56:17.548+0000] {processor.py:840} INFO - DAG(s) 'example_sla_dag' retrieved from /home/airflow/.local/lib/python3.8/site-packages/airflow/example_dags/example_sla_dag.py
[2025-11-06T14:56:17.864+0000] {logging_mixin.py:188} INFO - [2025-11-06T14:56:17.852+0000] {dag.py:3036} INFO - Sync 1 DAGs
[2025-11-06T14:56:18.250+0000] {logging_mixin.py:188} INFO - [2025-11-06T14:56:18.249+0000] {dag.py:3823} INFO - Setting next_dagrun for example_sla_dag to 2025-11-06 14:54:00+00:00, run_after=2025-11-06 14:56:00+00:00
[2025-11-06T14:56:18.485+0000] {processor.py:183} INFO - Processing /home/airflow/.local/lib/python3.8/site-packages/airflow/example_dags/example_sla_dag.py took 1.197 seconds
[2025-11-06T14:56:50.260+0000] {processor.py:161} INFO - Started process (PID=796) to work on /home/airflow/.local/lib/python3.8/site-packages/airflow/example_dags/example_sla_dag.py
[2025-11-06T14:56:50.276+0000] {processor.py:830} INFO - Processing file /home/airflow/.local/lib/python3.8/site-packages/airflow/example_dags/example_sla_dag.py for tasks to queue
[2025-11-06T14:56:50.284+0000] {logging_mixin.py:188} INFO - [2025-11-06T14:56:50.283+0000] {dagbag.py:538} INFO - Filling up the DagBag from /home/airflow/.local/lib/python3.8/site-packages/airflow/example_dags/example_sla_dag.py
[2025-11-06T14:56:50.337+0000] {processor.py:840} INFO - DAG(s) 'example_sla_dag' retrieved from /home/airflow/.local/lib/python3.8/site-packages/airflow/example_dags/example_sla_dag.py
[2025-11-06T14:56:50.531+0000] {logging_mixin.py:188} INFO - [2025-11-06T14:56:50.530+0000] {dag.py:3036} INFO - Sync 1 DAGs
[2025-11-06T14:56:50.721+0000] {logging_mixin.py:188} INFO - [2025-11-06T14:56:50.720+0000] {dag.py:3823} INFO - Setting next_dagrun for example_sla_dag to 2025-11-06 14:54:00+00:00, run_after=2025-11-06 14:56:00+00:00
[2025-11-06T14:56:50.859+0000] {processor.py:183} INFO - Processing /home/airflow/.local/lib/python3.8/site-packages/airflow/example_dags/example_sla_dag.py took 0.652 seconds
