[2025-11-10T07:46:51.581+0000] {processor.py:161} INFO - Started process (PID=76) to work on /opt/airflow/dags/dags_python_task_decorator.py
[2025-11-10T07:46:51.587+0000] {processor.py:830} INFO - Processing file /opt/airflow/dags/dags_python_task_decorator.py for tasks to queue
[2025-11-10T07:46:51.612+0000] {logging_mixin.py:188} INFO - [2025-11-10T07:46:51.611+0000] {dagbag.py:538} INFO - Filling up the DagBag from /opt/airflow/dags/dags_python_task_decorator.py
[2025-11-10T07:46:51.751+0000] {processor.py:840} INFO - DAG(s) 'dags_python_task_Decorator' retrieved from /opt/airflow/dags/dags_python_task_decorator.py
[2025-11-10T07:46:53.258+0000] {logging_mixin.py:188} INFO - [2025-11-10T07:46:53.255+0000] {override.py:1769} INFO - Created Permission View: can edit on DAG:dags_python_task_Decorator
[2025-11-10T07:46:53.321+0000] {logging_mixin.py:188} INFO - [2025-11-10T07:46:53.320+0000] {override.py:1769} INFO - Created Permission View: can read on DAG:dags_python_task_Decorator
[2025-11-10T07:46:53.353+0000] {logging_mixin.py:188} INFO - [2025-11-10T07:46:53.352+0000] {override.py:1769} INFO - Created Permission View: can delete on DAG:dags_python_task_Decorator
[2025-11-10T07:46:53.356+0000] {logging_mixin.py:188} INFO - [2025-11-10T07:46:53.355+0000] {dag.py:3036} INFO - Sync 1 DAGs
[2025-11-10T07:46:53.437+0000] {logging_mixin.py:188} INFO - [2025-11-10T07:46:53.436+0000] {dag.py:3058} INFO - Creating ORM DAG for dags_python_task_Decorator
[2025-11-10T07:46:53.516+0000] {logging_mixin.py:188} INFO - [2025-11-10T07:46:53.515+0000] {dag.py:3823} INFO - Setting next_dagrun for dags_python_task_Decorator to 2025-11-09 17:00:00+00:00, run_after=2025-11-16 17:00:00+00:00
[2025-11-10T07:46:53.708+0000] {processor.py:183} INFO - Processing /opt/airflow/dags/dags_python_task_decorator.py took 2.113 seconds
[2025-11-10T07:47:24.386+0000] {processor.py:161} INFO - Started process (PID=140) to work on /opt/airflow/dags/dags_python_task_decorator.py
[2025-11-10T07:47:24.389+0000] {processor.py:830} INFO - Processing file /opt/airflow/dags/dags_python_task_decorator.py for tasks to queue
[2025-11-10T07:47:24.394+0000] {logging_mixin.py:188} INFO - [2025-11-10T07:47:24.393+0000] {dagbag.py:538} INFO - Filling up the DagBag from /opt/airflow/dags/dags_python_task_decorator.py
[2025-11-10T07:47:24.435+0000] {processor.py:840} INFO - DAG(s) 'dags_python_task_Decorator' retrieved from /opt/airflow/dags/dags_python_task_decorator.py
[2025-11-10T07:47:24.495+0000] {logging_mixin.py:188} INFO - [2025-11-10T07:47:24.494+0000] {dag.py:3036} INFO - Sync 1 DAGs
[2025-11-10T07:47:24.571+0000] {logging_mixin.py:188} INFO - [2025-11-10T07:47:24.571+0000] {dag.py:3823} INFO - Setting next_dagrun for dags_python_task_Decorator to 2025-11-09 17:00:00+00:00, run_after=2025-11-16 17:00:00+00:00
[2025-11-10T07:47:24.661+0000] {processor.py:183} INFO - Processing /opt/airflow/dags/dags_python_task_decorator.py took 0.286 seconds
[2025-11-10T07:47:55.406+0000] {processor.py:161} INFO - Started process (PID=200) to work on /opt/airflow/dags/dags_python_task_decorator.py
[2025-11-10T07:47:55.407+0000] {processor.py:830} INFO - Processing file /opt/airflow/dags/dags_python_task_decorator.py for tasks to queue
[2025-11-10T07:47:55.409+0000] {logging_mixin.py:188} INFO - [2025-11-10T07:47:55.408+0000] {dagbag.py:538} INFO - Filling up the DagBag from /opt/airflow/dags/dags_python_task_decorator.py
[2025-11-10T07:47:55.434+0000] {processor.py:840} INFO - DAG(s) 'dags_python_task_Decorator' retrieved from /opt/airflow/dags/dags_python_task_decorator.py
[2025-11-10T07:47:55.462+0000] {logging_mixin.py:188} INFO - [2025-11-10T07:47:55.462+0000] {dag.py:3036} INFO - Sync 1 DAGs
[2025-11-10T07:47:55.495+0000] {logging_mixin.py:188} INFO - [2025-11-10T07:47:55.495+0000] {dag.py:3823} INFO - Setting next_dagrun for dags_python_task_Decorator to 2025-11-09 17:00:00+00:00, run_after=2025-11-16 17:00:00+00:00
[2025-11-10T07:47:55.531+0000] {processor.py:183} INFO - Processing /opt/airflow/dags/dags_python_task_decorator.py took 0.130 seconds
[2025-11-10T07:48:25.714+0000] {processor.py:161} INFO - Started process (PID=259) to work on /opt/airflow/dags/dags_python_task_decorator.py
[2025-11-10T07:48:25.716+0000] {processor.py:830} INFO - Processing file /opt/airflow/dags/dags_python_task_decorator.py for tasks to queue
[2025-11-10T07:48:25.718+0000] {logging_mixin.py:188} INFO - [2025-11-10T07:48:25.717+0000] {dagbag.py:538} INFO - Filling up the DagBag from /opt/airflow/dags/dags_python_task_decorator.py
[2025-11-10T07:48:25.755+0000] {processor.py:840} INFO - DAG(s) 'dags_python_task_Decorator' retrieved from /opt/airflow/dags/dags_python_task_decorator.py
[2025-11-10T07:48:25.797+0000] {logging_mixin.py:188} INFO - [2025-11-10T07:48:25.796+0000] {dag.py:3036} INFO - Sync 1 DAGs
[2025-11-10T07:48:25.848+0000] {logging_mixin.py:188} INFO - [2025-11-10T07:48:25.848+0000] {dag.py:3823} INFO - Setting next_dagrun for dags_python_task_Decorator to 2025-11-09 17:00:00+00:00, run_after=2025-11-16 17:00:00+00:00
[2025-11-10T07:48:25.886+0000] {processor.py:183} INFO - Processing /opt/airflow/dags/dags_python_task_decorator.py took 0.179 seconds
[2025-11-10T07:48:56.263+0000] {processor.py:161} INFO - Started process (PID=315) to work on /opt/airflow/dags/dags_python_task_decorator.py
[2025-11-10T07:48:56.264+0000] {processor.py:830} INFO - Processing file /opt/airflow/dags/dags_python_task_decorator.py for tasks to queue
[2025-11-10T07:48:56.266+0000] {logging_mixin.py:188} INFO - [2025-11-10T07:48:56.266+0000] {dagbag.py:538} INFO - Filling up the DagBag from /opt/airflow/dags/dags_python_task_decorator.py
[2025-11-10T07:48:56.292+0000] {processor.py:840} INFO - DAG(s) 'dags_python_task_Decorator' retrieved from /opt/airflow/dags/dags_python_task_decorator.py
[2025-11-10T07:48:56.318+0000] {logging_mixin.py:188} INFO - [2025-11-10T07:48:56.318+0000] {dag.py:3036} INFO - Sync 1 DAGs
[2025-11-10T07:48:56.347+0000] {logging_mixin.py:188} INFO - [2025-11-10T07:48:56.346+0000] {dag.py:3823} INFO - Setting next_dagrun for dags_python_task_Decorator to 2025-11-09 17:00:00+00:00, run_after=2025-11-16 17:00:00+00:00
[2025-11-10T07:48:56.382+0000] {processor.py:183} INFO - Processing /opt/airflow/dags/dags_python_task_decorator.py took 0.123 seconds
[2025-11-10T07:49:26.482+0000] {processor.py:161} INFO - Started process (PID=374) to work on /opt/airflow/dags/dags_python_task_decorator.py
[2025-11-10T07:49:26.485+0000] {processor.py:830} INFO - Processing file /opt/airflow/dags/dags_python_task_decorator.py for tasks to queue
[2025-11-10T07:49:26.488+0000] {logging_mixin.py:188} INFO - [2025-11-10T07:49:26.487+0000] {dagbag.py:538} INFO - Filling up the DagBag from /opt/airflow/dags/dags_python_task_decorator.py
[2025-11-10T07:49:26.525+0000] {processor.py:840} INFO - DAG(s) 'dags_python_task_Decorator' retrieved from /opt/airflow/dags/dags_python_task_decorator.py
[2025-11-10T07:49:26.573+0000] {logging_mixin.py:188} INFO - [2025-11-10T07:49:26.573+0000] {dag.py:3036} INFO - Sync 1 DAGs
[2025-11-10T07:49:26.633+0000] {logging_mixin.py:188} INFO - [2025-11-10T07:49:26.632+0000] {dag.py:3823} INFO - Setting next_dagrun for dags_python_task_Decorator to 2025-11-09 17:00:00+00:00, run_after=2025-11-16 17:00:00+00:00
[2025-11-10T07:49:26.691+0000] {processor.py:183} INFO - Processing /opt/airflow/dags/dags_python_task_decorator.py took 0.217 seconds
[2025-11-10T07:49:57.079+0000] {processor.py:161} INFO - Started process (PID=433) to work on /opt/airflow/dags/dags_python_task_decorator.py
[2025-11-10T07:49:57.086+0000] {processor.py:830} INFO - Processing file /opt/airflow/dags/dags_python_task_decorator.py for tasks to queue
[2025-11-10T07:49:57.088+0000] {logging_mixin.py:188} INFO - [2025-11-10T07:49:57.088+0000] {dagbag.py:538} INFO - Filling up the DagBag from /opt/airflow/dags/dags_python_task_decorator.py
[2025-11-10T07:49:57.130+0000] {processor.py:840} INFO - DAG(s) 'dags_python_task_Decorator' retrieved from /opt/airflow/dags/dags_python_task_decorator.py
[2025-11-10T07:49:57.181+0000] {logging_mixin.py:188} INFO - [2025-11-10T07:49:57.181+0000] {dag.py:3036} INFO - Sync 1 DAGs
[2025-11-10T07:49:57.240+0000] {logging_mixin.py:188} INFO - [2025-11-10T07:49:57.239+0000] {dag.py:3823} INFO - Setting next_dagrun for dags_python_task_Decorator to 2025-11-09 17:00:00+00:00, run_after=2025-11-16 17:00:00+00:00
[2025-11-10T07:49:57.293+0000] {processor.py:183} INFO - Processing /opt/airflow/dags/dags_python_task_decorator.py took 0.221 seconds
[2025-11-10T07:50:27.731+0000] {processor.py:161} INFO - Started process (PID=492) to work on /opt/airflow/dags/dags_python_task_decorator.py
[2025-11-10T07:50:27.733+0000] {processor.py:830} INFO - Processing file /opt/airflow/dags/dags_python_task_decorator.py for tasks to queue
[2025-11-10T07:50:27.735+0000] {logging_mixin.py:188} INFO - [2025-11-10T07:50:27.734+0000] {dagbag.py:538} INFO - Filling up the DagBag from /opt/airflow/dags/dags_python_task_decorator.py
[2025-11-10T07:50:27.784+0000] {processor.py:840} INFO - DAG(s) 'dags_python_task_Decorator' retrieved from /opt/airflow/dags/dags_python_task_decorator.py
[2025-11-10T07:50:27.841+0000] {logging_mixin.py:188} INFO - [2025-11-10T07:50:27.840+0000] {dag.py:3036} INFO - Sync 1 DAGs
[2025-11-10T07:50:27.921+0000] {logging_mixin.py:188} INFO - [2025-11-10T07:50:27.919+0000] {dag.py:3823} INFO - Setting next_dagrun for dags_python_task_Decorator to 2025-11-09 17:00:00+00:00, run_after=2025-11-16 17:00:00+00:00
[2025-11-10T07:50:27.972+0000] {processor.py:183} INFO - Processing /opt/airflow/dags/dags_python_task_decorator.py took 0.249 seconds
[2025-11-10T07:50:58.491+0000] {processor.py:161} INFO - Started process (PID=551) to work on /opt/airflow/dags/dags_python_task_decorator.py
[2025-11-10T07:50:58.493+0000] {processor.py:830} INFO - Processing file /opt/airflow/dags/dags_python_task_decorator.py for tasks to queue
[2025-11-10T07:50:58.495+0000] {logging_mixin.py:188} INFO - [2025-11-10T07:50:58.494+0000] {dagbag.py:538} INFO - Filling up the DagBag from /opt/airflow/dags/dags_python_task_decorator.py
[2025-11-10T07:50:58.531+0000] {processor.py:840} INFO - DAG(s) 'dags_python_task_Decorator' retrieved from /opt/airflow/dags/dags_python_task_decorator.py
[2025-11-10T07:50:58.584+0000] {logging_mixin.py:188} INFO - [2025-11-10T07:50:58.584+0000] {dag.py:3036} INFO - Sync 1 DAGs
[2025-11-10T07:50:58.643+0000] {logging_mixin.py:188} INFO - [2025-11-10T07:50:58.642+0000] {dag.py:3823} INFO - Setting next_dagrun for dags_python_task_Decorator to 2025-11-09 17:00:00+00:00, run_after=2025-11-16 17:00:00+00:00
[2025-11-10T07:50:58.697+0000] {processor.py:183} INFO - Processing /opt/airflow/dags/dags_python_task_decorator.py took 0.214 seconds
[2025-11-10T07:51:29.669+0000] {processor.py:161} INFO - Started process (PID=610) to work on /opt/airflow/dags/dags_python_task_decorator.py
[2025-11-10T07:51:29.671+0000] {processor.py:830} INFO - Processing file /opt/airflow/dags/dags_python_task_decorator.py for tasks to queue
[2025-11-10T07:51:29.674+0000] {logging_mixin.py:188} INFO - [2025-11-10T07:51:29.673+0000] {dagbag.py:538} INFO - Filling up the DagBag from /opt/airflow/dags/dags_python_task_decorator.py
[2025-11-10T07:51:29.720+0000] {processor.py:840} INFO - DAG(s) 'dags_python_task_Decorator' retrieved from /opt/airflow/dags/dags_python_task_decorator.py
[2025-11-10T07:51:29.773+0000] {logging_mixin.py:188} INFO - [2025-11-10T07:51:29.772+0000] {dag.py:3036} INFO - Sync 1 DAGs
[2025-11-10T07:51:29.846+0000] {logging_mixin.py:188} INFO - [2025-11-10T07:51:29.844+0000] {dag.py:3823} INFO - Setting next_dagrun for dags_python_task_Decorator to 2025-11-09 17:00:00+00:00, run_after=2025-11-16 17:00:00+00:00
[2025-11-10T07:51:29.928+0000] {processor.py:183} INFO - Processing /opt/airflow/dags/dags_python_task_decorator.py took 0.267 seconds
[2025-11-10T07:52:00.184+0000] {processor.py:161} INFO - Started process (PID=670) to work on /opt/airflow/dags/dags_python_task_decorator.py
[2025-11-10T07:52:00.195+0000] {processor.py:830} INFO - Processing file /opt/airflow/dags/dags_python_task_decorator.py for tasks to queue
[2025-11-10T07:52:00.208+0000] {logging_mixin.py:188} INFO - [2025-11-10T07:52:00.197+0000] {dagbag.py:538} INFO - Filling up the DagBag from /opt/airflow/dags/dags_python_task_decorator.py
[2025-11-10T07:52:00.304+0000] {processor.py:840} INFO - DAG(s) 'dags_python_task_Decorator' retrieved from /opt/airflow/dags/dags_python_task_decorator.py
[2025-11-10T07:52:00.413+0000] {logging_mixin.py:188} INFO - [2025-11-10T07:52:00.412+0000] {dag.py:3036} INFO - Sync 1 DAGs
[2025-11-10T07:52:00.544+0000] {logging_mixin.py:188} INFO - [2025-11-10T07:52:00.541+0000] {dag.py:3823} INFO - Setting next_dagrun for dags_python_task_Decorator to 2025-11-09 17:00:00+00:00, run_after=2025-11-16 17:00:00+00:00
[2025-11-10T07:52:00.662+0000] {processor.py:183} INFO - Processing /opt/airflow/dags/dags_python_task_decorator.py took 0.506 seconds
[2025-11-10T07:52:31.152+0000] {processor.py:161} INFO - Started process (PID=729) to work on /opt/airflow/dags/dags_python_task_decorator.py
[2025-11-10T07:52:31.154+0000] {processor.py:830} INFO - Processing file /opt/airflow/dags/dags_python_task_decorator.py for tasks to queue
[2025-11-10T07:52:31.156+0000] {logging_mixin.py:188} INFO - [2025-11-10T07:52:31.155+0000] {dagbag.py:538} INFO - Filling up the DagBag from /opt/airflow/dags/dags_python_task_decorator.py
[2025-11-10T07:52:31.183+0000] {processor.py:840} INFO - DAG(s) 'dags_python_task_Decorator' retrieved from /opt/airflow/dags/dags_python_task_decorator.py
[2025-11-10T07:52:31.220+0000] {logging_mixin.py:188} INFO - [2025-11-10T07:52:31.219+0000] {dag.py:3036} INFO - Sync 1 DAGs
[2025-11-10T07:52:31.292+0000] {logging_mixin.py:188} INFO - [2025-11-10T07:52:31.291+0000] {dag.py:3823} INFO - Setting next_dagrun for dags_python_task_Decorator to 2025-11-09 17:00:00+00:00, run_after=2025-11-16 17:00:00+00:00
[2025-11-10T07:52:31.354+0000] {processor.py:183} INFO - Processing /opt/airflow/dags/dags_python_task_decorator.py took 0.207 seconds
[2025-11-10T07:53:01.592+0000] {processor.py:161} INFO - Started process (PID=788) to work on /opt/airflow/dags/dags_python_task_decorator.py
[2025-11-10T07:53:01.594+0000] {processor.py:830} INFO - Processing file /opt/airflow/dags/dags_python_task_decorator.py for tasks to queue
[2025-11-10T07:53:01.596+0000] {logging_mixin.py:188} INFO - [2025-11-10T07:53:01.595+0000] {dagbag.py:538} INFO - Filling up the DagBag from /opt/airflow/dags/dags_python_task_decorator.py
[2025-11-10T07:53:01.624+0000] {processor.py:840} INFO - DAG(s) 'dags_python_task_Decorator' retrieved from /opt/airflow/dags/dags_python_task_decorator.py
[2025-11-10T07:53:01.659+0000] {logging_mixin.py:188} INFO - [2025-11-10T07:53:01.659+0000] {dag.py:3036} INFO - Sync 1 DAGs
[2025-11-10T07:53:01.717+0000] {logging_mixin.py:188} INFO - [2025-11-10T07:53:01.716+0000] {dag.py:3823} INFO - Setting next_dagrun for dags_python_task_Decorator to 2025-11-09 17:00:00+00:00, run_after=2025-11-16 17:00:00+00:00
[2025-11-10T07:53:01.751+0000] {processor.py:183} INFO - Processing /opt/airflow/dags/dags_python_task_decorator.py took 0.165 seconds
[2025-11-10T07:53:32.016+0000] {processor.py:161} INFO - Started process (PID=848) to work on /opt/airflow/dags/dags_python_task_decorator.py
[2025-11-10T07:53:32.017+0000] {processor.py:830} INFO - Processing file /opt/airflow/dags/dags_python_task_decorator.py for tasks to queue
[2025-11-10T07:53:32.019+0000] {logging_mixin.py:188} INFO - [2025-11-10T07:53:32.018+0000] {dagbag.py:538} INFO - Filling up the DagBag from /opt/airflow/dags/dags_python_task_decorator.py
[2025-11-10T07:53:32.043+0000] {processor.py:840} INFO - DAG(s) 'dags_python_task_Decorator' retrieved from /opt/airflow/dags/dags_python_task_decorator.py
[2025-11-10T07:53:32.070+0000] {logging_mixin.py:188} INFO - [2025-11-10T07:53:32.069+0000] {dag.py:3036} INFO - Sync 1 DAGs
[2025-11-10T07:53:32.099+0000] {logging_mixin.py:188} INFO - [2025-11-10T07:53:32.099+0000] {dag.py:3823} INFO - Setting next_dagrun for dags_python_task_Decorator to 2025-11-09 17:00:00+00:00, run_after=2025-11-16 17:00:00+00:00
[2025-11-10T07:53:32.125+0000] {processor.py:183} INFO - Processing /opt/airflow/dags/dags_python_task_decorator.py took 0.114 seconds
[2025-11-10T07:54:02.379+0000] {processor.py:161} INFO - Started process (PID=907) to work on /opt/airflow/dags/dags_python_task_decorator.py
[2025-11-10T07:54:02.384+0000] {processor.py:830} INFO - Processing file /opt/airflow/dags/dags_python_task_decorator.py for tasks to queue
[2025-11-10T07:54:02.386+0000] {logging_mixin.py:188} INFO - [2025-11-10T07:54:02.386+0000] {dagbag.py:538} INFO - Filling up the DagBag from /opt/airflow/dags/dags_python_task_decorator.py
[2025-11-10T07:54:02.434+0000] {processor.py:840} INFO - DAG(s) 'dags_python_task_Decorator' retrieved from /opt/airflow/dags/dags_python_task_decorator.py
[2025-11-10T07:54:02.478+0000] {logging_mixin.py:188} INFO - [2025-11-10T07:54:02.478+0000] {dag.py:3036} INFO - Sync 1 DAGs
[2025-11-10T07:54:02.516+0000] {logging_mixin.py:188} INFO - [2025-11-10T07:54:02.515+0000] {dag.py:3823} INFO - Setting next_dagrun for dags_python_task_Decorator to 2025-11-09 17:00:00+00:00, run_after=2025-11-16 17:00:00+00:00
[2025-11-10T07:54:02.541+0000] {processor.py:183} INFO - Processing /opt/airflow/dags/dags_python_task_decorator.py took 0.170 seconds
[2025-11-10T07:54:33.396+0000] {processor.py:161} INFO - Started process (PID=966) to work on /opt/airflow/dags/dags_python_task_decorator.py
[2025-11-10T07:54:33.397+0000] {processor.py:830} INFO - Processing file /opt/airflow/dags/dags_python_task_decorator.py for tasks to queue
[2025-11-10T07:54:33.399+0000] {logging_mixin.py:188} INFO - [2025-11-10T07:54:33.398+0000] {dagbag.py:538} INFO - Filling up the DagBag from /opt/airflow/dags/dags_python_task_decorator.py
[2025-11-10T07:54:33.429+0000] {processor.py:840} INFO - DAG(s) 'dags_python_task_Decorator' retrieved from /opt/airflow/dags/dags_python_task_decorator.py
[2025-11-10T07:54:33.500+0000] {logging_mixin.py:188} INFO - [2025-11-10T07:54:33.500+0000] {dag.py:3036} INFO - Sync 1 DAGs
[2025-11-10T07:54:33.570+0000] {logging_mixin.py:188} INFO - [2025-11-10T07:54:33.570+0000] {dag.py:3823} INFO - Setting next_dagrun for dags_python_task_Decorator to 2025-11-09 17:00:00+00:00, run_after=2025-11-16 17:00:00+00:00
[2025-11-10T07:54:33.622+0000] {processor.py:183} INFO - Processing /opt/airflow/dags/dags_python_task_decorator.py took 0.230 seconds
[2025-11-10T07:55:03.785+0000] {processor.py:161} INFO - Started process (PID=1026) to work on /opt/airflow/dags/dags_python_task_decorator.py
[2025-11-10T07:55:03.786+0000] {processor.py:830} INFO - Processing file /opt/airflow/dags/dags_python_task_decorator.py for tasks to queue
[2025-11-10T07:55:03.788+0000] {logging_mixin.py:188} INFO - [2025-11-10T07:55:03.788+0000] {dagbag.py:538} INFO - Filling up the DagBag from /opt/airflow/dags/dags_python_task_decorator.py
[2025-11-10T07:55:03.823+0000] {processor.py:840} INFO - DAG(s) 'dags_python_task_Decorator' retrieved from /opt/airflow/dags/dags_python_task_decorator.py
[2025-11-10T07:55:03.858+0000] {logging_mixin.py:188} INFO - [2025-11-10T07:55:03.857+0000] {dag.py:3036} INFO - Sync 1 DAGs
[2025-11-10T07:55:03.900+0000] {logging_mixin.py:188} INFO - [2025-11-10T07:55:03.899+0000] {dag.py:3823} INFO - Setting next_dagrun for dags_python_task_Decorator to 2025-11-09 17:00:00+00:00, run_after=2025-11-16 17:00:00+00:00
[2025-11-10T07:55:03.932+0000] {processor.py:183} INFO - Processing /opt/airflow/dags/dags_python_task_decorator.py took 0.152 seconds
[2025-11-10T07:55:34.289+0000] {processor.py:161} INFO - Started process (PID=1085) to work on /opt/airflow/dags/dags_python_task_decorator.py
[2025-11-10T07:55:34.290+0000] {processor.py:830} INFO - Processing file /opt/airflow/dags/dags_python_task_decorator.py for tasks to queue
[2025-11-10T07:55:34.292+0000] {logging_mixin.py:188} INFO - [2025-11-10T07:55:34.291+0000] {dagbag.py:538} INFO - Filling up the DagBag from /opt/airflow/dags/dags_python_task_decorator.py
[2025-11-10T07:55:34.312+0000] {processor.py:840} INFO - DAG(s) 'dags_python_task_Decorator' retrieved from /opt/airflow/dags/dags_python_task_decorator.py
[2025-11-10T07:55:34.336+0000] {logging_mixin.py:188} INFO - [2025-11-10T07:55:34.336+0000] {dag.py:3036} INFO - Sync 1 DAGs
[2025-11-10T07:55:34.363+0000] {logging_mixin.py:188} INFO - [2025-11-10T07:55:34.362+0000] {dag.py:3823} INFO - Setting next_dagrun for dags_python_task_Decorator to 2025-11-09 17:00:00+00:00, run_after=2025-11-16 17:00:00+00:00
[2025-11-10T07:55:34.411+0000] {processor.py:183} INFO - Processing /opt/airflow/dags/dags_python_task_decorator.py took 0.126 seconds
[2025-11-10T07:56:05.011+0000] {processor.py:161} INFO - Started process (PID=1145) to work on /opt/airflow/dags/dags_python_task_decorator.py
[2025-11-10T07:56:05.012+0000] {processor.py:830} INFO - Processing file /opt/airflow/dags/dags_python_task_decorator.py for tasks to queue
[2025-11-10T07:56:05.014+0000] {logging_mixin.py:188} INFO - [2025-11-10T07:56:05.013+0000] {dagbag.py:538} INFO - Filling up the DagBag from /opt/airflow/dags/dags_python_task_decorator.py
[2025-11-10T07:56:05.041+0000] {processor.py:840} INFO - DAG(s) 'dags_python_task_Decorator' retrieved from /opt/airflow/dags/dags_python_task_decorator.py
[2025-11-10T07:56:05.073+0000] {logging_mixin.py:188} INFO - [2025-11-10T07:56:05.072+0000] {dag.py:3036} INFO - Sync 1 DAGs
[2025-11-10T07:56:05.121+0000] {logging_mixin.py:188} INFO - [2025-11-10T07:56:05.121+0000] {dag.py:3823} INFO - Setting next_dagrun for dags_python_task_Decorator to 2025-11-09 17:00:00+00:00, run_after=2025-11-16 17:00:00+00:00
[2025-11-10T07:56:05.158+0000] {processor.py:183} INFO - Processing /opt/airflow/dags/dags_python_task_decorator.py took 0.154 seconds
[2025-11-10T07:56:35.668+0000] {processor.py:161} INFO - Started process (PID=1204) to work on /opt/airflow/dags/dags_python_task_decorator.py
[2025-11-10T07:56:35.669+0000] {processor.py:830} INFO - Processing file /opt/airflow/dags/dags_python_task_decorator.py for tasks to queue
[2025-11-10T07:56:35.671+0000] {logging_mixin.py:188} INFO - [2025-11-10T07:56:35.671+0000] {dagbag.py:538} INFO - Filling up the DagBag from /opt/airflow/dags/dags_python_task_decorator.py
[2025-11-10T07:56:35.700+0000] {processor.py:840} INFO - DAG(s) 'dags_python_task_Decorator' retrieved from /opt/airflow/dags/dags_python_task_decorator.py
[2025-11-10T07:56:35.738+0000] {logging_mixin.py:188} INFO - [2025-11-10T07:56:35.737+0000] {dag.py:3036} INFO - Sync 1 DAGs
[2025-11-10T07:56:35.779+0000] {logging_mixin.py:188} INFO - [2025-11-10T07:56:35.779+0000] {dag.py:3823} INFO - Setting next_dagrun for dags_python_task_Decorator to 2025-11-09 17:00:00+00:00, run_after=2025-11-16 17:00:00+00:00
[2025-11-10T07:56:35.813+0000] {processor.py:183} INFO - Processing /opt/airflow/dags/dags_python_task_decorator.py took 0.150 seconds
[2025-11-10T07:57:06.280+0000] {processor.py:161} INFO - Started process (PID=1263) to work on /opt/airflow/dags/dags_python_task_decorator.py
[2025-11-10T07:57:06.282+0000] {processor.py:830} INFO - Processing file /opt/airflow/dags/dags_python_task_decorator.py for tasks to queue
[2025-11-10T07:57:06.284+0000] {logging_mixin.py:188} INFO - [2025-11-10T07:57:06.283+0000] {dagbag.py:538} INFO - Filling up the DagBag from /opt/airflow/dags/dags_python_task_decorator.py
[2025-11-10T07:57:06.310+0000] {processor.py:840} INFO - DAG(s) 'dags_python_task_Decorator' retrieved from /opt/airflow/dags/dags_python_task_decorator.py
[2025-11-10T07:57:06.346+0000] {logging_mixin.py:188} INFO - [2025-11-10T07:57:06.346+0000] {dag.py:3036} INFO - Sync 1 DAGs
[2025-11-10T07:57:06.397+0000] {logging_mixin.py:188} INFO - [2025-11-10T07:57:06.396+0000] {dag.py:3823} INFO - Setting next_dagrun for dags_python_task_Decorator to 2025-11-09 17:00:00+00:00, run_after=2025-11-16 17:00:00+00:00
[2025-11-10T07:57:06.436+0000] {processor.py:183} INFO - Processing /opt/airflow/dags/dags_python_task_decorator.py took 0.160 seconds
[2025-11-10T07:57:37.226+0000] {processor.py:161} INFO - Started process (PID=1322) to work on /opt/airflow/dags/dags_python_task_decorator.py
[2025-11-10T07:57:37.228+0000] {processor.py:830} INFO - Processing file /opt/airflow/dags/dags_python_task_decorator.py for tasks to queue
[2025-11-10T07:57:37.230+0000] {logging_mixin.py:188} INFO - [2025-11-10T07:57:37.230+0000] {dagbag.py:538} INFO - Filling up the DagBag from /opt/airflow/dags/dags_python_task_decorator.py
[2025-11-10T07:57:37.260+0000] {processor.py:840} INFO - DAG(s) 'dags_python_task_Decorator' retrieved from /opt/airflow/dags/dags_python_task_decorator.py
[2025-11-10T07:57:37.291+0000] {logging_mixin.py:188} INFO - [2025-11-10T07:57:37.291+0000] {dag.py:3036} INFO - Sync 1 DAGs
[2025-11-10T07:57:37.332+0000] {logging_mixin.py:188} INFO - [2025-11-10T07:57:37.332+0000] {dag.py:3823} INFO - Setting next_dagrun for dags_python_task_Decorator to 2025-11-09 17:00:00+00:00, run_after=2025-11-16 17:00:00+00:00
[2025-11-10T07:57:37.369+0000] {processor.py:183} INFO - Processing /opt/airflow/dags/dags_python_task_decorator.py took 0.149 seconds
[2025-11-10T07:58:07.439+0000] {processor.py:161} INFO - Started process (PID=1381) to work on /opt/airflow/dags/dags_python_task_decorator.py
[2025-11-10T07:58:07.440+0000] {processor.py:830} INFO - Processing file /opt/airflow/dags/dags_python_task_decorator.py for tasks to queue
[2025-11-10T07:58:07.442+0000] {logging_mixin.py:188} INFO - [2025-11-10T07:58:07.441+0000] {dagbag.py:538} INFO - Filling up the DagBag from /opt/airflow/dags/dags_python_task_decorator.py
[2025-11-10T07:58:07.463+0000] {processor.py:840} INFO - DAG(s) 'dags_python_task_Decorator' retrieved from /opt/airflow/dags/dags_python_task_decorator.py
[2025-11-10T07:58:07.493+0000] {logging_mixin.py:188} INFO - [2025-11-10T07:58:07.492+0000] {dag.py:3036} INFO - Sync 1 DAGs
[2025-11-10T07:58:07.522+0000] {logging_mixin.py:188} INFO - [2025-11-10T07:58:07.522+0000] {dag.py:3823} INFO - Setting next_dagrun for dags_python_task_Decorator to 2025-11-09 17:00:00+00:00, run_after=2025-11-16 17:00:00+00:00
[2025-11-10T07:58:07.556+0000] {processor.py:183} INFO - Processing /opt/airflow/dags/dags_python_task_decorator.py took 0.122 seconds
[2025-11-10T07:58:37.928+0000] {processor.py:161} INFO - Started process (PID=1440) to work on /opt/airflow/dags/dags_python_task_decorator.py
[2025-11-10T07:58:37.930+0000] {processor.py:830} INFO - Processing file /opt/airflow/dags/dags_python_task_decorator.py for tasks to queue
[2025-11-10T07:58:37.931+0000] {logging_mixin.py:188} INFO - [2025-11-10T07:58:37.931+0000] {dagbag.py:538} INFO - Filling up the DagBag from /opt/airflow/dags/dags_python_task_decorator.py
[2025-11-10T07:58:37.957+0000] {processor.py:840} INFO - DAG(s) 'dags_python_task_Decorator' retrieved from /opt/airflow/dags/dags_python_task_decorator.py
[2025-11-10T07:58:37.987+0000] {logging_mixin.py:188} INFO - [2025-11-10T07:58:37.986+0000] {dag.py:3036} INFO - Sync 1 DAGs
[2025-11-10T07:58:38.028+0000] {logging_mixin.py:188} INFO - [2025-11-10T07:58:38.027+0000] {dag.py:3823} INFO - Setting next_dagrun for dags_python_task_Decorator to 2025-11-09 17:00:00+00:00, run_after=2025-11-16 17:00:00+00:00
[2025-11-10T07:58:38.058+0000] {processor.py:183} INFO - Processing /opt/airflow/dags/dags_python_task_decorator.py took 0.135 seconds
[2025-11-10T07:59:08.249+0000] {processor.py:161} INFO - Started process (PID=1499) to work on /opt/airflow/dags/dags_python_task_decorator.py
[2025-11-10T07:59:08.251+0000] {processor.py:830} INFO - Processing file /opt/airflow/dags/dags_python_task_decorator.py for tasks to queue
[2025-11-10T07:59:08.253+0000] {logging_mixin.py:188} INFO - [2025-11-10T07:59:08.252+0000] {dagbag.py:538} INFO - Filling up the DagBag from /opt/airflow/dags/dags_python_task_decorator.py
[2025-11-10T07:59:08.277+0000] {processor.py:840} INFO - DAG(s) 'dags_python_task_Decorator' retrieved from /opt/airflow/dags/dags_python_task_decorator.py
[2025-11-10T07:59:08.304+0000] {logging_mixin.py:188} INFO - [2025-11-10T07:59:08.304+0000] {dag.py:3036} INFO - Sync 1 DAGs
[2025-11-10T07:59:08.330+0000] {logging_mixin.py:188} INFO - [2025-11-10T07:59:08.329+0000] {dag.py:3823} INFO - Setting next_dagrun for dags_python_task_Decorator to 2025-11-09 17:00:00+00:00, run_after=2025-11-16 17:00:00+00:00
[2025-11-10T07:59:08.355+0000] {processor.py:183} INFO - Processing /opt/airflow/dags/dags_python_task_decorator.py took 0.111 seconds
[2025-11-10T07:59:38.765+0000] {processor.py:161} INFO - Started process (PID=1558) to work on /opt/airflow/dags/dags_python_task_decorator.py
[2025-11-10T07:59:38.766+0000] {processor.py:830} INFO - Processing file /opt/airflow/dags/dags_python_task_decorator.py for tasks to queue
[2025-11-10T07:59:38.767+0000] {logging_mixin.py:188} INFO - [2025-11-10T07:59:38.767+0000] {dagbag.py:538} INFO - Filling up the DagBag from /opt/airflow/dags/dags_python_task_decorator.py
[2025-11-10T07:59:38.786+0000] {processor.py:840} INFO - DAG(s) 'dags_python_task_Decorator' retrieved from /opt/airflow/dags/dags_python_task_decorator.py
[2025-11-10T07:59:38.811+0000] {logging_mixin.py:188} INFO - [2025-11-10T07:59:38.811+0000] {dag.py:3036} INFO - Sync 1 DAGs
[2025-11-10T07:59:38.837+0000] {logging_mixin.py:188} INFO - [2025-11-10T07:59:38.837+0000] {dag.py:3823} INFO - Setting next_dagrun for dags_python_task_Decorator to 2025-11-09 17:00:00+00:00, run_after=2025-11-16 17:00:00+00:00
[2025-11-10T07:59:38.873+0000] {processor.py:183} INFO - Processing /opt/airflow/dags/dags_python_task_decorator.py took 0.112 seconds
[2025-11-10T08:00:08.994+0000] {processor.py:161} INFO - Started process (PID=1617) to work on /opt/airflow/dags/dags_python_task_decorator.py
[2025-11-10T08:00:08.995+0000] {processor.py:830} INFO - Processing file /opt/airflow/dags/dags_python_task_decorator.py for tasks to queue
[2025-11-10T08:00:08.996+0000] {logging_mixin.py:188} INFO - [2025-11-10T08:00:08.996+0000] {dagbag.py:538} INFO - Filling up the DagBag from /opt/airflow/dags/dags_python_task_decorator.py
[2025-11-10T08:00:09.016+0000] {processor.py:840} INFO - DAG(s) 'dags_python_task_Decorator' retrieved from /opt/airflow/dags/dags_python_task_decorator.py
[2025-11-10T08:00:09.041+0000] {logging_mixin.py:188} INFO - [2025-11-10T08:00:09.041+0000] {dag.py:3036} INFO - Sync 1 DAGs
[2025-11-10T08:00:09.067+0000] {logging_mixin.py:188} INFO - [2025-11-10T08:00:09.066+0000] {dag.py:3823} INFO - Setting next_dagrun for dags_python_task_Decorator to 2025-11-09 17:00:00+00:00, run_after=2025-11-16 17:00:00+00:00
[2025-11-10T08:00:09.093+0000] {processor.py:183} INFO - Processing /opt/airflow/dags/dags_python_task_decorator.py took 0.103 seconds
[2025-11-10T08:00:39.315+0000] {processor.py:161} INFO - Started process (PID=1676) to work on /opt/airflow/dags/dags_python_task_decorator.py
[2025-11-10T08:00:39.317+0000] {processor.py:830} INFO - Processing file /opt/airflow/dags/dags_python_task_decorator.py for tasks to queue
[2025-11-10T08:00:39.318+0000] {logging_mixin.py:188} INFO - [2025-11-10T08:00:39.318+0000] {dagbag.py:538} INFO - Filling up the DagBag from /opt/airflow/dags/dags_python_task_decorator.py
[2025-11-10T08:00:39.340+0000] {processor.py:840} INFO - DAG(s) 'dags_python_task_Decorator' retrieved from /opt/airflow/dags/dags_python_task_decorator.py
[2025-11-10T08:00:39.366+0000] {logging_mixin.py:188} INFO - [2025-11-10T08:00:39.366+0000] {dag.py:3036} INFO - Sync 1 DAGs
[2025-11-10T08:00:39.392+0000] {logging_mixin.py:188} INFO - [2025-11-10T08:00:39.392+0000] {dag.py:3823} INFO - Setting next_dagrun for dags_python_task_Decorator to 2025-11-09 17:00:00+00:00, run_after=2025-11-16 17:00:00+00:00
[2025-11-10T08:00:39.427+0000] {processor.py:183} INFO - Processing /opt/airflow/dags/dags_python_task_decorator.py took 0.122 seconds
[2025-11-10T08:01:09.711+0000] {processor.py:161} INFO - Started process (PID=1735) to work on /opt/airflow/dags/dags_python_task_decorator.py
[2025-11-10T08:01:09.713+0000] {processor.py:830} INFO - Processing file /opt/airflow/dags/dags_python_task_decorator.py for tasks to queue
[2025-11-10T08:01:09.715+0000] {logging_mixin.py:188} INFO - [2025-11-10T08:01:09.715+0000] {dagbag.py:538} INFO - Filling up the DagBag from /opt/airflow/dags/dags_python_task_decorator.py
[2025-11-10T08:01:09.740+0000] {processor.py:840} INFO - DAG(s) 'dags_python_task_Decorator' retrieved from /opt/airflow/dags/dags_python_task_decorator.py
[2025-11-10T08:01:09.765+0000] {logging_mixin.py:188} INFO - [2025-11-10T08:01:09.765+0000] {dag.py:3036} INFO - Sync 1 DAGs
[2025-11-10T08:01:09.791+0000] {logging_mixin.py:188} INFO - [2025-11-10T08:01:09.790+0000] {dag.py:3823} INFO - Setting next_dagrun for dags_python_task_Decorator to 2025-11-09 17:00:00+00:00, run_after=2025-11-16 17:00:00+00:00
[2025-11-10T08:01:09.827+0000] {processor.py:183} INFO - Processing /opt/airflow/dags/dags_python_task_decorator.py took 0.122 seconds
[2025-11-10T08:01:40.629+0000] {processor.py:161} INFO - Started process (PID=1794) to work on /opt/airflow/dags/dags_python_task_decorator.py
[2025-11-10T08:01:40.631+0000] {processor.py:830} INFO - Processing file /opt/airflow/dags/dags_python_task_decorator.py for tasks to queue
[2025-11-10T08:01:40.633+0000] {logging_mixin.py:188} INFO - [2025-11-10T08:01:40.632+0000] {dagbag.py:538} INFO - Filling up the DagBag from /opt/airflow/dags/dags_python_task_decorator.py
[2025-11-10T08:01:40.659+0000] {processor.py:840} INFO - DAG(s) 'dags_python_task_Decorator' retrieved from /opt/airflow/dags/dags_python_task_decorator.py
[2025-11-10T08:01:40.691+0000] {logging_mixin.py:188} INFO - [2025-11-10T08:01:40.690+0000] {dag.py:3036} INFO - Sync 1 DAGs
[2025-11-10T08:01:40.724+0000] {logging_mixin.py:188} INFO - [2025-11-10T08:01:40.723+0000] {dag.py:3823} INFO - Setting next_dagrun for dags_python_task_Decorator to 2025-11-09 17:00:00+00:00, run_after=2025-11-16 17:00:00+00:00
[2025-11-10T08:01:40.761+0000] {processor.py:183} INFO - Processing /opt/airflow/dags/dags_python_task_decorator.py took 0.137 seconds
[2025-11-10T08:02:11.035+0000] {processor.py:161} INFO - Started process (PID=1854) to work on /opt/airflow/dags/dags_python_task_decorator.py
[2025-11-10T08:02:11.038+0000] {processor.py:830} INFO - Processing file /opt/airflow/dags/dags_python_task_decorator.py for tasks to queue
[2025-11-10T08:02:11.039+0000] {logging_mixin.py:188} INFO - [2025-11-10T08:02:11.039+0000] {dagbag.py:538} INFO - Filling up the DagBag from /opt/airflow/dags/dags_python_task_decorator.py
[2025-11-10T08:02:11.072+0000] {processor.py:840} INFO - DAG(s) 'dags_python_task_Decorator' retrieved from /opt/airflow/dags/dags_python_task_decorator.py
[2025-11-10T08:02:11.110+0000] {logging_mixin.py:188} INFO - [2025-11-10T08:02:11.110+0000] {dag.py:3036} INFO - Sync 1 DAGs
[2025-11-10T08:02:11.154+0000] {logging_mixin.py:188} INFO - [2025-11-10T08:02:11.154+0000] {dag.py:3823} INFO - Setting next_dagrun for dags_python_task_Decorator to 2025-11-09 17:00:00+00:00, run_after=2025-11-16 17:00:00+00:00
[2025-11-10T08:02:11.188+0000] {processor.py:183} INFO - Processing /opt/airflow/dags/dags_python_task_decorator.py took 0.160 seconds
[2025-11-10T08:02:41.305+0000] {processor.py:161} INFO - Started process (PID=1914) to work on /opt/airflow/dags/dags_python_task_decorator.py
[2025-11-10T08:02:41.306+0000] {processor.py:830} INFO - Processing file /opt/airflow/dags/dags_python_task_decorator.py for tasks to queue
[2025-11-10T08:02:41.308+0000] {logging_mixin.py:188} INFO - [2025-11-10T08:02:41.307+0000] {dagbag.py:538} INFO - Filling up the DagBag from /opt/airflow/dags/dags_python_task_decorator.py
[2025-11-10T08:02:41.329+0000] {processor.py:840} INFO - DAG(s) 'dags_python_task_Decorator' retrieved from /opt/airflow/dags/dags_python_task_decorator.py
[2025-11-10T08:02:41.359+0000] {logging_mixin.py:188} INFO - [2025-11-10T08:02:41.359+0000] {dag.py:3036} INFO - Sync 1 DAGs
[2025-11-10T08:02:41.389+0000] {logging_mixin.py:188} INFO - [2025-11-10T08:02:41.389+0000] {dag.py:3823} INFO - Setting next_dagrun for dags_python_task_Decorator to 2025-11-09 17:00:00+00:00, run_after=2025-11-16 17:00:00+00:00
[2025-11-10T08:02:41.417+0000] {processor.py:183} INFO - Processing /opt/airflow/dags/dags_python_task_decorator.py took 0.116 seconds
[2025-11-10T08:03:11.466+0000] {processor.py:161} INFO - Started process (PID=1973) to work on /opt/airflow/dags/dags_python_task_decorator.py
[2025-11-10T08:03:11.467+0000] {processor.py:830} INFO - Processing file /opt/airflow/dags/dags_python_task_decorator.py for tasks to queue
[2025-11-10T08:03:11.470+0000] {logging_mixin.py:188} INFO - [2025-11-10T08:03:11.469+0000] {dagbag.py:538} INFO - Filling up the DagBag from /opt/airflow/dags/dags_python_task_decorator.py
[2025-11-10T08:03:11.494+0000] {processor.py:840} INFO - DAG(s) 'dags_python_task_Decorator' retrieved from /opt/airflow/dags/dags_python_task_decorator.py
[2025-11-10T08:03:11.520+0000] {logging_mixin.py:188} INFO - [2025-11-10T08:03:11.520+0000] {dag.py:3036} INFO - Sync 1 DAGs
[2025-11-10T08:03:11.549+0000] {logging_mixin.py:188} INFO - [2025-11-10T08:03:11.549+0000] {dag.py:3823} INFO - Setting next_dagrun for dags_python_task_Decorator to 2025-11-09 17:00:00+00:00, run_after=2025-11-16 17:00:00+00:00
[2025-11-10T08:03:11.573+0000] {processor.py:183} INFO - Processing /opt/airflow/dags/dags_python_task_decorator.py took 0.111 seconds
[2025-11-10T08:03:41.834+0000] {processor.py:161} INFO - Started process (PID=2032) to work on /opt/airflow/dags/dags_python_task_decorator.py
[2025-11-10T08:03:41.837+0000] {processor.py:830} INFO - Processing file /opt/airflow/dags/dags_python_task_decorator.py for tasks to queue
[2025-11-10T08:03:41.839+0000] {logging_mixin.py:188} INFO - [2025-11-10T08:03:41.839+0000] {dagbag.py:538} INFO - Filling up the DagBag from /opt/airflow/dags/dags_python_task_decorator.py
[2025-11-10T08:03:41.890+0000] {processor.py:840} INFO - DAG(s) 'dags_python_task_Decorator' retrieved from /opt/airflow/dags/dags_python_task_decorator.py
[2025-11-10T08:03:41.950+0000] {logging_mixin.py:188} INFO - [2025-11-10T08:03:41.950+0000] {dag.py:3036} INFO - Sync 1 DAGs
[2025-11-10T08:03:41.993+0000] {logging_mixin.py:188} INFO - [2025-11-10T08:03:41.993+0000] {dag.py:3823} INFO - Setting next_dagrun for dags_python_task_Decorator to 2025-11-09 17:00:00+00:00, run_after=2025-11-16 17:00:00+00:00
[2025-11-10T08:03:42.025+0000] {processor.py:183} INFO - Processing /opt/airflow/dags/dags_python_task_decorator.py took 0.198 seconds
[2025-11-10T08:04:12.120+0000] {processor.py:161} INFO - Started process (PID=2091) to work on /opt/airflow/dags/dags_python_task_decorator.py
[2025-11-10T08:04:12.122+0000] {processor.py:830} INFO - Processing file /opt/airflow/dags/dags_python_task_decorator.py for tasks to queue
[2025-11-10T08:04:12.123+0000] {logging_mixin.py:188} INFO - [2025-11-10T08:04:12.123+0000] {dagbag.py:538} INFO - Filling up the DagBag from /opt/airflow/dags/dags_python_task_decorator.py
[2025-11-10T08:04:12.143+0000] {processor.py:840} INFO - DAG(s) 'dags_python_task_Decorator' retrieved from /opt/airflow/dags/dags_python_task_decorator.py
[2025-11-10T08:04:12.171+0000] {logging_mixin.py:188} INFO - [2025-11-10T08:04:12.171+0000] {dag.py:3036} INFO - Sync 1 DAGs
[2025-11-10T08:04:12.211+0000] {logging_mixin.py:188} INFO - [2025-11-10T08:04:12.211+0000] {dag.py:3823} INFO - Setting next_dagrun for dags_python_task_Decorator to 2025-11-09 17:00:00+00:00, run_after=2025-11-16 17:00:00+00:00
[2025-11-10T08:04:12.252+0000] {processor.py:183} INFO - Processing /opt/airflow/dags/dags_python_task_decorator.py took 0.137 seconds
[2025-11-10T08:04:42.494+0000] {processor.py:161} INFO - Started process (PID=2150) to work on /opt/airflow/dags/dags_python_task_decorator.py
[2025-11-10T08:04:42.495+0000] {processor.py:830} INFO - Processing file /opt/airflow/dags/dags_python_task_decorator.py for tasks to queue
[2025-11-10T08:04:42.497+0000] {logging_mixin.py:188} INFO - [2025-11-10T08:04:42.497+0000] {dagbag.py:538} INFO - Filling up the DagBag from /opt/airflow/dags/dags_python_task_decorator.py
[2025-11-10T08:04:42.521+0000] {processor.py:840} INFO - DAG(s) 'dags_python_task_Decorator' retrieved from /opt/airflow/dags/dags_python_task_decorator.py
[2025-11-10T08:04:42.549+0000] {logging_mixin.py:188} INFO - [2025-11-10T08:04:42.549+0000] {dag.py:3036} INFO - Sync 1 DAGs
[2025-11-10T08:04:42.585+0000] {logging_mixin.py:188} INFO - [2025-11-10T08:04:42.585+0000] {dag.py:3823} INFO - Setting next_dagrun for dags_python_task_Decorator to 2025-11-09 17:00:00+00:00, run_after=2025-11-16 17:00:00+00:00
[2025-11-10T08:04:42.621+0000] {processor.py:183} INFO - Processing /opt/airflow/dags/dags_python_task_decorator.py took 0.132 seconds
[2025-11-10T08:05:12.764+0000] {processor.py:161} INFO - Started process (PID=2209) to work on /opt/airflow/dags/dags_python_task_decorator.py
[2025-11-10T08:05:12.765+0000] {processor.py:830} INFO - Processing file /opt/airflow/dags/dags_python_task_decorator.py for tasks to queue
[2025-11-10T08:05:12.767+0000] {logging_mixin.py:188} INFO - [2025-11-10T08:05:12.766+0000] {dagbag.py:538} INFO - Filling up the DagBag from /opt/airflow/dags/dags_python_task_decorator.py
[2025-11-10T08:05:12.790+0000] {processor.py:840} INFO - DAG(s) 'dags_python_task_Decorator' retrieved from /opt/airflow/dags/dags_python_task_decorator.py
[2025-11-10T08:05:12.819+0000] {logging_mixin.py:188} INFO - [2025-11-10T08:05:12.819+0000] {dag.py:3036} INFO - Sync 1 DAGs
[2025-11-10T08:05:12.859+0000] {logging_mixin.py:188} INFO - [2025-11-10T08:05:12.859+0000] {dag.py:3823} INFO - Setting next_dagrun for dags_python_task_Decorator to 2025-11-09 17:00:00+00:00, run_after=2025-11-16 17:00:00+00:00
[2025-11-10T08:05:12.898+0000] {processor.py:183} INFO - Processing /opt/airflow/dags/dags_python_task_decorator.py took 0.138 seconds
[2025-11-10T08:05:43.238+0000] {processor.py:161} INFO - Started process (PID=2268) to work on /opt/airflow/dags/dags_python_task_decorator.py
[2025-11-10T08:05:43.239+0000] {processor.py:830} INFO - Processing file /opt/airflow/dags/dags_python_task_decorator.py for tasks to queue
[2025-11-10T08:05:43.241+0000] {logging_mixin.py:188} INFO - [2025-11-10T08:05:43.241+0000] {dagbag.py:538} INFO - Filling up the DagBag from /opt/airflow/dags/dags_python_task_decorator.py
[2025-11-10T08:05:43.263+0000] {processor.py:840} INFO - DAG(s) 'dags_python_task_Decorator' retrieved from /opt/airflow/dags/dags_python_task_decorator.py
[2025-11-10T08:05:43.289+0000] {logging_mixin.py:188} INFO - [2025-11-10T08:05:43.288+0000] {dag.py:3036} INFO - Sync 1 DAGs
[2025-11-10T08:05:43.315+0000] {logging_mixin.py:188} INFO - [2025-11-10T08:05:43.315+0000] {dag.py:3823} INFO - Setting next_dagrun for dags_python_task_Decorator to 2025-11-09 17:00:00+00:00, run_after=2025-11-16 17:00:00+00:00
[2025-11-10T08:05:43.342+0000] {processor.py:183} INFO - Processing /opt/airflow/dags/dags_python_task_decorator.py took 0.108 seconds
[2025-11-10T08:06:13.665+0000] {processor.py:161} INFO - Started process (PID=2327) to work on /opt/airflow/dags/dags_python_task_decorator.py
[2025-11-10T08:06:13.667+0000] {processor.py:830} INFO - Processing file /opt/airflow/dags/dags_python_task_decorator.py for tasks to queue
[2025-11-10T08:06:13.669+0000] {logging_mixin.py:188} INFO - [2025-11-10T08:06:13.668+0000] {dagbag.py:538} INFO - Filling up the DagBag from /opt/airflow/dags/dags_python_task_decorator.py
[2025-11-10T08:06:13.697+0000] {processor.py:840} INFO - DAG(s) 'dags_python_task_Decorator' retrieved from /opt/airflow/dags/dags_python_task_decorator.py
[2025-11-10T08:06:13.722+0000] {logging_mixin.py:188} INFO - [2025-11-10T08:06:13.722+0000] {dag.py:3036} INFO - Sync 1 DAGs
[2025-11-10T08:06:13.749+0000] {logging_mixin.py:188} INFO - [2025-11-10T08:06:13.748+0000] {dag.py:3823} INFO - Setting next_dagrun for dags_python_task_Decorator to 2025-11-09 17:00:00+00:00, run_after=2025-11-16 17:00:00+00:00
[2025-11-10T08:06:13.782+0000] {processor.py:183} INFO - Processing /opt/airflow/dags/dags_python_task_decorator.py took 0.121 seconds
[2025-11-10T08:06:44.582+0000] {processor.py:161} INFO - Started process (PID=2386) to work on /opt/airflow/dags/dags_python_task_decorator.py
[2025-11-10T08:06:44.583+0000] {processor.py:830} INFO - Processing file /opt/airflow/dags/dags_python_task_decorator.py for tasks to queue
[2025-11-10T08:06:44.585+0000] {logging_mixin.py:188} INFO - [2025-11-10T08:06:44.585+0000] {dagbag.py:538} INFO - Filling up the DagBag from /opt/airflow/dags/dags_python_task_decorator.py
[2025-11-10T08:06:44.617+0000] {processor.py:840} INFO - DAG(s) 'dags_python_task_Decorator' retrieved from /opt/airflow/dags/dags_python_task_decorator.py
[2025-11-10T08:06:44.649+0000] {logging_mixin.py:188} INFO - [2025-11-10T08:06:44.649+0000] {dag.py:3036} INFO - Sync 1 DAGs
[2025-11-10T08:06:44.685+0000] {logging_mixin.py:188} INFO - [2025-11-10T08:06:44.685+0000] {dag.py:3823} INFO - Setting next_dagrun for dags_python_task_Decorator to 2025-11-09 17:00:00+00:00, run_after=2025-11-16 17:00:00+00:00
[2025-11-10T08:06:44.716+0000] {processor.py:183} INFO - Processing /opt/airflow/dags/dags_python_task_decorator.py took 0.141 seconds
[2025-11-10T08:07:14.859+0000] {processor.py:161} INFO - Started process (PID=2445) to work on /opt/airflow/dags/dags_python_task_decorator.py
[2025-11-10T08:07:14.861+0000] {processor.py:830} INFO - Processing file /opt/airflow/dags/dags_python_task_decorator.py for tasks to queue
[2025-11-10T08:07:14.863+0000] {logging_mixin.py:188} INFO - [2025-11-10T08:07:14.862+0000] {dagbag.py:538} INFO - Filling up the DagBag from /opt/airflow/dags/dags_python_task_decorator.py
[2025-11-10T08:07:14.897+0000] {processor.py:840} INFO - DAG(s) 'dags_python_task_Decorator' retrieved from /opt/airflow/dags/dags_python_task_decorator.py
[2025-11-10T08:07:14.961+0000] {logging_mixin.py:188} INFO - [2025-11-10T08:07:14.961+0000] {dag.py:3036} INFO - Sync 1 DAGs
[2025-11-10T08:07:15.048+0000] {logging_mixin.py:188} INFO - [2025-11-10T08:07:15.047+0000] {dag.py:3823} INFO - Setting next_dagrun for dags_python_task_Decorator to 2025-11-09 17:00:00+00:00, run_after=2025-11-16 17:00:00+00:00
[2025-11-10T08:07:15.139+0000] {processor.py:183} INFO - Processing /opt/airflow/dags/dags_python_task_decorator.py took 0.287 seconds
[2025-11-10T08:07:46.112+0000] {processor.py:161} INFO - Started process (PID=2504) to work on /opt/airflow/dags/dags_python_task_decorator.py
[2025-11-10T08:07:46.114+0000] {processor.py:830} INFO - Processing file /opt/airflow/dags/dags_python_task_decorator.py for tasks to queue
[2025-11-10T08:07:46.116+0000] {logging_mixin.py:188} INFO - [2025-11-10T08:07:46.115+0000] {dagbag.py:538} INFO - Filling up the DagBag from /opt/airflow/dags/dags_python_task_decorator.py
[2025-11-10T08:07:46.141+0000] {processor.py:840} INFO - DAG(s) 'dags_python_task_Decorator' retrieved from /opt/airflow/dags/dags_python_task_decorator.py
[2025-11-10T08:07:46.170+0000] {logging_mixin.py:188} INFO - [2025-11-10T08:07:46.170+0000] {dag.py:3036} INFO - Sync 1 DAGs
[2025-11-10T08:07:46.201+0000] {logging_mixin.py:188} INFO - [2025-11-10T08:07:46.200+0000] {dag.py:3823} INFO - Setting next_dagrun for dags_python_task_Decorator to 2025-11-09 17:00:00+00:00, run_after=2025-11-16 17:00:00+00:00
[2025-11-10T08:07:46.238+0000] {processor.py:183} INFO - Processing /opt/airflow/dags/dags_python_task_decorator.py took 0.131 seconds
[2025-11-10T08:08:16.625+0000] {processor.py:161} INFO - Started process (PID=2563) to work on /opt/airflow/dags/dags_python_task_decorator.py
[2025-11-10T08:08:16.627+0000] {processor.py:830} INFO - Processing file /opt/airflow/dags/dags_python_task_decorator.py for tasks to queue
[2025-11-10T08:08:16.629+0000] {logging_mixin.py:188} INFO - [2025-11-10T08:08:16.628+0000] {dagbag.py:538} INFO - Filling up the DagBag from /opt/airflow/dags/dags_python_task_decorator.py
[2025-11-10T08:08:16.662+0000] {processor.py:840} INFO - DAG(s) 'dags_python_task_Decorator' retrieved from /opt/airflow/dags/dags_python_task_decorator.py
[2025-11-10T08:08:16.695+0000] {logging_mixin.py:188} INFO - [2025-11-10T08:08:16.695+0000] {dag.py:3036} INFO - Sync 1 DAGs
[2025-11-10T08:08:16.730+0000] {logging_mixin.py:188} INFO - [2025-11-10T08:08:16.730+0000] {dag.py:3823} INFO - Setting next_dagrun for dags_python_task_Decorator to 2025-11-09 17:00:00+00:00, run_after=2025-11-16 17:00:00+00:00
[2025-11-10T08:08:16.766+0000] {processor.py:183} INFO - Processing /opt/airflow/dags/dags_python_task_decorator.py took 0.146 seconds
[2025-11-10T08:08:47.247+0000] {processor.py:161} INFO - Started process (PID=2622) to work on /opt/airflow/dags/dags_python_task_decorator.py
[2025-11-10T08:08:47.249+0000] {processor.py:830} INFO - Processing file /opt/airflow/dags/dags_python_task_decorator.py for tasks to queue
[2025-11-10T08:08:47.251+0000] {logging_mixin.py:188} INFO - [2025-11-10T08:08:47.250+0000] {dagbag.py:538} INFO - Filling up the DagBag from /opt/airflow/dags/dags_python_task_decorator.py
[2025-11-10T08:08:47.280+0000] {processor.py:840} INFO - DAG(s) 'dags_python_task_Decorator' retrieved from /opt/airflow/dags/dags_python_task_decorator.py
[2025-11-10T08:08:47.318+0000] {logging_mixin.py:188} INFO - [2025-11-10T08:08:47.318+0000] {dag.py:3036} INFO - Sync 1 DAGs
[2025-11-10T08:08:47.366+0000] {logging_mixin.py:188} INFO - [2025-11-10T08:08:47.365+0000] {dag.py:3823} INFO - Setting next_dagrun for dags_python_task_Decorator to 2025-11-09 17:00:00+00:00, run_after=2025-11-16 17:00:00+00:00
[2025-11-10T08:08:47.401+0000] {processor.py:183} INFO - Processing /opt/airflow/dags/dags_python_task_decorator.py took 0.160 seconds
[2025-11-10T08:09:17.590+0000] {processor.py:161} INFO - Started process (PID=2681) to work on /opt/airflow/dags/dags_python_task_decorator.py
[2025-11-10T08:09:17.592+0000] {processor.py:830} INFO - Processing file /opt/airflow/dags/dags_python_task_decorator.py for tasks to queue
[2025-11-10T08:09:17.593+0000] {logging_mixin.py:188} INFO - [2025-11-10T08:09:17.593+0000] {dagbag.py:538} INFO - Filling up the DagBag from /opt/airflow/dags/dags_python_task_decorator.py
[2025-11-10T08:09:17.622+0000] {processor.py:840} INFO - DAG(s) 'dags_python_task_Decorator' retrieved from /opt/airflow/dags/dags_python_task_decorator.py
[2025-11-10T08:09:17.650+0000] {logging_mixin.py:188} INFO - [2025-11-10T08:09:17.650+0000] {dag.py:3036} INFO - Sync 1 DAGs
[2025-11-10T08:09:17.678+0000] {logging_mixin.py:188} INFO - [2025-11-10T08:09:17.678+0000] {dag.py:3823} INFO - Setting next_dagrun for dags_python_task_Decorator to 2025-11-09 17:00:00+00:00, run_after=2025-11-16 17:00:00+00:00
[2025-11-10T08:09:17.705+0000] {processor.py:183} INFO - Processing /opt/airflow/dags/dags_python_task_decorator.py took 0.119 seconds
[2025-11-10T08:09:48.473+0000] {processor.py:161} INFO - Started process (PID=2736) to work on /opt/airflow/dags/dags_python_task_decorator.py
[2025-11-10T08:09:48.475+0000] {processor.py:830} INFO - Processing file /opt/airflow/dags/dags_python_task_decorator.py for tasks to queue
[2025-11-10T08:09:48.477+0000] {logging_mixin.py:188} INFO - [2025-11-10T08:09:48.476+0000] {dagbag.py:538} INFO - Filling up the DagBag from /opt/airflow/dags/dags_python_task_decorator.py
[2025-11-10T08:09:48.508+0000] {processor.py:840} INFO - DAG(s) 'dags_python_task_Decorator' retrieved from /opt/airflow/dags/dags_python_task_decorator.py
[2025-11-10T08:09:48.541+0000] {logging_mixin.py:188} INFO - [2025-11-10T08:09:48.540+0000] {dag.py:3036} INFO - Sync 1 DAGs
[2025-11-10T08:09:48.574+0000] {logging_mixin.py:188} INFO - [2025-11-10T08:09:48.574+0000] {dag.py:3823} INFO - Setting next_dagrun for dags_python_task_Decorator to 2025-11-09 17:00:00+00:00, run_after=2025-11-16 17:00:00+00:00
[2025-11-10T08:09:48.604+0000] {processor.py:183} INFO - Processing /opt/airflow/dags/dags_python_task_decorator.py took 0.137 seconds
[2025-11-10T08:10:18.901+0000] {processor.py:161} INFO - Started process (PID=2795) to work on /opt/airflow/dags/dags_python_task_decorator.py
[2025-11-10T08:10:18.903+0000] {processor.py:830} INFO - Processing file /opt/airflow/dags/dags_python_task_decorator.py for tasks to queue
[2025-11-10T08:10:18.904+0000] {logging_mixin.py:188} INFO - [2025-11-10T08:10:18.904+0000] {dagbag.py:538} INFO - Filling up the DagBag from /opt/airflow/dags/dags_python_task_decorator.py
[2025-11-10T08:10:18.929+0000] {processor.py:840} INFO - DAG(s) 'dags_python_task_Decorator' retrieved from /opt/airflow/dags/dags_python_task_decorator.py
[2025-11-10T08:10:18.957+0000] {logging_mixin.py:188} INFO - [2025-11-10T08:10:18.957+0000] {dag.py:3036} INFO - Sync 1 DAGs
[2025-11-10T08:10:18.985+0000] {logging_mixin.py:188} INFO - [2025-11-10T08:10:18.984+0000] {dag.py:3823} INFO - Setting next_dagrun for dags_python_task_Decorator to 2025-11-09 17:00:00+00:00, run_after=2025-11-16 17:00:00+00:00
[2025-11-10T08:10:19.010+0000] {processor.py:183} INFO - Processing /opt/airflow/dags/dags_python_task_decorator.py took 0.114 seconds
[2025-11-10T08:10:49.520+0000] {processor.py:161} INFO - Started process (PID=2854) to work on /opt/airflow/dags/dags_python_task_decorator.py
[2025-11-10T08:10:49.522+0000] {processor.py:830} INFO - Processing file /opt/airflow/dags/dags_python_task_decorator.py for tasks to queue
[2025-11-10T08:10:49.523+0000] {logging_mixin.py:188} INFO - [2025-11-10T08:10:49.522+0000] {dagbag.py:538} INFO - Filling up the DagBag from /opt/airflow/dags/dags_python_task_decorator.py
[2025-11-10T08:10:49.544+0000] {processor.py:840} INFO - DAG(s) 'dags_python_task_Decorator' retrieved from /opt/airflow/dags/dags_python_task_decorator.py
[2025-11-10T08:10:49.569+0000] {logging_mixin.py:188} INFO - [2025-11-10T08:10:49.569+0000] {dag.py:3036} INFO - Sync 1 DAGs
[2025-11-10T08:10:49.595+0000] {logging_mixin.py:188} INFO - [2025-11-10T08:10:49.595+0000] {dag.py:3823} INFO - Setting next_dagrun for dags_python_task_Decorator to 2025-11-09 17:00:00+00:00, run_after=2025-11-16 17:00:00+00:00
[2025-11-10T08:10:49.620+0000] {processor.py:183} INFO - Processing /opt/airflow/dags/dags_python_task_decorator.py took 0.104 seconds
[2025-11-10T08:11:20.199+0000] {processor.py:161} INFO - Started process (PID=2914) to work on /opt/airflow/dags/dags_python_task_decorator.py
[2025-11-10T08:11:20.201+0000] {processor.py:830} INFO - Processing file /opt/airflow/dags/dags_python_task_decorator.py for tasks to queue
[2025-11-10T08:11:20.202+0000] {logging_mixin.py:188} INFO - [2025-11-10T08:11:20.202+0000] {dagbag.py:538} INFO - Filling up the DagBag from /opt/airflow/dags/dags_python_task_decorator.py
[2025-11-10T08:11:20.222+0000] {processor.py:840} INFO - DAG(s) 'dags_python_task_Decorator' retrieved from /opt/airflow/dags/dags_python_task_decorator.py
[2025-11-10T08:11:20.248+0000] {logging_mixin.py:188} INFO - [2025-11-10T08:11:20.247+0000] {dag.py:3036} INFO - Sync 1 DAGs
[2025-11-10T08:11:20.275+0000] {logging_mixin.py:188} INFO - [2025-11-10T08:11:20.275+0000] {dag.py:3823} INFO - Setting next_dagrun for dags_python_task_Decorator to 2025-11-09 17:00:00+00:00, run_after=2025-11-16 17:00:00+00:00
[2025-11-10T08:11:20.310+0000] {processor.py:183} INFO - Processing /opt/airflow/dags/dags_python_task_decorator.py took 0.115 seconds
[2025-11-10T08:11:50.960+0000] {processor.py:161} INFO - Started process (PID=2973) to work on /opt/airflow/dags/dags_python_task_decorator.py
[2025-11-10T08:11:50.962+0000] {processor.py:830} INFO - Processing file /opt/airflow/dags/dags_python_task_decorator.py for tasks to queue
[2025-11-10T08:11:50.963+0000] {logging_mixin.py:188} INFO - [2025-11-10T08:11:50.963+0000] {dagbag.py:538} INFO - Filling up the DagBag from /opt/airflow/dags/dags_python_task_decorator.py
[2025-11-10T08:11:50.990+0000] {processor.py:840} INFO - DAG(s) 'dags_python_task_Decorator' retrieved from /opt/airflow/dags/dags_python_task_decorator.py
[2025-11-10T08:11:51.168+0000] {logging_mixin.py:188} INFO - [2025-11-10T08:11:51.167+0000] {dag.py:3036} INFO - Sync 1 DAGs
[2025-11-10T08:11:51.199+0000] {logging_mixin.py:188} INFO - [2025-11-10T08:11:51.199+0000] {dag.py:3823} INFO - Setting next_dagrun for dags_python_task_Decorator to 2025-11-09 17:00:00+00:00, run_after=2025-11-16 17:00:00+00:00
[2025-11-10T08:11:51.225+0000] {processor.py:183} INFO - Processing /opt/airflow/dags/dags_python_task_decorator.py took 0.269 seconds
[2025-11-10T08:12:21.914+0000] {processor.py:161} INFO - Started process (PID=3032) to work on /opt/airflow/dags/dags_python_task_decorator.py
[2025-11-10T08:12:21.915+0000] {processor.py:830} INFO - Processing file /opt/airflow/dags/dags_python_task_decorator.py for tasks to queue
[2025-11-10T08:12:21.917+0000] {logging_mixin.py:188} INFO - [2025-11-10T08:12:21.917+0000] {dagbag.py:538} INFO - Filling up the DagBag from /opt/airflow/dags/dags_python_task_decorator.py
[2025-11-10T08:12:21.940+0000] {processor.py:840} INFO - DAG(s) 'dags_python_task_Decorator' retrieved from /opt/airflow/dags/dags_python_task_decorator.py
[2025-11-10T08:12:22.103+0000] {logging_mixin.py:188} INFO - [2025-11-10T08:12:22.103+0000] {dag.py:3036} INFO - Sync 1 DAGs
[2025-11-10T08:12:22.167+0000] {logging_mixin.py:188} INFO - [2025-11-10T08:12:22.166+0000] {dag.py:3823} INFO - Setting next_dagrun for dags_python_task_Decorator to 2025-11-09 17:00:00+00:00, run_after=2025-11-16 17:00:00+00:00
[2025-11-10T08:12:22.230+0000] {processor.py:183} INFO - Processing /opt/airflow/dags/dags_python_task_decorator.py took 0.320 seconds
[2025-11-10T08:12:52.566+0000] {processor.py:161} INFO - Started process (PID=3091) to work on /opt/airflow/dags/dags_python_task_decorator.py
[2025-11-10T08:12:52.569+0000] {processor.py:830} INFO - Processing file /opt/airflow/dags/dags_python_task_decorator.py for tasks to queue
[2025-11-10T08:12:52.572+0000] {logging_mixin.py:188} INFO - [2025-11-10T08:12:52.571+0000] {dagbag.py:538} INFO - Filling up the DagBag from /opt/airflow/dags/dags_python_task_decorator.py
[2025-11-10T08:12:52.614+0000] {processor.py:840} INFO - DAG(s) 'dags_python_task_Decorator' retrieved from /opt/airflow/dags/dags_python_task_decorator.py
[2025-11-10T08:12:52.668+0000] {logging_mixin.py:188} INFO - [2025-11-10T08:12:52.668+0000] {dag.py:3036} INFO - Sync 1 DAGs
[2025-11-10T08:12:52.738+0000] {logging_mixin.py:188} INFO - [2025-11-10T08:12:52.736+0000] {dag.py:3823} INFO - Setting next_dagrun for dags_python_task_Decorator to 2025-11-09 17:00:00+00:00, run_after=2025-11-16 17:00:00+00:00
[2025-11-10T08:12:52.802+0000] {processor.py:183} INFO - Processing /opt/airflow/dags/dags_python_task_decorator.py took 0.244 seconds
[2025-11-10T08:13:23.612+0000] {processor.py:161} INFO - Started process (PID=3150) to work on /opt/airflow/dags/dags_python_task_decorator.py
[2025-11-10T08:13:23.614+0000] {processor.py:830} INFO - Processing file /opt/airflow/dags/dags_python_task_decorator.py for tasks to queue
[2025-11-10T08:13:23.623+0000] {logging_mixin.py:188} INFO - [2025-11-10T08:13:23.623+0000] {dagbag.py:538} INFO - Filling up the DagBag from /opt/airflow/dags/dags_python_task_decorator.py
[2025-11-10T08:13:23.657+0000] {processor.py:840} INFO - DAG(s) 'dags_python_task_Decorator' retrieved from /opt/airflow/dags/dags_python_task_decorator.py
[2025-11-10T08:13:23.689+0000] {logging_mixin.py:188} INFO - [2025-11-10T08:13:23.689+0000] {dag.py:3036} INFO - Sync 1 DAGs
[2025-11-10T08:13:23.730+0000] {logging_mixin.py:188} INFO - [2025-11-10T08:13:23.730+0000] {dag.py:3823} INFO - Setting next_dagrun for dags_python_task_Decorator to 2025-11-09 17:00:00+00:00, run_after=2025-11-16 17:00:00+00:00
[2025-11-10T08:13:23.763+0000] {processor.py:183} INFO - Processing /opt/airflow/dags/dags_python_task_decorator.py took 0.157 seconds
[2025-11-10T08:13:54.184+0000] {processor.py:161} INFO - Started process (PID=3209) to work on /opt/airflow/dags/dags_python_task_decorator.py
[2025-11-10T08:13:54.186+0000] {processor.py:830} INFO - Processing file /opt/airflow/dags/dags_python_task_decorator.py for tasks to queue
[2025-11-10T08:13:54.189+0000] {logging_mixin.py:188} INFO - [2025-11-10T08:13:54.188+0000] {dagbag.py:538} INFO - Filling up the DagBag from /opt/airflow/dags/dags_python_task_decorator.py
[2025-11-10T08:13:54.218+0000] {processor.py:840} INFO - DAG(s) 'dags_python_task_Decorator' retrieved from /opt/airflow/dags/dags_python_task_decorator.py
[2025-11-10T08:13:54.277+0000] {logging_mixin.py:188} INFO - [2025-11-10T08:13:54.276+0000] {dag.py:3036} INFO - Sync 1 DAGs
[2025-11-10T08:13:54.357+0000] {logging_mixin.py:188} INFO - [2025-11-10T08:13:54.357+0000] {dag.py:3823} INFO - Setting next_dagrun for dags_python_task_Decorator to 2025-11-09 17:00:00+00:00, run_after=2025-11-16 17:00:00+00:00
[2025-11-10T08:13:54.457+0000] {processor.py:183} INFO - Processing /opt/airflow/dags/dags_python_task_decorator.py took 0.279 seconds
[2025-11-10T08:14:24.961+0000] {processor.py:161} INFO - Started process (PID=3268) to work on /opt/airflow/dags/dags_python_task_decorator.py
[2025-11-10T08:14:24.963+0000] {processor.py:830} INFO - Processing file /opt/airflow/dags/dags_python_task_decorator.py for tasks to queue
[2025-11-10T08:14:24.965+0000] {logging_mixin.py:188} INFO - [2025-11-10T08:14:24.965+0000] {dagbag.py:538} INFO - Filling up the DagBag from /opt/airflow/dags/dags_python_task_decorator.py
[2025-11-10T08:14:24.996+0000] {processor.py:840} INFO - DAG(s) 'dags_python_task_Decorator' retrieved from /opt/airflow/dags/dags_python_task_decorator.py
[2025-11-10T08:14:25.032+0000] {logging_mixin.py:188} INFO - [2025-11-10T08:14:25.032+0000] {dag.py:3036} INFO - Sync 1 DAGs
[2025-11-10T08:14:25.086+0000] {logging_mixin.py:188} INFO - [2025-11-10T08:14:25.086+0000] {dag.py:3823} INFO - Setting next_dagrun for dags_python_task_Decorator to 2025-11-09 17:00:00+00:00, run_after=2025-11-16 17:00:00+00:00
[2025-11-10T08:14:25.132+0000] {processor.py:183} INFO - Processing /opt/airflow/dags/dags_python_task_decorator.py took 0.177 seconds
[2025-11-10T08:14:55.448+0000] {processor.py:161} INFO - Started process (PID=3327) to work on /opt/airflow/dags/dags_python_task_decorator.py
[2025-11-10T08:14:55.451+0000] {processor.py:830} INFO - Processing file /opt/airflow/dags/dags_python_task_decorator.py for tasks to queue
[2025-11-10T08:14:55.454+0000] {logging_mixin.py:188} INFO - [2025-11-10T08:14:55.453+0000] {dagbag.py:538} INFO - Filling up the DagBag from /opt/airflow/dags/dags_python_task_decorator.py
[2025-11-10T08:14:55.487+0000] {processor.py:840} INFO - DAG(s) 'dags_python_task_Decorator' retrieved from /opt/airflow/dags/dags_python_task_decorator.py
[2025-11-10T08:14:55.521+0000] {logging_mixin.py:188} INFO - [2025-11-10T08:14:55.521+0000] {dag.py:3036} INFO - Sync 1 DAGs
[2025-11-10T08:14:55.556+0000] {logging_mixin.py:188} INFO - [2025-11-10T08:14:55.556+0000] {dag.py:3823} INFO - Setting next_dagrun for dags_python_task_Decorator to 2025-11-09 17:00:00+00:00, run_after=2025-11-16 17:00:00+00:00
[2025-11-10T08:14:55.590+0000] {processor.py:183} INFO - Processing /opt/airflow/dags/dags_python_task_decorator.py took 0.150 seconds
[2025-11-10T08:15:25.767+0000] {processor.py:161} INFO - Started process (PID=3386) to work on /opt/airflow/dags/dags_python_task_decorator.py
[2025-11-10T08:15:25.770+0000] {processor.py:830} INFO - Processing file /opt/airflow/dags/dags_python_task_decorator.py for tasks to queue
[2025-11-10T08:15:25.773+0000] {logging_mixin.py:188} INFO - [2025-11-10T08:15:25.772+0000] {dagbag.py:538} INFO - Filling up the DagBag from /opt/airflow/dags/dags_python_task_decorator.py
[2025-11-10T08:15:25.823+0000] {processor.py:840} INFO - DAG(s) 'dags_python_task_Decorator' retrieved from /opt/airflow/dags/dags_python_task_decorator.py
[2025-11-10T08:15:25.860+0000] {logging_mixin.py:188} INFO - [2025-11-10T08:15:25.860+0000] {dag.py:3036} INFO - Sync 1 DAGs
[2025-11-10T08:15:25.899+0000] {logging_mixin.py:188} INFO - [2025-11-10T08:15:25.899+0000] {dag.py:3823} INFO - Setting next_dagrun for dags_python_task_Decorator to 2025-11-09 17:00:00+00:00, run_after=2025-11-16 17:00:00+00:00
[2025-11-10T08:15:25.939+0000] {processor.py:183} INFO - Processing /opt/airflow/dags/dags_python_task_decorator.py took 0.181 seconds
[2025-11-10T08:15:56.092+0000] {processor.py:161} INFO - Started process (PID=3445) to work on /opt/airflow/dags/dags_python_task_decorator.py
[2025-11-10T08:15:56.093+0000] {processor.py:830} INFO - Processing file /opt/airflow/dags/dags_python_task_decorator.py for tasks to queue
[2025-11-10T08:15:56.095+0000] {logging_mixin.py:188} INFO - [2025-11-10T08:15:56.095+0000] {dagbag.py:538} INFO - Filling up the DagBag from /opt/airflow/dags/dags_python_task_decorator.py
[2025-11-10T08:15:56.129+0000] {processor.py:840} INFO - DAG(s) 'dags_python_task_Decorator' retrieved from /opt/airflow/dags/dags_python_task_decorator.py
[2025-11-10T08:15:56.161+0000] {logging_mixin.py:188} INFO - [2025-11-10T08:15:56.161+0000] {dag.py:3036} INFO - Sync 1 DAGs
[2025-11-10T08:15:56.195+0000] {logging_mixin.py:188} INFO - [2025-11-10T08:15:56.195+0000] {dag.py:3823} INFO - Setting next_dagrun for dags_python_task_Decorator to 2025-11-09 17:00:00+00:00, run_after=2025-11-16 17:00:00+00:00
[2025-11-10T08:15:56.226+0000] {processor.py:183} INFO - Processing /opt/airflow/dags/dags_python_task_decorator.py took 0.140 seconds
[2025-11-10T08:16:26.418+0000] {processor.py:161} INFO - Started process (PID=3504) to work on /opt/airflow/dags/dags_python_task_decorator.py
[2025-11-10T08:16:26.420+0000] {processor.py:830} INFO - Processing file /opt/airflow/dags/dags_python_task_decorator.py for tasks to queue
[2025-11-10T08:16:26.421+0000] {logging_mixin.py:188} INFO - [2025-11-10T08:16:26.421+0000] {dagbag.py:538} INFO - Filling up the DagBag from /opt/airflow/dags/dags_python_task_decorator.py
[2025-11-10T08:16:26.445+0000] {processor.py:840} INFO - DAG(s) 'dags_python_task_Decorator' retrieved from /opt/airflow/dags/dags_python_task_decorator.py
[2025-11-10T08:16:26.475+0000] {logging_mixin.py:188} INFO - [2025-11-10T08:16:26.474+0000] {dag.py:3036} INFO - Sync 1 DAGs
[2025-11-10T08:16:26.504+0000] {logging_mixin.py:188} INFO - [2025-11-10T08:16:26.504+0000] {dag.py:3823} INFO - Setting next_dagrun for dags_python_task_Decorator to 2025-11-09 17:00:00+00:00, run_after=2025-11-16 17:00:00+00:00
[2025-11-10T08:16:26.531+0000] {processor.py:183} INFO - Processing /opt/airflow/dags/dags_python_task_decorator.py took 0.117 seconds
[2025-11-10T08:16:57.059+0000] {processor.py:161} INFO - Started process (PID=3563) to work on /opt/airflow/dags/dags_python_task_decorator.py
[2025-11-10T08:16:57.061+0000] {processor.py:830} INFO - Processing file /opt/airflow/dags/dags_python_task_decorator.py for tasks to queue
[2025-11-10T08:16:57.063+0000] {logging_mixin.py:188} INFO - [2025-11-10T08:16:57.062+0000] {dagbag.py:538} INFO - Filling up the DagBag from /opt/airflow/dags/dags_python_task_decorator.py
[2025-11-10T08:16:57.091+0000] {processor.py:840} INFO - DAG(s) 'dags_python_task_Decorator' retrieved from /opt/airflow/dags/dags_python_task_decorator.py
[2025-11-10T08:16:57.121+0000] {logging_mixin.py:188} INFO - [2025-11-10T08:16:57.120+0000] {dag.py:3036} INFO - Sync 1 DAGs
[2025-11-10T08:16:57.150+0000] {logging_mixin.py:188} INFO - [2025-11-10T08:16:57.150+0000] {dag.py:3823} INFO - Setting next_dagrun for dags_python_task_Decorator to 2025-11-09 17:00:00+00:00, run_after=2025-11-16 17:00:00+00:00
[2025-11-10T08:16:57.180+0000] {processor.py:183} INFO - Processing /opt/airflow/dags/dags_python_task_decorator.py took 0.125 seconds
[2025-11-10T08:17:27.343+0000] {processor.py:161} INFO - Started process (PID=3622) to work on /opt/airflow/dags/dags_python_task_decorator.py
[2025-11-10T08:17:27.345+0000] {processor.py:830} INFO - Processing file /opt/airflow/dags/dags_python_task_decorator.py for tasks to queue
[2025-11-10T08:17:27.346+0000] {logging_mixin.py:188} INFO - [2025-11-10T08:17:27.346+0000] {dagbag.py:538} INFO - Filling up the DagBag from /opt/airflow/dags/dags_python_task_decorator.py
[2025-11-10T08:17:27.369+0000] {processor.py:840} INFO - DAG(s) 'dags_python_task_Decorator' retrieved from /opt/airflow/dags/dags_python_task_decorator.py
[2025-11-10T08:17:27.395+0000] {logging_mixin.py:188} INFO - [2025-11-10T08:17:27.395+0000] {dag.py:3036} INFO - Sync 1 DAGs
[2025-11-10T08:17:27.424+0000] {logging_mixin.py:188} INFO - [2025-11-10T08:17:27.424+0000] {dag.py:3823} INFO - Setting next_dagrun for dags_python_task_Decorator to 2025-11-09 17:00:00+00:00, run_after=2025-11-16 17:00:00+00:00
[2025-11-10T08:17:27.458+0000] {processor.py:183} INFO - Processing /opt/airflow/dags/dags_python_task_decorator.py took 0.120 seconds
[2025-11-10T08:17:58.120+0000] {processor.py:161} INFO - Started process (PID=3681) to work on /opt/airflow/dags/dags_python_task_decorator.py
[2025-11-10T08:17:58.122+0000] {processor.py:830} INFO - Processing file /opt/airflow/dags/dags_python_task_decorator.py for tasks to queue
[2025-11-10T08:17:58.124+0000] {logging_mixin.py:188} INFO - [2025-11-10T08:17:58.123+0000] {dagbag.py:538} INFO - Filling up the DagBag from /opt/airflow/dags/dags_python_task_decorator.py
[2025-11-10T08:17:58.148+0000] {processor.py:840} INFO - DAG(s) 'dags_python_task_Decorator' retrieved from /opt/airflow/dags/dags_python_task_decorator.py
[2025-11-10T08:17:58.174+0000] {logging_mixin.py:188} INFO - [2025-11-10T08:17:58.173+0000] {dag.py:3036} INFO - Sync 1 DAGs
[2025-11-10T08:17:58.202+0000] {logging_mixin.py:188} INFO - [2025-11-10T08:17:58.202+0000] {dag.py:3823} INFO - Setting next_dagrun for dags_python_task_Decorator to 2025-11-09 17:00:00+00:00, run_after=2025-11-16 17:00:00+00:00
[2025-11-10T08:17:58.236+0000] {processor.py:183} INFO - Processing /opt/airflow/dags/dags_python_task_decorator.py took 0.121 seconds
[2025-11-10T08:18:28.723+0000] {processor.py:161} INFO - Started process (PID=3740) to work on /opt/airflow/dags/dags_python_task_decorator.py
[2025-11-10T08:18:28.729+0000] {processor.py:830} INFO - Processing file /opt/airflow/dags/dags_python_task_decorator.py for tasks to queue
[2025-11-10T08:18:28.732+0000] {logging_mixin.py:188} INFO - [2025-11-10T08:18:28.731+0000] {dagbag.py:538} INFO - Filling up the DagBag from /opt/airflow/dags/dags_python_task_decorator.py
[2025-11-10T08:18:28.767+0000] {processor.py:840} INFO - DAG(s) 'dags_python_task_Decorator' retrieved from /opt/airflow/dags/dags_python_task_decorator.py
[2025-11-10T08:18:28.810+0000] {logging_mixin.py:188} INFO - [2025-11-10T08:18:28.809+0000] {dag.py:3036} INFO - Sync 1 DAGs
[2025-11-10T08:18:28.857+0000] {logging_mixin.py:188} INFO - [2025-11-10T08:18:28.857+0000] {dag.py:3823} INFO - Setting next_dagrun for dags_python_task_Decorator to 2025-11-09 17:00:00+00:00, run_after=2025-11-16 17:00:00+00:00
[2025-11-10T08:18:28.895+0000] {processor.py:183} INFO - Processing /opt/airflow/dags/dags_python_task_decorator.py took 0.179 seconds
[2025-11-10T08:18:59.703+0000] {processor.py:161} INFO - Started process (PID=3799) to work on /opt/airflow/dags/dags_python_task_decorator.py
[2025-11-10T08:18:59.704+0000] {processor.py:830} INFO - Processing file /opt/airflow/dags/dags_python_task_decorator.py for tasks to queue
[2025-11-10T08:18:59.706+0000] {logging_mixin.py:188} INFO - [2025-11-10T08:18:59.705+0000] {dagbag.py:538} INFO - Filling up the DagBag from /opt/airflow/dags/dags_python_task_decorator.py
[2025-11-10T08:18:59.734+0000] {processor.py:840} INFO - DAG(s) 'dags_python_task_Decorator' retrieved from /opt/airflow/dags/dags_python_task_decorator.py
[2025-11-10T08:18:59.765+0000] {logging_mixin.py:188} INFO - [2025-11-10T08:18:59.765+0000] {dag.py:3036} INFO - Sync 1 DAGs
[2025-11-10T08:18:59.801+0000] {logging_mixin.py:188} INFO - [2025-11-10T08:18:59.800+0000] {dag.py:3823} INFO - Setting next_dagrun for dags_python_task_Decorator to 2025-11-09 17:00:00+00:00, run_after=2025-11-16 17:00:00+00:00
[2025-11-10T08:18:59.840+0000] {processor.py:183} INFO - Processing /opt/airflow/dags/dags_python_task_decorator.py took 0.142 seconds
[2025-11-10T08:19:30.110+0000] {processor.py:161} INFO - Started process (PID=3858) to work on /opt/airflow/dags/dags_python_task_decorator.py
[2025-11-10T08:19:30.112+0000] {processor.py:830} INFO - Processing file /opt/airflow/dags/dags_python_task_decorator.py for tasks to queue
[2025-11-10T08:19:30.114+0000] {logging_mixin.py:188} INFO - [2025-11-10T08:19:30.113+0000] {dagbag.py:538} INFO - Filling up the DagBag from /opt/airflow/dags/dags_python_task_decorator.py
[2025-11-10T08:19:30.141+0000] {processor.py:840} INFO - DAG(s) 'dags_python_task_Decorator' retrieved from /opt/airflow/dags/dags_python_task_decorator.py
[2025-11-10T08:19:30.172+0000] {logging_mixin.py:188} INFO - [2025-11-10T08:19:30.172+0000] {dag.py:3036} INFO - Sync 1 DAGs
[2025-11-10T08:19:30.206+0000] {logging_mixin.py:188} INFO - [2025-11-10T08:19:30.205+0000] {dag.py:3823} INFO - Setting next_dagrun for dags_python_task_Decorator to 2025-11-09 17:00:00+00:00, run_after=2025-11-16 17:00:00+00:00
[2025-11-10T08:19:30.248+0000] {processor.py:183} INFO - Processing /opt/airflow/dags/dags_python_task_decorator.py took 0.144 seconds
[2025-11-10T08:20:00.776+0000] {processor.py:161} INFO - Started process (PID=3917) to work on /opt/airflow/dags/dags_python_task_decorator.py
[2025-11-10T08:20:00.777+0000] {processor.py:830} INFO - Processing file /opt/airflow/dags/dags_python_task_decorator.py for tasks to queue
[2025-11-10T08:20:00.779+0000] {logging_mixin.py:188} INFO - [2025-11-10T08:20:00.778+0000] {dagbag.py:538} INFO - Filling up the DagBag from /opt/airflow/dags/dags_python_task_decorator.py
[2025-11-10T08:20:00.802+0000] {processor.py:840} INFO - DAG(s) 'dags_python_task_Decorator' retrieved from /opt/airflow/dags/dags_python_task_decorator.py
[2025-11-10T08:20:00.827+0000] {logging_mixin.py:188} INFO - [2025-11-10T08:20:00.827+0000] {dag.py:3036} INFO - Sync 1 DAGs
[2025-11-10T08:20:00.856+0000] {logging_mixin.py:188} INFO - [2025-11-10T08:20:00.856+0000] {dag.py:3823} INFO - Setting next_dagrun for dags_python_task_Decorator to 2025-11-09 17:00:00+00:00, run_after=2025-11-16 17:00:00+00:00
[2025-11-10T08:20:00.891+0000] {processor.py:183} INFO - Processing /opt/airflow/dags/dags_python_task_decorator.py took 0.120 seconds
[2025-11-10T08:20:31.269+0000] {processor.py:161} INFO - Started process (PID=3976) to work on /opt/airflow/dags/dags_python_task_decorator.py
[2025-11-10T08:20:31.270+0000] {processor.py:830} INFO - Processing file /opt/airflow/dags/dags_python_task_decorator.py for tasks to queue
[2025-11-10T08:20:31.272+0000] {logging_mixin.py:188} INFO - [2025-11-10T08:20:31.271+0000] {dagbag.py:538} INFO - Filling up the DagBag from /opt/airflow/dags/dags_python_task_decorator.py
[2025-11-10T08:20:31.298+0000] {processor.py:840} INFO - DAG(s) 'dags_python_task_Decorator' retrieved from /opt/airflow/dags/dags_python_task_decorator.py
[2025-11-10T08:20:31.324+0000] {logging_mixin.py:188} INFO - [2025-11-10T08:20:31.324+0000] {dag.py:3036} INFO - Sync 1 DAGs
[2025-11-10T08:20:31.350+0000] {logging_mixin.py:188} INFO - [2025-11-10T08:20:31.350+0000] {dag.py:3823} INFO - Setting next_dagrun for dags_python_task_Decorator to 2025-11-09 17:00:00+00:00, run_after=2025-11-16 17:00:00+00:00
[2025-11-10T08:20:31.378+0000] {processor.py:183} INFO - Processing /opt/airflow/dags/dags_python_task_decorator.py took 0.114 seconds
[2025-11-10T08:21:02.066+0000] {processor.py:161} INFO - Started process (PID=4035) to work on /opt/airflow/dags/dags_python_task_decorator.py
[2025-11-10T08:21:02.067+0000] {processor.py:830} INFO - Processing file /opt/airflow/dags/dags_python_task_decorator.py for tasks to queue
[2025-11-10T08:21:02.069+0000] {logging_mixin.py:188} INFO - [2025-11-10T08:21:02.069+0000] {dagbag.py:538} INFO - Filling up the DagBag from /opt/airflow/dags/dags_python_task_decorator.py
[2025-11-10T08:21:02.091+0000] {processor.py:840} INFO - DAG(s) 'dags_python_task_Decorator' retrieved from /opt/airflow/dags/dags_python_task_decorator.py
[2025-11-10T08:21:02.116+0000] {logging_mixin.py:188} INFO - [2025-11-10T08:21:02.115+0000] {dag.py:3036} INFO - Sync 1 DAGs
[2025-11-10T08:21:02.143+0000] {logging_mixin.py:188} INFO - [2025-11-10T08:21:02.143+0000] {dag.py:3823} INFO - Setting next_dagrun for dags_python_task_Decorator to 2025-11-09 17:00:00+00:00, run_after=2025-11-16 17:00:00+00:00
[2025-11-10T08:21:02.177+0000] {processor.py:183} INFO - Processing /opt/airflow/dags/dags_python_task_decorator.py took 0.115 seconds
[2025-11-10T08:21:32.552+0000] {processor.py:161} INFO - Started process (PID=4100) to work on /opt/airflow/dags/dags_python_task_decorator.py
[2025-11-10T08:21:32.553+0000] {processor.py:830} INFO - Processing file /opt/airflow/dags/dags_python_task_decorator.py for tasks to queue
[2025-11-10T08:21:32.555+0000] {logging_mixin.py:188} INFO - [2025-11-10T08:21:32.554+0000] {dagbag.py:538} INFO - Filling up the DagBag from /opt/airflow/dags/dags_python_task_decorator.py
[2025-11-10T08:21:32.576+0000] {processor.py:840} INFO - DAG(s) 'dags_python_task_Decorator' retrieved from /opt/airflow/dags/dags_python_task_decorator.py
[2025-11-10T08:21:32.603+0000] {logging_mixin.py:188} INFO - [2025-11-10T08:21:32.602+0000] {dag.py:3036} INFO - Sync 1 DAGs
[2025-11-10T08:21:32.654+0000] {logging_mixin.py:188} INFO - [2025-11-10T08:21:32.653+0000] {dag.py:3823} INFO - Setting next_dagrun for dags_python_task_Decorator to 2025-11-09 17:00:00+00:00, run_after=2025-11-16 17:00:00+00:00
[2025-11-10T08:21:32.708+0000] {processor.py:183} INFO - Processing /opt/airflow/dags/dags_python_task_decorator.py took 0.161 seconds
[2025-11-10T08:22:03.238+0000] {processor.py:161} INFO - Started process (PID=4160) to work on /opt/airflow/dags/dags_python_task_decorator.py
[2025-11-10T08:22:03.240+0000] {processor.py:830} INFO - Processing file /opt/airflow/dags/dags_python_task_decorator.py for tasks to queue
[2025-11-10T08:22:03.242+0000] {logging_mixin.py:188} INFO - [2025-11-10T08:22:03.241+0000] {dagbag.py:538} INFO - Filling up the DagBag from /opt/airflow/dags/dags_python_task_decorator.py
[2025-11-10T08:22:03.264+0000] {processor.py:840} INFO - DAG(s) 'dags_python_task_Decorator' retrieved from /opt/airflow/dags/dags_python_task_decorator.py
[2025-11-10T08:22:03.293+0000] {logging_mixin.py:188} INFO - [2025-11-10T08:22:03.292+0000] {dag.py:3036} INFO - Sync 1 DAGs
[2025-11-10T08:22:03.319+0000] {logging_mixin.py:188} INFO - [2025-11-10T08:22:03.319+0000] {dag.py:3823} INFO - Setting next_dagrun for dags_python_task_Decorator to 2025-11-09 17:00:00+00:00, run_after=2025-11-16 17:00:00+00:00
[2025-11-10T08:22:03.351+0000] {processor.py:183} INFO - Processing /opt/airflow/dags/dags_python_task_decorator.py took 0.117 seconds
[2025-11-10T08:22:33.596+0000] {processor.py:161} INFO - Started process (PID=4219) to work on /opt/airflow/dags/dags_python_task_decorator.py
[2025-11-10T08:22:33.598+0000] {processor.py:830} INFO - Processing file /opt/airflow/dags/dags_python_task_decorator.py for tasks to queue
[2025-11-10T08:22:33.599+0000] {logging_mixin.py:188} INFO - [2025-11-10T08:22:33.599+0000] {dagbag.py:538} INFO - Filling up the DagBag from /opt/airflow/dags/dags_python_task_decorator.py
[2025-11-10T08:22:33.625+0000] {processor.py:840} INFO - DAG(s) 'dags_python_task_Decorator' retrieved from /opt/airflow/dags/dags_python_task_decorator.py
[2025-11-10T08:22:33.653+0000] {logging_mixin.py:188} INFO - [2025-11-10T08:22:33.652+0000] {dag.py:3036} INFO - Sync 1 DAGs
[2025-11-10T08:22:33.681+0000] {logging_mixin.py:188} INFO - [2025-11-10T08:22:33.681+0000] {dag.py:3823} INFO - Setting next_dagrun for dags_python_task_Decorator to 2025-11-09 17:00:00+00:00, run_after=2025-11-16 17:00:00+00:00
[2025-11-10T08:22:33.714+0000] {processor.py:183} INFO - Processing /opt/airflow/dags/dags_python_task_decorator.py took 0.123 seconds
[2025-11-10T08:23:04.061+0000] {processor.py:161} INFO - Started process (PID=4278) to work on /opt/airflow/dags/dags_python_task_decorator.py
[2025-11-10T08:23:04.063+0000] {processor.py:830} INFO - Processing file /opt/airflow/dags/dags_python_task_decorator.py for tasks to queue
[2025-11-10T08:23:04.064+0000] {logging_mixin.py:188} INFO - [2025-11-10T08:23:04.064+0000] {dagbag.py:538} INFO - Filling up the DagBag from /opt/airflow/dags/dags_python_task_decorator.py
[2025-11-10T08:23:04.090+0000] {processor.py:840} INFO - DAG(s) 'dags_python_task_Decorator' retrieved from /opt/airflow/dags/dags_python_task_decorator.py
[2025-11-10T08:23:04.118+0000] {logging_mixin.py:188} INFO - [2025-11-10T08:23:04.117+0000] {dag.py:3036} INFO - Sync 1 DAGs
[2025-11-10T08:23:04.155+0000] {logging_mixin.py:188} INFO - [2025-11-10T08:23:04.154+0000] {dag.py:3823} INFO - Setting next_dagrun for dags_python_task_Decorator to 2025-11-09 17:00:00+00:00, run_after=2025-11-16 17:00:00+00:00
[2025-11-10T08:23:04.192+0000] {processor.py:183} INFO - Processing /opt/airflow/dags/dags_python_task_decorator.py took 0.136 seconds
[2025-11-10T08:23:34.423+0000] {processor.py:161} INFO - Started process (PID=4337) to work on /opt/airflow/dags/dags_python_task_decorator.py
[2025-11-10T08:23:34.425+0000] {processor.py:830} INFO - Processing file /opt/airflow/dags/dags_python_task_decorator.py for tasks to queue
[2025-11-10T08:23:34.427+0000] {logging_mixin.py:188} INFO - [2025-11-10T08:23:34.426+0000] {dagbag.py:538} INFO - Filling up the DagBag from /opt/airflow/dags/dags_python_task_decorator.py
[2025-11-10T08:23:34.453+0000] {processor.py:840} INFO - DAG(s) 'dags_python_task_Decorator' retrieved from /opt/airflow/dags/dags_python_task_decorator.py
[2025-11-10T08:23:34.485+0000] {logging_mixin.py:188} INFO - [2025-11-10T08:23:34.485+0000] {dag.py:3036} INFO - Sync 1 DAGs
[2025-11-10T08:23:34.519+0000] {logging_mixin.py:188} INFO - [2025-11-10T08:23:34.519+0000] {dag.py:3823} INFO - Setting next_dagrun for dags_python_task_Decorator to 2025-11-09 17:00:00+00:00, run_after=2025-11-16 17:00:00+00:00
[2025-11-10T08:23:34.554+0000] {processor.py:183} INFO - Processing /opt/airflow/dags/dags_python_task_decorator.py took 0.135 seconds
[2025-11-10T08:24:05.199+0000] {processor.py:161} INFO - Started process (PID=4396) to work on /opt/airflow/dags/dags_python_task_decorator.py
[2025-11-10T08:24:05.202+0000] {processor.py:830} INFO - Processing file /opt/airflow/dags/dags_python_task_decorator.py for tasks to queue
[2025-11-10T08:24:05.205+0000] {logging_mixin.py:188} INFO - [2025-11-10T08:24:05.204+0000] {dagbag.py:538} INFO - Filling up the DagBag from /opt/airflow/dags/dags_python_task_decorator.py
[2025-11-10T08:24:05.258+0000] {processor.py:840} INFO - DAG(s) 'dags_python_task_Decorator' retrieved from /opt/airflow/dags/dags_python_task_decorator.py
[2025-11-10T08:24:05.306+0000] {logging_mixin.py:188} INFO - [2025-11-10T08:24:05.305+0000] {dag.py:3036} INFO - Sync 1 DAGs
[2025-11-10T08:24:05.372+0000] {logging_mixin.py:188} INFO - [2025-11-10T08:24:05.371+0000] {dag.py:3823} INFO - Setting next_dagrun for dags_python_task_Decorator to 2025-11-09 17:00:00+00:00, run_after=2025-11-16 17:00:00+00:00
[2025-11-10T08:24:05.430+0000] {processor.py:183} INFO - Processing /opt/airflow/dags/dags_python_task_decorator.py took 0.239 seconds
[2025-11-10T08:24:35.993+0000] {processor.py:161} INFO - Started process (PID=4455) to work on /opt/airflow/dags/dags_python_task_decorator.py
[2025-11-10T08:24:35.996+0000] {processor.py:830} INFO - Processing file /opt/airflow/dags/dags_python_task_decorator.py for tasks to queue
[2025-11-10T08:24:35.999+0000] {logging_mixin.py:188} INFO - [2025-11-10T08:24:35.998+0000] {dagbag.py:538} INFO - Filling up the DagBag from /opt/airflow/dags/dags_python_task_decorator.py
[2025-11-10T08:24:36.045+0000] {processor.py:840} INFO - DAG(s) 'dags_python_task_Decorator' retrieved from /opt/airflow/dags/dags_python_task_decorator.py
[2025-11-10T08:24:36.087+0000] {logging_mixin.py:188} INFO - [2025-11-10T08:24:36.086+0000] {dag.py:3036} INFO - Sync 1 DAGs
[2025-11-10T08:24:36.128+0000] {logging_mixin.py:188} INFO - [2025-11-10T08:24:36.128+0000] {dag.py:3823} INFO - Setting next_dagrun for dags_python_task_Decorator to 2025-11-09 17:00:00+00:00, run_after=2025-11-16 17:00:00+00:00
[2025-11-10T08:24:36.166+0000] {processor.py:183} INFO - Processing /opt/airflow/dags/dags_python_task_decorator.py took 0.184 seconds
[2025-11-10T08:25:06.469+0000] {processor.py:161} INFO - Started process (PID=4514) to work on /opt/airflow/dags/dags_python_task_decorator.py
[2025-11-10T08:25:06.471+0000] {processor.py:830} INFO - Processing file /opt/airflow/dags/dags_python_task_decorator.py for tasks to queue
[2025-11-10T08:25:06.475+0000] {logging_mixin.py:188} INFO - [2025-11-10T08:25:06.473+0000] {dagbag.py:538} INFO - Filling up the DagBag from /opt/airflow/dags/dags_python_task_decorator.py
[2025-11-10T08:25:06.516+0000] {processor.py:840} INFO - DAG(s) 'dags_python_task_Decorator' retrieved from /opt/airflow/dags/dags_python_task_decorator.py
[2025-11-10T08:25:06.564+0000] {logging_mixin.py:188} INFO - [2025-11-10T08:25:06.564+0000] {dag.py:3036} INFO - Sync 1 DAGs
[2025-11-10T08:25:06.640+0000] {logging_mixin.py:188} INFO - [2025-11-10T08:25:06.640+0000] {dag.py:3823} INFO - Setting next_dagrun for dags_python_task_Decorator to 2025-11-09 17:00:00+00:00, run_after=2025-11-16 17:00:00+00:00
[2025-11-10T08:25:06.712+0000] {processor.py:183} INFO - Processing /opt/airflow/dags/dags_python_task_decorator.py took 0.252 seconds
[2025-11-10T08:25:36.791+0000] {processor.py:161} INFO - Started process (PID=4573) to work on /opt/airflow/dags/dags_python_task_decorator.py
[2025-11-10T08:25:36.793+0000] {processor.py:830} INFO - Processing file /opt/airflow/dags/dags_python_task_decorator.py for tasks to queue
[2025-11-10T08:25:36.794+0000] {logging_mixin.py:188} INFO - [2025-11-10T08:25:36.794+0000] {dagbag.py:538} INFO - Filling up the DagBag from /opt/airflow/dags/dags_python_task_decorator.py
[2025-11-10T08:25:36.819+0000] {processor.py:840} INFO - DAG(s) 'dags_python_task_Decorator' retrieved from /opt/airflow/dags/dags_python_task_decorator.py
[2025-11-10T08:25:36.844+0000] {logging_mixin.py:188} INFO - [2025-11-10T08:25:36.843+0000] {dag.py:3036} INFO - Sync 1 DAGs
[2025-11-10T08:25:36.869+0000] {logging_mixin.py:188} INFO - [2025-11-10T08:25:36.869+0000] {dag.py:3823} INFO - Setting next_dagrun for dags_python_task_Decorator to 2025-11-09 17:00:00+00:00, run_after=2025-11-16 17:00:00+00:00
[2025-11-10T08:25:36.902+0000] {processor.py:183} INFO - Processing /opt/airflow/dags/dags_python_task_decorator.py took 0.115 seconds
[2025-11-10T08:26:07.486+0000] {processor.py:161} INFO - Started process (PID=4632) to work on /opt/airflow/dags/dags_python_task_decorator.py
[2025-11-10T08:26:07.487+0000] {processor.py:830} INFO - Processing file /opt/airflow/dags/dags_python_task_decorator.py for tasks to queue
[2025-11-10T08:26:07.489+0000] {logging_mixin.py:188} INFO - [2025-11-10T08:26:07.488+0000] {dagbag.py:538} INFO - Filling up the DagBag from /opt/airflow/dags/dags_python_task_decorator.py
[2025-11-10T08:26:07.512+0000] {processor.py:840} INFO - DAG(s) 'dags_python_task_Decorator' retrieved from /opt/airflow/dags/dags_python_task_decorator.py
[2025-11-10T08:26:07.544+0000] {logging_mixin.py:188} INFO - [2025-11-10T08:26:07.544+0000] {dag.py:3036} INFO - Sync 1 DAGs
[2025-11-10T08:26:07.592+0000] {logging_mixin.py:188} INFO - [2025-11-10T08:26:07.591+0000] {dag.py:3823} INFO - Setting next_dagrun for dags_python_task_Decorator to 2025-11-09 17:00:00+00:00, run_after=2025-11-16 17:00:00+00:00
[2025-11-10T08:26:07.628+0000] {processor.py:183} INFO - Processing /opt/airflow/dags/dags_python_task_decorator.py took 0.147 seconds
[2025-11-10T08:26:37.676+0000] {processor.py:161} INFO - Started process (PID=4691) to work on /opt/airflow/dags/dags_python_task_decorator.py
[2025-11-10T08:26:37.678+0000] {processor.py:830} INFO - Processing file /opt/airflow/dags/dags_python_task_decorator.py for tasks to queue
[2025-11-10T08:26:37.679+0000] {logging_mixin.py:188} INFO - [2025-11-10T08:26:37.679+0000] {dagbag.py:538} INFO - Filling up the DagBag from /opt/airflow/dags/dags_python_task_decorator.py
[2025-11-10T08:26:37.706+0000] {processor.py:840} INFO - DAG(s) 'dags_python_task_Decorator' retrieved from /opt/airflow/dags/dags_python_task_decorator.py
[2025-11-10T08:26:37.730+0000] {logging_mixin.py:188} INFO - [2025-11-10T08:26:37.730+0000] {dag.py:3036} INFO - Sync 1 DAGs
[2025-11-10T08:26:37.757+0000] {logging_mixin.py:188} INFO - [2025-11-10T08:26:37.756+0000] {dag.py:3823} INFO - Setting next_dagrun for dags_python_task_Decorator to 2025-11-09 17:00:00+00:00, run_after=2025-11-16 17:00:00+00:00
[2025-11-10T08:26:37.783+0000] {processor.py:183} INFO - Processing /opt/airflow/dags/dags_python_task_decorator.py took 0.110 seconds
[2025-11-10T08:27:07.992+0000] {processor.py:161} INFO - Started process (PID=4750) to work on /opt/airflow/dags/dags_python_task_decorator.py
[2025-11-10T08:27:07.994+0000] {processor.py:830} INFO - Processing file /opt/airflow/dags/dags_python_task_decorator.py for tasks to queue
[2025-11-10T08:27:07.996+0000] {logging_mixin.py:188} INFO - [2025-11-10T08:27:07.995+0000] {dagbag.py:538} INFO - Filling up the DagBag from /opt/airflow/dags/dags_python_task_decorator.py
[2025-11-10T08:27:08.024+0000] {processor.py:840} INFO - DAG(s) 'dags_python_task_Decorator' retrieved from /opt/airflow/dags/dags_python_task_decorator.py
[2025-11-10T08:27:08.052+0000] {logging_mixin.py:188} INFO - [2025-11-10T08:27:08.052+0000] {dag.py:3036} INFO - Sync 1 DAGs
[2025-11-10T08:27:08.080+0000] {logging_mixin.py:188} INFO - [2025-11-10T08:27:08.079+0000] {dag.py:3823} INFO - Setting next_dagrun for dags_python_task_Decorator to 2025-11-09 17:00:00+00:00, run_after=2025-11-16 17:00:00+00:00
[2025-11-10T08:27:08.107+0000] {processor.py:183} INFO - Processing /opt/airflow/dags/dags_python_task_decorator.py took 0.119 seconds
[2025-11-10T08:27:39.023+0000] {processor.py:161} INFO - Started process (PID=4809) to work on /opt/airflow/dags/dags_python_task_decorator.py
[2025-11-10T08:27:39.024+0000] {processor.py:830} INFO - Processing file /opt/airflow/dags/dags_python_task_decorator.py for tasks to queue
[2025-11-10T08:27:39.025+0000] {logging_mixin.py:188} INFO - [2025-11-10T08:27:39.025+0000] {dagbag.py:538} INFO - Filling up the DagBag from /opt/airflow/dags/dags_python_task_decorator.py
[2025-11-10T08:27:39.047+0000] {processor.py:840} INFO - DAG(s) 'dags_python_task_Decorator' retrieved from /opt/airflow/dags/dags_python_task_decorator.py
[2025-11-10T08:27:39.073+0000] {logging_mixin.py:188} INFO - [2025-11-10T08:27:39.073+0000] {dag.py:3036} INFO - Sync 1 DAGs
[2025-11-10T08:27:39.100+0000] {logging_mixin.py:188} INFO - [2025-11-10T08:27:39.100+0000] {dag.py:3823} INFO - Setting next_dagrun for dags_python_task_Decorator to 2025-11-09 17:00:00+00:00, run_after=2025-11-16 17:00:00+00:00
[2025-11-10T08:27:39.134+0000] {processor.py:183} INFO - Processing /opt/airflow/dags/dags_python_task_decorator.py took 0.117 seconds
[2025-11-10T08:28:10.003+0000] {processor.py:161} INFO - Started process (PID=4868) to work on /opt/airflow/dags/dags_python_task_decorator.py
[2025-11-10T08:28:10.004+0000] {processor.py:830} INFO - Processing file /opt/airflow/dags/dags_python_task_decorator.py for tasks to queue
[2025-11-10T08:28:10.005+0000] {logging_mixin.py:188} INFO - [2025-11-10T08:28:10.005+0000] {dagbag.py:538} INFO - Filling up the DagBag from /opt/airflow/dags/dags_python_task_decorator.py
[2025-11-10T08:28:10.028+0000] {processor.py:840} INFO - DAG(s) 'dags_python_task_Decorator' retrieved from /opt/airflow/dags/dags_python_task_decorator.py
[2025-11-10T08:28:10.058+0000] {logging_mixin.py:188} INFO - [2025-11-10T08:28:10.058+0000] {dag.py:3036} INFO - Sync 1 DAGs
[2025-11-10T08:28:10.084+0000] {logging_mixin.py:188} INFO - [2025-11-10T08:28:10.084+0000] {dag.py:3823} INFO - Setting next_dagrun for dags_python_task_Decorator to 2025-11-09 17:00:00+00:00, run_after=2025-11-16 17:00:00+00:00
[2025-11-10T08:28:10.110+0000] {processor.py:183} INFO - Processing /opt/airflow/dags/dags_python_task_decorator.py took 0.112 seconds
[2025-11-10T08:28:40.290+0000] {processor.py:161} INFO - Started process (PID=4927) to work on /opt/airflow/dags/dags_python_task_decorator.py
[2025-11-10T08:28:40.292+0000] {processor.py:830} INFO - Processing file /opt/airflow/dags/dags_python_task_decorator.py for tasks to queue
[2025-11-10T08:28:40.293+0000] {logging_mixin.py:188} INFO - [2025-11-10T08:28:40.293+0000] {dagbag.py:538} INFO - Filling up the DagBag from /opt/airflow/dags/dags_python_task_decorator.py
[2025-11-10T08:28:40.317+0000] {processor.py:840} INFO - DAG(s) 'dags_python_task_Decorator' retrieved from /opt/airflow/dags/dags_python_task_decorator.py
[2025-11-10T08:28:40.342+0000] {logging_mixin.py:188} INFO - [2025-11-10T08:28:40.342+0000] {dag.py:3036} INFO - Sync 1 DAGs
[2025-11-10T08:28:40.373+0000] {logging_mixin.py:188} INFO - [2025-11-10T08:28:40.372+0000] {dag.py:3823} INFO - Setting next_dagrun for dags_python_task_Decorator to 2025-11-09 17:00:00+00:00, run_after=2025-11-16 17:00:00+00:00
[2025-11-10T08:28:40.400+0000] {processor.py:183} INFO - Processing /opt/airflow/dags/dags_python_task_decorator.py took 0.114 seconds
[2025-11-10T08:29:11.374+0000] {processor.py:161} INFO - Started process (PID=4986) to work on /opt/airflow/dags/dags_python_task_decorator.py
[2025-11-10T08:29:11.376+0000] {processor.py:830} INFO - Processing file /opt/airflow/dags/dags_python_task_decorator.py for tasks to queue
[2025-11-10T08:29:11.377+0000] {logging_mixin.py:188} INFO - [2025-11-10T08:29:11.377+0000] {dagbag.py:538} INFO - Filling up the DagBag from /opt/airflow/dags/dags_python_task_decorator.py
[2025-11-10T08:29:11.404+0000] {processor.py:840} INFO - DAG(s) 'dags_python_task_Decorator' retrieved from /opt/airflow/dags/dags_python_task_decorator.py
[2025-11-10T08:29:11.432+0000] {logging_mixin.py:188} INFO - [2025-11-10T08:29:11.432+0000] {dag.py:3036} INFO - Sync 1 DAGs
[2025-11-10T08:29:11.459+0000] {logging_mixin.py:188} INFO - [2025-11-10T08:29:11.459+0000] {dag.py:3823} INFO - Setting next_dagrun for dags_python_task_Decorator to 2025-11-09 17:00:00+00:00, run_after=2025-11-16 17:00:00+00:00
[2025-11-10T08:29:11.493+0000] {processor.py:183} INFO - Processing /opt/airflow/dags/dags_python_task_decorator.py took 0.123 seconds
[2025-11-10T08:29:42.181+0000] {processor.py:161} INFO - Started process (PID=5045) to work on /opt/airflow/dags/dags_python_task_decorator.py
[2025-11-10T08:29:42.183+0000] {processor.py:830} INFO - Processing file /opt/airflow/dags/dags_python_task_decorator.py for tasks to queue
[2025-11-10T08:29:42.184+0000] {logging_mixin.py:188} INFO - [2025-11-10T08:29:42.184+0000] {dagbag.py:538} INFO - Filling up the DagBag from /opt/airflow/dags/dags_python_task_decorator.py
[2025-11-10T08:29:42.209+0000] {processor.py:840} INFO - DAG(s) 'dags_python_task_Decorator' retrieved from /opt/airflow/dags/dags_python_task_decorator.py
[2025-11-10T08:29:42.234+0000] {logging_mixin.py:188} INFO - [2025-11-10T08:29:42.234+0000] {dag.py:3036} INFO - Sync 1 DAGs
[2025-11-10T08:29:42.263+0000] {logging_mixin.py:188} INFO - [2025-11-10T08:29:42.262+0000] {dag.py:3823} INFO - Setting next_dagrun for dags_python_task_Decorator to 2025-11-09 17:00:00+00:00, run_after=2025-11-16 17:00:00+00:00
[2025-11-10T08:29:42.299+0000] {processor.py:183} INFO - Processing /opt/airflow/dags/dags_python_task_decorator.py took 0.123 seconds
[2025-11-10T08:30:12.971+0000] {processor.py:161} INFO - Started process (PID=5104) to work on /opt/airflow/dags/dags_python_task_decorator.py
[2025-11-10T08:30:12.973+0000] {processor.py:830} INFO - Processing file /opt/airflow/dags/dags_python_task_decorator.py for tasks to queue
[2025-11-10T08:30:12.974+0000] {logging_mixin.py:188} INFO - [2025-11-10T08:30:12.974+0000] {dagbag.py:538} INFO - Filling up the DagBag from /opt/airflow/dags/dags_python_task_decorator.py
[2025-11-10T08:30:13.004+0000] {processor.py:840} INFO - DAG(s) 'dags_python_task_Decorator' retrieved from /opt/airflow/dags/dags_python_task_decorator.py
[2025-11-10T08:30:13.065+0000] {logging_mixin.py:188} INFO - [2025-11-10T08:30:13.064+0000] {dag.py:3036} INFO - Sync 1 DAGs
[2025-11-10T08:30:13.150+0000] {logging_mixin.py:188} INFO - [2025-11-10T08:30:13.150+0000] {dag.py:3823} INFO - Setting next_dagrun for dags_python_task_Decorator to 2025-11-09 17:00:00+00:00, run_after=2025-11-16 17:00:00+00:00
[2025-11-10T08:30:13.243+0000] {processor.py:183} INFO - Processing /opt/airflow/dags/dags_python_task_decorator.py took 0.276 seconds
[2025-11-10T08:30:43.537+0000] {processor.py:161} INFO - Started process (PID=5164) to work on /opt/airflow/dags/dags_python_task_decorator.py
[2025-11-10T08:30:43.540+0000] {processor.py:830} INFO - Processing file /opt/airflow/dags/dags_python_task_decorator.py for tasks to queue
[2025-11-10T08:30:43.542+0000] {logging_mixin.py:188} INFO - [2025-11-10T08:30:43.541+0000] {dagbag.py:538} INFO - Filling up the DagBag from /opt/airflow/dags/dags_python_task_decorator.py
[2025-11-10T08:30:43.591+0000] {processor.py:840} INFO - DAG(s) 'dags_python_task_Decorator' retrieved from /opt/airflow/dags/dags_python_task_decorator.py
[2025-11-10T08:30:43.633+0000] {logging_mixin.py:188} INFO - [2025-11-10T08:30:43.633+0000] {dag.py:3036} INFO - Sync 1 DAGs
[2025-11-10T08:30:43.672+0000] {logging_mixin.py:188} INFO - [2025-11-10T08:30:43.672+0000] {dag.py:3823} INFO - Setting next_dagrun for dags_python_task_Decorator to 2025-11-09 17:00:00+00:00, run_after=2025-11-16 17:00:00+00:00
[2025-11-10T08:30:43.714+0000] {processor.py:183} INFO - Processing /opt/airflow/dags/dags_python_task_decorator.py took 0.186 seconds
[2025-11-10T08:31:14.270+0000] {processor.py:161} INFO - Started process (PID=5223) to work on /opt/airflow/dags/dags_python_task_decorator.py
[2025-11-10T08:31:14.272+0000] {processor.py:830} INFO - Processing file /opt/airflow/dags/dags_python_task_decorator.py for tasks to queue
[2025-11-10T08:31:14.274+0000] {logging_mixin.py:188} INFO - [2025-11-10T08:31:14.273+0000] {dagbag.py:538} INFO - Filling up the DagBag from /opt/airflow/dags/dags_python_task_decorator.py
[2025-11-10T08:31:14.301+0000] {processor.py:840} INFO - DAG(s) 'dags_python_task_Decorator' retrieved from /opt/airflow/dags/dags_python_task_decorator.py
[2025-11-10T08:31:14.328+0000] {logging_mixin.py:188} INFO - [2025-11-10T08:31:14.327+0000] {dag.py:3036} INFO - Sync 1 DAGs
[2025-11-10T08:31:14.356+0000] {logging_mixin.py:188} INFO - [2025-11-10T08:31:14.355+0000] {dag.py:3823} INFO - Setting next_dagrun for dags_python_task_Decorator to 2025-11-09 17:00:00+00:00, run_after=2025-11-16 17:00:00+00:00
[2025-11-10T08:31:14.390+0000] {processor.py:183} INFO - Processing /opt/airflow/dags/dags_python_task_decorator.py took 0.124 seconds
[2025-11-10T08:31:44.491+0000] {processor.py:161} INFO - Started process (PID=5282) to work on /opt/airflow/dags/dags_python_task_decorator.py
[2025-11-10T08:31:44.493+0000] {processor.py:830} INFO - Processing file /opt/airflow/dags/dags_python_task_decorator.py for tasks to queue
[2025-11-10T08:31:44.495+0000] {logging_mixin.py:188} INFO - [2025-11-10T08:31:44.494+0000] {dagbag.py:538} INFO - Filling up the DagBag from /opt/airflow/dags/dags_python_task_decorator.py
[2025-11-10T08:31:44.520+0000] {processor.py:840} INFO - DAG(s) 'dags_python_task_Decorator' retrieved from /opt/airflow/dags/dags_python_task_decorator.py
[2025-11-10T08:31:44.552+0000] {logging_mixin.py:188} INFO - [2025-11-10T08:31:44.551+0000] {dag.py:3036} INFO - Sync 1 DAGs
[2025-11-10T08:31:44.584+0000] {logging_mixin.py:188} INFO - [2025-11-10T08:31:44.583+0000] {dag.py:3823} INFO - Setting next_dagrun for dags_python_task_Decorator to 2025-11-09 17:00:00+00:00, run_after=2025-11-16 17:00:00+00:00
[2025-11-10T08:31:44.620+0000] {processor.py:183} INFO - Processing /opt/airflow/dags/dags_python_task_decorator.py took 0.133 seconds
[2025-11-10T08:32:14.745+0000] {processor.py:161} INFO - Started process (PID=5341) to work on /opt/airflow/dags/dags_python_task_decorator.py
[2025-11-10T08:32:14.747+0000] {processor.py:830} INFO - Processing file /opt/airflow/dags/dags_python_task_decorator.py for tasks to queue
[2025-11-10T08:32:14.748+0000] {logging_mixin.py:188} INFO - [2025-11-10T08:32:14.748+0000] {dagbag.py:538} INFO - Filling up the DagBag from /opt/airflow/dags/dags_python_task_decorator.py
[2025-11-10T08:32:14.769+0000] {processor.py:840} INFO - DAG(s) 'dags_python_task_Decorator' retrieved from /opt/airflow/dags/dags_python_task_decorator.py
[2025-11-10T08:32:14.794+0000] {logging_mixin.py:188} INFO - [2025-11-10T08:32:14.794+0000] {dag.py:3036} INFO - Sync 1 DAGs
[2025-11-10T08:32:14.820+0000] {logging_mixin.py:188} INFO - [2025-11-10T08:32:14.820+0000] {dag.py:3823} INFO - Setting next_dagrun for dags_python_task_Decorator to 2025-11-09 17:00:00+00:00, run_after=2025-11-16 17:00:00+00:00
[2025-11-10T08:32:14.857+0000] {processor.py:183} INFO - Processing /opt/airflow/dags/dags_python_task_decorator.py took 0.116 seconds
[2025-11-10T08:32:45.414+0000] {processor.py:161} INFO - Started process (PID=5400) to work on /opt/airflow/dags/dags_python_task_decorator.py
[2025-11-10T08:32:45.416+0000] {processor.py:830} INFO - Processing file /opt/airflow/dags/dags_python_task_decorator.py for tasks to queue
[2025-11-10T08:32:45.426+0000] {logging_mixin.py:188} INFO - [2025-11-10T08:32:45.425+0000] {dagbag.py:538} INFO - Filling up the DagBag from /opt/airflow/dags/dags_python_task_decorator.py
[2025-11-10T08:32:45.469+0000] {processor.py:840} INFO - DAG(s) 'dags_python_task_Decorator' retrieved from /opt/airflow/dags/dags_python_task_decorator.py
[2025-11-10T08:32:45.508+0000] {logging_mixin.py:188} INFO - [2025-11-10T08:32:45.508+0000] {dag.py:3036} INFO - Sync 1 DAGs
[2025-11-10T08:32:45.544+0000] {logging_mixin.py:188} INFO - [2025-11-10T08:32:45.544+0000] {dag.py:3823} INFO - Setting next_dagrun for dags_python_task_Decorator to 2025-11-09 17:00:00+00:00, run_after=2025-11-16 17:00:00+00:00
[2025-11-10T08:32:45.578+0000] {processor.py:183} INFO - Processing /opt/airflow/dags/dags_python_task_decorator.py took 0.170 seconds
[2025-11-10T08:33:16.018+0000] {processor.py:161} INFO - Started process (PID=5459) to work on /opt/airflow/dags/dags_python_task_decorator.py
[2025-11-10T08:33:16.019+0000] {processor.py:830} INFO - Processing file /opt/airflow/dags/dags_python_task_decorator.py for tasks to queue
[2025-11-10T08:33:16.020+0000] {logging_mixin.py:188} INFO - [2025-11-10T08:33:16.020+0000] {dagbag.py:538} INFO - Filling up the DagBag from /opt/airflow/dags/dags_python_task_decorator.py
[2025-11-10T08:33:16.051+0000] {processor.py:840} INFO - DAG(s) 'dags_python_task_Decorator' retrieved from /opt/airflow/dags/dags_python_task_decorator.py
[2025-11-10T08:33:16.132+0000] {logging_mixin.py:188} INFO - [2025-11-10T08:33:16.131+0000] {dag.py:3036} INFO - Sync 1 DAGs
[2025-11-10T08:33:16.226+0000] {logging_mixin.py:188} INFO - [2025-11-10T08:33:16.225+0000] {dag.py:3823} INFO - Setting next_dagrun for dags_python_task_Decorator to 2025-11-09 17:00:00+00:00, run_after=2025-11-16 17:00:00+00:00
[2025-11-10T08:33:16.285+0000] {processor.py:183} INFO - Processing /opt/airflow/dags/dags_python_task_decorator.py took 0.275 seconds
[2025-11-10T08:33:47.267+0000] {processor.py:161} INFO - Started process (PID=5519) to work on /opt/airflow/dags/dags_python_task_decorator.py
[2025-11-10T08:33:47.268+0000] {processor.py:830} INFO - Processing file /opt/airflow/dags/dags_python_task_decorator.py for tasks to queue
[2025-11-10T08:33:47.270+0000] {logging_mixin.py:188} INFO - [2025-11-10T08:33:47.269+0000] {dagbag.py:538} INFO - Filling up the DagBag from /opt/airflow/dags/dags_python_task_decorator.py
[2025-11-10T08:33:47.292+0000] {processor.py:840} INFO - DAG(s) 'dags_python_task_Decorator' retrieved from /opt/airflow/dags/dags_python_task_decorator.py
[2025-11-10T08:33:47.317+0000] {logging_mixin.py:188} INFO - [2025-11-10T08:33:47.316+0000] {dag.py:3036} INFO - Sync 1 DAGs
[2025-11-10T08:33:47.344+0000] {logging_mixin.py:188} INFO - [2025-11-10T08:33:47.344+0000] {dag.py:3823} INFO - Setting next_dagrun for dags_python_task_Decorator to 2025-11-09 17:00:00+00:00, run_after=2025-11-16 17:00:00+00:00
[2025-11-10T08:33:47.387+0000] {processor.py:183} INFO - Processing /opt/airflow/dags/dags_python_task_decorator.py took 0.124 seconds
[2025-11-10T08:34:18.252+0000] {processor.py:161} INFO - Started process (PID=5578) to work on /opt/airflow/dags/dags_python_task_decorator.py
[2025-11-10T08:34:18.254+0000] {processor.py:830} INFO - Processing file /opt/airflow/dags/dags_python_task_decorator.py for tasks to queue
[2025-11-10T08:34:18.255+0000] {logging_mixin.py:188} INFO - [2025-11-10T08:34:18.255+0000] {dagbag.py:538} INFO - Filling up the DagBag from /opt/airflow/dags/dags_python_task_decorator.py
[2025-11-10T08:34:18.280+0000] {processor.py:840} INFO - DAG(s) 'dags_python_task_Decorator' retrieved from /opt/airflow/dags/dags_python_task_decorator.py
[2025-11-10T08:34:18.307+0000] {logging_mixin.py:188} INFO - [2025-11-10T08:34:18.306+0000] {dag.py:3036} INFO - Sync 1 DAGs
[2025-11-10T08:34:18.333+0000] {logging_mixin.py:188} INFO - [2025-11-10T08:34:18.333+0000] {dag.py:3823} INFO - Setting next_dagrun for dags_python_task_Decorator to 2025-11-09 17:00:00+00:00, run_after=2025-11-16 17:00:00+00:00
[2025-11-10T08:34:18.360+0000] {processor.py:183} INFO - Processing /opt/airflow/dags/dags_python_task_decorator.py took 0.113 seconds
[2025-11-10T08:34:49.084+0000] {processor.py:161} INFO - Started process (PID=5637) to work on /opt/airflow/dags/dags_python_task_decorator.py
[2025-11-10T08:34:49.086+0000] {processor.py:830} INFO - Processing file /opt/airflow/dags/dags_python_task_decorator.py for tasks to queue
[2025-11-10T08:34:49.087+0000] {logging_mixin.py:188} INFO - [2025-11-10T08:34:49.086+0000] {dagbag.py:538} INFO - Filling up the DagBag from /opt/airflow/dags/dags_python_task_decorator.py
[2025-11-10T08:34:49.108+0000] {processor.py:840} INFO - DAG(s) 'dags_python_task_Decorator' retrieved from /opt/airflow/dags/dags_python_task_decorator.py
[2025-11-10T08:34:49.133+0000] {logging_mixin.py:188} INFO - [2025-11-10T08:34:49.132+0000] {dag.py:3036} INFO - Sync 1 DAGs
[2025-11-10T08:34:49.160+0000] {logging_mixin.py:188} INFO - [2025-11-10T08:34:49.160+0000] {dag.py:3823} INFO - Setting next_dagrun for dags_python_task_Decorator to 2025-11-09 17:00:00+00:00, run_after=2025-11-16 17:00:00+00:00
[2025-11-10T08:34:49.189+0000] {processor.py:183} INFO - Processing /opt/airflow/dags/dags_python_task_decorator.py took 0.109 seconds
[2025-11-10T08:35:19.548+0000] {processor.py:161} INFO - Started process (PID=5696) to work on /opt/airflow/dags/dags_python_task_decorator.py
[2025-11-10T08:35:19.549+0000] {processor.py:830} INFO - Processing file /opt/airflow/dags/dags_python_task_decorator.py for tasks to queue
[2025-11-10T08:35:19.551+0000] {logging_mixin.py:188} INFO - [2025-11-10T08:35:19.551+0000] {dagbag.py:538} INFO - Filling up the DagBag from /opt/airflow/dags/dags_python_task_decorator.py
[2025-11-10T08:35:19.574+0000] {processor.py:840} INFO - DAG(s) 'dags_python_task_Decorator' retrieved from /opt/airflow/dags/dags_python_task_decorator.py
[2025-11-10T08:35:19.599+0000] {logging_mixin.py:188} INFO - [2025-11-10T08:35:19.599+0000] {dag.py:3036} INFO - Sync 1 DAGs
[2025-11-10T08:35:19.625+0000] {logging_mixin.py:188} INFO - [2025-11-10T08:35:19.625+0000] {dag.py:3823} INFO - Setting next_dagrun for dags_python_task_Decorator to 2025-11-09 17:00:00+00:00, run_after=2025-11-16 17:00:00+00:00
[2025-11-10T08:35:19.660+0000] {processor.py:183} INFO - Processing /opt/airflow/dags/dags_python_task_decorator.py took 0.118 seconds
[2025-11-10T08:35:49.931+0000] {processor.py:161} INFO - Started process (PID=5755) to work on /opt/airflow/dags/dags_python_task_decorator.py
[2025-11-10T08:35:49.933+0000] {processor.py:830} INFO - Processing file /opt/airflow/dags/dags_python_task_decorator.py for tasks to queue
[2025-11-10T08:35:49.936+0000] {logging_mixin.py:188} INFO - [2025-11-10T08:35:49.935+0000] {dagbag.py:538} INFO - Filling up the DagBag from /opt/airflow/dags/dags_python_task_decorator.py
[2025-11-10T08:35:49.968+0000] {processor.py:840} INFO - DAG(s) 'dags_python_task_Decorator' retrieved from /opt/airflow/dags/dags_python_task_decorator.py
[2025-11-10T08:35:50.004+0000] {logging_mixin.py:188} INFO - [2025-11-10T08:35:50.003+0000] {dag.py:3036} INFO - Sync 1 DAGs
[2025-11-10T08:35:50.050+0000] {logging_mixin.py:188} INFO - [2025-11-10T08:35:50.050+0000] {dag.py:3823} INFO - Setting next_dagrun for dags_python_task_Decorator to 2025-11-09 17:00:00+00:00, run_after=2025-11-16 17:00:00+00:00
[2025-11-10T08:35:50.091+0000] {processor.py:183} INFO - Processing /opt/airflow/dags/dags_python_task_decorator.py took 0.167 seconds
[2025-11-10T08:36:20.747+0000] {processor.py:161} INFO - Started process (PID=5814) to work on /opt/airflow/dags/dags_python_task_decorator.py
[2025-11-10T08:36:20.749+0000] {processor.py:830} INFO - Processing file /opt/airflow/dags/dags_python_task_decorator.py for tasks to queue
[2025-11-10T08:36:20.751+0000] {logging_mixin.py:188} INFO - [2025-11-10T08:36:20.750+0000] {dagbag.py:538} INFO - Filling up the DagBag from /opt/airflow/dags/dags_python_task_decorator.py
[2025-11-10T08:36:20.776+0000] {processor.py:840} INFO - DAG(s) 'dags_python_task_Decorator' retrieved from /opt/airflow/dags/dags_python_task_decorator.py
[2025-11-10T08:36:20.805+0000] {logging_mixin.py:188} INFO - [2025-11-10T08:36:20.805+0000] {dag.py:3036} INFO - Sync 1 DAGs
[2025-11-10T08:36:20.838+0000] {logging_mixin.py:188} INFO - [2025-11-10T08:36:20.838+0000] {dag.py:3823} INFO - Setting next_dagrun for dags_python_task_Decorator to 2025-11-09 17:00:00+00:00, run_after=2025-11-16 17:00:00+00:00
[2025-11-10T08:36:20.877+0000] {processor.py:183} INFO - Processing /opt/airflow/dags/dags_python_task_decorator.py took 0.135 seconds
[2025-11-10T08:36:51.035+0000] {processor.py:161} INFO - Started process (PID=5873) to work on /opt/airflow/dags/dags_python_task_decorator.py
[2025-11-10T08:36:51.036+0000] {processor.py:830} INFO - Processing file /opt/airflow/dags/dags_python_task_decorator.py for tasks to queue
[2025-11-10T08:36:51.038+0000] {logging_mixin.py:188} INFO - [2025-11-10T08:36:51.037+0000] {dagbag.py:538} INFO - Filling up the DagBag from /opt/airflow/dags/dags_python_task_decorator.py
[2025-11-10T08:36:51.059+0000] {processor.py:840} INFO - DAG(s) 'dags_python_task_Decorator' retrieved from /opt/airflow/dags/dags_python_task_decorator.py
[2025-11-10T08:36:51.086+0000] {logging_mixin.py:188} INFO - [2025-11-10T08:36:51.086+0000] {dag.py:3036} INFO - Sync 1 DAGs
[2025-11-10T08:36:51.116+0000] {logging_mixin.py:188} INFO - [2025-11-10T08:36:51.116+0000] {dag.py:3823} INFO - Setting next_dagrun for dags_python_task_Decorator to 2025-11-09 17:00:00+00:00, run_after=2025-11-16 17:00:00+00:00
[2025-11-10T08:36:51.152+0000] {processor.py:183} INFO - Processing /opt/airflow/dags/dags_python_task_decorator.py took 0.121 seconds
[2025-11-10T08:37:21.614+0000] {processor.py:161} INFO - Started process (PID=5932) to work on /opt/airflow/dags/dags_python_task_decorator.py
[2025-11-10T08:37:21.615+0000] {processor.py:830} INFO - Processing file /opt/airflow/dags/dags_python_task_decorator.py for tasks to queue
[2025-11-10T08:37:21.617+0000] {logging_mixin.py:188} INFO - [2025-11-10T08:37:21.616+0000] {dagbag.py:538} INFO - Filling up the DagBag from /opt/airflow/dags/dags_python_task_decorator.py
[2025-11-10T08:37:21.644+0000] {processor.py:840} INFO - DAG(s) 'dags_python_task_Decorator' retrieved from /opt/airflow/dags/dags_python_task_decorator.py
[2025-11-10T08:37:21.670+0000] {logging_mixin.py:188} INFO - [2025-11-10T08:37:21.669+0000] {dag.py:3036} INFO - Sync 1 DAGs
[2025-11-10T08:37:21.696+0000] {logging_mixin.py:188} INFO - [2025-11-10T08:37:21.696+0000] {dag.py:3823} INFO - Setting next_dagrun for dags_python_task_Decorator to 2025-11-09 17:00:00+00:00, run_after=2025-11-16 17:00:00+00:00
[2025-11-10T08:37:21.730+0000] {processor.py:183} INFO - Processing /opt/airflow/dags/dags_python_task_decorator.py took 0.121 seconds
[2025-11-10T08:37:52.271+0000] {processor.py:161} INFO - Started process (PID=5991) to work on /opt/airflow/dags/dags_python_task_decorator.py
[2025-11-10T08:37:52.272+0000] {processor.py:830} INFO - Processing file /opt/airflow/dags/dags_python_task_decorator.py for tasks to queue
[2025-11-10T08:37:52.274+0000] {logging_mixin.py:188} INFO - [2025-11-10T08:37:52.274+0000] {dagbag.py:538} INFO - Filling up the DagBag from /opt/airflow/dags/dags_python_task_decorator.py
[2025-11-10T08:37:52.295+0000] {processor.py:840} INFO - DAG(s) 'dags_python_task_Decorator' retrieved from /opt/airflow/dags/dags_python_task_decorator.py
[2025-11-10T08:37:52.320+0000] {logging_mixin.py:188} INFO - [2025-11-10T08:37:52.319+0000] {dag.py:3036} INFO - Sync 1 DAGs
[2025-11-10T08:37:52.347+0000] {logging_mixin.py:188} INFO - [2025-11-10T08:37:52.347+0000] {dag.py:3823} INFO - Setting next_dagrun for dags_python_task_Decorator to 2025-11-09 17:00:00+00:00, run_after=2025-11-16 17:00:00+00:00
[2025-11-10T08:37:52.382+0000] {processor.py:183} INFO - Processing /opt/airflow/dags/dags_python_task_decorator.py took 0.116 seconds
[2025-11-10T08:38:22.507+0000] {processor.py:161} INFO - Started process (PID=6050) to work on /opt/airflow/dags/dags_python_task_decorator.py
[2025-11-10T08:38:22.509+0000] {processor.py:830} INFO - Processing file /opt/airflow/dags/dags_python_task_decorator.py for tasks to queue
[2025-11-10T08:38:22.510+0000] {logging_mixin.py:188} INFO - [2025-11-10T08:38:22.510+0000] {dagbag.py:538} INFO - Filling up the DagBag from /opt/airflow/dags/dags_python_task_decorator.py
[2025-11-10T08:38:22.531+0000] {processor.py:840} INFO - DAG(s) 'dags_python_task_Decorator' retrieved from /opt/airflow/dags/dags_python_task_decorator.py
[2025-11-10T08:38:22.557+0000] {logging_mixin.py:188} INFO - [2025-11-10T08:38:22.556+0000] {dag.py:3036} INFO - Sync 1 DAGs
[2025-11-10T08:38:22.584+0000] {logging_mixin.py:188} INFO - [2025-11-10T08:38:22.584+0000] {dag.py:3823} INFO - Setting next_dagrun for dags_python_task_Decorator to 2025-11-09 17:00:00+00:00, run_after=2025-11-16 17:00:00+00:00
[2025-11-10T08:38:22.619+0000] {processor.py:183} INFO - Processing /opt/airflow/dags/dags_python_task_decorator.py took 0.117 seconds
[2025-11-10T08:38:52.739+0000] {processor.py:161} INFO - Started process (PID=6109) to work on /opt/airflow/dags/dags_python_task_decorator.py
[2025-11-10T08:38:52.741+0000] {processor.py:830} INFO - Processing file /opt/airflow/dags/dags_python_task_decorator.py for tasks to queue
[2025-11-10T08:38:52.742+0000] {logging_mixin.py:188} INFO - [2025-11-10T08:38:52.742+0000] {dagbag.py:538} INFO - Filling up the DagBag from /opt/airflow/dags/dags_python_task_decorator.py
[2025-11-10T08:38:52.772+0000] {processor.py:840} INFO - DAG(s) 'dags_python_task_Decorator' retrieved from /opt/airflow/dags/dags_python_task_decorator.py
[2025-11-10T08:38:52.802+0000] {logging_mixin.py:188} INFO - [2025-11-10T08:38:52.801+0000] {dag.py:3036} INFO - Sync 1 DAGs
[2025-11-10T08:38:52.835+0000] {logging_mixin.py:188} INFO - [2025-11-10T08:38:52.834+0000] {dag.py:3823} INFO - Setting next_dagrun for dags_python_task_Decorator to 2025-11-09 17:00:00+00:00, run_after=2025-11-16 17:00:00+00:00
[2025-11-10T08:38:52.876+0000] {processor.py:183} INFO - Processing /opt/airflow/dags/dags_python_task_decorator.py took 0.141 seconds
[2025-11-10T08:39:23.738+0000] {processor.py:161} INFO - Started process (PID=6168) to work on /opt/airflow/dags/dags_python_task_decorator.py
[2025-11-10T08:39:23.741+0000] {processor.py:830} INFO - Processing file /opt/airflow/dags/dags_python_task_decorator.py for tasks to queue
[2025-11-10T08:39:23.743+0000] {logging_mixin.py:188} INFO - [2025-11-10T08:39:23.743+0000] {dagbag.py:538} INFO - Filling up the DagBag from /opt/airflow/dags/dags_python_task_decorator.py
[2025-11-10T08:39:23.777+0000] {processor.py:840} INFO - DAG(s) 'dags_python_task_Decorator' retrieved from /opt/airflow/dags/dags_python_task_decorator.py
[2025-11-10T08:39:23.811+0000] {logging_mixin.py:188} INFO - [2025-11-10T08:39:23.811+0000] {dag.py:3036} INFO - Sync 1 DAGs
[2025-11-10T08:39:23.852+0000] {logging_mixin.py:188} INFO - [2025-11-10T08:39:23.852+0000] {dag.py:3823} INFO - Setting next_dagrun for dags_python_task_Decorator to 2025-11-09 17:00:00+00:00, run_after=2025-11-16 17:00:00+00:00
[2025-11-10T08:39:23.879+0000] {processor.py:183} INFO - Processing /opt/airflow/dags/dags_python_task_decorator.py took 0.147 seconds
[2025-11-10T08:39:54.119+0000] {processor.py:161} INFO - Started process (PID=6227) to work on /opt/airflow/dags/dags_python_task_decorator.py
[2025-11-10T08:39:54.123+0000] {processor.py:830} INFO - Processing file /opt/airflow/dags/dags_python_task_decorator.py for tasks to queue
[2025-11-10T08:39:54.127+0000] {logging_mixin.py:188} INFO - [2025-11-10T08:39:54.125+0000] {dagbag.py:538} INFO - Filling up the DagBag from /opt/airflow/dags/dags_python_task_decorator.py
[2025-11-10T08:39:54.251+0000] {processor.py:840} INFO - DAG(s) 'dags_python_task_Decorator' retrieved from /opt/airflow/dags/dags_python_task_decorator.py
[2025-11-10T08:39:54.335+0000] {logging_mixin.py:188} INFO - [2025-11-10T08:39:54.335+0000] {dag.py:3036} INFO - Sync 1 DAGs
[2025-11-10T08:39:54.390+0000] {logging_mixin.py:188} INFO - [2025-11-10T08:39:54.390+0000] {dag.py:3823} INFO - Setting next_dagrun for dags_python_task_Decorator to 2025-11-09 17:00:00+00:00, run_after=2025-11-16 17:00:00+00:00
[2025-11-10T08:39:54.436+0000] {processor.py:183} INFO - Processing /opt/airflow/dags/dags_python_task_decorator.py took 0.337 seconds
[2025-11-10T08:40:24.739+0000] {processor.py:161} INFO - Started process (PID=6286) to work on /opt/airflow/dags/dags_python_task_decorator.py
[2025-11-10T08:40:24.741+0000] {processor.py:830} INFO - Processing file /opt/airflow/dags/dags_python_task_decorator.py for tasks to queue
[2025-11-10T08:40:24.742+0000] {logging_mixin.py:188} INFO - [2025-11-10T08:40:24.742+0000] {dagbag.py:538} INFO - Filling up the DagBag from /opt/airflow/dags/dags_python_task_decorator.py
[2025-11-10T08:40:24.767+0000] {processor.py:840} INFO - DAG(s) 'dags_python_task_Decorator' retrieved from /opt/airflow/dags/dags_python_task_decorator.py
[2025-11-10T08:40:24.793+0000] {logging_mixin.py:188} INFO - [2025-11-10T08:40:24.793+0000] {dag.py:3036} INFO - Sync 1 DAGs
[2025-11-10T08:40:24.821+0000] {logging_mixin.py:188} INFO - [2025-11-10T08:40:24.821+0000] {dag.py:3823} INFO - Setting next_dagrun for dags_python_task_Decorator to 2025-11-09 17:00:00+00:00, run_after=2025-11-16 17:00:00+00:00
[2025-11-10T08:40:24.849+0000] {processor.py:183} INFO - Processing /opt/airflow/dags/dags_python_task_decorator.py took 0.114 seconds
[2025-11-10T08:40:55.210+0000] {processor.py:161} INFO - Started process (PID=6345) to work on /opt/airflow/dags/dags_python_task_decorator.py
[2025-11-10T08:40:55.212+0000] {processor.py:830} INFO - Processing file /opt/airflow/dags/dags_python_task_decorator.py for tasks to queue
[2025-11-10T08:40:55.214+0000] {logging_mixin.py:188} INFO - [2025-11-10T08:40:55.214+0000] {dagbag.py:538} INFO - Filling up the DagBag from /opt/airflow/dags/dags_python_task_decorator.py
[2025-11-10T08:40:55.252+0000] {processor.py:840} INFO - DAG(s) 'dags_python_task_Decorator' retrieved from /opt/airflow/dags/dags_python_task_decorator.py
[2025-11-10T08:40:55.289+0000] {logging_mixin.py:188} INFO - [2025-11-10T08:40:55.288+0000] {dag.py:3036} INFO - Sync 1 DAGs
[2025-11-10T08:40:55.327+0000] {logging_mixin.py:188} INFO - [2025-11-10T08:40:55.327+0000] {dag.py:3823} INFO - Setting next_dagrun for dags_python_task_Decorator to 2025-11-09 17:00:00+00:00, run_after=2025-11-16 17:00:00+00:00
[2025-11-10T08:40:55.368+0000] {processor.py:183} INFO - Processing /opt/airflow/dags/dags_python_task_decorator.py took 0.165 seconds
[2025-11-10T08:41:25.755+0000] {processor.py:161} INFO - Started process (PID=6404) to work on /opt/airflow/dags/dags_python_task_decorator.py
[2025-11-10T08:41:25.760+0000] {processor.py:830} INFO - Processing file /opt/airflow/dags/dags_python_task_decorator.py for tasks to queue
[2025-11-10T08:41:25.764+0000] {logging_mixin.py:188} INFO - [2025-11-10T08:41:25.763+0000] {dagbag.py:538} INFO - Filling up the DagBag from /opt/airflow/dags/dags_python_task_decorator.py
[2025-11-10T08:41:25.815+0000] {processor.py:840} INFO - DAG(s) 'dags_python_task_Decorator' retrieved from /opt/airflow/dags/dags_python_task_decorator.py
[2025-11-10T08:41:25.880+0000] {logging_mixin.py:188} INFO - [2025-11-10T08:41:25.879+0000] {dag.py:3036} INFO - Sync 1 DAGs
[2025-11-10T08:41:25.970+0000] {logging_mixin.py:188} INFO - [2025-11-10T08:41:25.970+0000] {dag.py:3823} INFO - Setting next_dagrun for dags_python_task_Decorator to 2025-11-09 17:00:00+00:00, run_after=2025-11-16 17:00:00+00:00
[2025-11-10T08:41:26.030+0000] {processor.py:183} INFO - Processing /opt/airflow/dags/dags_python_task_decorator.py took 0.283 seconds
[2025-11-10T08:41:56.192+0000] {processor.py:161} INFO - Started process (PID=6463) to work on /opt/airflow/dags/dags_python_task_decorator.py
[2025-11-10T08:41:56.194+0000] {processor.py:830} INFO - Processing file /opt/airflow/dags/dags_python_task_decorator.py for tasks to queue
[2025-11-10T08:41:56.196+0000] {logging_mixin.py:188} INFO - [2025-11-10T08:41:56.195+0000] {dagbag.py:538} INFO - Filling up the DagBag from /opt/airflow/dags/dags_python_task_decorator.py
[2025-11-10T08:41:56.234+0000] {processor.py:840} INFO - DAG(s) 'dags_python_task_Decorator' retrieved from /opt/airflow/dags/dags_python_task_decorator.py
[2025-11-10T08:41:56.267+0000] {logging_mixin.py:188} INFO - [2025-11-10T08:41:56.267+0000] {dag.py:3036} INFO - Sync 1 DAGs
[2025-11-10T08:41:56.302+0000] {logging_mixin.py:188} INFO - [2025-11-10T08:41:56.302+0000] {dag.py:3823} INFO - Setting next_dagrun for dags_python_task_Decorator to 2025-11-09 17:00:00+00:00, run_after=2025-11-16 17:00:00+00:00
[2025-11-10T08:41:56.335+0000] {processor.py:183} INFO - Processing /opt/airflow/dags/dags_python_task_decorator.py took 0.151 seconds
[2025-11-10T08:42:27.414+0000] {processor.py:161} INFO - Started process (PID=6522) to work on /opt/airflow/dags/dags_python_task_decorator.py
[2025-11-10T08:42:27.415+0000] {processor.py:830} INFO - Processing file /opt/airflow/dags/dags_python_task_decorator.py for tasks to queue
[2025-11-10T08:42:27.417+0000] {logging_mixin.py:188} INFO - [2025-11-10T08:42:27.416+0000] {dagbag.py:538} INFO - Filling up the DagBag from /opt/airflow/dags/dags_python_task_decorator.py
[2025-11-10T08:42:27.441+0000] {processor.py:840} INFO - DAG(s) 'dags_python_task_Decorator' retrieved from /opt/airflow/dags/dags_python_task_decorator.py
[2025-11-10T08:42:27.516+0000] {logging_mixin.py:188} INFO - [2025-11-10T08:42:27.516+0000] {dag.py:3036} INFO - Sync 1 DAGs
[2025-11-10T08:42:27.541+0000] {logging_mixin.py:188} INFO - [2025-11-10T08:42:27.541+0000] {dag.py:3823} INFO - Setting next_dagrun for dags_python_task_Decorator to 2025-11-09 17:00:00+00:00, run_after=2025-11-16 17:00:00+00:00
[2025-11-10T08:42:27.575+0000] {processor.py:183} INFO - Processing /opt/airflow/dags/dags_python_task_decorator.py took 0.117 seconds
[2025-11-10T08:42:57.650+0000] {processor.py:161} INFO - Started process (PID=6581) to work on /opt/airflow/dags/dags_python_task_decorator.py
[2025-11-10T08:42:57.652+0000] {processor.py:830} INFO - Processing file /opt/airflow/dags/dags_python_task_decorator.py for tasks to queue
[2025-11-10T08:42:57.654+0000] {logging_mixin.py:188} INFO - [2025-11-10T08:42:57.653+0000] {dagbag.py:538} INFO - Filling up the DagBag from /opt/airflow/dags/dags_python_task_decorator.py
[2025-11-10T08:42:57.684+0000] {processor.py:840} INFO - DAG(s) 'dags_python_task_Decorator' retrieved from /opt/airflow/dags/dags_python_task_decorator.py
[2025-11-10T08:42:57.711+0000] {logging_mixin.py:188} INFO - [2025-11-10T08:42:57.710+0000] {dag.py:3036} INFO - Sync 1 DAGs
[2025-11-10T08:42:57.739+0000] {logging_mixin.py:188} INFO - [2025-11-10T08:42:57.738+0000] {dag.py:3823} INFO - Setting next_dagrun for dags_python_task_Decorator to 2025-11-09 17:00:00+00:00, run_after=2025-11-16 17:00:00+00:00
[2025-11-10T08:42:57.774+0000] {processor.py:183} INFO - Processing /opt/airflow/dags/dags_python_task_decorator.py took 0.129 seconds
[2025-11-10T08:43:28.181+0000] {processor.py:161} INFO - Started process (PID=6640) to work on /opt/airflow/dags/dags_python_task_decorator.py
[2025-11-10T08:43:28.183+0000] {processor.py:830} INFO - Processing file /opt/airflow/dags/dags_python_task_decorator.py for tasks to queue
[2025-11-10T08:43:28.184+0000] {logging_mixin.py:188} INFO - [2025-11-10T08:43:28.184+0000] {dagbag.py:538} INFO - Filling up the DagBag from /opt/airflow/dags/dags_python_task_decorator.py
[2025-11-10T08:43:28.208+0000] {processor.py:840} INFO - DAG(s) 'dags_python_task_Decorator' retrieved from /opt/airflow/dags/dags_python_task_decorator.py
[2025-11-10T08:43:28.232+0000] {logging_mixin.py:188} INFO - [2025-11-10T08:43:28.232+0000] {dag.py:3036} INFO - Sync 1 DAGs
[2025-11-10T08:43:28.258+0000] {logging_mixin.py:188} INFO - [2025-11-10T08:43:28.258+0000] {dag.py:3823} INFO - Setting next_dagrun for dags_python_task_Decorator to 2025-11-09 17:00:00+00:00, run_after=2025-11-16 17:00:00+00:00
[2025-11-10T08:43:28.284+0000] {processor.py:183} INFO - Processing /opt/airflow/dags/dags_python_task_decorator.py took 0.108 seconds
[2025-11-10T08:43:58.624+0000] {processor.py:161} INFO - Started process (PID=6699) to work on /opt/airflow/dags/dags_python_task_decorator.py
[2025-11-10T08:43:58.626+0000] {processor.py:830} INFO - Processing file /opt/airflow/dags/dags_python_task_decorator.py for tasks to queue
[2025-11-10T08:43:58.627+0000] {logging_mixin.py:188} INFO - [2025-11-10T08:43:58.627+0000] {dagbag.py:538} INFO - Filling up the DagBag from /opt/airflow/dags/dags_python_task_decorator.py
[2025-11-10T08:43:58.652+0000] {processor.py:840} INFO - DAG(s) 'dags_python_task_Decorator' retrieved from /opt/airflow/dags/dags_python_task_decorator.py
[2025-11-10T08:43:58.683+0000] {logging_mixin.py:188} INFO - [2025-11-10T08:43:58.683+0000] {dag.py:3036} INFO - Sync 1 DAGs
[2025-11-10T08:43:58.715+0000] {logging_mixin.py:188} INFO - [2025-11-10T08:43:58.714+0000] {dag.py:3823} INFO - Setting next_dagrun for dags_python_task_Decorator to 2025-11-09 17:00:00+00:00, run_after=2025-11-16 17:00:00+00:00
[2025-11-10T08:43:58.752+0000] {processor.py:183} INFO - Processing /opt/airflow/dags/dags_python_task_decorator.py took 0.133 seconds
[2025-11-10T08:44:28.929+0000] {processor.py:161} INFO - Started process (PID=6758) to work on /opt/airflow/dags/dags_python_task_decorator.py
[2025-11-10T08:44:28.930+0000] {processor.py:830} INFO - Processing file /opt/airflow/dags/dags_python_task_decorator.py for tasks to queue
[2025-11-10T08:44:28.932+0000] {logging_mixin.py:188} INFO - [2025-11-10T08:44:28.931+0000] {dagbag.py:538} INFO - Filling up the DagBag from /opt/airflow/dags/dags_python_task_decorator.py
[2025-11-10T08:44:28.962+0000] {processor.py:840} INFO - DAG(s) 'dags_python_task_Decorator' retrieved from /opt/airflow/dags/dags_python_task_decorator.py
[2025-11-10T08:44:29.003+0000] {logging_mixin.py:188} INFO - [2025-11-10T08:44:29.003+0000] {dag.py:3036} INFO - Sync 1 DAGs
[2025-11-10T08:44:29.037+0000] {logging_mixin.py:188} INFO - [2025-11-10T08:44:29.037+0000] {dag.py:3823} INFO - Setting next_dagrun for dags_python_task_Decorator to 2025-11-09 17:00:00+00:00, run_after=2025-11-16 17:00:00+00:00
[2025-11-10T08:44:29.072+0000] {processor.py:183} INFO - Processing /opt/airflow/dags/dags_python_task_decorator.py took 0.148 seconds
[2025-11-10T08:44:59.566+0000] {processor.py:161} INFO - Started process (PID=6817) to work on /opt/airflow/dags/dags_python_task_decorator.py
[2025-11-10T08:44:59.567+0000] {processor.py:830} INFO - Processing file /opt/airflow/dags/dags_python_task_decorator.py for tasks to queue
[2025-11-10T08:44:59.569+0000] {logging_mixin.py:188} INFO - [2025-11-10T08:44:59.569+0000] {dagbag.py:538} INFO - Filling up the DagBag from /opt/airflow/dags/dags_python_task_decorator.py
[2025-11-10T08:44:59.595+0000] {processor.py:840} INFO - DAG(s) 'dags_python_task_Decorator' retrieved from /opt/airflow/dags/dags_python_task_decorator.py
[2025-11-10T08:44:59.622+0000] {logging_mixin.py:188} INFO - [2025-11-10T08:44:59.622+0000] {dag.py:3036} INFO - Sync 1 DAGs
[2025-11-10T08:44:59.649+0000] {logging_mixin.py:188} INFO - [2025-11-10T08:44:59.649+0000] {dag.py:3823} INFO - Setting next_dagrun for dags_python_task_Decorator to 2025-11-09 17:00:00+00:00, run_after=2025-11-16 17:00:00+00:00
[2025-11-10T08:44:59.683+0000] {processor.py:183} INFO - Processing /opt/airflow/dags/dags_python_task_decorator.py took 0.122 seconds
[2025-11-10T08:45:30.273+0000] {processor.py:161} INFO - Started process (PID=6876) to work on /opt/airflow/dags/dags_python_task_decorator.py
[2025-11-10T08:45:30.274+0000] {processor.py:830} INFO - Processing file /opt/airflow/dags/dags_python_task_decorator.py for tasks to queue
[2025-11-10T08:45:30.276+0000] {logging_mixin.py:188} INFO - [2025-11-10T08:45:30.275+0000] {dagbag.py:538} INFO - Filling up the DagBag from /opt/airflow/dags/dags_python_task_decorator.py
[2025-11-10T08:45:30.298+0000] {processor.py:840} INFO - DAG(s) 'dags_python_task_Decorator' retrieved from /opt/airflow/dags/dags_python_task_decorator.py
[2025-11-10T08:45:30.323+0000] {logging_mixin.py:188} INFO - [2025-11-10T08:45:30.323+0000] {dag.py:3036} INFO - Sync 1 DAGs
[2025-11-10T08:45:30.350+0000] {logging_mixin.py:188} INFO - [2025-11-10T08:45:30.350+0000] {dag.py:3823} INFO - Setting next_dagrun for dags_python_task_Decorator to 2025-11-09 17:00:00+00:00, run_after=2025-11-16 17:00:00+00:00
[2025-11-10T08:45:30.385+0000] {processor.py:183} INFO - Processing /opt/airflow/dags/dags_python_task_decorator.py took 0.117 seconds
[2025-11-10T08:46:01.164+0000] {processor.py:161} INFO - Started process (PID=6935) to work on /opt/airflow/dags/dags_python_task_decorator.py
[2025-11-10T08:46:01.165+0000] {processor.py:830} INFO - Processing file /opt/airflow/dags/dags_python_task_decorator.py for tasks to queue
[2025-11-10T08:46:01.167+0000] {logging_mixin.py:188} INFO - [2025-11-10T08:46:01.167+0000] {dagbag.py:538} INFO - Filling up the DagBag from /opt/airflow/dags/dags_python_task_decorator.py
[2025-11-10T08:46:01.189+0000] {processor.py:840} INFO - DAG(s) 'dags_python_task_Decorator' retrieved from /opt/airflow/dags/dags_python_task_decorator.py
[2025-11-10T08:46:01.214+0000] {logging_mixin.py:188} INFO - [2025-11-10T08:46:01.214+0000] {dag.py:3036} INFO - Sync 1 DAGs
[2025-11-10T08:46:01.243+0000] {logging_mixin.py:188} INFO - [2025-11-10T08:46:01.243+0000] {dag.py:3823} INFO - Setting next_dagrun for dags_python_task_Decorator to 2025-11-09 17:00:00+00:00, run_after=2025-11-16 17:00:00+00:00
[2025-11-10T08:46:01.270+0000] {processor.py:183} INFO - Processing /opt/airflow/dags/dags_python_task_decorator.py took 0.111 seconds
[2025-11-10T08:46:32.243+0000] {processor.py:161} INFO - Started process (PID=6994) to work on /opt/airflow/dags/dags_python_task_decorator.py
[2025-11-10T08:46:32.245+0000] {processor.py:830} INFO - Processing file /opt/airflow/dags/dags_python_task_decorator.py for tasks to queue
[2025-11-10T08:46:32.247+0000] {logging_mixin.py:188} INFO - [2025-11-10T08:46:32.247+0000] {dagbag.py:538} INFO - Filling up the DagBag from /opt/airflow/dags/dags_python_task_decorator.py
[2025-11-10T08:46:32.281+0000] {processor.py:840} INFO - DAG(s) 'dags_python_task_Decorator' retrieved from /opt/airflow/dags/dags_python_task_decorator.py
[2025-11-10T08:46:32.314+0000] {logging_mixin.py:188} INFO - [2025-11-10T08:46:32.314+0000] {dag.py:3036} INFO - Sync 1 DAGs
[2025-11-10T08:46:32.345+0000] {logging_mixin.py:188} INFO - [2025-11-10T08:46:32.344+0000] {dag.py:3823} INFO - Setting next_dagrun for dags_python_task_Decorator to 2025-11-09 17:00:00+00:00, run_after=2025-11-16 17:00:00+00:00
[2025-11-10T08:46:32.375+0000] {processor.py:183} INFO - Processing /opt/airflow/dags/dags_python_task_decorator.py took 0.137 seconds
[2025-11-10T08:47:02.792+0000] {processor.py:161} INFO - Started process (PID=7053) to work on /opt/airflow/dags/dags_python_task_decorator.py
[2025-11-10T08:47:02.793+0000] {processor.py:830} INFO - Processing file /opt/airflow/dags/dags_python_task_decorator.py for tasks to queue
[2025-11-10T08:47:02.795+0000] {logging_mixin.py:188} INFO - [2025-11-10T08:47:02.794+0000] {dagbag.py:538} INFO - Filling up the DagBag from /opt/airflow/dags/dags_python_task_decorator.py
[2025-11-10T08:47:02.821+0000] {processor.py:840} INFO - DAG(s) 'dags_python_task_Decorator' retrieved from /opt/airflow/dags/dags_python_task_decorator.py
[2025-11-10T08:47:02.848+0000] {logging_mixin.py:188} INFO - [2025-11-10T08:47:02.848+0000] {dag.py:3036} INFO - Sync 1 DAGs
[2025-11-10T08:47:02.877+0000] {logging_mixin.py:188} INFO - [2025-11-10T08:47:02.876+0000] {dag.py:3823} INFO - Setting next_dagrun for dags_python_task_Decorator to 2025-11-09 17:00:00+00:00, run_after=2025-11-16 17:00:00+00:00
[2025-11-10T08:47:02.904+0000] {processor.py:183} INFO - Processing /opt/airflow/dags/dags_python_task_decorator.py took 0.116 seconds
[2025-11-10T08:47:33.183+0000] {processor.py:161} INFO - Started process (PID=7112) to work on /opt/airflow/dags/dags_python_task_decorator.py
[2025-11-10T08:47:33.185+0000] {processor.py:830} INFO - Processing file /opt/airflow/dags/dags_python_task_decorator.py for tasks to queue
[2025-11-10T08:47:33.186+0000] {logging_mixin.py:188} INFO - [2025-11-10T08:47:33.186+0000] {dagbag.py:538} INFO - Filling up the DagBag from /opt/airflow/dags/dags_python_task_decorator.py
[2025-11-10T08:47:33.207+0000] {processor.py:840} INFO - DAG(s) 'dags_python_task_Decorator' retrieved from /opt/airflow/dags/dags_python_task_decorator.py
[2025-11-10T08:47:33.234+0000] {logging_mixin.py:188} INFO - [2025-11-10T08:47:33.233+0000] {dag.py:3036} INFO - Sync 1 DAGs
[2025-11-10T08:47:33.261+0000] {logging_mixin.py:188} INFO - [2025-11-10T08:47:33.261+0000] {dag.py:3823} INFO - Setting next_dagrun for dags_python_task_Decorator to 2025-11-09 17:00:00+00:00, run_after=2025-11-16 17:00:00+00:00
[2025-11-10T08:47:33.298+0000] {processor.py:183} INFO - Processing /opt/airflow/dags/dags_python_task_decorator.py took 0.119 seconds
[2025-11-10T08:48:03.541+0000] {processor.py:161} INFO - Started process (PID=7171) to work on /opt/airflow/dags/dags_python_task_decorator.py
[2025-11-10T08:48:03.542+0000] {processor.py:830} INFO - Processing file /opt/airflow/dags/dags_python_task_decorator.py for tasks to queue
[2025-11-10T08:48:03.544+0000] {logging_mixin.py:188} INFO - [2025-11-10T08:48:03.543+0000] {dagbag.py:538} INFO - Filling up the DagBag from /opt/airflow/dags/dags_python_task_decorator.py
[2025-11-10T08:48:03.567+0000] {processor.py:840} INFO - DAG(s) 'dags_python_task_Decorator' retrieved from /opt/airflow/dags/dags_python_task_decorator.py
[2025-11-10T08:48:03.593+0000] {logging_mixin.py:188} INFO - [2025-11-10T08:48:03.592+0000] {dag.py:3036} INFO - Sync 1 DAGs
[2025-11-10T08:48:03.619+0000] {logging_mixin.py:188} INFO - [2025-11-10T08:48:03.619+0000] {dag.py:3823} INFO - Setting next_dagrun for dags_python_task_Decorator to 2025-11-09 17:00:00+00:00, run_after=2025-11-16 17:00:00+00:00
[2025-11-10T08:48:03.654+0000] {processor.py:183} INFO - Processing /opt/airflow/dags/dags_python_task_decorator.py took 0.117 seconds
[2025-11-10T08:48:34.145+0000] {processor.py:161} INFO - Started process (PID=7230) to work on /opt/airflow/dags/dags_python_task_decorator.py
[2025-11-10T08:48:34.146+0000] {processor.py:830} INFO - Processing file /opt/airflow/dags/dags_python_task_decorator.py for tasks to queue
[2025-11-10T08:48:34.149+0000] {logging_mixin.py:188} INFO - [2025-11-10T08:48:34.148+0000] {dagbag.py:538} INFO - Filling up the DagBag from /opt/airflow/dags/dags_python_task_decorator.py
[2025-11-10T08:48:34.171+0000] {processor.py:840} INFO - DAG(s) 'dags_python_task_Decorator' retrieved from /opt/airflow/dags/dags_python_task_decorator.py
[2025-11-10T08:48:34.201+0000] {logging_mixin.py:188} INFO - [2025-11-10T08:48:34.201+0000] {dag.py:3036} INFO - Sync 1 DAGs
[2025-11-10T08:48:34.234+0000] {logging_mixin.py:188} INFO - [2025-11-10T08:48:34.234+0000] {dag.py:3823} INFO - Setting next_dagrun for dags_python_task_Decorator to 2025-11-09 17:00:00+00:00, run_after=2025-11-16 17:00:00+00:00
[2025-11-10T08:48:34.273+0000] {processor.py:183} INFO - Processing /opt/airflow/dags/dags_python_task_decorator.py took 0.133 seconds
[2025-11-10T08:49:05.097+0000] {processor.py:161} INFO - Started process (PID=7289) to work on /opt/airflow/dags/dags_python_task_decorator.py
[2025-11-10T08:49:05.099+0000] {processor.py:830} INFO - Processing file /opt/airflow/dags/dags_python_task_decorator.py for tasks to queue
[2025-11-10T08:49:05.101+0000] {logging_mixin.py:188} INFO - [2025-11-10T08:49:05.100+0000] {dagbag.py:538} INFO - Filling up the DagBag from /opt/airflow/dags/dags_python_task_decorator.py
[2025-11-10T08:49:05.123+0000] {processor.py:840} INFO - DAG(s) 'dags_python_task_Decorator' retrieved from /opt/airflow/dags/dags_python_task_decorator.py
[2025-11-10T08:49:05.149+0000] {logging_mixin.py:188} INFO - [2025-11-10T08:49:05.148+0000] {dag.py:3036} INFO - Sync 1 DAGs
[2025-11-10T08:49:05.176+0000] {logging_mixin.py:188} INFO - [2025-11-10T08:49:05.176+0000] {dag.py:3823} INFO - Setting next_dagrun for dags_python_task_Decorator to 2025-11-09 17:00:00+00:00, run_after=2025-11-16 17:00:00+00:00
[2025-11-10T08:49:05.203+0000] {processor.py:183} INFO - Processing /opt/airflow/dags/dags_python_task_decorator.py took 0.110 seconds
[2025-11-10T08:49:35.413+0000] {processor.py:161} INFO - Started process (PID=7348) to work on /opt/airflow/dags/dags_python_task_decorator.py
[2025-11-10T08:49:35.415+0000] {processor.py:830} INFO - Processing file /opt/airflow/dags/dags_python_task_decorator.py for tasks to queue
[2025-11-10T08:49:35.417+0000] {logging_mixin.py:188} INFO - [2025-11-10T08:49:35.416+0000] {dagbag.py:538} INFO - Filling up the DagBag from /opt/airflow/dags/dags_python_task_decorator.py
[2025-11-10T08:49:35.445+0000] {processor.py:840} INFO - DAG(s) 'dags_python_task_Decorator' retrieved from /opt/airflow/dags/dags_python_task_decorator.py
[2025-11-10T08:49:35.471+0000] {logging_mixin.py:188} INFO - [2025-11-10T08:49:35.471+0000] {dag.py:3036} INFO - Sync 1 DAGs
[2025-11-10T08:49:35.498+0000] {logging_mixin.py:188} INFO - [2025-11-10T08:49:35.498+0000] {dag.py:3823} INFO - Setting next_dagrun for dags_python_task_Decorator to 2025-11-09 17:00:00+00:00, run_after=2025-11-16 17:00:00+00:00
[2025-11-10T08:49:35.522+0000] {processor.py:183} INFO - Processing /opt/airflow/dags/dags_python_task_decorator.py took 0.114 seconds
[2025-11-10T08:50:05.933+0000] {processor.py:161} INFO - Started process (PID=7407) to work on /opt/airflow/dags/dags_python_task_decorator.py
[2025-11-10T08:50:05.935+0000] {processor.py:830} INFO - Processing file /opt/airflow/dags/dags_python_task_decorator.py for tasks to queue
[2025-11-10T08:50:05.936+0000] {logging_mixin.py:188} INFO - [2025-11-10T08:50:05.936+0000] {dagbag.py:538} INFO - Filling up the DagBag from /opt/airflow/dags/dags_python_task_decorator.py
[2025-11-10T08:50:05.957+0000] {processor.py:840} INFO - DAG(s) 'dags_python_task_Decorator' retrieved from /opt/airflow/dags/dags_python_task_decorator.py
[2025-11-10T08:50:05.984+0000] {logging_mixin.py:188} INFO - [2025-11-10T08:50:05.984+0000] {dag.py:3036} INFO - Sync 1 DAGs
[2025-11-10T08:50:06.014+0000] {logging_mixin.py:188} INFO - [2025-11-10T08:50:06.014+0000] {dag.py:3823} INFO - Setting next_dagrun for dags_python_task_Decorator to 2025-11-09 17:00:00+00:00, run_after=2025-11-16 17:00:00+00:00
[2025-11-10T08:50:06.048+0000] {processor.py:183} INFO - Processing /opt/airflow/dags/dags_python_task_decorator.py took 0.121 seconds
[2025-11-10T08:50:36.979+0000] {processor.py:161} INFO - Started process (PID=7466) to work on /opt/airflow/dags/dags_python_task_decorator.py
[2025-11-10T08:50:36.990+0000] {processor.py:830} INFO - Processing file /opt/airflow/dags/dags_python_task_decorator.py for tasks to queue
[2025-11-10T08:50:36.992+0000] {logging_mixin.py:188} INFO - [2025-11-10T08:50:36.991+0000] {dagbag.py:538} INFO - Filling up the DagBag from /opt/airflow/dags/dags_python_task_decorator.py
[2025-11-10T08:50:37.042+0000] {processor.py:840} INFO - DAG(s) 'dags_python_task_Decorator' retrieved from /opt/airflow/dags/dags_python_task_decorator.py
[2025-11-10T08:50:37.103+0000] {logging_mixin.py:188} INFO - [2025-11-10T08:50:37.102+0000] {dag.py:3036} INFO - Sync 1 DAGs
[2025-11-10T08:50:37.153+0000] {logging_mixin.py:188} INFO - [2025-11-10T08:50:37.152+0000] {dag.py:3823} INFO - Setting next_dagrun for dags_python_task_Decorator to 2025-11-09 17:00:00+00:00, run_after=2025-11-16 17:00:00+00:00
[2025-11-10T08:50:37.200+0000] {processor.py:183} INFO - Processing /opt/airflow/dags/dags_python_task_decorator.py took 0.228 seconds
[2025-11-10T08:51:07.570+0000] {processor.py:161} INFO - Started process (PID=7526) to work on /opt/airflow/dags/dags_python_task_decorator.py
[2025-11-10T08:51:07.583+0000] {processor.py:830} INFO - Processing file /opt/airflow/dags/dags_python_task_decorator.py for tasks to queue
[2025-11-10T08:51:07.586+0000] {logging_mixin.py:188} INFO - [2025-11-10T08:51:07.586+0000] {dagbag.py:538} INFO - Filling up the DagBag from /opt/airflow/dags/dags_python_task_decorator.py
[2025-11-10T08:51:07.638+0000] {processor.py:840} INFO - DAG(s) 'dags_python_task_Decorator' retrieved from /opt/airflow/dags/dags_python_task_decorator.py
[2025-11-10T08:51:07.700+0000] {logging_mixin.py:188} INFO - [2025-11-10T08:51:07.699+0000] {dag.py:3036} INFO - Sync 1 DAGs
[2025-11-10T08:51:07.769+0000] {logging_mixin.py:188} INFO - [2025-11-10T08:51:07.769+0000] {dag.py:3823} INFO - Setting next_dagrun for dags_python_task_Decorator to 2025-11-09 17:00:00+00:00, run_after=2025-11-16 17:00:00+00:00
[2025-11-10T08:51:07.826+0000] {processor.py:183} INFO - Processing /opt/airflow/dags/dags_python_task_decorator.py took 0.266 seconds
[2025-11-10T08:51:38.204+0000] {processor.py:161} INFO - Started process (PID=7585) to work on /opt/airflow/dags/dags_python_task_decorator.py
[2025-11-10T08:51:38.205+0000] {processor.py:830} INFO - Processing file /opt/airflow/dags/dags_python_task_decorator.py for tasks to queue
[2025-11-10T08:51:38.206+0000] {logging_mixin.py:188} INFO - [2025-11-10T08:51:38.206+0000] {dagbag.py:538} INFO - Filling up the DagBag from /opt/airflow/dags/dags_python_task_decorator.py
[2025-11-10T08:51:38.229+0000] {processor.py:840} INFO - DAG(s) 'dags_python_task_Decorator' retrieved from /opt/airflow/dags/dags_python_task_decorator.py
[2025-11-10T08:51:38.255+0000] {logging_mixin.py:188} INFO - [2025-11-10T08:51:38.254+0000] {dag.py:3036} INFO - Sync 1 DAGs
[2025-11-10T08:51:38.281+0000] {logging_mixin.py:188} INFO - [2025-11-10T08:51:38.281+0000] {dag.py:3823} INFO - Setting next_dagrun for dags_python_task_Decorator to 2025-11-09 17:00:00+00:00, run_after=2025-11-16 17:00:00+00:00
[2025-11-10T08:51:38.309+0000] {processor.py:183} INFO - Processing /opt/airflow/dags/dags_python_task_decorator.py took 0.109 seconds
[2025-11-10T08:52:08.415+0000] {processor.py:161} INFO - Started process (PID=7644) to work on /opt/airflow/dags/dags_python_task_decorator.py
[2025-11-10T08:52:08.416+0000] {processor.py:830} INFO - Processing file /opt/airflow/dags/dags_python_task_decorator.py for tasks to queue
[2025-11-10T08:52:08.417+0000] {logging_mixin.py:188} INFO - [2025-11-10T08:52:08.417+0000] {dagbag.py:538} INFO - Filling up the DagBag from /opt/airflow/dags/dags_python_task_decorator.py
[2025-11-10T08:52:08.444+0000] {processor.py:840} INFO - DAG(s) 'dags_python_task_Decorator' retrieved from /opt/airflow/dags/dags_python_task_decorator.py
[2025-11-10T08:52:08.471+0000] {logging_mixin.py:188} INFO - [2025-11-10T08:52:08.471+0000] {dag.py:3036} INFO - Sync 1 DAGs
[2025-11-10T08:52:08.503+0000] {logging_mixin.py:188} INFO - [2025-11-10T08:52:08.502+0000] {dag.py:3823} INFO - Setting next_dagrun for dags_python_task_Decorator to 2025-11-09 17:00:00+00:00, run_after=2025-11-16 17:00:00+00:00
[2025-11-10T08:52:08.540+0000] {processor.py:183} INFO - Processing /opt/airflow/dags/dags_python_task_decorator.py took 0.130 seconds
[2025-11-10T08:52:38.796+0000] {processor.py:161} INFO - Started process (PID=7703) to work on /opt/airflow/dags/dags_python_task_decorator.py
[2025-11-10T08:52:38.799+0000] {processor.py:830} INFO - Processing file /opt/airflow/dags/dags_python_task_decorator.py for tasks to queue
[2025-11-10T08:52:38.801+0000] {logging_mixin.py:188} INFO - [2025-11-10T08:52:38.800+0000] {dagbag.py:538} INFO - Filling up the DagBag from /opt/airflow/dags/dags_python_task_decorator.py
[2025-11-10T08:52:38.841+0000] {processor.py:840} INFO - DAG(s) 'dags_python_task_Decorator' retrieved from /opt/airflow/dags/dags_python_task_decorator.py
[2025-11-10T08:52:38.882+0000] {logging_mixin.py:188} INFO - [2025-11-10T08:52:38.882+0000] {dag.py:3036} INFO - Sync 1 DAGs
[2025-11-10T08:52:38.933+0000] {logging_mixin.py:188} INFO - [2025-11-10T08:52:38.933+0000] {dag.py:3823} INFO - Setting next_dagrun for dags_python_task_Decorator to 2025-11-09 17:00:00+00:00, run_after=2025-11-16 17:00:00+00:00
[2025-11-10T08:52:38.974+0000] {processor.py:183} INFO - Processing /opt/airflow/dags/dags_python_task_decorator.py took 0.186 seconds
[2025-11-10T08:53:09.036+0000] {processor.py:161} INFO - Started process (PID=7762) to work on /opt/airflow/dags/dags_python_task_decorator.py
[2025-11-10T08:53:09.039+0000] {processor.py:830} INFO - Processing file /opt/airflow/dags/dags_python_task_decorator.py for tasks to queue
[2025-11-10T08:53:09.042+0000] {logging_mixin.py:188} INFO - [2025-11-10T08:53:09.041+0000] {dagbag.py:538} INFO - Filling up the DagBag from /opt/airflow/dags/dags_python_task_decorator.py
[2025-11-10T08:53:09.085+0000] {processor.py:840} INFO - DAG(s) 'dags_python_task_Decorator' retrieved from /opt/airflow/dags/dags_python_task_decorator.py
[2025-11-10T08:53:09.132+0000] {logging_mixin.py:188} INFO - [2025-11-10T08:53:09.131+0000] {dag.py:3036} INFO - Sync 1 DAGs
[2025-11-10T08:53:09.186+0000] {logging_mixin.py:188} INFO - [2025-11-10T08:53:09.185+0000] {dag.py:3823} INFO - Setting next_dagrun for dags_python_task_Decorator to 2025-11-09 17:00:00+00:00, run_after=2025-11-16 17:00:00+00:00
[2025-11-10T08:53:09.235+0000] {processor.py:183} INFO - Processing /opt/airflow/dags/dags_python_task_decorator.py took 0.204 seconds
[2025-11-10T08:53:39.747+0000] {processor.py:161} INFO - Started process (PID=7821) to work on /opt/airflow/dags/dags_python_task_decorator.py
[2025-11-10T08:53:39.749+0000] {processor.py:830} INFO - Processing file /opt/airflow/dags/dags_python_task_decorator.py for tasks to queue
[2025-11-10T08:53:39.750+0000] {logging_mixin.py:188} INFO - [2025-11-10T08:53:39.750+0000] {dagbag.py:538} INFO - Filling up the DagBag from /opt/airflow/dags/dags_python_task_decorator.py
[2025-11-10T08:53:39.774+0000] {processor.py:840} INFO - DAG(s) 'dags_python_task_Decorator' retrieved from /opt/airflow/dags/dags_python_task_decorator.py
[2025-11-10T08:53:39.802+0000] {logging_mixin.py:188} INFO - [2025-11-10T08:53:39.802+0000] {dag.py:3036} INFO - Sync 1 DAGs
[2025-11-10T08:53:39.833+0000] {logging_mixin.py:188} INFO - [2025-11-10T08:53:39.833+0000] {dag.py:3823} INFO - Setting next_dagrun for dags_python_task_Decorator to 2025-11-09 17:00:00+00:00, run_after=2025-11-16 17:00:00+00:00
[2025-11-10T08:53:39.863+0000] {processor.py:183} INFO - Processing /opt/airflow/dags/dags_python_task_decorator.py took 0.121 seconds
[2025-11-10T08:54:10.165+0000] {processor.py:161} INFO - Started process (PID=7880) to work on /opt/airflow/dags/dags_python_task_decorator.py
[2025-11-10T08:54:10.166+0000] {processor.py:830} INFO - Processing file /opt/airflow/dags/dags_python_task_decorator.py for tasks to queue
[2025-11-10T08:54:10.168+0000] {logging_mixin.py:188} INFO - [2025-11-10T08:54:10.167+0000] {dagbag.py:538} INFO - Filling up the DagBag from /opt/airflow/dags/dags_python_task_decorator.py
[2025-11-10T08:54:10.199+0000] {processor.py:840} INFO - DAG(s) 'dags_python_task_Decorator' retrieved from /opt/airflow/dags/dags_python_task_decorator.py
[2025-11-10T08:54:10.224+0000] {logging_mixin.py:188} INFO - [2025-11-10T08:54:10.224+0000] {dag.py:3036} INFO - Sync 1 DAGs
[2025-11-10T08:54:10.253+0000] {logging_mixin.py:188} INFO - [2025-11-10T08:54:10.253+0000] {dag.py:3823} INFO - Setting next_dagrun for dags_python_task_Decorator to 2025-11-09 17:00:00+00:00, run_after=2025-11-16 17:00:00+00:00
[2025-11-10T08:54:10.290+0000] {processor.py:183} INFO - Processing /opt/airflow/dags/dags_python_task_decorator.py took 0.133 seconds
[2025-11-10T08:54:40.754+0000] {processor.py:161} INFO - Started process (PID=7939) to work on /opt/airflow/dags/dags_python_task_decorator.py
[2025-11-10T08:54:40.756+0000] {processor.py:830} INFO - Processing file /opt/airflow/dags/dags_python_task_decorator.py for tasks to queue
[2025-11-10T08:54:40.757+0000] {logging_mixin.py:188} INFO - [2025-11-10T08:54:40.757+0000] {dagbag.py:538} INFO - Filling up the DagBag from /opt/airflow/dags/dags_python_task_decorator.py
[2025-11-10T08:54:40.780+0000] {processor.py:840} INFO - DAG(s) 'dags_python_task_Decorator' retrieved from /opt/airflow/dags/dags_python_task_decorator.py
[2025-11-10T08:54:40.805+0000] {logging_mixin.py:188} INFO - [2025-11-10T08:54:40.805+0000] {dag.py:3036} INFO - Sync 1 DAGs
[2025-11-10T08:54:40.832+0000] {logging_mixin.py:188} INFO - [2025-11-10T08:54:40.832+0000] {dag.py:3823} INFO - Setting next_dagrun for dags_python_task_Decorator to 2025-11-09 17:00:00+00:00, run_after=2025-11-16 17:00:00+00:00
[2025-11-10T08:54:40.859+0000] {processor.py:183} INFO - Processing /opt/airflow/dags/dags_python_task_decorator.py took 0.110 seconds
[2025-11-10T08:55:11.524+0000] {processor.py:161} INFO - Started process (PID=7998) to work on /opt/airflow/dags/dags_python_task_decorator.py
[2025-11-10T08:55:11.525+0000] {processor.py:830} INFO - Processing file /opt/airflow/dags/dags_python_task_decorator.py for tasks to queue
[2025-11-10T08:55:11.527+0000] {logging_mixin.py:188} INFO - [2025-11-10T08:55:11.526+0000] {dagbag.py:538} INFO - Filling up the DagBag from /opt/airflow/dags/dags_python_task_decorator.py
[2025-11-10T08:55:11.548+0000] {processor.py:840} INFO - DAG(s) 'dags_python_task_Decorator' retrieved from /opt/airflow/dags/dags_python_task_decorator.py
[2025-11-10T08:55:11.576+0000] {logging_mixin.py:188} INFO - [2025-11-10T08:55:11.576+0000] {dag.py:3036} INFO - Sync 1 DAGs
[2025-11-10T08:55:11.603+0000] {logging_mixin.py:188} INFO - [2025-11-10T08:55:11.602+0000] {dag.py:3823} INFO - Setting next_dagrun for dags_python_task_Decorator to 2025-11-09 17:00:00+00:00, run_after=2025-11-16 17:00:00+00:00
[2025-11-10T08:55:11.637+0000] {processor.py:183} INFO - Processing /opt/airflow/dags/dags_python_task_decorator.py took 0.117 seconds
[2025-11-10T08:55:42.552+0000] {processor.py:161} INFO - Started process (PID=8057) to work on /opt/airflow/dags/dags_python_task_decorator.py
[2025-11-10T08:55:42.554+0000] {processor.py:830} INFO - Processing file /opt/airflow/dags/dags_python_task_decorator.py for tasks to queue
[2025-11-10T08:55:42.556+0000] {logging_mixin.py:188} INFO - [2025-11-10T08:55:42.555+0000] {dagbag.py:538} INFO - Filling up the DagBag from /opt/airflow/dags/dags_python_task_decorator.py
[2025-11-10T08:55:42.590+0000] {processor.py:840} INFO - DAG(s) 'dags_python_task_Decorator' retrieved from /opt/airflow/dags/dags_python_task_decorator.py
[2025-11-10T08:55:42.616+0000] {logging_mixin.py:188} INFO - [2025-11-10T08:55:42.616+0000] {dag.py:3036} INFO - Sync 1 DAGs
[2025-11-10T08:55:42.644+0000] {logging_mixin.py:188} INFO - [2025-11-10T08:55:42.643+0000] {dag.py:3823} INFO - Setting next_dagrun for dags_python_task_Decorator to 2025-11-09 17:00:00+00:00, run_after=2025-11-16 17:00:00+00:00
[2025-11-10T08:55:42.675+0000] {processor.py:183} INFO - Processing /opt/airflow/dags/dags_python_task_decorator.py took 0.127 seconds
[2025-11-10T08:56:13.101+0000] {processor.py:161} INFO - Started process (PID=8116) to work on /opt/airflow/dags/dags_python_task_decorator.py
[2025-11-10T08:56:13.103+0000] {processor.py:830} INFO - Processing file /opt/airflow/dags/dags_python_task_decorator.py for tasks to queue
[2025-11-10T08:56:13.104+0000] {logging_mixin.py:188} INFO - [2025-11-10T08:56:13.104+0000] {dagbag.py:538} INFO - Filling up the DagBag from /opt/airflow/dags/dags_python_task_decorator.py
[2025-11-10T08:56:13.133+0000] {processor.py:840} INFO - DAG(s) 'dags_python_task_Decorator' retrieved from /opt/airflow/dags/dags_python_task_decorator.py
[2025-11-10T08:56:13.160+0000] {logging_mixin.py:188} INFO - [2025-11-10T08:56:13.160+0000] {dag.py:3036} INFO - Sync 1 DAGs
[2025-11-10T08:56:13.187+0000] {logging_mixin.py:188} INFO - [2025-11-10T08:56:13.187+0000] {dag.py:3823} INFO - Setting next_dagrun for dags_python_task_Decorator to 2025-11-09 17:00:00+00:00, run_after=2025-11-16 17:00:00+00:00
[2025-11-10T08:56:13.224+0000] {processor.py:183} INFO - Processing /opt/airflow/dags/dags_python_task_decorator.py took 0.127 seconds
[2025-11-10T08:56:43.598+0000] {processor.py:161} INFO - Started process (PID=8175) to work on /opt/airflow/dags/dags_python_task_decorator.py
[2025-11-10T08:56:43.599+0000] {processor.py:830} INFO - Processing file /opt/airflow/dags/dags_python_task_decorator.py for tasks to queue
[2025-11-10T08:56:43.601+0000] {logging_mixin.py:188} INFO - [2025-11-10T08:56:43.600+0000] {dagbag.py:538} INFO - Filling up the DagBag from /opt/airflow/dags/dags_python_task_decorator.py
[2025-11-10T08:56:43.623+0000] {processor.py:840} INFO - DAG(s) 'dags_python_task_Decorator' retrieved from /opt/airflow/dags/dags_python_task_decorator.py
[2025-11-10T08:56:43.656+0000] {logging_mixin.py:188} INFO - [2025-11-10T08:56:43.656+0000] {dag.py:3036} INFO - Sync 1 DAGs
[2025-11-10T08:56:43.685+0000] {logging_mixin.py:188} INFO - [2025-11-10T08:56:43.685+0000] {dag.py:3823} INFO - Setting next_dagrun for dags_python_task_Decorator to 2025-11-09 17:00:00+00:00, run_after=2025-11-16 17:00:00+00:00
[2025-11-10T08:56:43.719+0000] {processor.py:183} INFO - Processing /opt/airflow/dags/dags_python_task_decorator.py took 0.125 seconds
[2025-11-10T08:57:14.426+0000] {processor.py:161} INFO - Started process (PID=8240) to work on /opt/airflow/dags/dags_python_task_decorator.py
[2025-11-10T08:57:14.428+0000] {processor.py:830} INFO - Processing file /opt/airflow/dags/dags_python_task_decorator.py for tasks to queue
[2025-11-10T08:57:14.430+0000] {logging_mixin.py:188} INFO - [2025-11-10T08:57:14.429+0000] {dagbag.py:538} INFO - Filling up the DagBag from /opt/airflow/dags/dags_python_task_decorator.py
[2025-11-10T08:57:14.459+0000] {processor.py:840} INFO - DAG(s) 'dags_python_task_Decorator' retrieved from /opt/airflow/dags/dags_python_task_decorator.py
[2025-11-10T08:57:14.488+0000] {logging_mixin.py:188} INFO - [2025-11-10T08:57:14.487+0000] {dag.py:3036} INFO - Sync 1 DAGs
[2025-11-10T08:57:14.525+0000] {logging_mixin.py:188} INFO - [2025-11-10T08:57:14.525+0000] {dag.py:3823} INFO - Setting next_dagrun for dags_python_task_Decorator to 2025-11-09 17:00:00+00:00, run_after=2025-11-16 17:00:00+00:00
[2025-11-10T08:57:14.561+0000] {processor.py:183} INFO - Processing /opt/airflow/dags/dags_python_task_decorator.py took 0.142 seconds
[2025-11-10T08:57:44.660+0000] {processor.py:161} INFO - Started process (PID=8299) to work on /opt/airflow/dags/dags_python_task_decorator.py
[2025-11-10T08:57:44.663+0000] {processor.py:830} INFO - Processing file /opt/airflow/dags/dags_python_task_decorator.py for tasks to queue
[2025-11-10T08:57:44.666+0000] {logging_mixin.py:188} INFO - [2025-11-10T08:57:44.665+0000] {dagbag.py:538} INFO - Filling up the DagBag from /opt/airflow/dags/dags_python_task_decorator.py
[2025-11-10T08:57:44.701+0000] {processor.py:840} INFO - DAG(s) 'dags_python_task_Decorator' retrieved from /opt/airflow/dags/dags_python_task_decorator.py
[2025-11-10T08:57:44.746+0000] {logging_mixin.py:188} INFO - [2025-11-10T08:57:44.745+0000] {dag.py:3036} INFO - Sync 1 DAGs
[2025-11-10T08:57:44.808+0000] {logging_mixin.py:188} INFO - [2025-11-10T08:57:44.807+0000] {dag.py:3823} INFO - Setting next_dagrun for dags_python_task_Decorator to 2025-11-09 17:00:00+00:00, run_after=2025-11-16 17:00:00+00:00
[2025-11-10T08:57:44.865+0000] {processor.py:183} INFO - Processing /opt/airflow/dags/dags_python_task_decorator.py took 0.212 seconds
[2025-11-10T08:58:15.054+0000] {processor.py:161} INFO - Started process (PID=8359) to work on /opt/airflow/dags/dags_python_task_decorator.py
[2025-11-10T08:58:15.057+0000] {processor.py:830} INFO - Processing file /opt/airflow/dags/dags_python_task_decorator.py for tasks to queue
[2025-11-10T08:58:15.060+0000] {logging_mixin.py:188} INFO - [2025-11-10T08:58:15.059+0000] {dagbag.py:538} INFO - Filling up the DagBag from /opt/airflow/dags/dags_python_task_decorator.py
[2025-11-10T08:58:15.117+0000] {processor.py:840} INFO - DAG(s) 'dags_python_task_Decorator' retrieved from /opt/airflow/dags/dags_python_task_decorator.py
[2025-11-10T08:58:15.176+0000] {logging_mixin.py:188} INFO - [2025-11-10T08:58:15.175+0000] {dag.py:3036} INFO - Sync 1 DAGs
[2025-11-10T08:58:15.233+0000] {logging_mixin.py:188} INFO - [2025-11-10T08:58:15.232+0000] {dag.py:3823} INFO - Setting next_dagrun for dags_python_task_Decorator to 2025-11-09 17:00:00+00:00, run_after=2025-11-16 17:00:00+00:00
[2025-11-10T08:58:15.278+0000] {processor.py:183} INFO - Processing /opt/airflow/dags/dags_python_task_decorator.py took 0.233 seconds
[2025-11-10T08:58:45.555+0000] {processor.py:161} INFO - Started process (PID=8418) to work on /opt/airflow/dags/dags_python_task_decorator.py
[2025-11-10T08:58:45.556+0000] {processor.py:830} INFO - Processing file /opt/airflow/dags/dags_python_task_decorator.py for tasks to queue
[2025-11-10T08:58:45.558+0000] {logging_mixin.py:188} INFO - [2025-11-10T08:58:45.558+0000] {dagbag.py:538} INFO - Filling up the DagBag from /opt/airflow/dags/dags_python_task_decorator.py
[2025-11-10T08:58:45.585+0000] {processor.py:840} INFO - DAG(s) 'dags_python_task_Decorator' retrieved from /opt/airflow/dags/dags_python_task_decorator.py
[2025-11-10T08:58:45.615+0000] {logging_mixin.py:188} INFO - [2025-11-10T08:58:45.615+0000] {dag.py:3036} INFO - Sync 1 DAGs
[2025-11-10T08:58:45.652+0000] {logging_mixin.py:188} INFO - [2025-11-10T08:58:45.651+0000] {dag.py:3823} INFO - Setting next_dagrun for dags_python_task_Decorator to 2025-11-09 17:00:00+00:00, run_after=2025-11-16 17:00:00+00:00
[2025-11-10T08:58:45.682+0000] {processor.py:183} INFO - Processing /opt/airflow/dags/dags_python_task_decorator.py took 0.133 seconds
[2025-11-10T08:59:15.982+0000] {processor.py:161} INFO - Started process (PID=8478) to work on /opt/airflow/dags/dags_python_task_decorator.py
[2025-11-10T08:59:15.984+0000] {processor.py:830} INFO - Processing file /opt/airflow/dags/dags_python_task_decorator.py for tasks to queue
[2025-11-10T08:59:15.985+0000] {logging_mixin.py:188} INFO - [2025-11-10T08:59:15.985+0000] {dagbag.py:538} INFO - Filling up the DagBag from /opt/airflow/dags/dags_python_task_decorator.py
[2025-11-10T08:59:16.008+0000] {processor.py:840} INFO - DAG(s) 'dags_python_task_Decorator' retrieved from /opt/airflow/dags/dags_python_task_decorator.py
[2025-11-10T08:59:16.033+0000] {logging_mixin.py:188} INFO - [2025-11-10T08:59:16.033+0000] {dag.py:3036} INFO - Sync 1 DAGs
[2025-11-10T08:59:16.060+0000] {logging_mixin.py:188} INFO - [2025-11-10T08:59:16.060+0000] {dag.py:3823} INFO - Setting next_dagrun for dags_python_task_Decorator to 2025-11-09 17:00:00+00:00, run_after=2025-11-16 17:00:00+00:00
[2025-11-10T08:59:16.088+0000] {processor.py:183} INFO - Processing /opt/airflow/dags/dags_python_task_decorator.py took 0.110 seconds
[2025-11-10T08:59:46.388+0000] {processor.py:161} INFO - Started process (PID=8537) to work on /opt/airflow/dags/dags_python_task_decorator.py
[2025-11-10T08:59:46.389+0000] {processor.py:830} INFO - Processing file /opt/airflow/dags/dags_python_task_decorator.py for tasks to queue
[2025-11-10T08:59:46.391+0000] {logging_mixin.py:188} INFO - [2025-11-10T08:59:46.390+0000] {dagbag.py:538} INFO - Filling up the DagBag from /opt/airflow/dags/dags_python_task_decorator.py
[2025-11-10T08:59:46.413+0000] {processor.py:840} INFO - DAG(s) 'dags_python_task_Decorator' retrieved from /opt/airflow/dags/dags_python_task_decorator.py
[2025-11-10T08:59:46.439+0000] {logging_mixin.py:188} INFO - [2025-11-10T08:59:46.439+0000] {dag.py:3036} INFO - Sync 1 DAGs
[2025-11-10T08:59:46.466+0000] {logging_mixin.py:188} INFO - [2025-11-10T08:59:46.465+0000] {dag.py:3823} INFO - Setting next_dagrun for dags_python_task_Decorator to 2025-11-09 17:00:00+00:00, run_after=2025-11-16 17:00:00+00:00
[2025-11-10T08:59:46.503+0000] {processor.py:183} INFO - Processing /opt/airflow/dags/dags_python_task_decorator.py took 0.119 seconds
[2025-11-10T09:00:16.693+0000] {processor.py:161} INFO - Started process (PID=8596) to work on /opt/airflow/dags/dags_python_task_decorator.py
[2025-11-10T09:00:16.697+0000] {processor.py:830} INFO - Processing file /opt/airflow/dags/dags_python_task_decorator.py for tasks to queue
[2025-11-10T09:00:16.699+0000] {logging_mixin.py:188} INFO - [2025-11-10T09:00:16.698+0000] {dagbag.py:538} INFO - Filling up the DagBag from /opt/airflow/dags/dags_python_task_decorator.py
[2025-11-10T09:00:16.771+0000] {processor.py:840} INFO - DAG(s) 'dags_python_task_Decorator' retrieved from /opt/airflow/dags/dags_python_task_decorator.py
[2025-11-10T09:00:16.812+0000] {logging_mixin.py:188} INFO - [2025-11-10T09:00:16.811+0000] {dag.py:3036} INFO - Sync 1 DAGs
[2025-11-10T09:00:16.854+0000] {logging_mixin.py:188} INFO - [2025-11-10T09:00:16.854+0000] {dag.py:3823} INFO - Setting next_dagrun for dags_python_task_Decorator to 2025-11-09 17:00:00+00:00, run_after=2025-11-16 17:00:00+00:00
[2025-11-10T09:00:16.891+0000] {processor.py:183} INFO - Processing /opt/airflow/dags/dags_python_task_decorator.py took 0.206 seconds
[2025-11-10T09:00:47.420+0000] {processor.py:161} INFO - Started process (PID=8655) to work on /opt/airflow/dags/dags_python_task_decorator.py
[2025-11-10T09:00:47.422+0000] {processor.py:830} INFO - Processing file /opt/airflow/dags/dags_python_task_decorator.py for tasks to queue
[2025-11-10T09:00:47.433+0000] {logging_mixin.py:188} INFO - [2025-11-10T09:00:47.433+0000] {dagbag.py:538} INFO - Filling up the DagBag from /opt/airflow/dags/dags_python_task_decorator.py
[2025-11-10T09:00:47.508+0000] {processor.py:840} INFO - DAG(s) 'dags_python_task_Decorator' retrieved from /opt/airflow/dags/dags_python_task_decorator.py
[2025-11-10T09:00:47.550+0000] {logging_mixin.py:188} INFO - [2025-11-10T09:00:47.550+0000] {dag.py:3036} INFO - Sync 1 DAGs
[2025-11-10T09:00:47.605+0000] {logging_mixin.py:188} INFO - [2025-11-10T09:00:47.605+0000] {dag.py:3823} INFO - Setting next_dagrun for dags_python_task_Decorator to 2025-11-09 17:00:00+00:00, run_after=2025-11-16 17:00:00+00:00
[2025-11-10T09:00:47.637+0000] {processor.py:183} INFO - Processing /opt/airflow/dags/dags_python_task_decorator.py took 0.223 seconds
[2025-11-10T09:01:17.929+0000] {processor.py:161} INFO - Started process (PID=8714) to work on /opt/airflow/dags/dags_python_task_decorator.py
[2025-11-10T09:01:17.931+0000] {processor.py:830} INFO - Processing file /opt/airflow/dags/dags_python_task_decorator.py for tasks to queue
[2025-11-10T09:01:17.933+0000] {logging_mixin.py:188} INFO - [2025-11-10T09:01:17.932+0000] {dagbag.py:538} INFO - Filling up the DagBag from /opt/airflow/dags/dags_python_task_decorator.py
[2025-11-10T09:01:17.961+0000] {processor.py:840} INFO - DAG(s) 'dags_python_task_Decorator' retrieved from /opt/airflow/dags/dags_python_task_decorator.py
[2025-11-10T09:01:17.996+0000] {logging_mixin.py:188} INFO - [2025-11-10T09:01:17.995+0000] {dag.py:3036} INFO - Sync 1 DAGs
[2025-11-10T09:01:18.037+0000] {logging_mixin.py:188} INFO - [2025-11-10T09:01:18.036+0000] {dag.py:3823} INFO - Setting next_dagrun for dags_python_task_Decorator to 2025-11-09 17:00:00+00:00, run_after=2025-11-16 17:00:00+00:00
[2025-11-10T09:01:18.076+0000] {processor.py:183} INFO - Processing /opt/airflow/dags/dags_python_task_decorator.py took 0.153 seconds
[2025-11-10T09:01:48.319+0000] {processor.py:161} INFO - Started process (PID=8773) to work on /opt/airflow/dags/dags_python_task_decorator.py
[2025-11-10T09:01:48.321+0000] {processor.py:830} INFO - Processing file /opt/airflow/dags/dags_python_task_decorator.py for tasks to queue
[2025-11-10T09:01:48.322+0000] {logging_mixin.py:188} INFO - [2025-11-10T09:01:48.322+0000] {dagbag.py:538} INFO - Filling up the DagBag from /opt/airflow/dags/dags_python_task_decorator.py
[2025-11-10T09:01:48.352+0000] {processor.py:840} INFO - DAG(s) 'dags_python_task_Decorator' retrieved from /opt/airflow/dags/dags_python_task_decorator.py
[2025-11-10T09:01:48.395+0000] {logging_mixin.py:188} INFO - [2025-11-10T09:01:48.395+0000] {dag.py:3036} INFO - Sync 1 DAGs
[2025-11-10T09:01:48.445+0000] {logging_mixin.py:188} INFO - [2025-11-10T09:01:48.444+0000] {dag.py:3823} INFO - Setting next_dagrun for dags_python_task_Decorator to 2025-11-09 17:00:00+00:00, run_after=2025-11-16 17:00:00+00:00
[2025-11-10T09:01:48.494+0000] {processor.py:183} INFO - Processing /opt/airflow/dags/dags_python_task_decorator.py took 0.180 seconds
[2025-11-10T09:02:18.874+0000] {processor.py:161} INFO - Started process (PID=8833) to work on /opt/airflow/dags/dags_python_task_decorator.py
[2025-11-10T09:02:18.875+0000] {processor.py:830} INFO - Processing file /opt/airflow/dags/dags_python_task_decorator.py for tasks to queue
[2025-11-10T09:02:18.877+0000] {logging_mixin.py:188} INFO - [2025-11-10T09:02:18.876+0000] {dagbag.py:538} INFO - Filling up the DagBag from /opt/airflow/dags/dags_python_task_decorator.py
[2025-11-10T09:02:18.900+0000] {processor.py:840} INFO - DAG(s) 'dags_python_task_Decorator' retrieved from /opt/airflow/dags/dags_python_task_decorator.py
[2025-11-10T09:02:18.927+0000] {logging_mixin.py:188} INFO - [2025-11-10T09:02:18.927+0000] {dag.py:3036} INFO - Sync 1 DAGs
[2025-11-10T09:02:18.957+0000] {logging_mixin.py:188} INFO - [2025-11-10T09:02:18.957+0000] {dag.py:3823} INFO - Setting next_dagrun for dags_python_task_Decorator to 2025-11-09 17:00:00+00:00, run_after=2025-11-16 17:00:00+00:00
[2025-11-10T09:02:18.992+0000] {processor.py:183} INFO - Processing /opt/airflow/dags/dags_python_task_decorator.py took 0.124 seconds
[2025-11-10T09:02:49.068+0000] {processor.py:161} INFO - Started process (PID=8892) to work on /opt/airflow/dags/dags_python_task_decorator.py
[2025-11-10T09:02:49.070+0000] {processor.py:830} INFO - Processing file /opt/airflow/dags/dags_python_task_decorator.py for tasks to queue
[2025-11-10T09:02:49.072+0000] {logging_mixin.py:188} INFO - [2025-11-10T09:02:49.071+0000] {dagbag.py:538} INFO - Filling up the DagBag from /opt/airflow/dags/dags_python_task_decorator.py
[2025-11-10T09:02:49.104+0000] {processor.py:840} INFO - DAG(s) 'dags_python_task_Decorator' retrieved from /opt/airflow/dags/dags_python_task_decorator.py
[2025-11-10T09:02:49.145+0000] {logging_mixin.py:188} INFO - [2025-11-10T09:02:49.144+0000] {dag.py:3036} INFO - Sync 1 DAGs
[2025-11-10T09:02:49.189+0000] {logging_mixin.py:188} INFO - [2025-11-10T09:02:49.188+0000] {dag.py:3823} INFO - Setting next_dagrun for dags_python_task_Decorator to 2025-11-09 17:00:00+00:00, run_after=2025-11-16 17:00:00+00:00
[2025-11-10T09:02:49.236+0000] {processor.py:183} INFO - Processing /opt/airflow/dags/dags_python_task_decorator.py took 0.175 seconds
[2025-11-10T09:03:19.339+0000] {processor.py:161} INFO - Started process (PID=8951) to work on /opt/airflow/dags/dags_python_task_decorator.py
[2025-11-10T09:03:19.341+0000] {processor.py:830} INFO - Processing file /opt/airflow/dags/dags_python_task_decorator.py for tasks to queue
[2025-11-10T09:03:19.345+0000] {logging_mixin.py:188} INFO - [2025-11-10T09:03:19.344+0000] {dagbag.py:538} INFO - Filling up the DagBag from /opt/airflow/dags/dags_python_task_decorator.py
[2025-11-10T09:03:19.383+0000] {processor.py:840} INFO - DAG(s) 'dags_python_task_Decorator' retrieved from /opt/airflow/dags/dags_python_task_decorator.py
[2025-11-10T09:03:19.416+0000] {logging_mixin.py:188} INFO - [2025-11-10T09:03:19.415+0000] {dag.py:3036} INFO - Sync 1 DAGs
[2025-11-10T09:03:19.453+0000] {logging_mixin.py:188} INFO - [2025-11-10T09:03:19.453+0000] {dag.py:3823} INFO - Setting next_dagrun for dags_python_task_Decorator to 2025-11-09 17:00:00+00:00, run_after=2025-11-16 17:00:00+00:00
[2025-11-10T09:03:19.501+0000] {processor.py:183} INFO - Processing /opt/airflow/dags/dags_python_task_decorator.py took 0.167 seconds
[2025-11-10T09:03:50.033+0000] {processor.py:161} INFO - Started process (PID=9008) to work on /opt/airflow/dags/dags_python_task_decorator.py
[2025-11-10T09:03:50.035+0000] {processor.py:830} INFO - Processing file /opt/airflow/dags/dags_python_task_decorator.py for tasks to queue
[2025-11-10T09:03:50.037+0000] {logging_mixin.py:188} INFO - [2025-11-10T09:03:50.037+0000] {dagbag.py:538} INFO - Filling up the DagBag from /opt/airflow/dags/dags_python_task_decorator.py
[2025-11-10T09:03:50.072+0000] {processor.py:840} INFO - DAG(s) 'dags_python_task_Decorator' retrieved from /opt/airflow/dags/dags_python_task_decorator.py
[2025-11-10T09:03:50.112+0000] {logging_mixin.py:188} INFO - [2025-11-10T09:03:50.112+0000] {dag.py:3036} INFO - Sync 1 DAGs
[2025-11-10T09:03:50.150+0000] {logging_mixin.py:188} INFO - [2025-11-10T09:03:50.150+0000] {dag.py:3823} INFO - Setting next_dagrun for dags_python_task_Decorator to 2025-11-09 17:00:00+00:00, run_after=2025-11-16 17:00:00+00:00
[2025-11-10T09:03:50.182+0000] {processor.py:183} INFO - Processing /opt/airflow/dags/dags_python_task_decorator.py took 0.155 seconds
[2025-11-10T09:04:20.541+0000] {processor.py:161} INFO - Started process (PID=9067) to work on /opt/airflow/dags/dags_python_task_decorator.py
[2025-11-10T09:04:20.542+0000] {processor.py:830} INFO - Processing file /opt/airflow/dags/dags_python_task_decorator.py for tasks to queue
[2025-11-10T09:04:20.544+0000] {logging_mixin.py:188} INFO - [2025-11-10T09:04:20.544+0000] {dagbag.py:538} INFO - Filling up the DagBag from /opt/airflow/dags/dags_python_task_decorator.py
[2025-11-10T09:04:20.568+0000] {processor.py:840} INFO - DAG(s) 'dags_python_task_Decorator' retrieved from /opt/airflow/dags/dags_python_task_decorator.py
[2025-11-10T09:04:20.594+0000] {logging_mixin.py:188} INFO - [2025-11-10T09:04:20.594+0000] {dag.py:3036} INFO - Sync 1 DAGs
[2025-11-10T09:04:20.625+0000] {logging_mixin.py:188} INFO - [2025-11-10T09:04:20.625+0000] {dag.py:3823} INFO - Setting next_dagrun for dags_python_task_Decorator to 2025-11-09 17:00:00+00:00, run_after=2025-11-16 17:00:00+00:00
[2025-11-10T09:04:20.660+0000] {processor.py:183} INFO - Processing /opt/airflow/dags/dags_python_task_decorator.py took 0.125 seconds
[2025-11-10T09:04:51.030+0000] {processor.py:161} INFO - Started process (PID=9126) to work on /opt/airflow/dags/dags_python_task_decorator.py
[2025-11-10T09:04:51.031+0000] {processor.py:830} INFO - Processing file /opt/airflow/dags/dags_python_task_decorator.py for tasks to queue
[2025-11-10T09:04:51.033+0000] {logging_mixin.py:188} INFO - [2025-11-10T09:04:51.032+0000] {dagbag.py:538} INFO - Filling up the DagBag from /opt/airflow/dags/dags_python_task_decorator.py
[2025-11-10T09:04:51.056+0000] {processor.py:840} INFO - DAG(s) 'dags_python_task_Decorator' retrieved from /opt/airflow/dags/dags_python_task_decorator.py
[2025-11-10T09:04:51.083+0000] {logging_mixin.py:188} INFO - [2025-11-10T09:04:51.083+0000] {dag.py:3036} INFO - Sync 1 DAGs
[2025-11-10T09:04:51.110+0000] {logging_mixin.py:188} INFO - [2025-11-10T09:04:51.110+0000] {dag.py:3823} INFO - Setting next_dagrun for dags_python_task_Decorator to 2025-11-09 17:00:00+00:00, run_after=2025-11-16 17:00:00+00:00
[2025-11-10T09:04:51.144+0000] {processor.py:183} INFO - Processing /opt/airflow/dags/dags_python_task_decorator.py took 0.119 seconds
[2025-11-10T09:05:21.648+0000] {processor.py:161} INFO - Started process (PID=9185) to work on /opt/airflow/dags/dags_python_task_decorator.py
[2025-11-10T09:05:21.650+0000] {processor.py:830} INFO - Processing file /opt/airflow/dags/dags_python_task_decorator.py for tasks to queue
[2025-11-10T09:05:21.652+0000] {logging_mixin.py:188} INFO - [2025-11-10T09:05:21.651+0000] {dagbag.py:538} INFO - Filling up the DagBag from /opt/airflow/dags/dags_python_task_decorator.py
[2025-11-10T09:05:21.679+0000] {processor.py:840} INFO - DAG(s) 'dags_python_task_Decorator' retrieved from /opt/airflow/dags/dags_python_task_decorator.py
[2025-11-10T09:05:21.707+0000] {logging_mixin.py:188} INFO - [2025-11-10T09:05:21.707+0000] {dag.py:3036} INFO - Sync 1 DAGs
[2025-11-10T09:05:21.740+0000] {logging_mixin.py:188} INFO - [2025-11-10T09:05:21.740+0000] {dag.py:3823} INFO - Setting next_dagrun for dags_python_task_Decorator to 2025-11-09 17:00:00+00:00, run_after=2025-11-16 17:00:00+00:00
[2025-11-10T09:05:21.767+0000] {processor.py:183} INFO - Processing /opt/airflow/dags/dags_python_task_decorator.py took 0.124 seconds
[2025-11-10T09:05:52.541+0000] {processor.py:161} INFO - Started process (PID=9244) to work on /opt/airflow/dags/dags_python_task_decorator.py
[2025-11-10T09:05:52.542+0000] {processor.py:830} INFO - Processing file /opt/airflow/dags/dags_python_task_decorator.py for tasks to queue
[2025-11-10T09:05:52.544+0000] {logging_mixin.py:188} INFO - [2025-11-10T09:05:52.543+0000] {dagbag.py:538} INFO - Filling up the DagBag from /opt/airflow/dags/dags_python_task_decorator.py
[2025-11-10T09:05:52.568+0000] {processor.py:840} INFO - DAG(s) 'dags_python_task_Decorator' retrieved from /opt/airflow/dags/dags_python_task_decorator.py
[2025-11-10T09:05:52.594+0000] {logging_mixin.py:188} INFO - [2025-11-10T09:05:52.593+0000] {dag.py:3036} INFO - Sync 1 DAGs
[2025-11-10T09:05:52.620+0000] {logging_mixin.py:188} INFO - [2025-11-10T09:05:52.620+0000] {dag.py:3823} INFO - Setting next_dagrun for dags_python_task_Decorator to 2025-11-09 17:00:00+00:00, run_after=2025-11-16 17:00:00+00:00
[2025-11-10T09:05:52.655+0000] {processor.py:183} INFO - Processing /opt/airflow/dags/dags_python_task_decorator.py took 0.118 seconds
[2025-11-10T09:06:22.914+0000] {processor.py:161} INFO - Started process (PID=9303) to work on /opt/airflow/dags/dags_python_task_decorator.py
[2025-11-10T09:06:22.916+0000] {processor.py:830} INFO - Processing file /opt/airflow/dags/dags_python_task_decorator.py for tasks to queue
[2025-11-10T09:06:22.918+0000] {logging_mixin.py:188} INFO - [2025-11-10T09:06:22.917+0000] {dagbag.py:538} INFO - Filling up the DagBag from /opt/airflow/dags/dags_python_task_decorator.py
[2025-11-10T09:06:22.944+0000] {processor.py:840} INFO - DAG(s) 'dags_python_task_Decorator' retrieved from /opt/airflow/dags/dags_python_task_decorator.py
[2025-11-10T09:06:22.977+0000] {logging_mixin.py:188} INFO - [2025-11-10T09:06:22.976+0000] {dag.py:3036} INFO - Sync 1 DAGs
[2025-11-10T09:06:23.011+0000] {logging_mixin.py:188} INFO - [2025-11-10T09:06:23.011+0000] {dag.py:3823} INFO - Setting next_dagrun for dags_python_task_Decorator to 2025-11-09 17:00:00+00:00, run_after=2025-11-16 17:00:00+00:00
[2025-11-10T09:06:23.051+0000] {processor.py:183} INFO - Processing /opt/airflow/dags/dags_python_task_decorator.py took 0.143 seconds
[2025-11-10T09:06:53.407+0000] {processor.py:161} INFO - Started process (PID=9363) to work on /opt/airflow/dags/dags_python_task_decorator.py
[2025-11-10T09:06:53.409+0000] {processor.py:830} INFO - Processing file /opt/airflow/dags/dags_python_task_decorator.py for tasks to queue
[2025-11-10T09:06:53.410+0000] {logging_mixin.py:188} INFO - [2025-11-10T09:06:53.410+0000] {dagbag.py:538} INFO - Filling up the DagBag from /opt/airflow/dags/dags_python_task_decorator.py
[2025-11-10T09:06:53.435+0000] {processor.py:840} INFO - DAG(s) 'dags_python_task_Decorator' retrieved from /opt/airflow/dags/dags_python_task_decorator.py
[2025-11-10T09:06:53.461+0000] {logging_mixin.py:188} INFO - [2025-11-10T09:06:53.461+0000] {dag.py:3036} INFO - Sync 1 DAGs
[2025-11-10T09:06:53.488+0000] {logging_mixin.py:188} INFO - [2025-11-10T09:06:53.488+0000] {dag.py:3823} INFO - Setting next_dagrun for dags_python_task_Decorator to 2025-11-09 17:00:00+00:00, run_after=2025-11-16 17:00:00+00:00
[2025-11-10T09:06:53.523+0000] {processor.py:183} INFO - Processing /opt/airflow/dags/dags_python_task_decorator.py took 0.120 seconds
[2025-11-10T09:07:23.743+0000] {processor.py:161} INFO - Started process (PID=9422) to work on /opt/airflow/dags/dags_python_task_decorator.py
[2025-11-10T09:07:23.745+0000] {processor.py:830} INFO - Processing file /opt/airflow/dags/dags_python_task_decorator.py for tasks to queue
[2025-11-10T09:07:23.746+0000] {logging_mixin.py:188} INFO - [2025-11-10T09:07:23.746+0000] {dagbag.py:538} INFO - Filling up the DagBag from /opt/airflow/dags/dags_python_task_decorator.py
[2025-11-10T09:07:23.770+0000] {processor.py:840} INFO - DAG(s) 'dags_python_task_Decorator' retrieved from /opt/airflow/dags/dags_python_task_decorator.py
[2025-11-10T09:07:23.799+0000] {logging_mixin.py:188} INFO - [2025-11-10T09:07:23.799+0000] {dag.py:3036} INFO - Sync 1 DAGs
[2025-11-10T09:07:23.828+0000] {logging_mixin.py:188} INFO - [2025-11-10T09:07:23.828+0000] {dag.py:3823} INFO - Setting next_dagrun for dags_python_task_Decorator to 2025-11-09 17:00:00+00:00, run_after=2025-11-16 17:00:00+00:00
[2025-11-10T09:07:23.856+0000] {processor.py:183} INFO - Processing /opt/airflow/dags/dags_python_task_decorator.py took 0.118 seconds
[2025-11-10T09:07:54.235+0000] {processor.py:161} INFO - Started process (PID=9481) to work on /opt/airflow/dags/dags_python_task_decorator.py
[2025-11-10T09:07:54.236+0000] {processor.py:830} INFO - Processing file /opt/airflow/dags/dags_python_task_decorator.py for tasks to queue
[2025-11-10T09:07:54.238+0000] {logging_mixin.py:188} INFO - [2025-11-10T09:07:54.237+0000] {dagbag.py:538} INFO - Filling up the DagBag from /opt/airflow/dags/dags_python_task_decorator.py
[2025-11-10T09:07:54.260+0000] {processor.py:840} INFO - DAG(s) 'dags_python_task_Decorator' retrieved from /opt/airflow/dags/dags_python_task_decorator.py
[2025-11-10T09:07:54.285+0000] {logging_mixin.py:188} INFO - [2025-11-10T09:07:54.284+0000] {dag.py:3036} INFO - Sync 1 DAGs
[2025-11-10T09:07:54.311+0000] {logging_mixin.py:188} INFO - [2025-11-10T09:07:54.311+0000] {dag.py:3823} INFO - Setting next_dagrun for dags_python_task_Decorator to 2025-11-09 17:00:00+00:00, run_after=2025-11-16 17:00:00+00:00
[2025-11-10T09:07:54.345+0000] {processor.py:183} INFO - Processing /opt/airflow/dags/dags_python_task_decorator.py took 0.115 seconds
[2025-11-10T09:08:25.136+0000] {processor.py:161} INFO - Started process (PID=9540) to work on /opt/airflow/dags/dags_python_task_decorator.py
[2025-11-10T09:08:25.138+0000] {processor.py:830} INFO - Processing file /opt/airflow/dags/dags_python_task_decorator.py for tasks to queue
[2025-11-10T09:08:25.141+0000] {logging_mixin.py:188} INFO - [2025-11-10T09:08:25.140+0000] {dagbag.py:538} INFO - Filling up the DagBag from /opt/airflow/dags/dags_python_task_decorator.py
[2025-11-10T09:08:25.178+0000] {processor.py:840} INFO - DAG(s) 'dags_python_task_Decorator' retrieved from /opt/airflow/dags/dags_python_task_decorator.py
[2025-11-10T09:08:25.220+0000] {logging_mixin.py:188} INFO - [2025-11-10T09:08:25.220+0000] {dag.py:3036} INFO - Sync 1 DAGs
[2025-11-10T09:08:25.282+0000] {logging_mixin.py:188} INFO - [2025-11-10T09:08:25.282+0000] {dag.py:3823} INFO - Setting next_dagrun for dags_python_task_Decorator to 2025-11-09 17:00:00+00:00, run_after=2025-11-16 17:00:00+00:00
[2025-11-10T09:08:25.335+0000] {processor.py:183} INFO - Processing /opt/airflow/dags/dags_python_task_decorator.py took 0.208 seconds
[2025-11-10T09:08:55.526+0000] {processor.py:161} INFO - Started process (PID=9599) to work on /opt/airflow/dags/dags_python_task_decorator.py
[2025-11-10T09:08:55.528+0000] {processor.py:830} INFO - Processing file /opt/airflow/dags/dags_python_task_decorator.py for tasks to queue
[2025-11-10T09:08:55.531+0000] {logging_mixin.py:188} INFO - [2025-11-10T09:08:55.530+0000] {dagbag.py:538} INFO - Filling up the DagBag from /opt/airflow/dags/dags_python_task_decorator.py
[2025-11-10T09:08:55.573+0000] {processor.py:840} INFO - DAG(s) 'dags_python_task_Decorator' retrieved from /opt/airflow/dags/dags_python_task_decorator.py
[2025-11-10T09:08:55.617+0000] {logging_mixin.py:188} INFO - [2025-11-10T09:08:55.617+0000] {dag.py:3036} INFO - Sync 1 DAGs
[2025-11-10T09:08:55.674+0000] {logging_mixin.py:188} INFO - [2025-11-10T09:08:55.674+0000] {dag.py:3823} INFO - Setting next_dagrun for dags_python_task_Decorator to 2025-11-09 17:00:00+00:00, run_after=2025-11-16 17:00:00+00:00
[2025-11-10T09:08:55.724+0000] {processor.py:183} INFO - Processing /opt/airflow/dags/dags_python_task_decorator.py took 0.208 seconds
[2025-11-10T09:09:25.837+0000] {processor.py:161} INFO - Started process (PID=9658) to work on /opt/airflow/dags/dags_python_task_decorator.py
[2025-11-10T09:09:25.839+0000] {processor.py:830} INFO - Processing file /opt/airflow/dags/dags_python_task_decorator.py for tasks to queue
[2025-11-10T09:09:25.840+0000] {logging_mixin.py:188} INFO - [2025-11-10T09:09:25.840+0000] {dagbag.py:538} INFO - Filling up the DagBag from /opt/airflow/dags/dags_python_task_decorator.py
[2025-11-10T09:09:25.867+0000] {processor.py:840} INFO - DAG(s) 'dags_python_task_Decorator' retrieved from /opt/airflow/dags/dags_python_task_decorator.py
[2025-11-10T09:09:25.895+0000] {logging_mixin.py:188} INFO - [2025-11-10T09:09:25.895+0000] {dag.py:3036} INFO - Sync 1 DAGs
[2025-11-10T09:09:25.929+0000] {logging_mixin.py:188} INFO - [2025-11-10T09:09:25.928+0000] {dag.py:3823} INFO - Setting next_dagrun for dags_python_task_Decorator to 2025-11-09 17:00:00+00:00, run_after=2025-11-16 17:00:00+00:00
[2025-11-10T09:09:25.967+0000] {processor.py:183} INFO - Processing /opt/airflow/dags/dags_python_task_decorator.py took 0.135 seconds
[2025-11-10T09:09:56.083+0000] {processor.py:161} INFO - Started process (PID=9717) to work on /opt/airflow/dags/dags_python_task_decorator.py
[2025-11-10T09:09:56.084+0000] {processor.py:830} INFO - Processing file /opt/airflow/dags/dags_python_task_decorator.py for tasks to queue
[2025-11-10T09:09:56.086+0000] {logging_mixin.py:188} INFO - [2025-11-10T09:09:56.085+0000] {dagbag.py:538} INFO - Filling up the DagBag from /opt/airflow/dags/dags_python_task_decorator.py
[2025-11-10T09:09:56.109+0000] {processor.py:840} INFO - DAG(s) 'dags_python_task_Decorator' retrieved from /opt/airflow/dags/dags_python_task_decorator.py
[2025-11-10T09:09:56.136+0000] {logging_mixin.py:188} INFO - [2025-11-10T09:09:56.136+0000] {dag.py:3036} INFO - Sync 1 DAGs
[2025-11-10T09:09:56.164+0000] {logging_mixin.py:188} INFO - [2025-11-10T09:09:56.164+0000] {dag.py:3823} INFO - Setting next_dagrun for dags_python_task_Decorator to 2025-11-09 17:00:00+00:00, run_after=2025-11-16 17:00:00+00:00
[2025-11-10T09:09:56.197+0000] {processor.py:183} INFO - Processing /opt/airflow/dags/dags_python_task_decorator.py took 0.119 seconds
[2025-11-10T09:10:26.339+0000] {processor.py:161} INFO - Started process (PID=9776) to work on /opt/airflow/dags/dags_python_task_decorator.py
[2025-11-10T09:10:26.341+0000] {processor.py:830} INFO - Processing file /opt/airflow/dags/dags_python_task_decorator.py for tasks to queue
[2025-11-10T09:10:26.343+0000] {logging_mixin.py:188} INFO - [2025-11-10T09:10:26.342+0000] {dagbag.py:538} INFO - Filling up the DagBag from /opt/airflow/dags/dags_python_task_decorator.py
[2025-11-10T09:10:26.368+0000] {processor.py:840} INFO - DAG(s) 'dags_python_task_Decorator' retrieved from /opt/airflow/dags/dags_python_task_decorator.py
[2025-11-10T09:10:26.392+0000] {logging_mixin.py:188} INFO - [2025-11-10T09:10:26.392+0000] {dag.py:3036} INFO - Sync 1 DAGs
[2025-11-10T09:10:26.419+0000] {logging_mixin.py:188} INFO - [2025-11-10T09:10:26.419+0000] {dag.py:3823} INFO - Setting next_dagrun for dags_python_task_Decorator to 2025-11-09 17:00:00+00:00, run_after=2025-11-16 17:00:00+00:00
[2025-11-10T09:10:26.457+0000] {processor.py:183} INFO - Processing /opt/airflow/dags/dags_python_task_decorator.py took 0.122 seconds
[2025-11-10T09:10:56.568+0000] {processor.py:161} INFO - Started process (PID=9835) to work on /opt/airflow/dags/dags_python_task_decorator.py
[2025-11-10T09:10:56.570+0000] {processor.py:830} INFO - Processing file /opt/airflow/dags/dags_python_task_decorator.py for tasks to queue
[2025-11-10T09:10:56.571+0000] {logging_mixin.py:188} INFO - [2025-11-10T09:10:56.571+0000] {dagbag.py:538} INFO - Filling up the DagBag from /opt/airflow/dags/dags_python_task_decorator.py
[2025-11-10T09:10:56.593+0000] {processor.py:840} INFO - DAG(s) 'dags_python_task_Decorator' retrieved from /opt/airflow/dags/dags_python_task_decorator.py
[2025-11-10T09:10:56.620+0000] {logging_mixin.py:188} INFO - [2025-11-10T09:10:56.620+0000] {dag.py:3036} INFO - Sync 1 DAGs
[2025-11-10T09:10:56.649+0000] {logging_mixin.py:188} INFO - [2025-11-10T09:10:56.648+0000] {dag.py:3823} INFO - Setting next_dagrun for dags_python_task_Decorator to 2025-11-09 17:00:00+00:00, run_after=2025-11-16 17:00:00+00:00
[2025-11-10T09:10:56.675+0000] {processor.py:183} INFO - Processing /opt/airflow/dags/dags_python_task_decorator.py took 0.112 seconds
[2025-11-10T09:11:27.010+0000] {processor.py:161} INFO - Started process (PID=9894) to work on /opt/airflow/dags/dags_python_task_decorator.py
[2025-11-10T09:11:27.011+0000] {processor.py:830} INFO - Processing file /opt/airflow/dags/dags_python_task_decorator.py for tasks to queue
[2025-11-10T09:11:27.013+0000] {logging_mixin.py:188} INFO - [2025-11-10T09:11:27.012+0000] {dagbag.py:538} INFO - Filling up the DagBag from /opt/airflow/dags/dags_python_task_decorator.py
[2025-11-10T09:11:27.037+0000] {processor.py:840} INFO - DAG(s) 'dags_python_task_Decorator' retrieved from /opt/airflow/dags/dags_python_task_decorator.py
[2025-11-10T09:11:27.085+0000] {logging_mixin.py:188} INFO - [2025-11-10T09:11:27.085+0000] {dag.py:3036} INFO - Sync 1 DAGs
[2025-11-10T09:11:27.143+0000] {logging_mixin.py:188} INFO - [2025-11-10T09:11:27.142+0000] {dag.py:3823} INFO - Setting next_dagrun for dags_python_task_Decorator to 2025-11-09 17:00:00+00:00, run_after=2025-11-16 17:00:00+00:00
[2025-11-10T09:11:27.196+0000] {processor.py:183} INFO - Processing /opt/airflow/dags/dags_python_task_decorator.py took 0.191 seconds
[2025-11-10T09:11:57.364+0000] {processor.py:161} INFO - Started process (PID=9953) to work on /opt/airflow/dags/dags_python_task_decorator.py
[2025-11-10T09:11:57.365+0000] {processor.py:830} INFO - Processing file /opt/airflow/dags/dags_python_task_decorator.py for tasks to queue
[2025-11-10T09:11:57.367+0000] {logging_mixin.py:188} INFO - [2025-11-10T09:11:57.366+0000] {dagbag.py:538} INFO - Filling up the DagBag from /opt/airflow/dags/dags_python_task_decorator.py
[2025-11-10T09:11:57.404+0000] {processor.py:840} INFO - DAG(s) 'dags_python_task_Decorator' retrieved from /opt/airflow/dags/dags_python_task_decorator.py
[2025-11-10T09:11:57.456+0000] {logging_mixin.py:188} INFO - [2025-11-10T09:11:57.455+0000] {dag.py:3036} INFO - Sync 1 DAGs
[2025-11-10T09:11:57.508+0000] {logging_mixin.py:188} INFO - [2025-11-10T09:11:57.507+0000] {dag.py:3823} INFO - Setting next_dagrun for dags_python_task_Decorator to 2025-11-09 17:00:00+00:00, run_after=2025-11-16 17:00:00+00:00
[2025-11-10T09:11:57.551+0000] {processor.py:183} INFO - Processing /opt/airflow/dags/dags_python_task_decorator.py took 0.192 seconds
[2025-11-10T09:12:28.147+0000] {processor.py:161} INFO - Started process (PID=10012) to work on /opt/airflow/dags/dags_python_task_decorator.py
[2025-11-10T09:12:28.149+0000] {processor.py:830} INFO - Processing file /opt/airflow/dags/dags_python_task_decorator.py for tasks to queue
[2025-11-10T09:12:28.151+0000] {logging_mixin.py:188} INFO - [2025-11-10T09:12:28.151+0000] {dagbag.py:538} INFO - Filling up the DagBag from /opt/airflow/dags/dags_python_task_decorator.py
[2025-11-10T09:12:28.180+0000] {processor.py:840} INFO - DAG(s) 'dags_python_task_Decorator' retrieved from /opt/airflow/dags/dags_python_task_decorator.py
[2025-11-10T09:12:28.215+0000] {logging_mixin.py:188} INFO - [2025-11-10T09:12:28.215+0000] {dag.py:3036} INFO - Sync 1 DAGs
[2025-11-10T09:12:28.257+0000] {logging_mixin.py:188} INFO - [2025-11-10T09:12:28.256+0000] {dag.py:3823} INFO - Setting next_dagrun for dags_python_task_Decorator to 2025-11-09 17:00:00+00:00, run_after=2025-11-16 17:00:00+00:00
[2025-11-10T09:12:28.301+0000] {processor.py:183} INFO - Processing /opt/airflow/dags/dags_python_task_decorator.py took 0.163 seconds
[2025-11-10T09:12:58.610+0000] {processor.py:161} INFO - Started process (PID=10071) to work on /opt/airflow/dags/dags_python_task_decorator.py
[2025-11-10T09:12:58.611+0000] {processor.py:830} INFO - Processing file /opt/airflow/dags/dags_python_task_decorator.py for tasks to queue
[2025-11-10T09:12:58.613+0000] {logging_mixin.py:188} INFO - [2025-11-10T09:12:58.612+0000] {dagbag.py:538} INFO - Filling up the DagBag from /opt/airflow/dags/dags_python_task_decorator.py
[2025-11-10T09:12:58.648+0000] {processor.py:840} INFO - DAG(s) 'dags_python_task_Decorator' retrieved from /opt/airflow/dags/dags_python_task_decorator.py
[2025-11-10T09:12:58.681+0000] {logging_mixin.py:188} INFO - [2025-11-10T09:12:58.681+0000] {dag.py:3036} INFO - Sync 1 DAGs
[2025-11-10T09:12:58.718+0000] {logging_mixin.py:188} INFO - [2025-11-10T09:12:58.718+0000] {dag.py:3823} INFO - Setting next_dagrun for dags_python_task_Decorator to 2025-11-09 17:00:00+00:00, run_after=2025-11-16 17:00:00+00:00
[2025-11-10T09:12:58.911+0000] {processor.py:183} INFO - Processing /opt/airflow/dags/dags_python_task_decorator.py took 0.307 seconds
[2025-11-10T09:13:29.677+0000] {processor.py:161} INFO - Started process (PID=10130) to work on /opt/airflow/dags/dags_python_task_decorator.py
[2025-11-10T09:13:29.678+0000] {processor.py:830} INFO - Processing file /opt/airflow/dags/dags_python_task_decorator.py for tasks to queue
[2025-11-10T09:13:29.680+0000] {logging_mixin.py:188} INFO - [2025-11-10T09:13:29.679+0000] {dagbag.py:538} INFO - Filling up the DagBag from /opt/airflow/dags/dags_python_task_decorator.py
[2025-11-10T09:13:29.710+0000] {processor.py:840} INFO - DAG(s) 'dags_python_task_Decorator' retrieved from /opt/airflow/dags/dags_python_task_decorator.py
[2025-11-10T09:13:29.743+0000] {logging_mixin.py:188} INFO - [2025-11-10T09:13:29.743+0000] {dag.py:3036} INFO - Sync 1 DAGs
[2025-11-10T09:13:29.775+0000] {logging_mixin.py:188} INFO - [2025-11-10T09:13:29.775+0000] {dag.py:3823} INFO - Setting next_dagrun for dags_python_task_Decorator to 2025-11-09 17:00:00+00:00, run_after=2025-11-16 17:00:00+00:00
[2025-11-10T09:13:29.813+0000] {processor.py:183} INFO - Processing /opt/airflow/dags/dags_python_task_decorator.py took 0.140 seconds
[2025-11-10T09:14:00.832+0000] {processor.py:161} INFO - Started process (PID=10190) to work on /opt/airflow/dags/dags_python_task_decorator.py
[2025-11-10T09:14:00.834+0000] {processor.py:830} INFO - Processing file /opt/airflow/dags/dags_python_task_decorator.py for tasks to queue
[2025-11-10T09:14:00.836+0000] {logging_mixin.py:188} INFO - [2025-11-10T09:14:00.835+0000] {dagbag.py:538} INFO - Filling up the DagBag from /opt/airflow/dags/dags_python_task_decorator.py
[2025-11-10T09:14:00.923+0000] {processor.py:840} INFO - DAG(s) 'dags_python_task_Decorator' retrieved from /opt/airflow/dags/dags_python_task_decorator.py
[2025-11-10T09:14:00.953+0000] {logging_mixin.py:188} INFO - [2025-11-10T09:14:00.953+0000] {dag.py:3036} INFO - Sync 1 DAGs
[2025-11-10T09:14:00.985+0000] {logging_mixin.py:188} INFO - [2025-11-10T09:14:00.985+0000] {dag.py:3823} INFO - Setting next_dagrun for dags_python_task_Decorator to 2025-11-09 17:00:00+00:00, run_after=2025-11-16 17:00:00+00:00
[2025-11-10T09:14:01.028+0000] {processor.py:183} INFO - Processing /opt/airflow/dags/dags_python_task_decorator.py took 0.141 seconds
[2025-11-10T09:14:31.738+0000] {processor.py:161} INFO - Started process (PID=10249) to work on /opt/airflow/dags/dags_python_task_decorator.py
[2025-11-10T09:14:31.740+0000] {processor.py:830} INFO - Processing file /opt/airflow/dags/dags_python_task_decorator.py for tasks to queue
[2025-11-10T09:14:31.742+0000] {logging_mixin.py:188} INFO - [2025-11-10T09:14:31.742+0000] {dagbag.py:538} INFO - Filling up the DagBag from /opt/airflow/dags/dags_python_task_decorator.py
[2025-11-10T09:14:31.777+0000] {processor.py:840} INFO - DAG(s) 'dags_python_task_Decorator' retrieved from /opt/airflow/dags/dags_python_task_decorator.py
[2025-11-10T09:14:31.807+0000] {logging_mixin.py:188} INFO - [2025-11-10T09:14:31.807+0000] {dag.py:3036} INFO - Sync 1 DAGs
[2025-11-10T09:14:31.845+0000] {logging_mixin.py:188} INFO - [2025-11-10T09:14:31.844+0000] {dag.py:3823} INFO - Setting next_dagrun for dags_python_task_Decorator to 2025-11-09 17:00:00+00:00, run_after=2025-11-16 17:00:00+00:00
[2025-11-10T09:14:31.883+0000] {processor.py:183} INFO - Processing /opt/airflow/dags/dags_python_task_decorator.py took 0.151 seconds
[2025-11-10T09:15:01.982+0000] {processor.py:161} INFO - Started process (PID=10309) to work on /opt/airflow/dags/dags_python_task_decorator.py
[2025-11-10T09:15:01.984+0000] {processor.py:830} INFO - Processing file /opt/airflow/dags/dags_python_task_decorator.py for tasks to queue
[2025-11-10T09:15:01.986+0000] {logging_mixin.py:188} INFO - [2025-11-10T09:15:01.985+0000] {dagbag.py:538} INFO - Filling up the DagBag from /opt/airflow/dags/dags_python_task_decorator.py
[2025-11-10T09:15:02.009+0000] {processor.py:840} INFO - DAG(s) 'dags_python_task_Decorator' retrieved from /opt/airflow/dags/dags_python_task_decorator.py
[2025-11-10T09:15:02.038+0000] {logging_mixin.py:188} INFO - [2025-11-10T09:15:02.038+0000] {dag.py:3036} INFO - Sync 1 DAGs
[2025-11-10T09:15:02.071+0000] {logging_mixin.py:188} INFO - [2025-11-10T09:15:02.070+0000] {dag.py:3823} INFO - Setting next_dagrun for dags_python_task_Decorator to 2025-11-09 17:00:00+00:00, run_after=2025-11-16 17:00:00+00:00
[2025-11-10T09:15:02.099+0000] {processor.py:183} INFO - Processing /opt/airflow/dags/dags_python_task_decorator.py took 0.122 seconds
[2025-11-10T09:15:32.516+0000] {processor.py:161} INFO - Started process (PID=10369) to work on /opt/airflow/dags/dags_python_task_decorator.py
[2025-11-10T09:15:32.517+0000] {processor.py:830} INFO - Processing file /opt/airflow/dags/dags_python_task_decorator.py for tasks to queue
[2025-11-10T09:15:32.518+0000] {logging_mixin.py:188} INFO - [2025-11-10T09:15:32.518+0000] {dagbag.py:538} INFO - Filling up the DagBag from /opt/airflow/dags/dags_python_task_decorator.py
[2025-11-10T09:15:32.542+0000] {processor.py:840} INFO - DAG(s) 'dags_python_task_Decorator' retrieved from /opt/airflow/dags/dags_python_task_decorator.py
[2025-11-10T09:15:32.568+0000] {logging_mixin.py:188} INFO - [2025-11-10T09:15:32.568+0000] {dag.py:3036} INFO - Sync 1 DAGs
[2025-11-10T09:15:32.747+0000] {logging_mixin.py:188} INFO - [2025-11-10T09:15:32.747+0000] {dag.py:3823} INFO - Setting next_dagrun for dags_python_task_Decorator to 2025-11-09 17:00:00+00:00, run_after=2025-11-16 17:00:00+00:00
[2025-11-10T09:15:32.782+0000] {processor.py:183} INFO - Processing /opt/airflow/dags/dags_python_task_decorator.py took 0.272 seconds
[2025-11-10T09:16:03.064+0000] {processor.py:161} INFO - Started process (PID=10428) to work on /opt/airflow/dags/dags_python_task_decorator.py
[2025-11-10T09:16:03.065+0000] {processor.py:830} INFO - Processing file /opt/airflow/dags/dags_python_task_decorator.py for tasks to queue
[2025-11-10T09:16:03.067+0000] {logging_mixin.py:188} INFO - [2025-11-10T09:16:03.066+0000] {dagbag.py:538} INFO - Filling up the DagBag from /opt/airflow/dags/dags_python_task_decorator.py
[2025-11-10T09:16:03.093+0000] {processor.py:840} INFO - DAG(s) 'dags_python_task_Decorator' retrieved from /opt/airflow/dags/dags_python_task_decorator.py
[2025-11-10T09:16:03.120+0000] {logging_mixin.py:188} INFO - [2025-11-10T09:16:03.120+0000] {dag.py:3036} INFO - Sync 1 DAGs
[2025-11-10T09:16:03.298+0000] {logging_mixin.py:188} INFO - [2025-11-10T09:16:03.298+0000] {dag.py:3823} INFO - Setting next_dagrun for dags_python_task_Decorator to 2025-11-09 17:00:00+00:00, run_after=2025-11-16 17:00:00+00:00
[2025-11-10T09:16:03.333+0000] {processor.py:183} INFO - Processing /opt/airflow/dags/dags_python_task_decorator.py took 0.274 seconds
[2025-11-10T09:16:34.103+0000] {processor.py:161} INFO - Started process (PID=10488) to work on /opt/airflow/dags/dags_python_task_decorator.py
[2025-11-10T09:16:34.105+0000] {processor.py:830} INFO - Processing file /opt/airflow/dags/dags_python_task_decorator.py for tasks to queue
[2025-11-10T09:16:34.106+0000] {logging_mixin.py:188} INFO - [2025-11-10T09:16:34.106+0000] {dagbag.py:538} INFO - Filling up the DagBag from /opt/airflow/dags/dags_python_task_decorator.py
[2025-11-10T09:16:34.132+0000] {processor.py:840} INFO - DAG(s) 'dags_python_task_Decorator' retrieved from /opt/airflow/dags/dags_python_task_decorator.py
[2025-11-10T09:16:34.159+0000] {logging_mixin.py:188} INFO - [2025-11-10T09:16:34.159+0000] {dag.py:3036} INFO - Sync 1 DAGs
[2025-11-10T09:16:34.187+0000] {logging_mixin.py:188} INFO - [2025-11-10T09:16:34.187+0000] {dag.py:3823} INFO - Setting next_dagrun for dags_python_task_Decorator to 2025-11-09 17:00:00+00:00, run_after=2025-11-16 17:00:00+00:00
[2025-11-10T09:16:34.215+0000] {processor.py:183} INFO - Processing /opt/airflow/dags/dags_python_task_decorator.py took 0.117 seconds
[2025-11-10T09:17:04.763+0000] {processor.py:161} INFO - Started process (PID=10548) to work on /opt/airflow/dags/dags_python_task_decorator.py
[2025-11-10T09:17:04.765+0000] {processor.py:830} INFO - Processing file /opt/airflow/dags/dags_python_task_decorator.py for tasks to queue
[2025-11-10T09:17:04.766+0000] {logging_mixin.py:188} INFO - [2025-11-10T09:17:04.765+0000] {dagbag.py:538} INFO - Filling up the DagBag from /opt/airflow/dags/dags_python_task_decorator.py
[2025-11-10T09:17:04.790+0000] {processor.py:840} INFO - DAG(s) 'dags_python_task_Decorator' retrieved from /opt/airflow/dags/dags_python_task_decorator.py
[2025-11-10T09:17:04.815+0000] {logging_mixin.py:188} INFO - [2025-11-10T09:17:04.815+0000] {dag.py:3036} INFO - Sync 1 DAGs
[2025-11-10T09:17:04.844+0000] {logging_mixin.py:188} INFO - [2025-11-10T09:17:04.844+0000] {dag.py:3823} INFO - Setting next_dagrun for dags_python_task_Decorator to 2025-11-09 17:00:00+00:00, run_after=2025-11-16 17:00:00+00:00
[2025-11-10T09:17:04.879+0000] {processor.py:183} INFO - Processing /opt/airflow/dags/dags_python_task_decorator.py took 0.120 seconds
[2025-11-10T09:17:35.288+0000] {processor.py:161} INFO - Started process (PID=10607) to work on /opt/airflow/dags/dags_python_task_decorator.py
[2025-11-10T09:17:35.294+0000] {processor.py:830} INFO - Processing file /opt/airflow/dags/dags_python_task_decorator.py for tasks to queue
[2025-11-10T09:17:35.298+0000] {logging_mixin.py:188} INFO - [2025-11-10T09:17:35.297+0000] {dagbag.py:538} INFO - Filling up the DagBag from /opt/airflow/dags/dags_python_task_decorator.py
[2025-11-10T09:17:35.349+0000] {processor.py:840} INFO - DAG(s) 'dags_python_task_Decorator' retrieved from /opt/airflow/dags/dags_python_task_decorator.py
[2025-11-10T09:17:35.389+0000] {logging_mixin.py:188} INFO - [2025-11-10T09:17:35.389+0000] {dag.py:3036} INFO - Sync 1 DAGs
[2025-11-10T09:17:35.423+0000] {logging_mixin.py:188} INFO - [2025-11-10T09:17:35.422+0000] {dag.py:3823} INFO - Setting next_dagrun for dags_python_task_Decorator to 2025-11-09 17:00:00+00:00, run_after=2025-11-16 17:00:00+00:00
[2025-11-10T09:17:35.458+0000] {processor.py:183} INFO - Processing /opt/airflow/dags/dags_python_task_decorator.py took 0.177 seconds
[2025-11-10T09:18:05.944+0000] {processor.py:161} INFO - Started process (PID=10666) to work on /opt/airflow/dags/dags_python_task_decorator.py
[2025-11-10T09:18:05.945+0000] {processor.py:830} INFO - Processing file /opt/airflow/dags/dags_python_task_decorator.py for tasks to queue
[2025-11-10T09:18:05.946+0000] {logging_mixin.py:188} INFO - [2025-11-10T09:18:05.946+0000] {dagbag.py:538} INFO - Filling up the DagBag from /opt/airflow/dags/dags_python_task_decorator.py
[2025-11-10T09:18:05.968+0000] {processor.py:840} INFO - DAG(s) 'dags_python_task_Decorator' retrieved from /opt/airflow/dags/dags_python_task_decorator.py
[2025-11-10T09:18:05.992+0000] {logging_mixin.py:188} INFO - [2025-11-10T09:18:05.992+0000] {dag.py:3036} INFO - Sync 1 DAGs
[2025-11-10T09:18:06.022+0000] {logging_mixin.py:188} INFO - [2025-11-10T09:18:06.022+0000] {dag.py:3823} INFO - Setting next_dagrun for dags_python_task_Decorator to 2025-11-09 17:00:00+00:00, run_after=2025-11-16 17:00:00+00:00
[2025-11-10T09:18:06.052+0000] {processor.py:183} INFO - Processing /opt/airflow/dags/dags_python_task_decorator.py took 0.112 seconds
[2025-11-10T09:18:36.111+0000] {processor.py:161} INFO - Started process (PID=10725) to work on /opt/airflow/dags/dags_python_task_decorator.py
[2025-11-10T09:18:36.112+0000] {processor.py:830} INFO - Processing file /opt/airflow/dags/dags_python_task_decorator.py for tasks to queue
[2025-11-10T09:18:36.115+0000] {logging_mixin.py:188} INFO - [2025-11-10T09:18:36.114+0000] {dagbag.py:538} INFO - Filling up the DagBag from /opt/airflow/dags/dags_python_task_decorator.py
[2025-11-10T09:18:36.146+0000] {processor.py:840} INFO - DAG(s) 'dags_python_task_Decorator' retrieved from /opt/airflow/dags/dags_python_task_decorator.py
[2025-11-10T09:18:36.181+0000] {logging_mixin.py:188} INFO - [2025-11-10T09:18:36.181+0000] {dag.py:3036} INFO - Sync 1 DAGs
[2025-11-10T09:18:36.222+0000] {logging_mixin.py:188} INFO - [2025-11-10T09:18:36.222+0000] {dag.py:3823} INFO - Setting next_dagrun for dags_python_task_Decorator to 2025-11-09 17:00:00+00:00, run_after=2025-11-16 17:00:00+00:00
[2025-11-10T09:18:36.257+0000] {processor.py:183} INFO - Processing /opt/airflow/dags/dags_python_task_decorator.py took 0.153 seconds
[2025-11-10T09:19:06.614+0000] {processor.py:161} INFO - Started process (PID=10784) to work on /opt/airflow/dags/dags_python_task_decorator.py
[2025-11-10T09:19:06.616+0000] {processor.py:830} INFO - Processing file /opt/airflow/dags/dags_python_task_decorator.py for tasks to queue
[2025-11-10T09:19:06.618+0000] {logging_mixin.py:188} INFO - [2025-11-10T09:19:06.617+0000] {dagbag.py:538} INFO - Filling up the DagBag from /opt/airflow/dags/dags_python_task_decorator.py
[2025-11-10T09:19:06.650+0000] {processor.py:840} INFO - DAG(s) 'dags_python_task_Decorator' retrieved from /opt/airflow/dags/dags_python_task_decorator.py
[2025-11-10T09:19:06.694+0000] {logging_mixin.py:188} INFO - [2025-11-10T09:19:06.693+0000] {dag.py:3036} INFO - Sync 1 DAGs
[2025-11-10T09:19:06.746+0000] {logging_mixin.py:188} INFO - [2025-11-10T09:19:06.746+0000] {dag.py:3823} INFO - Setting next_dagrun for dags_python_task_Decorator to 2025-11-09 17:00:00+00:00, run_after=2025-11-16 17:00:00+00:00
[2025-11-10T09:19:06.793+0000] {processor.py:183} INFO - Processing /opt/airflow/dags/dags_python_task_decorator.py took 0.186 seconds
[2025-11-10T09:19:36.929+0000] {processor.py:161} INFO - Started process (PID=10842) to work on /opt/airflow/dags/dags_python_task_decorator.py
[2025-11-10T09:19:36.932+0000] {processor.py:830} INFO - Processing file /opt/airflow/dags/dags_python_task_decorator.py for tasks to queue
[2025-11-10T09:19:36.934+0000] {logging_mixin.py:188} INFO - [2025-11-10T09:19:36.933+0000] {dagbag.py:538} INFO - Filling up the DagBag from /opt/airflow/dags/dags_python_task_decorator.py
[2025-11-10T09:19:36.965+0000] {processor.py:840} INFO - DAG(s) 'dags_python_task_Decorator' retrieved from /opt/airflow/dags/dags_python_task_decorator.py
[2025-11-10T09:19:37.017+0000] {logging_mixin.py:188} INFO - [2025-11-10T09:19:37.016+0000] {dag.py:3036} INFO - Sync 1 DAGs
[2025-11-10T09:19:37.084+0000] {logging_mixin.py:188} INFO - [2025-11-10T09:19:37.084+0000] {dag.py:3823} INFO - Setting next_dagrun for dags_python_task_Decorator to 2025-11-09 17:00:00+00:00, run_after=2025-11-16 17:00:00+00:00
[2025-11-10T09:19:37.133+0000] {processor.py:183} INFO - Processing /opt/airflow/dags/dags_python_task_decorator.py took 0.210 seconds
[2025-11-10T09:20:08.022+0000] {processor.py:161} INFO - Started process (PID=10900) to work on /opt/airflow/dags/dags_python_task_decorator.py
[2025-11-10T09:20:08.025+0000] {processor.py:830} INFO - Processing file /opt/airflow/dags/dags_python_task_decorator.py for tasks to queue
[2025-11-10T09:20:08.028+0000] {logging_mixin.py:188} INFO - [2025-11-10T09:20:08.027+0000] {dagbag.py:538} INFO - Filling up the DagBag from /opt/airflow/dags/dags_python_task_decorator.py
[2025-11-10T09:20:08.074+0000] {processor.py:840} INFO - DAG(s) 'dags_python_task_Decorator' retrieved from /opt/airflow/dags/dags_python_task_decorator.py
[2025-11-10T09:20:08.126+0000] {logging_mixin.py:188} INFO - [2025-11-10T09:20:08.125+0000] {dag.py:3036} INFO - Sync 1 DAGs
[2025-11-10T09:20:08.181+0000] {logging_mixin.py:188} INFO - [2025-11-10T09:20:08.180+0000] {dag.py:3823} INFO - Setting next_dagrun for dags_python_task_Decorator to 2025-11-09 17:00:00+00:00, run_after=2025-11-16 17:00:00+00:00
[2025-11-10T09:20:08.222+0000] {processor.py:183} INFO - Processing /opt/airflow/dags/dags_python_task_decorator.py took 0.207 seconds
[2025-11-10T09:20:39.075+0000] {processor.py:161} INFO - Started process (PID=10959) to work on /opt/airflow/dags/dags_python_task_decorator.py
[2025-11-10T09:20:39.076+0000] {processor.py:830} INFO - Processing file /opt/airflow/dags/dags_python_task_decorator.py for tasks to queue
[2025-11-10T09:20:39.078+0000] {logging_mixin.py:188} INFO - [2025-11-10T09:20:39.077+0000] {dagbag.py:538} INFO - Filling up the DagBag from /opt/airflow/dags/dags_python_task_decorator.py
[2025-11-10T09:20:39.106+0000] {processor.py:840} INFO - DAG(s) 'dags_python_task_Decorator' retrieved from /opt/airflow/dags/dags_python_task_decorator.py
[2025-11-10T09:20:39.137+0000] {logging_mixin.py:188} INFO - [2025-11-10T09:20:39.136+0000] {dag.py:3036} INFO - Sync 1 DAGs
[2025-11-10T09:20:39.169+0000] {logging_mixin.py:188} INFO - [2025-11-10T09:20:39.169+0000] {dag.py:3823} INFO - Setting next_dagrun for dags_python_task_Decorator to 2025-11-09 17:00:00+00:00, run_after=2025-11-16 17:00:00+00:00
[2025-11-10T09:20:39.208+0000] {processor.py:183} INFO - Processing /opt/airflow/dags/dags_python_task_decorator.py took 0.138 seconds
[2025-11-10T09:21:09.567+0000] {processor.py:161} INFO - Started process (PID=11018) to work on /opt/airflow/dags/dags_python_task_decorator.py
[2025-11-10T09:21:09.569+0000] {processor.py:830} INFO - Processing file /opt/airflow/dags/dags_python_task_decorator.py for tasks to queue
[2025-11-10T09:21:09.571+0000] {logging_mixin.py:188} INFO - [2025-11-10T09:21:09.570+0000] {dagbag.py:538} INFO - Filling up the DagBag from /opt/airflow/dags/dags_python_task_decorator.py
[2025-11-10T09:21:09.603+0000] {processor.py:840} INFO - DAG(s) 'dags_python_task_Decorator' retrieved from /opt/airflow/dags/dags_python_task_decorator.py
[2025-11-10T09:21:09.640+0000] {logging_mixin.py:188} INFO - [2025-11-10T09:21:09.640+0000] {dag.py:3036} INFO - Sync 1 DAGs
[2025-11-10T09:21:09.684+0000] {logging_mixin.py:188} INFO - [2025-11-10T09:21:09.683+0000] {dag.py:3823} INFO - Setting next_dagrun for dags_python_task_Decorator to 2025-11-09 17:00:00+00:00, run_after=2025-11-16 17:00:00+00:00
[2025-11-10T09:21:09.735+0000] {processor.py:183} INFO - Processing /opt/airflow/dags/dags_python_task_decorator.py took 0.174 seconds
[2025-11-10T09:21:39.898+0000] {processor.py:161} INFO - Started process (PID=11077) to work on /opt/airflow/dags/dags_python_task_decorator.py
[2025-11-10T09:21:39.899+0000] {processor.py:830} INFO - Processing file /opt/airflow/dags/dags_python_task_decorator.py for tasks to queue
[2025-11-10T09:21:39.900+0000] {logging_mixin.py:188} INFO - [2025-11-10T09:21:39.900+0000] {dagbag.py:538} INFO - Filling up the DagBag from /opt/airflow/dags/dags_python_task_decorator.py
[2025-11-10T09:21:39.924+0000] {processor.py:840} INFO - DAG(s) 'dags_python_task_Decorator' retrieved from /opt/airflow/dags/dags_python_task_decorator.py
[2025-11-10T09:21:39.949+0000] {logging_mixin.py:188} INFO - [2025-11-10T09:21:39.949+0000] {dag.py:3036} INFO - Sync 1 DAGs
[2025-11-10T09:21:39.977+0000] {logging_mixin.py:188} INFO - [2025-11-10T09:21:39.977+0000] {dag.py:3823} INFO - Setting next_dagrun for dags_python_task_Decorator to 2025-11-09 17:00:00+00:00, run_after=2025-11-16 17:00:00+00:00
[2025-11-10T09:21:40.005+0000] {processor.py:183} INFO - Processing /opt/airflow/dags/dags_python_task_decorator.py took 0.112 seconds
[2025-11-10T09:22:10.349+0000] {processor.py:161} INFO - Started process (PID=11136) to work on /opt/airflow/dags/dags_python_task_decorator.py
[2025-11-10T09:22:10.351+0000] {processor.py:830} INFO - Processing file /opt/airflow/dags/dags_python_task_decorator.py for tasks to queue
[2025-11-10T09:22:10.353+0000] {logging_mixin.py:188} INFO - [2025-11-10T09:22:10.353+0000] {dagbag.py:538} INFO - Filling up the DagBag from /opt/airflow/dags/dags_python_task_decorator.py
[2025-11-10T09:22:10.379+0000] {processor.py:840} INFO - DAG(s) 'dags_python_task_Decorator' retrieved from /opt/airflow/dags/dags_python_task_decorator.py
[2025-11-10T09:22:10.407+0000] {logging_mixin.py:188} INFO - [2025-11-10T09:22:10.407+0000] {dag.py:3036} INFO - Sync 1 DAGs
[2025-11-10T09:22:10.435+0000] {logging_mixin.py:188} INFO - [2025-11-10T09:22:10.435+0000] {dag.py:3823} INFO - Setting next_dagrun for dags_python_task_Decorator to 2025-11-09 17:00:00+00:00, run_after=2025-11-16 17:00:00+00:00
[2025-11-10T09:22:10.473+0000] {processor.py:183} INFO - Processing /opt/airflow/dags/dags_python_task_decorator.py took 0.128 seconds
[2025-11-10T09:22:40.991+0000] {processor.py:161} INFO - Started process (PID=11195) to work on /opt/airflow/dags/dags_python_task_decorator.py
[2025-11-10T09:22:40.993+0000] {processor.py:830} INFO - Processing file /opt/airflow/dags/dags_python_task_decorator.py for tasks to queue
[2025-11-10T09:22:40.994+0000] {logging_mixin.py:188} INFO - [2025-11-10T09:22:40.994+0000] {dagbag.py:538} INFO - Filling up the DagBag from /opt/airflow/dags/dags_python_task_decorator.py
[2025-11-10T09:22:41.017+0000] {processor.py:840} INFO - DAG(s) 'dags_python_task_Decorator' retrieved from /opt/airflow/dags/dags_python_task_decorator.py
[2025-11-10T09:22:41.042+0000] {logging_mixin.py:188} INFO - [2025-11-10T09:22:41.042+0000] {dag.py:3036} INFO - Sync 1 DAGs
[2025-11-10T09:22:41.069+0000] {logging_mixin.py:188} INFO - [2025-11-10T09:22:41.069+0000] {dag.py:3823} INFO - Setting next_dagrun for dags_python_task_Decorator to 2025-11-09 17:00:00+00:00, run_after=2025-11-16 17:00:00+00:00
[2025-11-10T09:22:41.106+0000] {processor.py:183} INFO - Processing /opt/airflow/dags/dags_python_task_decorator.py took 0.119 seconds
[2025-11-10T09:23:11.839+0000] {processor.py:161} INFO - Started process (PID=11254) to work on /opt/airflow/dags/dags_python_task_decorator.py
[2025-11-10T09:23:11.840+0000] {processor.py:830} INFO - Processing file /opt/airflow/dags/dags_python_task_decorator.py for tasks to queue
[2025-11-10T09:23:11.842+0000] {logging_mixin.py:188} INFO - [2025-11-10T09:23:11.841+0000] {dagbag.py:538} INFO - Filling up the DagBag from /opt/airflow/dags/dags_python_task_decorator.py
[2025-11-10T09:23:11.868+0000] {processor.py:840} INFO - DAG(s) 'dags_python_task_Decorator' retrieved from /opt/airflow/dags/dags_python_task_decorator.py
[2025-11-10T09:23:11.895+0000] {logging_mixin.py:188} INFO - [2025-11-10T09:23:11.895+0000] {dag.py:3036} INFO - Sync 1 DAGs
[2025-11-10T09:23:11.933+0000] {logging_mixin.py:188} INFO - [2025-11-10T09:23:11.932+0000] {dag.py:3823} INFO - Setting next_dagrun for dags_python_task_Decorator to 2025-11-09 17:00:00+00:00, run_after=2025-11-16 17:00:00+00:00
[2025-11-10T09:23:11.969+0000] {processor.py:183} INFO - Processing /opt/airflow/dags/dags_python_task_decorator.py took 0.135 seconds
[2025-11-10T09:23:42.901+0000] {processor.py:161} INFO - Started process (PID=11313) to work on /opt/airflow/dags/dags_python_task_decorator.py
[2025-11-10T09:23:42.902+0000] {processor.py:830} INFO - Processing file /opt/airflow/dags/dags_python_task_decorator.py for tasks to queue
[2025-11-10T09:23:42.907+0000] {logging_mixin.py:188} INFO - [2025-11-10T09:23:42.906+0000] {dagbag.py:538} INFO - Filling up the DagBag from /opt/airflow/dags/dags_python_task_decorator.py
[2025-11-10T09:23:42.932+0000] {processor.py:840} INFO - DAG(s) 'dags_python_task_Decorator' retrieved from /opt/airflow/dags/dags_python_task_decorator.py
[2025-11-10T09:23:42.957+0000] {logging_mixin.py:188} INFO - [2025-11-10T09:23:42.956+0000] {dag.py:3036} INFO - Sync 1 DAGs
[2025-11-10T09:23:42.984+0000] {logging_mixin.py:188} INFO - [2025-11-10T09:23:42.983+0000] {dag.py:3823} INFO - Setting next_dagrun for dags_python_task_Decorator to 2025-11-09 17:00:00+00:00, run_after=2025-11-16 17:00:00+00:00
[2025-11-10T09:23:43.011+0000] {processor.py:183} INFO - Processing /opt/airflow/dags/dags_python_task_decorator.py took 0.115 seconds
[2025-11-10T09:24:13.737+0000] {processor.py:161} INFO - Started process (PID=11372) to work on /opt/airflow/dags/dags_python_task_decorator.py
[2025-11-10T09:24:13.738+0000] {processor.py:830} INFO - Processing file /opt/airflow/dags/dags_python_task_decorator.py for tasks to queue
[2025-11-10T09:24:13.739+0000] {logging_mixin.py:188} INFO - [2025-11-10T09:24:13.739+0000] {dagbag.py:538} INFO - Filling up the DagBag from /opt/airflow/dags/dags_python_task_decorator.py
[2025-11-10T09:24:13.764+0000] {processor.py:840} INFO - DAG(s) 'dags_python_task_Decorator' retrieved from /opt/airflow/dags/dags_python_task_decorator.py
[2025-11-10T09:24:13.793+0000] {logging_mixin.py:188} INFO - [2025-11-10T09:24:13.793+0000] {dag.py:3036} INFO - Sync 1 DAGs
[2025-11-10T09:24:13.827+0000] {logging_mixin.py:188} INFO - [2025-11-10T09:24:13.827+0000] {dag.py:3823} INFO - Setting next_dagrun for dags_python_task_Decorator to 2025-11-09 17:00:00+00:00, run_after=2025-11-16 17:00:00+00:00
[2025-11-10T09:24:13.858+0000] {processor.py:183} INFO - Processing /opt/airflow/dags/dags_python_task_decorator.py took 0.127 seconds
[2025-11-10T09:24:44.227+0000] {processor.py:161} INFO - Started process (PID=11431) to work on /opt/airflow/dags/dags_python_task_decorator.py
[2025-11-10T09:24:44.229+0000] {processor.py:830} INFO - Processing file /opt/airflow/dags/dags_python_task_decorator.py for tasks to queue
[2025-11-10T09:24:44.230+0000] {logging_mixin.py:188} INFO - [2025-11-10T09:24:44.230+0000] {dagbag.py:538} INFO - Filling up the DagBag from /opt/airflow/dags/dags_python_task_decorator.py
[2025-11-10T09:24:44.258+0000] {processor.py:840} INFO - DAG(s) 'dags_python_task_Decorator' retrieved from /opt/airflow/dags/dags_python_task_decorator.py
[2025-11-10T09:24:44.289+0000] {logging_mixin.py:188} INFO - [2025-11-10T09:24:44.289+0000] {dag.py:3036} INFO - Sync 1 DAGs
[2025-11-10T09:24:44.329+0000] {logging_mixin.py:188} INFO - [2025-11-10T09:24:44.329+0000] {dag.py:3823} INFO - Setting next_dagrun for dags_python_task_Decorator to 2025-11-09 17:00:00+00:00, run_after=2025-11-16 17:00:00+00:00
[2025-11-10T09:24:44.370+0000] {processor.py:183} INFO - Processing /opt/airflow/dags/dags_python_task_decorator.py took 0.147 seconds
[2025-11-10T09:25:14.622+0000] {processor.py:161} INFO - Started process (PID=11491) to work on /opt/airflow/dags/dags_python_task_decorator.py
[2025-11-10T09:25:14.624+0000] {processor.py:830} INFO - Processing file /opt/airflow/dags/dags_python_task_decorator.py for tasks to queue
[2025-11-10T09:25:14.625+0000] {logging_mixin.py:188} INFO - [2025-11-10T09:25:14.625+0000] {dagbag.py:538} INFO - Filling up the DagBag from /opt/airflow/dags/dags_python_task_decorator.py
[2025-11-10T09:25:14.654+0000] {processor.py:840} INFO - DAG(s) 'dags_python_task_Decorator' retrieved from /opt/airflow/dags/dags_python_task_decorator.py
[2025-11-10T09:25:14.685+0000] {logging_mixin.py:188} INFO - [2025-11-10T09:25:14.685+0000] {dag.py:3036} INFO - Sync 1 DAGs
[2025-11-10T09:25:14.723+0000] {logging_mixin.py:188} INFO - [2025-11-10T09:25:14.723+0000] {dag.py:3823} INFO - Setting next_dagrun for dags_python_task_Decorator to 2025-11-09 17:00:00+00:00, run_after=2025-11-16 17:00:00+00:00
[2025-11-10T09:25:14.754+0000] {processor.py:183} INFO - Processing /opt/airflow/dags/dags_python_task_decorator.py took 0.136 seconds
[2025-11-10T09:25:44.971+0000] {processor.py:161} INFO - Started process (PID=11545) to work on /opt/airflow/dags/dags_python_task_decorator.py
[2025-11-10T09:25:44.972+0000] {processor.py:830} INFO - Processing file /opt/airflow/dags/dags_python_task_decorator.py for tasks to queue
[2025-11-10T09:25:44.974+0000] {logging_mixin.py:188} INFO - [2025-11-10T09:25:44.974+0000] {dagbag.py:538} INFO - Filling up the DagBag from /opt/airflow/dags/dags_python_task_decorator.py
[2025-11-10T09:25:44.998+0000] {processor.py:840} INFO - DAG(s) 'dags_python_task_Decorator' retrieved from /opt/airflow/dags/dags_python_task_decorator.py
[2025-11-10T09:25:45.027+0000] {logging_mixin.py:188} INFO - [2025-11-10T09:25:45.026+0000] {dag.py:3036} INFO - Sync 1 DAGs
[2025-11-10T09:25:45.062+0000] {logging_mixin.py:188} INFO - [2025-11-10T09:25:45.062+0000] {dag.py:3823} INFO - Setting next_dagrun for dags_python_task_Decorator to 2025-11-09 17:00:00+00:00, run_after=2025-11-16 17:00:00+00:00
[2025-11-10T09:25:45.094+0000] {processor.py:183} INFO - Processing /opt/airflow/dags/dags_python_task_decorator.py took 0.129 seconds
[2025-11-10T09:26:15.830+0000] {processor.py:161} INFO - Started process (PID=11604) to work on /opt/airflow/dags/dags_python_task_decorator.py
[2025-11-10T09:26:15.832+0000] {processor.py:830} INFO - Processing file /opt/airflow/dags/dags_python_task_decorator.py for tasks to queue
[2025-11-10T09:26:15.834+0000] {logging_mixin.py:188} INFO - [2025-11-10T09:26:15.833+0000] {dagbag.py:538} INFO - Filling up the DagBag from /opt/airflow/dags/dags_python_task_decorator.py
[2025-11-10T09:26:15.856+0000] {processor.py:840} INFO - DAG(s) 'dags_python_task_Decorator' retrieved from /opt/airflow/dags/dags_python_task_decorator.py
[2025-11-10T09:26:15.882+0000] {logging_mixin.py:188} INFO - [2025-11-10T09:26:15.882+0000] {dag.py:3036} INFO - Sync 1 DAGs
[2025-11-10T09:26:15.916+0000] {logging_mixin.py:188} INFO - [2025-11-10T09:26:15.916+0000] {dag.py:3823} INFO - Setting next_dagrun for dags_python_task_Decorator to 2025-11-09 17:00:00+00:00, run_after=2025-11-16 17:00:00+00:00
[2025-11-10T09:26:15.950+0000] {processor.py:183} INFO - Processing /opt/airflow/dags/dags_python_task_decorator.py took 0.126 seconds
[2025-11-10T09:26:46.422+0000] {processor.py:161} INFO - Started process (PID=11663) to work on /opt/airflow/dags/dags_python_task_decorator.py
[2025-11-10T09:26:46.424+0000] {processor.py:830} INFO - Processing file /opt/airflow/dags/dags_python_task_decorator.py for tasks to queue
[2025-11-10T09:26:46.425+0000] {logging_mixin.py:188} INFO - [2025-11-10T09:26:46.425+0000] {dagbag.py:538} INFO - Filling up the DagBag from /opt/airflow/dags/dags_python_task_decorator.py
[2025-11-10T09:26:46.449+0000] {processor.py:840} INFO - DAG(s) 'dags_python_task_Decorator' retrieved from /opt/airflow/dags/dags_python_task_decorator.py
[2025-11-10T09:26:46.477+0000] {logging_mixin.py:188} INFO - [2025-11-10T09:26:46.476+0000] {dag.py:3036} INFO - Sync 1 DAGs
[2025-11-10T09:26:46.510+0000] {logging_mixin.py:188} INFO - [2025-11-10T09:26:46.509+0000] {dag.py:3823} INFO - Setting next_dagrun for dags_python_task_Decorator to 2025-11-09 17:00:00+00:00, run_after=2025-11-16 17:00:00+00:00
[2025-11-10T09:26:46.543+0000] {processor.py:183} INFO - Processing /opt/airflow/dags/dags_python_task_decorator.py took 0.125 seconds
[2025-11-10T09:27:16.955+0000] {processor.py:161} INFO - Started process (PID=11722) to work on /opt/airflow/dags/dags_python_task_decorator.py
[2025-11-10T09:27:16.956+0000] {processor.py:830} INFO - Processing file /opt/airflow/dags/dags_python_task_decorator.py for tasks to queue
[2025-11-10T09:27:16.958+0000] {logging_mixin.py:188} INFO - [2025-11-10T09:27:16.957+0000] {dagbag.py:538} INFO - Filling up the DagBag from /opt/airflow/dags/dags_python_task_decorator.py
[2025-11-10T09:27:16.980+0000] {processor.py:840} INFO - DAG(s) 'dags_python_task_Decorator' retrieved from /opt/airflow/dags/dags_python_task_decorator.py
[2025-11-10T09:27:17.005+0000] {logging_mixin.py:188} INFO - [2025-11-10T09:27:17.005+0000] {dag.py:3036} INFO - Sync 1 DAGs
[2025-11-10T09:27:17.032+0000] {logging_mixin.py:188} INFO - [2025-11-10T09:27:17.032+0000] {dag.py:3823} INFO - Setting next_dagrun for dags_python_task_Decorator to 2025-11-09 17:00:00+00:00, run_after=2025-11-16 17:00:00+00:00
[2025-11-10T09:27:17.068+0000] {processor.py:183} INFO - Processing /opt/airflow/dags/dags_python_task_decorator.py took 0.118 seconds
[2025-11-10T09:27:47.762+0000] {processor.py:161} INFO - Started process (PID=11781) to work on /opt/airflow/dags/dags_python_task_decorator.py
[2025-11-10T09:27:47.764+0000] {processor.py:830} INFO - Processing file /opt/airflow/dags/dags_python_task_decorator.py for tasks to queue
[2025-11-10T09:27:47.766+0000] {logging_mixin.py:188} INFO - [2025-11-10T09:27:47.766+0000] {dagbag.py:538} INFO - Filling up the DagBag from /opt/airflow/dags/dags_python_task_decorator.py
[2025-11-10T09:27:47.800+0000] {processor.py:840} INFO - DAG(s) 'dags_python_task_Decorator' retrieved from /opt/airflow/dags/dags_python_task_decorator.py
[2025-11-10T09:27:47.825+0000] {logging_mixin.py:188} INFO - [2025-11-10T09:27:47.825+0000] {dag.py:3036} INFO - Sync 1 DAGs
[2025-11-10T09:27:47.851+0000] {logging_mixin.py:188} INFO - [2025-11-10T09:27:47.851+0000] {dag.py:3823} INFO - Setting next_dagrun for dags_python_task_Decorator to 2025-11-09 17:00:00+00:00, run_after=2025-11-16 17:00:00+00:00
[2025-11-10T09:27:47.885+0000] {processor.py:183} INFO - Processing /opt/airflow/dags/dags_python_task_decorator.py took 0.129 seconds
[2025-11-10T09:28:18.446+0000] {processor.py:161} INFO - Started process (PID=11840) to work on /opt/airflow/dags/dags_python_task_decorator.py
[2025-11-10T09:28:18.447+0000] {processor.py:830} INFO - Processing file /opt/airflow/dags/dags_python_task_decorator.py for tasks to queue
[2025-11-10T09:28:18.449+0000] {logging_mixin.py:188} INFO - [2025-11-10T09:28:18.449+0000] {dagbag.py:538} INFO - Filling up the DagBag from /opt/airflow/dags/dags_python_task_decorator.py
[2025-11-10T09:28:18.473+0000] {processor.py:840} INFO - DAG(s) 'dags_python_task_Decorator' retrieved from /opt/airflow/dags/dags_python_task_decorator.py
[2025-11-10T09:28:18.497+0000] {logging_mixin.py:188} INFO - [2025-11-10T09:28:18.496+0000] {dag.py:3036} INFO - Sync 1 DAGs
[2025-11-10T09:28:18.523+0000] {logging_mixin.py:188} INFO - [2025-11-10T09:28:18.523+0000] {dag.py:3823} INFO - Setting next_dagrun for dags_python_task_Decorator to 2025-11-09 17:00:00+00:00, run_after=2025-11-16 17:00:00+00:00
[2025-11-10T09:28:18.554+0000] {processor.py:183} INFO - Processing /opt/airflow/dags/dags_python_task_decorator.py took 0.112 seconds
[2025-11-10T09:28:49.115+0000] {processor.py:161} INFO - Started process (PID=11899) to work on /opt/airflow/dags/dags_python_task_decorator.py
[2025-11-10T09:28:49.120+0000] {processor.py:830} INFO - Processing file /opt/airflow/dags/dags_python_task_decorator.py for tasks to queue
[2025-11-10T09:28:49.123+0000] {logging_mixin.py:188} INFO - [2025-11-10T09:28:49.122+0000] {dagbag.py:538} INFO - Filling up the DagBag from /opt/airflow/dags/dags_python_task_decorator.py
[2025-11-10T09:28:49.207+0000] {processor.py:840} INFO - DAG(s) 'dags_python_task_Decorator' retrieved from /opt/airflow/dags/dags_python_task_decorator.py
[2025-11-10T09:28:49.273+0000] {logging_mixin.py:188} INFO - [2025-11-10T09:28:49.272+0000] {dag.py:3036} INFO - Sync 1 DAGs
[2025-11-10T09:28:49.344+0000] {logging_mixin.py:188} INFO - [2025-11-10T09:28:49.343+0000] {dag.py:3823} INFO - Setting next_dagrun for dags_python_task_Decorator to 2025-11-09 17:00:00+00:00, run_after=2025-11-16 17:00:00+00:00
[2025-11-10T09:28:49.409+0000] {processor.py:183} INFO - Processing /opt/airflow/dags/dags_python_task_decorator.py took 0.307 seconds
[2025-11-10T09:29:19.557+0000] {processor.py:161} INFO - Started process (PID=11958) to work on /opt/airflow/dags/dags_python_task_decorator.py
[2025-11-10T09:29:19.559+0000] {processor.py:830} INFO - Processing file /opt/airflow/dags/dags_python_task_decorator.py for tasks to queue
[2025-11-10T09:29:19.560+0000] {logging_mixin.py:188} INFO - [2025-11-10T09:29:19.560+0000] {dagbag.py:538} INFO - Filling up the DagBag from /opt/airflow/dags/dags_python_task_decorator.py
[2025-11-10T09:29:19.594+0000] {processor.py:840} INFO - DAG(s) 'dags_python_task_Decorator' retrieved from /opt/airflow/dags/dags_python_task_decorator.py
[2025-11-10T09:29:19.626+0000] {logging_mixin.py:188} INFO - [2025-11-10T09:29:19.625+0000] {dag.py:3036} INFO - Sync 1 DAGs
[2025-11-10T09:29:19.661+0000] {logging_mixin.py:188} INFO - [2025-11-10T09:29:19.660+0000] {dag.py:3823} INFO - Setting next_dagrun for dags_python_task_Decorator to 2025-11-09 17:00:00+00:00, run_after=2025-11-16 17:00:00+00:00
[2025-11-10T09:29:19.690+0000] {processor.py:183} INFO - Processing /opt/airflow/dags/dags_python_task_decorator.py took 0.138 seconds
[2025-11-10T09:29:49.787+0000] {processor.py:161} INFO - Started process (PID=12017) to work on /opt/airflow/dags/dags_python_task_decorator.py
[2025-11-10T09:29:49.790+0000] {processor.py:830} INFO - Processing file /opt/airflow/dags/dags_python_task_decorator.py for tasks to queue
[2025-11-10T09:29:49.793+0000] {logging_mixin.py:188} INFO - [2025-11-10T09:29:49.792+0000] {dagbag.py:538} INFO - Filling up the DagBag from /opt/airflow/dags/dags_python_task_decorator.py
[2025-11-10T09:29:49.849+0000] {processor.py:840} INFO - DAG(s) 'dags_python_task_Decorator' retrieved from /opt/airflow/dags/dags_python_task_decorator.py
[2025-11-10T09:29:49.890+0000] {logging_mixin.py:188} INFO - [2025-11-10T09:29:49.890+0000] {dag.py:3036} INFO - Sync 1 DAGs
[2025-11-10T09:29:49.935+0000] {logging_mixin.py:188} INFO - [2025-11-10T09:29:49.935+0000] {dag.py:3823} INFO - Setting next_dagrun for dags_python_task_Decorator to 2025-11-09 17:00:00+00:00, run_after=2025-11-16 17:00:00+00:00
[2025-11-10T09:29:49.978+0000] {processor.py:183} INFO - Processing /opt/airflow/dags/dags_python_task_decorator.py took 0.202 seconds
[2025-11-10T09:30:20.111+0000] {processor.py:161} INFO - Started process (PID=12076) to work on /opt/airflow/dags/dags_python_task_decorator.py
[2025-11-10T09:30:20.112+0000] {processor.py:830} INFO - Processing file /opt/airflow/dags/dags_python_task_decorator.py for tasks to queue
[2025-11-10T09:30:20.114+0000] {logging_mixin.py:188} INFO - [2025-11-10T09:30:20.113+0000] {dagbag.py:538} INFO - Filling up the DagBag from /opt/airflow/dags/dags_python_task_decorator.py
[2025-11-10T09:30:20.139+0000] {processor.py:840} INFO - DAG(s) 'dags_python_task_Decorator' retrieved from /opt/airflow/dags/dags_python_task_decorator.py
[2025-11-10T09:30:20.165+0000] {logging_mixin.py:188} INFO - [2025-11-10T09:30:20.164+0000] {dag.py:3036} INFO - Sync 1 DAGs
[2025-11-10T09:30:20.195+0000] {logging_mixin.py:188} INFO - [2025-11-10T09:30:20.194+0000] {dag.py:3823} INFO - Setting next_dagrun for dags_python_task_Decorator to 2025-11-09 17:00:00+00:00, run_after=2025-11-16 17:00:00+00:00
[2025-11-10T09:30:20.221+0000] {processor.py:183} INFO - Processing /opt/airflow/dags/dags_python_task_decorator.py took 0.115 seconds
[2025-11-10T09:30:50.488+0000] {processor.py:161} INFO - Started process (PID=12135) to work on /opt/airflow/dags/dags_python_task_decorator.py
[2025-11-10T09:30:50.490+0000] {processor.py:830} INFO - Processing file /opt/airflow/dags/dags_python_task_decorator.py for tasks to queue
[2025-11-10T09:30:50.492+0000] {logging_mixin.py:188} INFO - [2025-11-10T09:30:50.491+0000] {dagbag.py:538} INFO - Filling up the DagBag from /opt/airflow/dags/dags_python_task_decorator.py
[2025-11-10T09:30:50.523+0000] {processor.py:840} INFO - DAG(s) 'dags_python_task_Decorator' retrieved from /opt/airflow/dags/dags_python_task_decorator.py
[2025-11-10T09:30:50.553+0000] {logging_mixin.py:188} INFO - [2025-11-10T09:30:50.553+0000] {dag.py:3036} INFO - Sync 1 DAGs
[2025-11-10T09:30:50.588+0000] {logging_mixin.py:188} INFO - [2025-11-10T09:30:50.587+0000] {dag.py:3823} INFO - Setting next_dagrun for dags_python_task_Decorator to 2025-11-09 17:00:00+00:00, run_after=2025-11-16 17:00:00+00:00
[2025-11-10T09:30:50.618+0000] {processor.py:183} INFO - Processing /opt/airflow/dags/dags_python_task_decorator.py took 0.135 seconds
[2025-11-10T09:31:21.332+0000] {processor.py:161} INFO - Started process (PID=12194) to work on /opt/airflow/dags/dags_python_task_decorator.py
[2025-11-10T09:31:21.335+0000] {processor.py:830} INFO - Processing file /opt/airflow/dags/dags_python_task_decorator.py for tasks to queue
[2025-11-10T09:31:21.337+0000] {logging_mixin.py:188} INFO - [2025-11-10T09:31:21.336+0000] {dagbag.py:538} INFO - Filling up the DagBag from /opt/airflow/dags/dags_python_task_decorator.py
[2025-11-10T09:31:21.362+0000] {processor.py:840} INFO - DAG(s) 'dags_python_task_Decorator' retrieved from /opt/airflow/dags/dags_python_task_decorator.py
[2025-11-10T09:31:21.387+0000] {logging_mixin.py:188} INFO - [2025-11-10T09:31:21.387+0000] {dag.py:3036} INFO - Sync 1 DAGs
[2025-11-10T09:31:21.414+0000] {logging_mixin.py:188} INFO - [2025-11-10T09:31:21.414+0000] {dag.py:3823} INFO - Setting next_dagrun for dags_python_task_Decorator to 2025-11-09 17:00:00+00:00, run_after=2025-11-16 17:00:00+00:00
[2025-11-10T09:31:21.448+0000] {processor.py:183} INFO - Processing /opt/airflow/dags/dags_python_task_decorator.py took 0.120 seconds
[2025-11-10T09:31:51.986+0000] {processor.py:161} INFO - Started process (PID=12253) to work on /opt/airflow/dags/dags_python_task_decorator.py
[2025-11-10T09:31:51.987+0000] {processor.py:830} INFO - Processing file /opt/airflow/dags/dags_python_task_decorator.py for tasks to queue
[2025-11-10T09:31:51.988+0000] {logging_mixin.py:188} INFO - [2025-11-10T09:31:51.988+0000] {dagbag.py:538} INFO - Filling up the DagBag from /opt/airflow/dags/dags_python_task_decorator.py
[2025-11-10T09:31:52.012+0000] {processor.py:840} INFO - DAG(s) 'dags_python_task_Decorator' retrieved from /opt/airflow/dags/dags_python_task_decorator.py
[2025-11-10T09:31:52.038+0000] {logging_mixin.py:188} INFO - [2025-11-10T09:31:52.037+0000] {dag.py:3036} INFO - Sync 1 DAGs
[2025-11-10T09:31:52.068+0000] {logging_mixin.py:188} INFO - [2025-11-10T09:31:52.067+0000] {dag.py:3823} INFO - Setting next_dagrun for dags_python_task_Decorator to 2025-11-09 17:00:00+00:00, run_after=2025-11-16 17:00:00+00:00
[2025-11-10T09:31:52.104+0000] {processor.py:183} INFO - Processing /opt/airflow/dags/dags_python_task_decorator.py took 0.123 seconds
[2025-11-10T09:32:22.594+0000] {processor.py:161} INFO - Started process (PID=12312) to work on /opt/airflow/dags/dags_python_task_decorator.py
[2025-11-10T09:32:22.596+0000] {processor.py:830} INFO - Processing file /opt/airflow/dags/dags_python_task_decorator.py for tasks to queue
[2025-11-10T09:32:22.598+0000] {logging_mixin.py:188} INFO - [2025-11-10T09:32:22.597+0000] {dagbag.py:538} INFO - Filling up the DagBag from /opt/airflow/dags/dags_python_task_decorator.py
[2025-11-10T09:32:22.620+0000] {processor.py:840} INFO - DAG(s) 'dags_python_task_Decorator' retrieved from /opt/airflow/dags/dags_python_task_decorator.py
[2025-11-10T09:32:22.645+0000] {logging_mixin.py:188} INFO - [2025-11-10T09:32:22.645+0000] {dag.py:3036} INFO - Sync 1 DAGs
[2025-11-10T09:32:22.675+0000] {logging_mixin.py:188} INFO - [2025-11-10T09:32:22.674+0000] {dag.py:3823} INFO - Setting next_dagrun for dags_python_task_Decorator to 2025-11-09 17:00:00+00:00, run_after=2025-11-16 17:00:00+00:00
[2025-11-10T09:32:22.709+0000] {processor.py:183} INFO - Processing /opt/airflow/dags/dags_python_task_decorator.py took 0.120 seconds
[2025-11-10T09:32:52.823+0000] {processor.py:161} INFO - Started process (PID=12371) to work on /opt/airflow/dags/dags_python_task_decorator.py
[2025-11-10T09:32:52.824+0000] {processor.py:830} INFO - Processing file /opt/airflow/dags/dags_python_task_decorator.py for tasks to queue
[2025-11-10T09:32:52.826+0000] {logging_mixin.py:188} INFO - [2025-11-10T09:32:52.825+0000] {dagbag.py:538} INFO - Filling up the DagBag from /opt/airflow/dags/dags_python_task_decorator.py
[2025-11-10T09:32:52.853+0000] {processor.py:840} INFO - DAG(s) 'dags_python_task_Decorator' retrieved from /opt/airflow/dags/dags_python_task_decorator.py
[2025-11-10T09:32:52.878+0000] {logging_mixin.py:188} INFO - [2025-11-10T09:32:52.878+0000] {dag.py:3036} INFO - Sync 1 DAGs
[2025-11-10T09:32:52.905+0000] {logging_mixin.py:188} INFO - [2025-11-10T09:32:52.905+0000] {dag.py:3823} INFO - Setting next_dagrun for dags_python_task_Decorator to 2025-11-09 17:00:00+00:00, run_after=2025-11-16 17:00:00+00:00
[2025-11-10T09:32:52.940+0000] {processor.py:183} INFO - Processing /opt/airflow/dags/dags_python_task_decorator.py took 0.122 seconds
[2025-11-10T09:33:23.128+0000] {processor.py:161} INFO - Started process (PID=12430) to work on /opt/airflow/dags/dags_python_task_decorator.py
[2025-11-10T09:33:23.130+0000] {processor.py:830} INFO - Processing file /opt/airflow/dags/dags_python_task_decorator.py for tasks to queue
[2025-11-10T09:33:23.131+0000] {logging_mixin.py:188} INFO - [2025-11-10T09:33:23.131+0000] {dagbag.py:538} INFO - Filling up the DagBag from /opt/airflow/dags/dags_python_task_decorator.py
[2025-11-10T09:33:23.154+0000] {processor.py:840} INFO - DAG(s) 'dags_python_task_Decorator' retrieved from /opt/airflow/dags/dags_python_task_decorator.py
[2025-11-10T09:33:23.179+0000] {logging_mixin.py:188} INFO - [2025-11-10T09:33:23.179+0000] {dag.py:3036} INFO - Sync 1 DAGs
[2025-11-10T09:33:23.206+0000] {logging_mixin.py:188} INFO - [2025-11-10T09:33:23.206+0000] {dag.py:3823} INFO - Setting next_dagrun for dags_python_task_Decorator to 2025-11-09 17:00:00+00:00, run_after=2025-11-16 17:00:00+00:00
[2025-11-10T09:33:23.231+0000] {processor.py:183} INFO - Processing /opt/airflow/dags/dags_python_task_decorator.py took 0.107 seconds
[2025-11-10T09:33:53.986+0000] {processor.py:161} INFO - Started process (PID=12489) to work on /opt/airflow/dags/dags_python_task_decorator.py
[2025-11-10T09:33:53.988+0000] {processor.py:830} INFO - Processing file /opt/airflow/dags/dags_python_task_decorator.py for tasks to queue
[2025-11-10T09:33:53.990+0000] {logging_mixin.py:188} INFO - [2025-11-10T09:33:53.989+0000] {dagbag.py:538} INFO - Filling up the DagBag from /opt/airflow/dags/dags_python_task_decorator.py
[2025-11-10T09:33:54.013+0000] {processor.py:840} INFO - DAG(s) 'dags_python_task_Decorator' retrieved from /opt/airflow/dags/dags_python_task_decorator.py
[2025-11-10T09:33:54.042+0000] {logging_mixin.py:188} INFO - [2025-11-10T09:33:54.042+0000] {dag.py:3036} INFO - Sync 1 DAGs
[2025-11-10T09:33:54.070+0000] {logging_mixin.py:188} INFO - [2025-11-10T09:33:54.069+0000] {dag.py:3823} INFO - Setting next_dagrun for dags_python_task_Decorator to 2025-11-09 17:00:00+00:00, run_after=2025-11-16 17:00:00+00:00
[2025-11-10T09:33:54.098+0000] {processor.py:183} INFO - Processing /opt/airflow/dags/dags_python_task_decorator.py took 0.117 seconds
[2025-11-10T09:34:24.892+0000] {processor.py:161} INFO - Started process (PID=12549) to work on /opt/airflow/dags/dags_python_task_decorator.py
[2025-11-10T09:34:24.894+0000] {processor.py:830} INFO - Processing file /opt/airflow/dags/dags_python_task_decorator.py for tasks to queue
[2025-11-10T09:34:24.895+0000] {logging_mixin.py:188} INFO - [2025-11-10T09:34:24.895+0000] {dagbag.py:538} INFO - Filling up the DagBag from /opt/airflow/dags/dags_python_task_decorator.py
[2025-11-10T09:34:24.918+0000] {processor.py:840} INFO - DAG(s) 'dags_python_task_Decorator' retrieved from /opt/airflow/dags/dags_python_task_decorator.py
[2025-11-10T09:34:24.943+0000] {logging_mixin.py:188} INFO - [2025-11-10T09:34:24.943+0000] {dag.py:3036} INFO - Sync 1 DAGs
[2025-11-10T09:34:24.971+0000] {logging_mixin.py:188} INFO - [2025-11-10T09:34:24.971+0000] {dag.py:3823} INFO - Setting next_dagrun for dags_python_task_Decorator to 2025-11-09 17:00:00+00:00, run_after=2025-11-16 17:00:00+00:00
[2025-11-10T09:34:24.997+0000] {processor.py:183} INFO - Processing /opt/airflow/dags/dags_python_task_decorator.py took 0.109 seconds
[2025-11-10T09:34:55.546+0000] {processor.py:161} INFO - Started process (PID=12608) to work on /opt/airflow/dags/dags_python_task_decorator.py
[2025-11-10T09:34:55.547+0000] {processor.py:830} INFO - Processing file /opt/airflow/dags/dags_python_task_decorator.py for tasks to queue
[2025-11-10T09:34:55.548+0000] {logging_mixin.py:188} INFO - [2025-11-10T09:34:55.548+0000] {dagbag.py:538} INFO - Filling up the DagBag from /opt/airflow/dags/dags_python_task_decorator.py
[2025-11-10T09:34:55.570+0000] {processor.py:840} INFO - DAG(s) 'dags_python_task_Decorator' retrieved from /opt/airflow/dags/dags_python_task_decorator.py
[2025-11-10T09:34:55.596+0000] {logging_mixin.py:188} INFO - [2025-11-10T09:34:55.596+0000] {dag.py:3036} INFO - Sync 1 DAGs
[2025-11-10T09:34:55.623+0000] {logging_mixin.py:188} INFO - [2025-11-10T09:34:55.623+0000] {dag.py:3823} INFO - Setting next_dagrun for dags_python_task_Decorator to 2025-11-09 17:00:00+00:00, run_after=2025-11-16 17:00:00+00:00
[2025-11-10T09:34:55.660+0000] {processor.py:183} INFO - Processing /opt/airflow/dags/dags_python_task_decorator.py took 0.118 seconds
[2025-11-10T09:35:25.743+0000] {processor.py:161} INFO - Started process (PID=12667) to work on /opt/airflow/dags/dags_python_task_decorator.py
[2025-11-10T09:35:25.745+0000] {processor.py:830} INFO - Processing file /opt/airflow/dags/dags_python_task_decorator.py for tasks to queue
[2025-11-10T09:35:25.746+0000] {logging_mixin.py:188} INFO - [2025-11-10T09:35:25.746+0000] {dagbag.py:538} INFO - Filling up the DagBag from /opt/airflow/dags/dags_python_task_decorator.py
[2025-11-10T09:35:25.771+0000] {processor.py:840} INFO - DAG(s) 'dags_python_task_Decorator' retrieved from /opt/airflow/dags/dags_python_task_decorator.py
[2025-11-10T09:35:25.800+0000] {logging_mixin.py:188} INFO - [2025-11-10T09:35:25.800+0000] {dag.py:3036} INFO - Sync 1 DAGs
[2025-11-10T09:35:25.833+0000] {logging_mixin.py:188} INFO - [2025-11-10T09:35:25.833+0000] {dag.py:3823} INFO - Setting next_dagrun for dags_python_task_Decorator to 2025-11-09 17:00:00+00:00, run_after=2025-11-16 17:00:00+00:00
[2025-11-10T09:35:25.871+0000] {processor.py:183} INFO - Processing /opt/airflow/dags/dags_python_task_decorator.py took 0.133 seconds
[2025-11-10T09:35:56.234+0000] {processor.py:161} INFO - Started process (PID=12727) to work on /opt/airflow/dags/dags_python_task_decorator.py
[2025-11-10T09:35:56.240+0000] {processor.py:830} INFO - Processing file /opt/airflow/dags/dags_python_task_decorator.py for tasks to queue
[2025-11-10T09:35:56.250+0000] {logging_mixin.py:188} INFO - [2025-11-10T09:35:56.242+0000] {dagbag.py:538} INFO - Filling up the DagBag from /opt/airflow/dags/dags_python_task_decorator.py
[2025-11-10T09:35:56.341+0000] {processor.py:840} INFO - DAG(s) 'dags_python_task_Decorator' retrieved from /opt/airflow/dags/dags_python_task_decorator.py
[2025-11-10T09:35:56.409+0000] {logging_mixin.py:188} INFO - [2025-11-10T09:35:56.408+0000] {dag.py:3036} INFO - Sync 1 DAGs
[2025-11-10T09:35:56.505+0000] {logging_mixin.py:188} INFO - [2025-11-10T09:35:56.505+0000] {dag.py:3823} INFO - Setting next_dagrun for dags_python_task_Decorator to 2025-11-09 17:00:00+00:00, run_after=2025-11-16 17:00:00+00:00
[2025-11-10T09:35:56.577+0000] {processor.py:183} INFO - Processing /opt/airflow/dags/dags_python_task_decorator.py took 0.363 seconds
[2025-11-10T09:36:27.446+0000] {processor.py:161} INFO - Started process (PID=12792) to work on /opt/airflow/dags/dags_python_task_decorator.py
[2025-11-10T09:36:27.448+0000] {processor.py:830} INFO - Processing file /opt/airflow/dags/dags_python_task_decorator.py for tasks to queue
[2025-11-10T09:36:27.451+0000] {logging_mixin.py:188} INFO - [2025-11-10T09:36:27.450+0000] {dagbag.py:538} INFO - Filling up the DagBag from /opt/airflow/dags/dags_python_task_decorator.py
[2025-11-10T09:36:27.485+0000] {processor.py:840} INFO - DAG(s) 'dags_python_task_Decorator' retrieved from /opt/airflow/dags/dags_python_task_decorator.py
[2025-11-10T09:36:27.526+0000] {logging_mixin.py:188} INFO - [2025-11-10T09:36:27.525+0000] {dag.py:3036} INFO - Sync 1 DAGs
[2025-11-10T09:36:27.574+0000] {logging_mixin.py:188} INFO - [2025-11-10T09:36:27.574+0000] {dag.py:3823} INFO - Setting next_dagrun for dags_python_task_Decorator to 2025-11-09 17:00:00+00:00, run_after=2025-11-16 17:00:00+00:00
[2025-11-10T09:36:27.620+0000] {processor.py:183} INFO - Processing /opt/airflow/dags/dags_python_task_decorator.py took 0.182 seconds
[2025-11-10T09:36:57.911+0000] {processor.py:161} INFO - Started process (PID=12851) to work on /opt/airflow/dags/dags_python_task_decorator.py
[2025-11-10T09:36:57.913+0000] {processor.py:830} INFO - Processing file /opt/airflow/dags/dags_python_task_decorator.py for tasks to queue
[2025-11-10T09:36:57.915+0000] {logging_mixin.py:188} INFO - [2025-11-10T09:36:57.914+0000] {dagbag.py:538} INFO - Filling up the DagBag from /opt/airflow/dags/dags_python_task_decorator.py
[2025-11-10T09:36:57.938+0000] {processor.py:840} INFO - DAG(s) 'dags_python_task_Decorator' retrieved from /opt/airflow/dags/dags_python_task_decorator.py
[2025-11-10T09:36:57.965+0000] {logging_mixin.py:188} INFO - [2025-11-10T09:36:57.965+0000] {dag.py:3036} INFO - Sync 1 DAGs
[2025-11-10T09:36:57.993+0000] {logging_mixin.py:188} INFO - [2025-11-10T09:36:57.993+0000] {dag.py:3823} INFO - Setting next_dagrun for dags_python_task_Decorator to 2025-11-09 17:00:00+00:00, run_after=2025-11-16 17:00:00+00:00
[2025-11-10T09:36:58.023+0000] {processor.py:183} INFO - Processing /opt/airflow/dags/dags_python_task_decorator.py took 0.116 seconds
[2025-11-10T09:37:28.280+0000] {processor.py:161} INFO - Started process (PID=12910) to work on /opt/airflow/dags/dags_python_task_decorator.py
[2025-11-10T09:37:28.281+0000] {processor.py:830} INFO - Processing file /opt/airflow/dags/dags_python_task_decorator.py for tasks to queue
[2025-11-10T09:37:28.283+0000] {logging_mixin.py:188} INFO - [2025-11-10T09:37:28.283+0000] {dagbag.py:538} INFO - Filling up the DagBag from /opt/airflow/dags/dags_python_task_decorator.py
[2025-11-10T09:37:28.305+0000] {processor.py:840} INFO - DAG(s) 'dags_python_task_Decorator' retrieved from /opt/airflow/dags/dags_python_task_decorator.py
[2025-11-10T09:37:28.332+0000] {logging_mixin.py:188} INFO - [2025-11-10T09:37:28.331+0000] {dag.py:3036} INFO - Sync 1 DAGs
[2025-11-10T09:37:28.364+0000] {logging_mixin.py:188} INFO - [2025-11-10T09:37:28.364+0000] {dag.py:3823} INFO - Setting next_dagrun for dags_python_task_Decorator to 2025-11-09 17:00:00+00:00, run_after=2025-11-16 17:00:00+00:00
[2025-11-10T09:37:28.434+0000] {processor.py:183} INFO - Processing /opt/airflow/dags/dags_python_task_decorator.py took 0.159 seconds
[2025-11-10T09:37:59.364+0000] {processor.py:161} INFO - Started process (PID=12969) to work on /opt/airflow/dags/dags_python_task_decorator.py
[2025-11-10T09:37:59.366+0000] {processor.py:830} INFO - Processing file /opt/airflow/dags/dags_python_task_decorator.py for tasks to queue
[2025-11-10T09:37:59.369+0000] {logging_mixin.py:188} INFO - [2025-11-10T09:37:59.368+0000] {dagbag.py:538} INFO - Filling up the DagBag from /opt/airflow/dags/dags_python_task_decorator.py
[2025-11-10T09:37:59.407+0000] {processor.py:840} INFO - DAG(s) 'dags_python_task_Decorator' retrieved from /opt/airflow/dags/dags_python_task_decorator.py
[2025-11-10T09:37:59.450+0000] {logging_mixin.py:188} INFO - [2025-11-10T09:37:59.449+0000] {dag.py:3036} INFO - Sync 1 DAGs
[2025-11-10T09:37:59.489+0000] {logging_mixin.py:188} INFO - [2025-11-10T09:37:59.489+0000] {dag.py:3823} INFO - Setting next_dagrun for dags_python_task_Decorator to 2025-11-09 17:00:00+00:00, run_after=2025-11-16 17:00:00+00:00
[2025-11-10T09:37:59.523+0000] {processor.py:183} INFO - Processing /opt/airflow/dags/dags_python_task_decorator.py took 0.168 seconds
[2025-11-10T09:38:29.712+0000] {processor.py:161} INFO - Started process (PID=13028) to work on /opt/airflow/dags/dags_python_task_decorator.py
[2025-11-10T09:38:29.713+0000] {processor.py:830} INFO - Processing file /opt/airflow/dags/dags_python_task_decorator.py for tasks to queue
[2025-11-10T09:38:29.715+0000] {logging_mixin.py:188} INFO - [2025-11-10T09:38:29.714+0000] {dagbag.py:538} INFO - Filling up the DagBag from /opt/airflow/dags/dags_python_task_decorator.py
[2025-11-10T09:38:29.741+0000] {processor.py:840} INFO - DAG(s) 'dags_python_task_Decorator' retrieved from /opt/airflow/dags/dags_python_task_decorator.py
[2025-11-10T09:38:29.768+0000] {logging_mixin.py:188} INFO - [2025-11-10T09:38:29.767+0000] {dag.py:3036} INFO - Sync 1 DAGs
[2025-11-10T09:38:29.801+0000] {logging_mixin.py:188} INFO - [2025-11-10T09:38:29.801+0000] {dag.py:3823} INFO - Setting next_dagrun for dags_python_task_Decorator to 2025-11-09 17:00:00+00:00, run_after=2025-11-16 17:00:00+00:00
[2025-11-10T09:38:29.838+0000] {processor.py:183} INFO - Processing /opt/airflow/dags/dags_python_task_decorator.py took 0.130 seconds
[2025-11-10T09:39:00.052+0000] {processor.py:161} INFO - Started process (PID=13087) to work on /opt/airflow/dags/dags_python_task_decorator.py
[2025-11-10T09:39:00.053+0000] {processor.py:830} INFO - Processing file /opt/airflow/dags/dags_python_task_decorator.py for tasks to queue
[2025-11-10T09:39:00.055+0000] {logging_mixin.py:188} INFO - [2025-11-10T09:39:00.054+0000] {dagbag.py:538} INFO - Filling up the DagBag from /opt/airflow/dags/dags_python_task_decorator.py
[2025-11-10T09:39:00.078+0000] {processor.py:840} INFO - DAG(s) 'dags_python_task_Decorator' retrieved from /opt/airflow/dags/dags_python_task_decorator.py
[2025-11-10T09:39:00.103+0000] {logging_mixin.py:188} INFO - [2025-11-10T09:39:00.103+0000] {dag.py:3036} INFO - Sync 1 DAGs
[2025-11-10T09:39:00.129+0000] {logging_mixin.py:188} INFO - [2025-11-10T09:39:00.129+0000] {dag.py:3823} INFO - Setting next_dagrun for dags_python_task_Decorator to 2025-11-09 17:00:00+00:00, run_after=2025-11-16 17:00:00+00:00
[2025-11-10T09:39:00.156+0000] {processor.py:183} INFO - Processing /opt/airflow/dags/dags_python_task_decorator.py took 0.108 seconds
[2025-11-10T09:39:30.251+0000] {processor.py:161} INFO - Started process (PID=13146) to work on /opt/airflow/dags/dags_python_task_decorator.py
[2025-11-10T09:39:30.252+0000] {processor.py:830} INFO - Processing file /opt/airflow/dags/dags_python_task_decorator.py for tasks to queue
[2025-11-10T09:39:30.254+0000] {logging_mixin.py:188} INFO - [2025-11-10T09:39:30.253+0000] {dagbag.py:538} INFO - Filling up the DagBag from /opt/airflow/dags/dags_python_task_decorator.py
[2025-11-10T09:39:30.275+0000] {processor.py:840} INFO - DAG(s) 'dags_python_task_Decorator' retrieved from /opt/airflow/dags/dags_python_task_decorator.py
[2025-11-10T09:39:30.302+0000] {logging_mixin.py:188} INFO - [2025-11-10T09:39:30.302+0000] {dag.py:3036} INFO - Sync 1 DAGs
[2025-11-10T09:39:30.331+0000] {logging_mixin.py:188} INFO - [2025-11-10T09:39:30.331+0000] {dag.py:3823} INFO - Setting next_dagrun for dags_python_task_Decorator to 2025-11-09 17:00:00+00:00, run_after=2025-11-16 17:00:00+00:00
[2025-11-10T09:39:30.357+0000] {processor.py:183} INFO - Processing /opt/airflow/dags/dags_python_task_decorator.py took 0.110 seconds
[2025-11-10T09:40:00.708+0000] {processor.py:161} INFO - Started process (PID=13205) to work on /opt/airflow/dags/dags_python_task_decorator.py
[2025-11-10T09:40:00.710+0000] {processor.py:830} INFO - Processing file /opt/airflow/dags/dags_python_task_decorator.py for tasks to queue
[2025-11-10T09:40:00.711+0000] {logging_mixin.py:188} INFO - [2025-11-10T09:40:00.711+0000] {dagbag.py:538} INFO - Filling up the DagBag from /opt/airflow/dags/dags_python_task_decorator.py
[2025-11-10T09:40:00.735+0000] {processor.py:840} INFO - DAG(s) 'dags_python_task_Decorator' retrieved from /opt/airflow/dags/dags_python_task_decorator.py
[2025-11-10T09:40:00.760+0000] {logging_mixin.py:188} INFO - [2025-11-10T09:40:00.760+0000] {dag.py:3036} INFO - Sync 1 DAGs
[2025-11-10T09:40:00.788+0000] {logging_mixin.py:188} INFO - [2025-11-10T09:40:00.788+0000] {dag.py:3823} INFO - Setting next_dagrun for dags_python_task_Decorator to 2025-11-09 17:00:00+00:00, run_after=2025-11-16 17:00:00+00:00
[2025-11-10T09:40:00.815+0000] {processor.py:183} INFO - Processing /opt/airflow/dags/dags_python_task_decorator.py took 0.111 seconds
[2025-11-10T09:40:31.253+0000] {processor.py:161} INFO - Started process (PID=13265) to work on /opt/airflow/dags/dags_python_task_decorator.py
[2025-11-10T09:40:31.255+0000] {processor.py:830} INFO - Processing file /opt/airflow/dags/dags_python_task_decorator.py for tasks to queue
[2025-11-10T09:40:31.256+0000] {logging_mixin.py:188} INFO - [2025-11-10T09:40:31.256+0000] {dagbag.py:538} INFO - Filling up the DagBag from /opt/airflow/dags/dags_python_task_decorator.py
[2025-11-10T09:40:31.278+0000] {processor.py:840} INFO - DAG(s) 'dags_python_task_Decorator' retrieved from /opt/airflow/dags/dags_python_task_decorator.py
[2025-11-10T09:40:31.303+0000] {logging_mixin.py:188} INFO - [2025-11-10T09:40:31.303+0000] {dag.py:3036} INFO - Sync 1 DAGs
[2025-11-10T09:40:31.333+0000] {logging_mixin.py:188} INFO - [2025-11-10T09:40:31.332+0000] {dag.py:3823} INFO - Setting next_dagrun for dags_python_task_Decorator to 2025-11-09 17:00:00+00:00, run_after=2025-11-16 17:00:00+00:00
[2025-11-10T09:40:31.358+0000] {processor.py:183} INFO - Processing /opt/airflow/dags/dags_python_task_decorator.py took 0.110 seconds
[2025-11-10T09:41:01.672+0000] {processor.py:161} INFO - Started process (PID=13324) to work on /opt/airflow/dags/dags_python_task_decorator.py
[2025-11-10T09:41:01.674+0000] {processor.py:830} INFO - Processing file /opt/airflow/dags/dags_python_task_decorator.py for tasks to queue
[2025-11-10T09:41:01.676+0000] {logging_mixin.py:188} INFO - [2025-11-10T09:41:01.676+0000] {dagbag.py:538} INFO - Filling up the DagBag from /opt/airflow/dags/dags_python_task_decorator.py
[2025-11-10T09:41:01.709+0000] {processor.py:840} INFO - DAG(s) 'dags_python_task_Decorator' retrieved from /opt/airflow/dags/dags_python_task_decorator.py
[2025-11-10T09:41:01.751+0000] {logging_mixin.py:188} INFO - [2025-11-10T09:41:01.750+0000] {dag.py:3036} INFO - Sync 1 DAGs
[2025-11-10T09:41:01.817+0000] {logging_mixin.py:188} INFO - [2025-11-10T09:41:01.817+0000] {dag.py:3823} INFO - Setting next_dagrun for dags_python_task_Decorator to 2025-11-09 17:00:00+00:00, run_after=2025-11-16 17:00:00+00:00
[2025-11-10T09:41:01.885+0000] {processor.py:183} INFO - Processing /opt/airflow/dags/dags_python_task_decorator.py took 0.221 seconds
[2025-11-10T09:41:32.037+0000] {processor.py:161} INFO - Started process (PID=13383) to work on /opt/airflow/dags/dags_python_task_decorator.py
[2025-11-10T09:41:32.038+0000] {processor.py:830} INFO - Processing file /opt/airflow/dags/dags_python_task_decorator.py for tasks to queue
[2025-11-10T09:41:32.040+0000] {logging_mixin.py:188} INFO - [2025-11-10T09:41:32.039+0000] {dagbag.py:538} INFO - Filling up the DagBag from /opt/airflow/dags/dags_python_task_decorator.py
[2025-11-10T09:41:32.068+0000] {processor.py:840} INFO - DAG(s) 'dags_python_task_Decorator' retrieved from /opt/airflow/dags/dags_python_task_decorator.py
[2025-11-10T09:41:32.102+0000] {logging_mixin.py:188} INFO - [2025-11-10T09:41:32.101+0000] {dag.py:3036} INFO - Sync 1 DAGs
[2025-11-10T09:41:32.140+0000] {logging_mixin.py:188} INFO - [2025-11-10T09:41:32.140+0000] {dag.py:3823} INFO - Setting next_dagrun for dags_python_task_Decorator to 2025-11-09 17:00:00+00:00, run_after=2025-11-16 17:00:00+00:00
[2025-11-10T09:41:32.180+0000] {processor.py:183} INFO - Processing /opt/airflow/dags/dags_python_task_decorator.py took 0.149 seconds
[2025-11-10T09:42:02.568+0000] {processor.py:161} INFO - Started process (PID=13442) to work on /opt/airflow/dags/dags_python_task_decorator.py
[2025-11-10T09:42:02.570+0000] {processor.py:830} INFO - Processing file /opt/airflow/dags/dags_python_task_decorator.py for tasks to queue
[2025-11-10T09:42:02.572+0000] {logging_mixin.py:188} INFO - [2025-11-10T09:42:02.571+0000] {dagbag.py:538} INFO - Filling up the DagBag from /opt/airflow/dags/dags_python_task_decorator.py
[2025-11-10T09:42:02.603+0000] {processor.py:840} INFO - DAG(s) 'dags_python_task_Decorator' retrieved from /opt/airflow/dags/dags_python_task_decorator.py
[2025-11-10T09:42:02.647+0000] {logging_mixin.py:188} INFO - [2025-11-10T09:42:02.646+0000] {dag.py:3036} INFO - Sync 1 DAGs
[2025-11-10T09:42:02.691+0000] {logging_mixin.py:188} INFO - [2025-11-10T09:42:02.691+0000] {dag.py:3823} INFO - Setting next_dagrun for dags_python_task_Decorator to 2025-11-09 17:00:00+00:00, run_after=2025-11-16 17:00:00+00:00
[2025-11-10T09:42:02.741+0000] {processor.py:183} INFO - Processing /opt/airflow/dags/dags_python_task_decorator.py took 0.179 seconds
[2025-11-10T09:42:33.078+0000] {processor.py:161} INFO - Started process (PID=13501) to work on /opt/airflow/dags/dags_python_task_decorator.py
[2025-11-10T09:42:33.079+0000] {processor.py:830} INFO - Processing file /opt/airflow/dags/dags_python_task_decorator.py for tasks to queue
[2025-11-10T09:42:33.081+0000] {logging_mixin.py:188} INFO - [2025-11-10T09:42:33.081+0000] {dagbag.py:538} INFO - Filling up the DagBag from /opt/airflow/dags/dags_python_task_decorator.py
[2025-11-10T09:42:33.104+0000] {processor.py:840} INFO - DAG(s) 'dags_python_task_Decorator' retrieved from /opt/airflow/dags/dags_python_task_decorator.py
[2025-11-10T09:42:33.130+0000] {logging_mixin.py:188} INFO - [2025-11-10T09:42:33.129+0000] {dag.py:3036} INFO - Sync 1 DAGs
[2025-11-10T09:42:33.158+0000] {logging_mixin.py:188} INFO - [2025-11-10T09:42:33.157+0000] {dag.py:3823} INFO - Setting next_dagrun for dags_python_task_Decorator to 2025-11-09 17:00:00+00:00, run_after=2025-11-16 17:00:00+00:00
[2025-11-10T09:42:33.189+0000] {processor.py:183} INFO - Processing /opt/airflow/dags/dags_python_task_decorator.py took 0.115 seconds
[2025-11-10T09:43:03.312+0000] {processor.py:161} INFO - Started process (PID=13560) to work on /opt/airflow/dags/dags_python_task_decorator.py
[2025-11-10T09:43:03.313+0000] {processor.py:830} INFO - Processing file /opt/airflow/dags/dags_python_task_decorator.py for tasks to queue
[2025-11-10T09:43:03.315+0000] {logging_mixin.py:188} INFO - [2025-11-10T09:43:03.315+0000] {dagbag.py:538} INFO - Filling up the DagBag from /opt/airflow/dags/dags_python_task_decorator.py
[2025-11-10T09:43:03.340+0000] {processor.py:840} INFO - DAG(s) 'dags_python_task_Decorator' retrieved from /opt/airflow/dags/dags_python_task_decorator.py
[2025-11-10T09:43:03.366+0000] {logging_mixin.py:188} INFO - [2025-11-10T09:43:03.366+0000] {dag.py:3036} INFO - Sync 1 DAGs
[2025-11-10T09:43:03.394+0000] {logging_mixin.py:188} INFO - [2025-11-10T09:43:03.394+0000] {dag.py:3823} INFO - Setting next_dagrun for dags_python_task_Decorator to 2025-11-09 17:00:00+00:00, run_after=2025-11-16 17:00:00+00:00
[2025-11-10T09:43:03.428+0000] {processor.py:183} INFO - Processing /opt/airflow/dags/dags_python_task_decorator.py took 0.122 seconds
[2025-11-10T09:43:33.735+0000] {processor.py:161} INFO - Started process (PID=13619) to work on /opt/airflow/dags/dags_python_task_decorator.py
[2025-11-10T09:43:33.744+0000] {processor.py:830} INFO - Processing file /opt/airflow/dags/dags_python_task_decorator.py for tasks to queue
[2025-11-10T09:43:33.745+0000] {logging_mixin.py:188} INFO - [2025-11-10T09:43:33.745+0000] {dagbag.py:538} INFO - Filling up the DagBag from /opt/airflow/dags/dags_python_task_decorator.py
[2025-11-10T09:43:33.770+0000] {processor.py:840} INFO - DAG(s) 'dags_python_task_Decorator' retrieved from /opt/airflow/dags/dags_python_task_decorator.py
[2025-11-10T09:43:33.797+0000] {logging_mixin.py:188} INFO - [2025-11-10T09:43:33.796+0000] {dag.py:3036} INFO - Sync 1 DAGs
[2025-11-10T09:43:33.823+0000] {logging_mixin.py:188} INFO - [2025-11-10T09:43:33.823+0000] {dag.py:3823} INFO - Setting next_dagrun for dags_python_task_Decorator to 2025-11-09 17:00:00+00:00, run_after=2025-11-16 17:00:00+00:00
[2025-11-10T09:43:33.851+0000] {processor.py:183} INFO - Processing /opt/airflow/dags/dags_python_task_decorator.py took 0.121 seconds
[2025-11-10T09:44:04.159+0000] {processor.py:161} INFO - Started process (PID=13678) to work on /opt/airflow/dags/dags_python_task_decorator.py
[2025-11-10T09:44:04.161+0000] {processor.py:830} INFO - Processing file /opt/airflow/dags/dags_python_task_decorator.py for tasks to queue
[2025-11-10T09:44:04.162+0000] {logging_mixin.py:188} INFO - [2025-11-10T09:44:04.162+0000] {dagbag.py:538} INFO - Filling up the DagBag from /opt/airflow/dags/dags_python_task_decorator.py
[2025-11-10T09:44:04.185+0000] {processor.py:840} INFO - DAG(s) 'dags_python_task_Decorator' retrieved from /opt/airflow/dags/dags_python_task_decorator.py
[2025-11-10T09:44:04.212+0000] {logging_mixin.py:188} INFO - [2025-11-10T09:44:04.211+0000] {dag.py:3036} INFO - Sync 1 DAGs
[2025-11-10T09:44:04.244+0000] {logging_mixin.py:188} INFO - [2025-11-10T09:44:04.244+0000] {dag.py:3823} INFO - Setting next_dagrun for dags_python_task_Decorator to 2025-11-09 17:00:00+00:00, run_after=2025-11-16 17:00:00+00:00
[2025-11-10T09:44:04.273+0000] {processor.py:183} INFO - Processing /opt/airflow/dags/dags_python_task_decorator.py took 0.118 seconds
[2025-11-10T09:44:34.397+0000] {processor.py:161} INFO - Started process (PID=13735) to work on /opt/airflow/dags/dags_python_task_decorator.py
[2025-11-10T09:44:34.399+0000] {processor.py:830} INFO - Processing file /opt/airflow/dags/dags_python_task_decorator.py for tasks to queue
[2025-11-10T09:44:34.400+0000] {logging_mixin.py:188} INFO - [2025-11-10T09:44:34.400+0000] {dagbag.py:538} INFO - Filling up the DagBag from /opt/airflow/dags/dags_python_task_decorator.py
[2025-11-10T09:44:34.423+0000] {processor.py:840} INFO - DAG(s) 'dags_python_task_Decorator' retrieved from /opt/airflow/dags/dags_python_task_decorator.py
[2025-11-10T09:44:34.448+0000] {logging_mixin.py:188} INFO - [2025-11-10T09:44:34.447+0000] {dag.py:3036} INFO - Sync 1 DAGs
[2025-11-10T09:44:34.529+0000] {logging_mixin.py:188} INFO - [2025-11-10T09:44:34.529+0000] {dag.py:3823} INFO - Setting next_dagrun for dags_python_task_Decorator to 2025-11-09 17:00:00+00:00, run_after=2025-11-16 17:00:00+00:00
[2025-11-10T09:44:34.555+0000] {processor.py:183} INFO - Processing /opt/airflow/dags/dags_python_task_decorator.py took 0.108 seconds
[2025-11-10T09:45:04.751+0000] {processor.py:161} INFO - Started process (PID=13794) to work on /opt/airflow/dags/dags_python_task_decorator.py
[2025-11-10T09:45:04.753+0000] {processor.py:830} INFO - Processing file /opt/airflow/dags/dags_python_task_decorator.py for tasks to queue
[2025-11-10T09:45:04.755+0000] {logging_mixin.py:188} INFO - [2025-11-10T09:45:04.754+0000] {dagbag.py:538} INFO - Filling up the DagBag from /opt/airflow/dags/dags_python_task_decorator.py
[2025-11-10T09:45:04.776+0000] {processor.py:840} INFO - DAG(s) 'dags_python_task_Decorator' retrieved from /opt/airflow/dags/dags_python_task_decorator.py
[2025-11-10T09:45:04.803+0000] {logging_mixin.py:188} INFO - [2025-11-10T09:45:04.803+0000] {dag.py:3036} INFO - Sync 1 DAGs
[2025-11-10T09:45:04.833+0000] {logging_mixin.py:188} INFO - [2025-11-10T09:45:04.833+0000] {dag.py:3823} INFO - Setting next_dagrun for dags_python_task_Decorator to 2025-11-09 17:00:00+00:00, run_after=2025-11-16 17:00:00+00:00
[2025-11-10T09:45:04.864+0000] {processor.py:183} INFO - Processing /opt/airflow/dags/dags_python_task_decorator.py took 0.117 seconds
[2025-11-10T09:45:35.210+0000] {processor.py:161} INFO - Started process (PID=13853) to work on /opt/airflow/dags/dags_python_task_decorator.py
[2025-11-10T09:45:35.212+0000] {processor.py:830} INFO - Processing file /opt/airflow/dags/dags_python_task_decorator.py for tasks to queue
[2025-11-10T09:45:35.213+0000] {logging_mixin.py:188} INFO - [2025-11-10T09:45:35.213+0000] {dagbag.py:538} INFO - Filling up the DagBag from /opt/airflow/dags/dags_python_task_decorator.py
[2025-11-10T09:45:35.237+0000] {processor.py:840} INFO - DAG(s) 'dags_python_task_Decorator' retrieved from /opt/airflow/dags/dags_python_task_decorator.py
[2025-11-10T09:45:35.263+0000] {logging_mixin.py:188} INFO - [2025-11-10T09:45:35.263+0000] {dag.py:3036} INFO - Sync 1 DAGs
[2025-11-10T09:45:35.293+0000] {logging_mixin.py:188} INFO - [2025-11-10T09:45:35.292+0000] {dag.py:3823} INFO - Setting next_dagrun for dags_python_task_Decorator to 2025-11-09 17:00:00+00:00, run_after=2025-11-16 17:00:00+00:00
[2025-11-10T09:45:35.325+0000] {processor.py:183} INFO - Processing /opt/airflow/dags/dags_python_task_decorator.py took 0.119 seconds
[2025-11-10T09:46:05.422+0000] {processor.py:161} INFO - Started process (PID=13912) to work on /opt/airflow/dags/dags_python_task_decorator.py
[2025-11-10T09:46:05.425+0000] {processor.py:830} INFO - Processing file /opt/airflow/dags/dags_python_task_decorator.py for tasks to queue
[2025-11-10T09:46:05.427+0000] {logging_mixin.py:188} INFO - [2025-11-10T09:46:05.426+0000] {dagbag.py:538} INFO - Filling up the DagBag from /opt/airflow/dags/dags_python_task_decorator.py
[2025-11-10T09:46:05.464+0000] {processor.py:840} INFO - DAG(s) 'dags_python_task_Decorator' retrieved from /opt/airflow/dags/dags_python_task_decorator.py
[2025-11-10T09:46:05.510+0000] {logging_mixin.py:188} INFO - [2025-11-10T09:46:05.510+0000] {dag.py:3036} INFO - Sync 1 DAGs
[2025-11-10T09:46:05.560+0000] {logging_mixin.py:188} INFO - [2025-11-10T09:46:05.560+0000] {dag.py:3823} INFO - Setting next_dagrun for dags_python_task_Decorator to 2025-11-09 17:00:00+00:00, run_after=2025-11-16 17:00:00+00:00
[2025-11-10T09:46:05.604+0000] {processor.py:183} INFO - Processing /opt/airflow/dags/dags_python_task_decorator.py took 0.189 seconds
[2025-11-10T09:46:35.745+0000] {processor.py:161} INFO - Started process (PID=13971) to work on /opt/airflow/dags/dags_python_task_decorator.py
[2025-11-10T09:46:35.747+0000] {processor.py:830} INFO - Processing file /opt/airflow/dags/dags_python_task_decorator.py for tasks to queue
[2025-11-10T09:46:35.748+0000] {logging_mixin.py:188} INFO - [2025-11-10T09:46:35.747+0000] {dagbag.py:538} INFO - Filling up the DagBag from /opt/airflow/dags/dags_python_task_decorator.py
[2025-11-10T09:46:35.772+0000] {processor.py:840} INFO - DAG(s) 'dags_python_task_Decorator' retrieved from /opt/airflow/dags/dags_python_task_decorator.py
[2025-11-10T09:46:35.799+0000] {logging_mixin.py:188} INFO - [2025-11-10T09:46:35.798+0000] {dag.py:3036} INFO - Sync 1 DAGs
[2025-11-10T09:46:35.829+0000] {logging_mixin.py:188} INFO - [2025-11-10T09:46:35.829+0000] {dag.py:3823} INFO - Setting next_dagrun for dags_python_task_Decorator to 2025-11-09 17:00:00+00:00, run_after=2025-11-16 17:00:00+00:00
[2025-11-10T09:46:35.857+0000] {processor.py:183} INFO - Processing /opt/airflow/dags/dags_python_task_decorator.py took 0.116 seconds
[2025-11-10T09:47:06.108+0000] {processor.py:161} INFO - Started process (PID=14030) to work on /opt/airflow/dags/dags_python_task_decorator.py
[2025-11-10T09:47:06.109+0000] {processor.py:830} INFO - Processing file /opt/airflow/dags/dags_python_task_decorator.py for tasks to queue
[2025-11-10T09:47:06.111+0000] {logging_mixin.py:188} INFO - [2025-11-10T09:47:06.111+0000] {dagbag.py:538} INFO - Filling up the DagBag from /opt/airflow/dags/dags_python_task_decorator.py
[2025-11-10T09:47:06.136+0000] {processor.py:840} INFO - DAG(s) 'dags_python_task_Decorator' retrieved from /opt/airflow/dags/dags_python_task_decorator.py
[2025-11-10T09:47:06.161+0000] {logging_mixin.py:188} INFO - [2025-11-10T09:47:06.161+0000] {dag.py:3036} INFO - Sync 1 DAGs
[2025-11-10T09:47:06.188+0000] {logging_mixin.py:188} INFO - [2025-11-10T09:47:06.188+0000] {dag.py:3823} INFO - Setting next_dagrun for dags_python_task_Decorator to 2025-11-09 17:00:00+00:00, run_after=2025-11-16 17:00:00+00:00
[2025-11-10T09:47:06.223+0000] {processor.py:183} INFO - Processing /opt/airflow/dags/dags_python_task_decorator.py took 0.122 seconds
[2025-11-10T09:47:36.859+0000] {processor.py:161} INFO - Started process (PID=14089) to work on /opt/airflow/dags/dags_python_task_decorator.py
[2025-11-10T09:47:36.861+0000] {processor.py:830} INFO - Processing file /opt/airflow/dags/dags_python_task_decorator.py for tasks to queue
[2025-11-10T09:47:36.863+0000] {logging_mixin.py:188} INFO - [2025-11-10T09:47:36.863+0000] {dagbag.py:538} INFO - Filling up the DagBag from /opt/airflow/dags/dags_python_task_decorator.py
[2025-11-10T09:47:36.890+0000] {processor.py:840} INFO - DAG(s) 'dags_python_task_Decorator' retrieved from /opt/airflow/dags/dags_python_task_decorator.py
[2025-11-10T09:47:36.923+0000] {logging_mixin.py:188} INFO - [2025-11-10T09:47:36.922+0000] {dag.py:3036} INFO - Sync 1 DAGs
[2025-11-10T09:47:36.960+0000] {logging_mixin.py:188} INFO - [2025-11-10T09:47:36.960+0000] {dag.py:3823} INFO - Setting next_dagrun for dags_python_task_Decorator to 2025-11-09 17:00:00+00:00, run_after=2025-11-16 17:00:00+00:00
[2025-11-10T09:47:36.998+0000] {processor.py:183} INFO - Processing /opt/airflow/dags/dags_python_task_decorator.py took 0.146 seconds
[2025-11-10T09:48:07.387+0000] {processor.py:161} INFO - Started process (PID=14148) to work on /opt/airflow/dags/dags_python_task_decorator.py
[2025-11-10T09:48:07.389+0000] {processor.py:830} INFO - Processing file /opt/airflow/dags/dags_python_task_decorator.py for tasks to queue
[2025-11-10T09:48:07.391+0000] {logging_mixin.py:188} INFO - [2025-11-10T09:48:07.391+0000] {dagbag.py:538} INFO - Filling up the DagBag from /opt/airflow/dags/dags_python_task_decorator.py
[2025-11-10T09:48:07.416+0000] {processor.py:840} INFO - DAG(s) 'dags_python_task_Decorator' retrieved from /opt/airflow/dags/dags_python_task_decorator.py
[2025-11-10T09:48:07.441+0000] {logging_mixin.py:188} INFO - [2025-11-10T09:48:07.440+0000] {dag.py:3036} INFO - Sync 1 DAGs
[2025-11-10T09:48:07.468+0000] {logging_mixin.py:188} INFO - [2025-11-10T09:48:07.468+0000] {dag.py:3823} INFO - Setting next_dagrun for dags_python_task_Decorator to 2025-11-09 17:00:00+00:00, run_after=2025-11-16 17:00:00+00:00
[2025-11-10T09:48:07.505+0000] {processor.py:183} INFO - Processing /opt/airflow/dags/dags_python_task_decorator.py took 0.123 seconds
[2025-11-10T09:48:37.718+0000] {processor.py:161} INFO - Started process (PID=14207) to work on /opt/airflow/dags/dags_python_task_decorator.py
[2025-11-10T09:48:37.720+0000] {processor.py:830} INFO - Processing file /opt/airflow/dags/dags_python_task_decorator.py for tasks to queue
[2025-11-10T09:48:37.722+0000] {logging_mixin.py:188} INFO - [2025-11-10T09:48:37.721+0000] {dagbag.py:538} INFO - Filling up the DagBag from /opt/airflow/dags/dags_python_task_decorator.py
[2025-11-10T09:48:37.749+0000] {processor.py:840} INFO - DAG(s) 'dags_python_task_Decorator' retrieved from /opt/airflow/dags/dags_python_task_decorator.py
[2025-11-10T09:48:37.777+0000] {logging_mixin.py:188} INFO - [2025-11-10T09:48:37.777+0000] {dag.py:3036} INFO - Sync 1 DAGs
[2025-11-10T09:48:37.806+0000] {logging_mixin.py:188} INFO - [2025-11-10T09:48:37.806+0000] {dag.py:3823} INFO - Setting next_dagrun for dags_python_task_Decorator to 2025-11-09 17:00:00+00:00, run_after=2025-11-16 17:00:00+00:00
[2025-11-10T09:48:37.841+0000] {processor.py:183} INFO - Processing /opt/airflow/dags/dags_python_task_decorator.py took 0.127 seconds
[2025-11-10T09:49:08.278+0000] {processor.py:161} INFO - Started process (PID=14266) to work on /opt/airflow/dags/dags_python_task_decorator.py
[2025-11-10T09:49:08.279+0000] {processor.py:830} INFO - Processing file /opt/airflow/dags/dags_python_task_decorator.py for tasks to queue
[2025-11-10T09:49:08.281+0000] {logging_mixin.py:188} INFO - [2025-11-10T09:49:08.280+0000] {dagbag.py:538} INFO - Filling up the DagBag from /opt/airflow/dags/dags_python_task_decorator.py
[2025-11-10T09:49:08.304+0000] {processor.py:840} INFO - DAG(s) 'dags_python_task_Decorator' retrieved from /opt/airflow/dags/dags_python_task_decorator.py
[2025-11-10T09:49:08.329+0000] {logging_mixin.py:188} INFO - [2025-11-10T09:49:08.329+0000] {dag.py:3036} INFO - Sync 1 DAGs
[2025-11-10T09:49:08.359+0000] {logging_mixin.py:188} INFO - [2025-11-10T09:49:08.359+0000] {dag.py:3823} INFO - Setting next_dagrun for dags_python_task_Decorator to 2025-11-09 17:00:00+00:00, run_after=2025-11-16 17:00:00+00:00
[2025-11-10T09:49:08.386+0000] {processor.py:183} INFO - Processing /opt/airflow/dags/dags_python_task_decorator.py took 0.113 seconds
[2025-11-10T09:49:38.730+0000] {processor.py:161} INFO - Started process (PID=14325) to work on /opt/airflow/dags/dags_python_task_decorator.py
[2025-11-10T09:49:38.732+0000] {processor.py:830} INFO - Processing file /opt/airflow/dags/dags_python_task_decorator.py for tasks to queue
[2025-11-10T09:49:38.733+0000] {logging_mixin.py:188} INFO - [2025-11-10T09:49:38.733+0000] {dagbag.py:538} INFO - Filling up the DagBag from /opt/airflow/dags/dags_python_task_decorator.py
[2025-11-10T09:49:38.757+0000] {processor.py:840} INFO - DAG(s) 'dags_python_task_Decorator' retrieved from /opt/airflow/dags/dags_python_task_decorator.py
[2025-11-10T09:49:38.786+0000] {logging_mixin.py:188} INFO - [2025-11-10T09:49:38.785+0000] {dag.py:3036} INFO - Sync 1 DAGs
[2025-11-10T09:49:38.816+0000] {logging_mixin.py:188} INFO - [2025-11-10T09:49:38.815+0000] {dag.py:3823} INFO - Setting next_dagrun for dags_python_task_Decorator to 2025-11-09 17:00:00+00:00, run_after=2025-11-16 17:00:00+00:00
[2025-11-10T09:49:38.856+0000] {processor.py:183} INFO - Processing /opt/airflow/dags/dags_python_task_decorator.py took 0.131 seconds
[2025-11-10T09:50:09.062+0000] {processor.py:161} INFO - Started process (PID=14384) to work on /opt/airflow/dags/dags_python_task_decorator.py
[2025-11-10T09:50:09.065+0000] {processor.py:830} INFO - Processing file /opt/airflow/dags/dags_python_task_decorator.py for tasks to queue
[2025-11-10T09:50:09.069+0000] {logging_mixin.py:188} INFO - [2025-11-10T09:50:09.067+0000] {dagbag.py:538} INFO - Filling up the DagBag from /opt/airflow/dags/dags_python_task_decorator.py
[2025-11-10T09:50:09.110+0000] {processor.py:840} INFO - DAG(s) 'dags_python_task_Decorator' retrieved from /opt/airflow/dags/dags_python_task_decorator.py
[2025-11-10T09:50:09.185+0000] {logging_mixin.py:188} INFO - [2025-11-10T09:50:09.185+0000] {dag.py:3036} INFO - Sync 1 DAGs
[2025-11-10T09:50:09.255+0000] {logging_mixin.py:188} INFO - [2025-11-10T09:50:09.254+0000] {dag.py:3823} INFO - Setting next_dagrun for dags_python_task_Decorator to 2025-11-09 17:00:00+00:00, run_after=2025-11-16 17:00:00+00:00
[2025-11-10T09:50:09.306+0000] {processor.py:183} INFO - Processing /opt/airflow/dags/dags_python_task_decorator.py took 0.252 seconds
[2025-11-10T09:50:39.651+0000] {processor.py:161} INFO - Started process (PID=14443) to work on /opt/airflow/dags/dags_python_task_decorator.py
[2025-11-10T09:50:39.653+0000] {processor.py:830} INFO - Processing file /opt/airflow/dags/dags_python_task_decorator.py for tasks to queue
[2025-11-10T09:50:39.659+0000] {logging_mixin.py:188} INFO - [2025-11-10T09:50:39.658+0000] {dagbag.py:538} INFO - Filling up the DagBag from /opt/airflow/dags/dags_python_task_decorator.py
[2025-11-10T09:50:39.709+0000] {processor.py:840} INFO - DAG(s) 'dags_python_task_Decorator' retrieved from /opt/airflow/dags/dags_python_task_decorator.py
[2025-11-10T09:50:39.801+0000] {logging_mixin.py:188} INFO - [2025-11-10T09:50:39.800+0000] {dag.py:3036} INFO - Sync 1 DAGs
[2025-11-10T09:50:39.890+0000] {logging_mixin.py:188} INFO - [2025-11-10T09:50:39.890+0000] {dag.py:3823} INFO - Setting next_dagrun for dags_python_task_Decorator to 2025-11-09 17:00:00+00:00, run_after=2025-11-16 17:00:00+00:00
[2025-11-10T09:50:39.957+0000] {processor.py:183} INFO - Processing /opt/airflow/dags/dags_python_task_decorator.py took 0.316 seconds
[2025-11-10T09:51:10.426+0000] {processor.py:161} INFO - Started process (PID=14502) to work on /opt/airflow/dags/dags_python_task_decorator.py
[2025-11-10T09:51:10.430+0000] {processor.py:830} INFO - Processing file /opt/airflow/dags/dags_python_task_decorator.py for tasks to queue
[2025-11-10T09:51:10.433+0000] {logging_mixin.py:188} INFO - [2025-11-10T09:51:10.432+0000] {dagbag.py:538} INFO - Filling up the DagBag from /opt/airflow/dags/dags_python_task_decorator.py
[2025-11-10T09:51:10.474+0000] {processor.py:840} INFO - DAG(s) 'dags_python_task_Decorator' retrieved from /opt/airflow/dags/dags_python_task_decorator.py
[2025-11-10T09:51:10.540+0000] {logging_mixin.py:188} INFO - [2025-11-10T09:51:10.539+0000] {dag.py:3036} INFO - Sync 1 DAGs
[2025-11-10T09:51:10.611+0000] {logging_mixin.py:188} INFO - [2025-11-10T09:51:10.611+0000] {dag.py:3823} INFO - Setting next_dagrun for dags_python_task_Decorator to 2025-11-09 17:00:00+00:00, run_after=2025-11-16 17:00:00+00:00
[2025-11-10T09:51:10.675+0000] {processor.py:183} INFO - Processing /opt/airflow/dags/dags_python_task_decorator.py took 0.260 seconds
[2025-11-10T09:51:40.851+0000] {processor.py:161} INFO - Started process (PID=14561) to work on /opt/airflow/dags/dags_python_task_decorator.py
[2025-11-10T09:51:40.852+0000] {processor.py:830} INFO - Processing file /opt/airflow/dags/dags_python_task_decorator.py for tasks to queue
[2025-11-10T09:51:40.854+0000] {logging_mixin.py:188} INFO - [2025-11-10T09:51:40.853+0000] {dagbag.py:538} INFO - Filling up the DagBag from /opt/airflow/dags/dags_python_task_decorator.py
[2025-11-10T09:51:40.876+0000] {processor.py:840} INFO - DAG(s) 'dags_python_task_Decorator' retrieved from /opt/airflow/dags/dags_python_task_decorator.py
[2025-11-10T09:51:40.901+0000] {logging_mixin.py:188} INFO - [2025-11-10T09:51:40.901+0000] {dag.py:3036} INFO - Sync 1 DAGs
[2025-11-10T09:51:40.932+0000] {logging_mixin.py:188} INFO - [2025-11-10T09:51:40.931+0000] {dag.py:3823} INFO - Setting next_dagrun for dags_python_task_Decorator to 2025-11-09 17:00:00+00:00, run_after=2025-11-16 17:00:00+00:00
[2025-11-10T09:51:40.958+0000] {processor.py:183} INFO - Processing /opt/airflow/dags/dags_python_task_decorator.py took 0.112 seconds
[2025-11-10T09:52:11.289+0000] {processor.py:161} INFO - Started process (PID=14620) to work on /opt/airflow/dags/dags_python_task_decorator.py
[2025-11-10T09:52:11.290+0000] {processor.py:830} INFO - Processing file /opt/airflow/dags/dags_python_task_decorator.py for tasks to queue
[2025-11-10T09:52:11.292+0000] {logging_mixin.py:188} INFO - [2025-11-10T09:52:11.291+0000] {dagbag.py:538} INFO - Filling up the DagBag from /opt/airflow/dags/dags_python_task_decorator.py
[2025-11-10T09:52:11.314+0000] {processor.py:840} INFO - DAG(s) 'dags_python_task_Decorator' retrieved from /opt/airflow/dags/dags_python_task_decorator.py
[2025-11-10T09:52:11.340+0000] {logging_mixin.py:188} INFO - [2025-11-10T09:52:11.339+0000] {dag.py:3036} INFO - Sync 1 DAGs
[2025-11-10T09:52:11.368+0000] {logging_mixin.py:188} INFO - [2025-11-10T09:52:11.368+0000] {dag.py:3823} INFO - Setting next_dagrun for dags_python_task_Decorator to 2025-11-09 17:00:00+00:00, run_after=2025-11-16 17:00:00+00:00
[2025-11-10T09:52:11.403+0000] {processor.py:183} INFO - Processing /opt/airflow/dags/dags_python_task_decorator.py took 0.118 seconds
[2025-11-10T09:52:42.052+0000] {processor.py:161} INFO - Started process (PID=14679) to work on /opt/airflow/dags/dags_python_task_decorator.py
[2025-11-10T09:52:42.054+0000] {processor.py:830} INFO - Processing file /opt/airflow/dags/dags_python_task_decorator.py for tasks to queue
[2025-11-10T09:52:42.056+0000] {logging_mixin.py:188} INFO - [2025-11-10T09:52:42.056+0000] {dagbag.py:538} INFO - Filling up the DagBag from /opt/airflow/dags/dags_python_task_decorator.py
[2025-11-10T09:52:42.080+0000] {processor.py:840} INFO - DAG(s) 'dags_python_task_Decorator' retrieved from /opt/airflow/dags/dags_python_task_decorator.py
[2025-11-10T09:52:42.109+0000] {logging_mixin.py:188} INFO - [2025-11-10T09:52:42.108+0000] {dag.py:3036} INFO - Sync 1 DAGs
[2025-11-10T09:52:42.142+0000] {logging_mixin.py:188} INFO - [2025-11-10T09:52:42.142+0000] {dag.py:3823} INFO - Setting next_dagrun for dags_python_task_Decorator to 2025-11-09 17:00:00+00:00, run_after=2025-11-16 17:00:00+00:00
[2025-11-10T09:52:42.171+0000] {processor.py:183} INFO - Processing /opt/airflow/dags/dags_python_task_decorator.py took 0.124 seconds
[2025-11-10T09:53:12.578+0000] {processor.py:161} INFO - Started process (PID=14738) to work on /opt/airflow/dags/dags_python_task_decorator.py
[2025-11-10T09:53:12.579+0000] {processor.py:830} INFO - Processing file /opt/airflow/dags/dags_python_task_decorator.py for tasks to queue
[2025-11-10T09:53:12.581+0000] {logging_mixin.py:188} INFO - [2025-11-10T09:53:12.580+0000] {dagbag.py:538} INFO - Filling up the DagBag from /opt/airflow/dags/dags_python_task_decorator.py
[2025-11-10T09:53:12.604+0000] {processor.py:840} INFO - DAG(s) 'dags_python_task_Decorator' retrieved from /opt/airflow/dags/dags_python_task_decorator.py
[2025-11-10T09:53:12.629+0000] {logging_mixin.py:188} INFO - [2025-11-10T09:53:12.629+0000] {dag.py:3036} INFO - Sync 1 DAGs
[2025-11-10T09:53:12.665+0000] {logging_mixin.py:188} INFO - [2025-11-10T09:53:12.665+0000] {dag.py:3823} INFO - Setting next_dagrun for dags_python_task_Decorator to 2025-11-09 17:00:00+00:00, run_after=2025-11-16 17:00:00+00:00
[2025-11-10T09:53:12.702+0000] {processor.py:183} INFO - Processing /opt/airflow/dags/dags_python_task_decorator.py took 0.129 seconds
[2025-11-10T09:53:43.294+0000] {processor.py:161} INFO - Started process (PID=14798) to work on /opt/airflow/dags/dags_python_task_decorator.py
[2025-11-10T09:53:43.296+0000] {processor.py:830} INFO - Processing file /opt/airflow/dags/dags_python_task_decorator.py for tasks to queue
[2025-11-10T09:53:43.298+0000] {logging_mixin.py:188} INFO - [2025-11-10T09:53:43.297+0000] {dagbag.py:538} INFO - Filling up the DagBag from /opt/airflow/dags/dags_python_task_decorator.py
[2025-11-10T09:53:43.323+0000] {processor.py:840} INFO - DAG(s) 'dags_python_task_Decorator' retrieved from /opt/airflow/dags/dags_python_task_decorator.py
[2025-11-10T09:53:43.352+0000] {logging_mixin.py:188} INFO - [2025-11-10T09:53:43.352+0000] {dag.py:3036} INFO - Sync 1 DAGs
[2025-11-10T09:53:43.379+0000] {logging_mixin.py:188} INFO - [2025-11-10T09:53:43.379+0000] {dag.py:3823} INFO - Setting next_dagrun for dags_python_task_Decorator to 2025-11-09 17:00:00+00:00, run_after=2025-11-16 17:00:00+00:00
[2025-11-10T09:53:43.406+0000] {processor.py:183} INFO - Processing /opt/airflow/dags/dags_python_task_decorator.py took 0.117 seconds
[2025-11-10T09:54:14.154+0000] {processor.py:161} INFO - Started process (PID=14857) to work on /opt/airflow/dags/dags_python_task_decorator.py
[2025-11-10T09:54:14.155+0000] {processor.py:830} INFO - Processing file /opt/airflow/dags/dags_python_task_decorator.py for tasks to queue
[2025-11-10T09:54:14.157+0000] {logging_mixin.py:188} INFO - [2025-11-10T09:54:14.156+0000] {dagbag.py:538} INFO - Filling up the DagBag from /opt/airflow/dags/dags_python_task_decorator.py
[2025-11-10T09:54:14.179+0000] {processor.py:840} INFO - DAG(s) 'dags_python_task_Decorator' retrieved from /opt/airflow/dags/dags_python_task_decorator.py
[2025-11-10T09:54:14.203+0000] {logging_mixin.py:188} INFO - [2025-11-10T09:54:14.203+0000] {dag.py:3036} INFO - Sync 1 DAGs
[2025-11-10T09:54:14.235+0000] {logging_mixin.py:188} INFO - [2025-11-10T09:54:14.235+0000] {dag.py:3823} INFO - Setting next_dagrun for dags_python_task_Decorator to 2025-11-09 17:00:00+00:00, run_after=2025-11-16 17:00:00+00:00
[2025-11-10T09:54:14.270+0000] {processor.py:183} INFO - Processing /opt/airflow/dags/dags_python_task_decorator.py took 0.121 seconds
[2025-11-10T09:54:45.028+0000] {processor.py:161} INFO - Started process (PID=14917) to work on /opt/airflow/dags/dags_python_task_decorator.py
[2025-11-10T09:54:45.029+0000] {processor.py:830} INFO - Processing file /opt/airflow/dags/dags_python_task_decorator.py for tasks to queue
[2025-11-10T09:54:45.031+0000] {logging_mixin.py:188} INFO - [2025-11-10T09:54:45.030+0000] {dagbag.py:538} INFO - Filling up the DagBag from /opt/airflow/dags/dags_python_task_decorator.py
[2025-11-10T09:54:45.056+0000] {processor.py:840} INFO - DAG(s) 'dags_python_task_Decorator' retrieved from /opt/airflow/dags/dags_python_task_decorator.py
[2025-11-10T09:54:45.085+0000] {logging_mixin.py:188} INFO - [2025-11-10T09:54:45.085+0000] {dag.py:3036} INFO - Sync 1 DAGs
[2025-11-10T09:54:45.113+0000] {logging_mixin.py:188} INFO - [2025-11-10T09:54:45.112+0000] {dag.py:3823} INFO - Setting next_dagrun for dags_python_task_Decorator to 2025-11-09 17:00:00+00:00, run_after=2025-11-16 17:00:00+00:00
[2025-11-10T09:54:45.152+0000] {processor.py:183} INFO - Processing /opt/airflow/dags/dags_python_task_decorator.py took 0.128 seconds
[2025-11-10T09:55:15.845+0000] {processor.py:161} INFO - Started process (PID=14976) to work on /opt/airflow/dags/dags_python_task_decorator.py
[2025-11-10T09:55:15.848+0000] {processor.py:830} INFO - Processing file /opt/airflow/dags/dags_python_task_decorator.py for tasks to queue
[2025-11-10T09:55:15.851+0000] {logging_mixin.py:188} INFO - [2025-11-10T09:55:15.850+0000] {dagbag.py:538} INFO - Filling up the DagBag from /opt/airflow/dags/dags_python_task_decorator.py
[2025-11-10T09:55:15.898+0000] {processor.py:840} INFO - DAG(s) 'dags_python_task_Decorator' retrieved from /opt/airflow/dags/dags_python_task_decorator.py
[2025-11-10T09:55:15.957+0000] {logging_mixin.py:188} INFO - [2025-11-10T09:55:15.957+0000] {dag.py:3036} INFO - Sync 1 DAGs
[2025-11-10T09:55:16.016+0000] {logging_mixin.py:188} INFO - [2025-11-10T09:55:16.016+0000] {dag.py:3823} INFO - Setting next_dagrun for dags_python_task_Decorator to 2025-11-09 17:00:00+00:00, run_after=2025-11-16 17:00:00+00:00
[2025-11-10T09:55:16.065+0000] {processor.py:183} INFO - Processing /opt/airflow/dags/dags_python_task_decorator.py took 0.231 seconds
[2025-11-10T09:55:46.431+0000] {processor.py:161} INFO - Started process (PID=15035) to work on /opt/airflow/dags/dags_python_task_decorator.py
[2025-11-10T09:55:46.433+0000] {processor.py:830} INFO - Processing file /opt/airflow/dags/dags_python_task_decorator.py for tasks to queue
[2025-11-10T09:55:46.434+0000] {logging_mixin.py:188} INFO - [2025-11-10T09:55:46.434+0000] {dagbag.py:538} INFO - Filling up the DagBag from /opt/airflow/dags/dags_python_task_decorator.py
[2025-11-10T09:55:46.460+0000] {processor.py:840} INFO - DAG(s) 'dags_python_task_Decorator' retrieved from /opt/airflow/dags/dags_python_task_decorator.py
[2025-11-10T09:55:46.487+0000] {logging_mixin.py:188} INFO - [2025-11-10T09:55:46.487+0000] {dag.py:3036} INFO - Sync 1 DAGs
[2025-11-10T09:55:46.514+0000] {logging_mixin.py:188} INFO - [2025-11-10T09:55:46.513+0000] {dag.py:3823} INFO - Setting next_dagrun for dags_python_task_Decorator to 2025-11-09 17:00:00+00:00, run_after=2025-11-16 17:00:00+00:00
[2025-11-10T09:55:46.541+0000] {processor.py:183} INFO - Processing /opt/airflow/dags/dags_python_task_decorator.py took 0.115 seconds
[2025-11-10T09:56:17.091+0000] {processor.py:161} INFO - Started process (PID=15094) to work on /opt/airflow/dags/dags_python_task_decorator.py
[2025-11-10T09:56:17.093+0000] {processor.py:830} INFO - Processing file /opt/airflow/dags/dags_python_task_decorator.py for tasks to queue
[2025-11-10T09:56:17.095+0000] {logging_mixin.py:188} INFO - [2025-11-10T09:56:17.094+0000] {dagbag.py:538} INFO - Filling up the DagBag from /opt/airflow/dags/dags_python_task_decorator.py
[2025-11-10T09:56:17.132+0000] {processor.py:840} INFO - DAG(s) 'dags_python_task_Decorator' retrieved from /opt/airflow/dags/dags_python_task_decorator.py
[2025-11-10T09:56:17.183+0000] {logging_mixin.py:188} INFO - [2025-11-10T09:56:17.183+0000] {dag.py:3036} INFO - Sync 1 DAGs
[2025-11-10T09:56:17.249+0000] {logging_mixin.py:188} INFO - [2025-11-10T09:56:17.248+0000] {dag.py:3823} INFO - Setting next_dagrun for dags_python_task_Decorator to 2025-11-09 17:00:00+00:00, run_after=2025-11-16 17:00:00+00:00
[2025-11-10T09:56:17.307+0000] {processor.py:183} INFO - Processing /opt/airflow/dags/dags_python_task_decorator.py took 0.221 seconds
[2025-11-10T09:56:47.662+0000] {processor.py:161} INFO - Started process (PID=15153) to work on /opt/airflow/dags/dags_python_task_decorator.py
[2025-11-10T09:56:47.663+0000] {processor.py:830} INFO - Processing file /opt/airflow/dags/dags_python_task_decorator.py for tasks to queue
[2025-11-10T09:56:47.665+0000] {logging_mixin.py:188} INFO - [2025-11-10T09:56:47.665+0000] {dagbag.py:538} INFO - Filling up the DagBag from /opt/airflow/dags/dags_python_task_decorator.py
[2025-11-10T09:56:47.689+0000] {processor.py:840} INFO - DAG(s) 'dags_python_task_Decorator' retrieved from /opt/airflow/dags/dags_python_task_decorator.py
[2025-11-10T09:56:47.716+0000] {logging_mixin.py:188} INFO - [2025-11-10T09:56:47.716+0000] {dag.py:3036} INFO - Sync 1 DAGs
[2025-11-10T09:56:47.745+0000] {logging_mixin.py:188} INFO - [2025-11-10T09:56:47.745+0000] {dag.py:3823} INFO - Setting next_dagrun for dags_python_task_Decorator to 2025-11-09 17:00:00+00:00, run_after=2025-11-16 17:00:00+00:00
[2025-11-10T09:56:47.774+0000] {processor.py:183} INFO - Processing /opt/airflow/dags/dags_python_task_decorator.py took 0.118 seconds
[2025-11-10T09:57:18.389+0000] {processor.py:161} INFO - Started process (PID=15212) to work on /opt/airflow/dags/dags_python_task_decorator.py
[2025-11-10T09:57:18.391+0000] {processor.py:830} INFO - Processing file /opt/airflow/dags/dags_python_task_decorator.py for tasks to queue
[2025-11-10T09:57:18.392+0000] {logging_mixin.py:188} INFO - [2025-11-10T09:57:18.392+0000] {dagbag.py:538} INFO - Filling up the DagBag from /opt/airflow/dags/dags_python_task_decorator.py
[2025-11-10T09:57:18.422+0000] {processor.py:840} INFO - DAG(s) 'dags_python_task_Decorator' retrieved from /opt/airflow/dags/dags_python_task_decorator.py
[2025-11-10T09:57:18.452+0000] {logging_mixin.py:188} INFO - [2025-11-10T09:57:18.452+0000] {dag.py:3036} INFO - Sync 1 DAGs
[2025-11-10T09:57:18.488+0000] {logging_mixin.py:188} INFO - [2025-11-10T09:57:18.487+0000] {dag.py:3823} INFO - Setting next_dagrun for dags_python_task_Decorator to 2025-11-09 17:00:00+00:00, run_after=2025-11-16 17:00:00+00:00
[2025-11-10T09:57:18.525+0000] {processor.py:183} INFO - Processing /opt/airflow/dags/dags_python_task_decorator.py took 0.142 seconds
[2025-11-10T09:57:49.034+0000] {processor.py:161} INFO - Started process (PID=15272) to work on /opt/airflow/dags/dags_python_task_decorator.py
[2025-11-10T09:57:49.036+0000] {processor.py:830} INFO - Processing file /opt/airflow/dags/dags_python_task_decorator.py for tasks to queue
[2025-11-10T09:57:49.039+0000] {logging_mixin.py:188} INFO - [2025-11-10T09:57:49.038+0000] {dagbag.py:538} INFO - Filling up the DagBag from /opt/airflow/dags/dags_python_task_decorator.py
[2025-11-10T09:57:49.092+0000] {processor.py:840} INFO - DAG(s) 'dags_python_task_Decorator' retrieved from /opt/airflow/dags/dags_python_task_decorator.py
[2025-11-10T09:57:49.140+0000] {logging_mixin.py:188} INFO - [2025-11-10T09:57:49.139+0000] {dag.py:3036} INFO - Sync 1 DAGs
[2025-11-10T09:57:49.191+0000] {logging_mixin.py:188} INFO - [2025-11-10T09:57:49.191+0000] {dag.py:3823} INFO - Setting next_dagrun for dags_python_task_Decorator to 2025-11-09 17:00:00+00:00, run_after=2025-11-16 17:00:00+00:00
[2025-11-10T09:57:49.253+0000] {processor.py:183} INFO - Processing /opt/airflow/dags/dags_python_task_decorator.py took 0.226 seconds
[2025-11-10T09:58:19.457+0000] {processor.py:161} INFO - Started process (PID=15332) to work on /opt/airflow/dags/dags_python_task_decorator.py
[2025-11-10T09:58:19.459+0000] {processor.py:830} INFO - Processing file /opt/airflow/dags/dags_python_task_decorator.py for tasks to queue
[2025-11-10T09:58:19.460+0000] {logging_mixin.py:188} INFO - [2025-11-10T09:58:19.460+0000] {dagbag.py:538} INFO - Filling up the DagBag from /opt/airflow/dags/dags_python_task_decorator.py
[2025-11-10T09:58:19.484+0000] {processor.py:840} INFO - DAG(s) 'dags_python_task_Decorator' retrieved from /opt/airflow/dags/dags_python_task_decorator.py
[2025-11-10T09:58:19.510+0000] {logging_mixin.py:188} INFO - [2025-11-10T09:58:19.510+0000] {dag.py:3036} INFO - Sync 1 DAGs
[2025-11-10T09:58:19.537+0000] {logging_mixin.py:188} INFO - [2025-11-10T09:58:19.537+0000] {dag.py:3823} INFO - Setting next_dagrun for dags_python_task_Decorator to 2025-11-09 17:00:00+00:00, run_after=2025-11-16 17:00:00+00:00
[2025-11-10T09:58:19.575+0000] {processor.py:183} INFO - Processing /opt/airflow/dags/dags_python_task_decorator.py took 0.122 seconds
[2025-11-10T09:58:50.064+0000] {processor.py:161} INFO - Started process (PID=15391) to work on /opt/airflow/dags/dags_python_task_decorator.py
[2025-11-10T09:58:50.066+0000] {processor.py:830} INFO - Processing file /opt/airflow/dags/dags_python_task_decorator.py for tasks to queue
[2025-11-10T09:58:50.068+0000] {logging_mixin.py:188} INFO - [2025-11-10T09:58:50.067+0000] {dagbag.py:538} INFO - Filling up the DagBag from /opt/airflow/dags/dags_python_task_decorator.py
[2025-11-10T09:58:50.105+0000] {processor.py:840} INFO - DAG(s) 'dags_python_task_Decorator' retrieved from /opt/airflow/dags/dags_python_task_decorator.py
[2025-11-10T09:58:50.144+0000] {logging_mixin.py:188} INFO - [2025-11-10T09:58:50.143+0000] {dag.py:3036} INFO - Sync 1 DAGs
[2025-11-10T09:58:50.184+0000] {logging_mixin.py:188} INFO - [2025-11-10T09:58:50.183+0000] {dag.py:3823} INFO - Setting next_dagrun for dags_python_task_Decorator to 2025-11-09 17:00:00+00:00, run_after=2025-11-16 17:00:00+00:00
[2025-11-10T09:58:50.223+0000] {processor.py:183} INFO - Processing /opt/airflow/dags/dags_python_task_decorator.py took 0.168 seconds
[2025-11-10T09:59:20.459+0000] {processor.py:161} INFO - Started process (PID=15450) to work on /opt/airflow/dags/dags_python_task_decorator.py
[2025-11-10T09:59:20.461+0000] {processor.py:830} INFO - Processing file /opt/airflow/dags/dags_python_task_decorator.py for tasks to queue
[2025-11-10T09:59:20.466+0000] {logging_mixin.py:188} INFO - [2025-11-10T09:59:20.465+0000] {dagbag.py:538} INFO - Filling up the DagBag from /opt/airflow/dags/dags_python_task_decorator.py
[2025-11-10T09:59:20.506+0000] {processor.py:840} INFO - DAG(s) 'dags_python_task_Decorator' retrieved from /opt/airflow/dags/dags_python_task_decorator.py
[2025-11-10T09:59:20.546+0000] {logging_mixin.py:188} INFO - [2025-11-10T09:59:20.546+0000] {dag.py:3036} INFO - Sync 1 DAGs
[2025-11-10T09:59:20.595+0000] {logging_mixin.py:188} INFO - [2025-11-10T09:59:20.594+0000] {dag.py:3823} INFO - Setting next_dagrun for dags_python_task_Decorator to 2025-11-09 17:00:00+00:00, run_after=2025-11-16 17:00:00+00:00
[2025-11-10T09:59:20.643+0000] {processor.py:183} INFO - Processing /opt/airflow/dags/dags_python_task_decorator.py took 0.192 seconds
[2025-11-10T09:59:51.399+0000] {processor.py:161} INFO - Started process (PID=15509) to work on /opt/airflow/dags/dags_python_task_decorator.py
[2025-11-10T09:59:51.408+0000] {processor.py:830} INFO - Processing file /opt/airflow/dags/dags_python_task_decorator.py for tasks to queue
[2025-11-10T09:59:51.413+0000] {logging_mixin.py:188} INFO - [2025-11-10T09:59:51.412+0000] {dagbag.py:538} INFO - Filling up the DagBag from /opt/airflow/dags/dags_python_task_decorator.py
[2025-11-10T09:59:51.475+0000] {processor.py:840} INFO - DAG(s) 'dags_python_task_Decorator' retrieved from /opt/airflow/dags/dags_python_task_decorator.py
[2025-11-10T09:59:51.569+0000] {logging_mixin.py:188} INFO - [2025-11-10T09:59:51.568+0000] {dag.py:3036} INFO - Sync 1 DAGs
[2025-11-10T09:59:51.646+0000] {logging_mixin.py:188} INFO - [2025-11-10T09:59:51.645+0000] {dag.py:3823} INFO - Setting next_dagrun for dags_python_task_Decorator to 2025-11-09 17:00:00+00:00, run_after=2025-11-16 17:00:00+00:00
[2025-11-10T09:59:51.719+0000] {processor.py:183} INFO - Processing /opt/airflow/dags/dags_python_task_decorator.py took 0.330 seconds
[2025-11-10T10:00:21.920+0000] {processor.py:161} INFO - Started process (PID=15568) to work on /opt/airflow/dags/dags_python_task_decorator.py
[2025-11-10T10:00:21.925+0000] {processor.py:830} INFO - Processing file /opt/airflow/dags/dags_python_task_decorator.py for tasks to queue
[2025-11-10T10:00:21.928+0000] {logging_mixin.py:188} INFO - [2025-11-10T10:00:21.927+0000] {dagbag.py:538} INFO - Filling up the DagBag from /opt/airflow/dags/dags_python_task_decorator.py
[2025-11-10T10:00:22.013+0000] {processor.py:840} INFO - DAG(s) 'dags_python_task_Decorator' retrieved from /opt/airflow/dags/dags_python_task_decorator.py
[2025-11-10T10:00:22.075+0000] {logging_mixin.py:188} INFO - [2025-11-10T10:00:22.074+0000] {dag.py:3036} INFO - Sync 1 DAGs
[2025-11-10T10:00:22.161+0000] {logging_mixin.py:188} INFO - [2025-11-10T10:00:22.160+0000] {dag.py:3823} INFO - Setting next_dagrun for dags_python_task_Decorator to 2025-11-09 17:00:00+00:00, run_after=2025-11-16 17:00:00+00:00
[2025-11-10T10:00:22.217+0000] {processor.py:183} INFO - Processing /opt/airflow/dags/dags_python_task_decorator.py took 0.318 seconds
[2025-11-10T10:00:52.551+0000] {processor.py:161} INFO - Started process (PID=15627) to work on /opt/airflow/dags/dags_python_task_decorator.py
[2025-11-10T10:00:52.554+0000] {processor.py:830} INFO - Processing file /opt/airflow/dags/dags_python_task_decorator.py for tasks to queue
[2025-11-10T10:00:52.557+0000] {logging_mixin.py:188} INFO - [2025-11-10T10:00:52.556+0000] {dagbag.py:538} INFO - Filling up the DagBag from /opt/airflow/dags/dags_python_task_decorator.py
[2025-11-10T10:00:52.635+0000] {processor.py:840} INFO - DAG(s) 'dags_python_task_Decorator' retrieved from /opt/airflow/dags/dags_python_task_decorator.py
[2025-11-10T10:00:52.718+0000] {logging_mixin.py:188} INFO - [2025-11-10T10:00:52.714+0000] {dag.py:3036} INFO - Sync 1 DAGs
[2025-11-10T10:00:52.799+0000] {logging_mixin.py:188} INFO - [2025-11-10T10:00:52.799+0000] {dag.py:3823} INFO - Setting next_dagrun for dags_python_task_Decorator to 2025-11-09 17:00:00+00:00, run_after=2025-11-16 17:00:00+00:00
[2025-11-10T10:00:52.852+0000] {processor.py:183} INFO - Processing /opt/airflow/dags/dags_python_task_decorator.py took 0.316 seconds
[2025-11-10T10:01:23.141+0000] {processor.py:161} INFO - Started process (PID=15686) to work on /opt/airflow/dags/dags_python_task_decorator.py
[2025-11-10T10:01:23.142+0000] {processor.py:830} INFO - Processing file /opt/airflow/dags/dags_python_task_decorator.py for tasks to queue
[2025-11-10T10:01:23.144+0000] {logging_mixin.py:188} INFO - [2025-11-10T10:01:23.144+0000] {dagbag.py:538} INFO - Filling up the DagBag from /opt/airflow/dags/dags_python_task_decorator.py
[2025-11-10T10:01:23.173+0000] {processor.py:840} INFO - DAG(s) 'dags_python_task_Decorator' retrieved from /opt/airflow/dags/dags_python_task_decorator.py
[2025-11-10T10:01:23.200+0000] {logging_mixin.py:188} INFO - [2025-11-10T10:01:23.200+0000] {dag.py:3036} INFO - Sync 1 DAGs
[2025-11-10T10:01:23.237+0000] {logging_mixin.py:188} INFO - [2025-11-10T10:01:23.236+0000] {dag.py:3823} INFO - Setting next_dagrun for dags_python_task_Decorator to 2025-11-09 17:00:00+00:00, run_after=2025-11-16 17:00:00+00:00
[2025-11-10T10:01:23.266+0000] {processor.py:183} INFO - Processing /opt/airflow/dags/dags_python_task_decorator.py took 0.130 seconds
[2025-11-10T10:01:53.518+0000] {processor.py:161} INFO - Started process (PID=15745) to work on /opt/airflow/dags/dags_python_task_decorator.py
[2025-11-10T10:01:53.523+0000] {processor.py:830} INFO - Processing file /opt/airflow/dags/dags_python_task_decorator.py for tasks to queue
[2025-11-10T10:01:53.527+0000] {logging_mixin.py:188} INFO - [2025-11-10T10:01:53.526+0000] {dagbag.py:538} INFO - Filling up the DagBag from /opt/airflow/dags/dags_python_task_decorator.py
[2025-11-10T10:01:53.576+0000] {processor.py:840} INFO - DAG(s) 'dags_python_task_Decorator' retrieved from /opt/airflow/dags/dags_python_task_decorator.py
[2025-11-10T10:01:53.626+0000] {logging_mixin.py:188} INFO - [2025-11-10T10:01:53.626+0000] {dag.py:3036} INFO - Sync 1 DAGs
[2025-11-10T10:01:53.690+0000] {logging_mixin.py:188} INFO - [2025-11-10T10:01:53.690+0000] {dag.py:3823} INFO - Setting next_dagrun for dags_python_task_Decorator to 2025-11-09 17:00:00+00:00, run_after=2025-11-16 17:00:00+00:00
[2025-11-10T10:01:53.746+0000] {processor.py:183} INFO - Processing /opt/airflow/dags/dags_python_task_decorator.py took 0.238 seconds
[2025-11-10T10:02:24.136+0000] {processor.py:161} INFO - Started process (PID=15804) to work on /opt/airflow/dags/dags_python_task_decorator.py
[2025-11-10T10:02:24.139+0000] {processor.py:830} INFO - Processing file /opt/airflow/dags/dags_python_task_decorator.py for tasks to queue
[2025-11-10T10:02:24.141+0000] {logging_mixin.py:188} INFO - [2025-11-10T10:02:24.141+0000] {dagbag.py:538} INFO - Filling up the DagBag from /opt/airflow/dags/dags_python_task_decorator.py
[2025-11-10T10:02:24.183+0000] {processor.py:840} INFO - DAG(s) 'dags_python_task_Decorator' retrieved from /opt/airflow/dags/dags_python_task_decorator.py
[2025-11-10T10:02:24.228+0000] {logging_mixin.py:188} INFO - [2025-11-10T10:02:24.227+0000] {dag.py:3036} INFO - Sync 1 DAGs
[2025-11-10T10:02:24.304+0000] {logging_mixin.py:188} INFO - [2025-11-10T10:02:24.304+0000] {dag.py:3823} INFO - Setting next_dagrun for dags_python_task_Decorator to 2025-11-09 17:00:00+00:00, run_after=2025-11-16 17:00:00+00:00
[2025-11-10T10:02:24.350+0000] {processor.py:183} INFO - Processing /opt/airflow/dags/dags_python_task_decorator.py took 0.223 seconds
[2025-11-10T10:02:54.681+0000] {processor.py:161} INFO - Started process (PID=15863) to work on /opt/airflow/dags/dags_python_task_decorator.py
[2025-11-10T10:02:54.683+0000] {processor.py:830} INFO - Processing file /opt/airflow/dags/dags_python_task_decorator.py for tasks to queue
[2025-11-10T10:02:54.685+0000] {logging_mixin.py:188} INFO - [2025-11-10T10:02:54.684+0000] {dagbag.py:538} INFO - Filling up the DagBag from /opt/airflow/dags/dags_python_task_decorator.py
[2025-11-10T10:02:54.725+0000] {processor.py:840} INFO - DAG(s) 'dags_python_task_Decorator' retrieved from /opt/airflow/dags/dags_python_task_decorator.py
[2025-11-10T10:02:54.767+0000] {logging_mixin.py:188} INFO - [2025-11-10T10:02:54.766+0000] {dag.py:3036} INFO - Sync 1 DAGs
[2025-11-10T10:02:54.838+0000] {logging_mixin.py:188} INFO - [2025-11-10T10:02:54.838+0000] {dag.py:3823} INFO - Setting next_dagrun for dags_python_task_Decorator to 2025-11-09 17:00:00+00:00, run_after=2025-11-16 17:00:00+00:00
[2025-11-10T10:02:54.893+0000] {processor.py:183} INFO - Processing /opt/airflow/dags/dags_python_task_decorator.py took 0.221 seconds
[2025-11-10T10:03:25.369+0000] {processor.py:161} INFO - Started process (PID=15923) to work on /opt/airflow/dags/dags_python_task_decorator.py
[2025-11-10T10:03:25.371+0000] {processor.py:830} INFO - Processing file /opt/airflow/dags/dags_python_task_decorator.py for tasks to queue
[2025-11-10T10:03:25.374+0000] {logging_mixin.py:188} INFO - [2025-11-10T10:03:25.373+0000] {dagbag.py:538} INFO - Filling up the DagBag from /opt/airflow/dags/dags_python_task_decorator.py
[2025-11-10T10:03:25.415+0000] {processor.py:840} INFO - DAG(s) 'dags_python_task_Decorator' retrieved from /opt/airflow/dags/dags_python_task_decorator.py
[2025-11-10T10:03:25.453+0000] {logging_mixin.py:188} INFO - [2025-11-10T10:03:25.452+0000] {dag.py:3036} INFO - Sync 1 DAGs
[2025-11-10T10:03:25.497+0000] {logging_mixin.py:188} INFO - [2025-11-10T10:03:25.495+0000] {dag.py:3823} INFO - Setting next_dagrun for dags_python_task_Decorator to 2025-11-09 17:00:00+00:00, run_after=2025-11-16 17:00:00+00:00
[2025-11-10T10:03:25.552+0000] {processor.py:183} INFO - Processing /opt/airflow/dags/dags_python_task_decorator.py took 0.192 seconds
[2025-11-10T10:03:55.838+0000] {processor.py:161} INFO - Started process (PID=15982) to work on /opt/airflow/dags/dags_python_task_decorator.py
[2025-11-10T10:03:55.839+0000] {processor.py:830} INFO - Processing file /opt/airflow/dags/dags_python_task_decorator.py for tasks to queue
[2025-11-10T10:03:55.843+0000] {logging_mixin.py:188} INFO - [2025-11-10T10:03:55.842+0000] {dagbag.py:538} INFO - Filling up the DagBag from /opt/airflow/dags/dags_python_task_decorator.py
[2025-11-10T10:03:55.876+0000] {processor.py:840} INFO - DAG(s) 'dags_python_task_Decorator' retrieved from /opt/airflow/dags/dags_python_task_decorator.py
[2025-11-10T10:03:55.907+0000] {logging_mixin.py:188} INFO - [2025-11-10T10:03:55.906+0000] {dag.py:3036} INFO - Sync 1 DAGs
[2025-11-10T10:03:55.942+0000] {logging_mixin.py:188} INFO - [2025-11-10T10:03:55.942+0000] {dag.py:3823} INFO - Setting next_dagrun for dags_python_task_Decorator to 2025-11-09 17:00:00+00:00, run_after=2025-11-16 17:00:00+00:00
[2025-11-10T10:03:55.975+0000] {processor.py:183} INFO - Processing /opt/airflow/dags/dags_python_task_decorator.py took 0.142 seconds
[2025-11-10T10:04:26.098+0000] {processor.py:161} INFO - Started process (PID=16041) to work on /opt/airflow/dags/dags_python_task_decorator.py
[2025-11-10T10:04:26.099+0000] {processor.py:830} INFO - Processing file /opt/airflow/dags/dags_python_task_decorator.py for tasks to queue
[2025-11-10T10:04:26.101+0000] {logging_mixin.py:188} INFO - [2025-11-10T10:04:26.100+0000] {dagbag.py:538} INFO - Filling up the DagBag from /opt/airflow/dags/dags_python_task_decorator.py
[2025-11-10T10:04:26.131+0000] {processor.py:840} INFO - DAG(s) 'dags_python_task_Decorator' retrieved from /opt/airflow/dags/dags_python_task_decorator.py
[2025-11-10T10:04:26.160+0000] {logging_mixin.py:188} INFO - [2025-11-10T10:04:26.159+0000] {dag.py:3036} INFO - Sync 1 DAGs
[2025-11-10T10:04:26.189+0000] {logging_mixin.py:188} INFO - [2025-11-10T10:04:26.189+0000] {dag.py:3823} INFO - Setting next_dagrun for dags_python_task_Decorator to 2025-11-09 17:00:00+00:00, run_after=2025-11-16 17:00:00+00:00
[2025-11-10T10:04:26.226+0000] {processor.py:183} INFO - Processing /opt/airflow/dags/dags_python_task_decorator.py took 0.138 seconds
[2025-11-10T10:04:56.536+0000] {processor.py:161} INFO - Started process (PID=16100) to work on /opt/airflow/dags/dags_python_task_decorator.py
[2025-11-10T10:04:56.538+0000] {processor.py:830} INFO - Processing file /opt/airflow/dags/dags_python_task_decorator.py for tasks to queue
[2025-11-10T10:04:56.540+0000] {logging_mixin.py:188} INFO - [2025-11-10T10:04:56.539+0000] {dagbag.py:538} INFO - Filling up the DagBag from /opt/airflow/dags/dags_python_task_decorator.py
[2025-11-10T10:04:56.571+0000] {processor.py:840} INFO - DAG(s) 'dags_python_task_Decorator' retrieved from /opt/airflow/dags/dags_python_task_decorator.py
[2025-11-10T10:04:56.602+0000] {logging_mixin.py:188} INFO - [2025-11-10T10:04:56.602+0000] {dag.py:3036} INFO - Sync 1 DAGs
[2025-11-10T10:04:56.634+0000] {logging_mixin.py:188} INFO - [2025-11-10T10:04:56.633+0000] {dag.py:3823} INFO - Setting next_dagrun for dags_python_task_Decorator to 2025-11-09 17:00:00+00:00, run_after=2025-11-16 17:00:00+00:00
[2025-11-10T10:04:56.670+0000] {processor.py:183} INFO - Processing /opt/airflow/dags/dags_python_task_decorator.py took 0.141 seconds
[2025-11-10T10:05:27.440+0000] {processor.py:161} INFO - Started process (PID=16159) to work on /opt/airflow/dags/dags_python_task_decorator.py
[2025-11-10T10:05:27.442+0000] {processor.py:830} INFO - Processing file /opt/airflow/dags/dags_python_task_decorator.py for tasks to queue
[2025-11-10T10:05:27.443+0000] {logging_mixin.py:188} INFO - [2025-11-10T10:05:27.443+0000] {dagbag.py:538} INFO - Filling up the DagBag from /opt/airflow/dags/dags_python_task_decorator.py
[2025-11-10T10:05:27.477+0000] {processor.py:840} INFO - DAG(s) 'dags_python_task_Decorator' retrieved from /opt/airflow/dags/dags_python_task_decorator.py
[2025-11-10T10:05:27.504+0000] {logging_mixin.py:188} INFO - [2025-11-10T10:05:27.504+0000] {dag.py:3036} INFO - Sync 1 DAGs
[2025-11-10T10:05:27.534+0000] {logging_mixin.py:188} INFO - [2025-11-10T10:05:27.534+0000] {dag.py:3823} INFO - Setting next_dagrun for dags_python_task_Decorator to 2025-11-09 17:00:00+00:00, run_after=2025-11-16 17:00:00+00:00
[2025-11-10T10:05:27.602+0000] {processor.py:183} INFO - Processing /opt/airflow/dags/dags_python_task_decorator.py took 0.166 seconds
[2025-11-10T10:05:57.844+0000] {processor.py:161} INFO - Started process (PID=16218) to work on /opt/airflow/dags/dags_python_task_decorator.py
[2025-11-10T10:05:57.850+0000] {processor.py:830} INFO - Processing file /opt/airflow/dags/dags_python_task_decorator.py for tasks to queue
[2025-11-10T10:05:57.854+0000] {logging_mixin.py:188} INFO - [2025-11-10T10:05:57.853+0000] {dagbag.py:538} INFO - Filling up the DagBag from /opt/airflow/dags/dags_python_task_decorator.py
[2025-11-10T10:05:57.970+0000] {processor.py:840} INFO - DAG(s) 'dags_python_task_Decorator' retrieved from /opt/airflow/dags/dags_python_task_decorator.py
[2025-11-10T10:05:58.082+0000] {logging_mixin.py:188} INFO - [2025-11-10T10:05:58.081+0000] {dag.py:3036} INFO - Sync 1 DAGs
[2025-11-10T10:05:58.167+0000] {logging_mixin.py:188} INFO - [2025-11-10T10:05:58.166+0000] {dag.py:3823} INFO - Setting next_dagrun for dags_python_task_Decorator to 2025-11-09 17:00:00+00:00, run_after=2025-11-16 17:00:00+00:00
[2025-11-10T10:05:58.246+0000] {processor.py:183} INFO - Processing /opt/airflow/dags/dags_python_task_decorator.py took 0.418 seconds
[2025-11-10T10:06:28.602+0000] {processor.py:161} INFO - Started process (PID=16277) to work on /opt/airflow/dags/dags_python_task_decorator.py
[2025-11-10T10:06:28.604+0000] {processor.py:830} INFO - Processing file /opt/airflow/dags/dags_python_task_decorator.py for tasks to queue
[2025-11-10T10:06:28.608+0000] {logging_mixin.py:188} INFO - [2025-11-10T10:06:28.607+0000] {dagbag.py:538} INFO - Filling up the DagBag from /opt/airflow/dags/dags_python_task_decorator.py
[2025-11-10T10:06:28.643+0000] {processor.py:840} INFO - DAG(s) 'dags_python_task_Decorator' retrieved from /opt/airflow/dags/dags_python_task_decorator.py
[2025-11-10T10:06:28.686+0000] {logging_mixin.py:188} INFO - [2025-11-10T10:06:28.685+0000] {dag.py:3036} INFO - Sync 1 DAGs
[2025-11-10T10:06:28.732+0000] {logging_mixin.py:188} INFO - [2025-11-10T10:06:28.732+0000] {dag.py:3823} INFO - Setting next_dagrun for dags_python_task_Decorator to 2025-11-09 17:00:00+00:00, run_after=2025-11-16 17:00:00+00:00
[2025-11-10T10:06:28.776+0000] {processor.py:183} INFO - Processing /opt/airflow/dags/dags_python_task_decorator.py took 0.182 seconds
[2025-11-10T10:06:59.190+0000] {processor.py:161} INFO - Started process (PID=16336) to work on /opt/airflow/dags/dags_python_task_decorator.py
[2025-11-10T10:06:59.192+0000] {processor.py:830} INFO - Processing file /opt/airflow/dags/dags_python_task_decorator.py for tasks to queue
[2025-11-10T10:06:59.194+0000] {logging_mixin.py:188} INFO - [2025-11-10T10:06:59.194+0000] {dagbag.py:538} INFO - Filling up the DagBag from /opt/airflow/dags/dags_python_task_decorator.py
[2025-11-10T10:06:59.226+0000] {processor.py:840} INFO - DAG(s) 'dags_python_task_Decorator' retrieved from /opt/airflow/dags/dags_python_task_decorator.py
[2025-11-10T10:06:59.258+0000] {logging_mixin.py:188} INFO - [2025-11-10T10:06:59.257+0000] {dag.py:3036} INFO - Sync 1 DAGs
[2025-11-10T10:06:59.294+0000] {logging_mixin.py:188} INFO - [2025-11-10T10:06:59.294+0000] {dag.py:3823} INFO - Setting next_dagrun for dags_python_task_Decorator to 2025-11-09 17:00:00+00:00, run_after=2025-11-16 17:00:00+00:00
[2025-11-10T10:06:59.333+0000] {processor.py:183} INFO - Processing /opt/airflow/dags/dags_python_task_decorator.py took 0.150 seconds
[2025-11-10T10:07:30.041+0000] {processor.py:161} INFO - Started process (PID=16395) to work on /opt/airflow/dags/dags_python_task_decorator.py
[2025-11-10T10:07:30.057+0000] {processor.py:830} INFO - Processing file /opt/airflow/dags/dags_python_task_decorator.py for tasks to queue
[2025-11-10T10:07:30.069+0000] {logging_mixin.py:188} INFO - [2025-11-10T10:07:30.060+0000] {dagbag.py:538} INFO - Filling up the DagBag from /opt/airflow/dags/dags_python_task_decorator.py
[2025-11-10T10:07:30.193+0000] {processor.py:840} INFO - DAG(s) 'dags_python_task_Decorator' retrieved from /opt/airflow/dags/dags_python_task_decorator.py
[2025-11-10T10:07:30.300+0000] {logging_mixin.py:188} INFO - [2025-11-10T10:07:30.299+0000] {dag.py:3036} INFO - Sync 1 DAGs
[2025-11-10T10:07:30.433+0000] {logging_mixin.py:188} INFO - [2025-11-10T10:07:30.432+0000] {dag.py:3823} INFO - Setting next_dagrun for dags_python_task_Decorator to 2025-11-09 17:00:00+00:00, run_after=2025-11-16 17:00:00+00:00
[2025-11-10T10:07:30.553+0000] {processor.py:183} INFO - Processing /opt/airflow/dags/dags_python_task_decorator.py took 0.548 seconds
[2025-11-10T10:08:01.232+0000] {processor.py:161} INFO - Started process (PID=16454) to work on /opt/airflow/dags/dags_python_task_decorator.py
[2025-11-10T10:08:01.235+0000] {processor.py:830} INFO - Processing file /opt/airflow/dags/dags_python_task_decorator.py for tasks to queue
[2025-11-10T10:08:01.237+0000] {logging_mixin.py:188} INFO - [2025-11-10T10:08:01.236+0000] {dagbag.py:538} INFO - Filling up the DagBag from /opt/airflow/dags/dags_python_task_decorator.py
[2025-11-10T10:08:01.270+0000] {processor.py:840} INFO - DAG(s) 'dags_python_task_Decorator' retrieved from /opt/airflow/dags/dags_python_task_decorator.py
[2025-11-10T10:08:01.308+0000] {logging_mixin.py:188} INFO - [2025-11-10T10:08:01.308+0000] {dag.py:3036} INFO - Sync 1 DAGs
[2025-11-10T10:08:01.349+0000] {logging_mixin.py:188} INFO - [2025-11-10T10:08:01.349+0000] {dag.py:3823} INFO - Setting next_dagrun for dags_python_task_Decorator to 2025-11-09 17:00:00+00:00, run_after=2025-11-16 17:00:00+00:00
[2025-11-10T10:08:01.386+0000] {processor.py:183} INFO - Processing /opt/airflow/dags/dags_python_task_decorator.py took 0.161 seconds
[2025-11-10T10:08:32.165+0000] {processor.py:161} INFO - Started process (PID=16513) to work on /opt/airflow/dags/dags_python_task_decorator.py
[2025-11-10T10:08:32.167+0000] {processor.py:830} INFO - Processing file /opt/airflow/dags/dags_python_task_decorator.py for tasks to queue
[2025-11-10T10:08:32.169+0000] {logging_mixin.py:188} INFO - [2025-11-10T10:08:32.168+0000] {dagbag.py:538} INFO - Filling up the DagBag from /opt/airflow/dags/dags_python_task_decorator.py
[2025-11-10T10:08:32.204+0000] {processor.py:840} INFO - DAG(s) 'dags_python_task_Decorator' retrieved from /opt/airflow/dags/dags_python_task_decorator.py
[2025-11-10T10:08:32.254+0000] {logging_mixin.py:188} INFO - [2025-11-10T10:08:32.254+0000] {dag.py:3036} INFO - Sync 1 DAGs
[2025-11-10T10:08:32.301+0000] {logging_mixin.py:188} INFO - [2025-11-10T10:08:32.301+0000] {dag.py:3823} INFO - Setting next_dagrun for dags_python_task_Decorator to 2025-11-09 17:00:00+00:00, run_after=2025-11-16 17:00:00+00:00
[2025-11-10T10:08:32.354+0000] {processor.py:183} INFO - Processing /opt/airflow/dags/dags_python_task_decorator.py took 0.197 seconds
[2025-11-10T10:09:02.559+0000] {processor.py:161} INFO - Started process (PID=16572) to work on /opt/airflow/dags/dags_python_task_decorator.py
[2025-11-10T10:09:02.562+0000] {processor.py:830} INFO - Processing file /opt/airflow/dags/dags_python_task_decorator.py for tasks to queue
[2025-11-10T10:09:02.565+0000] {logging_mixin.py:188} INFO - [2025-11-10T10:09:02.564+0000] {dagbag.py:538} INFO - Filling up the DagBag from /opt/airflow/dags/dags_python_task_decorator.py
[2025-11-10T10:09:02.621+0000] {processor.py:840} INFO - DAG(s) 'dags_python_task_Decorator' retrieved from /opt/airflow/dags/dags_python_task_decorator.py
[2025-11-10T10:09:02.735+0000] {logging_mixin.py:188} INFO - [2025-11-10T10:09:02.735+0000] {dag.py:3036} INFO - Sync 1 DAGs
[2025-11-10T10:09:02.935+0000] {logging_mixin.py:188} INFO - [2025-11-10T10:09:02.934+0000] {dag.py:3823} INFO - Setting next_dagrun for dags_python_task_Decorator to 2025-11-09 17:00:00+00:00, run_after=2025-11-16 17:00:00+00:00
[2025-11-10T10:09:03.186+0000] {processor.py:183} INFO - Processing /opt/airflow/dags/dags_python_task_decorator.py took 0.646 seconds
[2025-11-10T10:09:33.701+0000] {processor.py:161} INFO - Started process (PID=16629) to work on /opt/airflow/dags/dags_python_task_decorator.py
[2025-11-10T10:09:33.704+0000] {processor.py:830} INFO - Processing file /opt/airflow/dags/dags_python_task_decorator.py for tasks to queue
[2025-11-10T10:09:33.707+0000] {logging_mixin.py:188} INFO - [2025-11-10T10:09:33.706+0000] {dagbag.py:538} INFO - Filling up the DagBag from /opt/airflow/dags/dags_python_task_decorator.py
[2025-11-10T10:09:33.757+0000] {processor.py:840} INFO - DAG(s) 'dags_python_task_Decorator' retrieved from /opt/airflow/dags/dags_python_task_decorator.py
[2025-11-10T10:09:33.845+0000] {logging_mixin.py:188} INFO - [2025-11-10T10:09:33.838+0000] {dag.py:3036} INFO - Sync 1 DAGs
[2025-11-10T10:09:33.984+0000] {logging_mixin.py:188} INFO - [2025-11-10T10:09:33.984+0000] {dag.py:3823} INFO - Setting next_dagrun for dags_python_task_Decorator to 2025-11-09 17:00:00+00:00, run_after=2025-11-16 17:00:00+00:00
[2025-11-10T10:09:34.150+0000] {processor.py:183} INFO - Processing /opt/airflow/dags/dags_python_task_decorator.py took 0.465 seconds
[2025-11-10T10:10:04.438+0000] {processor.py:161} INFO - Started process (PID=16688) to work on /opt/airflow/dags/dags_python_task_decorator.py
[2025-11-10T10:10:04.441+0000] {processor.py:830} INFO - Processing file /opt/airflow/dags/dags_python_task_decorator.py for tasks to queue
[2025-11-10T10:10:04.445+0000] {logging_mixin.py:188} INFO - [2025-11-10T10:10:04.443+0000] {dagbag.py:538} INFO - Filling up the DagBag from /opt/airflow/dags/dags_python_task_decorator.py
[2025-11-10T10:10:04.513+0000] {processor.py:840} INFO - DAG(s) 'dags_python_task_Decorator' retrieved from /opt/airflow/dags/dags_python_task_decorator.py
[2025-11-10T10:10:04.572+0000] {logging_mixin.py:188} INFO - [2025-11-10T10:10:04.571+0000] {dag.py:3036} INFO - Sync 1 DAGs
[2025-11-10T10:10:04.654+0000] {logging_mixin.py:188} INFO - [2025-11-10T10:10:04.653+0000] {dag.py:3823} INFO - Setting next_dagrun for dags_python_task_Decorator to 2025-11-09 17:00:00+00:00, run_after=2025-11-16 17:00:00+00:00
[2025-11-10T10:10:04.710+0000] {processor.py:183} INFO - Processing /opt/airflow/dags/dags_python_task_decorator.py took 0.285 seconds
[2025-11-10T10:10:35.287+0000] {processor.py:161} INFO - Started process (PID=16747) to work on /opt/airflow/dags/dags_python_task_decorator.py
[2025-11-10T10:10:35.289+0000] {processor.py:830} INFO - Processing file /opt/airflow/dags/dags_python_task_decorator.py for tasks to queue
[2025-11-10T10:10:35.291+0000] {logging_mixin.py:188} INFO - [2025-11-10T10:10:35.290+0000] {dagbag.py:538} INFO - Filling up the DagBag from /opt/airflow/dags/dags_python_task_decorator.py
[2025-11-10T10:10:35.331+0000] {processor.py:840} INFO - DAG(s) 'dags_python_task_Decorator' retrieved from /opt/airflow/dags/dags_python_task_decorator.py
[2025-11-10T10:10:35.380+0000] {logging_mixin.py:188} INFO - [2025-11-10T10:10:35.379+0000] {dag.py:3036} INFO - Sync 1 DAGs
[2025-11-10T10:10:35.433+0000] {logging_mixin.py:188} INFO - [2025-11-10T10:10:35.432+0000] {dag.py:3823} INFO - Setting next_dagrun for dags_python_task_Decorator to 2025-11-09 17:00:00+00:00, run_after=2025-11-16 17:00:00+00:00
[2025-11-10T10:10:35.493+0000] {processor.py:183} INFO - Processing /opt/airflow/dags/dags_python_task_decorator.py took 0.213 seconds
[2025-11-10T10:11:05.797+0000] {processor.py:161} INFO - Started process (PID=16806) to work on /opt/airflow/dags/dags_python_task_decorator.py
[2025-11-10T10:11:05.798+0000] {processor.py:830} INFO - Processing file /opt/airflow/dags/dags_python_task_decorator.py for tasks to queue
[2025-11-10T10:11:05.799+0000] {logging_mixin.py:188} INFO - [2025-11-10T10:11:05.799+0000] {dagbag.py:538} INFO - Filling up the DagBag from /opt/airflow/dags/dags_python_task_decorator.py
[2025-11-10T10:11:05.827+0000] {processor.py:840} INFO - DAG(s) 'dags_python_task_Decorator' retrieved from /opt/airflow/dags/dags_python_task_decorator.py
[2025-11-10T10:11:05.859+0000] {logging_mixin.py:188} INFO - [2025-11-10T10:11:05.859+0000] {dag.py:3036} INFO - Sync 1 DAGs
[2025-11-10T10:11:05.895+0000] {logging_mixin.py:188} INFO - [2025-11-10T10:11:05.894+0000] {dag.py:3823} INFO - Setting next_dagrun for dags_python_task_Decorator to 2025-11-09 17:00:00+00:00, run_after=2025-11-16 17:00:00+00:00
[2025-11-10T10:11:05.936+0000] {processor.py:183} INFO - Processing /opt/airflow/dags/dags_python_task_decorator.py took 0.144 seconds
[2025-11-10T10:11:36.495+0000] {processor.py:161} INFO - Started process (PID=16865) to work on /opt/airflow/dags/dags_python_task_decorator.py
[2025-11-10T10:11:36.497+0000] {processor.py:830} INFO - Processing file /opt/airflow/dags/dags_python_task_decorator.py for tasks to queue
[2025-11-10T10:11:36.503+0000] {logging_mixin.py:188} INFO - [2025-11-10T10:11:36.502+0000] {dagbag.py:538} INFO - Filling up the DagBag from /opt/airflow/dags/dags_python_task_decorator.py
[2025-11-10T10:11:36.559+0000] {processor.py:840} INFO - DAG(s) 'dags_python_task_Decorator' retrieved from /opt/airflow/dags/dags_python_task_decorator.py
[2025-11-10T10:11:36.635+0000] {logging_mixin.py:188} INFO - [2025-11-10T10:11:36.634+0000] {dag.py:3036} INFO - Sync 1 DAGs
[2025-11-10T10:11:36.719+0000] {logging_mixin.py:188} INFO - [2025-11-10T10:11:36.719+0000] {dag.py:3823} INFO - Setting next_dagrun for dags_python_task_Decorator to 2025-11-09 17:00:00+00:00, run_after=2025-11-16 17:00:00+00:00
[2025-11-10T10:11:36.765+0000] {processor.py:183} INFO - Processing /opt/airflow/dags/dags_python_task_decorator.py took 0.279 seconds
[2025-11-10T10:12:07.083+0000] {processor.py:161} INFO - Started process (PID=16924) to work on /opt/airflow/dags/dags_python_task_decorator.py
[2025-11-10T10:12:07.084+0000] {processor.py:830} INFO - Processing file /opt/airflow/dags/dags_python_task_decorator.py for tasks to queue
[2025-11-10T10:12:07.086+0000] {logging_mixin.py:188} INFO - [2025-11-10T10:12:07.086+0000] {dagbag.py:538} INFO - Filling up the DagBag from /opt/airflow/dags/dags_python_task_decorator.py
[2025-11-10T10:12:07.113+0000] {processor.py:840} INFO - DAG(s) 'dags_python_task_Decorator' retrieved from /opt/airflow/dags/dags_python_task_decorator.py
[2025-11-10T10:12:07.147+0000] {logging_mixin.py:188} INFO - [2025-11-10T10:12:07.146+0000] {dag.py:3036} INFO - Sync 1 DAGs
[2025-11-10T10:12:07.183+0000] {logging_mixin.py:188} INFO - [2025-11-10T10:12:07.182+0000] {dag.py:3823} INFO - Setting next_dagrun for dags_python_task_Decorator to 2025-11-09 17:00:00+00:00, run_after=2025-11-16 17:00:00+00:00
[2025-11-10T10:12:07.224+0000] {processor.py:183} INFO - Processing /opt/airflow/dags/dags_python_task_decorator.py took 0.148 seconds
[2025-11-10T10:12:37.779+0000] {processor.py:161} INFO - Started process (PID=16983) to work on /opt/airflow/dags/dags_python_task_decorator.py
[2025-11-10T10:12:37.781+0000] {processor.py:830} INFO - Processing file /opt/airflow/dags/dags_python_task_decorator.py for tasks to queue
[2025-11-10T10:12:37.782+0000] {logging_mixin.py:188} INFO - [2025-11-10T10:12:37.782+0000] {dagbag.py:538} INFO - Filling up the DagBag from /opt/airflow/dags/dags_python_task_decorator.py
[2025-11-10T10:12:37.810+0000] {processor.py:840} INFO - DAG(s) 'dags_python_task_Decorator' retrieved from /opt/airflow/dags/dags_python_task_decorator.py
[2025-11-10T10:12:37.850+0000] {logging_mixin.py:188} INFO - [2025-11-10T10:12:37.850+0000] {dag.py:3036} INFO - Sync 1 DAGs
[2025-11-10T10:12:37.888+0000] {logging_mixin.py:188} INFO - [2025-11-10T10:12:37.888+0000] {dag.py:3823} INFO - Setting next_dagrun for dags_python_task_Decorator to 2025-11-09 17:00:00+00:00, run_after=2025-11-16 17:00:00+00:00
[2025-11-10T10:12:37.923+0000] {processor.py:183} INFO - Processing /opt/airflow/dags/dags_python_task_decorator.py took 0.150 seconds
[2025-11-10T10:13:08.071+0000] {processor.py:161} INFO - Started process (PID=17041) to work on /opt/airflow/dags/dags_python_task_decorator.py
[2025-11-10T10:13:08.073+0000] {processor.py:830} INFO - Processing file /opt/airflow/dags/dags_python_task_decorator.py for tasks to queue
[2025-11-10T10:13:08.075+0000] {logging_mixin.py:188} INFO - [2025-11-10T10:13:08.074+0000] {dagbag.py:538} INFO - Filling up the DagBag from /opt/airflow/dags/dags_python_task_decorator.py
[2025-11-10T10:13:08.103+0000] {processor.py:840} INFO - DAG(s) 'dags_python_task_Decorator' retrieved from /opt/airflow/dags/dags_python_task_decorator.py
[2025-11-10T10:13:08.135+0000] {logging_mixin.py:188} INFO - [2025-11-10T10:13:08.134+0000] {dag.py:3036} INFO - Sync 1 DAGs
[2025-11-10T10:13:08.173+0000] {logging_mixin.py:188} INFO - [2025-11-10T10:13:08.172+0000] {dag.py:3823} INFO - Setting next_dagrun for dags_python_task_Decorator to 2025-11-09 17:00:00+00:00, run_after=2025-11-16 17:00:00+00:00
[2025-11-10T10:13:08.208+0000] {processor.py:183} INFO - Processing /opt/airflow/dags/dags_python_task_decorator.py took 0.143 seconds
[2025-11-10T10:13:38.808+0000] {processor.py:161} INFO - Started process (PID=17100) to work on /opt/airflow/dags/dags_python_task_decorator.py
[2025-11-10T10:13:38.809+0000] {processor.py:830} INFO - Processing file /opt/airflow/dags/dags_python_task_decorator.py for tasks to queue
[2025-11-10T10:13:38.811+0000] {logging_mixin.py:188} INFO - [2025-11-10T10:13:38.810+0000] {dagbag.py:538} INFO - Filling up the DagBag from /opt/airflow/dags/dags_python_task_decorator.py
[2025-11-10T10:13:38.838+0000] {processor.py:840} INFO - DAG(s) 'dags_python_task_Decorator' retrieved from /opt/airflow/dags/dags_python_task_decorator.py
[2025-11-10T10:13:38.864+0000] {logging_mixin.py:188} INFO - [2025-11-10T10:13:38.864+0000] {dag.py:3036} INFO - Sync 1 DAGs
[2025-11-10T10:13:38.892+0000] {logging_mixin.py:188} INFO - [2025-11-10T10:13:38.892+0000] {dag.py:3823} INFO - Setting next_dagrun for dags_python_task_Decorator to 2025-11-09 17:00:00+00:00, run_after=2025-11-16 17:00:00+00:00
[2025-11-10T10:13:38.920+0000] {processor.py:183} INFO - Processing /opt/airflow/dags/dags_python_task_decorator.py took 0.117 seconds
[2025-11-10T10:14:09.063+0000] {processor.py:161} INFO - Started process (PID=17159) to work on /opt/airflow/dags/dags_python_task_decorator.py
[2025-11-10T10:14:09.064+0000] {processor.py:830} INFO - Processing file /opt/airflow/dags/dags_python_task_decorator.py for tasks to queue
[2025-11-10T10:14:09.065+0000] {logging_mixin.py:188} INFO - [2025-11-10T10:14:09.065+0000] {dagbag.py:538} INFO - Filling up the DagBag from /opt/airflow/dags/dags_python_task_decorator.py
[2025-11-10T10:14:09.084+0000] {processor.py:840} INFO - DAG(s) 'dags_python_task_Decorator' retrieved from /opt/airflow/dags/dags_python_task_decorator.py
[2025-11-10T10:14:09.108+0000] {logging_mixin.py:188} INFO - [2025-11-10T10:14:09.108+0000] {dag.py:3036} INFO - Sync 1 DAGs
[2025-11-10T10:14:09.136+0000] {logging_mixin.py:188} INFO - [2025-11-10T10:14:09.135+0000] {dag.py:3823} INFO - Setting next_dagrun for dags_python_task_Decorator to 2025-11-09 17:00:00+00:00, run_after=2025-11-16 17:00:00+00:00
[2025-11-10T10:14:09.160+0000] {processor.py:183} INFO - Processing /opt/airflow/dags/dags_python_task_decorator.py took 0.101 seconds
[2025-11-10T10:14:39.518+0000] {processor.py:161} INFO - Started process (PID=17218) to work on /opt/airflow/dags/dags_python_task_decorator.py
[2025-11-10T10:14:39.519+0000] {processor.py:830} INFO - Processing file /opt/airflow/dags/dags_python_task_decorator.py for tasks to queue
[2025-11-10T10:14:39.522+0000] {logging_mixin.py:188} INFO - [2025-11-10T10:14:39.521+0000] {dagbag.py:538} INFO - Filling up the DagBag from /opt/airflow/dags/dags_python_task_decorator.py
[2025-11-10T10:14:39.544+0000] {processor.py:840} INFO - DAG(s) 'dags_python_task_Decorator' retrieved from /opt/airflow/dags/dags_python_task_decorator.py
[2025-11-10T10:14:39.568+0000] {logging_mixin.py:188} INFO - [2025-11-10T10:14:39.568+0000] {dag.py:3036} INFO - Sync 1 DAGs
[2025-11-10T10:14:39.594+0000] {logging_mixin.py:188} INFO - [2025-11-10T10:14:39.593+0000] {dag.py:3823} INFO - Setting next_dagrun for dags_python_task_Decorator to 2025-11-09 17:00:00+00:00, run_after=2025-11-16 17:00:00+00:00
[2025-11-10T10:14:39.632+0000] {processor.py:183} INFO - Processing /opt/airflow/dags/dags_python_task_decorator.py took 0.118 seconds
[2025-11-10T10:15:10.302+0000] {processor.py:161} INFO - Started process (PID=17283) to work on /opt/airflow/dags/dags_python_task_decorator.py
[2025-11-10T10:15:10.304+0000] {processor.py:830} INFO - Processing file /opt/airflow/dags/dags_python_task_decorator.py for tasks to queue
[2025-11-10T10:15:10.305+0000] {logging_mixin.py:188} INFO - [2025-11-10T10:15:10.305+0000] {dagbag.py:538} INFO - Filling up the DagBag from /opt/airflow/dags/dags_python_task_decorator.py
[2025-11-10T10:15:10.327+0000] {processor.py:840} INFO - DAG(s) 'dags_python_task_Decorator' retrieved from /opt/airflow/dags/dags_python_task_decorator.py
[2025-11-10T10:15:10.353+0000] {logging_mixin.py:188} INFO - [2025-11-10T10:15:10.352+0000] {dag.py:3036} INFO - Sync 1 DAGs
[2025-11-10T10:15:10.380+0000] {logging_mixin.py:188} INFO - [2025-11-10T10:15:10.380+0000] {dag.py:3823} INFO - Setting next_dagrun for dags_python_task_Decorator to 2025-11-09 17:00:00+00:00, run_after=2025-11-16 17:00:00+00:00
[2025-11-10T10:15:10.415+0000] {processor.py:183} INFO - Processing /opt/airflow/dags/dags_python_task_decorator.py took 0.117 seconds
[2025-11-10T10:15:41.143+0000] {processor.py:161} INFO - Started process (PID=17342) to work on /opt/airflow/dags/dags_python_task_decorator.py
[2025-11-10T10:15:41.144+0000] {processor.py:830} INFO - Processing file /opt/airflow/dags/dags_python_task_decorator.py for tasks to queue
[2025-11-10T10:15:41.146+0000] {logging_mixin.py:188} INFO - [2025-11-10T10:15:41.146+0000] {dagbag.py:538} INFO - Filling up the DagBag from /opt/airflow/dags/dags_python_task_decorator.py
[2025-11-10T10:15:41.167+0000] {processor.py:840} INFO - DAG(s) 'dags_python_task_Decorator' retrieved from /opt/airflow/dags/dags_python_task_decorator.py
[2025-11-10T10:15:41.192+0000] {logging_mixin.py:188} INFO - [2025-11-10T10:15:41.191+0000] {dag.py:3036} INFO - Sync 1 DAGs
[2025-11-10T10:15:41.218+0000] {logging_mixin.py:188} INFO - [2025-11-10T10:15:41.218+0000] {dag.py:3823} INFO - Setting next_dagrun for dags_python_task_Decorator to 2025-11-09 17:00:00+00:00, run_after=2025-11-16 17:00:00+00:00
[2025-11-10T10:15:41.253+0000] {processor.py:183} INFO - Processing /opt/airflow/dags/dags_python_task_decorator.py took 0.113 seconds
[2025-11-10T10:16:11.711+0000] {processor.py:161} INFO - Started process (PID=17401) to work on /opt/airflow/dags/dags_python_task_decorator.py
[2025-11-10T10:16:11.712+0000] {processor.py:830} INFO - Processing file /opt/airflow/dags/dags_python_task_decorator.py for tasks to queue
[2025-11-10T10:16:11.714+0000] {logging_mixin.py:188} INFO - [2025-11-10T10:16:11.713+0000] {dagbag.py:538} INFO - Filling up the DagBag from /opt/airflow/dags/dags_python_task_decorator.py
[2025-11-10T10:16:11.741+0000] {processor.py:840} INFO - DAG(s) 'dags_python_task_Decorator' retrieved from /opt/airflow/dags/dags_python_task_decorator.py
[2025-11-10T10:16:11.766+0000] {logging_mixin.py:188} INFO - [2025-11-10T10:16:11.766+0000] {dag.py:3036} INFO - Sync 1 DAGs
[2025-11-10T10:16:11.792+0000] {logging_mixin.py:188} INFO - [2025-11-10T10:16:11.792+0000] {dag.py:3823} INFO - Setting next_dagrun for dags_python_task_Decorator to 2025-11-09 17:00:00+00:00, run_after=2025-11-16 17:00:00+00:00
[2025-11-10T10:16:11.818+0000] {processor.py:183} INFO - Processing /opt/airflow/dags/dags_python_task_decorator.py took 0.111 seconds
[2025-11-10T10:16:42.234+0000] {processor.py:161} INFO - Started process (PID=17460) to work on /opt/airflow/dags/dags_python_task_decorator.py
[2025-11-10T10:16:42.235+0000] {processor.py:830} INFO - Processing file /opt/airflow/dags/dags_python_task_decorator.py for tasks to queue
[2025-11-10T10:16:42.237+0000] {logging_mixin.py:188} INFO - [2025-11-10T10:16:42.236+0000] {dagbag.py:538} INFO - Filling up the DagBag from /opt/airflow/dags/dags_python_task_decorator.py
[2025-11-10T10:16:42.268+0000] {processor.py:840} INFO - DAG(s) 'dags_python_task_Decorator' retrieved from /opt/airflow/dags/dags_python_task_decorator.py
[2025-11-10T10:16:42.303+0000] {logging_mixin.py:188} INFO - [2025-11-10T10:16:42.303+0000] {dag.py:3036} INFO - Sync 1 DAGs
[2025-11-10T10:16:42.340+0000] {logging_mixin.py:188} INFO - [2025-11-10T10:16:42.340+0000] {dag.py:3823} INFO - Setting next_dagrun for dags_python_task_Decorator to 2025-11-09 17:00:00+00:00, run_after=2025-11-16 17:00:00+00:00
[2025-11-10T10:16:42.380+0000] {processor.py:183} INFO - Processing /opt/airflow/dags/dags_python_task_decorator.py took 0.151 seconds
[2025-11-10T10:17:12.879+0000] {processor.py:161} INFO - Started process (PID=17519) to work on /opt/airflow/dags/dags_python_task_decorator.py
[2025-11-10T10:17:12.880+0000] {processor.py:830} INFO - Processing file /opt/airflow/dags/dags_python_task_decorator.py for tasks to queue
[2025-11-10T10:17:12.881+0000] {logging_mixin.py:188} INFO - [2025-11-10T10:17:12.881+0000] {dagbag.py:538} INFO - Filling up the DagBag from /opt/airflow/dags/dags_python_task_decorator.py
[2025-11-10T10:17:12.902+0000] {processor.py:840} INFO - DAG(s) 'dags_python_task_Decorator' retrieved from /opt/airflow/dags/dags_python_task_decorator.py
[2025-11-10T10:17:12.928+0000] {logging_mixin.py:188} INFO - [2025-11-10T10:17:12.928+0000] {dag.py:3036} INFO - Sync 1 DAGs
[2025-11-10T10:17:12.957+0000] {logging_mixin.py:188} INFO - [2025-11-10T10:17:12.957+0000] {dag.py:3823} INFO - Setting next_dagrun for dags_python_task_Decorator to 2025-11-09 17:00:00+00:00, run_after=2025-11-16 17:00:00+00:00
[2025-11-10T10:17:12.981+0000] {processor.py:183} INFO - Processing /opt/airflow/dags/dags_python_task_decorator.py took 0.107 seconds
[2025-11-10T10:17:43.332+0000] {processor.py:161} INFO - Started process (PID=17578) to work on /opt/airflow/dags/dags_python_task_decorator.py
[2025-11-10T10:17:43.334+0000] {processor.py:830} INFO - Processing file /opt/airflow/dags/dags_python_task_decorator.py for tasks to queue
[2025-11-10T10:17:43.338+0000] {logging_mixin.py:188} INFO - [2025-11-10T10:17:43.337+0000] {dagbag.py:538} INFO - Filling up the DagBag from /opt/airflow/dags/dags_python_task_decorator.py
[2025-11-10T10:17:43.392+0000] {processor.py:840} INFO - DAG(s) 'dags_python_task_Decorator' retrieved from /opt/airflow/dags/dags_python_task_decorator.py
[2025-11-10T10:17:43.470+0000] {logging_mixin.py:188} INFO - [2025-11-10T10:17:43.470+0000] {dag.py:3036} INFO - Sync 1 DAGs
[2025-11-10T10:17:43.528+0000] {logging_mixin.py:188} INFO - [2025-11-10T10:17:43.528+0000] {dag.py:3823} INFO - Setting next_dagrun for dags_python_task_Decorator to 2025-11-09 17:00:00+00:00, run_after=2025-11-16 17:00:00+00:00
[2025-11-10T10:17:43.569+0000] {processor.py:183} INFO - Processing /opt/airflow/dags/dags_python_task_decorator.py took 0.243 seconds
[2025-11-10T10:18:13.686+0000] {processor.py:161} INFO - Started process (PID=17637) to work on /opt/airflow/dags/dags_python_task_decorator.py
[2025-11-10T10:18:13.689+0000] {processor.py:830} INFO - Processing file /opt/airflow/dags/dags_python_task_decorator.py for tasks to queue
[2025-11-10T10:18:13.691+0000] {logging_mixin.py:188} INFO - [2025-11-10T10:18:13.690+0000] {dagbag.py:538} INFO - Filling up the DagBag from /opt/airflow/dags/dags_python_task_decorator.py
[2025-11-10T10:18:13.721+0000] {processor.py:840} INFO - DAG(s) 'dags_python_task_Decorator' retrieved from /opt/airflow/dags/dags_python_task_decorator.py
[2025-11-10T10:18:13.760+0000] {logging_mixin.py:188} INFO - [2025-11-10T10:18:13.760+0000] {dag.py:3036} INFO - Sync 1 DAGs
[2025-11-10T10:18:13.804+0000] {logging_mixin.py:188} INFO - [2025-11-10T10:18:13.804+0000] {dag.py:3823} INFO - Setting next_dagrun for dags_python_task_Decorator to 2025-11-09 17:00:00+00:00, run_after=2025-11-16 17:00:00+00:00
[2025-11-10T10:18:13.866+0000] {processor.py:183} INFO - Processing /opt/airflow/dags/dags_python_task_decorator.py took 0.188 seconds
[2025-11-10T10:18:44.028+0000] {processor.py:161} INFO - Started process (PID=17696) to work on /opt/airflow/dags/dags_python_task_decorator.py
[2025-11-10T10:18:44.033+0000] {processor.py:830} INFO - Processing file /opt/airflow/dags/dags_python_task_decorator.py for tasks to queue
[2025-11-10T10:18:44.037+0000] {logging_mixin.py:188} INFO - [2025-11-10T10:18:44.036+0000] {dagbag.py:538} INFO - Filling up the DagBag from /opt/airflow/dags/dags_python_task_decorator.py
[2025-11-10T10:18:44.132+0000] {processor.py:840} INFO - DAG(s) 'dags_python_task_Decorator' retrieved from /opt/airflow/dags/dags_python_task_decorator.py
[2025-11-10T10:18:44.204+0000] {logging_mixin.py:188} INFO - [2025-11-10T10:18:44.203+0000] {dag.py:3036} INFO - Sync 1 DAGs
[2025-11-10T10:18:44.335+0000] {logging_mixin.py:188} INFO - [2025-11-10T10:18:44.334+0000] {dag.py:3823} INFO - Setting next_dagrun for dags_python_task_Decorator to 2025-11-09 17:00:00+00:00, run_after=2025-11-16 17:00:00+00:00
[2025-11-10T10:18:44.443+0000] {processor.py:183} INFO - Processing /opt/airflow/dags/dags_python_task_decorator.py took 0.433 seconds
[2025-11-10T10:19:14.631+0000] {processor.py:161} INFO - Started process (PID=17755) to work on /opt/airflow/dags/dags_python_task_decorator.py
[2025-11-10T10:19:14.644+0000] {processor.py:830} INFO - Processing file /opt/airflow/dags/dags_python_task_decorator.py for tasks to queue
[2025-11-10T10:19:14.649+0000] {logging_mixin.py:188} INFO - [2025-11-10T10:19:14.647+0000] {dagbag.py:538} INFO - Filling up the DagBag from /opt/airflow/dags/dags_python_task_decorator.py
[2025-11-10T10:19:14.743+0000] {processor.py:840} INFO - DAG(s) 'dags_python_task_Decorator' retrieved from /opt/airflow/dags/dags_python_task_decorator.py
[2025-11-10T10:19:14.876+0000] {logging_mixin.py:188} INFO - [2025-11-10T10:19:14.875+0000] {dag.py:3036} INFO - Sync 1 DAGs
[2025-11-10T10:19:14.969+0000] {logging_mixin.py:188} INFO - [2025-11-10T10:19:14.968+0000] {dag.py:3823} INFO - Setting next_dagrun for dags_python_task_Decorator to 2025-11-09 17:00:00+00:00, run_after=2025-11-16 17:00:00+00:00
[2025-11-10T10:19:15.032+0000] {processor.py:183} INFO - Processing /opt/airflow/dags/dags_python_task_decorator.py took 0.422 seconds
[2025-11-10T10:19:45.822+0000] {processor.py:161} INFO - Started process (PID=17814) to work on /opt/airflow/dags/dags_python_task_decorator.py
[2025-11-10T10:19:45.824+0000] {processor.py:830} INFO - Processing file /opt/airflow/dags/dags_python_task_decorator.py for tasks to queue
[2025-11-10T10:19:45.827+0000] {logging_mixin.py:188} INFO - [2025-11-10T10:19:45.826+0000] {dagbag.py:538} INFO - Filling up the DagBag from /opt/airflow/dags/dags_python_task_decorator.py
[2025-11-10T10:19:45.857+0000] {processor.py:840} INFO - DAG(s) 'dags_python_task_Decorator' retrieved from /opt/airflow/dags/dags_python_task_decorator.py
[2025-11-10T10:19:45.890+0000] {logging_mixin.py:188} INFO - [2025-11-10T10:19:45.890+0000] {dag.py:3036} INFO - Sync 1 DAGs
[2025-11-10T10:19:45.925+0000] {logging_mixin.py:188} INFO - [2025-11-10T10:19:45.924+0000] {dag.py:3823} INFO - Setting next_dagrun for dags_python_task_Decorator to 2025-11-09 17:00:00+00:00, run_after=2025-11-16 17:00:00+00:00
[2025-11-10T10:19:45.970+0000] {processor.py:183} INFO - Processing /opt/airflow/dags/dags_python_task_decorator.py took 0.152 seconds
[2025-11-10T10:20:16.212+0000] {processor.py:161} INFO - Started process (PID=17873) to work on /opt/airflow/dags/dags_python_task_decorator.py
[2025-11-10T10:20:16.213+0000] {processor.py:830} INFO - Processing file /opt/airflow/dags/dags_python_task_decorator.py for tasks to queue
[2025-11-10T10:20:16.215+0000] {logging_mixin.py:188} INFO - [2025-11-10T10:20:16.215+0000] {dagbag.py:538} INFO - Filling up the DagBag from /opt/airflow/dags/dags_python_task_decorator.py
[2025-11-10T10:20:16.239+0000] {processor.py:840} INFO - DAG(s) 'dags_python_task_Decorator' retrieved from /opt/airflow/dags/dags_python_task_decorator.py
[2025-11-10T10:20:16.266+0000] {logging_mixin.py:188} INFO - [2025-11-10T10:20:16.266+0000] {dag.py:3036} INFO - Sync 1 DAGs
[2025-11-10T10:20:16.293+0000] {logging_mixin.py:188} INFO - [2025-11-10T10:20:16.292+0000] {dag.py:3823} INFO - Setting next_dagrun for dags_python_task_Decorator to 2025-11-09 17:00:00+00:00, run_after=2025-11-16 17:00:00+00:00
[2025-11-10T10:20:16.320+0000] {processor.py:183} INFO - Processing /opt/airflow/dags/dags_python_task_decorator.py took 0.112 seconds
[2025-11-10T10:20:47.052+0000] {processor.py:161} INFO - Started process (PID=17932) to work on /opt/airflow/dags/dags_python_task_decorator.py
[2025-11-10T10:20:47.056+0000] {processor.py:830} INFO - Processing file /opt/airflow/dags/dags_python_task_decorator.py for tasks to queue
[2025-11-10T10:20:47.059+0000] {logging_mixin.py:188} INFO - [2025-11-10T10:20:47.058+0000] {dagbag.py:538} INFO - Filling up the DagBag from /opt/airflow/dags/dags_python_task_decorator.py
[2025-11-10T10:20:47.092+0000] {processor.py:840} INFO - DAG(s) 'dags_python_task_Decorator' retrieved from /opt/airflow/dags/dags_python_task_decorator.py
[2025-11-10T10:20:47.135+0000] {logging_mixin.py:188} INFO - [2025-11-10T10:20:47.135+0000] {dag.py:3036} INFO - Sync 1 DAGs
[2025-11-10T10:20:47.178+0000] {logging_mixin.py:188} INFO - [2025-11-10T10:20:47.178+0000] {dag.py:3823} INFO - Setting next_dagrun for dags_python_task_Decorator to 2025-11-09 17:00:00+00:00, run_after=2025-11-16 17:00:00+00:00
[2025-11-10T10:20:47.222+0000] {processor.py:183} INFO - Processing /opt/airflow/dags/dags_python_task_decorator.py took 0.180 seconds
[2025-11-10T10:21:17.396+0000] {processor.py:161} INFO - Started process (PID=17992) to work on /opt/airflow/dags/dags_python_task_decorator.py
[2025-11-10T10:21:17.399+0000] {processor.py:830} INFO - Processing file /opt/airflow/dags/dags_python_task_decorator.py for tasks to queue
[2025-11-10T10:21:17.401+0000] {logging_mixin.py:188} INFO - [2025-11-10T10:21:17.401+0000] {dagbag.py:538} INFO - Filling up the DagBag from /opt/airflow/dags/dags_python_task_decorator.py
[2025-11-10T10:21:17.445+0000] {processor.py:840} INFO - DAG(s) 'dags_python_task_Decorator' retrieved from /opt/airflow/dags/dags_python_task_decorator.py
[2025-11-10T10:21:17.503+0000] {logging_mixin.py:188} INFO - [2025-11-10T10:21:17.502+0000] {dag.py:3036} INFO - Sync 1 DAGs
[2025-11-10T10:21:17.575+0000] {logging_mixin.py:188} INFO - [2025-11-10T10:21:17.574+0000] {dag.py:3823} INFO - Setting next_dagrun for dags_python_task_Decorator to 2025-11-09 17:00:00+00:00, run_after=2025-11-16 17:00:00+00:00
[2025-11-10T10:21:17.636+0000] {processor.py:183} INFO - Processing /opt/airflow/dags/dags_python_task_decorator.py took 0.249 seconds
[2025-11-10T10:21:47.829+0000] {processor.py:161} INFO - Started process (PID=18052) to work on /opt/airflow/dags/dags_python_task_decorator.py
[2025-11-10T10:21:47.832+0000] {processor.py:830} INFO - Processing file /opt/airflow/dags/dags_python_task_decorator.py for tasks to queue
[2025-11-10T10:21:47.834+0000] {logging_mixin.py:188} INFO - [2025-11-10T10:21:47.834+0000] {dagbag.py:538} INFO - Filling up the DagBag from /opt/airflow/dags/dags_python_task_decorator.py
[2025-11-10T10:21:47.868+0000] {processor.py:840} INFO - DAG(s) 'dags_python_task_Decorator' retrieved from /opt/airflow/dags/dags_python_task_decorator.py
[2025-11-10T10:21:47.899+0000] {logging_mixin.py:188} INFO - [2025-11-10T10:21:47.899+0000] {dag.py:3036} INFO - Sync 1 DAGs
[2025-11-10T10:21:48.117+0000] {logging_mixin.py:188} INFO - [2025-11-10T10:21:48.117+0000] {dag.py:3823} INFO - Setting next_dagrun for dags_python_task_Decorator to 2025-11-09 17:00:00+00:00, run_after=2025-11-16 17:00:00+00:00
[2025-11-10T10:21:48.163+0000] {processor.py:183} INFO - Processing /opt/airflow/dags/dags_python_task_decorator.py took 0.342 seconds
[2025-11-10T10:22:18.373+0000] {processor.py:161} INFO - Started process (PID=18111) to work on /opt/airflow/dags/dags_python_task_decorator.py
[2025-11-10T10:22:18.374+0000] {processor.py:830} INFO - Processing file /opt/airflow/dags/dags_python_task_decorator.py for tasks to queue
[2025-11-10T10:22:18.376+0000] {logging_mixin.py:188} INFO - [2025-11-10T10:22:18.376+0000] {dagbag.py:538} INFO - Filling up the DagBag from /opt/airflow/dags/dags_python_task_decorator.py
[2025-11-10T10:22:18.407+0000] {processor.py:840} INFO - DAG(s) 'dags_python_task_Decorator' retrieved from /opt/airflow/dags/dags_python_task_decorator.py
[2025-11-10T10:22:18.439+0000] {logging_mixin.py:188} INFO - [2025-11-10T10:22:18.439+0000] {dag.py:3036} INFO - Sync 1 DAGs
[2025-11-10T10:22:18.475+0000] {logging_mixin.py:188} INFO - [2025-11-10T10:22:18.474+0000] {dag.py:3823} INFO - Setting next_dagrun for dags_python_task_Decorator to 2025-11-09 17:00:00+00:00, run_after=2025-11-16 17:00:00+00:00
[2025-11-10T10:22:18.686+0000] {processor.py:183} INFO - Processing /opt/airflow/dags/dags_python_task_decorator.py took 0.320 seconds
[2025-11-10T10:22:49.264+0000] {processor.py:161} INFO - Started process (PID=18170) to work on /opt/airflow/dags/dags_python_task_decorator.py
[2025-11-10T10:22:49.266+0000] {processor.py:830} INFO - Processing file /opt/airflow/dags/dags_python_task_decorator.py for tasks to queue
[2025-11-10T10:22:49.269+0000] {logging_mixin.py:188} INFO - [2025-11-10T10:22:49.268+0000] {dagbag.py:538} INFO - Filling up the DagBag from /opt/airflow/dags/dags_python_task_decorator.py
[2025-11-10T10:22:49.352+0000] {processor.py:840} INFO - DAG(s) 'dags_python_task_Decorator' retrieved from /opt/airflow/dags/dags_python_task_decorator.py
[2025-11-10T10:22:49.427+0000] {logging_mixin.py:188} INFO - [2025-11-10T10:22:49.426+0000] {dag.py:3036} INFO - Sync 1 DAGs
[2025-11-10T10:22:49.548+0000] {logging_mixin.py:188} INFO - [2025-11-10T10:22:49.548+0000] {dag.py:3823} INFO - Setting next_dagrun for dags_python_task_Decorator to 2025-11-09 17:00:00+00:00, run_after=2025-11-16 17:00:00+00:00
[2025-11-10T10:22:49.627+0000] {processor.py:183} INFO - Processing /opt/airflow/dags/dags_python_task_decorator.py took 0.374 seconds
[2025-11-10T10:23:19.838+0000] {processor.py:161} INFO - Started process (PID=18229) to work on /opt/airflow/dags/dags_python_task_decorator.py
[2025-11-10T10:23:19.840+0000] {processor.py:830} INFO - Processing file /opt/airflow/dags/dags_python_task_decorator.py for tasks to queue
[2025-11-10T10:23:19.842+0000] {logging_mixin.py:188} INFO - [2025-11-10T10:23:19.841+0000] {dagbag.py:538} INFO - Filling up the DagBag from /opt/airflow/dags/dags_python_task_decorator.py
[2025-11-10T10:23:19.874+0000] {processor.py:840} INFO - DAG(s) 'dags_python_task_Decorator' retrieved from /opt/airflow/dags/dags_python_task_decorator.py
[2025-11-10T10:23:19.906+0000] {logging_mixin.py:188} INFO - [2025-11-10T10:23:19.906+0000] {dag.py:3036} INFO - Sync 1 DAGs
[2025-11-10T10:23:19.943+0000] {logging_mixin.py:188} INFO - [2025-11-10T10:23:19.943+0000] {dag.py:3823} INFO - Setting next_dagrun for dags_python_task_Decorator to 2025-11-09 17:00:00+00:00, run_after=2025-11-16 17:00:00+00:00
[2025-11-10T10:23:19.981+0000] {processor.py:183} INFO - Processing /opt/airflow/dags/dags_python_task_decorator.py took 0.148 seconds
[2025-11-10T10:23:50.453+0000] {processor.py:161} INFO - Started process (PID=18288) to work on /opt/airflow/dags/dags_python_task_decorator.py
[2025-11-10T10:23:50.456+0000] {processor.py:830} INFO - Processing file /opt/airflow/dags/dags_python_task_decorator.py for tasks to queue
[2025-11-10T10:23:50.459+0000] {logging_mixin.py:188} INFO - [2025-11-10T10:23:50.458+0000] {dagbag.py:538} INFO - Filling up the DagBag from /opt/airflow/dags/dags_python_task_decorator.py
[2025-11-10T10:23:50.508+0000] {processor.py:840} INFO - DAG(s) 'dags_python_task_Decorator' retrieved from /opt/airflow/dags/dags_python_task_decorator.py
[2025-11-10T10:23:50.553+0000] {logging_mixin.py:188} INFO - [2025-11-10T10:23:50.552+0000] {dag.py:3036} INFO - Sync 1 DAGs
[2025-11-10T10:23:50.603+0000] {logging_mixin.py:188} INFO - [2025-11-10T10:23:50.602+0000] {dag.py:3823} INFO - Setting next_dagrun for dags_python_task_Decorator to 2025-11-09 17:00:00+00:00, run_after=2025-11-16 17:00:00+00:00
[2025-11-10T10:23:50.662+0000] {processor.py:183} INFO - Processing /opt/airflow/dags/dags_python_task_decorator.py took 0.218 seconds
[2025-11-10T10:24:20.770+0000] {processor.py:161} INFO - Started process (PID=18347) to work on /opt/airflow/dags/dags_python_task_decorator.py
[2025-11-10T10:24:20.772+0000] {processor.py:830} INFO - Processing file /opt/airflow/dags/dags_python_task_decorator.py for tasks to queue
[2025-11-10T10:24:20.775+0000] {logging_mixin.py:188} INFO - [2025-11-10T10:24:20.774+0000] {dagbag.py:538} INFO - Filling up the DagBag from /opt/airflow/dags/dags_python_task_decorator.py
[2025-11-10T10:24:20.821+0000] {processor.py:840} INFO - DAG(s) 'dags_python_task_Decorator' retrieved from /opt/airflow/dags/dags_python_task_decorator.py
[2025-11-10T10:24:20.871+0000] {logging_mixin.py:188} INFO - [2025-11-10T10:24:20.871+0000] {dag.py:3036} INFO - Sync 1 DAGs
[2025-11-10T10:24:20.928+0000] {logging_mixin.py:188} INFO - [2025-11-10T10:24:20.928+0000] {dag.py:3823} INFO - Setting next_dagrun for dags_python_task_Decorator to 2025-11-09 17:00:00+00:00, run_after=2025-11-16 17:00:00+00:00
[2025-11-10T10:24:20.982+0000] {processor.py:183} INFO - Processing /opt/airflow/dags/dags_python_task_decorator.py took 0.221 seconds
[2025-11-10T10:24:51.403+0000] {processor.py:161} INFO - Started process (PID=18406) to work on /opt/airflow/dags/dags_python_task_decorator.py
[2025-11-10T10:24:51.405+0000] {processor.py:830} INFO - Processing file /opt/airflow/dags/dags_python_task_decorator.py for tasks to queue
[2025-11-10T10:24:51.407+0000] {logging_mixin.py:188} INFO - [2025-11-10T10:24:51.406+0000] {dagbag.py:538} INFO - Filling up the DagBag from /opt/airflow/dags/dags_python_task_decorator.py
[2025-11-10T10:24:51.445+0000] {processor.py:840} INFO - DAG(s) 'dags_python_task_Decorator' retrieved from /opt/airflow/dags/dags_python_task_decorator.py
[2025-11-10T10:24:51.483+0000] {logging_mixin.py:188} INFO - [2025-11-10T10:24:51.483+0000] {dag.py:3036} INFO - Sync 1 DAGs
[2025-11-10T10:24:51.523+0000] {logging_mixin.py:188} INFO - [2025-11-10T10:24:51.522+0000] {dag.py:3823} INFO - Setting next_dagrun for dags_python_task_Decorator to 2025-11-09 17:00:00+00:00, run_after=2025-11-16 17:00:00+00:00
[2025-11-10T10:24:51.557+0000] {processor.py:183} INFO - Processing /opt/airflow/dags/dags_python_task_decorator.py took 0.160 seconds
[2025-11-10T10:25:21.802+0000] {processor.py:161} INFO - Started process (PID=18463) to work on /opt/airflow/dags/dags_python_task_decorator.py
[2025-11-10T10:25:21.805+0000] {processor.py:830} INFO - Processing file /opt/airflow/dags/dags_python_task_decorator.py for tasks to queue
[2025-11-10T10:25:21.809+0000] {logging_mixin.py:188} INFO - [2025-11-10T10:25:21.808+0000] {dagbag.py:538} INFO - Filling up the DagBag from /opt/airflow/dags/dags_python_task_decorator.py
[2025-11-10T10:25:21.855+0000] {processor.py:840} INFO - DAG(s) 'dags_python_task_Decorator' retrieved from /opt/airflow/dags/dags_python_task_decorator.py
[2025-11-10T10:25:21.907+0000] {logging_mixin.py:188} INFO - [2025-11-10T10:25:21.906+0000] {dag.py:3036} INFO - Sync 1 DAGs
[2025-11-10T10:25:21.965+0000] {logging_mixin.py:188} INFO - [2025-11-10T10:25:21.965+0000] {dag.py:3823} INFO - Setting next_dagrun for dags_python_task_Decorator to 2025-11-09 17:00:00+00:00, run_after=2025-11-16 17:00:00+00:00
[2025-11-10T10:25:22.021+0000] {processor.py:183} INFO - Processing /opt/airflow/dags/dags_python_task_decorator.py took 0.229 seconds
[2025-11-10T10:25:52.332+0000] {processor.py:161} INFO - Started process (PID=18519) to work on /opt/airflow/dags/dags_python_task_decorator.py
[2025-11-10T10:25:52.339+0000] {processor.py:830} INFO - Processing file /opt/airflow/dags/dags_python_task_decorator.py for tasks to queue
[2025-11-10T10:25:52.346+0000] {logging_mixin.py:188} INFO - [2025-11-10T10:25:52.344+0000] {dagbag.py:538} INFO - Filling up the DagBag from /opt/airflow/dags/dags_python_task_decorator.py
[2025-11-10T10:25:52.462+0000] {processor.py:840} INFO - DAG(s) 'dags_python_task_Decorator' retrieved from /opt/airflow/dags/dags_python_task_decorator.py
[2025-11-10T10:25:52.553+0000] {logging_mixin.py:188} INFO - [2025-11-10T10:25:52.552+0000] {dag.py:3036} INFO - Sync 1 DAGs
[2025-11-10T10:25:52.682+0000] {logging_mixin.py:188} INFO - [2025-11-10T10:25:52.681+0000] {dag.py:3823} INFO - Setting next_dagrun for dags_python_task_Decorator to 2025-11-09 17:00:00+00:00, run_after=2025-11-16 17:00:00+00:00
[2025-11-10T10:25:52.779+0000] {processor.py:183} INFO - Processing /opt/airflow/dags/dags_python_task_decorator.py took 0.461 seconds
[2025-11-10T10:26:23.681+0000] {processor.py:161} INFO - Started process (PID=18578) to work on /opt/airflow/dags/dags_python_task_decorator.py
[2025-11-10T10:26:23.684+0000] {processor.py:830} INFO - Processing file /opt/airflow/dags/dags_python_task_decorator.py for tasks to queue
[2025-11-10T10:26:23.687+0000] {logging_mixin.py:188} INFO - [2025-11-10T10:26:23.686+0000] {dagbag.py:538} INFO - Filling up the DagBag from /opt/airflow/dags/dags_python_task_decorator.py
[2025-11-10T10:26:23.732+0000] {processor.py:840} INFO - DAG(s) 'dags_python_task_Decorator' retrieved from /opt/airflow/dags/dags_python_task_decorator.py
[2025-11-10T10:26:23.793+0000] {logging_mixin.py:188} INFO - [2025-11-10T10:26:23.792+0000] {dag.py:3036} INFO - Sync 1 DAGs
[2025-11-10T10:26:23.881+0000] {logging_mixin.py:188} INFO - [2025-11-10T10:26:23.881+0000] {dag.py:3823} INFO - Setting next_dagrun for dags_python_task_Decorator to 2025-11-09 17:00:00+00:00, run_after=2025-11-16 17:00:00+00:00
[2025-11-10T10:26:23.948+0000] {processor.py:183} INFO - Processing /opt/airflow/dags/dags_python_task_decorator.py took 0.279 seconds
[2025-11-10T10:26:54.564+0000] {processor.py:161} INFO - Started process (PID=18637) to work on /opt/airflow/dags/dags_python_task_decorator.py
[2025-11-10T10:26:54.566+0000] {processor.py:830} INFO - Processing file /opt/airflow/dags/dags_python_task_decorator.py for tasks to queue
[2025-11-10T10:26:54.569+0000] {logging_mixin.py:188} INFO - [2025-11-10T10:26:54.569+0000] {dagbag.py:538} INFO - Filling up the DagBag from /opt/airflow/dags/dags_python_task_decorator.py
[2025-11-10T10:26:54.603+0000] {processor.py:840} INFO - DAG(s) 'dags_python_task_Decorator' retrieved from /opt/airflow/dags/dags_python_task_decorator.py
[2025-11-10T10:26:54.637+0000] {logging_mixin.py:188} INFO - [2025-11-10T10:26:54.637+0000] {dag.py:3036} INFO - Sync 1 DAGs
[2025-11-10T10:26:54.690+0000] {logging_mixin.py:188} INFO - [2025-11-10T10:26:54.690+0000] {dag.py:3823} INFO - Setting next_dagrun for dags_python_task_Decorator to 2025-11-09 17:00:00+00:00, run_after=2025-11-16 17:00:00+00:00
[2025-11-10T10:26:54.768+0000] {processor.py:183} INFO - Processing /opt/airflow/dags/dags_python_task_decorator.py took 0.210 seconds
[2025-11-10T10:27:25.023+0000] {processor.py:161} INFO - Started process (PID=18696) to work on /opt/airflow/dags/dags_python_task_decorator.py
[2025-11-10T10:27:25.028+0000] {processor.py:830} INFO - Processing file /opt/airflow/dags/dags_python_task_decorator.py for tasks to queue
[2025-11-10T10:27:25.033+0000] {logging_mixin.py:188} INFO - [2025-11-10T10:27:25.032+0000] {dagbag.py:538} INFO - Filling up the DagBag from /opt/airflow/dags/dags_python_task_decorator.py
[2025-11-10T10:27:25.087+0000] {processor.py:840} INFO - DAG(s) 'dags_python_task_Decorator' retrieved from /opt/airflow/dags/dags_python_task_decorator.py
[2025-11-10T10:27:25.160+0000] {logging_mixin.py:188} INFO - [2025-11-10T10:27:25.159+0000] {dag.py:3036} INFO - Sync 1 DAGs
[2025-11-10T10:27:25.230+0000] {logging_mixin.py:188} INFO - [2025-11-10T10:27:25.229+0000] {dag.py:3823} INFO - Setting next_dagrun for dags_python_task_Decorator to 2025-11-09 17:00:00+00:00, run_after=2025-11-16 17:00:00+00:00
[2025-11-10T10:27:25.289+0000] {processor.py:183} INFO - Processing /opt/airflow/dags/dags_python_task_decorator.py took 0.276 seconds
[2025-11-10T10:27:55.730+0000] {processor.py:161} INFO - Started process (PID=18755) to work on /opt/airflow/dags/dags_python_task_decorator.py
[2025-11-10T10:27:55.733+0000] {processor.py:830} INFO - Processing file /opt/airflow/dags/dags_python_task_decorator.py for tasks to queue
[2025-11-10T10:27:55.735+0000] {logging_mixin.py:188} INFO - [2025-11-10T10:27:55.734+0000] {dagbag.py:538} INFO - Filling up the DagBag from /opt/airflow/dags/dags_python_task_decorator.py
[2025-11-10T10:27:55.781+0000] {processor.py:840} INFO - DAG(s) 'dags_python_task_Decorator' retrieved from /opt/airflow/dags/dags_python_task_decorator.py
[2025-11-10T10:27:55.838+0000] {logging_mixin.py:188} INFO - [2025-11-10T10:27:55.838+0000] {dag.py:3036} INFO - Sync 1 DAGs
[2025-11-10T10:27:55.902+0000] {logging_mixin.py:188} INFO - [2025-11-10T10:27:55.901+0000] {dag.py:3823} INFO - Setting next_dagrun for dags_python_task_Decorator to 2025-11-09 17:00:00+00:00, run_after=2025-11-16 17:00:00+00:00
[2025-11-10T10:27:55.964+0000] {processor.py:183} INFO - Processing /opt/airflow/dags/dags_python_task_decorator.py took 0.243 seconds
[2025-11-10T10:28:26.285+0000] {processor.py:161} INFO - Started process (PID=18814) to work on /opt/airflow/dags/dags_python_task_decorator.py
[2025-11-10T10:28:26.287+0000] {processor.py:830} INFO - Processing file /opt/airflow/dags/dags_python_task_decorator.py for tasks to queue
[2025-11-10T10:28:26.289+0000] {logging_mixin.py:188} INFO - [2025-11-10T10:28:26.289+0000] {dagbag.py:538} INFO - Filling up the DagBag from /opt/airflow/dags/dags_python_task_decorator.py
[2025-11-10T10:28:26.323+0000] {processor.py:840} INFO - DAG(s) 'dags_python_task_Decorator' retrieved from /opt/airflow/dags/dags_python_task_decorator.py
[2025-11-10T10:28:26.357+0000] {logging_mixin.py:188} INFO - [2025-11-10T10:28:26.357+0000] {dag.py:3036} INFO - Sync 1 DAGs
[2025-11-10T10:28:26.411+0000] {logging_mixin.py:188} INFO - [2025-11-10T10:28:26.411+0000] {dag.py:3823} INFO - Setting next_dagrun for dags_python_task_Decorator to 2025-11-09 17:00:00+00:00, run_after=2025-11-16 17:00:00+00:00
[2025-11-10T10:28:26.470+0000] {processor.py:183} INFO - Processing /opt/airflow/dags/dags_python_task_decorator.py took 0.192 seconds
[2025-11-10T10:28:56.611+0000] {processor.py:161} INFO - Started process (PID=18873) to work on /opt/airflow/dags/dags_python_task_decorator.py
[2025-11-10T10:28:56.613+0000] {processor.py:830} INFO - Processing file /opt/airflow/dags/dags_python_task_decorator.py for tasks to queue
[2025-11-10T10:28:56.616+0000] {logging_mixin.py:188} INFO - [2025-11-10T10:28:56.615+0000] {dagbag.py:538} INFO - Filling up the DagBag from /opt/airflow/dags/dags_python_task_decorator.py
[2025-11-10T10:28:56.639+0000] {processor.py:840} INFO - DAG(s) 'dags_python_task_Decorator' retrieved from /opt/airflow/dags/dags_python_task_decorator.py
[2025-11-10T10:28:56.665+0000] {logging_mixin.py:188} INFO - [2025-11-10T10:28:56.665+0000] {dag.py:3036} INFO - Sync 1 DAGs
[2025-11-10T10:28:56.694+0000] {logging_mixin.py:188} INFO - [2025-11-10T10:28:56.693+0000] {dag.py:3823} INFO - Setting next_dagrun for dags_python_task_Decorator to 2025-11-09 17:00:00+00:00, run_after=2025-11-16 17:00:00+00:00
[2025-11-10T10:28:56.729+0000] {processor.py:183} INFO - Processing /opt/airflow/dags/dags_python_task_decorator.py took 0.123 seconds
[2025-11-10T10:29:26.958+0000] {processor.py:161} INFO - Started process (PID=18932) to work on /opt/airflow/dags/dags_python_task_decorator.py
[2025-11-10T10:29:26.960+0000] {processor.py:830} INFO - Processing file /opt/airflow/dags/dags_python_task_decorator.py for tasks to queue
[2025-11-10T10:29:26.962+0000] {logging_mixin.py:188} INFO - [2025-11-10T10:29:26.962+0000] {dagbag.py:538} INFO - Filling up the DagBag from /opt/airflow/dags/dags_python_task_decorator.py
[2025-11-10T10:29:27.010+0000] {processor.py:840} INFO - DAG(s) 'dags_python_task_Decorator' retrieved from /opt/airflow/dags/dags_python_task_decorator.py
[2025-11-10T10:29:27.060+0000] {logging_mixin.py:188} INFO - [2025-11-10T10:29:27.060+0000] {dag.py:3036} INFO - Sync 1 DAGs
[2025-11-10T10:29:27.114+0000] {logging_mixin.py:188} INFO - [2025-11-10T10:29:27.114+0000] {dag.py:3823} INFO - Setting next_dagrun for dags_python_task_Decorator to 2025-11-09 17:00:00+00:00, run_after=2025-11-16 17:00:00+00:00
[2025-11-10T10:29:27.158+0000] {processor.py:183} INFO - Processing /opt/airflow/dags/dags_python_task_decorator.py took 0.209 seconds
[2025-11-10T10:29:57.585+0000] {processor.py:161} INFO - Started process (PID=18991) to work on /opt/airflow/dags/dags_python_task_decorator.py
[2025-11-10T10:29:57.587+0000] {processor.py:830} INFO - Processing file /opt/airflow/dags/dags_python_task_decorator.py for tasks to queue
[2025-11-10T10:29:57.589+0000] {logging_mixin.py:188} INFO - [2025-11-10T10:29:57.589+0000] {dagbag.py:538} INFO - Filling up the DagBag from /opt/airflow/dags/dags_python_task_decorator.py
[2025-11-10T10:29:57.623+0000] {processor.py:840} INFO - DAG(s) 'dags_python_task_Decorator' retrieved from /opt/airflow/dags/dags_python_task_decorator.py
[2025-11-10T10:29:57.660+0000] {logging_mixin.py:188} INFO - [2025-11-10T10:29:57.660+0000] {dag.py:3036} INFO - Sync 1 DAGs
[2025-11-10T10:29:57.722+0000] {logging_mixin.py:188} INFO - [2025-11-10T10:29:57.722+0000] {dag.py:3823} INFO - Setting next_dagrun for dags_python_task_Decorator to 2025-11-09 17:00:00+00:00, run_after=2025-11-16 17:00:00+00:00
[2025-11-10T10:29:57.766+0000] {processor.py:183} INFO - Processing /opt/airflow/dags/dags_python_task_decorator.py took 0.187 seconds
[2025-11-10T10:30:28.590+0000] {processor.py:161} INFO - Started process (PID=19050) to work on /opt/airflow/dags/dags_python_task_decorator.py
[2025-11-10T10:30:28.592+0000] {processor.py:830} INFO - Processing file /opt/airflow/dags/dags_python_task_decorator.py for tasks to queue
[2025-11-10T10:30:28.594+0000] {logging_mixin.py:188} INFO - [2025-11-10T10:30:28.594+0000] {dagbag.py:538} INFO - Filling up the DagBag from /opt/airflow/dags/dags_python_task_decorator.py
[2025-11-10T10:30:28.624+0000] {processor.py:840} INFO - DAG(s) 'dags_python_task_Decorator' retrieved from /opt/airflow/dags/dags_python_task_decorator.py
[2025-11-10T10:30:28.659+0000] {logging_mixin.py:188} INFO - [2025-11-10T10:30:28.659+0000] {dag.py:3036} INFO - Sync 1 DAGs
[2025-11-10T10:30:28.706+0000] {logging_mixin.py:188} INFO - [2025-11-10T10:30:28.706+0000] {dag.py:3823} INFO - Setting next_dagrun for dags_python_task_Decorator to 2025-11-09 17:00:00+00:00, run_after=2025-11-16 17:00:00+00:00
[2025-11-10T10:30:28.751+0000] {processor.py:183} INFO - Processing /opt/airflow/dags/dags_python_task_decorator.py took 0.167 seconds
[2025-11-10T10:30:59.774+0000] {processor.py:161} INFO - Started process (PID=19109) to work on /opt/airflow/dags/dags_python_task_decorator.py
[2025-11-10T10:30:59.777+0000] {processor.py:830} INFO - Processing file /opt/airflow/dags/dags_python_task_decorator.py for tasks to queue
[2025-11-10T10:30:59.779+0000] {logging_mixin.py:188} INFO - [2025-11-10T10:30:59.779+0000] {dagbag.py:538} INFO - Filling up the DagBag from /opt/airflow/dags/dags_python_task_decorator.py
[2025-11-10T10:30:59.823+0000] {processor.py:840} INFO - DAG(s) 'dags_python_task_Decorator' retrieved from /opt/airflow/dags/dags_python_task_decorator.py
[2025-11-10T10:30:59.889+0000] {logging_mixin.py:188} INFO - [2025-11-10T10:30:59.889+0000] {dag.py:3036} INFO - Sync 1 DAGs
[2025-11-10T10:30:59.956+0000] {logging_mixin.py:188} INFO - [2025-11-10T10:30:59.956+0000] {dag.py:3823} INFO - Setting next_dagrun for dags_python_task_Decorator to 2025-11-09 17:00:00+00:00, run_after=2025-11-16 17:00:00+00:00
[2025-11-10T10:31:00.025+0000] {processor.py:183} INFO - Processing /opt/airflow/dags/dags_python_task_decorator.py took 0.261 seconds
[2025-11-10T10:31:30.275+0000] {processor.py:161} INFO - Started process (PID=19168) to work on /opt/airflow/dags/dags_python_task_decorator.py
[2025-11-10T10:31:30.278+0000] {processor.py:830} INFO - Processing file /opt/airflow/dags/dags_python_task_decorator.py for tasks to queue
[2025-11-10T10:31:30.283+0000] {logging_mixin.py:188} INFO - [2025-11-10T10:31:30.281+0000] {dagbag.py:538} INFO - Filling up the DagBag from /opt/airflow/dags/dags_python_task_decorator.py
[2025-11-10T10:31:30.356+0000] {processor.py:840} INFO - DAG(s) 'dags_python_task_Decorator' retrieved from /opt/airflow/dags/dags_python_task_decorator.py
[2025-11-10T10:31:30.450+0000] {logging_mixin.py:188} INFO - [2025-11-10T10:31:30.449+0000] {dag.py:3036} INFO - Sync 1 DAGs
[2025-11-10T10:31:30.507+0000] {logging_mixin.py:188} INFO - [2025-11-10T10:31:30.507+0000] {dag.py:3823} INFO - Setting next_dagrun for dags_python_task_Decorator to 2025-11-09 17:00:00+00:00, run_after=2025-11-16 17:00:00+00:00
[2025-11-10T10:31:30.557+0000] {processor.py:183} INFO - Processing /opt/airflow/dags/dags_python_task_decorator.py took 0.299 seconds
[2025-11-10T10:32:01.368+0000] {processor.py:161} INFO - Started process (PID=19227) to work on /opt/airflow/dags/dags_python_task_decorator.py
[2025-11-10T10:32:01.370+0000] {processor.py:830} INFO - Processing file /opt/airflow/dags/dags_python_task_decorator.py for tasks to queue
[2025-11-10T10:32:01.373+0000] {logging_mixin.py:188} INFO - [2025-11-10T10:32:01.372+0000] {dagbag.py:538} INFO - Filling up the DagBag from /opt/airflow/dags/dags_python_task_decorator.py
[2025-11-10T10:32:01.403+0000] {processor.py:840} INFO - DAG(s) 'dags_python_task_Decorator' retrieved from /opt/airflow/dags/dags_python_task_decorator.py
[2025-11-10T10:32:01.437+0000] {logging_mixin.py:188} INFO - [2025-11-10T10:32:01.437+0000] {dag.py:3036} INFO - Sync 1 DAGs
[2025-11-10T10:32:01.480+0000] {logging_mixin.py:188} INFO - [2025-11-10T10:32:01.480+0000] {dag.py:3823} INFO - Setting next_dagrun for dags_python_task_Decorator to 2025-11-09 17:00:00+00:00, run_after=2025-11-16 17:00:00+00:00
[2025-11-10T10:32:01.530+0000] {processor.py:183} INFO - Processing /opt/airflow/dags/dags_python_task_decorator.py took 0.167 seconds
[2025-11-10T10:32:32.428+0000] {processor.py:161} INFO - Started process (PID=19286) to work on /opt/airflow/dags/dags_python_task_decorator.py
[2025-11-10T10:32:32.430+0000] {processor.py:830} INFO - Processing file /opt/airflow/dags/dags_python_task_decorator.py for tasks to queue
[2025-11-10T10:32:32.431+0000] {logging_mixin.py:188} INFO - [2025-11-10T10:32:32.431+0000] {dagbag.py:538} INFO - Filling up the DagBag from /opt/airflow/dags/dags_python_task_decorator.py
[2025-11-10T10:32:32.466+0000] {processor.py:840} INFO - DAG(s) 'dags_python_task_Decorator' retrieved from /opt/airflow/dags/dags_python_task_decorator.py
[2025-11-10T10:32:32.506+0000] {logging_mixin.py:188} INFO - [2025-11-10T10:32:32.505+0000] {dag.py:3036} INFO - Sync 1 DAGs
[2025-11-10T10:32:32.549+0000] {logging_mixin.py:188} INFO - [2025-11-10T10:32:32.548+0000] {dag.py:3823} INFO - Setting next_dagrun for dags_python_task_Decorator to 2025-11-09 17:00:00+00:00, run_after=2025-11-16 17:00:00+00:00
[2025-11-10T10:32:32.596+0000] {processor.py:183} INFO - Processing /opt/airflow/dags/dags_python_task_decorator.py took 0.173 seconds
[2025-11-10T10:33:03.454+0000] {processor.py:161} INFO - Started process (PID=19344) to work on /opt/airflow/dags/dags_python_task_decorator.py
[2025-11-10T10:33:03.456+0000] {processor.py:830} INFO - Processing file /opt/airflow/dags/dags_python_task_decorator.py for tasks to queue
[2025-11-10T10:33:03.457+0000] {logging_mixin.py:188} INFO - [2025-11-10T10:33:03.457+0000] {dagbag.py:538} INFO - Filling up the DagBag from /opt/airflow/dags/dags_python_task_decorator.py
[2025-11-10T10:33:03.491+0000] {processor.py:840} INFO - DAG(s) 'dags_python_task_Decorator' retrieved from /opt/airflow/dags/dags_python_task_decorator.py
[2025-11-10T10:33:03.529+0000] {logging_mixin.py:188} INFO - [2025-11-10T10:33:03.529+0000] {dag.py:3036} INFO - Sync 1 DAGs
[2025-11-10T10:33:03.584+0000] {logging_mixin.py:188} INFO - [2025-11-10T10:33:03.584+0000] {dag.py:3823} INFO - Setting next_dagrun for dags_python_task_Decorator to 2025-11-09 17:00:00+00:00, run_after=2025-11-16 17:00:00+00:00
[2025-11-10T10:33:03.621+0000] {processor.py:183} INFO - Processing /opt/airflow/dags/dags_python_task_decorator.py took 0.172 seconds
[2025-11-10T10:33:34.105+0000] {processor.py:161} INFO - Started process (PID=19403) to work on /opt/airflow/dags/dags_python_task_decorator.py
[2025-11-10T10:33:34.107+0000] {processor.py:830} INFO - Processing file /opt/airflow/dags/dags_python_task_decorator.py for tasks to queue
[2025-11-10T10:33:34.108+0000] {logging_mixin.py:188} INFO - [2025-11-10T10:33:34.108+0000] {dagbag.py:538} INFO - Filling up the DagBag from /opt/airflow/dags/dags_python_task_decorator.py
[2025-11-10T10:33:34.133+0000] {processor.py:840} INFO - DAG(s) 'dags_python_task_Decorator' retrieved from /opt/airflow/dags/dags_python_task_decorator.py
[2025-11-10T10:33:34.175+0000] {logging_mixin.py:188} INFO - [2025-11-10T10:33:34.175+0000] {dag.py:3036} INFO - Sync 1 DAGs
[2025-11-10T10:33:34.232+0000] {logging_mixin.py:188} INFO - [2025-11-10T10:33:34.232+0000] {dag.py:3823} INFO - Setting next_dagrun for dags_python_task_Decorator to 2025-11-09 17:00:00+00:00, run_after=2025-11-16 17:00:00+00:00
[2025-11-10T10:33:34.260+0000] {processor.py:183} INFO - Processing /opt/airflow/dags/dags_python_task_decorator.py took 0.160 seconds
[2025-11-10T10:34:04.596+0000] {processor.py:161} INFO - Started process (PID=19462) to work on /opt/airflow/dags/dags_python_task_decorator.py
[2025-11-10T10:34:04.598+0000] {processor.py:830} INFO - Processing file /opt/airflow/dags/dags_python_task_decorator.py for tasks to queue
[2025-11-10T10:34:04.601+0000] {logging_mixin.py:188} INFO - [2025-11-10T10:34:04.600+0000] {dagbag.py:538} INFO - Filling up the DagBag from /opt/airflow/dags/dags_python_task_decorator.py
[2025-11-10T10:34:04.639+0000] {processor.py:840} INFO - DAG(s) 'dags_python_task_Decorator' retrieved from /opt/airflow/dags/dags_python_task_decorator.py
[2025-11-10T10:34:04.680+0000] {logging_mixin.py:188} INFO - [2025-11-10T10:34:04.680+0000] {dag.py:3036} INFO - Sync 1 DAGs
[2025-11-10T10:34:04.728+0000] {logging_mixin.py:188} INFO - [2025-11-10T10:34:04.727+0000] {dag.py:3823} INFO - Setting next_dagrun for dags_python_task_Decorator to 2025-11-09 17:00:00+00:00, run_after=2025-11-16 17:00:00+00:00
[2025-11-10T10:34:04.763+0000] {processor.py:183} INFO - Processing /opt/airflow/dags/dags_python_task_decorator.py took 0.173 seconds
[2025-11-10T10:34:35.011+0000] {processor.py:161} INFO - Started process (PID=19521) to work on /opt/airflow/dags/dags_python_task_decorator.py
[2025-11-10T10:34:35.013+0000] {processor.py:830} INFO - Processing file /opt/airflow/dags/dags_python_task_decorator.py for tasks to queue
[2025-11-10T10:34:35.016+0000] {logging_mixin.py:188} INFO - [2025-11-10T10:34:35.015+0000] {dagbag.py:538} INFO - Filling up the DagBag from /opt/airflow/dags/dags_python_task_decorator.py
[2025-11-10T10:34:35.048+0000] {processor.py:840} INFO - DAG(s) 'dags_python_task_Decorator' retrieved from /opt/airflow/dags/dags_python_task_decorator.py
[2025-11-10T10:34:35.081+0000] {logging_mixin.py:188} INFO - [2025-11-10T10:34:35.081+0000] {dag.py:3036} INFO - Sync 1 DAGs
[2025-11-10T10:34:35.121+0000] {logging_mixin.py:188} INFO - [2025-11-10T10:34:35.120+0000] {dag.py:3823} INFO - Setting next_dagrun for dags_python_task_Decorator to 2025-11-09 17:00:00+00:00, run_after=2025-11-16 17:00:00+00:00
[2025-11-10T10:34:35.158+0000] {processor.py:183} INFO - Processing /opt/airflow/dags/dags_python_task_decorator.py took 0.155 seconds
[2025-11-10T10:35:05.653+0000] {processor.py:161} INFO - Started process (PID=19580) to work on /opt/airflow/dags/dags_python_task_decorator.py
[2025-11-10T10:35:05.655+0000] {processor.py:830} INFO - Processing file /opt/airflow/dags/dags_python_task_decorator.py for tasks to queue
[2025-11-10T10:35:05.657+0000] {logging_mixin.py:188} INFO - [2025-11-10T10:35:05.656+0000] {dagbag.py:538} INFO - Filling up the DagBag from /opt/airflow/dags/dags_python_task_decorator.py
[2025-11-10T10:35:05.695+0000] {processor.py:840} INFO - DAG(s) 'dags_python_task_Decorator' retrieved from /opt/airflow/dags/dags_python_task_decorator.py
[2025-11-10T10:35:05.747+0000] {logging_mixin.py:188} INFO - [2025-11-10T10:35:05.746+0000] {dag.py:3036} INFO - Sync 1 DAGs
[2025-11-10T10:35:05.828+0000] {logging_mixin.py:188} INFO - [2025-11-10T10:35:05.827+0000] {dag.py:3823} INFO - Setting next_dagrun for dags_python_task_Decorator to 2025-11-09 17:00:00+00:00, run_after=2025-11-16 17:00:00+00:00
[2025-11-10T10:35:05.888+0000] {processor.py:183} INFO - Processing /opt/airflow/dags/dags_python_task_decorator.py took 0.242 seconds
[2025-11-10T10:35:36.008+0000] {processor.py:161} INFO - Started process (PID=19639) to work on /opt/airflow/dags/dags_python_task_decorator.py
[2025-11-10T10:35:36.010+0000] {processor.py:830} INFO - Processing file /opt/airflow/dags/dags_python_task_decorator.py for tasks to queue
[2025-11-10T10:35:36.011+0000] {logging_mixin.py:188} INFO - [2025-11-10T10:35:36.011+0000] {dagbag.py:538} INFO - Filling up the DagBag from /opt/airflow/dags/dags_python_task_decorator.py
[2025-11-10T10:35:36.039+0000] {processor.py:840} INFO - DAG(s) 'dags_python_task_Decorator' retrieved from /opt/airflow/dags/dags_python_task_decorator.py
[2025-11-10T10:35:36.073+0000] {logging_mixin.py:188} INFO - [2025-11-10T10:35:36.072+0000] {dag.py:3036} INFO - Sync 1 DAGs
[2025-11-10T10:35:36.114+0000] {logging_mixin.py:188} INFO - [2025-11-10T10:35:36.114+0000] {dag.py:3823} INFO - Setting next_dagrun for dags_python_task_Decorator to 2025-11-09 17:00:00+00:00, run_after=2025-11-16 17:00:00+00:00
[2025-11-10T10:35:36.154+0000] {processor.py:183} INFO - Processing /opt/airflow/dags/dags_python_task_decorator.py took 0.152 seconds
[2025-11-10T10:36:06.354+0000] {processor.py:161} INFO - Started process (PID=19698) to work on /opt/airflow/dags/dags_python_task_decorator.py
[2025-11-10T10:36:06.356+0000] {processor.py:830} INFO - Processing file /opt/airflow/dags/dags_python_task_decorator.py for tasks to queue
[2025-11-10T10:36:06.357+0000] {logging_mixin.py:188} INFO - [2025-11-10T10:36:06.357+0000] {dagbag.py:538} INFO - Filling up the DagBag from /opt/airflow/dags/dags_python_task_decorator.py
[2025-11-10T10:36:06.385+0000] {processor.py:840} INFO - DAG(s) 'dags_python_task_Decorator' retrieved from /opt/airflow/dags/dags_python_task_decorator.py
[2025-11-10T10:36:06.414+0000] {logging_mixin.py:188} INFO - [2025-11-10T10:36:06.414+0000] {dag.py:3036} INFO - Sync 1 DAGs
[2025-11-10T10:36:06.451+0000] {logging_mixin.py:188} INFO - [2025-11-10T10:36:06.451+0000] {dag.py:3823} INFO - Setting next_dagrun for dags_python_task_Decorator to 2025-11-09 17:00:00+00:00, run_after=2025-11-16 17:00:00+00:00
[2025-11-10T10:36:06.482+0000] {processor.py:183} INFO - Processing /opt/airflow/dags/dags_python_task_decorator.py took 0.132 seconds
[2025-11-10T10:36:36.635+0000] {processor.py:161} INFO - Started process (PID=19757) to work on /opt/airflow/dags/dags_python_task_decorator.py
[2025-11-10T10:36:36.638+0000] {processor.py:830} INFO - Processing file /opt/airflow/dags/dags_python_task_decorator.py for tasks to queue
[2025-11-10T10:36:36.642+0000] {logging_mixin.py:188} INFO - [2025-11-10T10:36:36.641+0000] {dagbag.py:538} INFO - Filling up the DagBag from /opt/airflow/dags/dags_python_task_decorator.py
[2025-11-10T10:36:36.694+0000] {processor.py:840} INFO - DAG(s) 'dags_python_task_Decorator' retrieved from /opt/airflow/dags/dags_python_task_decorator.py
[2025-11-10T10:36:36.755+0000] {logging_mixin.py:188} INFO - [2025-11-10T10:36:36.754+0000] {dag.py:3036} INFO - Sync 1 DAGs
[2025-11-10T10:36:36.843+0000] {logging_mixin.py:188} INFO - [2025-11-10T10:36:36.842+0000] {dag.py:3823} INFO - Setting next_dagrun for dags_python_task_Decorator to 2025-11-09 17:00:00+00:00, run_after=2025-11-16 17:00:00+00:00
[2025-11-10T10:36:36.892+0000] {processor.py:183} INFO - Processing /opt/airflow/dags/dags_python_task_decorator.py took 0.269 seconds
[2025-11-10T10:37:07.691+0000] {processor.py:161} INFO - Started process (PID=19816) to work on /opt/airflow/dags/dags_python_task_decorator.py
[2025-11-10T10:37:07.693+0000] {processor.py:830} INFO - Processing file /opt/airflow/dags/dags_python_task_decorator.py for tasks to queue
[2025-11-10T10:37:07.696+0000] {logging_mixin.py:188} INFO - [2025-11-10T10:37:07.695+0000] {dagbag.py:538} INFO - Filling up the DagBag from /opt/airflow/dags/dags_python_task_decorator.py
[2025-11-10T10:37:07.763+0000] {processor.py:840} INFO - DAG(s) 'dags_python_task_Decorator' retrieved from /opt/airflow/dags/dags_python_task_decorator.py
[2025-11-10T10:37:07.839+0000] {logging_mixin.py:188} INFO - [2025-11-10T10:37:07.838+0000] {dag.py:3036} INFO - Sync 1 DAGs
[2025-11-10T10:37:07.907+0000] {logging_mixin.py:188} INFO - [2025-11-10T10:37:07.906+0000] {dag.py:3823} INFO - Setting next_dagrun for dags_python_task_Decorator to 2025-11-09 17:00:00+00:00, run_after=2025-11-16 17:00:00+00:00
[2025-11-10T10:37:07.960+0000] {processor.py:183} INFO - Processing /opt/airflow/dags/dags_python_task_decorator.py took 0.279 seconds
[2025-11-10T10:37:38.873+0000] {processor.py:161} INFO - Started process (PID=19875) to work on /opt/airflow/dags/dags_python_task_decorator.py
[2025-11-10T10:37:38.878+0000] {processor.py:830} INFO - Processing file /opt/airflow/dags/dags_python_task_decorator.py for tasks to queue
[2025-11-10T10:37:38.881+0000] {logging_mixin.py:188} INFO - [2025-11-10T10:37:38.881+0000] {dagbag.py:538} INFO - Filling up the DagBag from /opt/airflow/dags/dags_python_task_decorator.py
[2025-11-10T10:37:38.971+0000] {processor.py:840} INFO - DAG(s) 'dags_python_task_Decorator' retrieved from /opt/airflow/dags/dags_python_task_decorator.py
[2025-11-10T10:37:39.036+0000] {logging_mixin.py:188} INFO - [2025-11-10T10:37:39.035+0000] {dag.py:3036} INFO - Sync 1 DAGs
[2025-11-10T10:37:39.124+0000] {logging_mixin.py:188} INFO - [2025-11-10T10:37:39.123+0000] {dag.py:3823} INFO - Setting next_dagrun for dags_python_task_Decorator to 2025-11-09 17:00:00+00:00, run_after=2025-11-16 17:00:00+00:00
[2025-11-10T10:37:39.189+0000] {processor.py:183} INFO - Processing /opt/airflow/dags/dags_python_task_decorator.py took 0.337 seconds
[2025-11-10T10:38:09.815+0000] {processor.py:161} INFO - Started process (PID=19934) to work on /opt/airflow/dags/dags_python_task_decorator.py
[2025-11-10T10:38:09.819+0000] {processor.py:830} INFO - Processing file /opt/airflow/dags/dags_python_task_decorator.py for tasks to queue
[2025-11-10T10:38:09.824+0000] {logging_mixin.py:188} INFO - [2025-11-10T10:38:09.822+0000] {dagbag.py:538} INFO - Filling up the DagBag from /opt/airflow/dags/dags_python_task_decorator.py
[2025-11-10T10:38:09.904+0000] {processor.py:840} INFO - DAG(s) 'dags_python_task_Decorator' retrieved from /opt/airflow/dags/dags_python_task_decorator.py
[2025-11-10T10:38:09.971+0000] {logging_mixin.py:188} INFO - [2025-11-10T10:38:09.971+0000] {dag.py:3036} INFO - Sync 1 DAGs
[2025-11-10T10:38:10.062+0000] {logging_mixin.py:188} INFO - [2025-11-10T10:38:10.061+0000] {dag.py:3823} INFO - Setting next_dagrun for dags_python_task_Decorator to 2025-11-09 17:00:00+00:00, run_after=2025-11-16 17:00:00+00:00
[2025-11-10T10:38:10.134+0000] {processor.py:183} INFO - Processing /opt/airflow/dags/dags_python_task_decorator.py took 0.333 seconds
[2025-11-10T10:38:40.353+0000] {processor.py:161} INFO - Started process (PID=19991) to work on /opt/airflow/dags/dags_python_task_decorator.py
[2025-11-10T10:38:40.356+0000] {processor.py:830} INFO - Processing file /opt/airflow/dags/dags_python_task_decorator.py for tasks to queue
[2025-11-10T10:38:40.359+0000] {logging_mixin.py:188} INFO - [2025-11-10T10:38:40.358+0000] {dagbag.py:538} INFO - Filling up the DagBag from /opt/airflow/dags/dags_python_task_decorator.py
[2025-11-10T10:38:40.405+0000] {processor.py:840} INFO - DAG(s) 'dags_python_task_Decorator' retrieved from /opt/airflow/dags/dags_python_task_decorator.py
[2025-11-10T10:38:40.469+0000] {logging_mixin.py:188} INFO - [2025-11-10T10:38:40.468+0000] {dag.py:3036} INFO - Sync 1 DAGs
[2025-11-10T10:38:40.533+0000] {logging_mixin.py:188} INFO - [2025-11-10T10:38:40.533+0000] {dag.py:3823} INFO - Setting next_dagrun for dags_python_task_Decorator to 2025-11-09 17:00:00+00:00, run_after=2025-11-16 17:00:00+00:00
[2025-11-10T10:38:40.588+0000] {processor.py:183} INFO - Processing /opt/airflow/dags/dags_python_task_decorator.py took 0.246 seconds
[2025-11-10T10:39:10.683+0000] {processor.py:161} INFO - Started process (PID=20050) to work on /opt/airflow/dags/dags_python_task_decorator.py
[2025-11-10T10:39:10.685+0000] {processor.py:830} INFO - Processing file /opt/airflow/dags/dags_python_task_decorator.py for tasks to queue
[2025-11-10T10:39:10.687+0000] {logging_mixin.py:188} INFO - [2025-11-10T10:39:10.686+0000] {dagbag.py:538} INFO - Filling up the DagBag from /opt/airflow/dags/dags_python_task_decorator.py
[2025-11-10T10:39:10.720+0000] {processor.py:840} INFO - DAG(s) 'dags_python_task_Decorator' retrieved from /opt/airflow/dags/dags_python_task_decorator.py
[2025-11-10T10:39:10.761+0000] {logging_mixin.py:188} INFO - [2025-11-10T10:39:10.760+0000] {dag.py:3036} INFO - Sync 1 DAGs
[2025-11-10T10:39:10.804+0000] {logging_mixin.py:188} INFO - [2025-11-10T10:39:10.804+0000] {dag.py:3823} INFO - Setting next_dagrun for dags_python_task_Decorator to 2025-11-09 17:00:00+00:00, run_after=2025-11-16 17:00:00+00:00
[2025-11-10T10:39:10.842+0000] {processor.py:183} INFO - Processing /opt/airflow/dags/dags_python_task_decorator.py took 0.166 seconds
[2025-11-10T10:39:41.629+0000] {processor.py:161} INFO - Started process (PID=20109) to work on /opt/airflow/dags/dags_python_task_decorator.py
[2025-11-10T10:39:41.632+0000] {processor.py:830} INFO - Processing file /opt/airflow/dags/dags_python_task_decorator.py for tasks to queue
[2025-11-10T10:39:41.634+0000] {logging_mixin.py:188} INFO - [2025-11-10T10:39:41.634+0000] {dagbag.py:538} INFO - Filling up the DagBag from /opt/airflow/dags/dags_python_task_decorator.py
[2025-11-10T10:39:41.685+0000] {processor.py:840} INFO - DAG(s) 'dags_python_task_Decorator' retrieved from /opt/airflow/dags/dags_python_task_decorator.py
[2025-11-10T10:39:41.767+0000] {logging_mixin.py:188} INFO - [2025-11-10T10:39:41.760+0000] {dag.py:3036} INFO - Sync 1 DAGs
[2025-11-10T10:39:41.928+0000] {logging_mixin.py:188} INFO - [2025-11-10T10:39:41.928+0000] {dag.py:3823} INFO - Setting next_dagrun for dags_python_task_Decorator to 2025-11-09 17:00:00+00:00, run_after=2025-11-16 17:00:00+00:00
[2025-11-10T10:39:42.075+0000] {processor.py:183} INFO - Processing /opt/airflow/dags/dags_python_task_decorator.py took 0.458 seconds
[2025-11-10T10:40:12.631+0000] {processor.py:161} INFO - Started process (PID=20168) to work on /opt/airflow/dags/dags_python_task_decorator.py
[2025-11-10T10:40:12.634+0000] {processor.py:830} INFO - Processing file /opt/airflow/dags/dags_python_task_decorator.py for tasks to queue
[2025-11-10T10:40:12.637+0000] {logging_mixin.py:188} INFO - [2025-11-10T10:40:12.636+0000] {dagbag.py:538} INFO - Filling up the DagBag from /opt/airflow/dags/dags_python_task_decorator.py
[2025-11-10T10:40:12.701+0000] {processor.py:840} INFO - DAG(s) 'dags_python_task_Decorator' retrieved from /opt/airflow/dags/dags_python_task_decorator.py
[2025-11-10T10:40:12.806+0000] {logging_mixin.py:188} INFO - [2025-11-10T10:40:12.806+0000] {dag.py:3036} INFO - Sync 1 DAGs
[2025-11-10T10:40:12.858+0000] {logging_mixin.py:188} INFO - [2025-11-10T10:40:12.857+0000] {dag.py:3823} INFO - Setting next_dagrun for dags_python_task_Decorator to 2025-11-09 17:00:00+00:00, run_after=2025-11-16 17:00:00+00:00
[2025-11-10T10:40:12.896+0000] {processor.py:183} INFO - Processing /opt/airflow/dags/dags_python_task_decorator.py took 0.276 seconds
[2025-11-10T10:40:43.275+0000] {processor.py:161} INFO - Started process (PID=20227) to work on /opt/airflow/dags/dags_python_task_decorator.py
[2025-11-10T10:40:43.279+0000] {processor.py:830} INFO - Processing file /opt/airflow/dags/dags_python_task_decorator.py for tasks to queue
[2025-11-10T10:40:43.281+0000] {logging_mixin.py:188} INFO - [2025-11-10T10:40:43.281+0000] {dagbag.py:538} INFO - Filling up the DagBag from /opt/airflow/dags/dags_python_task_decorator.py
[2025-11-10T10:40:43.324+0000] {processor.py:840} INFO - DAG(s) 'dags_python_task_Decorator' retrieved from /opt/airflow/dags/dags_python_task_decorator.py
[2025-11-10T10:40:43.386+0000] {logging_mixin.py:188} INFO - [2025-11-10T10:40:43.385+0000] {dag.py:3036} INFO - Sync 1 DAGs
[2025-11-10T10:40:43.442+0000] {logging_mixin.py:188} INFO - [2025-11-10T10:40:43.442+0000] {dag.py:3823} INFO - Setting next_dagrun for dags_python_task_Decorator to 2025-11-09 17:00:00+00:00, run_after=2025-11-16 17:00:00+00:00
[2025-11-10T10:40:43.489+0000] {processor.py:183} INFO - Processing /opt/airflow/dags/dags_python_task_decorator.py took 0.222 seconds
[2025-11-10T10:41:14.081+0000] {processor.py:161} INFO - Started process (PID=20286) to work on /opt/airflow/dags/dags_python_task_decorator.py
[2025-11-10T10:41:14.084+0000] {processor.py:830} INFO - Processing file /opt/airflow/dags/dags_python_task_decorator.py for tasks to queue
[2025-11-10T10:41:14.087+0000] {logging_mixin.py:188} INFO - [2025-11-10T10:41:14.086+0000] {dagbag.py:538} INFO - Filling up the DagBag from /opt/airflow/dags/dags_python_task_decorator.py
[2025-11-10T10:41:14.130+0000] {processor.py:840} INFO - DAG(s) 'dags_python_task_Decorator' retrieved from /opt/airflow/dags/dags_python_task_decorator.py
[2025-11-10T10:41:14.184+0000] {logging_mixin.py:188} INFO - [2025-11-10T10:41:14.184+0000] {dag.py:3036} INFO - Sync 1 DAGs
[2025-11-10T10:41:14.248+0000] {logging_mixin.py:188} INFO - [2025-11-10T10:41:14.247+0000] {dag.py:3823} INFO - Setting next_dagrun for dags_python_task_Decorator to 2025-11-09 17:00:00+00:00, run_after=2025-11-16 17:00:00+00:00
[2025-11-10T10:41:14.295+0000] {processor.py:183} INFO - Processing /opt/airflow/dags/dags_python_task_decorator.py took 0.223 seconds
[2025-11-10T10:41:45.144+0000] {processor.py:161} INFO - Started process (PID=20345) to work on /opt/airflow/dags/dags_python_task_decorator.py
[2025-11-10T10:41:45.147+0000] {processor.py:830} INFO - Processing file /opt/airflow/dags/dags_python_task_decorator.py for tasks to queue
[2025-11-10T10:41:45.149+0000] {logging_mixin.py:188} INFO - [2025-11-10T10:41:45.148+0000] {dagbag.py:538} INFO - Filling up the DagBag from /opt/airflow/dags/dags_python_task_decorator.py
[2025-11-10T10:41:45.186+0000] {processor.py:840} INFO - DAG(s) 'dags_python_task_Decorator' retrieved from /opt/airflow/dags/dags_python_task_decorator.py
[2025-11-10T10:41:45.230+0000] {logging_mixin.py:188} INFO - [2025-11-10T10:41:45.229+0000] {dag.py:3036} INFO - Sync 1 DAGs
[2025-11-10T10:41:45.286+0000] {logging_mixin.py:188} INFO - [2025-11-10T10:41:45.286+0000] {dag.py:3823} INFO - Setting next_dagrun for dags_python_task_Decorator to 2025-11-09 17:00:00+00:00, run_after=2025-11-16 17:00:00+00:00
[2025-11-10T10:41:45.324+0000] {processor.py:183} INFO - Processing /opt/airflow/dags/dags_python_task_decorator.py took 0.187 seconds
[2025-11-10T10:42:15.760+0000] {processor.py:161} INFO - Started process (PID=20404) to work on /opt/airflow/dags/dags_python_task_decorator.py
[2025-11-10T10:42:15.763+0000] {processor.py:830} INFO - Processing file /opt/airflow/dags/dags_python_task_decorator.py for tasks to queue
[2025-11-10T10:42:15.765+0000] {logging_mixin.py:188} INFO - [2025-11-10T10:42:15.765+0000] {dagbag.py:538} INFO - Filling up the DagBag from /opt/airflow/dags/dags_python_task_decorator.py
[2025-11-10T10:42:15.792+0000] {processor.py:840} INFO - DAG(s) 'dags_python_task_Decorator' retrieved from /opt/airflow/dags/dags_python_task_decorator.py
[2025-11-10T10:42:15.827+0000] {logging_mixin.py:188} INFO - [2025-11-10T10:42:15.827+0000] {dag.py:3036} INFO - Sync 1 DAGs
[2025-11-10T10:42:15.856+0000] {logging_mixin.py:188} INFO - [2025-11-10T10:42:15.856+0000] {dag.py:3823} INFO - Setting next_dagrun for dags_python_task_Decorator to 2025-11-09 17:00:00+00:00, run_after=2025-11-16 17:00:00+00:00
[2025-11-10T10:42:15.882+0000] {processor.py:183} INFO - Processing /opt/airflow/dags/dags_python_task_decorator.py took 0.127 seconds
[2025-11-10T10:42:46.275+0000] {processor.py:161} INFO - Started process (PID=20464) to work on /opt/airflow/dags/dags_python_task_decorator.py
[2025-11-10T10:42:46.277+0000] {processor.py:830} INFO - Processing file /opt/airflow/dags/dags_python_task_decorator.py for tasks to queue
[2025-11-10T10:42:46.279+0000] {logging_mixin.py:188} INFO - [2025-11-10T10:42:46.278+0000] {dagbag.py:538} INFO - Filling up the DagBag from /opt/airflow/dags/dags_python_task_decorator.py
[2025-11-10T10:42:46.309+0000] {processor.py:840} INFO - DAG(s) 'dags_python_task_Decorator' retrieved from /opt/airflow/dags/dags_python_task_decorator.py
[2025-11-10T10:42:46.345+0000] {logging_mixin.py:188} INFO - [2025-11-10T10:42:46.345+0000] {dag.py:3036} INFO - Sync 1 DAGs
[2025-11-10T10:42:46.382+0000] {logging_mixin.py:188} INFO - [2025-11-10T10:42:46.381+0000] {dag.py:3823} INFO - Setting next_dagrun for dags_python_task_Decorator to 2025-11-09 17:00:00+00:00, run_after=2025-11-16 17:00:00+00:00
[2025-11-10T10:42:46.421+0000] {processor.py:183} INFO - Processing /opt/airflow/dags/dags_python_task_decorator.py took 0.152 seconds
[2025-11-10T10:43:16.909+0000] {processor.py:161} INFO - Started process (PID=20523) to work on /opt/airflow/dags/dags_python_task_decorator.py
[2025-11-10T10:43:16.911+0000] {processor.py:830} INFO - Processing file /opt/airflow/dags/dags_python_task_decorator.py for tasks to queue
[2025-11-10T10:43:16.912+0000] {logging_mixin.py:188} INFO - [2025-11-10T10:43:16.912+0000] {dagbag.py:538} INFO - Filling up the DagBag from /opt/airflow/dags/dags_python_task_decorator.py
[2025-11-10T10:43:16.940+0000] {processor.py:840} INFO - DAG(s) 'dags_python_task_Decorator' retrieved from /opt/airflow/dags/dags_python_task_decorator.py
[2025-11-10T10:43:16.966+0000] {logging_mixin.py:188} INFO - [2025-11-10T10:43:16.966+0000] {dag.py:3036} INFO - Sync 1 DAGs
[2025-11-10T10:43:16.997+0000] {logging_mixin.py:188} INFO - [2025-11-10T10:43:16.996+0000] {dag.py:3823} INFO - Setting next_dagrun for dags_python_task_Decorator to 2025-11-09 17:00:00+00:00, run_after=2025-11-16 17:00:00+00:00
[2025-11-10T10:43:17.030+0000] {processor.py:183} INFO - Processing /opt/airflow/dags/dags_python_task_decorator.py took 0.126 seconds
[2025-11-10T10:43:47.218+0000] {processor.py:161} INFO - Started process (PID=20582) to work on /opt/airflow/dags/dags_python_task_decorator.py
[2025-11-10T10:43:47.220+0000] {processor.py:830} INFO - Processing file /opt/airflow/dags/dags_python_task_decorator.py for tasks to queue
[2025-11-10T10:43:47.222+0000] {logging_mixin.py:188} INFO - [2025-11-10T10:43:47.221+0000] {dagbag.py:538} INFO - Filling up the DagBag from /opt/airflow/dags/dags_python_task_decorator.py
[2025-11-10T10:43:47.256+0000] {processor.py:840} INFO - DAG(s) 'dags_python_task_Decorator' retrieved from /opt/airflow/dags/dags_python_task_decorator.py
[2025-11-10T10:43:47.299+0000] {logging_mixin.py:188} INFO - [2025-11-10T10:43:47.298+0000] {dag.py:3036} INFO - Sync 1 DAGs
[2025-11-10T10:43:47.343+0000] {logging_mixin.py:188} INFO - [2025-11-10T10:43:47.342+0000] {dag.py:3823} INFO - Setting next_dagrun for dags_python_task_Decorator to 2025-11-09 17:00:00+00:00, run_after=2025-11-16 17:00:00+00:00
[2025-11-10T10:43:47.377+0000] {processor.py:183} INFO - Processing /opt/airflow/dags/dags_python_task_decorator.py took 0.167 seconds
[2025-11-10T10:44:17.929+0000] {processor.py:161} INFO - Started process (PID=20641) to work on /opt/airflow/dags/dags_python_task_decorator.py
[2025-11-10T10:44:17.932+0000] {processor.py:830} INFO - Processing file /opt/airflow/dags/dags_python_task_decorator.py for tasks to queue
[2025-11-10T10:44:17.936+0000] {logging_mixin.py:188} INFO - [2025-11-10T10:44:17.935+0000] {dagbag.py:538} INFO - Filling up the DagBag from /opt/airflow/dags/dags_python_task_decorator.py
[2025-11-10T10:44:17.983+0000] {processor.py:840} INFO - DAG(s) 'dags_python_task_Decorator' retrieved from /opt/airflow/dags/dags_python_task_decorator.py
[2025-11-10T10:44:18.043+0000] {logging_mixin.py:188} INFO - [2025-11-10T10:44:18.042+0000] {dag.py:3036} INFO - Sync 1 DAGs
[2025-11-10T10:44:18.124+0000] {logging_mixin.py:188} INFO - [2025-11-10T10:44:18.123+0000] {dag.py:3823} INFO - Setting next_dagrun for dags_python_task_Decorator to 2025-11-09 17:00:00+00:00, run_after=2025-11-16 17:00:00+00:00
[2025-11-10T10:44:18.190+0000] {processor.py:183} INFO - Processing /opt/airflow/dags/dags_python_task_decorator.py took 0.275 seconds
[2025-11-10T10:44:49.120+0000] {processor.py:161} INFO - Started process (PID=20707) to work on /opt/airflow/dags/dags_python_task_decorator.py
[2025-11-10T10:44:49.123+0000] {processor.py:830} INFO - Processing file /opt/airflow/dags/dags_python_task_decorator.py for tasks to queue
[2025-11-10T10:44:49.126+0000] {logging_mixin.py:188} INFO - [2025-11-10T10:44:49.124+0000] {dagbag.py:538} INFO - Filling up the DagBag from /opt/airflow/dags/dags_python_task_decorator.py
[2025-11-10T10:44:49.176+0000] {processor.py:840} INFO - DAG(s) 'dags_python_task_Decorator' retrieved from /opt/airflow/dags/dags_python_task_decorator.py
[2025-11-10T10:44:49.234+0000] {logging_mixin.py:188} INFO - [2025-11-10T10:44:49.233+0000] {dag.py:3036} INFO - Sync 1 DAGs
[2025-11-10T10:44:49.291+0000] {logging_mixin.py:188} INFO - [2025-11-10T10:44:49.291+0000] {dag.py:3823} INFO - Setting next_dagrun for dags_python_task_Decorator to 2025-11-09 17:00:00+00:00, run_after=2025-11-16 17:00:00+00:00
[2025-11-10T10:44:49.361+0000] {processor.py:183} INFO - Processing /opt/airflow/dags/dags_python_task_decorator.py took 0.255 seconds
[2025-11-10T10:45:19.840+0000] {processor.py:161} INFO - Started process (PID=20766) to work on /opt/airflow/dags/dags_python_task_decorator.py
[2025-11-10T10:45:19.842+0000] {processor.py:830} INFO - Processing file /opt/airflow/dags/dags_python_task_decorator.py for tasks to queue
[2025-11-10T10:45:19.844+0000] {logging_mixin.py:188} INFO - [2025-11-10T10:45:19.843+0000] {dagbag.py:538} INFO - Filling up the DagBag from /opt/airflow/dags/dags_python_task_decorator.py
[2025-11-10T10:45:19.874+0000] {processor.py:840} INFO - DAG(s) 'dags_python_task_Decorator' retrieved from /opt/airflow/dags/dags_python_task_decorator.py
[2025-11-10T10:45:19.922+0000] {logging_mixin.py:188} INFO - [2025-11-10T10:45:19.922+0000] {dag.py:3036} INFO - Sync 1 DAGs
[2025-11-10T10:45:19.962+0000] {logging_mixin.py:188} INFO - [2025-11-10T10:45:19.962+0000] {dag.py:3823} INFO - Setting next_dagrun for dags_python_task_Decorator to 2025-11-09 17:00:00+00:00, run_after=2025-11-16 17:00:00+00:00
[2025-11-10T10:45:19.993+0000] {processor.py:183} INFO - Processing /opt/airflow/dags/dags_python_task_decorator.py took 0.159 seconds
[2025-11-10T10:45:50.178+0000] {processor.py:161} INFO - Started process (PID=20825) to work on /opt/airflow/dags/dags_python_task_decorator.py
[2025-11-10T10:45:50.180+0000] {processor.py:830} INFO - Processing file /opt/airflow/dags/dags_python_task_decorator.py for tasks to queue
[2025-11-10T10:45:50.182+0000] {logging_mixin.py:188} INFO - [2025-11-10T10:45:50.181+0000] {dagbag.py:538} INFO - Filling up the DagBag from /opt/airflow/dags/dags_python_task_decorator.py
[2025-11-10T10:45:50.218+0000] {processor.py:840} INFO - DAG(s) 'dags_python_task_Decorator' retrieved from /opt/airflow/dags/dags_python_task_decorator.py
[2025-11-10T10:45:50.259+0000] {logging_mixin.py:188} INFO - [2025-11-10T10:45:50.258+0000] {dag.py:3036} INFO - Sync 1 DAGs
[2025-11-10T10:45:50.302+0000] {logging_mixin.py:188} INFO - [2025-11-10T10:45:50.302+0000] {dag.py:3823} INFO - Setting next_dagrun for dags_python_task_Decorator to 2025-11-09 17:00:00+00:00, run_after=2025-11-16 17:00:00+00:00
[2025-11-10T10:45:50.340+0000] {processor.py:183} INFO - Processing /opt/airflow/dags/dags_python_task_decorator.py took 0.168 seconds
[2025-11-10T10:46:20.477+0000] {processor.py:161} INFO - Started process (PID=20884) to work on /opt/airflow/dags/dags_python_task_decorator.py
[2025-11-10T10:46:20.478+0000] {processor.py:830} INFO - Processing file /opt/airflow/dags/dags_python_task_decorator.py for tasks to queue
[2025-11-10T10:46:20.480+0000] {logging_mixin.py:188} INFO - [2025-11-10T10:46:20.479+0000] {dagbag.py:538} INFO - Filling up the DagBag from /opt/airflow/dags/dags_python_task_decorator.py
[2025-11-10T10:46:20.504+0000] {processor.py:840} INFO - DAG(s) 'dags_python_task_Decorator' retrieved from /opt/airflow/dags/dags_python_task_decorator.py
[2025-11-10T10:46:20.531+0000] {logging_mixin.py:188} INFO - [2025-11-10T10:46:20.530+0000] {dag.py:3036} INFO - Sync 1 DAGs
[2025-11-10T10:46:20.559+0000] {logging_mixin.py:188} INFO - [2025-11-10T10:46:20.559+0000] {dag.py:3823} INFO - Setting next_dagrun for dags_python_task_Decorator to 2025-11-09 17:00:00+00:00, run_after=2025-11-16 17:00:00+00:00
[2025-11-10T10:46:20.585+0000] {processor.py:183} INFO - Processing /opt/airflow/dags/dags_python_task_decorator.py took 0.113 seconds
[2025-11-10T10:46:51.039+0000] {processor.py:161} INFO - Started process (PID=20943) to work on /opt/airflow/dags/dags_python_task_decorator.py
[2025-11-10T10:46:51.041+0000] {processor.py:830} INFO - Processing file /opt/airflow/dags/dags_python_task_decorator.py for tasks to queue
[2025-11-10T10:46:51.043+0000] {logging_mixin.py:188} INFO - [2025-11-10T10:46:51.042+0000] {dagbag.py:538} INFO - Filling up the DagBag from /opt/airflow/dags/dags_python_task_decorator.py
[2025-11-10T10:46:51.074+0000] {processor.py:840} INFO - DAG(s) 'dags_python_task_Decorator' retrieved from /opt/airflow/dags/dags_python_task_decorator.py
[2025-11-10T10:46:51.111+0000] {logging_mixin.py:188} INFO - [2025-11-10T10:46:51.111+0000] {dag.py:3036} INFO - Sync 1 DAGs
[2025-11-10T10:46:51.155+0000] {logging_mixin.py:188} INFO - [2025-11-10T10:46:51.155+0000] {dag.py:3823} INFO - Setting next_dagrun for dags_python_task_Decorator to 2025-11-09 17:00:00+00:00, run_after=2025-11-16 17:00:00+00:00
[2025-11-10T10:46:51.194+0000] {processor.py:183} INFO - Processing /opt/airflow/dags/dags_python_task_decorator.py took 0.163 seconds
[2025-11-10T10:47:21.418+0000] {processor.py:161} INFO - Started process (PID=21002) to work on /opt/airflow/dags/dags_python_task_decorator.py
[2025-11-10T10:47:21.420+0000] {processor.py:830} INFO - Processing file /opt/airflow/dags/dags_python_task_decorator.py for tasks to queue
[2025-11-10T10:47:21.421+0000] {logging_mixin.py:188} INFO - [2025-11-10T10:47:21.421+0000] {dagbag.py:538} INFO - Filling up the DagBag from /opt/airflow/dags/dags_python_task_decorator.py
[2025-11-10T10:47:21.453+0000] {processor.py:840} INFO - DAG(s) 'dags_python_task_Decorator' retrieved from /opt/airflow/dags/dags_python_task_decorator.py
[2025-11-10T10:47:21.485+0000] {logging_mixin.py:188} INFO - [2025-11-10T10:47:21.484+0000] {dag.py:3036} INFO - Sync 1 DAGs
[2025-11-10T10:47:21.519+0000] {logging_mixin.py:188} INFO - [2025-11-10T10:47:21.519+0000] {dag.py:3823} INFO - Setting next_dagrun for dags_python_task_Decorator to 2025-11-09 17:00:00+00:00, run_after=2025-11-16 17:00:00+00:00
[2025-11-10T10:47:21.551+0000] {processor.py:183} INFO - Processing /opt/airflow/dags/dags_python_task_decorator.py took 0.138 seconds
[2025-11-10T10:47:52.217+0000] {processor.py:161} INFO - Started process (PID=21059) to work on /opt/airflow/dags/dags_python_task_decorator.py
[2025-11-10T10:47:52.221+0000] {processor.py:830} INFO - Processing file /opt/airflow/dags/dags_python_task_decorator.py for tasks to queue
[2025-11-10T10:47:52.223+0000] {logging_mixin.py:188} INFO - [2025-11-10T10:47:52.222+0000] {dagbag.py:538} INFO - Filling up the DagBag from /opt/airflow/dags/dags_python_task_decorator.py
[2025-11-10T10:47:52.279+0000] {processor.py:840} INFO - DAG(s) 'dags_python_task_Decorator' retrieved from /opt/airflow/dags/dags_python_task_decorator.py
[2025-11-10T10:47:52.352+0000] {logging_mixin.py:188} INFO - [2025-11-10T10:47:52.351+0000] {dag.py:3036} INFO - Sync 1 DAGs
[2025-11-10T10:47:52.421+0000] {logging_mixin.py:188} INFO - [2025-11-10T10:47:52.421+0000] {dag.py:3823} INFO - Setting next_dagrun for dags_python_task_Decorator to 2025-11-09 17:00:00+00:00, run_after=2025-11-16 17:00:00+00:00
[2025-11-10T10:47:52.461+0000] {processor.py:183} INFO - Processing /opt/airflow/dags/dags_python_task_decorator.py took 0.254 seconds
[2025-11-10T10:48:22.591+0000] {processor.py:161} INFO - Started process (PID=21118) to work on /opt/airflow/dags/dags_python_task_decorator.py
[2025-11-10T10:48:22.593+0000] {processor.py:830} INFO - Processing file /opt/airflow/dags/dags_python_task_decorator.py for tasks to queue
[2025-11-10T10:48:22.596+0000] {logging_mixin.py:188} INFO - [2025-11-10T10:48:22.595+0000] {dagbag.py:538} INFO - Filling up the DagBag from /opt/airflow/dags/dags_python_task_decorator.py
[2025-11-10T10:48:22.654+0000] {processor.py:840} INFO - DAG(s) 'dags_python_task_Decorator' retrieved from /opt/airflow/dags/dags_python_task_decorator.py
[2025-11-10T10:48:22.702+0000] {logging_mixin.py:188} INFO - [2025-11-10T10:48:22.701+0000] {dag.py:3036} INFO - Sync 1 DAGs
[2025-11-10T10:48:22.755+0000] {logging_mixin.py:188} INFO - [2025-11-10T10:48:22.755+0000] {dag.py:3823} INFO - Setting next_dagrun for dags_python_task_Decorator to 2025-11-09 17:00:00+00:00, run_after=2025-11-16 17:00:00+00:00
[2025-11-10T10:48:22.787+0000] {processor.py:183} INFO - Processing /opt/airflow/dags/dags_python_task_decorator.py took 0.203 seconds
[2025-11-10T10:48:53.462+0000] {processor.py:161} INFO - Started process (PID=21177) to work on /opt/airflow/dags/dags_python_task_decorator.py
[2025-11-10T10:48:53.463+0000] {processor.py:830} INFO - Processing file /opt/airflow/dags/dags_python_task_decorator.py for tasks to queue
[2025-11-10T10:48:53.465+0000] {logging_mixin.py:188} INFO - [2025-11-10T10:48:53.464+0000] {dagbag.py:538} INFO - Filling up the DagBag from /opt/airflow/dags/dags_python_task_decorator.py
[2025-11-10T10:48:53.494+0000] {processor.py:840} INFO - DAG(s) 'dags_python_task_Decorator' retrieved from /opt/airflow/dags/dags_python_task_decorator.py
[2025-11-10T10:48:53.527+0000] {logging_mixin.py:188} INFO - [2025-11-10T10:48:53.526+0000] {dag.py:3036} INFO - Sync 1 DAGs
[2025-11-10T10:48:53.568+0000] {logging_mixin.py:188} INFO - [2025-11-10T10:48:53.568+0000] {dag.py:3823} INFO - Setting next_dagrun for dags_python_task_Decorator to 2025-11-09 17:00:00+00:00, run_after=2025-11-16 17:00:00+00:00
[2025-11-10T10:48:53.613+0000] {processor.py:183} INFO - Processing /opt/airflow/dags/dags_python_task_decorator.py took 0.157 seconds
[2025-11-10T10:49:23.685+0000] {processor.py:161} INFO - Started process (PID=21236) to work on /opt/airflow/dags/dags_python_task_decorator.py
[2025-11-10T10:49:23.686+0000] {processor.py:830} INFO - Processing file /opt/airflow/dags/dags_python_task_decorator.py for tasks to queue
[2025-11-10T10:49:23.688+0000] {logging_mixin.py:188} INFO - [2025-11-10T10:49:23.687+0000] {dagbag.py:538} INFO - Filling up the DagBag from /opt/airflow/dags/dags_python_task_decorator.py
[2025-11-10T10:49:23.711+0000] {processor.py:840} INFO - DAG(s) 'dags_python_task_Decorator' retrieved from /opt/airflow/dags/dags_python_task_decorator.py
[2025-11-10T10:49:23.739+0000] {logging_mixin.py:188} INFO - [2025-11-10T10:49:23.738+0000] {dag.py:3036} INFO - Sync 1 DAGs
[2025-11-10T10:49:23.769+0000] {logging_mixin.py:188} INFO - [2025-11-10T10:49:23.768+0000] {dag.py:3823} INFO - Setting next_dagrun for dags_python_task_Decorator to 2025-11-09 17:00:00+00:00, run_after=2025-11-16 17:00:00+00:00
[2025-11-10T10:49:23.823+0000] {processor.py:183} INFO - Processing /opt/airflow/dags/dags_python_task_decorator.py took 0.143 seconds
[2025-11-10T10:49:54.258+0000] {processor.py:161} INFO - Started process (PID=21295) to work on /opt/airflow/dags/dags_python_task_decorator.py
[2025-11-10T10:49:54.260+0000] {processor.py:830} INFO - Processing file /opt/airflow/dags/dags_python_task_decorator.py for tasks to queue
[2025-11-10T10:49:54.261+0000] {logging_mixin.py:188} INFO - [2025-11-10T10:49:54.261+0000] {dagbag.py:538} INFO - Filling up the DagBag from /opt/airflow/dags/dags_python_task_decorator.py
[2025-11-10T10:49:54.285+0000] {processor.py:840} INFO - DAG(s) 'dags_python_task_Decorator' retrieved from /opt/airflow/dags/dags_python_task_decorator.py
[2025-11-10T10:49:54.311+0000] {logging_mixin.py:188} INFO - [2025-11-10T10:49:54.311+0000] {dag.py:3036} INFO - Sync 1 DAGs
[2025-11-10T10:49:54.344+0000] {logging_mixin.py:188} INFO - [2025-11-10T10:49:54.344+0000] {dag.py:3823} INFO - Setting next_dagrun for dags_python_task_Decorator to 2025-11-09 17:00:00+00:00, run_after=2025-11-16 17:00:00+00:00
[2025-11-10T10:49:54.379+0000] {processor.py:183} INFO - Processing /opt/airflow/dags/dags_python_task_decorator.py took 0.126 seconds
[2025-11-10T10:50:25.285+0000] {processor.py:161} INFO - Started process (PID=21354) to work on /opt/airflow/dags/dags_python_task_decorator.py
[2025-11-10T10:50:25.287+0000] {processor.py:830} INFO - Processing file /opt/airflow/dags/dags_python_task_decorator.py for tasks to queue
[2025-11-10T10:50:25.288+0000] {logging_mixin.py:188} INFO - [2025-11-10T10:50:25.288+0000] {dagbag.py:538} INFO - Filling up the DagBag from /opt/airflow/dags/dags_python_task_decorator.py
[2025-11-10T10:50:25.318+0000] {processor.py:840} INFO - DAG(s) 'dags_python_task_Decorator' retrieved from /opt/airflow/dags/dags_python_task_decorator.py
[2025-11-10T10:50:25.348+0000] {logging_mixin.py:188} INFO - [2025-11-10T10:50:25.347+0000] {dag.py:3036} INFO - Sync 1 DAGs
[2025-11-10T10:50:25.378+0000] {logging_mixin.py:188} INFO - [2025-11-10T10:50:25.377+0000] {dag.py:3823} INFO - Setting next_dagrun for dags_python_task_Decorator to 2025-11-09 17:00:00+00:00, run_after=2025-11-16 17:00:00+00:00
[2025-11-10T10:50:25.408+0000] {processor.py:183} INFO - Processing /opt/airflow/dags/dags_python_task_decorator.py took 0.128 seconds
[2025-11-10T10:50:56.060+0000] {processor.py:161} INFO - Started process (PID=21413) to work on /opt/airflow/dags/dags_python_task_decorator.py
[2025-11-10T10:50:56.063+0000] {processor.py:830} INFO - Processing file /opt/airflow/dags/dags_python_task_decorator.py for tasks to queue
[2025-11-10T10:50:56.066+0000] {logging_mixin.py:188} INFO - [2025-11-10T10:50:56.065+0000] {dagbag.py:538} INFO - Filling up the DagBag from /opt/airflow/dags/dags_python_task_decorator.py
[2025-11-10T10:50:56.112+0000] {processor.py:840} INFO - DAG(s) 'dags_python_task_Decorator' retrieved from /opt/airflow/dags/dags_python_task_decorator.py
[2025-11-10T10:50:56.176+0000] {logging_mixin.py:188} INFO - [2025-11-10T10:50:56.175+0000] {dag.py:3036} INFO - Sync 1 DAGs
[2025-11-10T10:50:56.234+0000] {logging_mixin.py:188} INFO - [2025-11-10T10:50:56.233+0000] {dag.py:3823} INFO - Setting next_dagrun for dags_python_task_Decorator to 2025-11-09 17:00:00+00:00, run_after=2025-11-16 17:00:00+00:00
[2025-11-10T10:50:56.276+0000] {processor.py:183} INFO - Processing /opt/airflow/dags/dags_python_task_decorator.py took 0.227 seconds
[2025-11-10T10:51:26.389+0000] {processor.py:161} INFO - Started process (PID=21472) to work on /opt/airflow/dags/dags_python_task_decorator.py
[2025-11-10T10:51:26.391+0000] {processor.py:830} INFO - Processing file /opt/airflow/dags/dags_python_task_decorator.py for tasks to queue
[2025-11-10T10:51:26.394+0000] {logging_mixin.py:188} INFO - [2025-11-10T10:51:26.393+0000] {dagbag.py:538} INFO - Filling up the DagBag from /opt/airflow/dags/dags_python_task_decorator.py
[2025-11-10T10:51:26.429+0000] {processor.py:840} INFO - DAG(s) 'dags_python_task_Decorator' retrieved from /opt/airflow/dags/dags_python_task_decorator.py
[2025-11-10T10:51:26.478+0000] {logging_mixin.py:188} INFO - [2025-11-10T10:51:26.477+0000] {dag.py:3036} INFO - Sync 1 DAGs
[2025-11-10T10:51:26.540+0000] {logging_mixin.py:188} INFO - [2025-11-10T10:51:26.539+0000] {dag.py:3823} INFO - Setting next_dagrun for dags_python_task_Decorator to 2025-11-09 17:00:00+00:00, run_after=2025-11-16 17:00:00+00:00
[2025-11-10T10:51:26.588+0000] {processor.py:183} INFO - Processing /opt/airflow/dags/dags_python_task_decorator.py took 0.206 seconds
[2025-11-10T10:51:56.879+0000] {processor.py:161} INFO - Started process (PID=21531) to work on /opt/airflow/dags/dags_python_task_decorator.py
[2025-11-10T10:51:56.883+0000] {processor.py:830} INFO - Processing file /opt/airflow/dags/dags_python_task_decorator.py for tasks to queue
[2025-11-10T10:51:56.889+0000] {logging_mixin.py:188} INFO - [2025-11-10T10:51:56.886+0000] {dagbag.py:538} INFO - Filling up the DagBag from /opt/airflow/dags/dags_python_task_decorator.py
[2025-11-10T10:51:56.949+0000] {processor.py:840} INFO - DAG(s) 'dags_python_task_Decorator' retrieved from /opt/airflow/dags/dags_python_task_decorator.py
[2025-11-10T10:51:57.032+0000] {logging_mixin.py:188} INFO - [2025-11-10T10:51:57.032+0000] {dag.py:3036} INFO - Sync 1 DAGs
[2025-11-10T10:51:57.129+0000] {logging_mixin.py:188} INFO - [2025-11-10T10:51:57.128+0000] {dag.py:3823} INFO - Setting next_dagrun for dags_python_task_Decorator to 2025-11-09 17:00:00+00:00, run_after=2025-11-16 17:00:00+00:00
[2025-11-10T10:51:57.209+0000] {processor.py:183} INFO - Processing /opt/airflow/dags/dags_python_task_decorator.py took 0.344 seconds
[2025-11-10T10:52:28.038+0000] {processor.py:161} INFO - Started process (PID=21589) to work on /opt/airflow/dags/dags_python_task_decorator.py
[2025-11-10T10:52:28.041+0000] {processor.py:830} INFO - Processing file /opt/airflow/dags/dags_python_task_decorator.py for tasks to queue
[2025-11-10T10:52:28.045+0000] {logging_mixin.py:188} INFO - [2025-11-10T10:52:28.044+0000] {dagbag.py:538} INFO - Filling up the DagBag from /opt/airflow/dags/dags_python_task_decorator.py
[2025-11-10T10:52:28.100+0000] {processor.py:840} INFO - DAG(s) 'dags_python_task_Decorator' retrieved from /opt/airflow/dags/dags_python_task_decorator.py
[2025-11-10T10:52:28.169+0000] {logging_mixin.py:188} INFO - [2025-11-10T10:52:28.169+0000] {dag.py:3036} INFO - Sync 1 DAGs
[2025-11-10T10:52:28.277+0000] {logging_mixin.py:188} INFO - [2025-11-10T10:52:28.275+0000] {dag.py:3823} INFO - Setting next_dagrun for dags_python_task_Decorator to 2025-11-09 17:00:00+00:00, run_after=2025-11-16 17:00:00+00:00
[2025-11-10T10:52:28.383+0000] {processor.py:183} INFO - Processing /opt/airflow/dags/dags_python_task_decorator.py took 0.357 seconds
[2025-11-10T10:52:59.613+0000] {processor.py:161} INFO - Started process (PID=21648) to work on /opt/airflow/dags/dags_python_task_decorator.py
[2025-11-10T10:52:59.618+0000] {processor.py:830} INFO - Processing file /opt/airflow/dags/dags_python_task_decorator.py for tasks to queue
[2025-11-10T10:52:59.628+0000] {logging_mixin.py:188} INFO - [2025-11-10T10:52:59.627+0000] {dagbag.py:538} INFO - Filling up the DagBag from /opt/airflow/dags/dags_python_task_decorator.py
[2025-11-10T10:52:59.689+0000] {processor.py:840} INFO - DAG(s) 'dags_python_task_Decorator' retrieved from /opt/airflow/dags/dags_python_task_decorator.py
[2025-11-10T10:52:59.768+0000] {logging_mixin.py:188} INFO - [2025-11-10T10:52:59.767+0000] {dag.py:3036} INFO - Sync 1 DAGs
[2025-11-10T10:52:59.862+0000] {logging_mixin.py:188} INFO - [2025-11-10T10:52:59.861+0000] {dag.py:3823} INFO - Setting next_dagrun for dags_python_task_Decorator to 2025-11-09 17:00:00+00:00, run_after=2025-11-16 17:00:00+00:00
[2025-11-10T10:52:59.940+0000] {processor.py:183} INFO - Processing /opt/airflow/dags/dags_python_task_decorator.py took 0.351 seconds
[2025-11-10T10:53:30.433+0000] {processor.py:161} INFO - Started process (PID=21706) to work on /opt/airflow/dags/dags_python_task_decorator.py
[2025-11-10T10:53:30.437+0000] {processor.py:830} INFO - Processing file /opt/airflow/dags/dags_python_task_decorator.py for tasks to queue
[2025-11-10T10:53:30.440+0000] {logging_mixin.py:188} INFO - [2025-11-10T10:53:30.439+0000] {dagbag.py:538} INFO - Filling up the DagBag from /opt/airflow/dags/dags_python_task_decorator.py
[2025-11-10T10:53:30.516+0000] {processor.py:840} INFO - DAG(s) 'dags_python_task_Decorator' retrieved from /opt/airflow/dags/dags_python_task_decorator.py
[2025-11-10T10:53:30.643+0000] {logging_mixin.py:188} INFO - [2025-11-10T10:53:30.642+0000] {dag.py:3036} INFO - Sync 1 DAGs
[2025-11-10T10:53:30.743+0000] {logging_mixin.py:188} INFO - [2025-11-10T10:53:30.742+0000] {dag.py:3823} INFO - Setting next_dagrun for dags_python_task_Decorator to 2025-11-09 17:00:00+00:00, run_after=2025-11-16 17:00:00+00:00
[2025-11-10T10:53:30.790+0000] {processor.py:183} INFO - Processing /opt/airflow/dags/dags_python_task_decorator.py took 0.370 seconds
[2025-11-10T10:54:01.440+0000] {processor.py:161} INFO - Started process (PID=21763) to work on /opt/airflow/dags/dags_python_task_decorator.py
[2025-11-10T10:54:01.460+0000] {processor.py:830} INFO - Processing file /opt/airflow/dags/dags_python_task_decorator.py for tasks to queue
[2025-11-10T10:54:01.472+0000] {logging_mixin.py:188} INFO - [2025-11-10T10:54:01.468+0000] {dagbag.py:538} INFO - Filling up the DagBag from /opt/airflow/dags/dags_python_task_decorator.py
[2025-11-10T10:54:01.580+0000] {processor.py:840} INFO - DAG(s) 'dags_python_task_Decorator' retrieved from /opt/airflow/dags/dags_python_task_decorator.py
[2025-11-10T10:54:01.705+0000] {logging_mixin.py:188} INFO - [2025-11-10T10:54:01.704+0000] {dag.py:3036} INFO - Sync 1 DAGs
[2025-11-10T10:54:01.882+0000] {logging_mixin.py:188} INFO - [2025-11-10T10:54:01.881+0000] {dag.py:3823} INFO - Setting next_dagrun for dags_python_task_Decorator to 2025-11-09 17:00:00+00:00, run_after=2025-11-16 17:00:00+00:00
[2025-11-10T10:54:01.957+0000] {processor.py:183} INFO - Processing /opt/airflow/dags/dags_python_task_decorator.py took 0.539 seconds
[2025-11-10T10:54:32.313+0000] {processor.py:161} INFO - Started process (PID=21822) to work on /opt/airflow/dags/dags_python_task_decorator.py
[2025-11-10T10:54:32.316+0000] {processor.py:830} INFO - Processing file /opt/airflow/dags/dags_python_task_decorator.py for tasks to queue
[2025-11-10T10:54:32.327+0000] {logging_mixin.py:188} INFO - [2025-11-10T10:54:32.325+0000] {dagbag.py:538} INFO - Filling up the DagBag from /opt/airflow/dags/dags_python_task_decorator.py
[2025-11-10T10:54:32.397+0000] {processor.py:840} INFO - DAG(s) 'dags_python_task_Decorator' retrieved from /opt/airflow/dags/dags_python_task_decorator.py
[2025-11-10T10:54:32.514+0000] {logging_mixin.py:188} INFO - [2025-11-10T10:54:32.509+0000] {dag.py:3036} INFO - Sync 1 DAGs
[2025-11-10T10:54:32.659+0000] {logging_mixin.py:188} INFO - [2025-11-10T10:54:32.658+0000] {dag.py:3823} INFO - Setting next_dagrun for dags_python_task_Decorator to 2025-11-09 17:00:00+00:00, run_after=2025-11-16 17:00:00+00:00
[2025-11-10T10:54:32.771+0000] {processor.py:183} INFO - Processing /opt/airflow/dags/dags_python_task_decorator.py took 0.470 seconds
[2025-11-10T10:55:03.641+0000] {processor.py:161} INFO - Started process (PID=21880) to work on /opt/airflow/dags/dags_python_task_decorator.py
[2025-11-10T10:55:03.651+0000] {processor.py:830} INFO - Processing file /opt/airflow/dags/dags_python_task_decorator.py for tasks to queue
[2025-11-10T10:55:03.670+0000] {logging_mixin.py:188} INFO - [2025-11-10T10:55:03.668+0000] {dagbag.py:538} INFO - Filling up the DagBag from /opt/airflow/dags/dags_python_task_decorator.py
[2025-11-10T10:55:03.748+0000] {processor.py:840} INFO - DAG(s) 'dags_python_task_Decorator' retrieved from /opt/airflow/dags/dags_python_task_decorator.py
[2025-11-10T10:55:03.879+0000] {logging_mixin.py:188} INFO - [2025-11-10T10:55:03.878+0000] {dag.py:3036} INFO - Sync 1 DAGs
[2025-11-10T10:55:03.989+0000] {logging_mixin.py:188} INFO - [2025-11-10T10:55:03.988+0000] {dag.py:3823} INFO - Setting next_dagrun for dags_python_task_Decorator to 2025-11-09 17:00:00+00:00, run_after=2025-11-16 17:00:00+00:00
[2025-11-10T10:55:04.103+0000] {processor.py:183} INFO - Processing /opt/airflow/dags/dags_python_task_decorator.py took 0.489 seconds
[2025-11-10T10:55:34.236+0000] {processor.py:161} INFO - Started process (PID=21940) to work on /opt/airflow/dags/dags_python_task_decorator.py
[2025-11-10T10:55:34.237+0000] {processor.py:830} INFO - Processing file /opt/airflow/dags/dags_python_task_decorator.py for tasks to queue
[2025-11-10T10:55:34.239+0000] {logging_mixin.py:188} INFO - [2025-11-10T10:55:34.239+0000] {dagbag.py:538} INFO - Filling up the DagBag from /opt/airflow/dags/dags_python_task_decorator.py
[2025-11-10T10:55:34.271+0000] {processor.py:840} INFO - DAG(s) 'dags_python_task_Decorator' retrieved from /opt/airflow/dags/dags_python_task_decorator.py
[2025-11-10T10:55:34.303+0000] {logging_mixin.py:188} INFO - [2025-11-10T10:55:34.302+0000] {dag.py:3036} INFO - Sync 1 DAGs
[2025-11-10T10:55:34.338+0000] {logging_mixin.py:188} INFO - [2025-11-10T10:55:34.338+0000] {dag.py:3823} INFO - Setting next_dagrun for dags_python_task_Decorator to 2025-11-09 17:00:00+00:00, run_after=2025-11-16 17:00:00+00:00
[2025-11-10T10:55:34.371+0000] {processor.py:183} INFO - Processing /opt/airflow/dags/dags_python_task_decorator.py took 0.140 seconds
[2025-11-10T10:56:04.540+0000] {processor.py:161} INFO - Started process (PID=22000) to work on /opt/airflow/dags/dags_python_task_decorator.py
[2025-11-10T10:56:04.542+0000] {processor.py:830} INFO - Processing file /opt/airflow/dags/dags_python_task_decorator.py for tasks to queue
[2025-11-10T10:56:04.544+0000] {logging_mixin.py:188} INFO - [2025-11-10T10:56:04.543+0000] {dagbag.py:538} INFO - Filling up the DagBag from /opt/airflow/dags/dags_python_task_decorator.py
[2025-11-10T10:56:04.575+0000] {processor.py:840} INFO - DAG(s) 'dags_python_task_Decorator' retrieved from /opt/airflow/dags/dags_python_task_decorator.py
[2025-11-10T10:56:04.616+0000] {logging_mixin.py:188} INFO - [2025-11-10T10:56:04.616+0000] {dag.py:3036} INFO - Sync 1 DAGs
[2025-11-10T10:56:04.660+0000] {logging_mixin.py:188} INFO - [2025-11-10T10:56:04.659+0000] {dag.py:3823} INFO - Setting next_dagrun for dags_python_task_Decorator to 2025-11-09 17:00:00+00:00, run_after=2025-11-16 17:00:00+00:00
[2025-11-10T10:56:04.695+0000] {processor.py:183} INFO - Processing /opt/airflow/dags/dags_python_task_decorator.py took 0.163 seconds
[2025-11-10T10:56:34.766+0000] {processor.py:161} INFO - Started process (PID=22060) to work on /opt/airflow/dags/dags_python_task_decorator.py
[2025-11-10T10:56:34.768+0000] {processor.py:830} INFO - Processing file /opt/airflow/dags/dags_python_task_decorator.py for tasks to queue
[2025-11-10T10:56:34.770+0000] {logging_mixin.py:188} INFO - [2025-11-10T10:56:34.769+0000] {dagbag.py:538} INFO - Filling up the DagBag from /opt/airflow/dags/dags_python_task_decorator.py
[2025-11-10T10:56:34.806+0000] {processor.py:840} INFO - DAG(s) 'dags_python_task_Decorator' retrieved from /opt/airflow/dags/dags_python_task_decorator.py
[2025-11-10T10:56:34.846+0000] {logging_mixin.py:188} INFO - [2025-11-10T10:56:34.846+0000] {dag.py:3036} INFO - Sync 1 DAGs
[2025-11-10T10:56:34.890+0000] {logging_mixin.py:188} INFO - [2025-11-10T10:56:34.889+0000] {dag.py:3823} INFO - Setting next_dagrun for dags_python_task_Decorator to 2025-11-09 17:00:00+00:00, run_after=2025-11-16 17:00:00+00:00
[2025-11-10T10:56:34.929+0000] {processor.py:183} INFO - Processing /opt/airflow/dags/dags_python_task_decorator.py took 0.171 seconds
[2025-11-10T10:57:05.043+0000] {processor.py:161} INFO - Started process (PID=22119) to work on /opt/airflow/dags/dags_python_task_decorator.py
[2025-11-10T10:57:05.046+0000] {processor.py:830} INFO - Processing file /opt/airflow/dags/dags_python_task_decorator.py for tasks to queue
[2025-11-10T10:57:05.048+0000] {logging_mixin.py:188} INFO - [2025-11-10T10:57:05.048+0000] {dagbag.py:538} INFO - Filling up the DagBag from /opt/airflow/dags/dags_python_task_decorator.py
[2025-11-10T10:57:05.090+0000] {processor.py:840} INFO - DAG(s) 'dags_python_task_Decorator' retrieved from /opt/airflow/dags/dags_python_task_decorator.py
[2025-11-10T10:57:05.141+0000] {logging_mixin.py:188} INFO - [2025-11-10T10:57:05.140+0000] {dag.py:3036} INFO - Sync 1 DAGs
[2025-11-10T10:57:05.206+0000] {logging_mixin.py:188} INFO - [2025-11-10T10:57:05.205+0000] {dag.py:3823} INFO - Setting next_dagrun for dags_python_task_Decorator to 2025-11-09 17:00:00+00:00, run_after=2025-11-16 17:00:00+00:00
[2025-11-10T10:57:05.271+0000] {processor.py:183} INFO - Processing /opt/airflow/dags/dags_python_task_decorator.py took 0.237 seconds
[2025-11-10T10:57:35.482+0000] {processor.py:161} INFO - Started process (PID=22178) to work on /opt/airflow/dags/dags_python_task_decorator.py
[2025-11-10T10:57:35.484+0000] {processor.py:830} INFO - Processing file /opt/airflow/dags/dags_python_task_decorator.py for tasks to queue
[2025-11-10T10:57:35.486+0000] {logging_mixin.py:188} INFO - [2025-11-10T10:57:35.485+0000] {dagbag.py:538} INFO - Filling up the DagBag from /opt/airflow/dags/dags_python_task_decorator.py
[2025-11-10T10:57:35.519+0000] {processor.py:840} INFO - DAG(s) 'dags_python_task_Decorator' retrieved from /opt/airflow/dags/dags_python_task_decorator.py
[2025-11-10T10:57:35.555+0000] {logging_mixin.py:188} INFO - [2025-11-10T10:57:35.555+0000] {dag.py:3036} INFO - Sync 1 DAGs
[2025-11-10T10:57:35.596+0000] {logging_mixin.py:188} INFO - [2025-11-10T10:57:35.596+0000] {dag.py:3823} INFO - Setting next_dagrun for dags_python_task_Decorator to 2025-11-09 17:00:00+00:00, run_after=2025-11-16 17:00:00+00:00
[2025-11-10T10:57:35.637+0000] {processor.py:183} INFO - Processing /opt/airflow/dags/dags_python_task_decorator.py took 0.164 seconds
[2025-11-10T10:58:06.594+0000] {processor.py:161} INFO - Started process (PID=22237) to work on /opt/airflow/dags/dags_python_task_decorator.py
[2025-11-10T10:58:06.596+0000] {processor.py:830} INFO - Processing file /opt/airflow/dags/dags_python_task_decorator.py for tasks to queue
[2025-11-10T10:58:06.598+0000] {logging_mixin.py:188} INFO - [2025-11-10T10:58:06.598+0000] {dagbag.py:538} INFO - Filling up the DagBag from /opt/airflow/dags/dags_python_task_decorator.py
[2025-11-10T10:58:06.627+0000] {processor.py:840} INFO - DAG(s) 'dags_python_task_Decorator' retrieved from /opt/airflow/dags/dags_python_task_decorator.py
[2025-11-10T10:58:06.659+0000] {logging_mixin.py:188} INFO - [2025-11-10T10:58:06.659+0000] {dag.py:3036} INFO - Sync 1 DAGs
[2025-11-10T10:58:06.699+0000] {logging_mixin.py:188} INFO - [2025-11-10T10:58:06.698+0000] {dag.py:3823} INFO - Setting next_dagrun for dags_python_task_Decorator to 2025-11-09 17:00:00+00:00, run_after=2025-11-16 17:00:00+00:00
[2025-11-10T10:58:06.736+0000] {processor.py:183} INFO - Processing /opt/airflow/dags/dags_python_task_decorator.py took 0.148 seconds
[2025-11-10T10:58:37.211+0000] {processor.py:161} INFO - Started process (PID=22296) to work on /opt/airflow/dags/dags_python_task_decorator.py
[2025-11-10T10:58:37.215+0000] {processor.py:830} INFO - Processing file /opt/airflow/dags/dags_python_task_decorator.py for tasks to queue
[2025-11-10T10:58:37.219+0000] {logging_mixin.py:188} INFO - [2025-11-10T10:58:37.218+0000] {dagbag.py:538} INFO - Filling up the DagBag from /opt/airflow/dags/dags_python_task_decorator.py
[2025-11-10T10:58:37.290+0000] {processor.py:840} INFO - DAG(s) 'dags_python_task_Decorator' retrieved from /opt/airflow/dags/dags_python_task_decorator.py
[2025-11-10T10:58:37.356+0000] {logging_mixin.py:188} INFO - [2025-11-10T10:58:37.356+0000] {dag.py:3036} INFO - Sync 1 DAGs
[2025-11-10T10:58:37.404+0000] {logging_mixin.py:188} INFO - [2025-11-10T10:58:37.403+0000] {dag.py:3823} INFO - Setting next_dagrun for dags_python_task_Decorator to 2025-11-09 17:00:00+00:00, run_after=2025-11-16 17:00:00+00:00
[2025-11-10T10:58:37.440+0000] {processor.py:183} INFO - Processing /opt/airflow/dags/dags_python_task_decorator.py took 0.239 seconds
[2025-11-10T10:59:07.867+0000] {processor.py:161} INFO - Started process (PID=22355) to work on /opt/airflow/dags/dags_python_task_decorator.py
[2025-11-10T10:59:07.871+0000] {processor.py:830} INFO - Processing file /opt/airflow/dags/dags_python_task_decorator.py for tasks to queue
[2025-11-10T10:59:07.874+0000] {logging_mixin.py:188} INFO - [2025-11-10T10:59:07.873+0000] {dagbag.py:538} INFO - Filling up the DagBag from /opt/airflow/dags/dags_python_task_decorator.py
[2025-11-10T10:59:07.922+0000] {processor.py:840} INFO - DAG(s) 'dags_python_task_Decorator' retrieved from /opt/airflow/dags/dags_python_task_decorator.py
[2025-11-10T10:59:07.980+0000] {logging_mixin.py:188} INFO - [2025-11-10T10:59:07.971+0000] {dag.py:3036} INFO - Sync 1 DAGs
[2025-11-10T10:59:08.099+0000] {logging_mixin.py:188} INFO - [2025-11-10T10:59:08.098+0000] {dag.py:3823} INFO - Setting next_dagrun for dags_python_task_Decorator to 2025-11-09 17:00:00+00:00, run_after=2025-11-16 17:00:00+00:00
[2025-11-10T10:59:08.174+0000] {processor.py:183} INFO - Processing /opt/airflow/dags/dags_python_task_decorator.py took 0.316 seconds
[2025-11-10T10:59:38.908+0000] {processor.py:161} INFO - Started process (PID=22414) to work on /opt/airflow/dags/dags_python_task_decorator.py
[2025-11-10T10:59:38.920+0000] {processor.py:830} INFO - Processing file /opt/airflow/dags/dags_python_task_decorator.py for tasks to queue
[2025-11-10T10:59:38.933+0000] {logging_mixin.py:188} INFO - [2025-11-10T10:59:38.932+0000] {dagbag.py:538} INFO - Filling up the DagBag from /opt/airflow/dags/dags_python_task_decorator.py
[2025-11-10T10:59:39.113+0000] {processor.py:840} INFO - DAG(s) 'dags_python_task_Decorator' retrieved from /opt/airflow/dags/dags_python_task_decorator.py
[2025-11-10T10:59:39.230+0000] {logging_mixin.py:188} INFO - [2025-11-10T10:59:39.229+0000] {dag.py:3036} INFO - Sync 1 DAGs
[2025-11-10T10:59:39.382+0000] {logging_mixin.py:188} INFO - [2025-11-10T10:59:39.381+0000] {dag.py:3823} INFO - Setting next_dagrun for dags_python_task_Decorator to 2025-11-09 17:00:00+00:00, run_after=2025-11-16 17:00:00+00:00
[2025-11-10T10:59:39.488+0000] {processor.py:183} INFO - Processing /opt/airflow/dags/dags_python_task_decorator.py took 0.595 seconds
[2025-11-10T11:00:09.784+0000] {processor.py:161} INFO - Started process (PID=22473) to work on /opt/airflow/dags/dags_python_task_decorator.py
[2025-11-10T11:00:09.799+0000] {processor.py:830} INFO - Processing file /opt/airflow/dags/dags_python_task_decorator.py for tasks to queue
[2025-11-10T11:00:09.804+0000] {logging_mixin.py:188} INFO - [2025-11-10T11:00:09.803+0000] {dagbag.py:538} INFO - Filling up the DagBag from /opt/airflow/dags/dags_python_task_decorator.py
[2025-11-10T11:00:09.906+0000] {processor.py:840} INFO - DAG(s) 'dags_python_task_Decorator' retrieved from /opt/airflow/dags/dags_python_task_decorator.py
[2025-11-10T11:00:10.016+0000] {logging_mixin.py:188} INFO - [2025-11-10T11:00:10.016+0000] {dag.py:3036} INFO - Sync 1 DAGs
[2025-11-10T11:00:10.171+0000] {logging_mixin.py:188} INFO - [2025-11-10T11:00:10.170+0000] {dag.py:3823} INFO - Setting next_dagrun for dags_python_task_Decorator to 2025-11-09 17:00:00+00:00, run_after=2025-11-16 17:00:00+00:00
[2025-11-10T11:00:10.237+0000] {processor.py:183} INFO - Processing /opt/airflow/dags/dags_python_task_decorator.py took 0.488 seconds
[2025-11-10T11:00:40.615+0000] {processor.py:161} INFO - Started process (PID=22532) to work on /opt/airflow/dags/dags_python_task_decorator.py
[2025-11-10T11:00:40.628+0000] {processor.py:830} INFO - Processing file /opt/airflow/dags/dags_python_task_decorator.py for tasks to queue
[2025-11-10T11:00:40.639+0000] {logging_mixin.py:188} INFO - [2025-11-10T11:00:40.637+0000] {dagbag.py:538} INFO - Filling up the DagBag from /opt/airflow/dags/dags_python_task_decorator.py
[2025-11-10T11:00:40.747+0000] {processor.py:840} INFO - DAG(s) 'dags_python_task_Decorator' retrieved from /opt/airflow/dags/dags_python_task_decorator.py
[2025-11-10T11:00:40.868+0000] {logging_mixin.py:188} INFO - [2025-11-10T11:00:40.867+0000] {dag.py:3036} INFO - Sync 1 DAGs
[2025-11-10T11:00:40.992+0000] {logging_mixin.py:188} INFO - [2025-11-10T11:00:40.992+0000] {dag.py:3823} INFO - Setting next_dagrun for dags_python_task_Decorator to 2025-11-09 17:00:00+00:00, run_after=2025-11-16 17:00:00+00:00
[2025-11-10T11:00:41.067+0000] {processor.py:183} INFO - Processing /opt/airflow/dags/dags_python_task_decorator.py took 0.472 seconds
[2025-11-10T11:01:11.720+0000] {processor.py:161} INFO - Started process (PID=22591) to work on /opt/airflow/dags/dags_python_task_decorator.py
[2025-11-10T11:01:11.721+0000] {processor.py:830} INFO - Processing file /opt/airflow/dags/dags_python_task_decorator.py for tasks to queue
[2025-11-10T11:01:11.731+0000] {logging_mixin.py:188} INFO - [2025-11-10T11:01:11.730+0000] {dagbag.py:538} INFO - Filling up the DagBag from /opt/airflow/dags/dags_python_task_decorator.py
[2025-11-10T11:01:11.757+0000] {processor.py:840} INFO - DAG(s) 'dags_python_task_Decorator' retrieved from /opt/airflow/dags/dags_python_task_decorator.py
[2025-11-10T11:01:11.784+0000] {logging_mixin.py:188} INFO - [2025-11-10T11:01:11.784+0000] {dag.py:3036} INFO - Sync 1 DAGs
[2025-11-10T11:01:11.811+0000] {logging_mixin.py:188} INFO - [2025-11-10T11:01:11.811+0000] {dag.py:3823} INFO - Setting next_dagrun for dags_python_task_Decorator to 2025-11-09 17:00:00+00:00, run_after=2025-11-16 17:00:00+00:00
[2025-11-10T11:01:11.841+0000] {processor.py:183} INFO - Processing /opt/airflow/dags/dags_python_task_decorator.py took 0.127 seconds
[2025-11-10T11:01:42.078+0000] {processor.py:161} INFO - Started process (PID=22650) to work on /opt/airflow/dags/dags_python_task_decorator.py
[2025-11-10T11:01:42.080+0000] {processor.py:830} INFO - Processing file /opt/airflow/dags/dags_python_task_decorator.py for tasks to queue
[2025-11-10T11:01:42.082+0000] {logging_mixin.py:188} INFO - [2025-11-10T11:01:42.081+0000] {dagbag.py:538} INFO - Filling up the DagBag from /opt/airflow/dags/dags_python_task_decorator.py
[2025-11-10T11:01:42.106+0000] {processor.py:840} INFO - DAG(s) 'dags_python_task_Decorator' retrieved from /opt/airflow/dags/dags_python_task_decorator.py
[2025-11-10T11:01:42.132+0000] {logging_mixin.py:188} INFO - [2025-11-10T11:01:42.132+0000] {dag.py:3036} INFO - Sync 1 DAGs
[2025-11-10T11:01:42.159+0000] {logging_mixin.py:188} INFO - [2025-11-10T11:01:42.159+0000] {dag.py:3823} INFO - Setting next_dagrun for dags_python_task_Decorator to 2025-11-09 17:00:00+00:00, run_after=2025-11-16 17:00:00+00:00
[2025-11-10T11:01:42.194+0000] {processor.py:183} INFO - Processing /opt/airflow/dags/dags_python_task_decorator.py took 0.120 seconds
[2025-11-10T11:02:12.386+0000] {processor.py:161} INFO - Started process (PID=22709) to work on /opt/airflow/dags/dags_python_task_decorator.py
[2025-11-10T11:02:12.387+0000] {processor.py:830} INFO - Processing file /opt/airflow/dags/dags_python_task_decorator.py for tasks to queue
[2025-11-10T11:02:12.389+0000] {logging_mixin.py:188} INFO - [2025-11-10T11:02:12.389+0000] {dagbag.py:538} INFO - Filling up the DagBag from /opt/airflow/dags/dags_python_task_decorator.py
[2025-11-10T11:02:12.410+0000] {processor.py:840} INFO - DAG(s) 'dags_python_task_Decorator' retrieved from /opt/airflow/dags/dags_python_task_decorator.py
[2025-11-10T11:02:12.439+0000] {logging_mixin.py:188} INFO - [2025-11-10T11:02:12.439+0000] {dag.py:3036} INFO - Sync 1 DAGs
[2025-11-10T11:02:12.472+0000] {logging_mixin.py:188} INFO - [2025-11-10T11:02:12.472+0000] {dag.py:3823} INFO - Setting next_dagrun for dags_python_task_Decorator to 2025-11-09 17:00:00+00:00, run_after=2025-11-16 17:00:00+00:00
[2025-11-10T11:02:12.506+0000] {processor.py:183} INFO - Processing /opt/airflow/dags/dags_python_task_decorator.py took 0.126 seconds
[2025-11-10T11:02:42.935+0000] {processor.py:161} INFO - Started process (PID=22768) to work on /opt/airflow/dags/dags_python_task_decorator.py
[2025-11-10T11:02:42.937+0000] {processor.py:830} INFO - Processing file /opt/airflow/dags/dags_python_task_decorator.py for tasks to queue
[2025-11-10T11:02:42.939+0000] {logging_mixin.py:188} INFO - [2025-11-10T11:02:42.939+0000] {dagbag.py:538} INFO - Filling up the DagBag from /opt/airflow/dags/dags_python_task_decorator.py
[2025-11-10T11:02:42.964+0000] {processor.py:840} INFO - DAG(s) 'dags_python_task_Decorator' retrieved from /opt/airflow/dags/dags_python_task_decorator.py
[2025-11-10T11:02:42.996+0000] {logging_mixin.py:188} INFO - [2025-11-10T11:02:42.995+0000] {dag.py:3036} INFO - Sync 1 DAGs
[2025-11-10T11:02:43.096+0000] {logging_mixin.py:188} INFO - [2025-11-10T11:02:43.096+0000] {dag.py:3823} INFO - Setting next_dagrun for dags_python_task_Decorator to 2025-11-09 17:00:00+00:00, run_after=2025-11-16 17:00:00+00:00
[2025-11-10T11:02:43.192+0000] {processor.py:183} INFO - Processing /opt/airflow/dags/dags_python_task_decorator.py took 0.263 seconds
[2025-11-10T11:03:13.740+0000] {processor.py:161} INFO - Started process (PID=22827) to work on /opt/airflow/dags/dags_python_task_decorator.py
[2025-11-10T11:03:13.741+0000] {processor.py:830} INFO - Processing file /opt/airflow/dags/dags_python_task_decorator.py for tasks to queue
[2025-11-10T11:03:13.743+0000] {logging_mixin.py:188} INFO - [2025-11-10T11:03:13.742+0000] {dagbag.py:538} INFO - Filling up the DagBag from /opt/airflow/dags/dags_python_task_decorator.py
[2025-11-10T11:03:13.765+0000] {processor.py:840} INFO - DAG(s) 'dags_python_task_Decorator' retrieved from /opt/airflow/dags/dags_python_task_decorator.py
[2025-11-10T11:03:13.793+0000] {logging_mixin.py:188} INFO - [2025-11-10T11:03:13.793+0000] {dag.py:3036} INFO - Sync 1 DAGs
[2025-11-10T11:03:13.820+0000] {logging_mixin.py:188} INFO - [2025-11-10T11:03:13.820+0000] {dag.py:3823} INFO - Setting next_dagrun for dags_python_task_Decorator to 2025-11-09 17:00:00+00:00, run_after=2025-11-16 17:00:00+00:00
[2025-11-10T11:03:13.854+0000] {processor.py:183} INFO - Processing /opt/airflow/dags/dags_python_task_decorator.py took 0.119 seconds
[2025-11-10T11:03:44.378+0000] {processor.py:161} INFO - Started process (PID=22887) to work on /opt/airflow/dags/dags_python_task_decorator.py
[2025-11-10T11:03:44.380+0000] {processor.py:830} INFO - Processing file /opt/airflow/dags/dags_python_task_decorator.py for tasks to queue
[2025-11-10T11:03:44.381+0000] {logging_mixin.py:188} INFO - [2025-11-10T11:03:44.381+0000] {dagbag.py:538} INFO - Filling up the DagBag from /opt/airflow/dags/dags_python_task_decorator.py
[2025-11-10T11:03:44.400+0000] {processor.py:840} INFO - DAG(s) 'dags_python_task_Decorator' retrieved from /opt/airflow/dags/dags_python_task_decorator.py
[2025-11-10T11:03:44.427+0000] {logging_mixin.py:188} INFO - [2025-11-10T11:03:44.427+0000] {dag.py:3036} INFO - Sync 1 DAGs
[2025-11-10T11:03:44.460+0000] {logging_mixin.py:188} INFO - [2025-11-10T11:03:44.459+0000] {dag.py:3823} INFO - Setting next_dagrun for dags_python_task_Decorator to 2025-11-09 17:00:00+00:00, run_after=2025-11-16 17:00:00+00:00
[2025-11-10T11:03:44.489+0000] {processor.py:183} INFO - Processing /opt/airflow/dags/dags_python_task_decorator.py took 0.115 seconds
[2025-11-10T11:04:14.633+0000] {processor.py:161} INFO - Started process (PID=22946) to work on /opt/airflow/dags/dags_python_task_decorator.py
[2025-11-10T11:04:14.635+0000] {processor.py:830} INFO - Processing file /opt/airflow/dags/dags_python_task_decorator.py for tasks to queue
[2025-11-10T11:04:14.637+0000] {logging_mixin.py:188} INFO - [2025-11-10T11:04:14.637+0000] {dagbag.py:538} INFO - Filling up the DagBag from /opt/airflow/dags/dags_python_task_decorator.py
[2025-11-10T11:04:14.670+0000] {processor.py:840} INFO - DAG(s) 'dags_python_task_Decorator' retrieved from /opt/airflow/dags/dags_python_task_decorator.py
[2025-11-10T11:04:14.704+0000] {logging_mixin.py:188} INFO - [2025-11-10T11:04:14.704+0000] {dag.py:3036} INFO - Sync 1 DAGs
[2025-11-10T11:04:14.742+0000] {logging_mixin.py:188} INFO - [2025-11-10T11:04:14.742+0000] {dag.py:3823} INFO - Setting next_dagrun for dags_python_task_Decorator to 2025-11-09 17:00:00+00:00, run_after=2025-11-16 17:00:00+00:00
[2025-11-10T11:04:14.784+0000] {processor.py:183} INFO - Processing /opt/airflow/dags/dags_python_task_decorator.py took 0.159 seconds
[2025-11-10T11:04:45.331+0000] {processor.py:161} INFO - Started process (PID=23005) to work on /opt/airflow/dags/dags_python_task_decorator.py
[2025-11-10T11:04:45.333+0000] {processor.py:830} INFO - Processing file /opt/airflow/dags/dags_python_task_decorator.py for tasks to queue
[2025-11-10T11:04:45.334+0000] {logging_mixin.py:188} INFO - [2025-11-10T11:04:45.334+0000] {dagbag.py:538} INFO - Filling up the DagBag from /opt/airflow/dags/dags_python_task_decorator.py
[2025-11-10T11:04:45.357+0000] {processor.py:840} INFO - DAG(s) 'dags_python_task_Decorator' retrieved from /opt/airflow/dags/dags_python_task_decorator.py
[2025-11-10T11:04:45.384+0000] {logging_mixin.py:188} INFO - [2025-11-10T11:04:45.384+0000] {dag.py:3036} INFO - Sync 1 DAGs
[2025-11-10T11:04:45.415+0000] {logging_mixin.py:188} INFO - [2025-11-10T11:04:45.415+0000] {dag.py:3823} INFO - Setting next_dagrun for dags_python_task_Decorator to 2025-11-09 17:00:00+00:00, run_after=2025-11-16 17:00:00+00:00
[2025-11-10T11:04:45.450+0000] {processor.py:183} INFO - Processing /opt/airflow/dags/dags_python_task_decorator.py took 0.123 seconds
[2025-11-10T11:05:15.732+0000] {processor.py:161} INFO - Started process (PID=23064) to work on /opt/airflow/dags/dags_python_task_decorator.py
[2025-11-10T11:05:15.733+0000] {processor.py:830} INFO - Processing file /opt/airflow/dags/dags_python_task_decorator.py for tasks to queue
[2025-11-10T11:05:15.735+0000] {logging_mixin.py:188} INFO - [2025-11-10T11:05:15.734+0000] {dagbag.py:538} INFO - Filling up the DagBag from /opt/airflow/dags/dags_python_task_decorator.py
[2025-11-10T11:05:15.756+0000] {processor.py:840} INFO - DAG(s) 'dags_python_task_Decorator' retrieved from /opt/airflow/dags/dags_python_task_decorator.py
[2025-11-10T11:05:15.782+0000] {logging_mixin.py:188} INFO - [2025-11-10T11:05:15.782+0000] {dag.py:3036} INFO - Sync 1 DAGs
[2025-11-10T11:05:15.809+0000] {logging_mixin.py:188} INFO - [2025-11-10T11:05:15.809+0000] {dag.py:3823} INFO - Setting next_dagrun for dags_python_task_Decorator to 2025-11-09 17:00:00+00:00, run_after=2025-11-16 17:00:00+00:00
[2025-11-10T11:05:15.843+0000] {processor.py:183} INFO - Processing /opt/airflow/dags/dags_python_task_decorator.py took 0.116 seconds
[2025-11-10T11:05:46.521+0000] {processor.py:161} INFO - Started process (PID=23123) to work on /opt/airflow/dags/dags_python_task_decorator.py
[2025-11-10T11:05:46.523+0000] {processor.py:830} INFO - Processing file /opt/airflow/dags/dags_python_task_decorator.py for tasks to queue
[2025-11-10T11:05:46.524+0000] {logging_mixin.py:188} INFO - [2025-11-10T11:05:46.524+0000] {dagbag.py:538} INFO - Filling up the DagBag from /opt/airflow/dags/dags_python_task_decorator.py
[2025-11-10T11:05:46.547+0000] {processor.py:840} INFO - DAG(s) 'dags_python_task_Decorator' retrieved from /opt/airflow/dags/dags_python_task_decorator.py
[2025-11-10T11:05:46.574+0000] {logging_mixin.py:188} INFO - [2025-11-10T11:05:46.574+0000] {dag.py:3036} INFO - Sync 1 DAGs
[2025-11-10T11:05:46.604+0000] {logging_mixin.py:188} INFO - [2025-11-10T11:05:46.603+0000] {dag.py:3823} INFO - Setting next_dagrun for dags_python_task_Decorator to 2025-11-09 17:00:00+00:00, run_after=2025-11-16 17:00:00+00:00
[2025-11-10T11:05:46.632+0000] {processor.py:183} INFO - Processing /opt/airflow/dags/dags_python_task_decorator.py took 0.115 seconds
[2025-11-10T11:06:16.717+0000] {processor.py:161} INFO - Started process (PID=23182) to work on /opt/airflow/dags/dags_python_task_decorator.py
[2025-11-10T11:06:16.718+0000] {processor.py:830} INFO - Processing file /opt/airflow/dags/dags_python_task_decorator.py for tasks to queue
[2025-11-10T11:06:16.720+0000] {logging_mixin.py:188} INFO - [2025-11-10T11:06:16.719+0000] {dagbag.py:538} INFO - Filling up the DagBag from /opt/airflow/dags/dags_python_task_decorator.py
[2025-11-10T11:06:16.747+0000] {processor.py:840} INFO - DAG(s) 'dags_python_task_Decorator' retrieved from /opt/airflow/dags/dags_python_task_decorator.py
[2025-11-10T11:06:16.773+0000] {logging_mixin.py:188} INFO - [2025-11-10T11:06:16.772+0000] {dag.py:3036} INFO - Sync 1 DAGs
[2025-11-10T11:06:16.807+0000] {logging_mixin.py:188} INFO - [2025-11-10T11:06:16.806+0000] {dag.py:3823} INFO - Setting next_dagrun for dags_python_task_Decorator to 2025-11-09 17:00:00+00:00, run_after=2025-11-16 17:00:00+00:00
[2025-11-10T11:06:16.890+0000] {processor.py:183} INFO - Processing /opt/airflow/dags/dags_python_task_decorator.py took 0.177 seconds
[2025-11-10T11:06:47.513+0000] {processor.py:161} INFO - Started process (PID=23241) to work on /opt/airflow/dags/dags_python_task_decorator.py
[2025-11-10T11:06:47.514+0000] {processor.py:830} INFO - Processing file /opt/airflow/dags/dags_python_task_decorator.py for tasks to queue
[2025-11-10T11:06:47.516+0000] {logging_mixin.py:188} INFO - [2025-11-10T11:06:47.515+0000] {dagbag.py:538} INFO - Filling up the DagBag from /opt/airflow/dags/dags_python_task_decorator.py
[2025-11-10T11:06:47.536+0000] {processor.py:840} INFO - DAG(s) 'dags_python_task_Decorator' retrieved from /opt/airflow/dags/dags_python_task_decorator.py
[2025-11-10T11:06:47.562+0000] {logging_mixin.py:188} INFO - [2025-11-10T11:06:47.562+0000] {dag.py:3036} INFO - Sync 1 DAGs
[2025-11-10T11:06:47.592+0000] {logging_mixin.py:188} INFO - [2025-11-10T11:06:47.592+0000] {dag.py:3823} INFO - Setting next_dagrun for dags_python_task_Decorator to 2025-11-09 17:00:00+00:00, run_after=2025-11-16 17:00:00+00:00
[2025-11-10T11:06:47.626+0000] {processor.py:183} INFO - Processing /opt/airflow/dags/dags_python_task_decorator.py took 0.118 seconds
[2025-11-10T11:07:17.963+0000] {processor.py:161} INFO - Started process (PID=23300) to work on /opt/airflow/dags/dags_python_task_decorator.py
[2025-11-10T11:07:17.964+0000] {processor.py:830} INFO - Processing file /opt/airflow/dags/dags_python_task_decorator.py for tasks to queue
[2025-11-10T11:07:17.966+0000] {logging_mixin.py:188} INFO - [2025-11-10T11:07:17.965+0000] {dagbag.py:538} INFO - Filling up the DagBag from /opt/airflow/dags/dags_python_task_decorator.py
[2025-11-10T11:07:17.992+0000] {processor.py:840} INFO - DAG(s) 'dags_python_task_Decorator' retrieved from /opt/airflow/dags/dags_python_task_decorator.py
[2025-11-10T11:07:18.020+0000] {logging_mixin.py:188} INFO - [2025-11-10T11:07:18.020+0000] {dag.py:3036} INFO - Sync 1 DAGs
[2025-11-10T11:07:18.047+0000] {logging_mixin.py:188} INFO - [2025-11-10T11:07:18.047+0000] {dag.py:3823} INFO - Setting next_dagrun for dags_python_task_Decorator to 2025-11-09 17:00:00+00:00, run_after=2025-11-16 17:00:00+00:00
[2025-11-10T11:07:18.075+0000] {processor.py:183} INFO - Processing /opt/airflow/dags/dags_python_task_decorator.py took 0.118 seconds
[2025-11-10T11:07:48.395+0000] {processor.py:161} INFO - Started process (PID=23359) to work on /opt/airflow/dags/dags_python_task_decorator.py
[2025-11-10T11:07:48.396+0000] {processor.py:830} INFO - Processing file /opt/airflow/dags/dags_python_task_decorator.py for tasks to queue
[2025-11-10T11:07:48.397+0000] {logging_mixin.py:188} INFO - [2025-11-10T11:07:48.397+0000] {dagbag.py:538} INFO - Filling up the DagBag from /opt/airflow/dags/dags_python_task_decorator.py
[2025-11-10T11:07:48.418+0000] {processor.py:840} INFO - DAG(s) 'dags_python_task_Decorator' retrieved from /opt/airflow/dags/dags_python_task_decorator.py
[2025-11-10T11:07:48.443+0000] {logging_mixin.py:188} INFO - [2025-11-10T11:07:48.442+0000] {dag.py:3036} INFO - Sync 1 DAGs
[2025-11-10T11:07:48.469+0000] {logging_mixin.py:188} INFO - [2025-11-10T11:07:48.469+0000] {dag.py:3823} INFO - Setting next_dagrun for dags_python_task_Decorator to 2025-11-09 17:00:00+00:00, run_after=2025-11-16 17:00:00+00:00
[2025-11-10T11:07:48.496+0000] {processor.py:183} INFO - Processing /opt/airflow/dags/dags_python_task_decorator.py took 0.105 seconds
[2025-11-10T11:08:18.723+0000] {processor.py:161} INFO - Started process (PID=23418) to work on /opt/airflow/dags/dags_python_task_decorator.py
[2025-11-10T11:08:18.724+0000] {processor.py:830} INFO - Processing file /opt/airflow/dags/dags_python_task_decorator.py for tasks to queue
[2025-11-10T11:08:18.726+0000] {logging_mixin.py:188} INFO - [2025-11-10T11:08:18.726+0000] {dagbag.py:538} INFO - Filling up the DagBag from /opt/airflow/dags/dags_python_task_decorator.py
[2025-11-10T11:08:18.749+0000] {processor.py:840} INFO - DAG(s) 'dags_python_task_Decorator' retrieved from /opt/airflow/dags/dags_python_task_decorator.py
[2025-11-10T11:08:18.776+0000] {logging_mixin.py:188} INFO - [2025-11-10T11:08:18.776+0000] {dag.py:3036} INFO - Sync 1 DAGs
[2025-11-10T11:08:18.806+0000] {logging_mixin.py:188} INFO - [2025-11-10T11:08:18.806+0000] {dag.py:3823} INFO - Setting next_dagrun for dags_python_task_Decorator to 2025-11-09 17:00:00+00:00, run_after=2025-11-16 17:00:00+00:00
[2025-11-10T11:08:18.842+0000] {processor.py:183} INFO - Processing /opt/airflow/dags/dags_python_task_decorator.py took 0.124 seconds
[2025-11-10T11:08:49.285+0000] {processor.py:161} INFO - Started process (PID=23477) to work on /opt/airflow/dags/dags_python_task_decorator.py
[2025-11-10T11:08:49.287+0000] {processor.py:830} INFO - Processing file /opt/airflow/dags/dags_python_task_decorator.py for tasks to queue
[2025-11-10T11:08:49.289+0000] {logging_mixin.py:188} INFO - [2025-11-10T11:08:49.289+0000] {dagbag.py:538} INFO - Filling up the DagBag from /opt/airflow/dags/dags_python_task_decorator.py
[2025-11-10T11:08:49.324+0000] {processor.py:840} INFO - DAG(s) 'dags_python_task_Decorator' retrieved from /opt/airflow/dags/dags_python_task_decorator.py
[2025-11-10T11:08:49.365+0000] {logging_mixin.py:188} INFO - [2025-11-10T11:08:49.364+0000] {dag.py:3036} INFO - Sync 1 DAGs
[2025-11-10T11:08:49.412+0000] {logging_mixin.py:188} INFO - [2025-11-10T11:08:49.411+0000] {dag.py:3823} INFO - Setting next_dagrun for dags_python_task_Decorator to 2025-11-09 17:00:00+00:00, run_after=2025-11-16 17:00:00+00:00
[2025-11-10T11:08:49.460+0000] {processor.py:183} INFO - Processing /opt/airflow/dags/dags_python_task_decorator.py took 0.181 seconds
[2025-11-10T11:09:19.937+0000] {processor.py:161} INFO - Started process (PID=23536) to work on /opt/airflow/dags/dags_python_task_decorator.py
[2025-11-10T11:09:19.940+0000] {processor.py:830} INFO - Processing file /opt/airflow/dags/dags_python_task_decorator.py for tasks to queue
[2025-11-10T11:09:19.942+0000] {logging_mixin.py:188} INFO - [2025-11-10T11:09:19.941+0000] {dagbag.py:538} INFO - Filling up the DagBag from /opt/airflow/dags/dags_python_task_decorator.py
[2025-11-10T11:09:19.998+0000] {processor.py:840} INFO - DAG(s) 'dags_python_task_Decorator' retrieved from /opt/airflow/dags/dags_python_task_decorator.py
[2025-11-10T11:09:20.055+0000] {logging_mixin.py:188} INFO - [2025-11-10T11:09:20.054+0000] {dag.py:3036} INFO - Sync 1 DAGs
[2025-11-10T11:09:20.143+0000] {logging_mixin.py:188} INFO - [2025-11-10T11:09:20.143+0000] {dag.py:3823} INFO - Setting next_dagrun for dags_python_task_Decorator to 2025-11-09 17:00:00+00:00, run_after=2025-11-16 17:00:00+00:00
[2025-11-10T11:09:20.223+0000] {processor.py:183} INFO - Processing /opt/airflow/dags/dags_python_task_decorator.py took 0.297 seconds
[2025-11-10T11:09:50.643+0000] {processor.py:161} INFO - Started process (PID=23595) to work on /opt/airflow/dags/dags_python_task_decorator.py
[2025-11-10T11:09:50.646+0000] {processor.py:830} INFO - Processing file /opt/airflow/dags/dags_python_task_decorator.py for tasks to queue
[2025-11-10T11:09:50.648+0000] {logging_mixin.py:188} INFO - [2025-11-10T11:09:50.647+0000] {dagbag.py:538} INFO - Filling up the DagBag from /opt/airflow/dags/dags_python_task_decorator.py
[2025-11-10T11:09:50.685+0000] {processor.py:840} INFO - DAG(s) 'dags_python_task_Decorator' retrieved from /opt/airflow/dags/dags_python_task_decorator.py
[2025-11-10T11:09:50.724+0000] {logging_mixin.py:188} INFO - [2025-11-10T11:09:50.723+0000] {dag.py:3036} INFO - Sync 1 DAGs
[2025-11-10T11:09:50.774+0000] {logging_mixin.py:188} INFO - [2025-11-10T11:09:50.773+0000] {dag.py:3823} INFO - Setting next_dagrun for dags_python_task_Decorator to 2025-11-09 17:00:00+00:00, run_after=2025-11-16 17:00:00+00:00
[2025-11-10T11:09:50.833+0000] {processor.py:183} INFO - Processing /opt/airflow/dags/dags_python_task_decorator.py took 0.196 seconds
[2025-11-10T11:10:21.414+0000] {processor.py:161} INFO - Started process (PID=23654) to work on /opt/airflow/dags/dags_python_task_decorator.py
[2025-11-10T11:10:21.415+0000] {processor.py:830} INFO - Processing file /opt/airflow/dags/dags_python_task_decorator.py for tasks to queue
[2025-11-10T11:10:21.417+0000] {logging_mixin.py:188} INFO - [2025-11-10T11:10:21.417+0000] {dagbag.py:538} INFO - Filling up the DagBag from /opt/airflow/dags/dags_python_task_decorator.py
[2025-11-10T11:10:21.446+0000] {processor.py:840} INFO - DAG(s) 'dags_python_task_Decorator' retrieved from /opt/airflow/dags/dags_python_task_decorator.py
[2025-11-10T11:10:21.480+0000] {logging_mixin.py:188} INFO - [2025-11-10T11:10:21.479+0000] {dag.py:3036} INFO - Sync 1 DAGs
[2025-11-10T11:10:21.515+0000] {logging_mixin.py:188} INFO - [2025-11-10T11:10:21.515+0000] {dag.py:3823} INFO - Setting next_dagrun for dags_python_task_Decorator to 2025-11-09 17:00:00+00:00, run_after=2025-11-16 17:00:00+00:00
[2025-11-10T11:10:21.554+0000] {processor.py:183} INFO - Processing /opt/airflow/dags/dags_python_task_decorator.py took 0.146 seconds
[2025-11-10T11:10:51.999+0000] {processor.py:161} INFO - Started process (PID=23713) to work on /opt/airflow/dags/dags_python_task_decorator.py
[2025-11-10T11:10:52.001+0000] {processor.py:830} INFO - Processing file /opt/airflow/dags/dags_python_task_decorator.py for tasks to queue
[2025-11-10T11:10:52.002+0000] {logging_mixin.py:188} INFO - [2025-11-10T11:10:52.002+0000] {dagbag.py:538} INFO - Filling up the DagBag from /opt/airflow/dags/dags_python_task_decorator.py
[2025-11-10T11:10:52.033+0000] {processor.py:840} INFO - DAG(s) 'dags_python_task_Decorator' retrieved from /opt/airflow/dags/dags_python_task_decorator.py
[2025-11-10T11:10:52.061+0000] {logging_mixin.py:188} INFO - [2025-11-10T11:10:52.060+0000] {dag.py:3036} INFO - Sync 1 DAGs
[2025-11-10T11:10:52.090+0000] {logging_mixin.py:188} INFO - [2025-11-10T11:10:52.090+0000] {dag.py:3823} INFO - Setting next_dagrun for dags_python_task_Decorator to 2025-11-09 17:00:00+00:00, run_after=2025-11-16 17:00:00+00:00
[2025-11-10T11:10:52.126+0000] {processor.py:183} INFO - Processing /opt/airflow/dags/dags_python_task_decorator.py took 0.131 seconds
[2025-11-10T11:11:22.245+0000] {processor.py:161} INFO - Started process (PID=23772) to work on /opt/airflow/dags/dags_python_task_decorator.py
[2025-11-10T11:11:22.246+0000] {processor.py:830} INFO - Processing file /opt/airflow/dags/dags_python_task_decorator.py for tasks to queue
[2025-11-10T11:11:22.252+0000] {logging_mixin.py:188} INFO - [2025-11-10T11:11:22.252+0000] {dagbag.py:538} INFO - Filling up the DagBag from /opt/airflow/dags/dags_python_task_decorator.py
[2025-11-10T11:11:22.274+0000] {processor.py:840} INFO - DAG(s) 'dags_python_task_Decorator' retrieved from /opt/airflow/dags/dags_python_task_decorator.py
[2025-11-10T11:11:22.301+0000] {logging_mixin.py:188} INFO - [2025-11-10T11:11:22.301+0000] {dag.py:3036} INFO - Sync 1 DAGs
[2025-11-10T11:11:22.331+0000] {logging_mixin.py:188} INFO - [2025-11-10T11:11:22.331+0000] {dag.py:3823} INFO - Setting next_dagrun for dags_python_task_Decorator to 2025-11-09 17:00:00+00:00, run_after=2025-11-16 17:00:00+00:00
[2025-11-10T11:11:22.367+0000] {processor.py:183} INFO - Processing /opt/airflow/dags/dags_python_task_decorator.py took 0.127 seconds
[2025-11-10T11:11:52.553+0000] {processor.py:161} INFO - Started process (PID=23831) to work on /opt/airflow/dags/dags_python_task_decorator.py
[2025-11-10T11:11:52.555+0000] {processor.py:830} INFO - Processing file /opt/airflow/dags/dags_python_task_decorator.py for tasks to queue
[2025-11-10T11:11:52.557+0000] {logging_mixin.py:188} INFO - [2025-11-10T11:11:52.557+0000] {dagbag.py:538} INFO - Filling up the DagBag from /opt/airflow/dags/dags_python_task_decorator.py
[2025-11-10T11:11:52.593+0000] {processor.py:840} INFO - DAG(s) 'dags_python_task_Decorator' retrieved from /opt/airflow/dags/dags_python_task_decorator.py
[2025-11-10T11:11:52.633+0000] {logging_mixin.py:188} INFO - [2025-11-10T11:11:52.633+0000] {dag.py:3036} INFO - Sync 1 DAGs
[2025-11-10T11:11:52.693+0000] {logging_mixin.py:188} INFO - [2025-11-10T11:11:52.692+0000] {dag.py:3823} INFO - Setting next_dagrun for dags_python_task_Decorator to 2025-11-09 17:00:00+00:00, run_after=2025-11-16 17:00:00+00:00
[2025-11-10T11:11:52.737+0000] {processor.py:183} INFO - Processing /opt/airflow/dags/dags_python_task_decorator.py took 0.192 seconds
[2025-11-10T11:12:23.157+0000] {processor.py:161} INFO - Started process (PID=23888) to work on /opt/airflow/dags/dags_python_task_decorator.py
[2025-11-10T11:12:23.159+0000] {processor.py:830} INFO - Processing file /opt/airflow/dags/dags_python_task_decorator.py for tasks to queue
[2025-11-10T11:12:23.161+0000] {logging_mixin.py:188} INFO - [2025-11-10T11:12:23.160+0000] {dagbag.py:538} INFO - Filling up the DagBag from /opt/airflow/dags/dags_python_task_decorator.py
[2025-11-10T11:12:23.188+0000] {processor.py:840} INFO - DAG(s) 'dags_python_task_Decorator' retrieved from /opt/airflow/dags/dags_python_task_decorator.py
[2025-11-10T11:12:23.215+0000] {logging_mixin.py:188} INFO - [2025-11-10T11:12:23.214+0000] {dag.py:3036} INFO - Sync 1 DAGs
[2025-11-10T11:12:23.246+0000] {logging_mixin.py:188} INFO - [2025-11-10T11:12:23.246+0000] {dag.py:3823} INFO - Setting next_dagrun for dags_python_task_Decorator to 2025-11-09 17:00:00+00:00, run_after=2025-11-16 17:00:00+00:00
[2025-11-10T11:12:23.283+0000] {processor.py:183} INFO - Processing /opt/airflow/dags/dags_python_task_decorator.py took 0.130 seconds
[2025-11-10T11:12:53.615+0000] {processor.py:161} INFO - Started process (PID=23947) to work on /opt/airflow/dags/dags_python_task_decorator.py
[2025-11-10T11:12:53.619+0000] {processor.py:830} INFO - Processing file /opt/airflow/dags/dags_python_task_decorator.py for tasks to queue
[2025-11-10T11:12:53.623+0000] {logging_mixin.py:188} INFO - [2025-11-10T11:12:53.622+0000] {dagbag.py:538} INFO - Filling up the DagBag from /opt/airflow/dags/dags_python_task_decorator.py
[2025-11-10T11:12:53.650+0000] {processor.py:840} INFO - DAG(s) 'dags_python_task_Decorator' retrieved from /opt/airflow/dags/dags_python_task_decorator.py
[2025-11-10T11:12:53.683+0000] {logging_mixin.py:188} INFO - [2025-11-10T11:12:53.682+0000] {dag.py:3036} INFO - Sync 1 DAGs
[2025-11-10T11:12:53.716+0000] {logging_mixin.py:188} INFO - [2025-11-10T11:12:53.716+0000] {dag.py:3823} INFO - Setting next_dagrun for dags_python_task_Decorator to 2025-11-09 17:00:00+00:00, run_after=2025-11-16 17:00:00+00:00
[2025-11-10T11:12:53.749+0000] {processor.py:183} INFO - Processing /opt/airflow/dags/dags_python_task_decorator.py took 0.140 seconds
[2025-11-10T11:13:24.012+0000] {processor.py:161} INFO - Started process (PID=24007) to work on /opt/airflow/dags/dags_python_task_decorator.py
[2025-11-10T11:13:24.013+0000] {processor.py:830} INFO - Processing file /opt/airflow/dags/dags_python_task_decorator.py for tasks to queue
[2025-11-10T11:13:24.015+0000] {logging_mixin.py:188} INFO - [2025-11-10T11:13:24.014+0000] {dagbag.py:538} INFO - Filling up the DagBag from /opt/airflow/dags/dags_python_task_decorator.py
[2025-11-10T11:13:24.039+0000] {processor.py:840} INFO - DAG(s) 'dags_python_task_Decorator' retrieved from /opt/airflow/dags/dags_python_task_decorator.py
[2025-11-10T11:13:24.064+0000] {logging_mixin.py:188} INFO - [2025-11-10T11:13:24.063+0000] {dag.py:3036} INFO - Sync 1 DAGs
[2025-11-10T11:13:24.098+0000] {logging_mixin.py:188} INFO - [2025-11-10T11:13:24.097+0000] {dag.py:3823} INFO - Setting next_dagrun for dags_python_task_Decorator to 2025-11-09 17:00:00+00:00, run_after=2025-11-16 17:00:00+00:00
[2025-11-10T11:13:24.135+0000] {processor.py:183} INFO - Processing /opt/airflow/dags/dags_python_task_decorator.py took 0.128 seconds
[2025-11-10T11:13:54.535+0000] {processor.py:161} INFO - Started process (PID=24066) to work on /opt/airflow/dags/dags_python_task_decorator.py
[2025-11-10T11:13:54.537+0000] {processor.py:830} INFO - Processing file /opt/airflow/dags/dags_python_task_decorator.py for tasks to queue
[2025-11-10T11:13:54.538+0000] {logging_mixin.py:188} INFO - [2025-11-10T11:13:54.538+0000] {dagbag.py:538} INFO - Filling up the DagBag from /opt/airflow/dags/dags_python_task_decorator.py
[2025-11-10T11:13:54.563+0000] {processor.py:840} INFO - DAG(s) 'dags_python_task_Decorator' retrieved from /opt/airflow/dags/dags_python_task_decorator.py
[2025-11-10T11:13:54.590+0000] {logging_mixin.py:188} INFO - [2025-11-10T11:13:54.590+0000] {dag.py:3036} INFO - Sync 1 DAGs
[2025-11-10T11:13:54.621+0000] {logging_mixin.py:188} INFO - [2025-11-10T11:13:54.621+0000] {dag.py:3823} INFO - Setting next_dagrun for dags_python_task_Decorator to 2025-11-09 17:00:00+00:00, run_after=2025-11-16 17:00:00+00:00
[2025-11-10T11:13:54.649+0000] {processor.py:183} INFO - Processing /opt/airflow/dags/dags_python_task_decorator.py took 0.119 seconds
[2025-11-10T11:14:24.795+0000] {processor.py:161} INFO - Started process (PID=24125) to work on /opt/airflow/dags/dags_python_task_decorator.py
[2025-11-10T11:14:24.796+0000] {processor.py:830} INFO - Processing file /opt/airflow/dags/dags_python_task_decorator.py for tasks to queue
[2025-11-10T11:14:24.798+0000] {logging_mixin.py:188} INFO - [2025-11-10T11:14:24.798+0000] {dagbag.py:538} INFO - Filling up the DagBag from /opt/airflow/dags/dags_python_task_decorator.py
[2025-11-10T11:14:24.825+0000] {processor.py:840} INFO - DAG(s) 'dags_python_task_Decorator' retrieved from /opt/airflow/dags/dags_python_task_decorator.py
[2025-11-10T11:14:24.855+0000] {logging_mixin.py:188} INFO - [2025-11-10T11:14:24.854+0000] {dag.py:3036} INFO - Sync 1 DAGs
[2025-11-10T11:14:24.890+0000] {logging_mixin.py:188} INFO - [2025-11-10T11:14:24.889+0000] {dag.py:3823} INFO - Setting next_dagrun for dags_python_task_Decorator to 2025-11-09 17:00:00+00:00, run_after=2025-11-16 17:00:00+00:00
[2025-11-10T11:14:24.929+0000] {processor.py:183} INFO - Processing /opt/airflow/dags/dags_python_task_decorator.py took 0.139 seconds
[2025-11-10T11:14:55.063+0000] {processor.py:161} INFO - Started process (PID=24184) to work on /opt/airflow/dags/dags_python_task_decorator.py
[2025-11-10T11:14:55.064+0000] {processor.py:830} INFO - Processing file /opt/airflow/dags/dags_python_task_decorator.py for tasks to queue
[2025-11-10T11:14:55.066+0000] {logging_mixin.py:188} INFO - [2025-11-10T11:14:55.065+0000] {dagbag.py:538} INFO - Filling up the DagBag from /opt/airflow/dags/dags_python_task_decorator.py
[2025-11-10T11:14:55.087+0000] {processor.py:840} INFO - DAG(s) 'dags_python_task_Decorator' retrieved from /opt/airflow/dags/dags_python_task_decorator.py
[2025-11-10T11:14:55.115+0000] {logging_mixin.py:188} INFO - [2025-11-10T11:14:55.115+0000] {dag.py:3036} INFO - Sync 1 DAGs
[2025-11-10T11:14:55.142+0000] {logging_mixin.py:188} INFO - [2025-11-10T11:14:55.142+0000] {dag.py:3823} INFO - Setting next_dagrun for dags_python_task_Decorator to 2025-11-09 17:00:00+00:00, run_after=2025-11-16 17:00:00+00:00
[2025-11-10T11:14:55.168+0000] {processor.py:183} INFO - Processing /opt/airflow/dags/dags_python_task_decorator.py took 0.110 seconds
[2025-11-10T11:15:25.667+0000] {processor.py:161} INFO - Started process (PID=24243) to work on /opt/airflow/dags/dags_python_task_decorator.py
[2025-11-10T11:15:25.668+0000] {processor.py:830} INFO - Processing file /opt/airflow/dags/dags_python_task_decorator.py for tasks to queue
[2025-11-10T11:15:25.670+0000] {logging_mixin.py:188} INFO - [2025-11-10T11:15:25.670+0000] {dagbag.py:538} INFO - Filling up the DagBag from /opt/airflow/dags/dags_python_task_decorator.py
[2025-11-10T11:15:25.692+0000] {processor.py:840} INFO - DAG(s) 'dags_python_task_Decorator' retrieved from /opt/airflow/dags/dags_python_task_decorator.py
[2025-11-10T11:15:25.717+0000] {logging_mixin.py:188} INFO - [2025-11-10T11:15:25.717+0000] {dag.py:3036} INFO - Sync 1 DAGs
[2025-11-10T11:15:25.743+0000] {logging_mixin.py:188} INFO - [2025-11-10T11:15:25.743+0000] {dag.py:3823} INFO - Setting next_dagrun for dags_python_task_Decorator to 2025-11-09 17:00:00+00:00, run_after=2025-11-16 17:00:00+00:00
[2025-11-10T11:15:25.776+0000] {processor.py:183} INFO - Processing /opt/airflow/dags/dags_python_task_decorator.py took 0.114 seconds
[2025-11-10T11:15:56.208+0000] {processor.py:161} INFO - Started process (PID=24302) to work on /opt/airflow/dags/dags_python_task_decorator.py
[2025-11-10T11:15:56.210+0000] {processor.py:830} INFO - Processing file /opt/airflow/dags/dags_python_task_decorator.py for tasks to queue
[2025-11-10T11:15:56.211+0000] {logging_mixin.py:188} INFO - [2025-11-10T11:15:56.211+0000] {dagbag.py:538} INFO - Filling up the DagBag from /opt/airflow/dags/dags_python_task_decorator.py
[2025-11-10T11:15:56.237+0000] {processor.py:840} INFO - DAG(s) 'dags_python_task_Decorator' retrieved from /opt/airflow/dags/dags_python_task_decorator.py
[2025-11-10T11:15:56.262+0000] {logging_mixin.py:188} INFO - [2025-11-10T11:15:56.262+0000] {dag.py:3036} INFO - Sync 1 DAGs
[2025-11-10T11:15:56.289+0000] {logging_mixin.py:188} INFO - [2025-11-10T11:15:56.288+0000] {dag.py:3823} INFO - Setting next_dagrun for dags_python_task_Decorator to 2025-11-09 17:00:00+00:00, run_after=2025-11-16 17:00:00+00:00
[2025-11-10T11:15:56.324+0000] {processor.py:183} INFO - Processing /opt/airflow/dags/dags_python_task_decorator.py took 0.120 seconds
[2025-11-10T11:16:26.412+0000] {processor.py:161} INFO - Started process (PID=24361) to work on /opt/airflow/dags/dags_python_task_decorator.py
[2025-11-10T11:16:26.413+0000] {processor.py:830} INFO - Processing file /opt/airflow/dags/dags_python_task_decorator.py for tasks to queue
[2025-11-10T11:16:26.415+0000] {logging_mixin.py:188} INFO - [2025-11-10T11:16:26.414+0000] {dagbag.py:538} INFO - Filling up the DagBag from /opt/airflow/dags/dags_python_task_decorator.py
[2025-11-10T11:16:26.439+0000] {processor.py:840} INFO - DAG(s) 'dags_python_task_Decorator' retrieved from /opt/airflow/dags/dags_python_task_decorator.py
[2025-11-10T11:16:26.469+0000] {logging_mixin.py:188} INFO - [2025-11-10T11:16:26.468+0000] {dag.py:3036} INFO - Sync 1 DAGs
[2025-11-10T11:16:26.502+0000] {logging_mixin.py:188} INFO - [2025-11-10T11:16:26.502+0000] {dag.py:3823} INFO - Setting next_dagrun for dags_python_task_Decorator to 2025-11-09 17:00:00+00:00, run_after=2025-11-16 17:00:00+00:00
[2025-11-10T11:16:26.541+0000] {processor.py:183} INFO - Processing /opt/airflow/dags/dags_python_task_decorator.py took 0.135 seconds
[2025-11-10T11:16:56.712+0000] {processor.py:161} INFO - Started process (PID=24420) to work on /opt/airflow/dags/dags_python_task_decorator.py
[2025-11-10T11:16:56.714+0000] {processor.py:830} INFO - Processing file /opt/airflow/dags/dags_python_task_decorator.py for tasks to queue
[2025-11-10T11:16:56.715+0000] {logging_mixin.py:188} INFO - [2025-11-10T11:16:56.715+0000] {dagbag.py:538} INFO - Filling up the DagBag from /opt/airflow/dags/dags_python_task_decorator.py
[2025-11-10T11:16:56.741+0000] {processor.py:840} INFO - DAG(s) 'dags_python_task_Decorator' retrieved from /opt/airflow/dags/dags_python_task_decorator.py
[2025-11-10T11:16:56.772+0000] {logging_mixin.py:188} INFO - [2025-11-10T11:16:56.772+0000] {dag.py:3036} INFO - Sync 1 DAGs
[2025-11-10T11:16:56.806+0000] {logging_mixin.py:188} INFO - [2025-11-10T11:16:56.806+0000] {dag.py:3823} INFO - Setting next_dagrun for dags_python_task_Decorator to 2025-11-09 17:00:00+00:00, run_after=2025-11-16 17:00:00+00:00
[2025-11-10T11:16:56.843+0000] {processor.py:183} INFO - Processing /opt/airflow/dags/dags_python_task_decorator.py took 0.134 seconds
[2025-11-10T11:17:27.053+0000] {processor.py:161} INFO - Started process (PID=24479) to work on /opt/airflow/dags/dags_python_task_decorator.py
[2025-11-10T11:17:27.055+0000] {processor.py:830} INFO - Processing file /opt/airflow/dags/dags_python_task_decorator.py for tasks to queue
[2025-11-10T11:17:27.056+0000] {logging_mixin.py:188} INFO - [2025-11-10T11:17:27.056+0000] {dagbag.py:538} INFO - Filling up the DagBag from /opt/airflow/dags/dags_python_task_decorator.py
[2025-11-10T11:17:27.084+0000] {processor.py:840} INFO - DAG(s) 'dags_python_task_Decorator' retrieved from /opt/airflow/dags/dags_python_task_decorator.py
[2025-11-10T11:17:27.111+0000] {logging_mixin.py:188} INFO - [2025-11-10T11:17:27.111+0000] {dag.py:3036} INFO - Sync 1 DAGs
[2025-11-10T11:17:27.139+0000] {logging_mixin.py:188} INFO - [2025-11-10T11:17:27.139+0000] {dag.py:3823} INFO - Setting next_dagrun for dags_python_task_Decorator to 2025-11-09 17:00:00+00:00, run_after=2025-11-16 17:00:00+00:00
[2025-11-10T11:17:27.168+0000] {processor.py:183} INFO - Processing /opt/airflow/dags/dags_python_task_decorator.py took 0.120 seconds
[2025-11-10T11:17:57.600+0000] {processor.py:161} INFO - Started process (PID=24538) to work on /opt/airflow/dags/dags_python_task_decorator.py
[2025-11-10T11:17:57.601+0000] {processor.py:830} INFO - Processing file /opt/airflow/dags/dags_python_task_decorator.py for tasks to queue
[2025-11-10T11:17:57.603+0000] {logging_mixin.py:188} INFO - [2025-11-10T11:17:57.602+0000] {dagbag.py:538} INFO - Filling up the DagBag from /opt/airflow/dags/dags_python_task_decorator.py
[2025-11-10T11:17:57.626+0000] {processor.py:840} INFO - DAG(s) 'dags_python_task_Decorator' retrieved from /opt/airflow/dags/dags_python_task_decorator.py
[2025-11-10T11:17:57.653+0000] {logging_mixin.py:188} INFO - [2025-11-10T11:17:57.653+0000] {dag.py:3036} INFO - Sync 1 DAGs
[2025-11-10T11:17:57.685+0000] {logging_mixin.py:188} INFO - [2025-11-10T11:17:57.685+0000] {dag.py:3823} INFO - Setting next_dagrun for dags_python_task_Decorator to 2025-11-09 17:00:00+00:00, run_after=2025-11-16 17:00:00+00:00
[2025-11-10T11:17:57.727+0000] {processor.py:183} INFO - Processing /opt/airflow/dags/dags_python_task_decorator.py took 0.131 seconds
[2025-11-10T11:18:28.032+0000] {processor.py:161} INFO - Started process (PID=24597) to work on /opt/airflow/dags/dags_python_task_decorator.py
[2025-11-10T11:18:28.034+0000] {processor.py:830} INFO - Processing file /opt/airflow/dags/dags_python_task_decorator.py for tasks to queue
[2025-11-10T11:18:28.035+0000] {logging_mixin.py:188} INFO - [2025-11-10T11:18:28.035+0000] {dagbag.py:538} INFO - Filling up the DagBag from /opt/airflow/dags/dags_python_task_decorator.py
[2025-11-10T11:18:28.067+0000] {processor.py:840} INFO - DAG(s) 'dags_python_task_Decorator' retrieved from /opt/airflow/dags/dags_python_task_decorator.py
[2025-11-10T11:18:28.092+0000] {logging_mixin.py:188} INFO - [2025-11-10T11:18:28.092+0000] {dag.py:3036} INFO - Sync 1 DAGs
[2025-11-10T11:18:28.120+0000] {logging_mixin.py:188} INFO - [2025-11-10T11:18:28.120+0000] {dag.py:3823} INFO - Setting next_dagrun for dags_python_task_Decorator to 2025-11-09 17:00:00+00:00, run_after=2025-11-16 17:00:00+00:00
[2025-11-10T11:18:28.155+0000] {processor.py:183} INFO - Processing /opt/airflow/dags/dags_python_task_decorator.py took 0.127 seconds
[2025-11-10T11:18:58.828+0000] {processor.py:161} INFO - Started process (PID=24656) to work on /opt/airflow/dags/dags_python_task_decorator.py
[2025-11-10T11:18:58.829+0000] {processor.py:830} INFO - Processing file /opt/airflow/dags/dags_python_task_decorator.py for tasks to queue
[2025-11-10T11:18:58.831+0000] {logging_mixin.py:188} INFO - [2025-11-10T11:18:58.831+0000] {dagbag.py:538} INFO - Filling up the DagBag from /opt/airflow/dags/dags_python_task_decorator.py
[2025-11-10T11:18:58.857+0000] {processor.py:840} INFO - DAG(s) 'dags_python_task_Decorator' retrieved from /opt/airflow/dags/dags_python_task_decorator.py
[2025-11-10T11:18:58.881+0000] {logging_mixin.py:188} INFO - [2025-11-10T11:18:58.881+0000] {dag.py:3036} INFO - Sync 1 DAGs
[2025-11-10T11:18:58.908+0000] {logging_mixin.py:188} INFO - [2025-11-10T11:18:58.908+0000] {dag.py:3823} INFO - Setting next_dagrun for dags_python_task_Decorator to 2025-11-09 17:00:00+00:00, run_after=2025-11-16 17:00:00+00:00
[2025-11-10T11:18:58.934+0000] {processor.py:183} INFO - Processing /opt/airflow/dags/dags_python_task_decorator.py took 0.114 seconds
[2025-11-10T11:19:29.036+0000] {processor.py:161} INFO - Started process (PID=24716) to work on /opt/airflow/dags/dags_python_task_decorator.py
[2025-11-10T11:19:29.037+0000] {processor.py:830} INFO - Processing file /opt/airflow/dags/dags_python_task_decorator.py for tasks to queue
[2025-11-10T11:19:29.039+0000] {logging_mixin.py:188} INFO - [2025-11-10T11:19:29.038+0000] {dagbag.py:538} INFO - Filling up the DagBag from /opt/airflow/dags/dags_python_task_decorator.py
[2025-11-10T11:19:29.062+0000] {processor.py:840} INFO - DAG(s) 'dags_python_task_Decorator' retrieved from /opt/airflow/dags/dags_python_task_decorator.py
[2025-11-10T11:19:29.092+0000] {logging_mixin.py:188} INFO - [2025-11-10T11:19:29.092+0000] {dag.py:3036} INFO - Sync 1 DAGs
[2025-11-10T11:19:29.127+0000] {logging_mixin.py:188} INFO - [2025-11-10T11:19:29.127+0000] {dag.py:3823} INFO - Setting next_dagrun for dags_python_task_Decorator to 2025-11-09 17:00:00+00:00, run_after=2025-11-16 17:00:00+00:00
[2025-11-10T11:19:29.156+0000] {processor.py:183} INFO - Processing /opt/airflow/dags/dags_python_task_decorator.py took 0.126 seconds
[2025-11-10T11:19:59.478+0000] {processor.py:161} INFO - Started process (PID=24775) to work on /opt/airflow/dags/dags_python_task_decorator.py
[2025-11-10T11:19:59.480+0000] {processor.py:830} INFO - Processing file /opt/airflow/dags/dags_python_task_decorator.py for tasks to queue
[2025-11-10T11:19:59.481+0000] {logging_mixin.py:188} INFO - [2025-11-10T11:19:59.481+0000] {dagbag.py:538} INFO - Filling up the DagBag from /opt/airflow/dags/dags_python_task_decorator.py
[2025-11-10T11:19:59.504+0000] {processor.py:840} INFO - DAG(s) 'dags_python_task_Decorator' retrieved from /opt/airflow/dags/dags_python_task_decorator.py
[2025-11-10T11:19:59.529+0000] {logging_mixin.py:188} INFO - [2025-11-10T11:19:59.529+0000] {dag.py:3036} INFO - Sync 1 DAGs
[2025-11-10T11:19:59.563+0000] {logging_mixin.py:188} INFO - [2025-11-10T11:19:59.563+0000] {dag.py:3823} INFO - Setting next_dagrun for dags_python_task_Decorator to 2025-11-09 17:00:00+00:00, run_after=2025-11-16 17:00:00+00:00
[2025-11-10T11:19:59.598+0000] {processor.py:183} INFO - Processing /opt/airflow/dags/dags_python_task_decorator.py took 0.124 seconds
[2025-11-10T11:20:30.379+0000] {processor.py:161} INFO - Started process (PID=24841) to work on /opt/airflow/dags/dags_python_task_decorator.py
[2025-11-10T11:20:30.381+0000] {processor.py:830} INFO - Processing file /opt/airflow/dags/dags_python_task_decorator.py for tasks to queue
[2025-11-10T11:20:30.385+0000] {logging_mixin.py:188} INFO - [2025-11-10T11:20:30.385+0000] {dagbag.py:538} INFO - Filling up the DagBag from /opt/airflow/dags/dags_python_task_decorator.py
[2025-11-10T11:20:30.410+0000] {processor.py:840} INFO - DAG(s) 'dags_python_task_Decorator' retrieved from /opt/airflow/dags/dags_python_task_decorator.py
[2025-11-10T11:20:30.437+0000] {logging_mixin.py:188} INFO - [2025-11-10T11:20:30.437+0000] {dag.py:3036} INFO - Sync 1 DAGs
[2025-11-10T11:20:30.486+0000] {logging_mixin.py:188} INFO - [2025-11-10T11:20:30.486+0000] {dag.py:3823} INFO - Setting next_dagrun for dags_python_task_Decorator to 2025-11-09 17:00:00+00:00, run_after=2025-11-16 17:00:00+00:00
[2025-11-10T11:20:30.539+0000] {processor.py:183} INFO - Processing /opt/airflow/dags/dags_python_task_decorator.py took 0.164 seconds
[2025-11-10T11:21:00.960+0000] {processor.py:161} INFO - Started process (PID=24900) to work on /opt/airflow/dags/dags_python_task_decorator.py
[2025-11-10T11:21:00.962+0000] {processor.py:830} INFO - Processing file /opt/airflow/dags/dags_python_task_decorator.py for tasks to queue
[2025-11-10T11:21:00.964+0000] {logging_mixin.py:188} INFO - [2025-11-10T11:21:00.964+0000] {dagbag.py:538} INFO - Filling up the DagBag from /opt/airflow/dags/dags_python_task_decorator.py
[2025-11-10T11:21:00.994+0000] {processor.py:840} INFO - DAG(s) 'dags_python_task_Decorator' retrieved from /opt/airflow/dags/dags_python_task_decorator.py
[2025-11-10T11:21:01.025+0000] {logging_mixin.py:188} INFO - [2025-11-10T11:21:01.025+0000] {dag.py:3036} INFO - Sync 1 DAGs
[2025-11-10T11:21:01.057+0000] {logging_mixin.py:188} INFO - [2025-11-10T11:21:01.057+0000] {dag.py:3823} INFO - Setting next_dagrun for dags_python_task_Decorator to 2025-11-09 17:00:00+00:00, run_after=2025-11-16 17:00:00+00:00
[2025-11-10T11:21:01.084+0000] {processor.py:183} INFO - Processing /opt/airflow/dags/dags_python_task_decorator.py took 0.130 seconds
[2025-11-10T11:21:31.545+0000] {processor.py:161} INFO - Started process (PID=24959) to work on /opt/airflow/dags/dags_python_task_decorator.py
[2025-11-10T11:21:31.547+0000] {processor.py:830} INFO - Processing file /opt/airflow/dags/dags_python_task_decorator.py for tasks to queue
[2025-11-10T11:21:31.548+0000] {logging_mixin.py:188} INFO - [2025-11-10T11:21:31.548+0000] {dagbag.py:538} INFO - Filling up the DagBag from /opt/airflow/dags/dags_python_task_decorator.py
[2025-11-10T11:21:31.572+0000] {processor.py:840} INFO - DAG(s) 'dags_python_task_Decorator' retrieved from /opt/airflow/dags/dags_python_task_decorator.py
[2025-11-10T11:21:31.600+0000] {logging_mixin.py:188} INFO - [2025-11-10T11:21:31.599+0000] {dag.py:3036} INFO - Sync 1 DAGs
[2025-11-10T11:21:31.632+0000] {logging_mixin.py:188} INFO - [2025-11-10T11:21:31.632+0000] {dag.py:3823} INFO - Setting next_dagrun for dags_python_task_Decorator to 2025-11-09 17:00:00+00:00, run_after=2025-11-16 17:00:00+00:00
[2025-11-10T11:21:31.661+0000] {processor.py:183} INFO - Processing /opt/airflow/dags/dags_python_task_decorator.py took 0.121 seconds
[2025-11-10T11:22:02.138+0000] {processor.py:161} INFO - Started process (PID=25018) to work on /opt/airflow/dags/dags_python_task_decorator.py
[2025-11-10T11:22:02.140+0000] {processor.py:830} INFO - Processing file /opt/airflow/dags/dags_python_task_decorator.py for tasks to queue
[2025-11-10T11:22:02.142+0000] {logging_mixin.py:188} INFO - [2025-11-10T11:22:02.142+0000] {dagbag.py:538} INFO - Filling up the DagBag from /opt/airflow/dags/dags_python_task_decorator.py
[2025-11-10T11:22:02.180+0000] {processor.py:840} INFO - DAG(s) 'dags_python_task_Decorator' retrieved from /opt/airflow/dags/dags_python_task_decorator.py
[2025-11-10T11:22:02.224+0000] {logging_mixin.py:188} INFO - [2025-11-10T11:22:02.223+0000] {dag.py:3036} INFO - Sync 1 DAGs
[2025-11-10T11:22:02.279+0000] {logging_mixin.py:188} INFO - [2025-11-10T11:22:02.279+0000] {dag.py:3823} INFO - Setting next_dagrun for dags_python_task_Decorator to 2025-11-09 17:00:00+00:00, run_after=2025-11-16 17:00:00+00:00
[2025-11-10T11:22:02.328+0000] {processor.py:183} INFO - Processing /opt/airflow/dags/dags_python_task_decorator.py took 0.200 seconds
[2025-11-10T11:22:32.520+0000] {processor.py:161} INFO - Started process (PID=25077) to work on /opt/airflow/dags/dags_python_task_decorator.py
[2025-11-10T11:22:32.521+0000] {processor.py:830} INFO - Processing file /opt/airflow/dags/dags_python_task_decorator.py for tasks to queue
[2025-11-10T11:22:32.523+0000] {logging_mixin.py:188} INFO - [2025-11-10T11:22:32.522+0000] {dagbag.py:538} INFO - Filling up the DagBag from /opt/airflow/dags/dags_python_task_decorator.py
[2025-11-10T11:22:32.544+0000] {processor.py:840} INFO - DAG(s) 'dags_python_task_Decorator' retrieved from /opt/airflow/dags/dags_python_task_decorator.py
[2025-11-10T11:22:32.570+0000] {logging_mixin.py:188} INFO - [2025-11-10T11:22:32.570+0000] {dag.py:3036} INFO - Sync 1 DAGs
[2025-11-10T11:22:32.599+0000] {logging_mixin.py:188} INFO - [2025-11-10T11:22:32.598+0000] {dag.py:3823} INFO - Setting next_dagrun for dags_python_task_Decorator to 2025-11-09 17:00:00+00:00, run_after=2025-11-16 17:00:00+00:00
[2025-11-10T11:22:32.626+0000] {processor.py:183} INFO - Processing /opt/airflow/dags/dags_python_task_decorator.py took 0.110 seconds
[2025-11-10T11:23:03.458+0000] {processor.py:161} INFO - Started process (PID=25136) to work on /opt/airflow/dags/dags_python_task_decorator.py
[2025-11-10T11:23:03.459+0000] {processor.py:830} INFO - Processing file /opt/airflow/dags/dags_python_task_decorator.py for tasks to queue
[2025-11-10T11:23:03.460+0000] {logging_mixin.py:188} INFO - [2025-11-10T11:23:03.460+0000] {dagbag.py:538} INFO - Filling up the DagBag from /opt/airflow/dags/dags_python_task_decorator.py
[2025-11-10T11:23:03.485+0000] {processor.py:840} INFO - DAG(s) 'dags_python_task_Decorator' retrieved from /opt/airflow/dags/dags_python_task_decorator.py
[2025-11-10T11:23:03.509+0000] {logging_mixin.py:188} INFO - [2025-11-10T11:23:03.509+0000] {dag.py:3036} INFO - Sync 1 DAGs
[2025-11-10T11:23:03.540+0000] {logging_mixin.py:188} INFO - [2025-11-10T11:23:03.540+0000] {dag.py:3823} INFO - Setting next_dagrun for dags_python_task_Decorator to 2025-11-09 17:00:00+00:00, run_after=2025-11-16 17:00:00+00:00
[2025-11-10T11:23:03.575+0000] {processor.py:183} INFO - Processing /opt/airflow/dags/dags_python_task_decorator.py took 0.123 seconds
[2025-11-10T11:23:34.310+0000] {processor.py:161} INFO - Started process (PID=25195) to work on /opt/airflow/dags/dags_python_task_decorator.py
[2025-11-10T11:23:34.312+0000] {processor.py:830} INFO - Processing file /opt/airflow/dags/dags_python_task_decorator.py for tasks to queue
[2025-11-10T11:23:34.314+0000] {logging_mixin.py:188} INFO - [2025-11-10T11:23:34.314+0000] {dagbag.py:538} INFO - Filling up the DagBag from /opt/airflow/dags/dags_python_task_decorator.py
[2025-11-10T11:23:34.342+0000] {processor.py:840} INFO - DAG(s) 'dags_python_task_Decorator' retrieved from /opt/airflow/dags/dags_python_task_decorator.py
[2025-11-10T11:23:34.383+0000] {logging_mixin.py:188} INFO - [2025-11-10T11:23:34.383+0000] {dag.py:3036} INFO - Sync 1 DAGs
[2025-11-10T11:23:34.437+0000] {logging_mixin.py:188} INFO - [2025-11-10T11:23:34.436+0000] {dag.py:3823} INFO - Setting next_dagrun for dags_python_task_Decorator to 2025-11-09 17:00:00+00:00, run_after=2025-11-16 17:00:00+00:00
[2025-11-10T11:23:34.646+0000] {processor.py:183} INFO - Processing /opt/airflow/dags/dags_python_task_decorator.py took 0.341 seconds
[2025-11-10T11:24:05.022+0000] {processor.py:161} INFO - Started process (PID=25254) to work on /opt/airflow/dags/dags_python_task_decorator.py
[2025-11-10T11:24:05.024+0000] {processor.py:830} INFO - Processing file /opt/airflow/dags/dags_python_task_decorator.py for tasks to queue
[2025-11-10T11:24:05.026+0000] {logging_mixin.py:188} INFO - [2025-11-10T11:24:05.025+0000] {dagbag.py:538} INFO - Filling up the DagBag from /opt/airflow/dags/dags_python_task_decorator.py
[2025-11-10T11:24:05.050+0000] {processor.py:840} INFO - DAG(s) 'dags_python_task_Decorator' retrieved from /opt/airflow/dags/dags_python_task_decorator.py
[2025-11-10T11:24:05.075+0000] {logging_mixin.py:188} INFO - [2025-11-10T11:24:05.074+0000] {dag.py:3036} INFO - Sync 1 DAGs
[2025-11-10T11:24:05.101+0000] {logging_mixin.py:188} INFO - [2025-11-10T11:24:05.101+0000] {dag.py:3823} INFO - Setting next_dagrun for dags_python_task_Decorator to 2025-11-09 17:00:00+00:00, run_after=2025-11-16 17:00:00+00:00
[2025-11-10T11:24:05.129+0000] {processor.py:183} INFO - Processing /opt/airflow/dags/dags_python_task_decorator.py took 0.110 seconds
[2025-11-10T11:24:35.367+0000] {processor.py:161} INFO - Started process (PID=25313) to work on /opt/airflow/dags/dags_python_task_decorator.py
[2025-11-10T11:24:35.368+0000] {processor.py:830} INFO - Processing file /opt/airflow/dags/dags_python_task_decorator.py for tasks to queue
[2025-11-10T11:24:35.370+0000] {logging_mixin.py:188} INFO - [2025-11-10T11:24:35.370+0000] {dagbag.py:538} INFO - Filling up the DagBag from /opt/airflow/dags/dags_python_task_decorator.py
[2025-11-10T11:24:35.410+0000] {processor.py:840} INFO - DAG(s) 'dags_python_task_Decorator' retrieved from /opt/airflow/dags/dags_python_task_decorator.py
[2025-11-10T11:24:35.466+0000] {logging_mixin.py:188} INFO - [2025-11-10T11:24:35.466+0000] {dag.py:3036} INFO - Sync 1 DAGs
[2025-11-10T11:24:35.532+0000] {logging_mixin.py:188} INFO - [2025-11-10T11:24:35.531+0000] {dag.py:3823} INFO - Setting next_dagrun for dags_python_task_Decorator to 2025-11-09 17:00:00+00:00, run_after=2025-11-16 17:00:00+00:00
[2025-11-10T11:24:35.587+0000] {processor.py:183} INFO - Processing /opt/airflow/dags/dags_python_task_decorator.py took 0.227 seconds
[2025-11-10T11:25:05.938+0000] {processor.py:161} INFO - Started process (PID=25372) to work on /opt/airflow/dags/dags_python_task_decorator.py
[2025-11-10T11:25:05.940+0000] {processor.py:830} INFO - Processing file /opt/airflow/dags/dags_python_task_decorator.py for tasks to queue
[2025-11-10T11:25:05.941+0000] {logging_mixin.py:188} INFO - [2025-11-10T11:25:05.941+0000] {dagbag.py:538} INFO - Filling up the DagBag from /opt/airflow/dags/dags_python_task_decorator.py
[2025-11-10T11:25:05.964+0000] {processor.py:840} INFO - DAG(s) 'dags_python_task_Decorator' retrieved from /opt/airflow/dags/dags_python_task_decorator.py
[2025-11-10T11:25:05.990+0000] {logging_mixin.py:188} INFO - [2025-11-10T11:25:05.990+0000] {dag.py:3036} INFO - Sync 1 DAGs
[2025-11-10T11:25:06.019+0000] {logging_mixin.py:188} INFO - [2025-11-10T11:25:06.019+0000] {dag.py:3823} INFO - Setting next_dagrun for dags_python_task_Decorator to 2025-11-09 17:00:00+00:00, run_after=2025-11-16 17:00:00+00:00
[2025-11-10T11:25:06.054+0000] {processor.py:183} INFO - Processing /opt/airflow/dags/dags_python_task_decorator.py took 0.120 seconds
[2025-11-10T11:25:36.245+0000] {processor.py:161} INFO - Started process (PID=25431) to work on /opt/airflow/dags/dags_python_task_decorator.py
[2025-11-10T11:25:36.247+0000] {processor.py:830} INFO - Processing file /opt/airflow/dags/dags_python_task_decorator.py for tasks to queue
[2025-11-10T11:25:36.248+0000] {logging_mixin.py:188} INFO - [2025-11-10T11:25:36.248+0000] {dagbag.py:538} INFO - Filling up the DagBag from /opt/airflow/dags/dags_python_task_decorator.py
[2025-11-10T11:25:36.273+0000] {processor.py:840} INFO - DAG(s) 'dags_python_task_Decorator' retrieved from /opt/airflow/dags/dags_python_task_decorator.py
[2025-11-10T11:25:36.298+0000] {logging_mixin.py:188} INFO - [2025-11-10T11:25:36.298+0000] {dag.py:3036} INFO - Sync 1 DAGs
[2025-11-10T11:25:36.326+0000] {logging_mixin.py:188} INFO - [2025-11-10T11:25:36.326+0000] {dag.py:3823} INFO - Setting next_dagrun for dags_python_task_Decorator to 2025-11-09 17:00:00+00:00, run_after=2025-11-16 17:00:00+00:00
[2025-11-10T11:25:36.361+0000] {processor.py:183} INFO - Processing /opt/airflow/dags/dags_python_task_decorator.py took 0.120 seconds
[2025-11-10T11:26:06.596+0000] {processor.py:161} INFO - Started process (PID=25491) to work on /opt/airflow/dags/dags_python_task_decorator.py
[2025-11-10T11:26:06.597+0000] {processor.py:830} INFO - Processing file /opt/airflow/dags/dags_python_task_decorator.py for tasks to queue
[2025-11-10T11:26:06.598+0000] {logging_mixin.py:188} INFO - [2025-11-10T11:26:06.598+0000] {dagbag.py:538} INFO - Filling up the DagBag from /opt/airflow/dags/dags_python_task_decorator.py
[2025-11-10T11:26:06.622+0000] {processor.py:840} INFO - DAG(s) 'dags_python_task_Decorator' retrieved from /opt/airflow/dags/dags_python_task_decorator.py
[2025-11-10T11:26:06.647+0000] {logging_mixin.py:188} INFO - [2025-11-10T11:26:06.647+0000] {dag.py:3036} INFO - Sync 1 DAGs
[2025-11-10T11:26:06.682+0000] {logging_mixin.py:188} INFO - [2025-11-10T11:26:06.682+0000] {dag.py:3823} INFO - Setting next_dagrun for dags_python_task_Decorator to 2025-11-09 17:00:00+00:00, run_after=2025-11-16 17:00:00+00:00
[2025-11-10T11:26:06.719+0000] {processor.py:183} INFO - Processing /opt/airflow/dags/dags_python_task_decorator.py took 0.128 seconds
[2025-11-10T11:26:37.225+0000] {processor.py:161} INFO - Started process (PID=25550) to work on /opt/airflow/dags/dags_python_task_decorator.py
[2025-11-10T11:26:37.226+0000] {processor.py:830} INFO - Processing file /opt/airflow/dags/dags_python_task_decorator.py for tasks to queue
[2025-11-10T11:26:37.228+0000] {logging_mixin.py:188} INFO - [2025-11-10T11:26:37.227+0000] {dagbag.py:538} INFO - Filling up the DagBag from /opt/airflow/dags/dags_python_task_decorator.py
[2025-11-10T11:26:37.256+0000] {processor.py:840} INFO - DAG(s) 'dags_python_task_Decorator' retrieved from /opt/airflow/dags/dags_python_task_decorator.py
[2025-11-10T11:26:37.284+0000] {logging_mixin.py:188} INFO - [2025-11-10T11:26:37.283+0000] {dag.py:3036} INFO - Sync 1 DAGs
[2025-11-10T11:26:37.319+0000] {logging_mixin.py:188} INFO - [2025-11-10T11:26:37.319+0000] {dag.py:3823} INFO - Setting next_dagrun for dags_python_task_Decorator to 2025-11-09 17:00:00+00:00, run_after=2025-11-16 17:00:00+00:00
[2025-11-10T11:26:37.353+0000] {processor.py:183} INFO - Processing /opt/airflow/dags/dags_python_task_decorator.py took 0.133 seconds
[2025-11-10T11:27:08.045+0000] {processor.py:161} INFO - Started process (PID=25609) to work on /opt/airflow/dags/dags_python_task_decorator.py
[2025-11-10T11:27:08.048+0000] {processor.py:830} INFO - Processing file /opt/airflow/dags/dags_python_task_decorator.py for tasks to queue
[2025-11-10T11:27:08.051+0000] {logging_mixin.py:188} INFO - [2025-11-10T11:27:08.050+0000] {dagbag.py:538} INFO - Filling up the DagBag from /opt/airflow/dags/dags_python_task_decorator.py
[2025-11-10T11:27:08.086+0000] {processor.py:840} INFO - DAG(s) 'dags_python_task_Decorator' retrieved from /opt/airflow/dags/dags_python_task_decorator.py
[2025-11-10T11:27:08.124+0000] {logging_mixin.py:188} INFO - [2025-11-10T11:27:08.124+0000] {dag.py:3036} INFO - Sync 1 DAGs
[2025-11-10T11:27:08.351+0000] {logging_mixin.py:188} INFO - [2025-11-10T11:27:08.350+0000] {dag.py:3823} INFO - Setting next_dagrun for dags_python_task_Decorator to 2025-11-09 17:00:00+00:00, run_after=2025-11-16 17:00:00+00:00
[2025-11-10T11:27:08.402+0000] {processor.py:183} INFO - Processing /opt/airflow/dags/dags_python_task_decorator.py took 0.366 seconds
[2025-11-10T11:27:38.678+0000] {processor.py:161} INFO - Started process (PID=25668) to work on /opt/airflow/dags/dags_python_task_decorator.py
[2025-11-10T11:27:38.681+0000] {processor.py:830} INFO - Processing file /opt/airflow/dags/dags_python_task_decorator.py for tasks to queue
[2025-11-10T11:27:38.683+0000] {logging_mixin.py:188} INFO - [2025-11-10T11:27:38.682+0000] {dagbag.py:538} INFO - Filling up the DagBag from /opt/airflow/dags/dags_python_task_decorator.py
[2025-11-10T11:27:38.720+0000] {processor.py:840} INFO - DAG(s) 'dags_python_task_Decorator' retrieved from /opt/airflow/dags/dags_python_task_decorator.py
[2025-11-10T11:27:38.763+0000] {logging_mixin.py:188} INFO - [2025-11-10T11:27:38.763+0000] {dag.py:3036} INFO - Sync 1 DAGs
[2025-11-10T11:27:38.817+0000] {logging_mixin.py:188} INFO - [2025-11-10T11:27:38.816+0000] {dag.py:3823} INFO - Setting next_dagrun for dags_python_task_Decorator to 2025-11-09 17:00:00+00:00, run_after=2025-11-16 17:00:00+00:00
[2025-11-10T11:27:38.862+0000] {processor.py:183} INFO - Processing /opt/airflow/dags/dags_python_task_decorator.py took 0.195 seconds
[2025-11-10T11:28:09.473+0000] {processor.py:161} INFO - Started process (PID=25727) to work on /opt/airflow/dags/dags_python_task_decorator.py
[2025-11-10T11:28:09.475+0000] {processor.py:830} INFO - Processing file /opt/airflow/dags/dags_python_task_decorator.py for tasks to queue
[2025-11-10T11:28:09.476+0000] {logging_mixin.py:188} INFO - [2025-11-10T11:28:09.476+0000] {dagbag.py:538} INFO - Filling up the DagBag from /opt/airflow/dags/dags_python_task_decorator.py
[2025-11-10T11:28:09.497+0000] {processor.py:840} INFO - DAG(s) 'dags_python_task_Decorator' retrieved from /opt/airflow/dags/dags_python_task_decorator.py
[2025-11-10T11:28:09.522+0000] {logging_mixin.py:188} INFO - [2025-11-10T11:28:09.522+0000] {dag.py:3036} INFO - Sync 1 DAGs
[2025-11-10T11:28:09.551+0000] {logging_mixin.py:188} INFO - [2025-11-10T11:28:09.551+0000] {dag.py:3823} INFO - Setting next_dagrun for dags_python_task_Decorator to 2025-11-09 17:00:00+00:00, run_after=2025-11-16 17:00:00+00:00
[2025-11-10T11:28:09.586+0000] {processor.py:183} INFO - Processing /opt/airflow/dags/dags_python_task_decorator.py took 0.117 seconds
[2025-11-10T11:28:40.486+0000] {processor.py:161} INFO - Started process (PID=25786) to work on /opt/airflow/dags/dags_python_task_decorator.py
[2025-11-10T11:28:40.488+0000] {processor.py:830} INFO - Processing file /opt/airflow/dags/dags_python_task_decorator.py for tasks to queue
[2025-11-10T11:28:40.489+0000] {logging_mixin.py:188} INFO - [2025-11-10T11:28:40.489+0000] {dagbag.py:538} INFO - Filling up the DagBag from /opt/airflow/dags/dags_python_task_decorator.py
[2025-11-10T11:28:40.512+0000] {processor.py:840} INFO - DAG(s) 'dags_python_task_Decorator' retrieved from /opt/airflow/dags/dags_python_task_decorator.py
[2025-11-10T11:28:40.536+0000] {logging_mixin.py:188} INFO - [2025-11-10T11:28:40.536+0000] {dag.py:3036} INFO - Sync 1 DAGs
[2025-11-10T11:28:40.564+0000] {logging_mixin.py:188} INFO - [2025-11-10T11:28:40.563+0000] {dag.py:3823} INFO - Setting next_dagrun for dags_python_task_Decorator to 2025-11-09 17:00:00+00:00, run_after=2025-11-16 17:00:00+00:00
[2025-11-10T11:28:40.592+0000] {processor.py:183} INFO - Processing /opt/airflow/dags/dags_python_task_decorator.py took 0.111 seconds
[2025-11-10T11:29:10.776+0000] {processor.py:161} INFO - Started process (PID=25845) to work on /opt/airflow/dags/dags_python_task_decorator.py
[2025-11-10T11:29:10.778+0000] {processor.py:830} INFO - Processing file /opt/airflow/dags/dags_python_task_decorator.py for tasks to queue
[2025-11-10T11:29:10.780+0000] {logging_mixin.py:188} INFO - [2025-11-10T11:29:10.779+0000] {dagbag.py:538} INFO - Filling up the DagBag from /opt/airflow/dags/dags_python_task_decorator.py
[2025-11-10T11:29:10.817+0000] {processor.py:840} INFO - DAG(s) 'dags_python_task_Decorator' retrieved from /opt/airflow/dags/dags_python_task_decorator.py
[2025-11-10T11:29:10.865+0000] {logging_mixin.py:188} INFO - [2025-11-10T11:29:10.864+0000] {dag.py:3036} INFO - Sync 1 DAGs
[2025-11-10T11:29:10.921+0000] {logging_mixin.py:188} INFO - [2025-11-10T11:29:10.921+0000] {dag.py:3823} INFO - Setting next_dagrun for dags_python_task_Decorator to 2025-11-09 17:00:00+00:00, run_after=2025-11-16 17:00:00+00:00
[2025-11-10T11:29:11.004+0000] {processor.py:183} INFO - Processing /opt/airflow/dags/dags_python_task_decorator.py took 0.234 seconds
[2025-11-10T11:29:41.093+0000] {processor.py:161} INFO - Started process (PID=25904) to work on /opt/airflow/dags/dags_python_task_decorator.py
[2025-11-10T11:29:41.095+0000] {processor.py:830} INFO - Processing file /opt/airflow/dags/dags_python_task_decorator.py for tasks to queue
[2025-11-10T11:29:41.097+0000] {logging_mixin.py:188} INFO - [2025-11-10T11:29:41.097+0000] {dagbag.py:538} INFO - Filling up the DagBag from /opt/airflow/dags/dags_python_task_decorator.py
[2025-11-10T11:29:41.127+0000] {processor.py:840} INFO - DAG(s) 'dags_python_task_Decorator' retrieved from /opt/airflow/dags/dags_python_task_decorator.py
[2025-11-10T11:29:41.160+0000] {logging_mixin.py:188} INFO - [2025-11-10T11:29:41.160+0000] {dag.py:3036} INFO - Sync 1 DAGs
[2025-11-10T11:29:41.209+0000] {logging_mixin.py:188} INFO - [2025-11-10T11:29:41.208+0000] {dag.py:3823} INFO - Setting next_dagrun for dags_python_task_Decorator to 2025-11-09 17:00:00+00:00, run_after=2025-11-16 17:00:00+00:00
[2025-11-10T11:29:41.241+0000] {processor.py:183} INFO - Processing /opt/airflow/dags/dags_python_task_decorator.py took 0.155 seconds
[2025-11-10T11:30:11.393+0000] {processor.py:161} INFO - Started process (PID=25963) to work on /opt/airflow/dags/dags_python_task_decorator.py
[2025-11-10T11:30:11.395+0000] {processor.py:830} INFO - Processing file /opt/airflow/dags/dags_python_task_decorator.py for tasks to queue
[2025-11-10T11:30:11.398+0000] {logging_mixin.py:188} INFO - [2025-11-10T11:30:11.397+0000] {dagbag.py:538} INFO - Filling up the DagBag from /opt/airflow/dags/dags_python_task_decorator.py
[2025-11-10T11:30:11.456+0000] {processor.py:840} INFO - DAG(s) 'dags_python_task_Decorator' retrieved from /opt/airflow/dags/dags_python_task_decorator.py
[2025-11-10T11:30:11.540+0000] {logging_mixin.py:188} INFO - [2025-11-10T11:30:11.539+0000] {dag.py:3036} INFO - Sync 1 DAGs
[2025-11-10T11:30:11.616+0000] {logging_mixin.py:188} INFO - [2025-11-10T11:30:11.616+0000] {dag.py:3823} INFO - Setting next_dagrun for dags_python_task_Decorator to 2025-11-09 17:00:00+00:00, run_after=2025-11-16 17:00:00+00:00
[2025-11-10T11:30:11.677+0000] {processor.py:183} INFO - Processing /opt/airflow/dags/dags_python_task_decorator.py took 0.292 seconds
[2025-11-10T11:30:42.590+0000] {processor.py:161} INFO - Started process (PID=26022) to work on /opt/airflow/dags/dags_python_task_decorator.py
[2025-11-10T11:30:42.591+0000] {processor.py:830} INFO - Processing file /opt/airflow/dags/dags_python_task_decorator.py for tasks to queue
[2025-11-10T11:30:42.592+0000] {logging_mixin.py:188} INFO - [2025-11-10T11:30:42.592+0000] {dagbag.py:538} INFO - Filling up the DagBag from /opt/airflow/dags/dags_python_task_decorator.py
[2025-11-10T11:30:42.614+0000] {processor.py:840} INFO - DAG(s) 'dags_python_task_Decorator' retrieved from /opt/airflow/dags/dags_python_task_decorator.py
[2025-11-10T11:30:42.639+0000] {logging_mixin.py:188} INFO - [2025-11-10T11:30:42.639+0000] {dag.py:3036} INFO - Sync 1 DAGs
[2025-11-10T11:30:42.667+0000] {logging_mixin.py:188} INFO - [2025-11-10T11:30:42.667+0000] {dag.py:3823} INFO - Setting next_dagrun for dags_python_task_Decorator to 2025-11-09 17:00:00+00:00, run_after=2025-11-16 17:00:00+00:00
[2025-11-10T11:30:42.694+0000] {processor.py:183} INFO - Processing /opt/airflow/dags/dags_python_task_decorator.py took 0.108 seconds
[2025-11-10T11:31:13.167+0000] {processor.py:161} INFO - Started process (PID=26081) to work on /opt/airflow/dags/dags_python_task_decorator.py
[2025-11-10T11:31:13.168+0000] {processor.py:830} INFO - Processing file /opt/airflow/dags/dags_python_task_decorator.py for tasks to queue
[2025-11-10T11:31:13.170+0000] {logging_mixin.py:188} INFO - [2025-11-10T11:31:13.169+0000] {dagbag.py:538} INFO - Filling up the DagBag from /opt/airflow/dags/dags_python_task_decorator.py
[2025-11-10T11:31:13.194+0000] {processor.py:840} INFO - DAG(s) 'dags_python_task_Decorator' retrieved from /opt/airflow/dags/dags_python_task_decorator.py
[2025-11-10T11:31:13.220+0000] {logging_mixin.py:188} INFO - [2025-11-10T11:31:13.220+0000] {dag.py:3036} INFO - Sync 1 DAGs
[2025-11-10T11:31:13.251+0000] {logging_mixin.py:188} INFO - [2025-11-10T11:31:13.251+0000] {dag.py:3823} INFO - Setting next_dagrun for dags_python_task_Decorator to 2025-11-09 17:00:00+00:00, run_after=2025-11-16 17:00:00+00:00
[2025-11-10T11:31:13.281+0000] {processor.py:183} INFO - Processing /opt/airflow/dags/dags_python_task_decorator.py took 0.118 seconds
[2025-11-10T11:31:43.769+0000] {processor.py:161} INFO - Started process (PID=26140) to work on /opt/airflow/dags/dags_python_task_decorator.py
[2025-11-10T11:31:43.770+0000] {processor.py:830} INFO - Processing file /opt/airflow/dags/dags_python_task_decorator.py for tasks to queue
[2025-11-10T11:31:43.772+0000] {logging_mixin.py:188} INFO - [2025-11-10T11:31:43.771+0000] {dagbag.py:538} INFO - Filling up the DagBag from /opt/airflow/dags/dags_python_task_decorator.py
[2025-11-10T11:31:43.798+0000] {processor.py:840} INFO - DAG(s) 'dags_python_task_Decorator' retrieved from /opt/airflow/dags/dags_python_task_decorator.py
[2025-11-10T11:31:43.824+0000] {logging_mixin.py:188} INFO - [2025-11-10T11:31:43.824+0000] {dag.py:3036} INFO - Sync 1 DAGs
[2025-11-10T11:31:43.855+0000] {logging_mixin.py:188} INFO - [2025-11-10T11:31:43.855+0000] {dag.py:3823} INFO - Setting next_dagrun for dags_python_task_Decorator to 2025-11-09 17:00:00+00:00, run_after=2025-11-16 17:00:00+00:00
[2025-11-10T11:31:43.884+0000] {processor.py:183} INFO - Processing /opt/airflow/dags/dags_python_task_decorator.py took 0.120 seconds
[2025-11-10T11:32:14.767+0000] {processor.py:161} INFO - Started process (PID=26199) to work on /opt/airflow/dags/dags_python_task_decorator.py
[2025-11-10T11:32:14.769+0000] {processor.py:830} INFO - Processing file /opt/airflow/dags/dags_python_task_decorator.py for tasks to queue
[2025-11-10T11:32:14.771+0000] {logging_mixin.py:188} INFO - [2025-11-10T11:32:14.771+0000] {dagbag.py:538} INFO - Filling up the DagBag from /opt/airflow/dags/dags_python_task_decorator.py
[2025-11-10T11:32:14.804+0000] {processor.py:840} INFO - DAG(s) 'dags_python_task_Decorator' retrieved from /opt/airflow/dags/dags_python_task_decorator.py
[2025-11-10T11:32:14.848+0000] {logging_mixin.py:188} INFO - [2025-11-10T11:32:14.848+0000] {dag.py:3036} INFO - Sync 1 DAGs
[2025-11-10T11:32:14.884+0000] {logging_mixin.py:188} INFO - [2025-11-10T11:32:14.884+0000] {dag.py:3823} INFO - Setting next_dagrun for dags_python_task_Decorator to 2025-11-09 17:00:00+00:00, run_after=2025-11-16 17:00:00+00:00
[2025-11-10T11:32:14.907+0000] {processor.py:183} INFO - Processing /opt/airflow/dags/dags_python_task_decorator.py took 0.146 seconds
[2025-11-10T11:32:45.687+0000] {processor.py:161} INFO - Started process (PID=26258) to work on /opt/airflow/dags/dags_python_task_decorator.py
[2025-11-10T11:32:45.688+0000] {processor.py:830} INFO - Processing file /opt/airflow/dags/dags_python_task_decorator.py for tasks to queue
[2025-11-10T11:32:45.690+0000] {logging_mixin.py:188} INFO - [2025-11-10T11:32:45.689+0000] {dagbag.py:538} INFO - Filling up the DagBag from /opt/airflow/dags/dags_python_task_decorator.py
[2025-11-10T11:32:45.711+0000] {processor.py:840} INFO - DAG(s) 'dags_python_task_Decorator' retrieved from /opt/airflow/dags/dags_python_task_decorator.py
[2025-11-10T11:32:45.737+0000] {logging_mixin.py:188} INFO - [2025-11-10T11:32:45.737+0000] {dag.py:3036} INFO - Sync 1 DAGs
[2025-11-10T11:32:45.766+0000] {logging_mixin.py:188} INFO - [2025-11-10T11:32:45.765+0000] {dag.py:3823} INFO - Setting next_dagrun for dags_python_task_Decorator to 2025-11-09 17:00:00+00:00, run_after=2025-11-16 17:00:00+00:00
[2025-11-10T11:32:45.805+0000] {processor.py:183} INFO - Processing /opt/airflow/dags/dags_python_task_decorator.py took 0.122 seconds
[2025-11-10T11:33:16.031+0000] {processor.py:161} INFO - Started process (PID=26317) to work on /opt/airflow/dags/dags_python_task_decorator.py
[2025-11-10T11:33:16.033+0000] {processor.py:830} INFO - Processing file /opt/airflow/dags/dags_python_task_decorator.py for tasks to queue
[2025-11-10T11:33:16.035+0000] {logging_mixin.py:188} INFO - [2025-11-10T11:33:16.034+0000] {dagbag.py:538} INFO - Filling up the DagBag from /opt/airflow/dags/dags_python_task_decorator.py
[2025-11-10T11:33:16.059+0000] {processor.py:840} INFO - DAG(s) 'dags_python_task_Decorator' retrieved from /opt/airflow/dags/dags_python_task_decorator.py
[2025-11-10T11:33:16.086+0000] {logging_mixin.py:188} INFO - [2025-11-10T11:33:16.086+0000] {dag.py:3036} INFO - Sync 1 DAGs
[2025-11-10T11:33:16.114+0000] {logging_mixin.py:188} INFO - [2025-11-10T11:33:16.114+0000] {dag.py:3823} INFO - Setting next_dagrun for dags_python_task_Decorator to 2025-11-09 17:00:00+00:00, run_after=2025-11-16 17:00:00+00:00
[2025-11-10T11:33:16.148+0000] {processor.py:183} INFO - Processing /opt/airflow/dags/dags_python_task_decorator.py took 0.123 seconds
[2025-11-10T11:33:46.520+0000] {processor.py:161} INFO - Started process (PID=26376) to work on /opt/airflow/dags/dags_python_task_decorator.py
[2025-11-10T11:33:46.522+0000] {processor.py:830} INFO - Processing file /opt/airflow/dags/dags_python_task_decorator.py for tasks to queue
[2025-11-10T11:33:46.524+0000] {logging_mixin.py:188} INFO - [2025-11-10T11:33:46.523+0000] {dagbag.py:538} INFO - Filling up the DagBag from /opt/airflow/dags/dags_python_task_decorator.py
[2025-11-10T11:33:46.547+0000] {processor.py:840} INFO - DAG(s) 'dags_python_task_Decorator' retrieved from /opt/airflow/dags/dags_python_task_decorator.py
[2025-11-10T11:33:46.574+0000] {logging_mixin.py:188} INFO - [2025-11-10T11:33:46.573+0000] {dag.py:3036} INFO - Sync 1 DAGs
[2025-11-10T11:33:46.611+0000] {logging_mixin.py:188} INFO - [2025-11-10T11:33:46.611+0000] {dag.py:3823} INFO - Setting next_dagrun for dags_python_task_Decorator to 2025-11-09 17:00:00+00:00, run_after=2025-11-16 17:00:00+00:00
[2025-11-10T11:33:46.648+0000] {processor.py:183} INFO - Processing /opt/airflow/dags/dags_python_task_decorator.py took 0.134 seconds
[2025-11-10T11:34:17.283+0000] {processor.py:161} INFO - Started process (PID=26435) to work on /opt/airflow/dags/dags_python_task_decorator.py
[2025-11-10T11:34:17.285+0000] {processor.py:830} INFO - Processing file /opt/airflow/dags/dags_python_task_decorator.py for tasks to queue
[2025-11-10T11:34:17.286+0000] {logging_mixin.py:188} INFO - [2025-11-10T11:34:17.286+0000] {dagbag.py:538} INFO - Filling up the DagBag from /opt/airflow/dags/dags_python_task_decorator.py
[2025-11-10T11:34:17.311+0000] {processor.py:840} INFO - DAG(s) 'dags_python_task_Decorator' retrieved from /opt/airflow/dags/dags_python_task_decorator.py
[2025-11-10T11:34:17.337+0000] {logging_mixin.py:188} INFO - [2025-11-10T11:34:17.337+0000] {dag.py:3036} INFO - Sync 1 DAGs
[2025-11-10T11:34:17.364+0000] {logging_mixin.py:188} INFO - [2025-11-10T11:34:17.364+0000] {dag.py:3823} INFO - Setting next_dagrun for dags_python_task_Decorator to 2025-11-09 17:00:00+00:00, run_after=2025-11-16 17:00:00+00:00
[2025-11-10T11:34:17.398+0000] {processor.py:183} INFO - Processing /opt/airflow/dags/dags_python_task_decorator.py took 0.120 seconds
[2025-11-10T11:34:47.790+0000] {processor.py:161} INFO - Started process (PID=26494) to work on /opt/airflow/dags/dags_python_task_decorator.py
[2025-11-10T11:34:47.792+0000] {processor.py:830} INFO - Processing file /opt/airflow/dags/dags_python_task_decorator.py for tasks to queue
[2025-11-10T11:34:47.793+0000] {logging_mixin.py:188} INFO - [2025-11-10T11:34:47.793+0000] {dagbag.py:538} INFO - Filling up the DagBag from /opt/airflow/dags/dags_python_task_decorator.py
[2025-11-10T11:34:47.818+0000] {processor.py:840} INFO - DAG(s) 'dags_python_task_Decorator' retrieved from /opt/airflow/dags/dags_python_task_decorator.py
[2025-11-10T11:34:47.849+0000] {logging_mixin.py:188} INFO - [2025-11-10T11:34:47.849+0000] {dag.py:3036} INFO - Sync 1 DAGs
[2025-11-10T11:34:47.883+0000] {logging_mixin.py:188} INFO - [2025-11-10T11:34:47.883+0000] {dag.py:3823} INFO - Setting next_dagrun for dags_python_task_Decorator to 2025-11-09 17:00:00+00:00, run_after=2025-11-16 17:00:00+00:00
[2025-11-10T11:34:47.916+0000] {processor.py:183} INFO - Processing /opt/airflow/dags/dags_python_task_decorator.py took 0.131 seconds
[2025-11-10T11:35:18.389+0000] {processor.py:161} INFO - Started process (PID=26553) to work on /opt/airflow/dags/dags_python_task_decorator.py
[2025-11-10T11:35:18.391+0000] {processor.py:830} INFO - Processing file /opt/airflow/dags/dags_python_task_decorator.py for tasks to queue
[2025-11-10T11:35:18.393+0000] {logging_mixin.py:188} INFO - [2025-11-10T11:35:18.393+0000] {dagbag.py:538} INFO - Filling up the DagBag from /opt/airflow/dags/dags_python_task_decorator.py
[2025-11-10T11:35:18.444+0000] {processor.py:840} INFO - DAG(s) 'dags_python_task_Decorator' retrieved from /opt/airflow/dags/dags_python_task_decorator.py
[2025-11-10T11:35:18.499+0000] {logging_mixin.py:188} INFO - [2025-11-10T11:35:18.499+0000] {dag.py:3036} INFO - Sync 1 DAGs
[2025-11-10T11:35:18.547+0000] {logging_mixin.py:188} INFO - [2025-11-10T11:35:18.546+0000] {dag.py:3823} INFO - Setting next_dagrun for dags_python_task_Decorator to 2025-11-09 17:00:00+00:00, run_after=2025-11-16 17:00:00+00:00
[2025-11-10T11:35:18.590+0000] {processor.py:183} INFO - Processing /opt/airflow/dags/dags_python_task_decorator.py took 0.208 seconds
[2025-11-10T11:35:48.702+0000] {processor.py:161} INFO - Started process (PID=26612) to work on /opt/airflow/dags/dags_python_task_decorator.py
[2025-11-10T11:35:48.704+0000] {processor.py:830} INFO - Processing file /opt/airflow/dags/dags_python_task_decorator.py for tasks to queue
[2025-11-10T11:35:48.706+0000] {logging_mixin.py:188} INFO - [2025-11-10T11:35:48.706+0000] {dagbag.py:538} INFO - Filling up the DagBag from /opt/airflow/dags/dags_python_task_decorator.py
[2025-11-10T11:35:48.750+0000] {processor.py:840} INFO - DAG(s) 'dags_python_task_Decorator' retrieved from /opt/airflow/dags/dags_python_task_decorator.py
[2025-11-10T11:35:48.799+0000] {logging_mixin.py:188} INFO - [2025-11-10T11:35:48.799+0000] {dag.py:3036} INFO - Sync 1 DAGs
[2025-11-10T11:35:48.876+0000] {logging_mixin.py:188} INFO - [2025-11-10T11:35:48.875+0000] {dag.py:3823} INFO - Setting next_dagrun for dags_python_task_Decorator to 2025-11-09 17:00:00+00:00, run_after=2025-11-16 17:00:00+00:00
[2025-11-10T11:35:48.926+0000] {processor.py:183} INFO - Processing /opt/airflow/dags/dags_python_task_decorator.py took 0.231 seconds
[2025-11-10T11:36:19.051+0000] {processor.py:161} INFO - Started process (PID=26671) to work on /opt/airflow/dags/dags_python_task_decorator.py
[2025-11-10T11:36:19.053+0000] {processor.py:830} INFO - Processing file /opt/airflow/dags/dags_python_task_decorator.py for tasks to queue
[2025-11-10T11:36:19.054+0000] {logging_mixin.py:188} INFO - [2025-11-10T11:36:19.054+0000] {dagbag.py:538} INFO - Filling up the DagBag from /opt/airflow/dags/dags_python_task_decorator.py
[2025-11-10T11:36:19.079+0000] {processor.py:840} INFO - DAG(s) 'dags_python_task_Decorator' retrieved from /opt/airflow/dags/dags_python_task_decorator.py
[2025-11-10T11:36:19.106+0000] {logging_mixin.py:188} INFO - [2025-11-10T11:36:19.106+0000] {dag.py:3036} INFO - Sync 1 DAGs
[2025-11-10T11:36:19.134+0000] {logging_mixin.py:188} INFO - [2025-11-10T11:36:19.133+0000] {dag.py:3823} INFO - Setting next_dagrun for dags_python_task_Decorator to 2025-11-09 17:00:00+00:00, run_after=2025-11-16 17:00:00+00:00
[2025-11-10T11:36:19.160+0000] {processor.py:183} INFO - Processing /opt/airflow/dags/dags_python_task_decorator.py took 0.114 seconds
[2025-11-10T11:36:49.756+0000] {processor.py:161} INFO - Started process (PID=26730) to work on /opt/airflow/dags/dags_python_task_decorator.py
[2025-11-10T11:36:49.758+0000] {processor.py:830} INFO - Processing file /opt/airflow/dags/dags_python_task_decorator.py for tasks to queue
[2025-11-10T11:36:49.760+0000] {logging_mixin.py:188} INFO - [2025-11-10T11:36:49.759+0000] {dagbag.py:538} INFO - Filling up the DagBag from /opt/airflow/dags/dags_python_task_decorator.py
[2025-11-10T11:36:49.799+0000] {processor.py:840} INFO - DAG(s) 'dags_python_task_Decorator' retrieved from /opt/airflow/dags/dags_python_task_decorator.py
[2025-11-10T11:36:49.838+0000] {logging_mixin.py:188} INFO - [2025-11-10T11:36:49.837+0000] {dag.py:3036} INFO - Sync 1 DAGs
[2025-11-10T11:36:49.884+0000] {logging_mixin.py:188} INFO - [2025-11-10T11:36:49.883+0000] {dag.py:3823} INFO - Setting next_dagrun for dags_python_task_Decorator to 2025-11-09 17:00:00+00:00, run_after=2025-11-16 17:00:00+00:00
[2025-11-10T11:36:49.937+0000] {processor.py:183} INFO - Processing /opt/airflow/dags/dags_python_task_decorator.py took 0.188 seconds
[2025-11-10T11:37:20.026+0000] {processor.py:161} INFO - Started process (PID=26789) to work on /opt/airflow/dags/dags_python_task_decorator.py
[2025-11-10T11:37:20.027+0000] {processor.py:830} INFO - Processing file /opt/airflow/dags/dags_python_task_decorator.py for tasks to queue
[2025-11-10T11:37:20.029+0000] {logging_mixin.py:188} INFO - [2025-11-10T11:37:20.028+0000] {dagbag.py:538} INFO - Filling up the DagBag from /opt/airflow/dags/dags_python_task_decorator.py
[2025-11-10T11:37:20.052+0000] {processor.py:840} INFO - DAG(s) 'dags_python_task_Decorator' retrieved from /opt/airflow/dags/dags_python_task_decorator.py
[2025-11-10T11:37:20.078+0000] {logging_mixin.py:188} INFO - [2025-11-10T11:37:20.078+0000] {dag.py:3036} INFO - Sync 1 DAGs
[2025-11-10T11:37:20.107+0000] {logging_mixin.py:188} INFO - [2025-11-10T11:37:20.107+0000] {dag.py:3823} INFO - Setting next_dagrun for dags_python_task_Decorator to 2025-11-09 17:00:00+00:00, run_after=2025-11-16 17:00:00+00:00
[2025-11-10T11:37:20.143+0000] {processor.py:183} INFO - Processing /opt/airflow/dags/dags_python_task_decorator.py took 0.122 seconds
[2025-11-10T11:37:50.213+0000] {processor.py:161} INFO - Started process (PID=26848) to work on /opt/airflow/dags/dags_python_task_decorator.py
[2025-11-10T11:37:50.215+0000] {processor.py:830} INFO - Processing file /opt/airflow/dags/dags_python_task_decorator.py for tasks to queue
[2025-11-10T11:37:50.217+0000] {logging_mixin.py:188} INFO - [2025-11-10T11:37:50.216+0000] {dagbag.py:538} INFO - Filling up the DagBag from /opt/airflow/dags/dags_python_task_decorator.py
[2025-11-10T11:37:50.249+0000] {processor.py:840} INFO - DAG(s) 'dags_python_task_Decorator' retrieved from /opt/airflow/dags/dags_python_task_decorator.py
[2025-11-10T11:37:50.284+0000] {logging_mixin.py:188} INFO - [2025-11-10T11:37:50.283+0000] {dag.py:3036} INFO - Sync 1 DAGs
[2025-11-10T11:37:50.324+0000] {logging_mixin.py:188} INFO - [2025-11-10T11:37:50.324+0000] {dag.py:3823} INFO - Setting next_dagrun for dags_python_task_Decorator to 2025-11-09 17:00:00+00:00, run_after=2025-11-16 17:00:00+00:00
[2025-11-10T11:37:50.364+0000] {processor.py:183} INFO - Processing /opt/airflow/dags/dags_python_task_decorator.py took 0.157 seconds
[2025-11-10T11:38:20.686+0000] {processor.py:161} INFO - Started process (PID=26907) to work on /opt/airflow/dags/dags_python_task_decorator.py
[2025-11-10T11:38:20.688+0000] {processor.py:830} INFO - Processing file /opt/airflow/dags/dags_python_task_decorator.py for tasks to queue
[2025-11-10T11:38:20.690+0000] {logging_mixin.py:188} INFO - [2025-11-10T11:38:20.689+0000] {dagbag.py:538} INFO - Filling up the DagBag from /opt/airflow/dags/dags_python_task_decorator.py
[2025-11-10T11:38:20.722+0000] {processor.py:840} INFO - DAG(s) 'dags_python_task_Decorator' retrieved from /opt/airflow/dags/dags_python_task_decorator.py
[2025-11-10T11:38:20.758+0000] {logging_mixin.py:188} INFO - [2025-11-10T11:38:20.757+0000] {dag.py:3036} INFO - Sync 1 DAGs
[2025-11-10T11:38:20.800+0000] {logging_mixin.py:188} INFO - [2025-11-10T11:38:20.799+0000] {dag.py:3823} INFO - Setting next_dagrun for dags_python_task_Decorator to 2025-11-09 17:00:00+00:00, run_after=2025-11-16 17:00:00+00:00
[2025-11-10T11:38:20.853+0000] {processor.py:183} INFO - Processing /opt/airflow/dags/dags_python_task_decorator.py took 0.173 seconds
[2025-11-10T11:38:50.925+0000] {processor.py:161} INFO - Started process (PID=26966) to work on /opt/airflow/dags/dags_python_task_decorator.py
[2025-11-10T11:38:50.926+0000] {processor.py:830} INFO - Processing file /opt/airflow/dags/dags_python_task_decorator.py for tasks to queue
[2025-11-10T11:38:50.927+0000] {logging_mixin.py:188} INFO - [2025-11-10T11:38:50.927+0000] {dagbag.py:538} INFO - Filling up the DagBag from /opt/airflow/dags/dags_python_task_decorator.py
[2025-11-10T11:38:50.950+0000] {processor.py:840} INFO - DAG(s) 'dags_python_task_Decorator' retrieved from /opt/airflow/dags/dags_python_task_decorator.py
[2025-11-10T11:38:50.976+0000] {logging_mixin.py:188} INFO - [2025-11-10T11:38:50.976+0000] {dag.py:3036} INFO - Sync 1 DAGs
[2025-11-10T11:38:51.005+0000] {logging_mixin.py:188} INFO - [2025-11-10T11:38:51.005+0000] {dag.py:3823} INFO - Setting next_dagrun for dags_python_task_Decorator to 2025-11-09 17:00:00+00:00, run_after=2025-11-16 17:00:00+00:00
[2025-11-10T11:38:51.042+0000] {processor.py:183} INFO - Processing /opt/airflow/dags/dags_python_task_decorator.py took 0.122 seconds
[2025-11-10T11:39:21.647+0000] {processor.py:161} INFO - Started process (PID=27025) to work on /opt/airflow/dags/dags_python_task_decorator.py
[2025-11-10T11:39:21.650+0000] {processor.py:830} INFO - Processing file /opt/airflow/dags/dags_python_task_decorator.py for tasks to queue
[2025-11-10T11:39:21.653+0000] {logging_mixin.py:188} INFO - [2025-11-10T11:39:21.652+0000] {dagbag.py:538} INFO - Filling up the DagBag from /opt/airflow/dags/dags_python_task_decorator.py
[2025-11-10T11:39:21.691+0000] {processor.py:840} INFO - DAG(s) 'dags_python_task_Decorator' retrieved from /opt/airflow/dags/dags_python_task_decorator.py
[2025-11-10T11:39:21.732+0000] {logging_mixin.py:188} INFO - [2025-11-10T11:39:21.732+0000] {dag.py:3036} INFO - Sync 1 DAGs
[2025-11-10T11:39:21.774+0000] {logging_mixin.py:188} INFO - [2025-11-10T11:39:21.773+0000] {dag.py:3823} INFO - Setting next_dagrun for dags_python_task_Decorator to 2025-11-09 17:00:00+00:00, run_after=2025-11-16 17:00:00+00:00
[2025-11-10T11:39:21.833+0000] {processor.py:183} INFO - Processing /opt/airflow/dags/dags_python_task_decorator.py took 0.193 seconds
[2025-11-10T11:39:52.103+0000] {processor.py:161} INFO - Started process (PID=27084) to work on /opt/airflow/dags/dags_python_task_decorator.py
[2025-11-10T11:39:52.105+0000] {processor.py:830} INFO - Processing file /opt/airflow/dags/dags_python_task_decorator.py for tasks to queue
[2025-11-10T11:39:52.106+0000] {logging_mixin.py:188} INFO - [2025-11-10T11:39:52.106+0000] {dagbag.py:538} INFO - Filling up the DagBag from /opt/airflow/dags/dags_python_task_decorator.py
[2025-11-10T11:39:52.145+0000] {processor.py:840} INFO - DAG(s) 'dags_python_task_Decorator' retrieved from /opt/airflow/dags/dags_python_task_decorator.py
[2025-11-10T11:39:52.186+0000] {logging_mixin.py:188} INFO - [2025-11-10T11:39:52.185+0000] {dag.py:3036} INFO - Sync 1 DAGs
[2025-11-10T11:39:52.228+0000] {logging_mixin.py:188} INFO - [2025-11-10T11:39:52.228+0000] {dag.py:3823} INFO - Setting next_dagrun for dags_python_task_Decorator to 2025-11-09 17:00:00+00:00, run_after=2025-11-16 17:00:00+00:00
[2025-11-10T11:39:52.276+0000] {processor.py:183} INFO - Processing /opt/airflow/dags/dags_python_task_decorator.py took 0.180 seconds
[2025-11-10T11:40:22.599+0000] {processor.py:161} INFO - Started process (PID=27143) to work on /opt/airflow/dags/dags_python_task_decorator.py
[2025-11-10T11:40:22.600+0000] {processor.py:830} INFO - Processing file /opt/airflow/dags/dags_python_task_decorator.py for tasks to queue
[2025-11-10T11:40:22.602+0000] {logging_mixin.py:188} INFO - [2025-11-10T11:40:22.601+0000] {dagbag.py:538} INFO - Filling up the DagBag from /opt/airflow/dags/dags_python_task_decorator.py
[2025-11-10T11:40:22.630+0000] {processor.py:840} INFO - DAG(s) 'dags_python_task_Decorator' retrieved from /opt/airflow/dags/dags_python_task_decorator.py
[2025-11-10T11:40:22.658+0000] {logging_mixin.py:188} INFO - [2025-11-10T11:40:22.657+0000] {dag.py:3036} INFO - Sync 1 DAGs
[2025-11-10T11:40:22.686+0000] {logging_mixin.py:188} INFO - [2025-11-10T11:40:22.685+0000] {dag.py:3823} INFO - Setting next_dagrun for dags_python_task_Decorator to 2025-11-09 17:00:00+00:00, run_after=2025-11-16 17:00:00+00:00
[2025-11-10T11:40:22.711+0000] {processor.py:183} INFO - Processing /opt/airflow/dags/dags_python_task_decorator.py took 0.117 seconds
[2025-11-10T11:40:53.605+0000] {processor.py:161} INFO - Started process (PID=27202) to work on /opt/airflow/dags/dags_python_task_decorator.py
[2025-11-10T11:40:53.606+0000] {processor.py:830} INFO - Processing file /opt/airflow/dags/dags_python_task_decorator.py for tasks to queue
[2025-11-10T11:40:53.608+0000] {logging_mixin.py:188} INFO - [2025-11-10T11:40:53.607+0000] {dagbag.py:538} INFO - Filling up the DagBag from /opt/airflow/dags/dags_python_task_decorator.py
[2025-11-10T11:40:53.637+0000] {processor.py:840} INFO - DAG(s) 'dags_python_task_Decorator' retrieved from /opt/airflow/dags/dags_python_task_decorator.py
[2025-11-10T11:40:53.663+0000] {logging_mixin.py:188} INFO - [2025-11-10T11:40:53.663+0000] {dag.py:3036} INFO - Sync 1 DAGs
[2025-11-10T11:40:53.692+0000] {logging_mixin.py:188} INFO - [2025-11-10T11:40:53.691+0000] {dag.py:3823} INFO - Setting next_dagrun for dags_python_task_Decorator to 2025-11-09 17:00:00+00:00, run_after=2025-11-16 17:00:00+00:00
[2025-11-10T11:40:53.727+0000] {processor.py:183} INFO - Processing /opt/airflow/dags/dags_python_task_decorator.py took 0.127 seconds
[2025-11-10T11:41:24.331+0000] {processor.py:161} INFO - Started process (PID=27261) to work on /opt/airflow/dags/dags_python_task_decorator.py
[2025-11-10T11:41:24.332+0000] {processor.py:830} INFO - Processing file /opt/airflow/dags/dags_python_task_decorator.py for tasks to queue
[2025-11-10T11:41:24.334+0000] {logging_mixin.py:188} INFO - [2025-11-10T11:41:24.333+0000] {dagbag.py:538} INFO - Filling up the DagBag from /opt/airflow/dags/dags_python_task_decorator.py
[2025-11-10T11:41:24.356+0000] {processor.py:840} INFO - DAG(s) 'dags_python_task_Decorator' retrieved from /opt/airflow/dags/dags_python_task_decorator.py
[2025-11-10T11:41:24.383+0000] {logging_mixin.py:188} INFO - [2025-11-10T11:41:24.383+0000] {dag.py:3036} INFO - Sync 1 DAGs
[2025-11-10T11:41:24.412+0000] {logging_mixin.py:188} INFO - [2025-11-10T11:41:24.412+0000] {dag.py:3823} INFO - Setting next_dagrun for dags_python_task_Decorator to 2025-11-09 17:00:00+00:00, run_after=2025-11-16 17:00:00+00:00
[2025-11-10T11:41:24.441+0000] {processor.py:183} INFO - Processing /opt/airflow/dags/dags_python_task_decorator.py took 0.114 seconds
[2025-11-10T11:41:54.616+0000] {processor.py:161} INFO - Started process (PID=27320) to work on /opt/airflow/dags/dags_python_task_decorator.py
[2025-11-10T11:41:54.618+0000] {processor.py:830} INFO - Processing file /opt/airflow/dags/dags_python_task_decorator.py for tasks to queue
[2025-11-10T11:41:54.620+0000] {logging_mixin.py:188} INFO - [2025-11-10T11:41:54.619+0000] {dagbag.py:538} INFO - Filling up the DagBag from /opt/airflow/dags/dags_python_task_decorator.py
[2025-11-10T11:41:54.647+0000] {processor.py:840} INFO - DAG(s) 'dags_python_task_Decorator' retrieved from /opt/airflow/dags/dags_python_task_decorator.py
[2025-11-10T11:41:54.672+0000] {logging_mixin.py:188} INFO - [2025-11-10T11:41:54.672+0000] {dag.py:3036} INFO - Sync 1 DAGs
[2025-11-10T11:41:54.700+0000] {logging_mixin.py:188} INFO - [2025-11-10T11:41:54.699+0000] {dag.py:3823} INFO - Setting next_dagrun for dags_python_task_Decorator to 2025-11-09 17:00:00+00:00, run_after=2025-11-16 17:00:00+00:00
[2025-11-10T11:41:54.734+0000] {processor.py:183} INFO - Processing /opt/airflow/dags/dags_python_task_decorator.py took 0.122 seconds
[2025-11-10T11:42:24.933+0000] {processor.py:161} INFO - Started process (PID=27379) to work on /opt/airflow/dags/dags_python_task_decorator.py
[2025-11-10T11:42:24.936+0000] {processor.py:830} INFO - Processing file /opt/airflow/dags/dags_python_task_decorator.py for tasks to queue
[2025-11-10T11:42:24.938+0000] {logging_mixin.py:188} INFO - [2025-11-10T11:42:24.937+0000] {dagbag.py:538} INFO - Filling up the DagBag from /opt/airflow/dags/dags_python_task_decorator.py
[2025-11-10T11:42:25.005+0000] {processor.py:840} INFO - DAG(s) 'dags_python_task_Decorator' retrieved from /opt/airflow/dags/dags_python_task_decorator.py
[2025-11-10T11:42:25.056+0000] {logging_mixin.py:188} INFO - [2025-11-10T11:42:25.056+0000] {dag.py:3036} INFO - Sync 1 DAGs
[2025-11-10T11:42:25.104+0000] {logging_mixin.py:188} INFO - [2025-11-10T11:42:25.103+0000] {dag.py:3823} INFO - Setting next_dagrun for dags_python_task_Decorator to 2025-11-09 17:00:00+00:00, run_after=2025-11-16 17:00:00+00:00
[2025-11-10T11:42:25.142+0000] {processor.py:183} INFO - Processing /opt/airflow/dags/dags_python_task_decorator.py took 0.216 seconds
[2025-11-10T11:42:55.717+0000] {processor.py:161} INFO - Started process (PID=27438) to work on /opt/airflow/dags/dags_python_task_decorator.py
[2025-11-10T11:42:55.719+0000] {processor.py:830} INFO - Processing file /opt/airflow/dags/dags_python_task_decorator.py for tasks to queue
[2025-11-10T11:42:55.721+0000] {logging_mixin.py:188} INFO - [2025-11-10T11:42:55.721+0000] {dagbag.py:538} INFO - Filling up the DagBag from /opt/airflow/dags/dags_python_task_decorator.py
[2025-11-10T11:42:55.752+0000] {processor.py:840} INFO - DAG(s) 'dags_python_task_Decorator' retrieved from /opt/airflow/dags/dags_python_task_decorator.py
[2025-11-10T11:42:55.783+0000] {logging_mixin.py:188} INFO - [2025-11-10T11:42:55.782+0000] {dag.py:3036} INFO - Sync 1 DAGs
[2025-11-10T11:42:55.817+0000] {logging_mixin.py:188} INFO - [2025-11-10T11:42:55.816+0000] {dag.py:3823} INFO - Setting next_dagrun for dags_python_task_Decorator to 2025-11-09 17:00:00+00:00, run_after=2025-11-16 17:00:00+00:00
[2025-11-10T11:42:55.854+0000] {processor.py:183} INFO - Processing /opt/airflow/dags/dags_python_task_decorator.py took 0.143 seconds
[2025-11-10T11:43:26.000+0000] {processor.py:161} INFO - Started process (PID=27496) to work on /opt/airflow/dags/dags_python_task_decorator.py
[2025-11-10T11:43:26.001+0000] {processor.py:830} INFO - Processing file /opt/airflow/dags/dags_python_task_decorator.py for tasks to queue
[2025-11-10T11:43:26.003+0000] {logging_mixin.py:188} INFO - [2025-11-10T11:43:26.002+0000] {dagbag.py:538} INFO - Filling up the DagBag from /opt/airflow/dags/dags_python_task_decorator.py
[2025-11-10T11:43:26.026+0000] {processor.py:840} INFO - DAG(s) 'dags_python_task_Decorator' retrieved from /opt/airflow/dags/dags_python_task_decorator.py
[2025-11-10T11:43:26.052+0000] {logging_mixin.py:188} INFO - [2025-11-10T11:43:26.051+0000] {dag.py:3036} INFO - Sync 1 DAGs
[2025-11-10T11:43:26.078+0000] {logging_mixin.py:188} INFO - [2025-11-10T11:43:26.078+0000] {dag.py:3823} INFO - Setting next_dagrun for dags_python_task_Decorator to 2025-11-09 17:00:00+00:00, run_after=2025-11-16 17:00:00+00:00
[2025-11-10T11:43:26.113+0000] {processor.py:183} INFO - Processing /opt/airflow/dags/dags_python_task_decorator.py took 0.117 seconds
[2025-11-10T11:43:56.200+0000] {processor.py:161} INFO - Started process (PID=27555) to work on /opt/airflow/dags/dags_python_task_decorator.py
[2025-11-10T11:43:56.202+0000] {processor.py:830} INFO - Processing file /opt/airflow/dags/dags_python_task_decorator.py for tasks to queue
[2025-11-10T11:43:56.203+0000] {logging_mixin.py:188} INFO - [2025-11-10T11:43:56.203+0000] {dagbag.py:538} INFO - Filling up the DagBag from /opt/airflow/dags/dags_python_task_decorator.py
[2025-11-10T11:43:56.228+0000] {processor.py:840} INFO - DAG(s) 'dags_python_task_Decorator' retrieved from /opt/airflow/dags/dags_python_task_decorator.py
[2025-11-10T11:43:56.253+0000] {logging_mixin.py:188} INFO - [2025-11-10T11:43:56.253+0000] {dag.py:3036} INFO - Sync 1 DAGs
[2025-11-10T11:43:56.284+0000] {logging_mixin.py:188} INFO - [2025-11-10T11:43:56.283+0000] {dag.py:3823} INFO - Setting next_dagrun for dags_python_task_Decorator to 2025-11-09 17:00:00+00:00, run_after=2025-11-16 17:00:00+00:00
[2025-11-10T11:43:56.320+0000] {processor.py:183} INFO - Processing /opt/airflow/dags/dags_python_task_decorator.py took 0.125 seconds
[2025-11-10T11:44:26.572+0000] {processor.py:161} INFO - Started process (PID=27614) to work on /opt/airflow/dags/dags_python_task_decorator.py
[2025-11-10T11:44:26.573+0000] {processor.py:830} INFO - Processing file /opt/airflow/dags/dags_python_task_decorator.py for tasks to queue
[2025-11-10T11:44:26.575+0000] {logging_mixin.py:188} INFO - [2025-11-10T11:44:26.574+0000] {dagbag.py:538} INFO - Filling up the DagBag from /opt/airflow/dags/dags_python_task_decorator.py
[2025-11-10T11:44:26.602+0000] {processor.py:840} INFO - DAG(s) 'dags_python_task_Decorator' retrieved from /opt/airflow/dags/dags_python_task_decorator.py
[2025-11-10T11:44:26.634+0000] {logging_mixin.py:188} INFO - [2025-11-10T11:44:26.634+0000] {dag.py:3036} INFO - Sync 1 DAGs
[2025-11-10T11:44:26.667+0000] {logging_mixin.py:188} INFO - [2025-11-10T11:44:26.667+0000] {dag.py:3823} INFO - Setting next_dagrun for dags_python_task_Decorator to 2025-11-09 17:00:00+00:00, run_after=2025-11-16 17:00:00+00:00
[2025-11-10T11:44:26.702+0000] {processor.py:183} INFO - Processing /opt/airflow/dags/dags_python_task_decorator.py took 0.135 seconds
[2025-11-10T11:44:56.903+0000] {processor.py:161} INFO - Started process (PID=27673) to work on /opt/airflow/dags/dags_python_task_decorator.py
[2025-11-10T11:44:56.905+0000] {processor.py:830} INFO - Processing file /opt/airflow/dags/dags_python_task_decorator.py for tasks to queue
[2025-11-10T11:44:56.907+0000] {logging_mixin.py:188} INFO - [2025-11-10T11:44:56.907+0000] {dagbag.py:538} INFO - Filling up the DagBag from /opt/airflow/dags/dags_python_task_decorator.py
[2025-11-10T11:44:56.939+0000] {processor.py:840} INFO - DAG(s) 'dags_python_task_Decorator' retrieved from /opt/airflow/dags/dags_python_task_decorator.py
[2025-11-10T11:44:56.973+0000] {logging_mixin.py:188} INFO - [2025-11-10T11:44:56.972+0000] {dag.py:3036} INFO - Sync 1 DAGs
[2025-11-10T11:44:57.008+0000] {logging_mixin.py:188} INFO - [2025-11-10T11:44:57.008+0000] {dag.py:3823} INFO - Setting next_dagrun for dags_python_task_Decorator to 2025-11-09 17:00:00+00:00, run_after=2025-11-16 17:00:00+00:00
[2025-11-10T11:44:57.050+0000] {processor.py:183} INFO - Processing /opt/airflow/dags/dags_python_task_decorator.py took 0.153 seconds
[2025-11-10T11:45:27.748+0000] {processor.py:161} INFO - Started process (PID=27732) to work on /opt/airflow/dags/dags_python_task_decorator.py
[2025-11-10T11:45:27.749+0000] {processor.py:830} INFO - Processing file /opt/airflow/dags/dags_python_task_decorator.py for tasks to queue
[2025-11-10T11:45:27.751+0000] {logging_mixin.py:188} INFO - [2025-11-10T11:45:27.751+0000] {dagbag.py:538} INFO - Filling up the DagBag from /opt/airflow/dags/dags_python_task_decorator.py
[2025-11-10T11:45:27.776+0000] {processor.py:840} INFO - DAG(s) 'dags_python_task_Decorator' retrieved from /opt/airflow/dags/dags_python_task_decorator.py
[2025-11-10T11:45:27.808+0000] {logging_mixin.py:188} INFO - [2025-11-10T11:45:27.807+0000] {dag.py:3036} INFO - Sync 1 DAGs
[2025-11-10T11:45:27.846+0000] {logging_mixin.py:188} INFO - [2025-11-10T11:45:27.846+0000] {dag.py:3823} INFO - Setting next_dagrun for dags_python_task_Decorator to 2025-11-09 17:00:00+00:00, run_after=2025-11-16 17:00:00+00:00
[2025-11-10T11:45:27.884+0000] {processor.py:183} INFO - Processing /opt/airflow/dags/dags_python_task_decorator.py took 0.142 seconds
[2025-11-10T11:45:58.464+0000] {processor.py:161} INFO - Started process (PID=27791) to work on /opt/airflow/dags/dags_python_task_decorator.py
[2025-11-10T11:45:58.465+0000] {processor.py:830} INFO - Processing file /opt/airflow/dags/dags_python_task_decorator.py for tasks to queue
[2025-11-10T11:45:58.467+0000] {logging_mixin.py:188} INFO - [2025-11-10T11:45:58.467+0000] {dagbag.py:538} INFO - Filling up the DagBag from /opt/airflow/dags/dags_python_task_decorator.py
[2025-11-10T11:45:58.490+0000] {processor.py:840} INFO - DAG(s) 'dags_python_task_Decorator' retrieved from /opt/airflow/dags/dags_python_task_decorator.py
[2025-11-10T11:45:58.517+0000] {logging_mixin.py:188} INFO - [2025-11-10T11:45:58.517+0000] {dag.py:3036} INFO - Sync 1 DAGs
[2025-11-10T11:45:58.560+0000] {logging_mixin.py:188} INFO - [2025-11-10T11:45:58.560+0000] {dag.py:3823} INFO - Setting next_dagrun for dags_python_task_Decorator to 2025-11-09 17:00:00+00:00, run_after=2025-11-16 17:00:00+00:00
[2025-11-10T11:45:58.586+0000] {processor.py:183} INFO - Processing /opt/airflow/dags/dags_python_task_decorator.py took 0.127 seconds
[2025-11-10T11:46:29.481+0000] {processor.py:161} INFO - Started process (PID=27850) to work on /opt/airflow/dags/dags_python_task_decorator.py
[2025-11-10T11:46:29.483+0000] {processor.py:830} INFO - Processing file /opt/airflow/dags/dags_python_task_decorator.py for tasks to queue
[2025-11-10T11:46:29.484+0000] {logging_mixin.py:188} INFO - [2025-11-10T11:46:29.484+0000] {dagbag.py:538} INFO - Filling up the DagBag from /opt/airflow/dags/dags_python_task_decorator.py
[2025-11-10T11:46:29.517+0000] {processor.py:840} INFO - DAG(s) 'dags_python_task_Decorator' retrieved from /opt/airflow/dags/dags_python_task_decorator.py
[2025-11-10T11:46:29.565+0000] {logging_mixin.py:188} INFO - [2025-11-10T11:46:29.565+0000] {dag.py:3036} INFO - Sync 1 DAGs
[2025-11-10T11:46:29.612+0000] {logging_mixin.py:188} INFO - [2025-11-10T11:46:29.611+0000] {dag.py:3823} INFO - Setting next_dagrun for dags_python_task_Decorator to 2025-11-09 17:00:00+00:00, run_after=2025-11-16 17:00:00+00:00
[2025-11-10T11:46:29.652+0000] {processor.py:183} INFO - Processing /opt/airflow/dags/dags_python_task_decorator.py took 0.178 seconds
[2025-11-10T11:46:59.757+0000] {processor.py:161} INFO - Started process (PID=27909) to work on /opt/airflow/dags/dags_python_task_decorator.py
[2025-11-10T11:46:59.758+0000] {processor.py:830} INFO - Processing file /opt/airflow/dags/dags_python_task_decorator.py for tasks to queue
[2025-11-10T11:46:59.759+0000] {logging_mixin.py:188} INFO - [2025-11-10T11:46:59.759+0000] {dagbag.py:538} INFO - Filling up the DagBag from /opt/airflow/dags/dags_python_task_decorator.py
[2025-11-10T11:46:59.783+0000] {processor.py:840} INFO - DAG(s) 'dags_python_task_Decorator' retrieved from /opt/airflow/dags/dags_python_task_decorator.py
[2025-11-10T11:46:59.809+0000] {logging_mixin.py:188} INFO - [2025-11-10T11:46:59.808+0000] {dag.py:3036} INFO - Sync 1 DAGs
[2025-11-10T11:46:59.839+0000] {logging_mixin.py:188} INFO - [2025-11-10T11:46:59.838+0000] {dag.py:3823} INFO - Setting next_dagrun for dags_python_task_Decorator to 2025-11-09 17:00:00+00:00, run_after=2025-11-16 17:00:00+00:00
[2025-11-10T11:46:59.873+0000] {processor.py:183} INFO - Processing /opt/airflow/dags/dags_python_task_decorator.py took 0.121 seconds
[2025-11-10T11:47:30.238+0000] {processor.py:161} INFO - Started process (PID=27968) to work on /opt/airflow/dags/dags_python_task_decorator.py
[2025-11-10T11:47:30.240+0000] {processor.py:830} INFO - Processing file /opt/airflow/dags/dags_python_task_decorator.py for tasks to queue
[2025-11-10T11:47:30.241+0000] {logging_mixin.py:188} INFO - [2025-11-10T11:47:30.241+0000] {dagbag.py:538} INFO - Filling up the DagBag from /opt/airflow/dags/dags_python_task_decorator.py
[2025-11-10T11:47:30.266+0000] {processor.py:840} INFO - DAG(s) 'dags_python_task_Decorator' retrieved from /opt/airflow/dags/dags_python_task_decorator.py
[2025-11-10T11:47:30.291+0000] {logging_mixin.py:188} INFO - [2025-11-10T11:47:30.291+0000] {dag.py:3036} INFO - Sync 1 DAGs
[2025-11-10T11:47:30.320+0000] {logging_mixin.py:188} INFO - [2025-11-10T11:47:30.320+0000] {dag.py:3823} INFO - Setting next_dagrun for dags_python_task_Decorator to 2025-11-09 17:00:00+00:00, run_after=2025-11-16 17:00:00+00:00
[2025-11-10T11:47:30.354+0000] {processor.py:183} INFO - Processing /opt/airflow/dags/dags_python_task_decorator.py took 0.120 seconds
[2025-11-10T11:48:00.626+0000] {processor.py:161} INFO - Started process (PID=28027) to work on /opt/airflow/dags/dags_python_task_decorator.py
[2025-11-10T11:48:00.628+0000] {processor.py:830} INFO - Processing file /opt/airflow/dags/dags_python_task_decorator.py for tasks to queue
[2025-11-10T11:48:00.629+0000] {logging_mixin.py:188} INFO - [2025-11-10T11:48:00.629+0000] {dagbag.py:538} INFO - Filling up the DagBag from /opt/airflow/dags/dags_python_task_decorator.py
[2025-11-10T11:48:00.651+0000] {processor.py:840} INFO - DAG(s) 'dags_python_task_Decorator' retrieved from /opt/airflow/dags/dags_python_task_decorator.py
[2025-11-10T11:48:00.676+0000] {logging_mixin.py:188} INFO - [2025-11-10T11:48:00.675+0000] {dag.py:3036} INFO - Sync 1 DAGs
[2025-11-10T11:48:00.703+0000] {logging_mixin.py:188} INFO - [2025-11-10T11:48:00.703+0000] {dag.py:3823} INFO - Setting next_dagrun for dags_python_task_Decorator to 2025-11-09 17:00:00+00:00, run_after=2025-11-16 17:00:00+00:00
[2025-11-10T11:48:00.739+0000] {processor.py:183} INFO - Processing /opt/airflow/dags/dags_python_task_decorator.py took 0.116 seconds
[2025-11-10T11:48:30.878+0000] {processor.py:161} INFO - Started process (PID=28086) to work on /opt/airflow/dags/dags_python_task_decorator.py
[2025-11-10T11:48:30.880+0000] {processor.py:830} INFO - Processing file /opt/airflow/dags/dags_python_task_decorator.py for tasks to queue
[2025-11-10T11:48:30.882+0000] {logging_mixin.py:188} INFO - [2025-11-10T11:48:30.881+0000] {dagbag.py:538} INFO - Filling up the DagBag from /opt/airflow/dags/dags_python_task_decorator.py
[2025-11-10T11:48:30.908+0000] {processor.py:840} INFO - DAG(s) 'dags_python_task_Decorator' retrieved from /opt/airflow/dags/dags_python_task_decorator.py
[2025-11-10T11:48:30.942+0000] {logging_mixin.py:188} INFO - [2025-11-10T11:48:30.941+0000] {dag.py:3036} INFO - Sync 1 DAGs
[2025-11-10T11:48:30.973+0000] {logging_mixin.py:188} INFO - [2025-11-10T11:48:30.972+0000] {dag.py:3823} INFO - Setting next_dagrun for dags_python_task_Decorator to 2025-11-09 17:00:00+00:00, run_after=2025-11-16 17:00:00+00:00
[2025-11-10T11:48:31.013+0000] {processor.py:183} INFO - Processing /opt/airflow/dags/dags_python_task_decorator.py took 0.139 seconds
[2025-11-10T11:49:01.108+0000] {processor.py:161} INFO - Started process (PID=28146) to work on /opt/airflow/dags/dags_python_task_decorator.py
[2025-11-10T11:49:01.109+0000] {processor.py:830} INFO - Processing file /opt/airflow/dags/dags_python_task_decorator.py for tasks to queue
[2025-11-10T11:49:01.111+0000] {logging_mixin.py:188} INFO - [2025-11-10T11:49:01.111+0000] {dagbag.py:538} INFO - Filling up the DagBag from /opt/airflow/dags/dags_python_task_decorator.py
[2025-11-10T11:49:01.140+0000] {processor.py:840} INFO - DAG(s) 'dags_python_task_Decorator' retrieved from /opt/airflow/dags/dags_python_task_decorator.py
[2025-11-10T11:49:01.175+0000] {logging_mixin.py:188} INFO - [2025-11-10T11:49:01.174+0000] {dag.py:3036} INFO - Sync 1 DAGs
[2025-11-10T11:49:01.210+0000] {logging_mixin.py:188} INFO - [2025-11-10T11:49:01.210+0000] {dag.py:3823} INFO - Setting next_dagrun for dags_python_task_Decorator to 2025-11-09 17:00:00+00:00, run_after=2025-11-16 17:00:00+00:00
[2025-11-10T11:49:01.238+0000] {processor.py:183} INFO - Processing /opt/airflow/dags/dags_python_task_decorator.py took 0.136 seconds
[2025-11-10T11:49:32.094+0000] {processor.py:161} INFO - Started process (PID=28205) to work on /opt/airflow/dags/dags_python_task_decorator.py
[2025-11-10T11:49:32.096+0000] {processor.py:830} INFO - Processing file /opt/airflow/dags/dags_python_task_decorator.py for tasks to queue
[2025-11-10T11:49:32.098+0000] {logging_mixin.py:188} INFO - [2025-11-10T11:49:32.097+0000] {dagbag.py:538} INFO - Filling up the DagBag from /opt/airflow/dags/dags_python_task_decorator.py
[2025-11-10T11:49:32.127+0000] {processor.py:840} INFO - DAG(s) 'dags_python_task_Decorator' retrieved from /opt/airflow/dags/dags_python_task_decorator.py
[2025-11-10T11:49:32.162+0000] {logging_mixin.py:188} INFO - [2025-11-10T11:49:32.161+0000] {dag.py:3036} INFO - Sync 1 DAGs
[2025-11-10T11:49:32.201+0000] {logging_mixin.py:188} INFO - [2025-11-10T11:49:32.201+0000] {dag.py:3823} INFO - Setting next_dagrun for dags_python_task_Decorator to 2025-11-09 17:00:00+00:00, run_after=2025-11-16 17:00:00+00:00
[2025-11-10T11:49:32.251+0000] {processor.py:183} INFO - Processing /opt/airflow/dags/dags_python_task_decorator.py took 0.165 seconds
[2025-11-10T11:50:02.725+0000] {processor.py:161} INFO - Started process (PID=28264) to work on /opt/airflow/dags/dags_python_task_decorator.py
[2025-11-10T11:50:02.727+0000] {processor.py:830} INFO - Processing file /opt/airflow/dags/dags_python_task_decorator.py for tasks to queue
[2025-11-10T11:50:02.729+0000] {logging_mixin.py:188} INFO - [2025-11-10T11:50:02.728+0000] {dagbag.py:538} INFO - Filling up the DagBag from /opt/airflow/dags/dags_python_task_decorator.py
[2025-11-10T11:50:02.762+0000] {processor.py:840} INFO - DAG(s) 'dags_python_task_Decorator' retrieved from /opt/airflow/dags/dags_python_task_decorator.py
[2025-11-10T11:50:02.798+0000] {logging_mixin.py:188} INFO - [2025-11-10T11:50:02.798+0000] {dag.py:3036} INFO - Sync 1 DAGs
[2025-11-10T11:50:02.841+0000] {logging_mixin.py:188} INFO - [2025-11-10T11:50:02.841+0000] {dag.py:3823} INFO - Setting next_dagrun for dags_python_task_Decorator to 2025-11-09 17:00:00+00:00, run_after=2025-11-16 17:00:00+00:00
[2025-11-10T11:50:02.876+0000] {processor.py:183} INFO - Processing /opt/airflow/dags/dags_python_task_decorator.py took 0.156 seconds
[2025-11-10T11:50:33.463+0000] {processor.py:161} INFO - Started process (PID=28323) to work on /opt/airflow/dags/dags_python_task_decorator.py
[2025-11-10T11:50:33.465+0000] {processor.py:830} INFO - Processing file /opt/airflow/dags/dags_python_task_decorator.py for tasks to queue
[2025-11-10T11:50:33.466+0000] {logging_mixin.py:188} INFO - [2025-11-10T11:50:33.466+0000] {dagbag.py:538} INFO - Filling up the DagBag from /opt/airflow/dags/dags_python_task_decorator.py
[2025-11-10T11:50:33.492+0000] {processor.py:840} INFO - DAG(s) 'dags_python_task_Decorator' retrieved from /opt/airflow/dags/dags_python_task_decorator.py
[2025-11-10T11:50:33.520+0000] {logging_mixin.py:188} INFO - [2025-11-10T11:50:33.519+0000] {dag.py:3036} INFO - Sync 1 DAGs
[2025-11-10T11:50:33.552+0000] {logging_mixin.py:188} INFO - [2025-11-10T11:50:33.551+0000] {dag.py:3823} INFO - Setting next_dagrun for dags_python_task_Decorator to 2025-11-09 17:00:00+00:00, run_after=2025-11-16 17:00:00+00:00
[2025-11-10T11:50:33.585+0000] {processor.py:183} INFO - Processing /opt/airflow/dags/dags_python_task_decorator.py took 0.127 seconds
[2025-11-10T11:51:04.224+0000] {processor.py:161} INFO - Started process (PID=28383) to work on /opt/airflow/dags/dags_python_task_decorator.py
[2025-11-10T11:51:04.227+0000] {processor.py:830} INFO - Processing file /opt/airflow/dags/dags_python_task_decorator.py for tasks to queue
[2025-11-10T11:51:04.231+0000] {logging_mixin.py:188} INFO - [2025-11-10T11:51:04.230+0000] {dagbag.py:538} INFO - Filling up the DagBag from /opt/airflow/dags/dags_python_task_decorator.py
[2025-11-10T11:51:04.270+0000] {processor.py:840} INFO - DAG(s) 'dags_python_task_Decorator' retrieved from /opt/airflow/dags/dags_python_task_decorator.py
[2025-11-10T11:51:04.325+0000] {logging_mixin.py:188} INFO - [2025-11-10T11:51:04.324+0000] {dag.py:3036} INFO - Sync 1 DAGs
[2025-11-10T11:51:04.376+0000] {logging_mixin.py:188} INFO - [2025-11-10T11:51:04.376+0000] {dag.py:3823} INFO - Setting next_dagrun for dags_python_task_Decorator to 2025-11-09 17:00:00+00:00, run_after=2025-11-16 17:00:00+00:00
[2025-11-10T11:51:04.422+0000] {processor.py:183} INFO - Processing /opt/airflow/dags/dags_python_task_decorator.py took 0.208 seconds
[2025-11-10T11:51:34.538+0000] {processor.py:161} INFO - Started process (PID=28442) to work on /opt/airflow/dags/dags_python_task_decorator.py
[2025-11-10T11:51:34.540+0000] {processor.py:830} INFO - Processing file /opt/airflow/dags/dags_python_task_decorator.py for tasks to queue
[2025-11-10T11:51:34.542+0000] {logging_mixin.py:188} INFO - [2025-11-10T11:51:34.541+0000] {dagbag.py:538} INFO - Filling up the DagBag from /opt/airflow/dags/dags_python_task_decorator.py
[2025-11-10T11:51:34.569+0000] {processor.py:840} INFO - DAG(s) 'dags_python_task_Decorator' retrieved from /opt/airflow/dags/dags_python_task_decorator.py
[2025-11-10T11:51:34.598+0000] {logging_mixin.py:188} INFO - [2025-11-10T11:51:34.598+0000] {dag.py:3036} INFO - Sync 1 DAGs
[2025-11-10T11:51:34.628+0000] {logging_mixin.py:188} INFO - [2025-11-10T11:51:34.628+0000] {dag.py:3823} INFO - Setting next_dagrun for dags_python_task_Decorator to 2025-11-09 17:00:00+00:00, run_after=2025-11-16 17:00:00+00:00
[2025-11-10T11:51:34.663+0000] {processor.py:183} INFO - Processing /opt/airflow/dags/dags_python_task_decorator.py took 0.131 seconds
[2025-11-10T11:52:05.569+0000] {processor.py:161} INFO - Started process (PID=28501) to work on /opt/airflow/dags/dags_python_task_decorator.py
[2025-11-10T11:52:05.572+0000] {processor.py:830} INFO - Processing file /opt/airflow/dags/dags_python_task_decorator.py for tasks to queue
[2025-11-10T11:52:05.575+0000] {logging_mixin.py:188} INFO - [2025-11-10T11:52:05.574+0000] {dagbag.py:538} INFO - Filling up the DagBag from /opt/airflow/dags/dags_python_task_decorator.py
[2025-11-10T11:52:05.642+0000] {processor.py:840} INFO - DAG(s) 'dags_python_task_Decorator' retrieved from /opt/airflow/dags/dags_python_task_decorator.py
[2025-11-10T11:52:05.706+0000] {logging_mixin.py:188} INFO - [2025-11-10T11:52:05.705+0000] {dag.py:3036} INFO - Sync 1 DAGs
[2025-11-10T11:52:05.764+0000] {logging_mixin.py:188} INFO - [2025-11-10T11:52:05.763+0000] {dag.py:3823} INFO - Setting next_dagrun for dags_python_task_Decorator to 2025-11-09 17:00:00+00:00, run_after=2025-11-16 17:00:00+00:00
[2025-11-10T11:52:05.830+0000] {processor.py:183} INFO - Processing /opt/airflow/dags/dags_python_task_decorator.py took 0.272 seconds
[2025-11-10T11:52:36.758+0000] {processor.py:161} INFO - Started process (PID=28560) to work on /opt/airflow/dags/dags_python_task_decorator.py
[2025-11-10T11:52:36.759+0000] {processor.py:830} INFO - Processing file /opt/airflow/dags/dags_python_task_decorator.py for tasks to queue
[2025-11-10T11:52:36.761+0000] {logging_mixin.py:188} INFO - [2025-11-10T11:52:36.761+0000] {dagbag.py:538} INFO - Filling up the DagBag from /opt/airflow/dags/dags_python_task_decorator.py
[2025-11-10T11:52:36.787+0000] {processor.py:840} INFO - DAG(s) 'dags_python_task_Decorator' retrieved from /opt/airflow/dags/dags_python_task_decorator.py
[2025-11-10T11:52:36.814+0000] {logging_mixin.py:188} INFO - [2025-11-10T11:52:36.814+0000] {dag.py:3036} INFO - Sync 1 DAGs
[2025-11-10T11:52:36.845+0000] {logging_mixin.py:188} INFO - [2025-11-10T11:52:36.844+0000] {dag.py:3823} INFO - Setting next_dagrun for dags_python_task_Decorator to 2025-11-09 17:00:00+00:00, run_after=2025-11-16 17:00:00+00:00
[2025-11-10T11:52:36.879+0000] {processor.py:183} INFO - Processing /opt/airflow/dags/dags_python_task_decorator.py took 0.126 seconds
[2025-11-10T11:53:07.179+0000] {processor.py:161} INFO - Started process (PID=28620) to work on /opt/airflow/dags/dags_python_task_decorator.py
[2025-11-10T11:53:07.181+0000] {processor.py:830} INFO - Processing file /opt/airflow/dags/dags_python_task_decorator.py for tasks to queue
[2025-11-10T11:53:07.183+0000] {logging_mixin.py:188} INFO - [2025-11-10T11:53:07.182+0000] {dagbag.py:538} INFO - Filling up the DagBag from /opt/airflow/dags/dags_python_task_decorator.py
[2025-11-10T11:53:07.207+0000] {processor.py:840} INFO - DAG(s) 'dags_python_task_Decorator' retrieved from /opt/airflow/dags/dags_python_task_decorator.py
[2025-11-10T11:53:07.231+0000] {logging_mixin.py:188} INFO - [2025-11-10T11:53:07.231+0000] {dag.py:3036} INFO - Sync 1 DAGs
[2025-11-10T11:53:07.258+0000] {logging_mixin.py:188} INFO - [2025-11-10T11:53:07.258+0000] {dag.py:3823} INFO - Setting next_dagrun for dags_python_task_Decorator to 2025-11-09 17:00:00+00:00, run_after=2025-11-16 17:00:00+00:00
[2025-11-10T11:53:07.294+0000] {processor.py:183} INFO - Processing /opt/airflow/dags/dags_python_task_decorator.py took 0.120 seconds
[2025-11-10T11:53:38.117+0000] {processor.py:161} INFO - Started process (PID=28679) to work on /opt/airflow/dags/dags_python_task_decorator.py
[2025-11-10T11:53:38.119+0000] {processor.py:830} INFO - Processing file /opt/airflow/dags/dags_python_task_decorator.py for tasks to queue
[2025-11-10T11:53:38.120+0000] {logging_mixin.py:188} INFO - [2025-11-10T11:53:38.120+0000] {dagbag.py:538} INFO - Filling up the DagBag from /opt/airflow/dags/dags_python_task_decorator.py
[2025-11-10T11:53:38.145+0000] {processor.py:840} INFO - DAG(s) 'dags_python_task_Decorator' retrieved from /opt/airflow/dags/dags_python_task_decorator.py
[2025-11-10T11:53:38.170+0000] {logging_mixin.py:188} INFO - [2025-11-10T11:53:38.170+0000] {dag.py:3036} INFO - Sync 1 DAGs
[2025-11-10T11:53:38.199+0000] {logging_mixin.py:188} INFO - [2025-11-10T11:53:38.198+0000] {dag.py:3823} INFO - Setting next_dagrun for dags_python_task_Decorator to 2025-11-09 17:00:00+00:00, run_after=2025-11-16 17:00:00+00:00
[2025-11-10T11:53:38.230+0000] {processor.py:183} INFO - Processing /opt/airflow/dags/dags_python_task_decorator.py took 0.118 seconds
[2025-11-10T11:54:08.394+0000] {processor.py:161} INFO - Started process (PID=28744) to work on /opt/airflow/dags/dags_python_task_decorator.py
[2025-11-10T11:54:08.396+0000] {processor.py:830} INFO - Processing file /opt/airflow/dags/dags_python_task_decorator.py for tasks to queue
[2025-11-10T11:54:08.398+0000] {logging_mixin.py:188} INFO - [2025-11-10T11:54:08.397+0000] {dagbag.py:538} INFO - Filling up the DagBag from /opt/airflow/dags/dags_python_task_decorator.py
[2025-11-10T11:54:08.426+0000] {processor.py:840} INFO - DAG(s) 'dags_python_task_Decorator' retrieved from /opt/airflow/dags/dags_python_task_decorator.py
[2025-11-10T11:54:08.458+0000] {logging_mixin.py:188} INFO - [2025-11-10T11:54:08.458+0000] {dag.py:3036} INFO - Sync 1 DAGs
[2025-11-10T11:54:08.489+0000] {logging_mixin.py:188} INFO - [2025-11-10T11:54:08.489+0000] {dag.py:3823} INFO - Setting next_dagrun for dags_python_task_Decorator to 2025-11-09 17:00:00+00:00, run_after=2025-11-16 17:00:00+00:00
[2025-11-10T11:54:08.517+0000] {processor.py:183} INFO - Processing /opt/airflow/dags/dags_python_task_decorator.py took 0.129 seconds
[2025-11-10T11:54:38.827+0000] {processor.py:161} INFO - Started process (PID=28803) to work on /opt/airflow/dags/dags_python_task_decorator.py
[2025-11-10T11:54:38.829+0000] {processor.py:830} INFO - Processing file /opt/airflow/dags/dags_python_task_decorator.py for tasks to queue
[2025-11-10T11:54:38.831+0000] {logging_mixin.py:188} INFO - [2025-11-10T11:54:38.830+0000] {dagbag.py:538} INFO - Filling up the DagBag from /opt/airflow/dags/dags_python_task_decorator.py
[2025-11-10T11:54:38.857+0000] {processor.py:840} INFO - DAG(s) 'dags_python_task_Decorator' retrieved from /opt/airflow/dags/dags_python_task_decorator.py
[2025-11-10T11:54:38.883+0000] {logging_mixin.py:188} INFO - [2025-11-10T11:54:38.883+0000] {dag.py:3036} INFO - Sync 1 DAGs
[2025-11-10T11:54:38.909+0000] {logging_mixin.py:188} INFO - [2025-11-10T11:54:38.909+0000] {dag.py:3823} INFO - Setting next_dagrun for dags_python_task_Decorator to 2025-11-09 17:00:00+00:00, run_after=2025-11-16 17:00:00+00:00
[2025-11-10T11:54:38.937+0000] {processor.py:183} INFO - Processing /opt/airflow/dags/dags_python_task_decorator.py took 0.114 seconds
[2025-11-10T11:55:09.504+0000] {processor.py:161} INFO - Started process (PID=28862) to work on /opt/airflow/dags/dags_python_task_decorator.py
[2025-11-10T11:55:09.506+0000] {processor.py:830} INFO - Processing file /opt/airflow/dags/dags_python_task_decorator.py for tasks to queue
[2025-11-10T11:55:09.509+0000] {logging_mixin.py:188} INFO - [2025-11-10T11:55:09.508+0000] {dagbag.py:538} INFO - Filling up the DagBag from /opt/airflow/dags/dags_python_task_decorator.py
[2025-11-10T11:55:09.557+0000] {processor.py:840} INFO - DAG(s) 'dags_python_task_Decorator' retrieved from /opt/airflow/dags/dags_python_task_decorator.py
[2025-11-10T11:55:09.603+0000] {logging_mixin.py:188} INFO - [2025-11-10T11:55:09.603+0000] {dag.py:3036} INFO - Sync 1 DAGs
[2025-11-10T11:55:09.673+0000] {logging_mixin.py:188} INFO - [2025-11-10T11:55:09.672+0000] {dag.py:3823} INFO - Setting next_dagrun for dags_python_task_Decorator to 2025-11-09 17:00:00+00:00, run_after=2025-11-16 17:00:00+00:00
[2025-11-10T11:55:09.719+0000] {processor.py:183} INFO - Processing /opt/airflow/dags/dags_python_task_decorator.py took 0.224 seconds
[2025-11-10T11:55:40.117+0000] {processor.py:161} INFO - Started process (PID=28921) to work on /opt/airflow/dags/dags_python_task_decorator.py
[2025-11-10T11:55:40.119+0000] {processor.py:830} INFO - Processing file /opt/airflow/dags/dags_python_task_decorator.py for tasks to queue
[2025-11-10T11:55:40.120+0000] {logging_mixin.py:188} INFO - [2025-11-10T11:55:40.120+0000] {dagbag.py:538} INFO - Filling up the DagBag from /opt/airflow/dags/dags_python_task_decorator.py
[2025-11-10T11:55:40.172+0000] {processor.py:840} INFO - DAG(s) 'dags_python_task_Decorator' retrieved from /opt/airflow/dags/dags_python_task_decorator.py
[2025-11-10T11:55:40.200+0000] {logging_mixin.py:188} INFO - [2025-11-10T11:55:40.199+0000] {dag.py:3036} INFO - Sync 1 DAGs
[2025-11-10T11:55:40.231+0000] {logging_mixin.py:188} INFO - [2025-11-10T11:55:40.230+0000] {dag.py:3823} INFO - Setting next_dagrun for dags_python_task_Decorator to 2025-11-09 17:00:00+00:00, run_after=2025-11-16 17:00:00+00:00
[2025-11-10T11:55:40.267+0000] {processor.py:183} INFO - Processing /opt/airflow/dags/dags_python_task_decorator.py took 0.143 seconds
[2025-11-10T11:56:10.643+0000] {processor.py:161} INFO - Started process (PID=28980) to work on /opt/airflow/dags/dags_python_task_decorator.py
[2025-11-10T11:56:10.644+0000] {processor.py:830} INFO - Processing file /opt/airflow/dags/dags_python_task_decorator.py for tasks to queue
[2025-11-10T11:56:10.646+0000] {logging_mixin.py:188} INFO - [2025-11-10T11:56:10.645+0000] {dagbag.py:538} INFO - Filling up the DagBag from /opt/airflow/dags/dags_python_task_decorator.py
[2025-11-10T11:56:10.671+0000] {processor.py:840} INFO - DAG(s) 'dags_python_task_Decorator' retrieved from /opt/airflow/dags/dags_python_task_decorator.py
[2025-11-10T11:56:10.708+0000] {logging_mixin.py:188} INFO - [2025-11-10T11:56:10.707+0000] {dag.py:3036} INFO - Sync 1 DAGs
[2025-11-10T11:56:10.741+0000] {logging_mixin.py:188} INFO - [2025-11-10T11:56:10.741+0000] {dag.py:3823} INFO - Setting next_dagrun for dags_python_task_Decorator to 2025-11-09 17:00:00+00:00, run_after=2025-11-16 17:00:00+00:00
[2025-11-10T11:56:10.769+0000] {processor.py:183} INFO - Processing /opt/airflow/dags/dags_python_task_decorator.py took 0.132 seconds
[2025-11-10T11:56:40.835+0000] {processor.py:161} INFO - Started process (PID=29040) to work on /opt/airflow/dags/dags_python_task_decorator.py
[2025-11-10T11:56:40.836+0000] {processor.py:830} INFO - Processing file /opt/airflow/dags/dags_python_task_decorator.py for tasks to queue
[2025-11-10T11:56:40.838+0000] {logging_mixin.py:188} INFO - [2025-11-10T11:56:40.837+0000] {dagbag.py:538} INFO - Filling up the DagBag from /opt/airflow/dags/dags_python_task_decorator.py
[2025-11-10T11:56:40.866+0000] {processor.py:840} INFO - DAG(s) 'dags_python_task_Decorator' retrieved from /opt/airflow/dags/dags_python_task_decorator.py
[2025-11-10T11:56:40.895+0000] {logging_mixin.py:188} INFO - [2025-11-10T11:56:40.895+0000] {dag.py:3036} INFO - Sync 1 DAGs
[2025-11-10T11:56:40.932+0000] {logging_mixin.py:188} INFO - [2025-11-10T11:56:40.932+0000] {dag.py:3823} INFO - Setting next_dagrun for dags_python_task_Decorator to 2025-11-09 17:00:00+00:00, run_after=2025-11-16 17:00:00+00:00
[2025-11-10T11:56:40.971+0000] {processor.py:183} INFO - Processing /opt/airflow/dags/dags_python_task_decorator.py took 0.143 seconds
[2025-11-10T11:57:11.244+0000] {processor.py:161} INFO - Started process (PID=29099) to work on /opt/airflow/dags/dags_python_task_decorator.py
[2025-11-10T11:57:11.246+0000] {processor.py:830} INFO - Processing file /opt/airflow/dags/dags_python_task_decorator.py for tasks to queue
[2025-11-10T11:57:11.247+0000] {logging_mixin.py:188} INFO - [2025-11-10T11:57:11.247+0000] {dagbag.py:538} INFO - Filling up the DagBag from /opt/airflow/dags/dags_python_task_decorator.py
[2025-11-10T11:57:11.273+0000] {processor.py:840} INFO - DAG(s) 'dags_python_task_Decorator' retrieved from /opt/airflow/dags/dags_python_task_decorator.py
[2025-11-10T11:57:11.297+0000] {logging_mixin.py:188} INFO - [2025-11-10T11:57:11.297+0000] {dag.py:3036} INFO - Sync 1 DAGs
[2025-11-10T11:57:11.325+0000] {logging_mixin.py:188} INFO - [2025-11-10T11:57:11.324+0000] {dag.py:3823} INFO - Setting next_dagrun for dags_python_task_Decorator to 2025-11-09 17:00:00+00:00, run_after=2025-11-16 17:00:00+00:00
[2025-11-10T11:57:11.361+0000] {processor.py:183} INFO - Processing /opt/airflow/dags/dags_python_task_decorator.py took 0.121 seconds
[2025-11-10T11:57:42.072+0000] {processor.py:161} INFO - Started process (PID=29158) to work on /opt/airflow/dags/dags_python_task_decorator.py
[2025-11-10T11:57:42.074+0000] {processor.py:830} INFO - Processing file /opt/airflow/dags/dags_python_task_decorator.py for tasks to queue
[2025-11-10T11:57:42.076+0000] {logging_mixin.py:188} INFO - [2025-11-10T11:57:42.076+0000] {dagbag.py:538} INFO - Filling up the DagBag from /opt/airflow/dags/dags_python_task_decorator.py
[2025-11-10T11:57:42.109+0000] {processor.py:840} INFO - DAG(s) 'dags_python_task_Decorator' retrieved from /opt/airflow/dags/dags_python_task_decorator.py
[2025-11-10T11:57:42.147+0000] {logging_mixin.py:188} INFO - [2025-11-10T11:57:42.146+0000] {dag.py:3036} INFO - Sync 1 DAGs
[2025-11-10T11:57:42.221+0000] {logging_mixin.py:188} INFO - [2025-11-10T11:57:42.221+0000] {dag.py:3823} INFO - Setting next_dagrun for dags_python_task_Decorator to 2025-11-09 17:00:00+00:00, run_after=2025-11-16 17:00:00+00:00
[2025-11-10T11:57:42.307+0000] {processor.py:183} INFO - Processing /opt/airflow/dags/dags_python_task_decorator.py took 0.240 seconds
[2025-11-10T11:58:12.432+0000] {processor.py:161} INFO - Started process (PID=29218) to work on /opt/airflow/dags/dags_python_task_decorator.py
[2025-11-10T11:58:12.434+0000] {processor.py:830} INFO - Processing file /opt/airflow/dags/dags_python_task_decorator.py for tasks to queue
[2025-11-10T11:58:12.436+0000] {logging_mixin.py:188} INFO - [2025-11-10T11:58:12.435+0000] {dagbag.py:538} INFO - Filling up the DagBag from /opt/airflow/dags/dags_python_task_decorator.py
[2025-11-10T11:58:12.461+0000] {processor.py:840} INFO - DAG(s) 'dags_python_task_Decorator' retrieved from /opt/airflow/dags/dags_python_task_decorator.py
[2025-11-10T11:58:12.489+0000] {logging_mixin.py:188} INFO - [2025-11-10T11:58:12.488+0000] {dag.py:3036} INFO - Sync 1 DAGs
[2025-11-10T11:58:12.517+0000] {logging_mixin.py:188} INFO - [2025-11-10T11:58:12.517+0000] {dag.py:3823} INFO - Setting next_dagrun for dags_python_task_Decorator to 2025-11-09 17:00:00+00:00, run_after=2025-11-16 17:00:00+00:00
[2025-11-10T11:58:12.553+0000] {processor.py:183} INFO - Processing /opt/airflow/dags/dags_python_task_decorator.py took 0.127 seconds
[2025-11-10T11:58:42.987+0000] {processor.py:161} INFO - Started process (PID=29277) to work on /opt/airflow/dags/dags_python_task_decorator.py
[2025-11-10T11:58:42.989+0000] {processor.py:830} INFO - Processing file /opt/airflow/dags/dags_python_task_decorator.py for tasks to queue
[2025-11-10T11:58:42.990+0000] {logging_mixin.py:188} INFO - [2025-11-10T11:58:42.990+0000] {dagbag.py:538} INFO - Filling up the DagBag from /opt/airflow/dags/dags_python_task_decorator.py
[2025-11-10T11:58:43.016+0000] {processor.py:840} INFO - DAG(s) 'dags_python_task_Decorator' retrieved from /opt/airflow/dags/dags_python_task_decorator.py
[2025-11-10T11:58:43.044+0000] {logging_mixin.py:188} INFO - [2025-11-10T11:58:43.044+0000] {dag.py:3036} INFO - Sync 1 DAGs
[2025-11-10T11:58:43.076+0000] {logging_mixin.py:188} INFO - [2025-11-10T11:58:43.076+0000] {dag.py:3823} INFO - Setting next_dagrun for dags_python_task_Decorator to 2025-11-09 17:00:00+00:00, run_after=2025-11-16 17:00:00+00:00
[2025-11-10T11:58:43.115+0000] {processor.py:183} INFO - Processing /opt/airflow/dags/dags_python_task_decorator.py took 0.133 seconds
[2025-11-10T11:59:13.622+0000] {processor.py:161} INFO - Started process (PID=29336) to work on /opt/airflow/dags/dags_python_task_decorator.py
[2025-11-10T11:59:13.623+0000] {processor.py:830} INFO - Processing file /opt/airflow/dags/dags_python_task_decorator.py for tasks to queue
[2025-11-10T11:59:13.625+0000] {logging_mixin.py:188} INFO - [2025-11-10T11:59:13.624+0000] {dagbag.py:538} INFO - Filling up the DagBag from /opt/airflow/dags/dags_python_task_decorator.py
[2025-11-10T11:59:13.647+0000] {processor.py:840} INFO - DAG(s) 'dags_python_task_Decorator' retrieved from /opt/airflow/dags/dags_python_task_decorator.py
[2025-11-10T11:59:13.673+0000] {logging_mixin.py:188} INFO - [2025-11-10T11:59:13.673+0000] {dag.py:3036} INFO - Sync 1 DAGs
[2025-11-10T11:59:13.703+0000] {logging_mixin.py:188} INFO - [2025-11-10T11:59:13.703+0000] {dag.py:3823} INFO - Setting next_dagrun for dags_python_task_Decorator to 2025-11-09 17:00:00+00:00, run_after=2025-11-16 17:00:00+00:00
[2025-11-10T11:59:13.730+0000] {processor.py:183} INFO - Processing /opt/airflow/dags/dags_python_task_decorator.py took 0.112 seconds
[2025-11-10T11:59:44.250+0000] {processor.py:161} INFO - Started process (PID=29396) to work on /opt/airflow/dags/dags_python_task_decorator.py
[2025-11-10T11:59:44.251+0000] {processor.py:830} INFO - Processing file /opt/airflow/dags/dags_python_task_decorator.py for tasks to queue
[2025-11-10T11:59:44.254+0000] {logging_mixin.py:188} INFO - [2025-11-10T11:59:44.253+0000] {dagbag.py:538} INFO - Filling up the DagBag from /opt/airflow/dags/dags_python_task_decorator.py
[2025-11-10T11:59:44.281+0000] {processor.py:840} INFO - DAG(s) 'dags_python_task_Decorator' retrieved from /opt/airflow/dags/dags_python_task_decorator.py
[2025-11-10T11:59:44.307+0000] {logging_mixin.py:188} INFO - [2025-11-10T11:59:44.307+0000] {dag.py:3036} INFO - Sync 1 DAGs
[2025-11-10T11:59:44.337+0000] {logging_mixin.py:188} INFO - [2025-11-10T11:59:44.336+0000] {dag.py:3823} INFO - Setting next_dagrun for dags_python_task_Decorator to 2025-11-09 17:00:00+00:00, run_after=2025-11-16 17:00:00+00:00
[2025-11-10T11:59:44.372+0000] {processor.py:183} INFO - Processing /opt/airflow/dags/dags_python_task_decorator.py took 0.127 seconds
[2025-11-10T12:00:15.283+0000] {processor.py:161} INFO - Started process (PID=29455) to work on /opt/airflow/dags/dags_python_task_decorator.py
[2025-11-10T12:00:15.284+0000] {processor.py:830} INFO - Processing file /opt/airflow/dags/dags_python_task_decorator.py for tasks to queue
[2025-11-10T12:00:15.285+0000] {logging_mixin.py:188} INFO - [2025-11-10T12:00:15.285+0000] {dagbag.py:538} INFO - Filling up the DagBag from /opt/airflow/dags/dags_python_task_decorator.py
[2025-11-10T12:00:15.312+0000] {processor.py:840} INFO - DAG(s) 'dags_python_task_Decorator' retrieved from /opt/airflow/dags/dags_python_task_decorator.py
[2025-11-10T12:00:15.339+0000] {logging_mixin.py:188} INFO - [2025-11-10T12:00:15.339+0000] {dag.py:3036} INFO - Sync 1 DAGs
[2025-11-10T12:00:15.369+0000] {logging_mixin.py:188} INFO - [2025-11-10T12:00:15.369+0000] {dag.py:3823} INFO - Setting next_dagrun for dags_python_task_Decorator to 2025-11-09 17:00:00+00:00, run_after=2025-11-16 17:00:00+00:00
[2025-11-10T12:00:15.403+0000] {processor.py:183} INFO - Processing /opt/airflow/dags/dags_python_task_decorator.py took 0.125 seconds
[2025-11-10T12:00:45.928+0000] {processor.py:161} INFO - Started process (PID=29514) to work on /opt/airflow/dags/dags_python_task_decorator.py
[2025-11-10T12:00:45.931+0000] {processor.py:830} INFO - Processing file /opt/airflow/dags/dags_python_task_decorator.py for tasks to queue
[2025-11-10T12:00:45.933+0000] {logging_mixin.py:188} INFO - [2025-11-10T12:00:45.932+0000] {dagbag.py:538} INFO - Filling up the DagBag from /opt/airflow/dags/dags_python_task_decorator.py
[2025-11-10T12:00:45.958+0000] {processor.py:840} INFO - DAG(s) 'dags_python_task_Decorator' retrieved from /opt/airflow/dags/dags_python_task_decorator.py
[2025-11-10T12:00:45.988+0000] {logging_mixin.py:188} INFO - [2025-11-10T12:00:45.988+0000] {dag.py:3036} INFO - Sync 1 DAGs
[2025-11-10T12:00:46.021+0000] {logging_mixin.py:188} INFO - [2025-11-10T12:00:46.021+0000] {dag.py:3823} INFO - Setting next_dagrun for dags_python_task_Decorator to 2025-11-09 17:00:00+00:00, run_after=2025-11-16 17:00:00+00:00
[2025-11-10T12:00:46.051+0000] {processor.py:183} INFO - Processing /opt/airflow/dags/dags_python_task_decorator.py took 0.130 seconds
[2025-11-10T12:01:16.508+0000] {processor.py:161} INFO - Started process (PID=29574) to work on /opt/airflow/dags/dags_python_task_decorator.py
[2025-11-10T12:01:16.510+0000] {processor.py:830} INFO - Processing file /opt/airflow/dags/dags_python_task_decorator.py for tasks to queue
[2025-11-10T12:01:16.511+0000] {logging_mixin.py:188} INFO - [2025-11-10T12:01:16.511+0000] {dagbag.py:538} INFO - Filling up the DagBag from /opt/airflow/dags/dags_python_task_decorator.py
[2025-11-10T12:01:16.534+0000] {processor.py:840} INFO - DAG(s) 'dags_python_task_Decorator' retrieved from /opt/airflow/dags/dags_python_task_decorator.py
[2025-11-10T12:01:16.561+0000] {logging_mixin.py:188} INFO - [2025-11-10T12:01:16.560+0000] {dag.py:3036} INFO - Sync 1 DAGs
[2025-11-10T12:01:16.590+0000] {logging_mixin.py:188} INFO - [2025-11-10T12:01:16.589+0000] {dag.py:3823} INFO - Setting next_dagrun for dags_python_task_Decorator to 2025-11-09 17:00:00+00:00, run_after=2025-11-16 17:00:00+00:00
[2025-11-10T12:01:16.625+0000] {processor.py:183} INFO - Processing /opt/airflow/dags/dags_python_task_decorator.py took 0.122 seconds
[2025-11-10T12:01:47.068+0000] {processor.py:161} INFO - Started process (PID=29633) to work on /opt/airflow/dags/dags_python_task_decorator.py
[2025-11-10T12:01:47.070+0000] {processor.py:830} INFO - Processing file /opt/airflow/dags/dags_python_task_decorator.py for tasks to queue
[2025-11-10T12:01:47.071+0000] {logging_mixin.py:188} INFO - [2025-11-10T12:01:47.071+0000] {dagbag.py:538} INFO - Filling up the DagBag from /opt/airflow/dags/dags_python_task_decorator.py
[2025-11-10T12:01:47.097+0000] {processor.py:840} INFO - DAG(s) 'dags_python_task_Decorator' retrieved from /opt/airflow/dags/dags_python_task_decorator.py
[2025-11-10T12:01:47.127+0000] {logging_mixin.py:188} INFO - [2025-11-10T12:01:47.127+0000] {dag.py:3036} INFO - Sync 1 DAGs
[2025-11-10T12:01:47.160+0000] {logging_mixin.py:188} INFO - [2025-11-10T12:01:47.159+0000] {dag.py:3823} INFO - Setting next_dagrun for dags_python_task_Decorator to 2025-11-09 17:00:00+00:00, run_after=2025-11-16 17:00:00+00:00
[2025-11-10T12:01:47.206+0000] {processor.py:183} INFO - Processing /opt/airflow/dags/dags_python_task_decorator.py took 0.145 seconds
[2025-11-10T12:02:17.921+0000] {processor.py:161} INFO - Started process (PID=29692) to work on /opt/airflow/dags/dags_python_task_decorator.py
[2025-11-10T12:02:17.923+0000] {processor.py:830} INFO - Processing file /opt/airflow/dags/dags_python_task_decorator.py for tasks to queue
[2025-11-10T12:02:17.924+0000] {logging_mixin.py:188} INFO - [2025-11-10T12:02:17.924+0000] {dagbag.py:538} INFO - Filling up the DagBag from /opt/airflow/dags/dags_python_task_decorator.py
[2025-11-10T12:02:17.955+0000] {processor.py:840} INFO - DAG(s) 'dags_python_task_Decorator' retrieved from /opt/airflow/dags/dags_python_task_decorator.py
[2025-11-10T12:02:17.988+0000] {logging_mixin.py:188} INFO - [2025-11-10T12:02:17.988+0000] {dag.py:3036} INFO - Sync 1 DAGs
[2025-11-10T12:02:18.024+0000] {logging_mixin.py:188} INFO - [2025-11-10T12:02:18.024+0000] {dag.py:3823} INFO - Setting next_dagrun for dags_python_task_Decorator to 2025-11-09 17:00:00+00:00, run_after=2025-11-16 17:00:00+00:00
[2025-11-10T12:02:18.054+0000] {processor.py:183} INFO - Processing /opt/airflow/dags/dags_python_task_decorator.py took 0.140 seconds
[2025-11-10T12:02:48.336+0000] {processor.py:161} INFO - Started process (PID=29752) to work on /opt/airflow/dags/dags_python_task_decorator.py
[2025-11-10T12:02:48.339+0000] {processor.py:830} INFO - Processing file /opt/airflow/dags/dags_python_task_decorator.py for tasks to queue
[2025-11-10T12:02:48.343+0000] {logging_mixin.py:188} INFO - [2025-11-10T12:02:48.342+0000] {dagbag.py:538} INFO - Filling up the DagBag from /opt/airflow/dags/dags_python_task_decorator.py
[2025-11-10T12:02:48.391+0000] {processor.py:840} INFO - DAG(s) 'dags_python_task_Decorator' retrieved from /opt/airflow/dags/dags_python_task_decorator.py
[2025-11-10T12:02:48.439+0000] {logging_mixin.py:188} INFO - [2025-11-10T12:02:48.438+0000] {dag.py:3036} INFO - Sync 1 DAGs
[2025-11-10T12:02:48.501+0000] {logging_mixin.py:188} INFO - [2025-11-10T12:02:48.501+0000] {dag.py:3823} INFO - Setting next_dagrun for dags_python_task_Decorator to 2025-11-09 17:00:00+00:00, run_after=2025-11-16 17:00:00+00:00
[2025-11-10T12:02:48.558+0000] {processor.py:183} INFO - Processing /opt/airflow/dags/dags_python_task_decorator.py took 0.231 seconds
[2025-11-10T12:03:19.638+0000] {processor.py:161} INFO - Started process (PID=29811) to work on /opt/airflow/dags/dags_python_task_decorator.py
[2025-11-10T12:03:19.644+0000] {processor.py:830} INFO - Processing file /opt/airflow/dags/dags_python_task_decorator.py for tasks to queue
[2025-11-10T12:03:19.646+0000] {logging_mixin.py:188} INFO - [2025-11-10T12:03:19.646+0000] {dagbag.py:538} INFO - Filling up the DagBag from /opt/airflow/dags/dags_python_task_decorator.py
[2025-11-10T12:03:19.717+0000] {processor.py:840} INFO - DAG(s) 'dags_python_task_Decorator' retrieved from /opt/airflow/dags/dags_python_task_decorator.py
[2025-11-10T12:03:19.797+0000] {logging_mixin.py:188} INFO - [2025-11-10T12:03:19.796+0000] {dag.py:3036} INFO - Sync 1 DAGs
[2025-11-10T12:03:19.872+0000] {logging_mixin.py:188} INFO - [2025-11-10T12:03:19.872+0000] {dag.py:3823} INFO - Setting next_dagrun for dags_python_task_Decorator to 2025-11-09 17:00:00+00:00, run_after=2025-11-16 17:00:00+00:00
[2025-11-10T12:03:19.922+0000] {processor.py:183} INFO - Processing /opt/airflow/dags/dags_python_task_decorator.py took 0.295 seconds
[2025-11-10T12:03:50.814+0000] {processor.py:161} INFO - Started process (PID=29870) to work on /opt/airflow/dags/dags_python_task_decorator.py
[2025-11-10T12:03:50.816+0000] {processor.py:830} INFO - Processing file /opt/airflow/dags/dags_python_task_decorator.py for tasks to queue
[2025-11-10T12:03:50.818+0000] {logging_mixin.py:188} INFO - [2025-11-10T12:03:50.817+0000] {dagbag.py:538} INFO - Filling up the DagBag from /opt/airflow/dags/dags_python_task_decorator.py
[2025-11-10T12:03:50.850+0000] {processor.py:840} INFO - DAG(s) 'dags_python_task_Decorator' retrieved from /opt/airflow/dags/dags_python_task_decorator.py
[2025-11-10T12:03:50.881+0000] {logging_mixin.py:188} INFO - [2025-11-10T12:03:50.881+0000] {dag.py:3036} INFO - Sync 1 DAGs
[2025-11-10T12:03:50.914+0000] {logging_mixin.py:188} INFO - [2025-11-10T12:03:50.914+0000] {dag.py:3823} INFO - Setting next_dagrun for dags_python_task_Decorator to 2025-11-09 17:00:00+00:00, run_after=2025-11-16 17:00:00+00:00
[2025-11-10T12:03:50.952+0000] {processor.py:183} INFO - Processing /opt/airflow/dags/dags_python_task_decorator.py took 0.143 seconds
[2025-11-10T12:04:21.519+0000] {processor.py:161} INFO - Started process (PID=29929) to work on /opt/airflow/dags/dags_python_task_decorator.py
[2025-11-10T12:04:21.521+0000] {processor.py:830} INFO - Processing file /opt/airflow/dags/dags_python_task_decorator.py for tasks to queue
[2025-11-10T12:04:21.522+0000] {logging_mixin.py:188} INFO - [2025-11-10T12:04:21.522+0000] {dagbag.py:538} INFO - Filling up the DagBag from /opt/airflow/dags/dags_python_task_decorator.py
[2025-11-10T12:04:21.547+0000] {processor.py:840} INFO - DAG(s) 'dags_python_task_Decorator' retrieved from /opt/airflow/dags/dags_python_task_decorator.py
[2025-11-10T12:04:21.574+0000] {logging_mixin.py:188} INFO - [2025-11-10T12:04:21.574+0000] {dag.py:3036} INFO - Sync 1 DAGs
[2025-11-10T12:04:21.602+0000] {logging_mixin.py:188} INFO - [2025-11-10T12:04:21.602+0000] {dag.py:3823} INFO - Setting next_dagrun for dags_python_task_Decorator to 2025-11-09 17:00:00+00:00, run_after=2025-11-16 17:00:00+00:00
[2025-11-10T12:04:21.636+0000] {processor.py:183} INFO - Processing /opt/airflow/dags/dags_python_task_decorator.py took 0.122 seconds
[2025-11-10T12:04:52.080+0000] {processor.py:161} INFO - Started process (PID=29988) to work on /opt/airflow/dags/dags_python_task_decorator.py
[2025-11-10T12:04:52.081+0000] {processor.py:830} INFO - Processing file /opt/airflow/dags/dags_python_task_decorator.py for tasks to queue
[2025-11-10T12:04:52.083+0000] {logging_mixin.py:188} INFO - [2025-11-10T12:04:52.082+0000] {dagbag.py:538} INFO - Filling up the DagBag from /opt/airflow/dags/dags_python_task_decorator.py
[2025-11-10T12:04:52.105+0000] {processor.py:840} INFO - DAG(s) 'dags_python_task_Decorator' retrieved from /opt/airflow/dags/dags_python_task_decorator.py
[2025-11-10T12:04:52.130+0000] {logging_mixin.py:188} INFO - [2025-11-10T12:04:52.130+0000] {dag.py:3036} INFO - Sync 1 DAGs
[2025-11-10T12:04:52.160+0000] {logging_mixin.py:188} INFO - [2025-11-10T12:04:52.159+0000] {dag.py:3823} INFO - Setting next_dagrun for dags_python_task_Decorator to 2025-11-09 17:00:00+00:00, run_after=2025-11-16 17:00:00+00:00
[2025-11-10T12:04:52.196+0000] {processor.py:183} INFO - Processing /opt/airflow/dags/dags_python_task_decorator.py took 0.120 seconds
[2025-11-10T12:05:22.650+0000] {processor.py:161} INFO - Started process (PID=30047) to work on /opt/airflow/dags/dags_python_task_decorator.py
[2025-11-10T12:05:22.653+0000] {processor.py:830} INFO - Processing file /opt/airflow/dags/dags_python_task_decorator.py for tasks to queue
[2025-11-10T12:05:22.663+0000] {logging_mixin.py:188} INFO - [2025-11-10T12:05:22.657+0000] {dagbag.py:538} INFO - Filling up the DagBag from /opt/airflow/dags/dags_python_task_decorator.py
[2025-11-10T12:05:22.720+0000] {processor.py:840} INFO - DAG(s) 'dags_python_task_Decorator' retrieved from /opt/airflow/dags/dags_python_task_decorator.py
[2025-11-10T12:05:22.768+0000] {logging_mixin.py:188} INFO - [2025-11-10T12:05:22.768+0000] {dag.py:3036} INFO - Sync 1 DAGs
[2025-11-10T12:05:22.828+0000] {logging_mixin.py:188} INFO - [2025-11-10T12:05:22.828+0000] {dag.py:3823} INFO - Setting next_dagrun for dags_python_task_Decorator to 2025-11-09 17:00:00+00:00, run_after=2025-11-16 17:00:00+00:00
[2025-11-10T12:05:22.895+0000] {processor.py:183} INFO - Processing /opt/airflow/dags/dags_python_task_decorator.py took 0.251 seconds
[2025-11-10T12:05:53.222+0000] {processor.py:161} INFO - Started process (PID=30106) to work on /opt/airflow/dags/dags_python_task_decorator.py
[2025-11-10T12:05:53.226+0000] {processor.py:830} INFO - Processing file /opt/airflow/dags/dags_python_task_decorator.py for tasks to queue
[2025-11-10T12:05:53.230+0000] {logging_mixin.py:188} INFO - [2025-11-10T12:05:53.229+0000] {dagbag.py:538} INFO - Filling up the DagBag from /opt/airflow/dags/dags_python_task_decorator.py
[2025-11-10T12:05:53.282+0000] {processor.py:840} INFO - DAG(s) 'dags_python_task_Decorator' retrieved from /opt/airflow/dags/dags_python_task_decorator.py
[2025-11-10T12:05:53.330+0000] {logging_mixin.py:188} INFO - [2025-11-10T12:05:53.329+0000] {dag.py:3036} INFO - Sync 1 DAGs
[2025-11-10T12:05:53.373+0000] {logging_mixin.py:188} INFO - [2025-11-10T12:05:53.373+0000] {dag.py:3823} INFO - Setting next_dagrun for dags_python_task_Decorator to 2025-11-09 17:00:00+00:00, run_after=2025-11-16 17:00:00+00:00
[2025-11-10T12:05:53.416+0000] {processor.py:183} INFO - Processing /opt/airflow/dags/dags_python_task_decorator.py took 0.204 seconds
[2025-11-10T12:06:23.909+0000] {processor.py:161} INFO - Started process (PID=30165) to work on /opt/airflow/dags/dags_python_task_decorator.py
[2025-11-10T12:06:23.911+0000] {processor.py:830} INFO - Processing file /opt/airflow/dags/dags_python_task_decorator.py for tasks to queue
[2025-11-10T12:06:23.912+0000] {logging_mixin.py:188} INFO - [2025-11-10T12:06:23.912+0000] {dagbag.py:538} INFO - Filling up the DagBag from /opt/airflow/dags/dags_python_task_decorator.py
[2025-11-10T12:06:23.939+0000] {processor.py:840} INFO - DAG(s) 'dags_python_task_Decorator' retrieved from /opt/airflow/dags/dags_python_task_decorator.py
[2025-11-10T12:06:23.964+0000] {logging_mixin.py:188} INFO - [2025-11-10T12:06:23.964+0000] {dag.py:3036} INFO - Sync 1 DAGs
[2025-11-10T12:06:23.993+0000] {logging_mixin.py:188} INFO - [2025-11-10T12:06:23.993+0000] {dag.py:3823} INFO - Setting next_dagrun for dags_python_task_Decorator to 2025-11-09 17:00:00+00:00, run_after=2025-11-16 17:00:00+00:00
[2025-11-10T12:06:24.020+0000] {processor.py:183} INFO - Processing /opt/airflow/dags/dags_python_task_decorator.py took 0.117 seconds
[2025-11-10T12:06:54.327+0000] {processor.py:161} INFO - Started process (PID=30224) to work on /opt/airflow/dags/dags_python_task_decorator.py
[2025-11-10T12:06:54.329+0000] {processor.py:830} INFO - Processing file /opt/airflow/dags/dags_python_task_decorator.py for tasks to queue
[2025-11-10T12:06:54.330+0000] {logging_mixin.py:188} INFO - [2025-11-10T12:06:54.330+0000] {dagbag.py:538} INFO - Filling up the DagBag from /opt/airflow/dags/dags_python_task_decorator.py
[2025-11-10T12:06:54.353+0000] {processor.py:840} INFO - DAG(s) 'dags_python_task_Decorator' retrieved from /opt/airflow/dags/dags_python_task_decorator.py
[2025-11-10T12:06:54.378+0000] {logging_mixin.py:188} INFO - [2025-11-10T12:06:54.378+0000] {dag.py:3036} INFO - Sync 1 DAGs
[2025-11-10T12:06:54.407+0000] {logging_mixin.py:188} INFO - [2025-11-10T12:06:54.407+0000] {dag.py:3823} INFO - Setting next_dagrun for dags_python_task_Decorator to 2025-11-09 17:00:00+00:00, run_after=2025-11-16 17:00:00+00:00
[2025-11-10T12:06:54.432+0000] {processor.py:183} INFO - Processing /opt/airflow/dags/dags_python_task_decorator.py took 0.110 seconds
[2025-11-10T12:07:25.020+0000] {processor.py:161} INFO - Started process (PID=30283) to work on /opt/airflow/dags/dags_python_task_decorator.py
[2025-11-10T12:07:25.021+0000] {processor.py:830} INFO - Processing file /opt/airflow/dags/dags_python_task_decorator.py for tasks to queue
[2025-11-10T12:07:25.023+0000] {logging_mixin.py:188} INFO - [2025-11-10T12:07:25.022+0000] {dagbag.py:538} INFO - Filling up the DagBag from /opt/airflow/dags/dags_python_task_decorator.py
[2025-11-10T12:07:25.049+0000] {processor.py:840} INFO - DAG(s) 'dags_python_task_Decorator' retrieved from /opt/airflow/dags/dags_python_task_decorator.py
[2025-11-10T12:07:25.077+0000] {logging_mixin.py:188} INFO - [2025-11-10T12:07:25.076+0000] {dag.py:3036} INFO - Sync 1 DAGs
[2025-11-10T12:07:25.108+0000] {logging_mixin.py:188} INFO - [2025-11-10T12:07:25.108+0000] {dag.py:3823} INFO - Setting next_dagrun for dags_python_task_Decorator to 2025-11-09 17:00:00+00:00, run_after=2025-11-16 17:00:00+00:00
[2025-11-10T12:07:25.143+0000] {processor.py:183} INFO - Processing /opt/airflow/dags/dags_python_task_decorator.py took 0.128 seconds
[2025-11-10T12:07:55.298+0000] {processor.py:161} INFO - Started process (PID=30342) to work on /opt/airflow/dags/dags_python_task_decorator.py
[2025-11-10T12:07:55.299+0000] {processor.py:830} INFO - Processing file /opt/airflow/dags/dags_python_task_decorator.py for tasks to queue
[2025-11-10T12:07:55.301+0000] {logging_mixin.py:188} INFO - [2025-11-10T12:07:55.300+0000] {dagbag.py:538} INFO - Filling up the DagBag from /opt/airflow/dags/dags_python_task_decorator.py
[2025-11-10T12:07:55.333+0000] {processor.py:840} INFO - DAG(s) 'dags_python_task_Decorator' retrieved from /opt/airflow/dags/dags_python_task_decorator.py
[2025-11-10T12:07:55.373+0000] {logging_mixin.py:188} INFO - [2025-11-10T12:07:55.373+0000] {dag.py:3036} INFO - Sync 1 DAGs
[2025-11-10T12:07:55.412+0000] {logging_mixin.py:188} INFO - [2025-11-10T12:07:55.412+0000] {dag.py:3823} INFO - Setting next_dagrun for dags_python_task_Decorator to 2025-11-09 17:00:00+00:00, run_after=2025-11-16 17:00:00+00:00
[2025-11-10T12:07:55.443+0000] {processor.py:183} INFO - Processing /opt/airflow/dags/dags_python_task_decorator.py took 0.150 seconds
[2025-11-10T12:08:25.511+0000] {processor.py:161} INFO - Started process (PID=30401) to work on /opt/airflow/dags/dags_python_task_decorator.py
[2025-11-10T12:08:25.513+0000] {processor.py:830} INFO - Processing file /opt/airflow/dags/dags_python_task_decorator.py for tasks to queue
[2025-11-10T12:08:25.514+0000] {logging_mixin.py:188} INFO - [2025-11-10T12:08:25.514+0000] {dagbag.py:538} INFO - Filling up the DagBag from /opt/airflow/dags/dags_python_task_decorator.py
[2025-11-10T12:08:25.543+0000] {processor.py:840} INFO - DAG(s) 'dags_python_task_Decorator' retrieved from /opt/airflow/dags/dags_python_task_decorator.py
[2025-11-10T12:08:25.576+0000] {logging_mixin.py:188} INFO - [2025-11-10T12:08:25.575+0000] {dag.py:3036} INFO - Sync 1 DAGs
[2025-11-10T12:08:25.619+0000] {logging_mixin.py:188} INFO - [2025-11-10T12:08:25.619+0000] {dag.py:3823} INFO - Setting next_dagrun for dags_python_task_Decorator to 2025-11-09 17:00:00+00:00, run_after=2025-11-16 17:00:00+00:00
[2025-11-10T12:08:25.665+0000] {processor.py:183} INFO - Processing /opt/airflow/dags/dags_python_task_decorator.py took 0.160 seconds
[2025-11-10T12:08:55.909+0000] {processor.py:161} INFO - Started process (PID=30460) to work on /opt/airflow/dags/dags_python_task_decorator.py
[2025-11-10T12:08:55.911+0000] {processor.py:830} INFO - Processing file /opt/airflow/dags/dags_python_task_decorator.py for tasks to queue
[2025-11-10T12:08:55.912+0000] {logging_mixin.py:188} INFO - [2025-11-10T12:08:55.912+0000] {dagbag.py:538} INFO - Filling up the DagBag from /opt/airflow/dags/dags_python_task_decorator.py
[2025-11-10T12:08:55.935+0000] {processor.py:840} INFO - DAG(s) 'dags_python_task_Decorator' retrieved from /opt/airflow/dags/dags_python_task_decorator.py
[2025-11-10T12:08:55.960+0000] {logging_mixin.py:188} INFO - [2025-11-10T12:08:55.960+0000] {dag.py:3036} INFO - Sync 1 DAGs
[2025-11-10T12:08:55.987+0000] {logging_mixin.py:188} INFO - [2025-11-10T12:08:55.987+0000] {dag.py:3823} INFO - Setting next_dagrun for dags_python_task_Decorator to 2025-11-09 17:00:00+00:00, run_after=2025-11-16 17:00:00+00:00
[2025-11-10T12:08:56.014+0000] {processor.py:183} INFO - Processing /opt/airflow/dags/dags_python_task_decorator.py took 0.109 seconds
[2025-11-10T12:09:26.358+0000] {processor.py:161} INFO - Started process (PID=30519) to work on /opt/airflow/dags/dags_python_task_decorator.py
[2025-11-10T12:09:26.360+0000] {processor.py:830} INFO - Processing file /opt/airflow/dags/dags_python_task_decorator.py for tasks to queue
[2025-11-10T12:09:26.362+0000] {logging_mixin.py:188} INFO - [2025-11-10T12:09:26.361+0000] {dagbag.py:538} INFO - Filling up the DagBag from /opt/airflow/dags/dags_python_task_decorator.py
[2025-11-10T12:09:26.385+0000] {processor.py:840} INFO - DAG(s) 'dags_python_task_Decorator' retrieved from /opt/airflow/dags/dags_python_task_decorator.py
[2025-11-10T12:09:26.412+0000] {logging_mixin.py:188} INFO - [2025-11-10T12:09:26.411+0000] {dag.py:3036} INFO - Sync 1 DAGs
[2025-11-10T12:09:26.440+0000] {logging_mixin.py:188} INFO - [2025-11-10T12:09:26.439+0000] {dag.py:3823} INFO - Setting next_dagrun for dags_python_task_Decorator to 2025-11-09 17:00:00+00:00, run_after=2025-11-16 17:00:00+00:00
[2025-11-10T12:09:26.484+0000] {processor.py:183} INFO - Processing /opt/airflow/dags/dags_python_task_decorator.py took 0.131 seconds
[2025-11-10T12:09:56.675+0000] {processor.py:161} INFO - Started process (PID=30578) to work on /opt/airflow/dags/dags_python_task_decorator.py
[2025-11-10T12:09:56.676+0000] {processor.py:830} INFO - Processing file /opt/airflow/dags/dags_python_task_decorator.py for tasks to queue
[2025-11-10T12:09:56.677+0000] {logging_mixin.py:188} INFO - [2025-11-10T12:09:56.677+0000] {dagbag.py:538} INFO - Filling up the DagBag from /opt/airflow/dags/dags_python_task_decorator.py
[2025-11-10T12:09:56.701+0000] {processor.py:840} INFO - DAG(s) 'dags_python_task_Decorator' retrieved from /opt/airflow/dags/dags_python_task_decorator.py
[2025-11-10T12:09:56.726+0000] {logging_mixin.py:188} INFO - [2025-11-10T12:09:56.726+0000] {dag.py:3036} INFO - Sync 1 DAGs
[2025-11-10T12:09:56.754+0000] {logging_mixin.py:188} INFO - [2025-11-10T12:09:56.753+0000] {dag.py:3823} INFO - Setting next_dagrun for dags_python_task_Decorator to 2025-11-09 17:00:00+00:00, run_after=2025-11-16 17:00:00+00:00
[2025-11-10T12:09:56.787+0000] {processor.py:183} INFO - Processing /opt/airflow/dags/dags_python_task_decorator.py took 0.117 seconds
[2025-11-10T12:10:27.065+0000] {processor.py:161} INFO - Started process (PID=30637) to work on /opt/airflow/dags/dags_python_task_decorator.py
[2025-11-10T12:10:27.067+0000] {processor.py:830} INFO - Processing file /opt/airflow/dags/dags_python_task_decorator.py for tasks to queue
[2025-11-10T12:10:27.069+0000] {logging_mixin.py:188} INFO - [2025-11-10T12:10:27.068+0000] {dagbag.py:538} INFO - Filling up the DagBag from /opt/airflow/dags/dags_python_task_decorator.py
[2025-11-10T12:10:27.090+0000] {processor.py:840} INFO - DAG(s) 'dags_python_task_Decorator' retrieved from /opt/airflow/dags/dags_python_task_decorator.py
[2025-11-10T12:10:27.120+0000] {logging_mixin.py:188} INFO - [2025-11-10T12:10:27.119+0000] {dag.py:3036} INFO - Sync 1 DAGs
[2025-11-10T12:10:27.151+0000] {logging_mixin.py:188} INFO - [2025-11-10T12:10:27.150+0000] {dag.py:3823} INFO - Setting next_dagrun for dags_python_task_Decorator to 2025-11-09 17:00:00+00:00, run_after=2025-11-16 17:00:00+00:00
[2025-11-10T12:10:27.185+0000] {processor.py:183} INFO - Processing /opt/airflow/dags/dags_python_task_decorator.py took 0.128 seconds
[2025-11-10T12:10:57.454+0000] {processor.py:161} INFO - Started process (PID=30696) to work on /opt/airflow/dags/dags_python_task_decorator.py
[2025-11-10T12:10:57.456+0000] {processor.py:830} INFO - Processing file /opt/airflow/dags/dags_python_task_decorator.py for tasks to queue
[2025-11-10T12:10:57.457+0000] {logging_mixin.py:188} INFO - [2025-11-10T12:10:57.457+0000] {dagbag.py:538} INFO - Filling up the DagBag from /opt/airflow/dags/dags_python_task_decorator.py
[2025-11-10T12:10:57.483+0000] {processor.py:840} INFO - DAG(s) 'dags_python_task_Decorator' retrieved from /opt/airflow/dags/dags_python_task_decorator.py
[2025-11-10T12:10:57.507+0000] {logging_mixin.py:188} INFO - [2025-11-10T12:10:57.507+0000] {dag.py:3036} INFO - Sync 1 DAGs
[2025-11-10T12:10:57.535+0000] {logging_mixin.py:188} INFO - [2025-11-10T12:10:57.535+0000] {dag.py:3823} INFO - Setting next_dagrun for dags_python_task_Decorator to 2025-11-09 17:00:00+00:00, run_after=2025-11-16 17:00:00+00:00
[2025-11-10T12:10:57.568+0000] {processor.py:183} INFO - Processing /opt/airflow/dags/dags_python_task_decorator.py took 0.119 seconds
[2025-11-10T12:11:27.703+0000] {processor.py:161} INFO - Started process (PID=30756) to work on /opt/airflow/dags/dags_python_task_decorator.py
[2025-11-10T12:11:27.704+0000] {processor.py:830} INFO - Processing file /opt/airflow/dags/dags_python_task_decorator.py for tasks to queue
[2025-11-10T12:11:27.706+0000] {logging_mixin.py:188} INFO - [2025-11-10T12:11:27.705+0000] {dagbag.py:538} INFO - Filling up the DagBag from /opt/airflow/dags/dags_python_task_decorator.py
[2025-11-10T12:11:27.729+0000] {processor.py:840} INFO - DAG(s) 'dags_python_task_Decorator' retrieved from /opt/airflow/dags/dags_python_task_decorator.py
[2025-11-10T12:11:27.754+0000] {logging_mixin.py:188} INFO - [2025-11-10T12:11:27.754+0000] {dag.py:3036} INFO - Sync 1 DAGs
[2025-11-10T12:11:27.782+0000] {logging_mixin.py:188} INFO - [2025-11-10T12:11:27.782+0000] {dag.py:3823} INFO - Setting next_dagrun for dags_python_task_Decorator to 2025-11-09 17:00:00+00:00, run_after=2025-11-16 17:00:00+00:00
[2025-11-10T12:11:27.814+0000] {processor.py:183} INFO - Processing /opt/airflow/dags/dags_python_task_decorator.py took 0.116 seconds
[2025-11-10T12:11:58.373+0000] {processor.py:161} INFO - Started process (PID=30815) to work on /opt/airflow/dags/dags_python_task_decorator.py
[2025-11-10T12:11:58.375+0000] {processor.py:830} INFO - Processing file /opt/airflow/dags/dags_python_task_decorator.py for tasks to queue
[2025-11-10T12:11:58.376+0000] {logging_mixin.py:188} INFO - [2025-11-10T12:11:58.376+0000] {dagbag.py:538} INFO - Filling up the DagBag from /opt/airflow/dags/dags_python_task_decorator.py
[2025-11-10T12:11:58.400+0000] {processor.py:840} INFO - DAG(s) 'dags_python_task_Decorator' retrieved from /opt/airflow/dags/dags_python_task_decorator.py
[2025-11-10T12:11:58.429+0000] {logging_mixin.py:188} INFO - [2025-11-10T12:11:58.428+0000] {dag.py:3036} INFO - Sync 1 DAGs
[2025-11-10T12:11:58.459+0000] {logging_mixin.py:188} INFO - [2025-11-10T12:11:58.458+0000] {dag.py:3823} INFO - Setting next_dagrun for dags_python_task_Decorator to 2025-11-09 17:00:00+00:00, run_after=2025-11-16 17:00:00+00:00
[2025-11-10T12:11:58.493+0000] {processor.py:183} INFO - Processing /opt/airflow/dags/dags_python_task_decorator.py took 0.125 seconds
[2025-11-10T12:12:28.594+0000] {processor.py:161} INFO - Started process (PID=30873) to work on /opt/airflow/dags/dags_python_task_decorator.py
[2025-11-10T12:12:28.596+0000] {processor.py:830} INFO - Processing file /opt/airflow/dags/dags_python_task_decorator.py for tasks to queue
[2025-11-10T12:12:28.598+0000] {logging_mixin.py:188} INFO - [2025-11-10T12:12:28.598+0000] {dagbag.py:538} INFO - Filling up the DagBag from /opt/airflow/dags/dags_python_task_decorator.py
[2025-11-10T12:12:28.625+0000] {processor.py:840} INFO - DAG(s) 'dags_python_task_Decorator' retrieved from /opt/airflow/dags/dags_python_task_decorator.py
[2025-11-10T12:12:28.655+0000] {logging_mixin.py:188} INFO - [2025-11-10T12:12:28.655+0000] {dag.py:3036} INFO - Sync 1 DAGs
[2025-11-10T12:12:28.688+0000] {logging_mixin.py:188} INFO - [2025-11-10T12:12:28.687+0000] {dag.py:3823} INFO - Setting next_dagrun for dags_python_task_Decorator to 2025-11-09 17:00:00+00:00, run_after=2025-11-16 17:00:00+00:00
[2025-11-10T12:12:28.728+0000] {processor.py:183} INFO - Processing /opt/airflow/dags/dags_python_task_decorator.py took 0.139 seconds
[2025-11-10T12:12:58.815+0000] {processor.py:161} INFO - Started process (PID=30932) to work on /opt/airflow/dags/dags_python_task_decorator.py
[2025-11-10T12:12:58.817+0000] {processor.py:830} INFO - Processing file /opt/airflow/dags/dags_python_task_decorator.py for tasks to queue
[2025-11-10T12:12:58.820+0000] {logging_mixin.py:188} INFO - [2025-11-10T12:12:58.819+0000] {dagbag.py:538} INFO - Filling up the DagBag from /opt/airflow/dags/dags_python_task_decorator.py
[2025-11-10T12:12:58.859+0000] {processor.py:840} INFO - DAG(s) 'dags_python_task_Decorator' retrieved from /opt/airflow/dags/dags_python_task_decorator.py
[2025-11-10T12:12:58.904+0000] {logging_mixin.py:188} INFO - [2025-11-10T12:12:58.904+0000] {dag.py:3036} INFO - Sync 1 DAGs
[2025-11-10T12:12:58.952+0000] {logging_mixin.py:188} INFO - [2025-11-10T12:12:58.952+0000] {dag.py:3823} INFO - Setting next_dagrun for dags_python_task_Decorator to 2025-11-09 17:00:00+00:00, run_after=2025-11-16 17:00:00+00:00
[2025-11-10T12:12:58.996+0000] {processor.py:183} INFO - Processing /opt/airflow/dags/dags_python_task_decorator.py took 0.191 seconds
[2025-11-10T12:13:29.194+0000] {processor.py:161} INFO - Started process (PID=30990) to work on /opt/airflow/dags/dags_python_task_decorator.py
[2025-11-10T12:13:29.195+0000] {processor.py:830} INFO - Processing file /opt/airflow/dags/dags_python_task_decorator.py for tasks to queue
[2025-11-10T12:13:29.197+0000] {logging_mixin.py:188} INFO - [2025-11-10T12:13:29.196+0000] {dagbag.py:538} INFO - Filling up the DagBag from /opt/airflow/dags/dags_python_task_decorator.py
[2025-11-10T12:13:29.224+0000] {processor.py:840} INFO - DAG(s) 'dags_python_task_Decorator' retrieved from /opt/airflow/dags/dags_python_task_decorator.py
[2025-11-10T12:13:29.249+0000] {logging_mixin.py:188} INFO - [2025-11-10T12:13:29.248+0000] {dag.py:3036} INFO - Sync 1 DAGs
[2025-11-10T12:13:29.275+0000] {logging_mixin.py:188} INFO - [2025-11-10T12:13:29.275+0000] {dag.py:3823} INFO - Setting next_dagrun for dags_python_task_Decorator to 2025-11-09 17:00:00+00:00, run_after=2025-11-16 17:00:00+00:00
[2025-11-10T12:13:29.305+0000] {processor.py:183} INFO - Processing /opt/airflow/dags/dags_python_task_decorator.py took 0.115 seconds
[2025-11-10T12:14:00.056+0000] {processor.py:161} INFO - Started process (PID=31049) to work on /opt/airflow/dags/dags_python_task_decorator.py
[2025-11-10T12:14:00.061+0000] {processor.py:830} INFO - Processing file /opt/airflow/dags/dags_python_task_decorator.py for tasks to queue
[2025-11-10T12:14:00.067+0000] {logging_mixin.py:188} INFO - [2025-11-10T12:14:00.066+0000] {dagbag.py:538} INFO - Filling up the DagBag from /opt/airflow/dags/dags_python_task_decorator.py
[2025-11-10T12:14:00.105+0000] {processor.py:840} INFO - DAG(s) 'dags_python_task_Decorator' retrieved from /opt/airflow/dags/dags_python_task_decorator.py
[2025-11-10T12:14:00.165+0000] {logging_mixin.py:188} INFO - [2025-11-10T12:14:00.164+0000] {dag.py:3036} INFO - Sync 1 DAGs
[2025-11-10T12:14:00.211+0000] {logging_mixin.py:188} INFO - [2025-11-10T12:14:00.211+0000] {dag.py:3823} INFO - Setting next_dagrun for dags_python_task_Decorator to 2025-11-09 17:00:00+00:00, run_after=2025-11-16 17:00:00+00:00
[2025-11-10T12:14:00.253+0000] {processor.py:183} INFO - Processing /opt/airflow/dags/dags_python_task_decorator.py took 0.204 seconds
[2025-11-10T12:14:30.482+0000] {processor.py:161} INFO - Started process (PID=31108) to work on /opt/airflow/dags/dags_python_task_decorator.py
[2025-11-10T12:14:30.483+0000] {processor.py:830} INFO - Processing file /opt/airflow/dags/dags_python_task_decorator.py for tasks to queue
[2025-11-10T12:14:30.484+0000] {logging_mixin.py:188} INFO - [2025-11-10T12:14:30.484+0000] {dagbag.py:538} INFO - Filling up the DagBag from /opt/airflow/dags/dags_python_task_decorator.py
[2025-11-10T12:14:30.510+0000] {processor.py:840} INFO - DAG(s) 'dags_python_task_Decorator' retrieved from /opt/airflow/dags/dags_python_task_decorator.py
[2025-11-10T12:14:30.534+0000] {logging_mixin.py:188} INFO - [2025-11-10T12:14:30.534+0000] {dag.py:3036} INFO - Sync 1 DAGs
[2025-11-10T12:14:30.561+0000] {logging_mixin.py:188} INFO - [2025-11-10T12:14:30.561+0000] {dag.py:3823} INFO - Setting next_dagrun for dags_python_task_Decorator to 2025-11-09 17:00:00+00:00, run_after=2025-11-16 17:00:00+00:00
[2025-11-10T12:14:30.592+0000] {processor.py:183} INFO - Processing /opt/airflow/dags/dags_python_task_decorator.py took 0.116 seconds
[2025-11-10T12:15:00.721+0000] {processor.py:161} INFO - Started process (PID=31167) to work on /opt/airflow/dags/dags_python_task_decorator.py
[2025-11-10T12:15:00.723+0000] {processor.py:830} INFO - Processing file /opt/airflow/dags/dags_python_task_decorator.py for tasks to queue
[2025-11-10T12:15:00.724+0000] {logging_mixin.py:188} INFO - [2025-11-10T12:15:00.724+0000] {dagbag.py:538} INFO - Filling up the DagBag from /opt/airflow/dags/dags_python_task_decorator.py
[2025-11-10T12:15:00.751+0000] {processor.py:840} INFO - DAG(s) 'dags_python_task_Decorator' retrieved from /opt/airflow/dags/dags_python_task_decorator.py
[2025-11-10T12:15:00.780+0000] {logging_mixin.py:188} INFO - [2025-11-10T12:15:00.779+0000] {dag.py:3036} INFO - Sync 1 DAGs
[2025-11-10T12:15:00.810+0000] {logging_mixin.py:188} INFO - [2025-11-10T12:15:00.809+0000] {dag.py:3823} INFO - Setting next_dagrun for dags_python_task_Decorator to 2025-11-09 17:00:00+00:00, run_after=2025-11-16 17:00:00+00:00
[2025-11-10T12:15:00.840+0000] {processor.py:183} INFO - Processing /opt/airflow/dags/dags_python_task_decorator.py took 0.124 seconds
[2025-11-10T12:15:31.608+0000] {processor.py:161} INFO - Started process (PID=31225) to work on /opt/airflow/dags/dags_python_task_decorator.py
[2025-11-10T12:15:31.610+0000] {processor.py:830} INFO - Processing file /opt/airflow/dags/dags_python_task_decorator.py for tasks to queue
[2025-11-10T12:15:31.611+0000] {logging_mixin.py:188} INFO - [2025-11-10T12:15:31.611+0000] {dagbag.py:538} INFO - Filling up the DagBag from /opt/airflow/dags/dags_python_task_decorator.py
[2025-11-10T12:15:31.641+0000] {processor.py:840} INFO - DAG(s) 'dags_python_task_Decorator' retrieved from /opt/airflow/dags/dags_python_task_decorator.py
[2025-11-10T12:15:31.668+0000] {logging_mixin.py:188} INFO - [2025-11-10T12:15:31.667+0000] {dag.py:3036} INFO - Sync 1 DAGs
[2025-11-10T12:15:31.694+0000] {logging_mixin.py:188} INFO - [2025-11-10T12:15:31.694+0000] {dag.py:3823} INFO - Setting next_dagrun for dags_python_task_Decorator to 2025-11-09 17:00:00+00:00, run_after=2025-11-16 17:00:00+00:00
[2025-11-10T12:15:31.720+0000] {processor.py:183} INFO - Processing /opt/airflow/dags/dags_python_task_decorator.py took 0.117 seconds
[2025-11-10T12:16:01.884+0000] {processor.py:161} INFO - Started process (PID=31284) to work on /opt/airflow/dags/dags_python_task_decorator.py
[2025-11-10T12:16:01.885+0000] {processor.py:830} INFO - Processing file /opt/airflow/dags/dags_python_task_decorator.py for tasks to queue
[2025-11-10T12:16:01.887+0000] {logging_mixin.py:188} INFO - [2025-11-10T12:16:01.886+0000] {dagbag.py:538} INFO - Filling up the DagBag from /opt/airflow/dags/dags_python_task_decorator.py
[2025-11-10T12:16:01.909+0000] {processor.py:840} INFO - DAG(s) 'dags_python_task_Decorator' retrieved from /opt/airflow/dags/dags_python_task_decorator.py
[2025-11-10T12:16:01.934+0000] {logging_mixin.py:188} INFO - [2025-11-10T12:16:01.934+0000] {dag.py:3036} INFO - Sync 1 DAGs
[2025-11-10T12:16:01.962+0000] {logging_mixin.py:188} INFO - [2025-11-10T12:16:01.962+0000] {dag.py:3823} INFO - Setting next_dagrun for dags_python_task_Decorator to 2025-11-09 17:00:00+00:00, run_after=2025-11-16 17:00:00+00:00
[2025-11-10T12:16:01.994+0000] {processor.py:183} INFO - Processing /opt/airflow/dags/dags_python_task_decorator.py took 0.115 seconds
[2025-11-10T12:16:32.604+0000] {processor.py:161} INFO - Started process (PID=31343) to work on /opt/airflow/dags/dags_python_task_decorator.py
[2025-11-10T12:16:32.605+0000] {processor.py:830} INFO - Processing file /opt/airflow/dags/dags_python_task_decorator.py for tasks to queue
[2025-11-10T12:16:32.607+0000] {logging_mixin.py:188} INFO - [2025-11-10T12:16:32.606+0000] {dagbag.py:538} INFO - Filling up the DagBag from /opt/airflow/dags/dags_python_task_decorator.py
[2025-11-10T12:16:32.628+0000] {processor.py:840} INFO - DAG(s) 'dags_python_task_Decorator' retrieved from /opt/airflow/dags/dags_python_task_decorator.py
[2025-11-10T12:16:32.655+0000] {logging_mixin.py:188} INFO - [2025-11-10T12:16:32.655+0000] {dag.py:3036} INFO - Sync 1 DAGs
[2025-11-10T12:16:32.683+0000] {logging_mixin.py:188} INFO - [2025-11-10T12:16:32.683+0000] {dag.py:3823} INFO - Setting next_dagrun for dags_python_task_Decorator to 2025-11-09 17:00:00+00:00, run_after=2025-11-16 17:00:00+00:00
[2025-11-10T12:16:32.710+0000] {processor.py:183} INFO - Processing /opt/airflow/dags/dags_python_task_decorator.py took 0.111 seconds
[2025-11-10T12:17:03.278+0000] {processor.py:161} INFO - Started process (PID=31402) to work on /opt/airflow/dags/dags_python_task_decorator.py
[2025-11-10T12:17:03.291+0000] {processor.py:830} INFO - Processing file /opt/airflow/dags/dags_python_task_decorator.py for tasks to queue
[2025-11-10T12:17:03.293+0000] {logging_mixin.py:188} INFO - [2025-11-10T12:17:03.293+0000] {dagbag.py:538} INFO - Filling up the DagBag from /opt/airflow/dags/dags_python_task_decorator.py
[2025-11-10T12:17:03.333+0000] {processor.py:840} INFO - DAG(s) 'dags_python_task_Decorator' retrieved from /opt/airflow/dags/dags_python_task_decorator.py
[2025-11-10T12:17:03.364+0000] {logging_mixin.py:188} INFO - [2025-11-10T12:17:03.364+0000] {dag.py:3036} INFO - Sync 1 DAGs
[2025-11-10T12:17:03.394+0000] {logging_mixin.py:188} INFO - [2025-11-10T12:17:03.394+0000] {dag.py:3823} INFO - Setting next_dagrun for dags_python_task_Decorator to 2025-11-09 17:00:00+00:00, run_after=2025-11-16 17:00:00+00:00
[2025-11-10T12:17:03.420+0000] {processor.py:183} INFO - Processing /opt/airflow/dags/dags_python_task_decorator.py took 0.151 seconds
[2025-11-10T12:17:34.156+0000] {processor.py:161} INFO - Started process (PID=31461) to work on /opt/airflow/dags/dags_python_task_decorator.py
[2025-11-10T12:17:34.157+0000] {processor.py:830} INFO - Processing file /opt/airflow/dags/dags_python_task_decorator.py for tasks to queue
[2025-11-10T12:17:34.159+0000] {logging_mixin.py:188} INFO - [2025-11-10T12:17:34.158+0000] {dagbag.py:538} INFO - Filling up the DagBag from /opt/airflow/dags/dags_python_task_decorator.py
[2025-11-10T12:17:34.188+0000] {processor.py:840} INFO - DAG(s) 'dags_python_task_Decorator' retrieved from /opt/airflow/dags/dags_python_task_decorator.py
[2025-11-10T12:17:34.225+0000] {logging_mixin.py:188} INFO - [2025-11-10T12:17:34.225+0000] {dag.py:3036} INFO - Sync 1 DAGs
[2025-11-10T12:17:34.271+0000] {logging_mixin.py:188} INFO - [2025-11-10T12:17:34.270+0000] {dag.py:3823} INFO - Setting next_dagrun for dags_python_task_Decorator to 2025-11-09 17:00:00+00:00, run_after=2025-11-16 17:00:00+00:00
[2025-11-10T12:17:34.304+0000] {processor.py:183} INFO - Processing /opt/airflow/dags/dags_python_task_decorator.py took 0.155 seconds
[2025-11-10T12:18:04.558+0000] {processor.py:161} INFO - Started process (PID=31520) to work on /opt/airflow/dags/dags_python_task_decorator.py
[2025-11-10T12:18:04.560+0000] {processor.py:830} INFO - Processing file /opt/airflow/dags/dags_python_task_decorator.py for tasks to queue
[2025-11-10T12:18:04.563+0000] {logging_mixin.py:188} INFO - [2025-11-10T12:18:04.562+0000] {dagbag.py:538} INFO - Filling up the DagBag from /opt/airflow/dags/dags_python_task_decorator.py
[2025-11-10T12:18:04.606+0000] {processor.py:840} INFO - DAG(s) 'dags_python_task_Decorator' retrieved from /opt/airflow/dags/dags_python_task_decorator.py
[2025-11-10T12:18:04.658+0000] {logging_mixin.py:188} INFO - [2025-11-10T12:18:04.658+0000] {dag.py:3036} INFO - Sync 1 DAGs
[2025-11-10T12:18:04.720+0000] {logging_mixin.py:188} INFO - [2025-11-10T12:18:04.720+0000] {dag.py:3823} INFO - Setting next_dagrun for dags_python_task_Decorator to 2025-11-09 17:00:00+00:00, run_after=2025-11-16 17:00:00+00:00
[2025-11-10T12:18:04.763+0000] {processor.py:183} INFO - Processing /opt/airflow/dags/dags_python_task_decorator.py took 0.214 seconds
[2025-11-10T12:18:34.824+0000] {processor.py:161} INFO - Started process (PID=31579) to work on /opt/airflow/dags/dags_python_task_decorator.py
[2025-11-10T12:18:34.826+0000] {processor.py:830} INFO - Processing file /opt/airflow/dags/dags_python_task_decorator.py for tasks to queue
[2025-11-10T12:18:34.828+0000] {logging_mixin.py:188} INFO - [2025-11-10T12:18:34.827+0000] {dagbag.py:538} INFO - Filling up the DagBag from /opt/airflow/dags/dags_python_task_decorator.py
[2025-11-10T12:18:34.855+0000] {processor.py:840} INFO - DAG(s) 'dags_python_task_Decorator' retrieved from /opt/airflow/dags/dags_python_task_decorator.py
[2025-11-10T12:18:34.883+0000] {logging_mixin.py:188} INFO - [2025-11-10T12:18:34.883+0000] {dag.py:3036} INFO - Sync 1 DAGs
[2025-11-10T12:18:34.916+0000] {logging_mixin.py:188} INFO - [2025-11-10T12:18:34.916+0000] {dag.py:3823} INFO - Setting next_dagrun for dags_python_task_Decorator to 2025-11-09 17:00:00+00:00, run_after=2025-11-16 17:00:00+00:00
[2025-11-10T12:18:34.952+0000] {processor.py:183} INFO - Processing /opt/airflow/dags/dags_python_task_decorator.py took 0.133 seconds
[2025-11-10T12:19:05.405+0000] {processor.py:161} INFO - Started process (PID=31638) to work on /opt/airflow/dags/dags_python_task_decorator.py
[2025-11-10T12:19:05.407+0000] {processor.py:830} INFO - Processing file /opt/airflow/dags/dags_python_task_decorator.py for tasks to queue
[2025-11-10T12:19:05.408+0000] {logging_mixin.py:188} INFO - [2025-11-10T12:19:05.408+0000] {dagbag.py:538} INFO - Filling up the DagBag from /opt/airflow/dags/dags_python_task_decorator.py
[2025-11-10T12:19:05.431+0000] {processor.py:840} INFO - DAG(s) 'dags_python_task_Decorator' retrieved from /opt/airflow/dags/dags_python_task_decorator.py
[2025-11-10T12:19:05.457+0000] {logging_mixin.py:188} INFO - [2025-11-10T12:19:05.457+0000] {dag.py:3036} INFO - Sync 1 DAGs
[2025-11-10T12:19:05.484+0000] {logging_mixin.py:188} INFO - [2025-11-10T12:19:05.483+0000] {dag.py:3823} INFO - Setting next_dagrun for dags_python_task_Decorator to 2025-11-09 17:00:00+00:00, run_after=2025-11-16 17:00:00+00:00
[2025-11-10T12:19:05.518+0000] {processor.py:183} INFO - Processing /opt/airflow/dags/dags_python_task_decorator.py took 0.117 seconds
[2025-11-10T12:19:35.662+0000] {processor.py:161} INFO - Started process (PID=31695) to work on /opt/airflow/dags/dags_python_task_decorator.py
[2025-11-10T12:19:35.663+0000] {processor.py:830} INFO - Processing file /opt/airflow/dags/dags_python_task_decorator.py for tasks to queue
[2025-11-10T12:19:35.665+0000] {logging_mixin.py:188} INFO - [2025-11-10T12:19:35.664+0000] {dagbag.py:538} INFO - Filling up the DagBag from /opt/airflow/dags/dags_python_task_decorator.py
[2025-11-10T12:19:35.686+0000] {processor.py:840} INFO - DAG(s) 'dags_python_task_Decorator' retrieved from /opt/airflow/dags/dags_python_task_decorator.py
[2025-11-10T12:19:35.711+0000] {logging_mixin.py:188} INFO - [2025-11-10T12:19:35.711+0000] {dag.py:3036} INFO - Sync 1 DAGs
[2025-11-10T12:19:35.738+0000] {logging_mixin.py:188} INFO - [2025-11-10T12:19:35.737+0000] {dag.py:3823} INFO - Setting next_dagrun for dags_python_task_Decorator to 2025-11-09 17:00:00+00:00, run_after=2025-11-16 17:00:00+00:00
[2025-11-10T12:19:35.764+0000] {processor.py:183} INFO - Processing /opt/airflow/dags/dags_python_task_decorator.py took 0.107 seconds
[2025-11-10T12:20:05.948+0000] {processor.py:161} INFO - Started process (PID=31754) to work on /opt/airflow/dags/dags_python_task_decorator.py
[2025-11-10T12:20:05.949+0000] {processor.py:830} INFO - Processing file /opt/airflow/dags/dags_python_task_decorator.py for tasks to queue
[2025-11-10T12:20:05.951+0000] {logging_mixin.py:188} INFO - [2025-11-10T12:20:05.951+0000] {dagbag.py:538} INFO - Filling up the DagBag from /opt/airflow/dags/dags_python_task_decorator.py
[2025-11-10T12:20:05.977+0000] {processor.py:840} INFO - DAG(s) 'dags_python_task_Decorator' retrieved from /opt/airflow/dags/dags_python_task_decorator.py
[2025-11-10T12:20:06.002+0000] {logging_mixin.py:188} INFO - [2025-11-10T12:20:06.002+0000] {dag.py:3036} INFO - Sync 1 DAGs
[2025-11-10T12:20:06.182+0000] {logging_mixin.py:188} INFO - [2025-11-10T12:20:06.181+0000] {dag.py:3823} INFO - Setting next_dagrun for dags_python_task_Decorator to 2025-11-09 17:00:00+00:00, run_after=2025-11-16 17:00:00+00:00
[2025-11-10T12:20:06.218+0000] {processor.py:183} INFO - Processing /opt/airflow/dags/dags_python_task_decorator.py took 0.275 seconds
[2025-11-10T12:20:36.353+0000] {processor.py:161} INFO - Started process (PID=31813) to work on /opt/airflow/dags/dags_python_task_decorator.py
[2025-11-10T12:20:36.355+0000] {processor.py:830} INFO - Processing file /opt/airflow/dags/dags_python_task_decorator.py for tasks to queue
[2025-11-10T12:20:36.357+0000] {logging_mixin.py:188} INFO - [2025-11-10T12:20:36.356+0000] {dagbag.py:538} INFO - Filling up the DagBag from /opt/airflow/dags/dags_python_task_decorator.py
[2025-11-10T12:20:36.381+0000] {processor.py:840} INFO - DAG(s) 'dags_python_task_Decorator' retrieved from /opt/airflow/dags/dags_python_task_decorator.py
[2025-11-10T12:20:36.408+0000] {logging_mixin.py:188} INFO - [2025-11-10T12:20:36.408+0000] {dag.py:3036} INFO - Sync 1 DAGs
[2025-11-10T12:20:36.435+0000] {logging_mixin.py:188} INFO - [2025-11-10T12:20:36.435+0000] {dag.py:3823} INFO - Setting next_dagrun for dags_python_task_Decorator to 2025-11-09 17:00:00+00:00, run_after=2025-11-16 17:00:00+00:00
[2025-11-10T12:20:36.657+0000] {processor.py:183} INFO - Processing /opt/airflow/dags/dags_python_task_decorator.py took 0.309 seconds
[2025-11-10T12:21:07.225+0000] {processor.py:161} INFO - Started process (PID=31872) to work on /opt/airflow/dags/dags_python_task_decorator.py
[2025-11-10T12:21:07.227+0000] {processor.py:830} INFO - Processing file /opt/airflow/dags/dags_python_task_decorator.py for tasks to queue
[2025-11-10T12:21:07.231+0000] {logging_mixin.py:188} INFO - [2025-11-10T12:21:07.231+0000] {dagbag.py:538} INFO - Filling up the DagBag from /opt/airflow/dags/dags_python_task_decorator.py
[2025-11-10T12:21:07.283+0000] {processor.py:840} INFO - DAG(s) 'dags_python_task_Decorator' retrieved from /opt/airflow/dags/dags_python_task_decorator.py
[2025-11-10T12:21:07.344+0000] {logging_mixin.py:188} INFO - [2025-11-10T12:21:07.343+0000] {dag.py:3036} INFO - Sync 1 DAGs
[2025-11-10T12:21:07.408+0000] {logging_mixin.py:188} INFO - [2025-11-10T12:21:07.407+0000] {dag.py:3823} INFO - Setting next_dagrun for dags_python_task_Decorator to 2025-11-09 17:00:00+00:00, run_after=2025-11-16 17:00:00+00:00
[2025-11-10T12:21:07.807+0000] {processor.py:183} INFO - Processing /opt/airflow/dags/dags_python_task_decorator.py took 0.599 seconds
[2025-11-10T12:21:38.497+0000] {processor.py:161} INFO - Started process (PID=31931) to work on /opt/airflow/dags/dags_python_task_decorator.py
[2025-11-10T12:21:38.498+0000] {processor.py:830} INFO - Processing file /opt/airflow/dags/dags_python_task_decorator.py for tasks to queue
[2025-11-10T12:21:38.500+0000] {logging_mixin.py:188} INFO - [2025-11-10T12:21:38.500+0000] {dagbag.py:538} INFO - Filling up the DagBag from /opt/airflow/dags/dags_python_task_decorator.py
[2025-11-10T12:21:38.526+0000] {processor.py:840} INFO - DAG(s) 'dags_python_task_Decorator' retrieved from /opt/airflow/dags/dags_python_task_decorator.py
[2025-11-10T12:21:38.553+0000] {logging_mixin.py:188} INFO - [2025-11-10T12:21:38.553+0000] {dag.py:3036} INFO - Sync 1 DAGs
[2025-11-10T12:21:38.579+0000] {logging_mixin.py:188} INFO - [2025-11-10T12:21:38.579+0000] {dag.py:3823} INFO - Setting next_dagrun for dags_python_task_Decorator to 2025-11-09 17:00:00+00:00, run_after=2025-11-16 17:00:00+00:00
[2025-11-10T12:21:38.607+0000] {processor.py:183} INFO - Processing /opt/airflow/dags/dags_python_task_decorator.py took 0.115 seconds
[2025-11-10T12:22:09.102+0000] {processor.py:161} INFO - Started process (PID=31990) to work on /opt/airflow/dags/dags_python_task_decorator.py
[2025-11-10T12:22:09.104+0000] {processor.py:830} INFO - Processing file /opt/airflow/dags/dags_python_task_decorator.py for tasks to queue
[2025-11-10T12:22:09.105+0000] {logging_mixin.py:188} INFO - [2025-11-10T12:22:09.105+0000] {dagbag.py:538} INFO - Filling up the DagBag from /opt/airflow/dags/dags_python_task_decorator.py
[2025-11-10T12:22:09.127+0000] {processor.py:840} INFO - DAG(s) 'dags_python_task_Decorator' retrieved from /opt/airflow/dags/dags_python_task_decorator.py
[2025-11-10T12:22:09.151+0000] {logging_mixin.py:188} INFO - [2025-11-10T12:22:09.151+0000] {dag.py:3036} INFO - Sync 1 DAGs
[2025-11-10T12:22:09.178+0000] {logging_mixin.py:188} INFO - [2025-11-10T12:22:09.178+0000] {dag.py:3823} INFO - Setting next_dagrun for dags_python_task_Decorator to 2025-11-09 17:00:00+00:00, run_after=2025-11-16 17:00:00+00:00
[2025-11-10T12:22:09.214+0000] {processor.py:183} INFO - Processing /opt/airflow/dags/dags_python_task_decorator.py took 0.116 seconds
[2025-11-10T12:22:39.803+0000] {processor.py:161} INFO - Started process (PID=32049) to work on /opt/airflow/dags/dags_python_task_decorator.py
[2025-11-10T12:22:39.805+0000] {processor.py:830} INFO - Processing file /opt/airflow/dags/dags_python_task_decorator.py for tasks to queue
[2025-11-10T12:22:39.807+0000] {logging_mixin.py:188} INFO - [2025-11-10T12:22:39.806+0000] {dagbag.py:538} INFO - Filling up the DagBag from /opt/airflow/dags/dags_python_task_decorator.py
[2025-11-10T12:22:39.833+0000] {processor.py:840} INFO - DAG(s) 'dags_python_task_Decorator' retrieved from /opt/airflow/dags/dags_python_task_decorator.py
[2025-11-10T12:22:39.861+0000] {logging_mixin.py:188} INFO - [2025-11-10T12:22:39.861+0000] {dag.py:3036} INFO - Sync 1 DAGs
[2025-11-10T12:22:39.898+0000] {logging_mixin.py:188} INFO - [2025-11-10T12:22:39.897+0000] {dag.py:3823} INFO - Setting next_dagrun for dags_python_task_Decorator to 2025-11-09 17:00:00+00:00, run_after=2025-11-16 17:00:00+00:00
[2025-11-10T12:22:39.932+0000] {processor.py:183} INFO - Processing /opt/airflow/dags/dags_python_task_decorator.py took 0.136 seconds
[2025-11-10T12:23:10.540+0000] {processor.py:161} INFO - Started process (PID=32108) to work on /opt/airflow/dags/dags_python_task_decorator.py
[2025-11-10T12:23:10.552+0000] {processor.py:830} INFO - Processing file /opt/airflow/dags/dags_python_task_decorator.py for tasks to queue
[2025-11-10T12:23:10.555+0000] {logging_mixin.py:188} INFO - [2025-11-10T12:23:10.554+0000] {dagbag.py:538} INFO - Filling up the DagBag from /opt/airflow/dags/dags_python_task_decorator.py
[2025-11-10T12:23:10.629+0000] {processor.py:840} INFO - DAG(s) 'dags_python_task_Decorator' retrieved from /opt/airflow/dags/dags_python_task_decorator.py
[2025-11-10T12:23:10.738+0000] {logging_mixin.py:188} INFO - [2025-11-10T12:23:10.737+0000] {dag.py:3036} INFO - Sync 1 DAGs
[2025-11-10T12:23:10.831+0000] {logging_mixin.py:188} INFO - [2025-11-10T12:23:10.830+0000] {dag.py:3823} INFO - Setting next_dagrun for dags_python_task_Decorator to 2025-11-09 17:00:00+00:00, run_after=2025-11-16 17:00:00+00:00
[2025-11-10T12:23:10.917+0000] {processor.py:183} INFO - Processing /opt/airflow/dags/dags_python_task_decorator.py took 0.389 seconds
[2025-11-10T12:23:41.025+0000] {processor.py:161} INFO - Started process (PID=32167) to work on /opt/airflow/dags/dags_python_task_decorator.py
[2025-11-10T12:23:41.027+0000] {processor.py:830} INFO - Processing file /opt/airflow/dags/dags_python_task_decorator.py for tasks to queue
[2025-11-10T12:23:41.028+0000] {logging_mixin.py:188} INFO - [2025-11-10T12:23:41.028+0000] {dagbag.py:538} INFO - Filling up the DagBag from /opt/airflow/dags/dags_python_task_decorator.py
[2025-11-10T12:23:41.056+0000] {processor.py:840} INFO - DAG(s) 'dags_python_task_Decorator' retrieved from /opt/airflow/dags/dags_python_task_decorator.py
[2025-11-10T12:23:41.092+0000] {logging_mixin.py:188} INFO - [2025-11-10T12:23:41.091+0000] {dag.py:3036} INFO - Sync 1 DAGs
[2025-11-10T12:23:41.148+0000] {logging_mixin.py:188} INFO - [2025-11-10T12:23:41.147+0000] {dag.py:3823} INFO - Setting next_dagrun for dags_python_task_Decorator to 2025-11-09 17:00:00+00:00, run_after=2025-11-16 17:00:00+00:00
[2025-11-10T12:23:41.183+0000] {processor.py:183} INFO - Processing /opt/airflow/dags/dags_python_task_decorator.py took 0.162 seconds
[2025-11-10T12:24:11.445+0000] {processor.py:161} INFO - Started process (PID=32226) to work on /opt/airflow/dags/dags_python_task_decorator.py
[2025-11-10T12:24:11.446+0000] {processor.py:830} INFO - Processing file /opt/airflow/dags/dags_python_task_decorator.py for tasks to queue
[2025-11-10T12:24:11.448+0000] {logging_mixin.py:188} INFO - [2025-11-10T12:24:11.447+0000] {dagbag.py:538} INFO - Filling up the DagBag from /opt/airflow/dags/dags_python_task_decorator.py
[2025-11-10T12:24:11.473+0000] {processor.py:840} INFO - DAG(s) 'dags_python_task_Decorator' retrieved from /opt/airflow/dags/dags_python_task_decorator.py
[2025-11-10T12:24:11.498+0000] {logging_mixin.py:188} INFO - [2025-11-10T12:24:11.498+0000] {dag.py:3036} INFO - Sync 1 DAGs
[2025-11-10T12:24:11.525+0000] {logging_mixin.py:188} INFO - [2025-11-10T12:24:11.524+0000] {dag.py:3823} INFO - Setting next_dagrun for dags_python_task_Decorator to 2025-11-09 17:00:00+00:00, run_after=2025-11-16 17:00:00+00:00
[2025-11-10T12:24:11.583+0000] {processor.py:183} INFO - Processing /opt/airflow/dags/dags_python_task_decorator.py took 0.114 seconds
[2025-11-10T12:24:42.056+0000] {processor.py:161} INFO - Started process (PID=32285) to work on /opt/airflow/dags/dags_python_task_decorator.py
[2025-11-10T12:24:42.058+0000] {processor.py:830} INFO - Processing file /opt/airflow/dags/dags_python_task_decorator.py for tasks to queue
[2025-11-10T12:24:42.059+0000] {logging_mixin.py:188} INFO - [2025-11-10T12:24:42.059+0000] {dagbag.py:538} INFO - Filling up the DagBag from /opt/airflow/dags/dags_python_task_decorator.py
[2025-11-10T12:24:42.086+0000] {processor.py:840} INFO - DAG(s) 'dags_python_task_Decorator' retrieved from /opt/airflow/dags/dags_python_task_decorator.py
[2025-11-10T12:24:42.116+0000] {logging_mixin.py:188} INFO - [2025-11-10T12:24:42.116+0000] {dag.py:3036} INFO - Sync 1 DAGs
[2025-11-10T12:24:42.150+0000] {logging_mixin.py:188} INFO - [2025-11-10T12:24:42.149+0000] {dag.py:3823} INFO - Setting next_dagrun for dags_python_task_Decorator to 2025-11-09 17:00:00+00:00, run_after=2025-11-16 17:00:00+00:00
[2025-11-10T12:24:42.178+0000] {processor.py:183} INFO - Processing /opt/airflow/dags/dags_python_task_decorator.py took 0.127 seconds
[2025-11-10T12:25:12.929+0000] {processor.py:161} INFO - Started process (PID=32344) to work on /opt/airflow/dags/dags_python_task_decorator.py
[2025-11-10T12:25:12.931+0000] {processor.py:830} INFO - Processing file /opt/airflow/dags/dags_python_task_decorator.py for tasks to queue
[2025-11-10T12:25:12.934+0000] {logging_mixin.py:188} INFO - [2025-11-10T12:25:12.933+0000] {dagbag.py:538} INFO - Filling up the DagBag from /opt/airflow/dags/dags_python_task_decorator.py
[2025-11-10T12:25:12.969+0000] {processor.py:840} INFO - DAG(s) 'dags_python_task_Decorator' retrieved from /opt/airflow/dags/dags_python_task_decorator.py
[2025-11-10T12:25:13.003+0000] {logging_mixin.py:188} INFO - [2025-11-10T12:25:13.003+0000] {dag.py:3036} INFO - Sync 1 DAGs
[2025-11-10T12:25:13.036+0000] {logging_mixin.py:188} INFO - [2025-11-10T12:25:13.036+0000] {dag.py:3823} INFO - Setting next_dagrun for dags_python_task_Decorator to 2025-11-09 17:00:00+00:00, run_after=2025-11-16 17:00:00+00:00
[2025-11-10T12:25:13.058+0000] {processor.py:183} INFO - Processing /opt/airflow/dags/dags_python_task_decorator.py took 0.139 seconds
[2025-11-10T12:25:43.803+0000] {processor.py:161} INFO - Started process (PID=32403) to work on /opt/airflow/dags/dags_python_task_decorator.py
[2025-11-10T12:25:43.805+0000] {processor.py:830} INFO - Processing file /opt/airflow/dags/dags_python_task_decorator.py for tasks to queue
[2025-11-10T12:25:43.807+0000] {logging_mixin.py:188} INFO - [2025-11-10T12:25:43.806+0000] {dagbag.py:538} INFO - Filling up the DagBag from /opt/airflow/dags/dags_python_task_decorator.py
[2025-11-10T12:25:43.845+0000] {processor.py:840} INFO - DAG(s) 'dags_python_task_Decorator' retrieved from /opt/airflow/dags/dags_python_task_decorator.py
[2025-11-10T12:25:43.885+0000] {logging_mixin.py:188} INFO - [2025-11-10T12:25:43.884+0000] {dag.py:3036} INFO - Sync 1 DAGs
[2025-11-10T12:25:43.927+0000] {logging_mixin.py:188} INFO - [2025-11-10T12:25:43.927+0000] {dag.py:3823} INFO - Setting next_dagrun for dags_python_task_Decorator to 2025-11-09 17:00:00+00:00, run_after=2025-11-16 17:00:00+00:00
[2025-11-10T12:25:43.972+0000] {processor.py:183} INFO - Processing /opt/airflow/dags/dags_python_task_decorator.py took 0.175 seconds
[2025-11-10T12:26:14.537+0000] {processor.py:161} INFO - Started process (PID=32462) to work on /opt/airflow/dags/dags_python_task_decorator.py
[2025-11-10T12:26:14.542+0000] {processor.py:830} INFO - Processing file /opt/airflow/dags/dags_python_task_decorator.py for tasks to queue
[2025-11-10T12:26:14.544+0000] {logging_mixin.py:188} INFO - [2025-11-10T12:26:14.544+0000] {dagbag.py:538} INFO - Filling up the DagBag from /opt/airflow/dags/dags_python_task_decorator.py
[2025-11-10T12:26:14.566+0000] {processor.py:840} INFO - DAG(s) 'dags_python_task_Decorator' retrieved from /opt/airflow/dags/dags_python_task_decorator.py
[2025-11-10T12:26:14.595+0000] {logging_mixin.py:188} INFO - [2025-11-10T12:26:14.594+0000] {dag.py:3036} INFO - Sync 1 DAGs
[2025-11-10T12:26:14.621+0000] {logging_mixin.py:188} INFO - [2025-11-10T12:26:14.620+0000] {dag.py:3823} INFO - Setting next_dagrun for dags_python_task_Decorator to 2025-11-09 17:00:00+00:00, run_after=2025-11-16 17:00:00+00:00
[2025-11-10T12:26:14.657+0000] {processor.py:183} INFO - Processing /opt/airflow/dags/dags_python_task_decorator.py took 0.125 seconds
[2025-11-10T12:26:44.806+0000] {processor.py:161} INFO - Started process (PID=32521) to work on /opt/airflow/dags/dags_python_task_decorator.py
[2025-11-10T12:26:44.807+0000] {processor.py:830} INFO - Processing file /opt/airflow/dags/dags_python_task_decorator.py for tasks to queue
[2025-11-10T12:26:44.809+0000] {logging_mixin.py:188} INFO - [2025-11-10T12:26:44.808+0000] {dagbag.py:538} INFO - Filling up the DagBag from /opt/airflow/dags/dags_python_task_decorator.py
[2025-11-10T12:26:44.837+0000] {processor.py:840} INFO - DAG(s) 'dags_python_task_Decorator' retrieved from /opt/airflow/dags/dags_python_task_decorator.py
[2025-11-10T12:26:44.866+0000] {logging_mixin.py:188} INFO - [2025-11-10T12:26:44.866+0000] {dag.py:3036} INFO - Sync 1 DAGs
[2025-11-10T12:26:44.900+0000] {logging_mixin.py:188} INFO - [2025-11-10T12:26:44.900+0000] {dag.py:3823} INFO - Setting next_dagrun for dags_python_task_Decorator to 2025-11-09 17:00:00+00:00, run_after=2025-11-16 17:00:00+00:00
[2025-11-10T12:26:44.934+0000] {processor.py:183} INFO - Processing /opt/airflow/dags/dags_python_task_decorator.py took 0.132 seconds
[2025-11-10T12:27:15.123+0000] {processor.py:161} INFO - Started process (PID=32581) to work on /opt/airflow/dags/dags_python_task_decorator.py
[2025-11-10T12:27:15.125+0000] {processor.py:830} INFO - Processing file /opt/airflow/dags/dags_python_task_decorator.py for tasks to queue
[2025-11-10T12:27:15.127+0000] {logging_mixin.py:188} INFO - [2025-11-10T12:27:15.126+0000] {dagbag.py:538} INFO - Filling up the DagBag from /opt/airflow/dags/dags_python_task_decorator.py
[2025-11-10T12:27:15.150+0000] {processor.py:840} INFO - DAG(s) 'dags_python_task_Decorator' retrieved from /opt/airflow/dags/dags_python_task_decorator.py
[2025-11-10T12:27:15.176+0000] {logging_mixin.py:188} INFO - [2025-11-10T12:27:15.175+0000] {dag.py:3036} INFO - Sync 1 DAGs
[2025-11-10T12:27:15.203+0000] {logging_mixin.py:188} INFO - [2025-11-10T12:27:15.203+0000] {dag.py:3823} INFO - Setting next_dagrun for dags_python_task_Decorator to 2025-11-09 17:00:00+00:00, run_after=2025-11-16 17:00:00+00:00
[2025-11-10T12:27:15.237+0000] {processor.py:183} INFO - Processing /opt/airflow/dags/dags_python_task_decorator.py took 0.118 seconds
[2025-11-10T12:27:46.171+0000] {processor.py:161} INFO - Started process (PID=32640) to work on /opt/airflow/dags/dags_python_task_decorator.py
[2025-11-10T12:27:46.172+0000] {processor.py:830} INFO - Processing file /opt/airflow/dags/dags_python_task_decorator.py for tasks to queue
[2025-11-10T12:27:46.174+0000] {logging_mixin.py:188} INFO - [2025-11-10T12:27:46.173+0000] {dagbag.py:538} INFO - Filling up the DagBag from /opt/airflow/dags/dags_python_task_decorator.py
[2025-11-10T12:27:46.205+0000] {processor.py:840} INFO - DAG(s) 'dags_python_task_Decorator' retrieved from /opt/airflow/dags/dags_python_task_decorator.py
[2025-11-10T12:27:46.238+0000] {logging_mixin.py:188} INFO - [2025-11-10T12:27:46.237+0000] {dag.py:3036} INFO - Sync 1 DAGs
[2025-11-10T12:27:46.270+0000] {logging_mixin.py:188} INFO - [2025-11-10T12:27:46.270+0000] {dag.py:3823} INFO - Setting next_dagrun for dags_python_task_Decorator to 2025-11-09 17:00:00+00:00, run_after=2025-11-16 17:00:00+00:00
[2025-11-10T12:27:46.306+0000] {processor.py:183} INFO - Processing /opt/airflow/dags/dags_python_task_decorator.py took 0.141 seconds
[2025-11-10T12:28:16.472+0000] {processor.py:161} INFO - Started process (PID=32699) to work on /opt/airflow/dags/dags_python_task_decorator.py
[2025-11-10T12:28:16.475+0000] {processor.py:830} INFO - Processing file /opt/airflow/dags/dags_python_task_decorator.py for tasks to queue
[2025-11-10T12:28:16.477+0000] {logging_mixin.py:188} INFO - [2025-11-10T12:28:16.476+0000] {dagbag.py:538} INFO - Filling up the DagBag from /opt/airflow/dags/dags_python_task_decorator.py
[2025-11-10T12:28:16.515+0000] {processor.py:840} INFO - DAG(s) 'dags_python_task_Decorator' retrieved from /opt/airflow/dags/dags_python_task_decorator.py
[2025-11-10T12:28:16.559+0000] {logging_mixin.py:188} INFO - [2025-11-10T12:28:16.558+0000] {dag.py:3036} INFO - Sync 1 DAGs
[2025-11-10T12:28:16.602+0000] {logging_mixin.py:188} INFO - [2025-11-10T12:28:16.602+0000] {dag.py:3823} INFO - Setting next_dagrun for dags_python_task_Decorator to 2025-11-09 17:00:00+00:00, run_after=2025-11-16 17:00:00+00:00
[2025-11-10T12:28:16.646+0000] {processor.py:183} INFO - Processing /opt/airflow/dags/dags_python_task_decorator.py took 0.182 seconds
[2025-11-10T12:28:47.506+0000] {processor.py:161} INFO - Started process (PID=32758) to work on /opt/airflow/dags/dags_python_task_decorator.py
[2025-11-10T12:28:47.508+0000] {processor.py:830} INFO - Processing file /opt/airflow/dags/dags_python_task_decorator.py for tasks to queue
[2025-11-10T12:28:47.509+0000] {logging_mixin.py:188} INFO - [2025-11-10T12:28:47.509+0000] {dagbag.py:538} INFO - Filling up the DagBag from /opt/airflow/dags/dags_python_task_decorator.py
[2025-11-10T12:28:47.538+0000] {processor.py:840} INFO - DAG(s) 'dags_python_task_Decorator' retrieved from /opt/airflow/dags/dags_python_task_decorator.py
[2025-11-10T12:28:47.567+0000] {logging_mixin.py:188} INFO - [2025-11-10T12:28:47.566+0000] {dag.py:3036} INFO - Sync 1 DAGs
[2025-11-10T12:28:47.599+0000] {logging_mixin.py:188} INFO - [2025-11-10T12:28:47.598+0000] {dag.py:3823} INFO - Setting next_dagrun for dags_python_task_Decorator to 2025-11-09 17:00:00+00:00, run_after=2025-11-16 17:00:00+00:00
[2025-11-10T12:28:47.627+0000] {processor.py:183} INFO - Processing /opt/airflow/dags/dags_python_task_decorator.py took 0.127 seconds
[2025-11-10T12:29:17.795+0000] {processor.py:161} INFO - Started process (PID=32817) to work on /opt/airflow/dags/dags_python_task_decorator.py
[2025-11-10T12:29:17.798+0000] {processor.py:830} INFO - Processing file /opt/airflow/dags/dags_python_task_decorator.py for tasks to queue
[2025-11-10T12:29:17.800+0000] {logging_mixin.py:188} INFO - [2025-11-10T12:29:17.799+0000] {dagbag.py:538} INFO - Filling up the DagBag from /opt/airflow/dags/dags_python_task_decorator.py
[2025-11-10T12:29:17.848+0000] {processor.py:840} INFO - DAG(s) 'dags_python_task_Decorator' retrieved from /opt/airflow/dags/dags_python_task_decorator.py
[2025-11-10T12:29:17.889+0000] {logging_mixin.py:188} INFO - [2025-11-10T12:29:17.889+0000] {dag.py:3036} INFO - Sync 1 DAGs
[2025-11-10T12:29:17.941+0000] {logging_mixin.py:188} INFO - [2025-11-10T12:29:17.940+0000] {dag.py:3823} INFO - Setting next_dagrun for dags_python_task_Decorator to 2025-11-09 17:00:00+00:00, run_after=2025-11-16 17:00:00+00:00
[2025-11-10T12:29:17.992+0000] {processor.py:183} INFO - Processing /opt/airflow/dags/dags_python_task_decorator.py took 0.204 seconds
[2025-11-10T12:29:48.074+0000] {processor.py:161} INFO - Started process (PID=32882) to work on /opt/airflow/dags/dags_python_task_decorator.py
[2025-11-10T12:29:48.076+0000] {processor.py:830} INFO - Processing file /opt/airflow/dags/dags_python_task_decorator.py for tasks to queue
[2025-11-10T12:29:48.077+0000] {logging_mixin.py:188} INFO - [2025-11-10T12:29:48.077+0000] {dagbag.py:538} INFO - Filling up the DagBag from /opt/airflow/dags/dags_python_task_decorator.py
[2025-11-10T12:29:48.100+0000] {processor.py:840} INFO - DAG(s) 'dags_python_task_Decorator' retrieved from /opt/airflow/dags/dags_python_task_decorator.py
[2025-11-10T12:29:48.126+0000] {logging_mixin.py:188} INFO - [2025-11-10T12:29:48.126+0000] {dag.py:3036} INFO - Sync 1 DAGs
[2025-11-10T12:29:48.153+0000] {logging_mixin.py:188} INFO - [2025-11-10T12:29:48.153+0000] {dag.py:3823} INFO - Setting next_dagrun for dags_python_task_Decorator to 2025-11-09 17:00:00+00:00, run_after=2025-11-16 17:00:00+00:00
[2025-11-10T12:29:48.187+0000] {processor.py:183} INFO - Processing /opt/airflow/dags/dags_python_task_decorator.py took 0.117 seconds
[2025-11-10T12:30:18.465+0000] {processor.py:161} INFO - Started process (PID=32941) to work on /opt/airflow/dags/dags_python_task_decorator.py
[2025-11-10T12:30:18.467+0000] {processor.py:830} INFO - Processing file /opt/airflow/dags/dags_python_task_decorator.py for tasks to queue
[2025-11-10T12:30:18.468+0000] {logging_mixin.py:188} INFO - [2025-11-10T12:30:18.468+0000] {dagbag.py:538} INFO - Filling up the DagBag from /opt/airflow/dags/dags_python_task_decorator.py
[2025-11-10T12:30:18.489+0000] {processor.py:840} INFO - DAG(s) 'dags_python_task_Decorator' retrieved from /opt/airflow/dags/dags_python_task_decorator.py
[2025-11-10T12:30:18.515+0000] {logging_mixin.py:188} INFO - [2025-11-10T12:30:18.515+0000] {dag.py:3036} INFO - Sync 1 DAGs
[2025-11-10T12:30:18.542+0000] {logging_mixin.py:188} INFO - [2025-11-10T12:30:18.541+0000] {dag.py:3823} INFO - Setting next_dagrun for dags_python_task_Decorator to 2025-11-09 17:00:00+00:00, run_after=2025-11-16 17:00:00+00:00
[2025-11-10T12:30:18.582+0000] {processor.py:183} INFO - Processing /opt/airflow/dags/dags_python_task_decorator.py took 0.121 seconds
[2025-11-10T12:30:48.801+0000] {processor.py:161} INFO - Started process (PID=33000) to work on /opt/airflow/dags/dags_python_task_decorator.py
[2025-11-10T12:30:48.802+0000] {processor.py:830} INFO - Processing file /opt/airflow/dags/dags_python_task_decorator.py for tasks to queue
[2025-11-10T12:30:48.804+0000] {logging_mixin.py:188} INFO - [2025-11-10T12:30:48.804+0000] {dagbag.py:538} INFO - Filling up the DagBag from /opt/airflow/dags/dags_python_task_decorator.py
[2025-11-10T12:30:48.828+0000] {processor.py:840} INFO - DAG(s) 'dags_python_task_Decorator' retrieved from /opt/airflow/dags/dags_python_task_decorator.py
[2025-11-10T12:30:48.857+0000] {logging_mixin.py:188} INFO - [2025-11-10T12:30:48.857+0000] {dag.py:3036} INFO - Sync 1 DAGs
[2025-11-10T12:30:48.885+0000] {logging_mixin.py:188} INFO - [2025-11-10T12:30:48.884+0000] {dag.py:3823} INFO - Setting next_dagrun for dags_python_task_Decorator to 2025-11-09 17:00:00+00:00, run_after=2025-11-16 17:00:00+00:00
[2025-11-10T12:30:48.920+0000] {processor.py:183} INFO - Processing /opt/airflow/dags/dags_python_task_decorator.py took 0.124 seconds
[2025-11-10T12:31:19.551+0000] {processor.py:161} INFO - Started process (PID=33059) to work on /opt/airflow/dags/dags_python_task_decorator.py
[2025-11-10T12:31:19.552+0000] {processor.py:830} INFO - Processing file /opt/airflow/dags/dags_python_task_decorator.py for tasks to queue
[2025-11-10T12:31:19.554+0000] {logging_mixin.py:188} INFO - [2025-11-10T12:31:19.553+0000] {dagbag.py:538} INFO - Filling up the DagBag from /opt/airflow/dags/dags_python_task_decorator.py
[2025-11-10T12:31:19.580+0000] {processor.py:840} INFO - DAG(s) 'dags_python_task_Decorator' retrieved from /opt/airflow/dags/dags_python_task_decorator.py
[2025-11-10T12:31:19.611+0000] {logging_mixin.py:188} INFO - [2025-11-10T12:31:19.611+0000] {dag.py:3036} INFO - Sync 1 DAGs
[2025-11-10T12:31:19.645+0000] {logging_mixin.py:188} INFO - [2025-11-10T12:31:19.644+0000] {dag.py:3823} INFO - Setting next_dagrun for dags_python_task_Decorator to 2025-11-09 17:00:00+00:00, run_after=2025-11-16 17:00:00+00:00
[2025-11-10T12:31:19.682+0000] {processor.py:183} INFO - Processing /opt/airflow/dags/dags_python_task_decorator.py took 0.138 seconds
[2025-11-10T12:31:50.199+0000] {processor.py:161} INFO - Started process (PID=33118) to work on /opt/airflow/dags/dags_python_task_decorator.py
[2025-11-10T12:31:50.203+0000] {processor.py:830} INFO - Processing file /opt/airflow/dags/dags_python_task_decorator.py for tasks to queue
[2025-11-10T12:31:50.209+0000] {logging_mixin.py:188} INFO - [2025-11-10T12:31:50.208+0000] {dagbag.py:538} INFO - Filling up the DagBag from /opt/airflow/dags/dags_python_task_decorator.py
[2025-11-10T12:31:50.257+0000] {processor.py:840} INFO - DAG(s) 'dags_python_task_Decorator' retrieved from /opt/airflow/dags/dags_python_task_decorator.py
[2025-11-10T12:31:50.302+0000] {logging_mixin.py:188} INFO - [2025-11-10T12:31:50.301+0000] {dag.py:3036} INFO - Sync 1 DAGs
[2025-11-10T12:31:50.350+0000] {logging_mixin.py:188} INFO - [2025-11-10T12:31:50.350+0000] {dag.py:3823} INFO - Setting next_dagrun for dags_python_task_Decorator to 2025-11-09 17:00:00+00:00, run_after=2025-11-16 17:00:00+00:00
[2025-11-10T12:31:50.398+0000] {processor.py:183} INFO - Processing /opt/airflow/dags/dags_python_task_decorator.py took 0.206 seconds
[2025-11-10T12:32:20.456+0000] {processor.py:161} INFO - Started process (PID=33177) to work on /opt/airflow/dags/dags_python_task_decorator.py
[2025-11-10T12:32:20.458+0000] {processor.py:830} INFO - Processing file /opt/airflow/dags/dags_python_task_decorator.py for tasks to queue
[2025-11-10T12:32:20.459+0000] {logging_mixin.py:188} INFO - [2025-11-10T12:32:20.459+0000] {dagbag.py:538} INFO - Filling up the DagBag from /opt/airflow/dags/dags_python_task_decorator.py
[2025-11-10T12:32:20.485+0000] {processor.py:840} INFO - DAG(s) 'dags_python_task_Decorator' retrieved from /opt/airflow/dags/dags_python_task_decorator.py
[2025-11-10T12:32:20.518+0000] {logging_mixin.py:188} INFO - [2025-11-10T12:32:20.517+0000] {dag.py:3036} INFO - Sync 1 DAGs
[2025-11-10T12:32:20.568+0000] {logging_mixin.py:188} INFO - [2025-11-10T12:32:20.567+0000] {dag.py:3823} INFO - Setting next_dagrun for dags_python_task_Decorator to 2025-11-09 17:00:00+00:00, run_after=2025-11-16 17:00:00+00:00
[2025-11-10T12:32:20.614+0000] {processor.py:183} INFO - Processing /opt/airflow/dags/dags_python_task_decorator.py took 0.163 seconds
[2025-11-10T12:32:51.535+0000] {processor.py:161} INFO - Started process (PID=33236) to work on /opt/airflow/dags/dags_python_task_decorator.py
[2025-11-10T12:32:51.539+0000] {processor.py:830} INFO - Processing file /opt/airflow/dags/dags_python_task_decorator.py for tasks to queue
[2025-11-10T12:32:51.543+0000] {logging_mixin.py:188} INFO - [2025-11-10T12:32:51.542+0000] {dagbag.py:538} INFO - Filling up the DagBag from /opt/airflow/dags/dags_python_task_decorator.py
[2025-11-10T12:32:51.623+0000] {processor.py:840} INFO - DAG(s) 'dags_python_task_Decorator' retrieved from /opt/airflow/dags/dags_python_task_decorator.py
[2025-11-10T12:32:51.725+0000] {logging_mixin.py:188} INFO - [2025-11-10T12:32:51.725+0000] {dag.py:3036} INFO - Sync 1 DAGs
[2025-11-10T12:32:51.812+0000] {logging_mixin.py:188} INFO - [2025-11-10T12:32:51.812+0000] {dag.py:3823} INFO - Setting next_dagrun for dags_python_task_Decorator to 2025-11-09 17:00:00+00:00, run_after=2025-11-16 17:00:00+00:00
[2025-11-10T12:32:51.883+0000] {processor.py:183} INFO - Processing /opt/airflow/dags/dags_python_task_decorator.py took 0.363 seconds
[2025-11-10T12:33:22.705+0000] {processor.py:161} INFO - Started process (PID=33295) to work on /opt/airflow/dags/dags_python_task_decorator.py
[2025-11-10T12:33:22.707+0000] {processor.py:830} INFO - Processing file /opt/airflow/dags/dags_python_task_decorator.py for tasks to queue
[2025-11-10T12:33:22.708+0000] {logging_mixin.py:188} INFO - [2025-11-10T12:33:22.708+0000] {dagbag.py:538} INFO - Filling up the DagBag from /opt/airflow/dags/dags_python_task_decorator.py
[2025-11-10T12:33:22.732+0000] {processor.py:840} INFO - DAG(s) 'dags_python_task_Decorator' retrieved from /opt/airflow/dags/dags_python_task_decorator.py
[2025-11-10T12:33:22.758+0000] {logging_mixin.py:188} INFO - [2025-11-10T12:33:22.758+0000] {dag.py:3036} INFO - Sync 1 DAGs
[2025-11-10T12:33:22.785+0000] {logging_mixin.py:188} INFO - [2025-11-10T12:33:22.784+0000] {dag.py:3823} INFO - Setting next_dagrun for dags_python_task_Decorator to 2025-11-09 17:00:00+00:00, run_after=2025-11-16 17:00:00+00:00
[2025-11-10T12:33:22.822+0000] {processor.py:183} INFO - Processing /opt/airflow/dags/dags_python_task_decorator.py took 0.120 seconds
[2025-11-10T12:33:53.202+0000] {processor.py:161} INFO - Started process (PID=33354) to work on /opt/airflow/dags/dags_python_task_decorator.py
[2025-11-10T12:33:53.203+0000] {processor.py:830} INFO - Processing file /opt/airflow/dags/dags_python_task_decorator.py for tasks to queue
[2025-11-10T12:33:53.204+0000] {logging_mixin.py:188} INFO - [2025-11-10T12:33:53.204+0000] {dagbag.py:538} INFO - Filling up the DagBag from /opt/airflow/dags/dags_python_task_decorator.py
[2025-11-10T12:33:53.227+0000] {processor.py:840} INFO - DAG(s) 'dags_python_task_Decorator' retrieved from /opt/airflow/dags/dags_python_task_decorator.py
[2025-11-10T12:33:53.253+0000] {logging_mixin.py:188} INFO - [2025-11-10T12:33:53.252+0000] {dag.py:3036} INFO - Sync 1 DAGs
[2025-11-10T12:33:53.280+0000] {logging_mixin.py:188} INFO - [2025-11-10T12:33:53.279+0000] {dag.py:3823} INFO - Setting next_dagrun for dags_python_task_Decorator to 2025-11-09 17:00:00+00:00, run_after=2025-11-16 17:00:00+00:00
[2025-11-10T12:33:53.314+0000] {processor.py:183} INFO - Processing /opt/airflow/dags/dags_python_task_decorator.py took 0.117 seconds
[2025-11-10T12:34:23.660+0000] {processor.py:161} INFO - Started process (PID=33414) to work on /opt/airflow/dags/dags_python_task_decorator.py
[2025-11-10T12:34:23.662+0000] {processor.py:830} INFO - Processing file /opt/airflow/dags/dags_python_task_decorator.py for tasks to queue
[2025-11-10T12:34:23.663+0000] {logging_mixin.py:188} INFO - [2025-11-10T12:34:23.663+0000] {dagbag.py:538} INFO - Filling up the DagBag from /opt/airflow/dags/dags_python_task_decorator.py
[2025-11-10T12:34:23.686+0000] {processor.py:840} INFO - DAG(s) 'dags_python_task_Decorator' retrieved from /opt/airflow/dags/dags_python_task_decorator.py
[2025-11-10T12:34:23.712+0000] {logging_mixin.py:188} INFO - [2025-11-10T12:34:23.711+0000] {dag.py:3036} INFO - Sync 1 DAGs
[2025-11-10T12:34:23.739+0000] {logging_mixin.py:188} INFO - [2025-11-10T12:34:23.738+0000] {dag.py:3823} INFO - Setting next_dagrun for dags_python_task_Decorator to 2025-11-09 17:00:00+00:00, run_after=2025-11-16 17:00:00+00:00
[2025-11-10T12:34:23.771+0000] {processor.py:183} INFO - Processing /opt/airflow/dags/dags_python_task_decorator.py took 0.116 seconds
[2025-11-10T12:34:54.552+0000] {processor.py:161} INFO - Started process (PID=33473) to work on /opt/airflow/dags/dags_python_task_decorator.py
[2025-11-10T12:34:54.553+0000] {processor.py:830} INFO - Processing file /opt/airflow/dags/dags_python_task_decorator.py for tasks to queue
[2025-11-10T12:34:54.555+0000] {logging_mixin.py:188} INFO - [2025-11-10T12:34:54.554+0000] {dagbag.py:538} INFO - Filling up the DagBag from /opt/airflow/dags/dags_python_task_decorator.py
[2025-11-10T12:34:54.583+0000] {processor.py:840} INFO - DAG(s) 'dags_python_task_Decorator' retrieved from /opt/airflow/dags/dags_python_task_decorator.py
[2025-11-10T12:34:54.611+0000] {logging_mixin.py:188} INFO - [2025-11-10T12:34:54.610+0000] {dag.py:3036} INFO - Sync 1 DAGs
[2025-11-10T12:34:54.639+0000] {logging_mixin.py:188} INFO - [2025-11-10T12:34:54.639+0000] {dag.py:3823} INFO - Setting next_dagrun for dags_python_task_Decorator to 2025-11-09 17:00:00+00:00, run_after=2025-11-16 17:00:00+00:00
[2025-11-10T12:34:54.675+0000] {processor.py:183} INFO - Processing /opt/airflow/dags/dags_python_task_decorator.py took 0.129 seconds
[2025-11-10T12:35:24.759+0000] {processor.py:161} INFO - Started process (PID=33532) to work on /opt/airflow/dags/dags_python_task_decorator.py
[2025-11-10T12:35:24.761+0000] {processor.py:830} INFO - Processing file /opt/airflow/dags/dags_python_task_decorator.py for tasks to queue
[2025-11-10T12:35:24.762+0000] {logging_mixin.py:188} INFO - [2025-11-10T12:35:24.762+0000] {dagbag.py:538} INFO - Filling up the DagBag from /opt/airflow/dags/dags_python_task_decorator.py
[2025-11-10T12:35:24.789+0000] {processor.py:840} INFO - DAG(s) 'dags_python_task_Decorator' retrieved from /opt/airflow/dags/dags_python_task_decorator.py
[2025-11-10T12:35:24.816+0000] {logging_mixin.py:188} INFO - [2025-11-10T12:35:24.816+0000] {dag.py:3036} INFO - Sync 1 DAGs
[2025-11-10T12:35:24.869+0000] {logging_mixin.py:188} INFO - [2025-11-10T12:35:24.869+0000] {dag.py:3823} INFO - Setting next_dagrun for dags_python_task_Decorator to 2025-11-09 17:00:00+00:00, run_after=2025-11-16 17:00:00+00:00
[2025-11-10T12:35:24.899+0000] {processor.py:183} INFO - Processing /opt/airflow/dags/dags_python_task_decorator.py took 0.145 seconds
[2025-11-10T12:35:55.324+0000] {processor.py:161} INFO - Started process (PID=33592) to work on /opt/airflow/dags/dags_python_task_decorator.py
[2025-11-10T12:35:55.325+0000] {processor.py:830} INFO - Processing file /opt/airflow/dags/dags_python_task_decorator.py for tasks to queue
[2025-11-10T12:35:55.327+0000] {logging_mixin.py:188} INFO - [2025-11-10T12:35:55.326+0000] {dagbag.py:538} INFO - Filling up the DagBag from /opt/airflow/dags/dags_python_task_decorator.py
[2025-11-10T12:35:55.351+0000] {processor.py:840} INFO - DAG(s) 'dags_python_task_Decorator' retrieved from /opt/airflow/dags/dags_python_task_decorator.py
[2025-11-10T12:35:55.376+0000] {logging_mixin.py:188} INFO - [2025-11-10T12:35:55.376+0000] {dag.py:3036} INFO - Sync 1 DAGs
[2025-11-10T12:35:55.403+0000] {logging_mixin.py:188} INFO - [2025-11-10T12:35:55.403+0000] {dag.py:3823} INFO - Setting next_dagrun for dags_python_task_Decorator to 2025-11-09 17:00:00+00:00, run_after=2025-11-16 17:00:00+00:00
[2025-11-10T12:35:55.438+0000] {processor.py:183} INFO - Processing /opt/airflow/dags/dags_python_task_decorator.py took 0.118 seconds
[2025-11-10T12:36:25.892+0000] {processor.py:161} INFO - Started process (PID=33651) to work on /opt/airflow/dags/dags_python_task_decorator.py
[2025-11-10T12:36:25.894+0000] {processor.py:830} INFO - Processing file /opt/airflow/dags/dags_python_task_decorator.py for tasks to queue
[2025-11-10T12:36:25.895+0000] {logging_mixin.py:188} INFO - [2025-11-10T12:36:25.895+0000] {dagbag.py:538} INFO - Filling up the DagBag from /opt/airflow/dags/dags_python_task_decorator.py
[2025-11-10T12:36:25.919+0000] {processor.py:840} INFO - DAG(s) 'dags_python_task_Decorator' retrieved from /opt/airflow/dags/dags_python_task_decorator.py
[2025-11-10T12:36:25.945+0000] {logging_mixin.py:188} INFO - [2025-11-10T12:36:25.944+0000] {dag.py:3036} INFO - Sync 1 DAGs
[2025-11-10T12:36:25.973+0000] {logging_mixin.py:188} INFO - [2025-11-10T12:36:25.972+0000] {dag.py:3823} INFO - Setting next_dagrun for dags_python_task_Decorator to 2025-11-09 17:00:00+00:00, run_after=2025-11-16 17:00:00+00:00
[2025-11-10T12:36:26.008+0000] {processor.py:183} INFO - Processing /opt/airflow/dags/dags_python_task_decorator.py took 0.120 seconds
[2025-11-10T12:36:56.975+0000] {processor.py:161} INFO - Started process (PID=33711) to work on /opt/airflow/dags/dags_python_task_decorator.py
[2025-11-10T12:36:56.977+0000] {processor.py:830} INFO - Processing file /opt/airflow/dags/dags_python_task_decorator.py for tasks to queue
[2025-11-10T12:36:56.979+0000] {logging_mixin.py:188} INFO - [2025-11-10T12:36:56.978+0000] {dagbag.py:538} INFO - Filling up the DagBag from /opt/airflow/dags/dags_python_task_decorator.py
[2025-11-10T12:36:57.008+0000] {processor.py:840} INFO - DAG(s) 'dags_python_task_Decorator' retrieved from /opt/airflow/dags/dags_python_task_decorator.py
[2025-11-10T12:36:57.042+0000] {logging_mixin.py:188} INFO - [2025-11-10T12:36:57.042+0000] {dag.py:3036} INFO - Sync 1 DAGs
[2025-11-10T12:36:57.078+0000] {logging_mixin.py:188} INFO - [2025-11-10T12:36:57.077+0000] {dag.py:3823} INFO - Setting next_dagrun for dags_python_task_Decorator to 2025-11-09 17:00:00+00:00, run_after=2025-11-16 17:00:00+00:00
[2025-11-10T12:36:57.112+0000] {processor.py:183} INFO - Processing /opt/airflow/dags/dags_python_task_decorator.py took 0.142 seconds
[2025-11-10T12:37:27.789+0000] {processor.py:161} INFO - Started process (PID=33771) to work on /opt/airflow/dags/dags_python_task_decorator.py
[2025-11-10T12:37:27.792+0000] {processor.py:830} INFO - Processing file /opt/airflow/dags/dags_python_task_decorator.py for tasks to queue
[2025-11-10T12:37:27.796+0000] {logging_mixin.py:188} INFO - [2025-11-10T12:37:27.795+0000] {dagbag.py:538} INFO - Filling up the DagBag from /opt/airflow/dags/dags_python_task_decorator.py
[2025-11-10T12:37:27.862+0000] {processor.py:840} INFO - DAG(s) 'dags_python_task_Decorator' retrieved from /opt/airflow/dags/dags_python_task_decorator.py
[2025-11-10T12:37:27.925+0000] {logging_mixin.py:188} INFO - [2025-11-10T12:37:27.925+0000] {dag.py:3036} INFO - Sync 1 DAGs
[2025-11-10T12:37:27.990+0000] {logging_mixin.py:188} INFO - [2025-11-10T12:37:27.989+0000] {dag.py:3823} INFO - Setting next_dagrun for dags_python_task_Decorator to 2025-11-09 17:00:00+00:00, run_after=2025-11-16 17:00:00+00:00
[2025-11-10T12:37:28.059+0000] {processor.py:183} INFO - Processing /opt/airflow/dags/dags_python_task_decorator.py took 0.283 seconds
[2025-11-10T12:37:59.008+0000] {processor.py:161} INFO - Started process (PID=33830) to work on /opt/airflow/dags/dags_python_task_decorator.py
[2025-11-10T12:37:59.009+0000] {processor.py:830} INFO - Processing file /opt/airflow/dags/dags_python_task_decorator.py for tasks to queue
[2025-11-10T12:37:59.011+0000] {logging_mixin.py:188} INFO - [2025-11-10T12:37:59.011+0000] {dagbag.py:538} INFO - Filling up the DagBag from /opt/airflow/dags/dags_python_task_decorator.py
[2025-11-10T12:37:59.035+0000] {processor.py:840} INFO - DAG(s) 'dags_python_task_Decorator' retrieved from /opt/airflow/dags/dags_python_task_decorator.py
[2025-11-10T12:37:59.061+0000] {logging_mixin.py:188} INFO - [2025-11-10T12:37:59.060+0000] {dag.py:3036} INFO - Sync 1 DAGs
[2025-11-10T12:37:59.094+0000] {logging_mixin.py:188} INFO - [2025-11-10T12:37:59.094+0000] {dag.py:3823} INFO - Setting next_dagrun for dags_python_task_Decorator to 2025-11-09 17:00:00+00:00, run_after=2025-11-16 17:00:00+00:00
[2025-11-10T12:37:59.130+0000] {processor.py:183} INFO - Processing /opt/airflow/dags/dags_python_task_decorator.py took 0.127 seconds
[2025-11-10T12:38:29.840+0000] {processor.py:161} INFO - Started process (PID=33889) to work on /opt/airflow/dags/dags_python_task_decorator.py
[2025-11-10T12:38:29.842+0000] {processor.py:830} INFO - Processing file /opt/airflow/dags/dags_python_task_decorator.py for tasks to queue
[2025-11-10T12:38:29.843+0000] {logging_mixin.py:188} INFO - [2025-11-10T12:38:29.843+0000] {dagbag.py:538} INFO - Filling up the DagBag from /opt/airflow/dags/dags_python_task_decorator.py
[2025-11-10T12:38:29.865+0000] {processor.py:840} INFO - DAG(s) 'dags_python_task_Decorator' retrieved from /opt/airflow/dags/dags_python_task_decorator.py
[2025-11-10T12:38:29.890+0000] {logging_mixin.py:188} INFO - [2025-11-10T12:38:29.890+0000] {dag.py:3036} INFO - Sync 1 DAGs
[2025-11-10T12:38:29.917+0000] {logging_mixin.py:188} INFO - [2025-11-10T12:38:29.917+0000] {dag.py:3823} INFO - Setting next_dagrun for dags_python_task_Decorator to 2025-11-09 17:00:00+00:00, run_after=2025-11-16 17:00:00+00:00
[2025-11-10T12:38:29.952+0000] {processor.py:183} INFO - Processing /opt/airflow/dags/dags_python_task_decorator.py took 0.117 seconds
[2025-11-10T12:39:00.198+0000] {processor.py:161} INFO - Started process (PID=33948) to work on /opt/airflow/dags/dags_python_task_decorator.py
[2025-11-10T12:39:00.199+0000] {processor.py:830} INFO - Processing file /opt/airflow/dags/dags_python_task_decorator.py for tasks to queue
[2025-11-10T12:39:00.201+0000] {logging_mixin.py:188} INFO - [2025-11-10T12:39:00.200+0000] {dagbag.py:538} INFO - Filling up the DagBag from /opt/airflow/dags/dags_python_task_decorator.py
[2025-11-10T12:39:00.222+0000] {processor.py:840} INFO - DAG(s) 'dags_python_task_Decorator' retrieved from /opt/airflow/dags/dags_python_task_decorator.py
[2025-11-10T12:39:00.248+0000] {logging_mixin.py:188} INFO - [2025-11-10T12:39:00.247+0000] {dag.py:3036} INFO - Sync 1 DAGs
[2025-11-10T12:39:00.276+0000] {logging_mixin.py:188} INFO - [2025-11-10T12:39:00.276+0000] {dag.py:3823} INFO - Setting next_dagrun for dags_python_task_Decorator to 2025-11-09 17:00:00+00:00, run_after=2025-11-16 17:00:00+00:00
[2025-11-10T12:39:00.311+0000] {processor.py:183} INFO - Processing /opt/airflow/dags/dags_python_task_decorator.py took 0.118 seconds
[2025-11-10T12:39:30.762+0000] {processor.py:161} INFO - Started process (PID=34007) to work on /opt/airflow/dags/dags_python_task_decorator.py
[2025-11-10T12:39:30.763+0000] {processor.py:830} INFO - Processing file /opt/airflow/dags/dags_python_task_decorator.py for tasks to queue
[2025-11-10T12:39:30.765+0000] {logging_mixin.py:188} INFO - [2025-11-10T12:39:30.764+0000] {dagbag.py:538} INFO - Filling up the DagBag from /opt/airflow/dags/dags_python_task_decorator.py
[2025-11-10T12:39:30.789+0000] {processor.py:840} INFO - DAG(s) 'dags_python_task_Decorator' retrieved from /opt/airflow/dags/dags_python_task_decorator.py
[2025-11-10T12:39:30.816+0000] {logging_mixin.py:188} INFO - [2025-11-10T12:39:30.816+0000] {dag.py:3036} INFO - Sync 1 DAGs
[2025-11-10T12:39:30.846+0000] {logging_mixin.py:188} INFO - [2025-11-10T12:39:30.846+0000] {dag.py:3823} INFO - Setting next_dagrun for dags_python_task_Decorator to 2025-11-09 17:00:00+00:00, run_after=2025-11-16 17:00:00+00:00
[2025-11-10T12:39:30.881+0000] {processor.py:183} INFO - Processing /opt/airflow/dags/dags_python_task_decorator.py took 0.124 seconds
[2025-11-10T12:40:01.806+0000] {processor.py:161} INFO - Started process (PID=34066) to work on /opt/airflow/dags/dags_python_task_decorator.py
[2025-11-10T12:40:01.807+0000] {processor.py:830} INFO - Processing file /opt/airflow/dags/dags_python_task_decorator.py for tasks to queue
[2025-11-10T12:40:01.810+0000] {logging_mixin.py:188} INFO - [2025-11-10T12:40:01.809+0000] {dagbag.py:538} INFO - Filling up the DagBag from /opt/airflow/dags/dags_python_task_decorator.py
[2025-11-10T12:40:01.837+0000] {processor.py:840} INFO - DAG(s) 'dags_python_task_Decorator' retrieved from /opt/airflow/dags/dags_python_task_decorator.py
[2025-11-10T12:40:01.864+0000] {logging_mixin.py:188} INFO - [2025-11-10T12:40:01.864+0000] {dag.py:3036} INFO - Sync 1 DAGs
[2025-11-10T12:40:01.890+0000] {logging_mixin.py:188} INFO - [2025-11-10T12:40:01.890+0000] {dag.py:3823} INFO - Setting next_dagrun for dags_python_task_Decorator to 2025-11-09 17:00:00+00:00, run_after=2025-11-16 17:00:00+00:00
[2025-11-10T12:40:01.916+0000] {processor.py:183} INFO - Processing /opt/airflow/dags/dags_python_task_decorator.py took 0.116 seconds
[2025-11-10T12:40:32.391+0000] {processor.py:161} INFO - Started process (PID=34125) to work on /opt/airflow/dags/dags_python_task_decorator.py
[2025-11-10T12:40:32.393+0000] {processor.py:830} INFO - Processing file /opt/airflow/dags/dags_python_task_decorator.py for tasks to queue
[2025-11-10T12:40:32.395+0000] {logging_mixin.py:188} INFO - [2025-11-10T12:40:32.394+0000] {dagbag.py:538} INFO - Filling up the DagBag from /opt/airflow/dags/dags_python_task_decorator.py
[2025-11-10T12:40:32.418+0000] {processor.py:840} INFO - DAG(s) 'dags_python_task_Decorator' retrieved from /opt/airflow/dags/dags_python_task_decorator.py
[2025-11-10T12:40:32.444+0000] {logging_mixin.py:188} INFO - [2025-11-10T12:40:32.444+0000] {dag.py:3036} INFO - Sync 1 DAGs
[2025-11-10T12:40:32.471+0000] {logging_mixin.py:188} INFO - [2025-11-10T12:40:32.471+0000] {dag.py:3823} INFO - Setting next_dagrun for dags_python_task_Decorator to 2025-11-09 17:00:00+00:00, run_after=2025-11-16 17:00:00+00:00
[2025-11-10T12:40:32.506+0000] {processor.py:183} INFO - Processing /opt/airflow/dags/dags_python_task_decorator.py took 0.119 seconds
[2025-11-10T12:41:02.926+0000] {processor.py:161} INFO - Started process (PID=34184) to work on /opt/airflow/dags/dags_python_task_decorator.py
[2025-11-10T12:41:02.928+0000] {processor.py:830} INFO - Processing file /opt/airflow/dags/dags_python_task_decorator.py for tasks to queue
[2025-11-10T12:41:02.929+0000] {logging_mixin.py:188} INFO - [2025-11-10T12:41:02.929+0000] {dagbag.py:538} INFO - Filling up the DagBag from /opt/airflow/dags/dags_python_task_decorator.py
[2025-11-10T12:41:02.955+0000] {processor.py:840} INFO - DAG(s) 'dags_python_task_Decorator' retrieved from /opt/airflow/dags/dags_python_task_decorator.py
[2025-11-10T12:41:02.983+0000] {logging_mixin.py:188} INFO - [2025-11-10T12:41:02.983+0000] {dag.py:3036} INFO - Sync 1 DAGs
[2025-11-10T12:41:03.016+0000] {logging_mixin.py:188} INFO - [2025-11-10T12:41:03.015+0000] {dag.py:3823} INFO - Setting next_dagrun for dags_python_task_Decorator to 2025-11-09 17:00:00+00:00, run_after=2025-11-16 17:00:00+00:00
[2025-11-10T12:41:03.054+0000] {processor.py:183} INFO - Processing /opt/airflow/dags/dags_python_task_decorator.py took 0.132 seconds
[2025-11-10T12:41:34.088+0000] {processor.py:161} INFO - Started process (PID=34243) to work on /opt/airflow/dags/dags_python_task_decorator.py
[2025-11-10T12:41:34.089+0000] {processor.py:830} INFO - Processing file /opt/airflow/dags/dags_python_task_decorator.py for tasks to queue
[2025-11-10T12:41:34.091+0000] {logging_mixin.py:188} INFO - [2025-11-10T12:41:34.091+0000] {dagbag.py:538} INFO - Filling up the DagBag from /opt/airflow/dags/dags_python_task_decorator.py
[2025-11-10T12:41:34.116+0000] {processor.py:840} INFO - DAG(s) 'dags_python_task_Decorator' retrieved from /opt/airflow/dags/dags_python_task_decorator.py
[2025-11-10T12:41:34.141+0000] {logging_mixin.py:188} INFO - [2025-11-10T12:41:34.141+0000] {dag.py:3036} INFO - Sync 1 DAGs
[2025-11-10T12:41:34.173+0000] {logging_mixin.py:188} INFO - [2025-11-10T12:41:34.173+0000] {dag.py:3823} INFO - Setting next_dagrun for dags_python_task_Decorator to 2025-11-09 17:00:00+00:00, run_after=2025-11-16 17:00:00+00:00
[2025-11-10T12:41:34.200+0000] {processor.py:183} INFO - Processing /opt/airflow/dags/dags_python_task_decorator.py took 0.118 seconds
[2025-11-10T12:42:04.842+0000] {processor.py:161} INFO - Started process (PID=34302) to work on /opt/airflow/dags/dags_python_task_decorator.py
[2025-11-10T12:42:04.844+0000] {processor.py:830} INFO - Processing file /opt/airflow/dags/dags_python_task_decorator.py for tasks to queue
[2025-11-10T12:42:04.846+0000] {logging_mixin.py:188} INFO - [2025-11-10T12:42:04.845+0000] {dagbag.py:538} INFO - Filling up the DagBag from /opt/airflow/dags/dags_python_task_decorator.py
[2025-11-10T12:42:04.882+0000] {processor.py:840} INFO - DAG(s) 'dags_python_task_Decorator' retrieved from /opt/airflow/dags/dags_python_task_decorator.py
[2025-11-10T12:42:04.928+0000] {logging_mixin.py:188} INFO - [2025-11-10T12:42:04.928+0000] {dag.py:3036} INFO - Sync 1 DAGs
[2025-11-10T12:42:04.978+0000] {logging_mixin.py:188} INFO - [2025-11-10T12:42:04.977+0000] {dag.py:3823} INFO - Setting next_dagrun for dags_python_task_Decorator to 2025-11-09 17:00:00+00:00, run_after=2025-11-16 17:00:00+00:00
[2025-11-10T12:42:05.042+0000] {processor.py:183} INFO - Processing /opt/airflow/dags/dags_python_task_decorator.py took 0.207 seconds
[2025-11-10T12:42:35.177+0000] {processor.py:161} INFO - Started process (PID=34361) to work on /opt/airflow/dags/dags_python_task_decorator.py
[2025-11-10T12:42:35.180+0000] {processor.py:830} INFO - Processing file /opt/airflow/dags/dags_python_task_decorator.py for tasks to queue
[2025-11-10T12:42:35.183+0000] {logging_mixin.py:188} INFO - [2025-11-10T12:42:35.182+0000] {dagbag.py:538} INFO - Filling up the DagBag from /opt/airflow/dags/dags_python_task_decorator.py
[2025-11-10T12:42:35.219+0000] {processor.py:840} INFO - DAG(s) 'dags_python_task_Decorator' retrieved from /opt/airflow/dags/dags_python_task_decorator.py
[2025-11-10T12:42:35.267+0000] {logging_mixin.py:188} INFO - [2025-11-10T12:42:35.266+0000] {dag.py:3036} INFO - Sync 1 DAGs
[2025-11-10T12:42:35.322+0000] {logging_mixin.py:188} INFO - [2025-11-10T12:42:35.321+0000] {dag.py:3823} INFO - Setting next_dagrun for dags_python_task_Decorator to 2025-11-09 17:00:00+00:00, run_after=2025-11-16 17:00:00+00:00
[2025-11-10T12:42:35.366+0000] {processor.py:183} INFO - Processing /opt/airflow/dags/dags_python_task_decorator.py took 0.203 seconds
[2025-11-10T12:43:05.471+0000] {processor.py:161} INFO - Started process (PID=34420) to work on /opt/airflow/dags/dags_python_task_decorator.py
[2025-11-10T12:43:05.473+0000] {processor.py:830} INFO - Processing file /opt/airflow/dags/dags_python_task_decorator.py for tasks to queue
[2025-11-10T12:43:05.474+0000] {logging_mixin.py:188} INFO - [2025-11-10T12:43:05.474+0000] {dagbag.py:538} INFO - Filling up the DagBag from /opt/airflow/dags/dags_python_task_decorator.py
[2025-11-10T12:43:05.500+0000] {processor.py:840} INFO - DAG(s) 'dags_python_task_Decorator' retrieved from /opt/airflow/dags/dags_python_task_decorator.py
[2025-11-10T12:43:05.528+0000] {logging_mixin.py:188} INFO - [2025-11-10T12:43:05.527+0000] {dag.py:3036} INFO - Sync 1 DAGs
[2025-11-10T12:43:05.557+0000] {logging_mixin.py:188} INFO - [2025-11-10T12:43:05.556+0000] {dag.py:3823} INFO - Setting next_dagrun for dags_python_task_Decorator to 2025-11-09 17:00:00+00:00, run_after=2025-11-16 17:00:00+00:00
[2025-11-10T12:43:05.595+0000] {processor.py:183} INFO - Processing /opt/airflow/dags/dags_python_task_decorator.py took 0.129 seconds
[2025-11-10T12:43:35.919+0000] {processor.py:161} INFO - Started process (PID=34479) to work on /opt/airflow/dags/dags_python_task_decorator.py
[2025-11-10T12:43:35.921+0000] {processor.py:830} INFO - Processing file /opt/airflow/dags/dags_python_task_decorator.py for tasks to queue
[2025-11-10T12:43:35.922+0000] {logging_mixin.py:188} INFO - [2025-11-10T12:43:35.922+0000] {dagbag.py:538} INFO - Filling up the DagBag from /opt/airflow/dags/dags_python_task_decorator.py
[2025-11-10T12:43:35.944+0000] {processor.py:840} INFO - DAG(s) 'dags_python_task_Decorator' retrieved from /opt/airflow/dags/dags_python_task_decorator.py
[2025-11-10T12:43:35.968+0000] {logging_mixin.py:188} INFO - [2025-11-10T12:43:35.968+0000] {dag.py:3036} INFO - Sync 1 DAGs
[2025-11-10T12:43:36.002+0000] {logging_mixin.py:188} INFO - [2025-11-10T12:43:36.001+0000] {dag.py:3823} INFO - Setting next_dagrun for dags_python_task_Decorator to 2025-11-09 17:00:00+00:00, run_after=2025-11-16 17:00:00+00:00
[2025-11-10T12:43:36.040+0000] {processor.py:183} INFO - Processing /opt/airflow/dags/dags_python_task_decorator.py took 0.125 seconds
[2025-11-10T12:44:06.119+0000] {processor.py:161} INFO - Started process (PID=34538) to work on /opt/airflow/dags/dags_python_task_decorator.py
[2025-11-10T12:44:06.121+0000] {processor.py:830} INFO - Processing file /opt/airflow/dags/dags_python_task_decorator.py for tasks to queue
[2025-11-10T12:44:06.122+0000] {logging_mixin.py:188} INFO - [2025-11-10T12:44:06.122+0000] {dagbag.py:538} INFO - Filling up the DagBag from /opt/airflow/dags/dags_python_task_decorator.py
[2025-11-10T12:44:06.150+0000] {processor.py:840} INFO - DAG(s) 'dags_python_task_Decorator' retrieved from /opt/airflow/dags/dags_python_task_decorator.py
[2025-11-10T12:44:06.180+0000] {logging_mixin.py:188} INFO - [2025-11-10T12:44:06.180+0000] {dag.py:3036} INFO - Sync 1 DAGs
[2025-11-10T12:44:06.214+0000] {logging_mixin.py:188} INFO - [2025-11-10T12:44:06.214+0000] {dag.py:3823} INFO - Setting next_dagrun for dags_python_task_Decorator to 2025-11-09 17:00:00+00:00, run_after=2025-11-16 17:00:00+00:00
[2025-11-10T12:44:06.255+0000] {processor.py:183} INFO - Processing /opt/airflow/dags/dags_python_task_decorator.py took 0.142 seconds
[2025-11-10T12:44:36.785+0000] {processor.py:161} INFO - Started process (PID=34597) to work on /opt/airflow/dags/dags_python_task_decorator.py
[2025-11-10T12:44:36.786+0000] {processor.py:830} INFO - Processing file /opt/airflow/dags/dags_python_task_decorator.py for tasks to queue
[2025-11-10T12:44:36.788+0000] {logging_mixin.py:188} INFO - [2025-11-10T12:44:36.787+0000] {dagbag.py:538} INFO - Filling up the DagBag from /opt/airflow/dags/dags_python_task_decorator.py
[2025-11-10T12:44:36.813+0000] {processor.py:840} INFO - DAG(s) 'dags_python_task_Decorator' retrieved from /opt/airflow/dags/dags_python_task_decorator.py
[2025-11-10T12:44:36.838+0000] {logging_mixin.py:188} INFO - [2025-11-10T12:44:36.837+0000] {dag.py:3036} INFO - Sync 1 DAGs
[2025-11-10T12:44:36.864+0000] {logging_mixin.py:188} INFO - [2025-11-10T12:44:36.864+0000] {dag.py:3823} INFO - Setting next_dagrun for dags_python_task_Decorator to 2025-11-09 17:00:00+00:00, run_after=2025-11-16 17:00:00+00:00
[2025-11-10T12:44:36.891+0000] {processor.py:183} INFO - Processing /opt/airflow/dags/dags_python_task_decorator.py took 0.111 seconds
[2025-11-10T12:45:07.538+0000] {processor.py:161} INFO - Started process (PID=34656) to work on /opt/airflow/dags/dags_python_task_decorator.py
[2025-11-10T12:45:07.540+0000] {processor.py:830} INFO - Processing file /opt/airflow/dags/dags_python_task_decorator.py for tasks to queue
[2025-11-10T12:45:07.541+0000] {logging_mixin.py:188} INFO - [2025-11-10T12:45:07.541+0000] {dagbag.py:538} INFO - Filling up the DagBag from /opt/airflow/dags/dags_python_task_decorator.py
[2025-11-10T12:45:07.569+0000] {processor.py:840} INFO - DAG(s) 'dags_python_task_Decorator' retrieved from /opt/airflow/dags/dags_python_task_decorator.py
[2025-11-10T12:45:07.606+0000] {logging_mixin.py:188} INFO - [2025-11-10T12:45:07.606+0000] {dag.py:3036} INFO - Sync 1 DAGs
[2025-11-10T12:45:07.705+0000] {logging_mixin.py:188} INFO - [2025-11-10T12:45:07.705+0000] {dag.py:3823} INFO - Setting next_dagrun for dags_python_task_Decorator to 2025-11-09 17:00:00+00:00, run_after=2025-11-16 17:00:00+00:00
[2025-11-10T12:45:07.768+0000] {processor.py:183} INFO - Processing /opt/airflow/dags/dags_python_task_decorator.py took 0.236 seconds
[2025-11-10T12:45:38.426+0000] {processor.py:161} INFO - Started process (PID=34715) to work on /opt/airflow/dags/dags_python_task_decorator.py
[2025-11-10T12:45:38.428+0000] {processor.py:830} INFO - Processing file /opt/airflow/dags/dags_python_task_decorator.py for tasks to queue
[2025-11-10T12:45:38.429+0000] {logging_mixin.py:188} INFO - [2025-11-10T12:45:38.429+0000] {dagbag.py:538} INFO - Filling up the DagBag from /opt/airflow/dags/dags_python_task_decorator.py
[2025-11-10T12:45:38.451+0000] {processor.py:840} INFO - DAG(s) 'dags_python_task_Decorator' retrieved from /opt/airflow/dags/dags_python_task_decorator.py
[2025-11-10T12:45:38.476+0000] {logging_mixin.py:188} INFO - [2025-11-10T12:45:38.475+0000] {dag.py:3036} INFO - Sync 1 DAGs
[2025-11-10T12:45:38.506+0000] {logging_mixin.py:188} INFO - [2025-11-10T12:45:38.505+0000] {dag.py:3823} INFO - Setting next_dagrun for dags_python_task_Decorator to 2025-11-09 17:00:00+00:00, run_after=2025-11-16 17:00:00+00:00
[2025-11-10T12:45:38.532+0000] {processor.py:183} INFO - Processing /opt/airflow/dags/dags_python_task_decorator.py took 0.110 seconds
[2025-11-10T12:46:09.124+0000] {processor.py:161} INFO - Started process (PID=34774) to work on /opt/airflow/dags/dags_python_task_decorator.py
[2025-11-10T12:46:09.125+0000] {processor.py:830} INFO - Processing file /opt/airflow/dags/dags_python_task_decorator.py for tasks to queue
[2025-11-10T12:46:09.127+0000] {logging_mixin.py:188} INFO - [2025-11-10T12:46:09.126+0000] {dagbag.py:538} INFO - Filling up the DagBag from /opt/airflow/dags/dags_python_task_decorator.py
[2025-11-10T12:46:09.151+0000] {processor.py:840} INFO - DAG(s) 'dags_python_task_Decorator' retrieved from /opt/airflow/dags/dags_python_task_decorator.py
[2025-11-10T12:46:09.178+0000] {logging_mixin.py:188} INFO - [2025-11-10T12:46:09.178+0000] {dag.py:3036} INFO - Sync 1 DAGs
[2025-11-10T12:46:09.209+0000] {logging_mixin.py:188} INFO - [2025-11-10T12:46:09.209+0000] {dag.py:3823} INFO - Setting next_dagrun for dags_python_task_Decorator to 2025-11-09 17:00:00+00:00, run_after=2025-11-16 17:00:00+00:00
[2025-11-10T12:46:09.235+0000] {processor.py:183} INFO - Processing /opt/airflow/dags/dags_python_task_decorator.py took 0.117 seconds
[2025-11-10T12:46:39.975+0000] {processor.py:161} INFO - Started process (PID=34833) to work on /opt/airflow/dags/dags_python_task_decorator.py
[2025-11-10T12:46:39.976+0000] {processor.py:830} INFO - Processing file /opt/airflow/dags/dags_python_task_decorator.py for tasks to queue
[2025-11-10T12:46:39.978+0000] {logging_mixin.py:188} INFO - [2025-11-10T12:46:39.978+0000] {dagbag.py:538} INFO - Filling up the DagBag from /opt/airflow/dags/dags_python_task_decorator.py
[2025-11-10T12:46:40.007+0000] {processor.py:840} INFO - DAG(s) 'dags_python_task_Decorator' retrieved from /opt/airflow/dags/dags_python_task_decorator.py
[2025-11-10T12:46:40.043+0000] {logging_mixin.py:188} INFO - [2025-11-10T12:46:40.043+0000] {dag.py:3036} INFO - Sync 1 DAGs
[2025-11-10T12:46:40.075+0000] {logging_mixin.py:188} INFO - [2025-11-10T12:46:40.075+0000] {dag.py:3823} INFO - Setting next_dagrun for dags_python_task_Decorator to 2025-11-09 17:00:00+00:00, run_after=2025-11-16 17:00:00+00:00
[2025-11-10T12:46:40.103+0000] {processor.py:183} INFO - Processing /opt/airflow/dags/dags_python_task_decorator.py took 0.136 seconds
[2025-11-10T12:47:10.213+0000] {processor.py:161} INFO - Started process (PID=34892) to work on /opt/airflow/dags/dags_python_task_decorator.py
[2025-11-10T12:47:10.215+0000] {processor.py:830} INFO - Processing file /opt/airflow/dags/dags_python_task_decorator.py for tasks to queue
[2025-11-10T12:47:10.217+0000] {logging_mixin.py:188} INFO - [2025-11-10T12:47:10.217+0000] {dagbag.py:538} INFO - Filling up the DagBag from /opt/airflow/dags/dags_python_task_decorator.py
[2025-11-10T12:47:10.241+0000] {processor.py:840} INFO - DAG(s) 'dags_python_task_Decorator' retrieved from /opt/airflow/dags/dags_python_task_decorator.py
[2025-11-10T12:47:10.268+0000] {logging_mixin.py:188} INFO - [2025-11-10T12:47:10.268+0000] {dag.py:3036} INFO - Sync 1 DAGs
[2025-11-10T12:47:10.295+0000] {logging_mixin.py:188} INFO - [2025-11-10T12:47:10.295+0000] {dag.py:3823} INFO - Setting next_dagrun for dags_python_task_Decorator to 2025-11-09 17:00:00+00:00, run_after=2025-11-16 17:00:00+00:00
[2025-11-10T12:47:10.335+0000] {processor.py:183} INFO - Processing /opt/airflow/dags/dags_python_task_decorator.py took 0.126 seconds
[2025-11-10T12:47:40.854+0000] {processor.py:161} INFO - Started process (PID=34951) to work on /opt/airflow/dags/dags_python_task_decorator.py
[2025-11-10T12:47:40.856+0000] {processor.py:830} INFO - Processing file /opt/airflow/dags/dags_python_task_decorator.py for tasks to queue
[2025-11-10T12:47:40.857+0000] {logging_mixin.py:188} INFO - [2025-11-10T12:47:40.857+0000] {dagbag.py:538} INFO - Filling up the DagBag from /opt/airflow/dags/dags_python_task_decorator.py
[2025-11-10T12:47:40.892+0000] {processor.py:840} INFO - DAG(s) 'dags_python_task_Decorator' retrieved from /opt/airflow/dags/dags_python_task_decorator.py
[2025-11-10T12:47:40.928+0000] {logging_mixin.py:188} INFO - [2025-11-10T12:47:40.928+0000] {dag.py:3036} INFO - Sync 1 DAGs
[2025-11-10T12:47:40.966+0000] {logging_mixin.py:188} INFO - [2025-11-10T12:47:40.965+0000] {dag.py:3823} INFO - Setting next_dagrun for dags_python_task_Decorator to 2025-11-09 17:00:00+00:00, run_after=2025-11-16 17:00:00+00:00
[2025-11-10T12:47:41.008+0000] {processor.py:183} INFO - Processing /opt/airflow/dags/dags_python_task_decorator.py took 0.158 seconds
[2025-11-10T12:48:11.849+0000] {processor.py:161} INFO - Started process (PID=35010) to work on /opt/airflow/dags/dags_python_task_decorator.py
[2025-11-10T12:48:11.856+0000] {processor.py:830} INFO - Processing file /opt/airflow/dags/dags_python_task_decorator.py for tasks to queue
[2025-11-10T12:48:11.860+0000] {logging_mixin.py:188} INFO - [2025-11-10T12:48:11.859+0000] {dagbag.py:538} INFO - Filling up the DagBag from /opt/airflow/dags/dags_python_task_decorator.py
[2025-11-10T12:48:11.891+0000] {processor.py:840} INFO - DAG(s) 'dags_python_task_Decorator' retrieved from /opt/airflow/dags/dags_python_task_decorator.py
[2025-11-10T12:48:11.921+0000] {logging_mixin.py:188} INFO - [2025-11-10T12:48:11.920+0000] {dag.py:3036} INFO - Sync 1 DAGs
[2025-11-10T12:48:11.954+0000] {logging_mixin.py:188} INFO - [2025-11-10T12:48:11.954+0000] {dag.py:3823} INFO - Setting next_dagrun for dags_python_task_Decorator to 2025-11-09 17:00:00+00:00, run_after=2025-11-16 17:00:00+00:00
[2025-11-10T12:48:11.989+0000] {processor.py:183} INFO - Processing /opt/airflow/dags/dags_python_task_decorator.py took 0.146 seconds
[2025-11-10T12:48:42.102+0000] {processor.py:161} INFO - Started process (PID=35069) to work on /opt/airflow/dags/dags_python_task_decorator.py
[2025-11-10T12:48:42.105+0000] {processor.py:830} INFO - Processing file /opt/airflow/dags/dags_python_task_decorator.py for tasks to queue
[2025-11-10T12:48:42.107+0000] {logging_mixin.py:188} INFO - [2025-11-10T12:48:42.106+0000] {dagbag.py:538} INFO - Filling up the DagBag from /opt/airflow/dags/dags_python_task_decorator.py
[2025-11-10T12:48:42.143+0000] {processor.py:840} INFO - DAG(s) 'dags_python_task_Decorator' retrieved from /opt/airflow/dags/dags_python_task_decorator.py
[2025-11-10T12:48:42.181+0000] {logging_mixin.py:188} INFO - [2025-11-10T12:48:42.181+0000] {dag.py:3036} INFO - Sync 1 DAGs
[2025-11-10T12:48:42.222+0000] {logging_mixin.py:188} INFO - [2025-11-10T12:48:42.222+0000] {dag.py:3823} INFO - Setting next_dagrun for dags_python_task_Decorator to 2025-11-09 17:00:00+00:00, run_after=2025-11-16 17:00:00+00:00
[2025-11-10T12:48:42.255+0000] {processor.py:183} INFO - Processing /opt/airflow/dags/dags_python_task_decorator.py took 0.160 seconds
[2025-11-10T12:49:12.659+0000] {processor.py:161} INFO - Started process (PID=35128) to work on /opt/airflow/dags/dags_python_task_decorator.py
[2025-11-10T12:49:12.661+0000] {processor.py:830} INFO - Processing file /opt/airflow/dags/dags_python_task_decorator.py for tasks to queue
[2025-11-10T12:49:12.662+0000] {logging_mixin.py:188} INFO - [2025-11-10T12:49:12.662+0000] {dagbag.py:538} INFO - Filling up the DagBag from /opt/airflow/dags/dags_python_task_decorator.py
[2025-11-10T12:49:12.692+0000] {processor.py:840} INFO - DAG(s) 'dags_python_task_Decorator' retrieved from /opt/airflow/dags/dags_python_task_decorator.py
[2025-11-10T12:49:12.725+0000] {logging_mixin.py:188} INFO - [2025-11-10T12:49:12.725+0000] {dag.py:3036} INFO - Sync 1 DAGs
[2025-11-10T12:49:12.756+0000] {logging_mixin.py:188} INFO - [2025-11-10T12:49:12.756+0000] {dag.py:3823} INFO - Setting next_dagrun for dags_python_task_Decorator to 2025-11-09 17:00:00+00:00, run_after=2025-11-16 17:00:00+00:00
[2025-11-10T12:49:12.795+0000] {processor.py:183} INFO - Processing /opt/airflow/dags/dags_python_task_decorator.py took 0.143 seconds
[2025-11-10T12:49:43.096+0000] {processor.py:161} INFO - Started process (PID=35187) to work on /opt/airflow/dags/dags_python_task_decorator.py
[2025-11-10T12:49:43.097+0000] {processor.py:830} INFO - Processing file /opt/airflow/dags/dags_python_task_decorator.py for tasks to queue
[2025-11-10T12:49:43.099+0000] {logging_mixin.py:188} INFO - [2025-11-10T12:49:43.098+0000] {dagbag.py:538} INFO - Filling up the DagBag from /opt/airflow/dags/dags_python_task_decorator.py
[2025-11-10T12:49:43.122+0000] {processor.py:840} INFO - DAG(s) 'dags_python_task_Decorator' retrieved from /opt/airflow/dags/dags_python_task_decorator.py
[2025-11-10T12:49:43.148+0000] {logging_mixin.py:188} INFO - [2025-11-10T12:49:43.148+0000] {dag.py:3036} INFO - Sync 1 DAGs
[2025-11-10T12:49:43.175+0000] {logging_mixin.py:188} INFO - [2025-11-10T12:49:43.175+0000] {dag.py:3823} INFO - Setting next_dagrun for dags_python_task_Decorator to 2025-11-09 17:00:00+00:00, run_after=2025-11-16 17:00:00+00:00
[2025-11-10T12:49:43.209+0000] {processor.py:183} INFO - Processing /opt/airflow/dags/dags_python_task_decorator.py took 0.119 seconds
[2025-11-10T12:50:13.715+0000] {processor.py:161} INFO - Started process (PID=35246) to work on /opt/airflow/dags/dags_python_task_decorator.py
[2025-11-10T12:50:13.717+0000] {processor.py:830} INFO - Processing file /opt/airflow/dags/dags_python_task_decorator.py for tasks to queue
[2025-11-10T12:50:13.718+0000] {logging_mixin.py:188} INFO - [2025-11-10T12:50:13.717+0000] {dagbag.py:538} INFO - Filling up the DagBag from /opt/airflow/dags/dags_python_task_decorator.py
[2025-11-10T12:50:13.742+0000] {processor.py:840} INFO - DAG(s) 'dags_python_task_Decorator' retrieved from /opt/airflow/dags/dags_python_task_decorator.py
[2025-11-10T12:50:13.767+0000] {logging_mixin.py:188} INFO - [2025-11-10T12:50:13.766+0000] {dag.py:3036} INFO - Sync 1 DAGs
[2025-11-10T12:50:13.793+0000] {logging_mixin.py:188} INFO - [2025-11-10T12:50:13.793+0000] {dag.py:3823} INFO - Setting next_dagrun for dags_python_task_Decorator to 2025-11-09 17:00:00+00:00, run_after=2025-11-16 17:00:00+00:00
[2025-11-10T12:50:13.826+0000] {processor.py:183} INFO - Processing /opt/airflow/dags/dags_python_task_decorator.py took 0.116 seconds
[2025-11-10T12:50:44.395+0000] {processor.py:161} INFO - Started process (PID=35305) to work on /opt/airflow/dags/dags_python_task_decorator.py
[2025-11-10T12:50:44.397+0000] {processor.py:830} INFO - Processing file /opt/airflow/dags/dags_python_task_decorator.py for tasks to queue
[2025-11-10T12:50:44.398+0000] {logging_mixin.py:188} INFO - [2025-11-10T12:50:44.398+0000] {dagbag.py:538} INFO - Filling up the DagBag from /opt/airflow/dags/dags_python_task_decorator.py
[2025-11-10T12:50:44.421+0000] {processor.py:840} INFO - DAG(s) 'dags_python_task_Decorator' retrieved from /opt/airflow/dags/dags_python_task_decorator.py
[2025-11-10T12:50:44.450+0000] {logging_mixin.py:188} INFO - [2025-11-10T12:50:44.449+0000] {dag.py:3036} INFO - Sync 1 DAGs
[2025-11-10T12:50:44.477+0000] {logging_mixin.py:188} INFO - [2025-11-10T12:50:44.477+0000] {dag.py:3823} INFO - Setting next_dagrun for dags_python_task_Decorator to 2025-11-09 17:00:00+00:00, run_after=2025-11-16 17:00:00+00:00
[2025-11-10T12:50:44.513+0000] {processor.py:183} INFO - Processing /opt/airflow/dags/dags_python_task_decorator.py took 0.123 seconds
[2025-11-10T12:51:14.597+0000] {processor.py:161} INFO - Started process (PID=35364) to work on /opt/airflow/dags/dags_python_task_decorator.py
[2025-11-10T12:51:14.598+0000] {processor.py:830} INFO - Processing file /opt/airflow/dags/dags_python_task_decorator.py for tasks to queue
[2025-11-10T12:51:14.600+0000] {logging_mixin.py:188} INFO - [2025-11-10T12:51:14.599+0000] {dagbag.py:538} INFO - Filling up the DagBag from /opt/airflow/dags/dags_python_task_decorator.py
[2025-11-10T12:51:14.626+0000] {processor.py:840} INFO - DAG(s) 'dags_python_task_Decorator' retrieved from /opt/airflow/dags/dags_python_task_decorator.py
[2025-11-10T12:51:14.657+0000] {logging_mixin.py:188} INFO - [2025-11-10T12:51:14.656+0000] {dag.py:3036} INFO - Sync 1 DAGs
[2025-11-10T12:51:14.686+0000] {logging_mixin.py:188} INFO - [2025-11-10T12:51:14.686+0000] {dag.py:3823} INFO - Setting next_dagrun for dags_python_task_Decorator to 2025-11-09 17:00:00+00:00, run_after=2025-11-16 17:00:00+00:00
[2025-11-10T12:51:14.711+0000] {processor.py:183} INFO - Processing /opt/airflow/dags/dags_python_task_decorator.py took 0.119 seconds
[2025-11-10T12:51:45.093+0000] {processor.py:161} INFO - Started process (PID=35423) to work on /opt/airflow/dags/dags_python_task_decorator.py
[2025-11-10T12:51:45.095+0000] {processor.py:830} INFO - Processing file /opt/airflow/dags/dags_python_task_decorator.py for tasks to queue
[2025-11-10T12:51:45.097+0000] {logging_mixin.py:188} INFO - [2025-11-10T12:51:45.096+0000] {dagbag.py:538} INFO - Filling up the DagBag from /opt/airflow/dags/dags_python_task_decorator.py
[2025-11-10T12:51:45.120+0000] {processor.py:840} INFO - DAG(s) 'dags_python_task_Decorator' retrieved from /opt/airflow/dags/dags_python_task_decorator.py
[2025-11-10T12:51:45.150+0000] {logging_mixin.py:188} INFO - [2025-11-10T12:51:45.149+0000] {dag.py:3036} INFO - Sync 1 DAGs
[2025-11-10T12:51:45.191+0000] {logging_mixin.py:188} INFO - [2025-11-10T12:51:45.190+0000] {dag.py:3823} INFO - Setting next_dagrun for dags_python_task_Decorator to 2025-11-09 17:00:00+00:00, run_after=2025-11-16 17:00:00+00:00
[2025-11-10T12:51:45.235+0000] {processor.py:183} INFO - Processing /opt/airflow/dags/dags_python_task_decorator.py took 0.146 seconds
[2025-11-10T12:52:15.891+0000] {processor.py:161} INFO - Started process (PID=35482) to work on /opt/airflow/dags/dags_python_task_decorator.py
[2025-11-10T12:52:15.894+0000] {processor.py:830} INFO - Processing file /opt/airflow/dags/dags_python_task_decorator.py for tasks to queue
[2025-11-10T12:52:15.896+0000] {logging_mixin.py:188} INFO - [2025-11-10T12:52:15.895+0000] {dagbag.py:538} INFO - Filling up the DagBag from /opt/airflow/dags/dags_python_task_decorator.py
[2025-11-10T12:52:15.934+0000] {processor.py:840} INFO - DAG(s) 'dags_python_task_Decorator' retrieved from /opt/airflow/dags/dags_python_task_decorator.py
[2025-11-10T12:52:15.978+0000] {logging_mixin.py:188} INFO - [2025-11-10T12:52:15.978+0000] {dag.py:3036} INFO - Sync 1 DAGs
[2025-11-10T12:52:16.028+0000] {logging_mixin.py:188} INFO - [2025-11-10T12:52:16.028+0000] {dag.py:3823} INFO - Setting next_dagrun for dags_python_task_Decorator to 2025-11-09 17:00:00+00:00, run_after=2025-11-16 17:00:00+00:00
[2025-11-10T12:52:16.071+0000] {processor.py:183} INFO - Processing /opt/airflow/dags/dags_python_task_decorator.py took 0.187 seconds
[2025-11-10T12:52:46.364+0000] {processor.py:161} INFO - Started process (PID=35541) to work on /opt/airflow/dags/dags_python_task_decorator.py
[2025-11-10T12:52:46.365+0000] {processor.py:830} INFO - Processing file /opt/airflow/dags/dags_python_task_decorator.py for tasks to queue
[2025-11-10T12:52:46.367+0000] {logging_mixin.py:188} INFO - [2025-11-10T12:52:46.366+0000] {dagbag.py:538} INFO - Filling up the DagBag from /opt/airflow/dags/dags_python_task_decorator.py
[2025-11-10T12:52:46.397+0000] {processor.py:840} INFO - DAG(s) 'dags_python_task_Decorator' retrieved from /opt/airflow/dags/dags_python_task_decorator.py
[2025-11-10T12:52:46.429+0000] {logging_mixin.py:188} INFO - [2025-11-10T12:52:46.429+0000] {dag.py:3036} INFO - Sync 1 DAGs
[2025-11-10T12:52:46.465+0000] {logging_mixin.py:188} INFO - [2025-11-10T12:52:46.465+0000] {dag.py:3823} INFO - Setting next_dagrun for dags_python_task_Decorator to 2025-11-09 17:00:00+00:00, run_after=2025-11-16 17:00:00+00:00
[2025-11-10T12:52:46.501+0000] {processor.py:183} INFO - Processing /opt/airflow/dags/dags_python_task_decorator.py took 0.142 seconds
[2025-11-10T12:53:16.668+0000] {processor.py:161} INFO - Started process (PID=35600) to work on /opt/airflow/dags/dags_python_task_decorator.py
[2025-11-10T12:53:16.669+0000] {processor.py:830} INFO - Processing file /opt/airflow/dags/dags_python_task_decorator.py for tasks to queue
[2025-11-10T12:53:16.671+0000] {logging_mixin.py:188} INFO - [2025-11-10T12:53:16.670+0000] {dagbag.py:538} INFO - Filling up the DagBag from /opt/airflow/dags/dags_python_task_decorator.py
[2025-11-10T12:53:16.694+0000] {processor.py:840} INFO - DAG(s) 'dags_python_task_Decorator' retrieved from /opt/airflow/dags/dags_python_task_decorator.py
[2025-11-10T12:53:16.723+0000] {logging_mixin.py:188} INFO - [2025-11-10T12:53:16.722+0000] {dag.py:3036} INFO - Sync 1 DAGs
[2025-11-10T12:53:16.751+0000] {logging_mixin.py:188} INFO - [2025-11-10T12:53:16.751+0000] {dag.py:3823} INFO - Setting next_dagrun for dags_python_task_Decorator to 2025-11-09 17:00:00+00:00, run_after=2025-11-16 17:00:00+00:00
[2025-11-10T12:53:16.782+0000] {processor.py:183} INFO - Processing /opt/airflow/dags/dags_python_task_decorator.py took 0.119 seconds
[2025-11-10T12:53:47.276+0000] {processor.py:161} INFO - Started process (PID=35659) to work on /opt/airflow/dags/dags_python_task_decorator.py
[2025-11-10T12:53:47.278+0000] {processor.py:830} INFO - Processing file /opt/airflow/dags/dags_python_task_decorator.py for tasks to queue
[2025-11-10T12:53:47.279+0000] {logging_mixin.py:188} INFO - [2025-11-10T12:53:47.279+0000] {dagbag.py:538} INFO - Filling up the DagBag from /opt/airflow/dags/dags_python_task_decorator.py
[2025-11-10T12:53:47.303+0000] {processor.py:840} INFO - DAG(s) 'dags_python_task_Decorator' retrieved from /opt/airflow/dags/dags_python_task_decorator.py
[2025-11-10T12:53:47.330+0000] {logging_mixin.py:188} INFO - [2025-11-10T12:53:47.330+0000] {dag.py:3036} INFO - Sync 1 DAGs
[2025-11-10T12:53:47.358+0000] {logging_mixin.py:188} INFO - [2025-11-10T12:53:47.358+0000] {dag.py:3823} INFO - Setting next_dagrun for dags_python_task_Decorator to 2025-11-09 17:00:00+00:00, run_after=2025-11-16 17:00:00+00:00
[2025-11-10T12:53:47.386+0000] {processor.py:183} INFO - Processing /opt/airflow/dags/dags_python_task_decorator.py took 0.116 seconds
[2025-11-10T12:54:17.913+0000] {processor.py:161} INFO - Started process (PID=35718) to work on /opt/airflow/dags/dags_python_task_decorator.py
[2025-11-10T12:54:17.915+0000] {processor.py:830} INFO - Processing file /opt/airflow/dags/dags_python_task_decorator.py for tasks to queue
[2025-11-10T12:54:17.918+0000] {logging_mixin.py:188} INFO - [2025-11-10T12:54:17.917+0000] {dagbag.py:538} INFO - Filling up the DagBag from /opt/airflow/dags/dags_python_task_decorator.py
[2025-11-10T12:54:17.953+0000] {processor.py:840} INFO - DAG(s) 'dags_python_task_Decorator' retrieved from /opt/airflow/dags/dags_python_task_decorator.py
[2025-11-10T12:54:17.988+0000] {logging_mixin.py:188} INFO - [2025-11-10T12:54:17.988+0000] {dag.py:3036} INFO - Sync 1 DAGs
[2025-11-10T12:54:18.029+0000] {logging_mixin.py:188} INFO - [2025-11-10T12:54:18.029+0000] {dag.py:3823} INFO - Setting next_dagrun for dags_python_task_Decorator to 2025-11-09 17:00:00+00:00, run_after=2025-11-16 17:00:00+00:00
[2025-11-10T12:54:18.066+0000] {processor.py:183} INFO - Processing /opt/airflow/dags/dags_python_task_decorator.py took 0.163 seconds
[2025-11-10T12:54:48.568+0000] {processor.py:161} INFO - Started process (PID=35777) to work on /opt/airflow/dags/dags_python_task_decorator.py
[2025-11-10T12:54:48.570+0000] {processor.py:830} INFO - Processing file /opt/airflow/dags/dags_python_task_decorator.py for tasks to queue
[2025-11-10T12:54:48.573+0000] {logging_mixin.py:188} INFO - [2025-11-10T12:54:48.572+0000] {dagbag.py:538} INFO - Filling up the DagBag from /opt/airflow/dags/dags_python_task_decorator.py
[2025-11-10T12:54:48.608+0000] {processor.py:840} INFO - DAG(s) 'dags_python_task_Decorator' retrieved from /opt/airflow/dags/dags_python_task_decorator.py
[2025-11-10T12:54:48.647+0000] {logging_mixin.py:188} INFO - [2025-11-10T12:54:48.647+0000] {dag.py:3036} INFO - Sync 1 DAGs
[2025-11-10T12:54:48.697+0000] {logging_mixin.py:188} INFO - [2025-11-10T12:54:48.697+0000] {dag.py:3823} INFO - Setting next_dagrun for dags_python_task_Decorator to 2025-11-09 17:00:00+00:00, run_after=2025-11-16 17:00:00+00:00
[2025-11-10T12:54:48.726+0000] {processor.py:183} INFO - Processing /opt/airflow/dags/dags_python_task_decorator.py took 0.165 seconds
[2025-11-10T12:55:18.888+0000] {processor.py:161} INFO - Started process (PID=35836) to work on /opt/airflow/dags/dags_python_task_decorator.py
[2025-11-10T12:55:18.889+0000] {processor.py:830} INFO - Processing file /opt/airflow/dags/dags_python_task_decorator.py for tasks to queue
[2025-11-10T12:55:18.891+0000] {logging_mixin.py:188} INFO - [2025-11-10T12:55:18.890+0000] {dagbag.py:538} INFO - Filling up the DagBag from /opt/airflow/dags/dags_python_task_decorator.py
[2025-11-10T12:55:18.911+0000] {processor.py:840} INFO - DAG(s) 'dags_python_task_Decorator' retrieved from /opt/airflow/dags/dags_python_task_decorator.py
[2025-11-10T12:55:18.936+0000] {logging_mixin.py:188} INFO - [2025-11-10T12:55:18.936+0000] {dag.py:3036} INFO - Sync 1 DAGs
[2025-11-10T12:55:18.965+0000] {logging_mixin.py:188} INFO - [2025-11-10T12:55:18.964+0000] {dag.py:3823} INFO - Setting next_dagrun for dags_python_task_Decorator to 2025-11-09 17:00:00+00:00, run_after=2025-11-16 17:00:00+00:00
[2025-11-10T12:55:19.001+0000] {processor.py:183} INFO - Processing /opt/airflow/dags/dags_python_task_decorator.py took 0.118 seconds
[2025-11-10T12:55:49.217+0000] {processor.py:161} INFO - Started process (PID=35896) to work on /opt/airflow/dags/dags_python_task_decorator.py
[2025-11-10T12:55:49.219+0000] {processor.py:830} INFO - Processing file /opt/airflow/dags/dags_python_task_decorator.py for tasks to queue
[2025-11-10T12:55:49.221+0000] {logging_mixin.py:188} INFO - [2025-11-10T12:55:49.220+0000] {dagbag.py:538} INFO - Filling up the DagBag from /opt/airflow/dags/dags_python_task_decorator.py
[2025-11-10T12:55:49.247+0000] {processor.py:840} INFO - DAG(s) 'dags_python_task_Decorator' retrieved from /opt/airflow/dags/dags_python_task_decorator.py
[2025-11-10T12:55:49.277+0000] {logging_mixin.py:188} INFO - [2025-11-10T12:55:49.277+0000] {dag.py:3036} INFO - Sync 1 DAGs
[2025-11-10T12:55:49.306+0000] {logging_mixin.py:188} INFO - [2025-11-10T12:55:49.306+0000] {dag.py:3823} INFO - Setting next_dagrun for dags_python_task_Decorator to 2025-11-09 17:00:00+00:00, run_after=2025-11-16 17:00:00+00:00
[2025-11-10T12:55:49.340+0000] {processor.py:183} INFO - Processing /opt/airflow/dags/dags_python_task_decorator.py took 0.128 seconds
[2025-11-10T12:56:19.897+0000] {processor.py:161} INFO - Started process (PID=35955) to work on /opt/airflow/dags/dags_python_task_decorator.py
[2025-11-10T12:56:19.899+0000] {processor.py:830} INFO - Processing file /opt/airflow/dags/dags_python_task_decorator.py for tasks to queue
[2025-11-10T12:56:19.901+0000] {logging_mixin.py:188} INFO - [2025-11-10T12:56:19.900+0000] {dagbag.py:538} INFO - Filling up the DagBag from /opt/airflow/dags/dags_python_task_decorator.py
[2025-11-10T12:56:19.928+0000] {processor.py:840} INFO - DAG(s) 'dags_python_task_Decorator' retrieved from /opt/airflow/dags/dags_python_task_decorator.py
[2025-11-10T12:56:19.959+0000] {logging_mixin.py:188} INFO - [2025-11-10T12:56:19.959+0000] {dag.py:3036} INFO - Sync 1 DAGs
[2025-11-10T12:56:19.990+0000] {logging_mixin.py:188} INFO - [2025-11-10T12:56:19.989+0000] {dag.py:3823} INFO - Setting next_dagrun for dags_python_task_Decorator to 2025-11-09 17:00:00+00:00, run_after=2025-11-16 17:00:00+00:00
[2025-11-10T12:56:20.026+0000] {processor.py:183} INFO - Processing /opt/airflow/dags/dags_python_task_decorator.py took 0.134 seconds
[2025-11-10T12:56:50.662+0000] {processor.py:161} INFO - Started process (PID=36014) to work on /opt/airflow/dags/dags_python_task_decorator.py
[2025-11-10T12:56:50.664+0000] {processor.py:830} INFO - Processing file /opt/airflow/dags/dags_python_task_decorator.py for tasks to queue
[2025-11-10T12:56:50.667+0000] {logging_mixin.py:188} INFO - [2025-11-10T12:56:50.666+0000] {dagbag.py:538} INFO - Filling up the DagBag from /opt/airflow/dags/dags_python_task_decorator.py
[2025-11-10T12:56:50.711+0000] {processor.py:840} INFO - DAG(s) 'dags_python_task_Decorator' retrieved from /opt/airflow/dags/dags_python_task_decorator.py
[2025-11-10T12:56:50.755+0000] {logging_mixin.py:188} INFO - [2025-11-10T12:56:50.754+0000] {dag.py:3036} INFO - Sync 1 DAGs
[2025-11-10T12:56:50.813+0000] {logging_mixin.py:188} INFO - [2025-11-10T12:56:50.812+0000] {dag.py:3823} INFO - Setting next_dagrun for dags_python_task_Decorator to 2025-11-09 17:00:00+00:00, run_after=2025-11-16 17:00:00+00:00
[2025-11-10T12:56:50.882+0000] {processor.py:183} INFO - Processing /opt/airflow/dags/dags_python_task_decorator.py took 0.226 seconds
[2025-11-10T12:57:21.133+0000] {processor.py:161} INFO - Started process (PID=36074) to work on /opt/airflow/dags/dags_python_task_decorator.py
[2025-11-10T12:57:21.135+0000] {processor.py:830} INFO - Processing file /opt/airflow/dags/dags_python_task_decorator.py for tasks to queue
[2025-11-10T12:57:21.136+0000] {logging_mixin.py:188} INFO - [2025-11-10T12:57:21.136+0000] {dagbag.py:538} INFO - Filling up the DagBag from /opt/airflow/dags/dags_python_task_decorator.py
[2025-11-10T12:57:21.166+0000] {processor.py:840} INFO - DAG(s) 'dags_python_task_Decorator' retrieved from /opt/airflow/dags/dags_python_task_decorator.py
[2025-11-10T12:57:21.191+0000] {logging_mixin.py:188} INFO - [2025-11-10T12:57:21.191+0000] {dag.py:3036} INFO - Sync 1 DAGs
[2025-11-10T12:57:21.219+0000] {logging_mixin.py:188} INFO - [2025-11-10T12:57:21.218+0000] {dag.py:3823} INFO - Setting next_dagrun for dags_python_task_Decorator to 2025-11-09 17:00:00+00:00, run_after=2025-11-16 17:00:00+00:00
[2025-11-10T12:57:21.253+0000] {processor.py:183} INFO - Processing /opt/airflow/dags/dags_python_task_decorator.py took 0.124 seconds
[2025-11-10T12:57:51.653+0000] {processor.py:161} INFO - Started process (PID=36133) to work on /opt/airflow/dags/dags_python_task_decorator.py
[2025-11-10T12:57:51.655+0000] {processor.py:830} INFO - Processing file /opt/airflow/dags/dags_python_task_decorator.py for tasks to queue
[2025-11-10T12:57:51.657+0000] {logging_mixin.py:188} INFO - [2025-11-10T12:57:51.657+0000] {dagbag.py:538} INFO - Filling up the DagBag from /opt/airflow/dags/dags_python_task_decorator.py
[2025-11-10T12:57:51.695+0000] {processor.py:840} INFO - DAG(s) 'dags_python_task_Decorator' retrieved from /opt/airflow/dags/dags_python_task_decorator.py
[2025-11-10T12:57:51.745+0000] {logging_mixin.py:188} INFO - [2025-11-10T12:57:51.744+0000] {dag.py:3036} INFO - Sync 1 DAGs
[2025-11-10T12:57:51.800+0000] {logging_mixin.py:188} INFO - [2025-11-10T12:57:51.800+0000] {dag.py:3823} INFO - Setting next_dagrun for dags_python_task_Decorator to 2025-11-09 17:00:00+00:00, run_after=2025-11-16 17:00:00+00:00
[2025-11-10T12:57:51.863+0000] {processor.py:183} INFO - Processing /opt/airflow/dags/dags_python_task_decorator.py took 0.219 seconds
[2025-11-10T12:58:22.049+0000] {processor.py:161} INFO - Started process (PID=36192) to work on /opt/airflow/dags/dags_python_task_decorator.py
[2025-11-10T12:58:22.050+0000] {processor.py:830} INFO - Processing file /opt/airflow/dags/dags_python_task_decorator.py for tasks to queue
[2025-11-10T12:58:22.052+0000] {logging_mixin.py:188} INFO - [2025-11-10T12:58:22.051+0000] {dagbag.py:538} INFO - Filling up the DagBag from /opt/airflow/dags/dags_python_task_decorator.py
[2025-11-10T12:58:22.075+0000] {processor.py:840} INFO - DAG(s) 'dags_python_task_Decorator' retrieved from /opt/airflow/dags/dags_python_task_decorator.py
[2025-11-10T12:58:22.101+0000] {logging_mixin.py:188} INFO - [2025-11-10T12:58:22.101+0000] {dag.py:3036} INFO - Sync 1 DAGs
[2025-11-10T12:58:22.131+0000] {logging_mixin.py:188} INFO - [2025-11-10T12:58:22.131+0000] {dag.py:3823} INFO - Setting next_dagrun for dags_python_task_Decorator to 2025-11-09 17:00:00+00:00, run_after=2025-11-16 17:00:00+00:00
[2025-11-10T12:58:22.160+0000] {processor.py:183} INFO - Processing /opt/airflow/dags/dags_python_task_decorator.py took 0.115 seconds
[2025-11-10T12:58:52.235+0000] {processor.py:161} INFO - Started process (PID=36251) to work on /opt/airflow/dags/dags_python_task_decorator.py
[2025-11-10T12:58:52.237+0000] {processor.py:830} INFO - Processing file /opt/airflow/dags/dags_python_task_decorator.py for tasks to queue
[2025-11-10T12:58:52.239+0000] {logging_mixin.py:188} INFO - [2025-11-10T12:58:52.238+0000] {dagbag.py:538} INFO - Filling up the DagBag from /opt/airflow/dags/dags_python_task_decorator.py
[2025-11-10T12:58:52.284+0000] {processor.py:840} INFO - DAG(s) 'dags_python_task_Decorator' retrieved from /opt/airflow/dags/dags_python_task_decorator.py
[2025-11-10T12:58:52.351+0000] {logging_mixin.py:188} INFO - [2025-11-10T12:58:52.350+0000] {dag.py:3036} INFO - Sync 1 DAGs
[2025-11-10T12:58:52.445+0000] {logging_mixin.py:188} INFO - [2025-11-10T12:58:52.444+0000] {dag.py:3823} INFO - Setting next_dagrun for dags_python_task_Decorator to 2025-11-09 17:00:00+00:00, run_after=2025-11-16 17:00:00+00:00
[2025-11-10T12:58:52.530+0000] {processor.py:183} INFO - Processing /opt/airflow/dags/dags_python_task_decorator.py took 0.301 seconds
[2025-11-10T12:59:23.590+0000] {processor.py:161} INFO - Started process (PID=36310) to work on /opt/airflow/dags/dags_python_task_decorator.py
[2025-11-10T12:59:23.592+0000] {processor.py:830} INFO - Processing file /opt/airflow/dags/dags_python_task_decorator.py for tasks to queue
[2025-11-10T12:59:23.594+0000] {logging_mixin.py:188} INFO - [2025-11-10T12:59:23.594+0000] {dagbag.py:538} INFO - Filling up the DagBag from /opt/airflow/dags/dags_python_task_decorator.py
[2025-11-10T12:59:23.617+0000] {processor.py:840} INFO - DAG(s) 'dags_python_task_Decorator' retrieved from /opt/airflow/dags/dags_python_task_decorator.py
[2025-11-10T12:59:23.643+0000] {logging_mixin.py:188} INFO - [2025-11-10T12:59:23.643+0000] {dag.py:3036} INFO - Sync 1 DAGs
[2025-11-10T12:59:23.671+0000] {logging_mixin.py:188} INFO - [2025-11-10T12:59:23.671+0000] {dag.py:3823} INFO - Setting next_dagrun for dags_python_task_Decorator to 2025-11-09 17:00:00+00:00, run_after=2025-11-16 17:00:00+00:00
[2025-11-10T12:59:23.706+0000] {processor.py:183} INFO - Processing /opt/airflow/dags/dags_python_task_decorator.py took 0.120 seconds
[2025-11-10T12:59:53.893+0000] {processor.py:161} INFO - Started process (PID=36369) to work on /opt/airflow/dags/dags_python_task_decorator.py
[2025-11-10T12:59:53.895+0000] {processor.py:830} INFO - Processing file /opt/airflow/dags/dags_python_task_decorator.py for tasks to queue
[2025-11-10T12:59:53.896+0000] {logging_mixin.py:188} INFO - [2025-11-10T12:59:53.896+0000] {dagbag.py:538} INFO - Filling up the DagBag from /opt/airflow/dags/dags_python_task_decorator.py
[2025-11-10T12:59:53.925+0000] {processor.py:840} INFO - DAG(s) 'dags_python_task_Decorator' retrieved from /opt/airflow/dags/dags_python_task_decorator.py
[2025-11-10T12:59:53.950+0000] {logging_mixin.py:188} INFO - [2025-11-10T12:59:53.949+0000] {dag.py:3036} INFO - Sync 1 DAGs
[2025-11-10T12:59:53.979+0000] {logging_mixin.py:188} INFO - [2025-11-10T12:59:53.978+0000] {dag.py:3823} INFO - Setting next_dagrun for dags_python_task_Decorator to 2025-11-09 17:00:00+00:00, run_after=2025-11-16 17:00:00+00:00
[2025-11-10T12:59:54.014+0000] {processor.py:183} INFO - Processing /opt/airflow/dags/dags_python_task_decorator.py took 0.127 seconds
[2025-11-10T13:00:24.698+0000] {processor.py:161} INFO - Started process (PID=36428) to work on /opt/airflow/dags/dags_python_task_decorator.py
[2025-11-10T13:00:24.700+0000] {processor.py:830} INFO - Processing file /opt/airflow/dags/dags_python_task_decorator.py for tasks to queue
[2025-11-10T13:00:24.702+0000] {logging_mixin.py:188} INFO - [2025-11-10T13:00:24.701+0000] {dagbag.py:538} INFO - Filling up the DagBag from /opt/airflow/dags/dags_python_task_decorator.py
[2025-11-10T13:00:24.738+0000] {processor.py:840} INFO - DAG(s) 'dags_python_task_Decorator' retrieved from /opt/airflow/dags/dags_python_task_decorator.py
[2025-11-10T13:00:24.781+0000] {logging_mixin.py:188} INFO - [2025-11-10T13:00:24.780+0000] {dag.py:3036} INFO - Sync 1 DAGs
[2025-11-10T13:00:24.828+0000] {logging_mixin.py:188} INFO - [2025-11-10T13:00:24.828+0000] {dag.py:3823} INFO - Setting next_dagrun for dags_python_task_Decorator to 2025-11-09 17:00:00+00:00, run_after=2025-11-16 17:00:00+00:00
[2025-11-10T13:00:24.888+0000] {processor.py:183} INFO - Processing /opt/airflow/dags/dags_python_task_decorator.py took 0.197 seconds
[2025-11-10T13:00:55.097+0000] {processor.py:161} INFO - Started process (PID=36488) to work on /opt/airflow/dags/dags_python_task_decorator.py
[2025-11-10T13:00:55.098+0000] {processor.py:830} INFO - Processing file /opt/airflow/dags/dags_python_task_decorator.py for tasks to queue
[2025-11-10T13:00:55.100+0000] {logging_mixin.py:188} INFO - [2025-11-10T13:00:55.099+0000] {dagbag.py:538} INFO - Filling up the DagBag from /opt/airflow/dags/dags_python_task_decorator.py
[2025-11-10T13:00:55.121+0000] {processor.py:840} INFO - DAG(s) 'dags_python_task_Decorator' retrieved from /opt/airflow/dags/dags_python_task_decorator.py
[2025-11-10T13:00:55.146+0000] {logging_mixin.py:188} INFO - [2025-11-10T13:00:55.145+0000] {dag.py:3036} INFO - Sync 1 DAGs
[2025-11-10T13:00:55.175+0000] {logging_mixin.py:188} INFO - [2025-11-10T13:00:55.174+0000] {dag.py:3823} INFO - Setting next_dagrun for dags_python_task_Decorator to 2025-11-09 17:00:00+00:00, run_after=2025-11-16 17:00:00+00:00
[2025-11-10T13:00:55.202+0000] {processor.py:183} INFO - Processing /opt/airflow/dags/dags_python_task_decorator.py took 0.109 seconds
[2025-11-10T13:01:25.440+0000] {processor.py:161} INFO - Started process (PID=36548) to work on /opt/airflow/dags/dags_python_task_decorator.py
[2025-11-10T13:01:25.442+0000] {processor.py:830} INFO - Processing file /opt/airflow/dags/dags_python_task_decorator.py for tasks to queue
[2025-11-10T13:01:25.446+0000] {logging_mixin.py:188} INFO - [2025-11-10T13:01:25.445+0000] {dagbag.py:538} INFO - Filling up the DagBag from /opt/airflow/dags/dags_python_task_decorator.py
[2025-11-10T13:01:25.503+0000] {processor.py:840} INFO - DAG(s) 'dags_python_task_Decorator' retrieved from /opt/airflow/dags/dags_python_task_decorator.py
[2025-11-10T13:01:25.552+0000] {logging_mixin.py:188} INFO - [2025-11-10T13:01:25.552+0000] {dag.py:3036} INFO - Sync 1 DAGs
[2025-11-10T13:01:25.593+0000] {logging_mixin.py:188} INFO - [2025-11-10T13:01:25.593+0000] {dag.py:3823} INFO - Setting next_dagrun for dags_python_task_Decorator to 2025-11-09 17:00:00+00:00, run_after=2025-11-16 17:00:00+00:00
[2025-11-10T13:01:25.632+0000] {processor.py:183} INFO - Processing /opt/airflow/dags/dags_python_task_decorator.py took 0.201 seconds
[2025-11-10T13:01:56.029+0000] {processor.py:161} INFO - Started process (PID=36607) to work on /opt/airflow/dags/dags_python_task_decorator.py
[2025-11-10T13:01:56.030+0000] {processor.py:830} INFO - Processing file /opt/airflow/dags/dags_python_task_decorator.py for tasks to queue
[2025-11-10T13:01:56.032+0000] {logging_mixin.py:188} INFO - [2025-11-10T13:01:56.031+0000] {dagbag.py:538} INFO - Filling up the DagBag from /opt/airflow/dags/dags_python_task_decorator.py
[2025-11-10T13:01:56.060+0000] {processor.py:840} INFO - DAG(s) 'dags_python_task_Decorator' retrieved from /opt/airflow/dags/dags_python_task_decorator.py
[2025-11-10T13:01:56.090+0000] {logging_mixin.py:188} INFO - [2025-11-10T13:01:56.089+0000] {dag.py:3036} INFO - Sync 1 DAGs
[2025-11-10T13:01:56.121+0000] {logging_mixin.py:188} INFO - [2025-11-10T13:01:56.121+0000] {dag.py:3823} INFO - Setting next_dagrun for dags_python_task_Decorator to 2025-11-09 17:00:00+00:00, run_after=2025-11-16 17:00:00+00:00
[2025-11-10T13:01:56.159+0000] {processor.py:183} INFO - Processing /opt/airflow/dags/dags_python_task_decorator.py took 0.136 seconds
[2025-11-10T13:02:26.267+0000] {processor.py:161} INFO - Started process (PID=36666) to work on /opt/airflow/dags/dags_python_task_decorator.py
[2025-11-10T13:02:26.269+0000] {processor.py:830} INFO - Processing file /opt/airflow/dags/dags_python_task_decorator.py for tasks to queue
[2025-11-10T13:02:26.271+0000] {logging_mixin.py:188} INFO - [2025-11-10T13:02:26.271+0000] {dagbag.py:538} INFO - Filling up the DagBag from /opt/airflow/dags/dags_python_task_decorator.py
[2025-11-10T13:02:26.302+0000] {processor.py:840} INFO - DAG(s) 'dags_python_task_Decorator' retrieved from /opt/airflow/dags/dags_python_task_decorator.py
[2025-11-10T13:02:26.341+0000] {logging_mixin.py:188} INFO - [2025-11-10T13:02:26.341+0000] {dag.py:3036} INFO - Sync 1 DAGs
[2025-11-10T13:02:26.388+0000] {logging_mixin.py:188} INFO - [2025-11-10T13:02:26.387+0000] {dag.py:3823} INFO - Setting next_dagrun for dags_python_task_Decorator to 2025-11-09 17:00:00+00:00, run_after=2025-11-16 17:00:00+00:00
[2025-11-10T13:02:26.432+0000] {processor.py:183} INFO - Processing /opt/airflow/dags/dags_python_task_decorator.py took 0.172 seconds
[2025-11-10T13:02:56.707+0000] {processor.py:161} INFO - Started process (PID=36723) to work on /opt/airflow/dags/dags_python_task_decorator.py
[2025-11-10T13:02:56.709+0000] {processor.py:830} INFO - Processing file /opt/airflow/dags/dags_python_task_decorator.py for tasks to queue
[2025-11-10T13:02:56.710+0000] {logging_mixin.py:188} INFO - [2025-11-10T13:02:56.710+0000] {dagbag.py:538} INFO - Filling up the DagBag from /opt/airflow/dags/dags_python_task_decorator.py
[2025-11-10T13:02:56.733+0000] {processor.py:840} INFO - DAG(s) 'dags_python_task_Decorator' retrieved from /opt/airflow/dags/dags_python_task_decorator.py
[2025-11-10T13:02:56.760+0000] {logging_mixin.py:188} INFO - [2025-11-10T13:02:56.759+0000] {dag.py:3036} INFO - Sync 1 DAGs
[2025-11-10T13:02:56.786+0000] {logging_mixin.py:188} INFO - [2025-11-10T13:02:56.786+0000] {dag.py:3823} INFO - Setting next_dagrun for dags_python_task_Decorator to 2025-11-09 17:00:00+00:00, run_after=2025-11-16 17:00:00+00:00
[2025-11-10T13:02:56.815+0000] {processor.py:183} INFO - Processing /opt/airflow/dags/dags_python_task_decorator.py took 0.113 seconds
[2025-11-10T13:03:27.143+0000] {processor.py:161} INFO - Started process (PID=36782) to work on /opt/airflow/dags/dags_python_task_decorator.py
[2025-11-10T13:03:27.145+0000] {processor.py:830} INFO - Processing file /opt/airflow/dags/dags_python_task_decorator.py for tasks to queue
[2025-11-10T13:03:27.147+0000] {logging_mixin.py:188} INFO - [2025-11-10T13:03:27.147+0000] {dagbag.py:538} INFO - Filling up the DagBag from /opt/airflow/dags/dags_python_task_decorator.py
[2025-11-10T13:03:27.171+0000] {processor.py:840} INFO - DAG(s) 'dags_python_task_Decorator' retrieved from /opt/airflow/dags/dags_python_task_decorator.py
[2025-11-10T13:03:27.199+0000] {logging_mixin.py:188} INFO - [2025-11-10T13:03:27.198+0000] {dag.py:3036} INFO - Sync 1 DAGs
[2025-11-10T13:03:27.230+0000] {logging_mixin.py:188} INFO - [2025-11-10T13:03:27.229+0000] {dag.py:3823} INFO - Setting next_dagrun for dags_python_task_Decorator to 2025-11-09 17:00:00+00:00, run_after=2025-11-16 17:00:00+00:00
[2025-11-10T13:03:27.257+0000] {processor.py:183} INFO - Processing /opt/airflow/dags/dags_python_task_decorator.py took 0.119 seconds
[2025-11-10T13:03:57.817+0000] {processor.py:161} INFO - Started process (PID=36848) to work on /opt/airflow/dags/dags_python_task_decorator.py
[2025-11-10T13:03:57.819+0000] {processor.py:830} INFO - Processing file /opt/airflow/dags/dags_python_task_decorator.py for tasks to queue
[2025-11-10T13:03:57.821+0000] {logging_mixin.py:188} INFO - [2025-11-10T13:03:57.821+0000] {dagbag.py:538} INFO - Filling up the DagBag from /opt/airflow/dags/dags_python_task_decorator.py
[2025-11-10T13:03:57.855+0000] {processor.py:840} INFO - DAG(s) 'dags_python_task_Decorator' retrieved from /opt/airflow/dags/dags_python_task_decorator.py
[2025-11-10T13:03:57.885+0000] {logging_mixin.py:188} INFO - [2025-11-10T13:03:57.885+0000] {dag.py:3036} INFO - Sync 1 DAGs
[2025-11-10T13:03:57.918+0000] {logging_mixin.py:188} INFO - [2025-11-10T13:03:57.917+0000] {dag.py:3823} INFO - Setting next_dagrun for dags_python_task_Decorator to 2025-11-09 17:00:00+00:00, run_after=2025-11-16 17:00:00+00:00
[2025-11-10T13:03:57.952+0000] {processor.py:183} INFO - Processing /opt/airflow/dags/dags_python_task_decorator.py took 0.143 seconds
[2025-11-10T13:04:28.230+0000] {processor.py:161} INFO - Started process (PID=36907) to work on /opt/airflow/dags/dags_python_task_decorator.py
[2025-11-10T13:04:28.232+0000] {processor.py:830} INFO - Processing file /opt/airflow/dags/dags_python_task_decorator.py for tasks to queue
[2025-11-10T13:04:28.234+0000] {logging_mixin.py:188} INFO - [2025-11-10T13:04:28.233+0000] {dagbag.py:538} INFO - Filling up the DagBag from /opt/airflow/dags/dags_python_task_decorator.py
[2025-11-10T13:04:28.258+0000] {processor.py:840} INFO - DAG(s) 'dags_python_task_Decorator' retrieved from /opt/airflow/dags/dags_python_task_decorator.py
[2025-11-10T13:04:28.285+0000] {logging_mixin.py:188} INFO - [2025-11-10T13:04:28.284+0000] {dag.py:3036} INFO - Sync 1 DAGs
[2025-11-10T13:04:28.317+0000] {logging_mixin.py:188} INFO - [2025-11-10T13:04:28.316+0000] {dag.py:3823} INFO - Setting next_dagrun for dags_python_task_Decorator to 2025-11-09 17:00:00+00:00, run_after=2025-11-16 17:00:00+00:00
[2025-11-10T13:04:28.346+0000] {processor.py:183} INFO - Processing /opt/airflow/dags/dags_python_task_decorator.py took 0.121 seconds
[2025-11-10T13:04:58.692+0000] {processor.py:161} INFO - Started process (PID=36966) to work on /opt/airflow/dags/dags_python_task_decorator.py
[2025-11-10T13:04:58.697+0000] {processor.py:830} INFO - Processing file /opt/airflow/dags/dags_python_task_decorator.py for tasks to queue
[2025-11-10T13:04:58.703+0000] {logging_mixin.py:188} INFO - [2025-11-10T13:04:58.702+0000] {dagbag.py:538} INFO - Filling up the DagBag from /opt/airflow/dags/dags_python_task_decorator.py
[2025-11-10T13:04:58.742+0000] {processor.py:840} INFO - DAG(s) 'dags_python_task_Decorator' retrieved from /opt/airflow/dags/dags_python_task_decorator.py
[2025-11-10T13:04:58.805+0000] {logging_mixin.py:188} INFO - [2025-11-10T13:04:58.804+0000] {dag.py:3036} INFO - Sync 1 DAGs
[2025-11-10T13:04:58.865+0000] {logging_mixin.py:188} INFO - [2025-11-10T13:04:58.864+0000] {dag.py:3823} INFO - Setting next_dagrun for dags_python_task_Decorator to 2025-11-09 17:00:00+00:00, run_after=2025-11-16 17:00:00+00:00
[2025-11-10T13:04:58.898+0000] {processor.py:183} INFO - Processing /opt/airflow/dags/dags_python_task_decorator.py took 0.213 seconds
[2025-11-10T13:05:29.428+0000] {processor.py:161} INFO - Started process (PID=37026) to work on /opt/airflow/dags/dags_python_task_decorator.py
[2025-11-10T13:05:29.429+0000] {processor.py:830} INFO - Processing file /opt/airflow/dags/dags_python_task_decorator.py for tasks to queue
[2025-11-10T13:05:29.431+0000] {logging_mixin.py:188} INFO - [2025-11-10T13:05:29.430+0000] {dagbag.py:538} INFO - Filling up the DagBag from /opt/airflow/dags/dags_python_task_decorator.py
[2025-11-10T13:05:29.454+0000] {processor.py:840} INFO - DAG(s) 'dags_python_task_Decorator' retrieved from /opt/airflow/dags/dags_python_task_decorator.py
[2025-11-10T13:05:29.479+0000] {logging_mixin.py:188} INFO - [2025-11-10T13:05:29.478+0000] {dag.py:3036} INFO - Sync 1 DAGs
[2025-11-10T13:05:29.507+0000] {logging_mixin.py:188} INFO - [2025-11-10T13:05:29.506+0000] {dag.py:3823} INFO - Setting next_dagrun for dags_python_task_Decorator to 2025-11-09 17:00:00+00:00, run_after=2025-11-16 17:00:00+00:00
[2025-11-10T13:05:29.534+0000] {processor.py:183} INFO - Processing /opt/airflow/dags/dags_python_task_decorator.py took 0.112 seconds
[2025-11-10T13:05:59.775+0000] {processor.py:161} INFO - Started process (PID=37085) to work on /opt/airflow/dags/dags_python_task_decorator.py
[2025-11-10T13:05:59.777+0000] {processor.py:830} INFO - Processing file /opt/airflow/dags/dags_python_task_decorator.py for tasks to queue
[2025-11-10T13:05:59.778+0000] {logging_mixin.py:188} INFO - [2025-11-10T13:05:59.778+0000] {dagbag.py:538} INFO - Filling up the DagBag from /opt/airflow/dags/dags_python_task_decorator.py
[2025-11-10T13:05:59.803+0000] {processor.py:840} INFO - DAG(s) 'dags_python_task_Decorator' retrieved from /opt/airflow/dags/dags_python_task_decorator.py
[2025-11-10T13:05:59.830+0000] {logging_mixin.py:188} INFO - [2025-11-10T13:05:59.829+0000] {dag.py:3036} INFO - Sync 1 DAGs
[2025-11-10T13:05:59.860+0000] {logging_mixin.py:188} INFO - [2025-11-10T13:05:59.860+0000] {dag.py:3823} INFO - Setting next_dagrun for dags_python_task_Decorator to 2025-11-09 17:00:00+00:00, run_after=2025-11-16 17:00:00+00:00
[2025-11-10T13:05:59.897+0000] {processor.py:183} INFO - Processing /opt/airflow/dags/dags_python_task_decorator.py took 0.128 seconds
[2025-11-10T13:06:29.960+0000] {processor.py:161} INFO - Started process (PID=37144) to work on /opt/airflow/dags/dags_python_task_decorator.py
[2025-11-10T13:06:29.962+0000] {processor.py:830} INFO - Processing file /opt/airflow/dags/dags_python_task_decorator.py for tasks to queue
[2025-11-10T13:06:29.963+0000] {logging_mixin.py:188} INFO - [2025-11-10T13:06:29.963+0000] {dagbag.py:538} INFO - Filling up the DagBag from /opt/airflow/dags/dags_python_task_decorator.py
[2025-11-10T13:06:29.992+0000] {processor.py:840} INFO - DAG(s) 'dags_python_task_Decorator' retrieved from /opt/airflow/dags/dags_python_task_decorator.py
[2025-11-10T13:06:30.022+0000] {logging_mixin.py:188} INFO - [2025-11-10T13:06:30.022+0000] {dag.py:3036} INFO - Sync 1 DAGs
[2025-11-10T13:06:30.057+0000] {logging_mixin.py:188} INFO - [2025-11-10T13:06:30.057+0000] {dag.py:3823} INFO - Setting next_dagrun for dags_python_task_Decorator to 2025-11-09 17:00:00+00:00, run_after=2025-11-16 17:00:00+00:00
[2025-11-10T13:06:30.104+0000] {processor.py:183} INFO - Processing /opt/airflow/dags/dags_python_task_decorator.py took 0.149 seconds
[2025-11-10T13:07:00.400+0000] {processor.py:161} INFO - Started process (PID=37203) to work on /opt/airflow/dags/dags_python_task_decorator.py
[2025-11-10T13:07:00.402+0000] {processor.py:830} INFO - Processing file /opt/airflow/dags/dags_python_task_decorator.py for tasks to queue
[2025-11-10T13:07:00.403+0000] {logging_mixin.py:188} INFO - [2025-11-10T13:07:00.403+0000] {dagbag.py:538} INFO - Filling up the DagBag from /opt/airflow/dags/dags_python_task_decorator.py
[2025-11-10T13:07:00.427+0000] {processor.py:840} INFO - DAG(s) 'dags_python_task_Decorator' retrieved from /opt/airflow/dags/dags_python_task_decorator.py
[2025-11-10T13:07:00.453+0000] {logging_mixin.py:188} INFO - [2025-11-10T13:07:00.453+0000] {dag.py:3036} INFO - Sync 1 DAGs
[2025-11-10T13:07:00.480+0000] {logging_mixin.py:188} INFO - [2025-11-10T13:07:00.480+0000] {dag.py:3823} INFO - Setting next_dagrun for dags_python_task_Decorator to 2025-11-09 17:00:00+00:00, run_after=2025-11-16 17:00:00+00:00
[2025-11-10T13:07:00.514+0000] {processor.py:183} INFO - Processing /opt/airflow/dags/dags_python_task_decorator.py took 0.119 seconds
[2025-11-10T13:07:30.598+0000] {processor.py:161} INFO - Started process (PID=37262) to work on /opt/airflow/dags/dags_python_task_decorator.py
[2025-11-10T13:07:30.600+0000] {processor.py:830} INFO - Processing file /opt/airflow/dags/dags_python_task_decorator.py for tasks to queue
[2025-11-10T13:07:30.601+0000] {logging_mixin.py:188} INFO - [2025-11-10T13:07:30.601+0000] {dagbag.py:538} INFO - Filling up the DagBag from /opt/airflow/dags/dags_python_task_decorator.py
[2025-11-10T13:07:30.628+0000] {processor.py:840} INFO - DAG(s) 'dags_python_task_Decorator' retrieved from /opt/airflow/dags/dags_python_task_decorator.py
[2025-11-10T13:07:30.663+0000] {logging_mixin.py:188} INFO - [2025-11-10T13:07:30.663+0000] {dag.py:3036} INFO - Sync 1 DAGs
[2025-11-10T13:07:30.698+0000] {logging_mixin.py:188} INFO - [2025-11-10T13:07:30.698+0000] {dag.py:3823} INFO - Setting next_dagrun for dags_python_task_Decorator to 2025-11-09 17:00:00+00:00, run_after=2025-11-16 17:00:00+00:00
[2025-11-10T13:07:30.737+0000] {processor.py:183} INFO - Processing /opt/airflow/dags/dags_python_task_decorator.py took 0.144 seconds
[2025-11-10T13:08:01.046+0000] {processor.py:161} INFO - Started process (PID=37322) to work on /opt/airflow/dags/dags_python_task_decorator.py
[2025-11-10T13:08:01.048+0000] {processor.py:830} INFO - Processing file /opt/airflow/dags/dags_python_task_decorator.py for tasks to queue
[2025-11-10T13:08:01.050+0000] {logging_mixin.py:188} INFO - [2025-11-10T13:08:01.049+0000] {dagbag.py:538} INFO - Filling up the DagBag from /opt/airflow/dags/dags_python_task_decorator.py
[2025-11-10T13:08:01.072+0000] {processor.py:840} INFO - DAG(s) 'dags_python_task_Decorator' retrieved from /opt/airflow/dags/dags_python_task_decorator.py
[2025-11-10T13:08:01.097+0000] {logging_mixin.py:188} INFO - [2025-11-10T13:08:01.097+0000] {dag.py:3036} INFO - Sync 1 DAGs
[2025-11-10T13:08:01.126+0000] {logging_mixin.py:188} INFO - [2025-11-10T13:08:01.126+0000] {dag.py:3823} INFO - Setting next_dagrun for dags_python_task_Decorator to 2025-11-09 17:00:00+00:00, run_after=2025-11-16 17:00:00+00:00
[2025-11-10T13:08:01.161+0000] {processor.py:183} INFO - Processing /opt/airflow/dags/dags_python_task_decorator.py took 0.121 seconds
[2025-11-10T13:08:31.292+0000] {processor.py:161} INFO - Started process (PID=37381) to work on /opt/airflow/dags/dags_python_task_decorator.py
[2025-11-10T13:08:31.293+0000] {processor.py:830} INFO - Processing file /opt/airflow/dags/dags_python_task_decorator.py for tasks to queue
[2025-11-10T13:08:31.295+0000] {logging_mixin.py:188} INFO - [2025-11-10T13:08:31.294+0000] {dagbag.py:538} INFO - Filling up the DagBag from /opt/airflow/dags/dags_python_task_decorator.py
[2025-11-10T13:08:31.320+0000] {processor.py:840} INFO - DAG(s) 'dags_python_task_Decorator' retrieved from /opt/airflow/dags/dags_python_task_decorator.py
[2025-11-10T13:08:31.345+0000] {logging_mixin.py:188} INFO - [2025-11-10T13:08:31.345+0000] {dag.py:3036} INFO - Sync 1 DAGs
[2025-11-10T13:08:31.372+0000] {logging_mixin.py:188} INFO - [2025-11-10T13:08:31.372+0000] {dag.py:3823} INFO - Setting next_dagrun for dags_python_task_Decorator to 2025-11-09 17:00:00+00:00, run_after=2025-11-16 17:00:00+00:00
[2025-11-10T13:08:31.407+0000] {processor.py:183} INFO - Processing /opt/airflow/dags/dags_python_task_decorator.py took 0.119 seconds
[2025-11-10T13:09:02.084+0000] {processor.py:161} INFO - Started process (PID=37440) to work on /opt/airflow/dags/dags_python_task_decorator.py
[2025-11-10T13:09:02.086+0000] {processor.py:830} INFO - Processing file /opt/airflow/dags/dags_python_task_decorator.py for tasks to queue
[2025-11-10T13:09:02.087+0000] {logging_mixin.py:188} INFO - [2025-11-10T13:09:02.087+0000] {dagbag.py:538} INFO - Filling up the DagBag from /opt/airflow/dags/dags_python_task_decorator.py
[2025-11-10T13:09:02.112+0000] {processor.py:840} INFO - DAG(s) 'dags_python_task_Decorator' retrieved from /opt/airflow/dags/dags_python_task_decorator.py
[2025-11-10T13:09:02.141+0000] {logging_mixin.py:188} INFO - [2025-11-10T13:09:02.141+0000] {dag.py:3036} INFO - Sync 1 DAGs
[2025-11-10T13:09:02.170+0000] {logging_mixin.py:188} INFO - [2025-11-10T13:09:02.170+0000] {dag.py:3823} INFO - Setting next_dagrun for dags_python_task_Decorator to 2025-11-09 17:00:00+00:00, run_after=2025-11-16 17:00:00+00:00
[2025-11-10T13:09:02.205+0000] {processor.py:183} INFO - Processing /opt/airflow/dags/dags_python_task_decorator.py took 0.125 seconds
[2025-11-10T13:09:32.822+0000] {processor.py:161} INFO - Started process (PID=37500) to work on /opt/airflow/dags/dags_python_task_decorator.py
[2025-11-10T13:09:32.826+0000] {processor.py:830} INFO - Processing file /opt/airflow/dags/dags_python_task_decorator.py for tasks to queue
[2025-11-10T13:09:32.834+0000] {logging_mixin.py:188} INFO - [2025-11-10T13:09:32.834+0000] {dagbag.py:538} INFO - Filling up the DagBag from /opt/airflow/dags/dags_python_task_decorator.py
[2025-11-10T13:09:32.882+0000] {processor.py:840} INFO - DAG(s) 'dags_python_task_Decorator' retrieved from /opt/airflow/dags/dags_python_task_decorator.py
[2025-11-10T13:09:32.974+0000] {logging_mixin.py:188} INFO - [2025-11-10T13:09:32.974+0000] {dag.py:3036} INFO - Sync 1 DAGs
[2025-11-10T13:09:33.041+0000] {logging_mixin.py:188} INFO - [2025-11-10T13:09:33.041+0000] {dag.py:3823} INFO - Setting next_dagrun for dags_python_task_Decorator to 2025-11-09 17:00:00+00:00, run_after=2025-11-16 17:00:00+00:00
[2025-11-10T13:09:33.089+0000] {processor.py:183} INFO - Processing /opt/airflow/dags/dags_python_task_decorator.py took 0.288 seconds
[2025-11-10T13:10:03.167+0000] {processor.py:161} INFO - Started process (PID=37559) to work on /opt/airflow/dags/dags_python_task_decorator.py
[2025-11-10T13:10:03.168+0000] {processor.py:830} INFO - Processing file /opt/airflow/dags/dags_python_task_decorator.py for tasks to queue
[2025-11-10T13:10:03.170+0000] {logging_mixin.py:188} INFO - [2025-11-10T13:10:03.169+0000] {dagbag.py:538} INFO - Filling up the DagBag from /opt/airflow/dags/dags_python_task_decorator.py
[2025-11-10T13:10:03.203+0000] {processor.py:840} INFO - DAG(s) 'dags_python_task_Decorator' retrieved from /opt/airflow/dags/dags_python_task_decorator.py
[2025-11-10T13:10:03.238+0000] {logging_mixin.py:188} INFO - [2025-11-10T13:10:03.237+0000] {dag.py:3036} INFO - Sync 1 DAGs
[2025-11-10T13:10:03.279+0000] {logging_mixin.py:188} INFO - [2025-11-10T13:10:03.279+0000] {dag.py:3823} INFO - Setting next_dagrun for dags_python_task_Decorator to 2025-11-09 17:00:00+00:00, run_after=2025-11-16 17:00:00+00:00
[2025-11-10T13:10:03.310+0000] {processor.py:183} INFO - Processing /opt/airflow/dags/dags_python_task_decorator.py took 0.149 seconds
[2025-11-10T13:10:33.885+0000] {processor.py:161} INFO - Started process (PID=37618) to work on /opt/airflow/dags/dags_python_task_decorator.py
[2025-11-10T13:10:33.887+0000] {processor.py:830} INFO - Processing file /opt/airflow/dags/dags_python_task_decorator.py for tasks to queue
[2025-11-10T13:10:33.889+0000] {logging_mixin.py:188} INFO - [2025-11-10T13:10:33.888+0000] {dagbag.py:538} INFO - Filling up the DagBag from /opt/airflow/dags/dags_python_task_decorator.py
[2025-11-10T13:10:33.928+0000] {processor.py:840} INFO - DAG(s) 'dags_python_task_Decorator' retrieved from /opt/airflow/dags/dags_python_task_decorator.py
[2025-11-10T13:10:33.969+0000] {logging_mixin.py:188} INFO - [2025-11-10T13:10:33.969+0000] {dag.py:3036} INFO - Sync 1 DAGs
[2025-11-10T13:10:34.013+0000] {logging_mixin.py:188} INFO - [2025-11-10T13:10:34.013+0000] {dag.py:3823} INFO - Setting next_dagrun for dags_python_task_Decorator to 2025-11-09 17:00:00+00:00, run_after=2025-11-16 17:00:00+00:00
[2025-11-10T13:10:34.052+0000] {processor.py:183} INFO - Processing /opt/airflow/dags/dags_python_task_decorator.py took 0.175 seconds
[2025-11-10T13:11:04.349+0000] {processor.py:161} INFO - Started process (PID=37677) to work on /opt/airflow/dags/dags_python_task_decorator.py
[2025-11-10T13:11:04.351+0000] {processor.py:830} INFO - Processing file /opt/airflow/dags/dags_python_task_decorator.py for tasks to queue
[2025-11-10T13:11:04.353+0000] {logging_mixin.py:188} INFO - [2025-11-10T13:11:04.352+0000] {dagbag.py:538} INFO - Filling up the DagBag from /opt/airflow/dags/dags_python_task_decorator.py
[2025-11-10T13:11:04.381+0000] {processor.py:840} INFO - DAG(s) 'dags_python_task_Decorator' retrieved from /opt/airflow/dags/dags_python_task_decorator.py
[2025-11-10T13:11:04.407+0000] {logging_mixin.py:188} INFO - [2025-11-10T13:11:04.407+0000] {dag.py:3036} INFO - Sync 1 DAGs
[2025-11-10T13:11:04.437+0000] {logging_mixin.py:188} INFO - [2025-11-10T13:11:04.437+0000] {dag.py:3823} INFO - Setting next_dagrun for dags_python_task_Decorator to 2025-11-09 17:00:00+00:00, run_after=2025-11-16 17:00:00+00:00
[2025-11-10T13:11:04.472+0000] {processor.py:183} INFO - Processing /opt/airflow/dags/dags_python_task_decorator.py took 0.129 seconds
[2025-11-10T13:11:34.808+0000] {processor.py:161} INFO - Started process (PID=37737) to work on /opt/airflow/dags/dags_python_task_decorator.py
[2025-11-10T13:11:34.810+0000] {processor.py:830} INFO - Processing file /opt/airflow/dags/dags_python_task_decorator.py for tasks to queue
[2025-11-10T13:11:34.812+0000] {logging_mixin.py:188} INFO - [2025-11-10T13:11:34.811+0000] {dagbag.py:538} INFO - Filling up the DagBag from /opt/airflow/dags/dags_python_task_decorator.py
[2025-11-10T13:11:34.842+0000] {processor.py:840} INFO - DAG(s) 'dags_python_task_Decorator' retrieved from /opt/airflow/dags/dags_python_task_decorator.py
[2025-11-10T13:11:34.872+0000] {logging_mixin.py:188} INFO - [2025-11-10T13:11:34.871+0000] {dag.py:3036} INFO - Sync 1 DAGs
[2025-11-10T13:11:34.904+0000] {logging_mixin.py:188} INFO - [2025-11-10T13:11:34.904+0000] {dag.py:3823} INFO - Setting next_dagrun for dags_python_task_Decorator to 2025-11-09 17:00:00+00:00, run_after=2025-11-16 17:00:00+00:00
[2025-11-10T13:11:34.938+0000] {processor.py:183} INFO - Processing /opt/airflow/dags/dags_python_task_decorator.py took 0.135 seconds
[2025-11-10T13:12:05.279+0000] {processor.py:161} INFO - Started process (PID=37796) to work on /opt/airflow/dags/dags_python_task_decorator.py
[2025-11-10T13:12:05.281+0000] {processor.py:830} INFO - Processing file /opt/airflow/dags/dags_python_task_decorator.py for tasks to queue
[2025-11-10T13:12:05.282+0000] {logging_mixin.py:188} INFO - [2025-11-10T13:12:05.282+0000] {dagbag.py:538} INFO - Filling up the DagBag from /opt/airflow/dags/dags_python_task_decorator.py
[2025-11-10T13:12:05.310+0000] {processor.py:840} INFO - DAG(s) 'dags_python_task_Decorator' retrieved from /opt/airflow/dags/dags_python_task_decorator.py
[2025-11-10T13:12:05.348+0000] {logging_mixin.py:188} INFO - [2025-11-10T13:12:05.347+0000] {dag.py:3036} INFO - Sync 1 DAGs
[2025-11-10T13:12:05.383+0000] {logging_mixin.py:188} INFO - [2025-11-10T13:12:05.383+0000] {dag.py:3823} INFO - Setting next_dagrun for dags_python_task_Decorator to 2025-11-09 17:00:00+00:00, run_after=2025-11-16 17:00:00+00:00
[2025-11-10T13:12:05.417+0000] {processor.py:183} INFO - Processing /opt/airflow/dags/dags_python_task_decorator.py took 0.143 seconds
[2025-11-10T13:12:35.722+0000] {processor.py:161} INFO - Started process (PID=37855) to work on /opt/airflow/dags/dags_python_task_decorator.py
[2025-11-10T13:12:35.723+0000] {processor.py:830} INFO - Processing file /opt/airflow/dags/dags_python_task_decorator.py for tasks to queue
[2025-11-10T13:12:35.725+0000] {logging_mixin.py:188} INFO - [2025-11-10T13:12:35.724+0000] {dagbag.py:538} INFO - Filling up the DagBag from /opt/airflow/dags/dags_python_task_decorator.py
[2025-11-10T13:12:35.748+0000] {processor.py:840} INFO - DAG(s) 'dags_python_task_Decorator' retrieved from /opt/airflow/dags/dags_python_task_decorator.py
[2025-11-10T13:12:35.775+0000] {logging_mixin.py:188} INFO - [2025-11-10T13:12:35.774+0000] {dag.py:3036} INFO - Sync 1 DAGs
[2025-11-10T13:12:35.802+0000] {logging_mixin.py:188} INFO - [2025-11-10T13:12:35.802+0000] {dag.py:3823} INFO - Setting next_dagrun for dags_python_task_Decorator to 2025-11-09 17:00:00+00:00, run_after=2025-11-16 17:00:00+00:00
[2025-11-10T13:12:35.837+0000] {processor.py:183} INFO - Processing /opt/airflow/dags/dags_python_task_decorator.py took 0.120 seconds
[2025-11-10T13:13:06.018+0000] {processor.py:161} INFO - Started process (PID=37914) to work on /opt/airflow/dags/dags_python_task_decorator.py
[2025-11-10T13:13:06.027+0000] {processor.py:830} INFO - Processing file /opt/airflow/dags/dags_python_task_decorator.py for tasks to queue
[2025-11-10T13:13:06.043+0000] {logging_mixin.py:188} INFO - [2025-11-10T13:13:06.042+0000] {dagbag.py:538} INFO - Filling up the DagBag from /opt/airflow/dags/dags_python_task_decorator.py
[2025-11-10T13:13:06.100+0000] {processor.py:840} INFO - DAG(s) 'dags_python_task_Decorator' retrieved from /opt/airflow/dags/dags_python_task_decorator.py
[2025-11-10T13:13:06.138+0000] {logging_mixin.py:188} INFO - [2025-11-10T13:13:06.138+0000] {dag.py:3036} INFO - Sync 1 DAGs
[2025-11-10T13:13:06.179+0000] {logging_mixin.py:188} INFO - [2025-11-10T13:13:06.179+0000] {dag.py:3823} INFO - Setting next_dagrun for dags_python_task_Decorator to 2025-11-09 17:00:00+00:00, run_after=2025-11-16 17:00:00+00:00
[2025-11-10T13:13:06.212+0000] {processor.py:183} INFO - Processing /opt/airflow/dags/dags_python_task_decorator.py took 0.202 seconds
[2025-11-10T13:13:36.785+0000] {processor.py:161} INFO - Started process (PID=37974) to work on /opt/airflow/dags/dags_python_task_decorator.py
[2025-11-10T13:13:36.786+0000] {processor.py:830} INFO - Processing file /opt/airflow/dags/dags_python_task_decorator.py for tasks to queue
[2025-11-10T13:13:36.788+0000] {logging_mixin.py:188} INFO - [2025-11-10T13:13:36.787+0000] {dagbag.py:538} INFO - Filling up the DagBag from /opt/airflow/dags/dags_python_task_decorator.py
[2025-11-10T13:13:36.821+0000] {processor.py:840} INFO - DAG(s) 'dags_python_task_Decorator' retrieved from /opt/airflow/dags/dags_python_task_decorator.py
[2025-11-10T13:13:36.848+0000] {logging_mixin.py:188} INFO - [2025-11-10T13:13:36.847+0000] {dag.py:3036} INFO - Sync 1 DAGs
[2025-11-10T13:13:36.876+0000] {logging_mixin.py:188} INFO - [2025-11-10T13:13:36.876+0000] {dag.py:3823} INFO - Setting next_dagrun for dags_python_task_Decorator to 2025-11-09 17:00:00+00:00, run_after=2025-11-16 17:00:00+00:00
[2025-11-10T13:13:36.903+0000] {processor.py:183} INFO - Processing /opt/airflow/dags/dags_python_task_decorator.py took 0.123 seconds
[2025-11-10T13:14:07.348+0000] {processor.py:161} INFO - Started process (PID=38033) to work on /opt/airflow/dags/dags_python_task_decorator.py
[2025-11-10T13:14:07.349+0000] {processor.py:830} INFO - Processing file /opt/airflow/dags/dags_python_task_decorator.py for tasks to queue
[2025-11-10T13:14:07.350+0000] {logging_mixin.py:188} INFO - [2025-11-10T13:14:07.350+0000] {dagbag.py:538} INFO - Filling up the DagBag from /opt/airflow/dags/dags_python_task_decorator.py
[2025-11-10T13:14:07.378+0000] {processor.py:840} INFO - DAG(s) 'dags_python_task_Decorator' retrieved from /opt/airflow/dags/dags_python_task_decorator.py
[2025-11-10T13:14:07.404+0000] {logging_mixin.py:188} INFO - [2025-11-10T13:14:07.404+0000] {dag.py:3036} INFO - Sync 1 DAGs
[2025-11-10T13:14:07.433+0000] {logging_mixin.py:188} INFO - [2025-11-10T13:14:07.433+0000] {dag.py:3823} INFO - Setting next_dagrun for dags_python_task_Decorator to 2025-11-09 17:00:00+00:00, run_after=2025-11-16 17:00:00+00:00
[2025-11-10T13:14:07.470+0000] {processor.py:183} INFO - Processing /opt/airflow/dags/dags_python_task_decorator.py took 0.126 seconds
[2025-11-10T13:14:38.249+0000] {processor.py:161} INFO - Started process (PID=38092) to work on /opt/airflow/dags/dags_python_task_decorator.py
[2025-11-10T13:14:38.250+0000] {processor.py:830} INFO - Processing file /opt/airflow/dags/dags_python_task_decorator.py for tasks to queue
[2025-11-10T13:14:38.252+0000] {logging_mixin.py:188} INFO - [2025-11-10T13:14:38.252+0000] {dagbag.py:538} INFO - Filling up the DagBag from /opt/airflow/dags/dags_python_task_decorator.py
[2025-11-10T13:14:38.276+0000] {processor.py:840} INFO - DAG(s) 'dags_python_task_Decorator' retrieved from /opt/airflow/dags/dags_python_task_decorator.py
[2025-11-10T13:14:38.306+0000] {logging_mixin.py:188} INFO - [2025-11-10T13:14:38.305+0000] {dag.py:3036} INFO - Sync 1 DAGs
[2025-11-10T13:14:38.337+0000] {logging_mixin.py:188} INFO - [2025-11-10T13:14:38.337+0000] {dag.py:3823} INFO - Setting next_dagrun for dags_python_task_Decorator to 2025-11-09 17:00:00+00:00, run_after=2025-11-16 17:00:00+00:00
[2025-11-10T13:14:38.364+0000] {processor.py:183} INFO - Processing /opt/airflow/dags/dags_python_task_decorator.py took 0.120 seconds
[2025-11-10T13:15:08.726+0000] {processor.py:161} INFO - Started process (PID=38151) to work on /opt/airflow/dags/dags_python_task_decorator.py
[2025-11-10T13:15:08.728+0000] {processor.py:830} INFO - Processing file /opt/airflow/dags/dags_python_task_decorator.py for tasks to queue
[2025-11-10T13:15:08.731+0000] {logging_mixin.py:188} INFO - [2025-11-10T13:15:08.730+0000] {dagbag.py:538} INFO - Filling up the DagBag from /opt/airflow/dags/dags_python_task_decorator.py
[2025-11-10T13:15:08.771+0000] {processor.py:840} INFO - DAG(s) 'dags_python_task_Decorator' retrieved from /opt/airflow/dags/dags_python_task_decorator.py
[2025-11-10T13:15:08.835+0000] {logging_mixin.py:188} INFO - [2025-11-10T13:15:08.835+0000] {dag.py:3036} INFO - Sync 1 DAGs
[2025-11-10T13:15:08.919+0000] {logging_mixin.py:188} INFO - [2025-11-10T13:15:08.918+0000] {dag.py:3823} INFO - Setting next_dagrun for dags_python_task_Decorator to 2025-11-09 17:00:00+00:00, run_after=2025-11-16 17:00:00+00:00
[2025-11-10T13:15:08.978+0000] {processor.py:183} INFO - Processing /opt/airflow/dags/dags_python_task_decorator.py took 0.259 seconds
[2025-11-10T13:15:39.333+0000] {processor.py:161} INFO - Started process (PID=38210) to work on /opt/airflow/dags/dags_python_task_decorator.py
[2025-11-10T13:15:39.335+0000] {processor.py:830} INFO - Processing file /opt/airflow/dags/dags_python_task_decorator.py for tasks to queue
[2025-11-10T13:15:39.337+0000] {logging_mixin.py:188} INFO - [2025-11-10T13:15:39.336+0000] {dagbag.py:538} INFO - Filling up the DagBag from /opt/airflow/dags/dags_python_task_decorator.py
[2025-11-10T13:15:39.364+0000] {processor.py:840} INFO - DAG(s) 'dags_python_task_Decorator' retrieved from /opt/airflow/dags/dags_python_task_decorator.py
[2025-11-10T13:15:39.392+0000] {logging_mixin.py:188} INFO - [2025-11-10T13:15:39.392+0000] {dag.py:3036} INFO - Sync 1 DAGs
[2025-11-10T13:15:39.426+0000] {logging_mixin.py:188} INFO - [2025-11-10T13:15:39.426+0000] {dag.py:3823} INFO - Setting next_dagrun for dags_python_task_Decorator to 2025-11-09 17:00:00+00:00, run_after=2025-11-16 17:00:00+00:00
[2025-11-10T13:15:39.461+0000] {processor.py:183} INFO - Processing /opt/airflow/dags/dags_python_task_decorator.py took 0.136 seconds
[2025-11-10T13:16:09.665+0000] {processor.py:161} INFO - Started process (PID=38269) to work on /opt/airflow/dags/dags_python_task_decorator.py
[2025-11-10T13:16:09.666+0000] {processor.py:830} INFO - Processing file /opt/airflow/dags/dags_python_task_decorator.py for tasks to queue
[2025-11-10T13:16:09.668+0000] {logging_mixin.py:188} INFO - [2025-11-10T13:16:09.667+0000] {dagbag.py:538} INFO - Filling up the DagBag from /opt/airflow/dags/dags_python_task_decorator.py
[2025-11-10T13:16:09.691+0000] {processor.py:840} INFO - DAG(s) 'dags_python_task_Decorator' retrieved from /opt/airflow/dags/dags_python_task_decorator.py
[2025-11-10T13:16:09.721+0000] {logging_mixin.py:188} INFO - [2025-11-10T13:16:09.721+0000] {dag.py:3036} INFO - Sync 1 DAGs
[2025-11-10T13:16:09.748+0000] {logging_mixin.py:188} INFO - [2025-11-10T13:16:09.747+0000] {dag.py:3823} INFO - Setting next_dagrun for dags_python_task_Decorator to 2025-11-09 17:00:00+00:00, run_after=2025-11-16 17:00:00+00:00
[2025-11-10T13:16:09.785+0000] {processor.py:183} INFO - Processing /opt/airflow/dags/dags_python_task_decorator.py took 0.125 seconds
[2025-11-10T13:16:40.219+0000] {processor.py:161} INFO - Started process (PID=38328) to work on /opt/airflow/dags/dags_python_task_decorator.py
[2025-11-10T13:16:40.221+0000] {processor.py:830} INFO - Processing file /opt/airflow/dags/dags_python_task_decorator.py for tasks to queue
[2025-11-10T13:16:40.222+0000] {logging_mixin.py:188} INFO - [2025-11-10T13:16:40.222+0000] {dagbag.py:538} INFO - Filling up the DagBag from /opt/airflow/dags/dags_python_task_decorator.py
[2025-11-10T13:16:40.247+0000] {processor.py:840} INFO - DAG(s) 'dags_python_task_Decorator' retrieved from /opt/airflow/dags/dags_python_task_decorator.py
[2025-11-10T13:16:40.276+0000] {logging_mixin.py:188} INFO - [2025-11-10T13:16:40.276+0000] {dag.py:3036} INFO - Sync 1 DAGs
[2025-11-10T13:16:40.305+0000] {logging_mixin.py:188} INFO - [2025-11-10T13:16:40.305+0000] {dag.py:3823} INFO - Setting next_dagrun for dags_python_task_Decorator to 2025-11-09 17:00:00+00:00, run_after=2025-11-16 17:00:00+00:00
[2025-11-10T13:16:40.341+0000] {processor.py:183} INFO - Processing /opt/airflow/dags/dags_python_task_decorator.py took 0.126 seconds
[2025-11-10T13:17:10.573+0000] {processor.py:161} INFO - Started process (PID=38387) to work on /opt/airflow/dags/dags_python_task_decorator.py
[2025-11-10T13:17:10.575+0000] {processor.py:830} INFO - Processing file /opt/airflow/dags/dags_python_task_decorator.py for tasks to queue
[2025-11-10T13:17:10.577+0000] {logging_mixin.py:188} INFO - [2025-11-10T13:17:10.577+0000] {dagbag.py:538} INFO - Filling up the DagBag from /opt/airflow/dags/dags_python_task_decorator.py
[2025-11-10T13:17:10.608+0000] {processor.py:840} INFO - DAG(s) 'dags_python_task_Decorator' retrieved from /opt/airflow/dags/dags_python_task_decorator.py
[2025-11-10T13:17:10.640+0000] {logging_mixin.py:188} INFO - [2025-11-10T13:17:10.640+0000] {dag.py:3036} INFO - Sync 1 DAGs
[2025-11-10T13:17:10.683+0000] {logging_mixin.py:188} INFO - [2025-11-10T13:17:10.683+0000] {dag.py:3823} INFO - Setting next_dagrun for dags_python_task_Decorator to 2025-11-09 17:00:00+00:00, run_after=2025-11-16 17:00:00+00:00
[2025-11-10T13:17:10.725+0000] {processor.py:183} INFO - Processing /opt/airflow/dags/dags_python_task_decorator.py took 0.158 seconds
[2025-11-10T13:17:41.465+0000] {processor.py:161} INFO - Started process (PID=38446) to work on /opt/airflow/dags/dags_python_task_decorator.py
[2025-11-10T13:17:41.466+0000] {processor.py:830} INFO - Processing file /opt/airflow/dags/dags_python_task_decorator.py for tasks to queue
[2025-11-10T13:17:41.469+0000] {logging_mixin.py:188} INFO - [2025-11-10T13:17:41.468+0000] {dagbag.py:538} INFO - Filling up the DagBag from /opt/airflow/dags/dags_python_task_decorator.py
[2025-11-10T13:17:41.499+0000] {processor.py:840} INFO - DAG(s) 'dags_python_task_Decorator' retrieved from /opt/airflow/dags/dags_python_task_decorator.py
[2025-11-10T13:17:41.529+0000] {logging_mixin.py:188} INFO - [2025-11-10T13:17:41.529+0000] {dag.py:3036} INFO - Sync 1 DAGs
[2025-11-10T13:17:41.565+0000] {logging_mixin.py:188} INFO - [2025-11-10T13:17:41.564+0000] {dag.py:3823} INFO - Setting next_dagrun for dags_python_task_Decorator to 2025-11-09 17:00:00+00:00, run_after=2025-11-16 17:00:00+00:00
[2025-11-10T13:17:41.598+0000] {processor.py:183} INFO - Processing /opt/airflow/dags/dags_python_task_decorator.py took 0.138 seconds
[2025-11-10T13:18:12.024+0000] {processor.py:161} INFO - Started process (PID=38505) to work on /opt/airflow/dags/dags_python_task_decorator.py
[2025-11-10T13:18:12.027+0000] {processor.py:830} INFO - Processing file /opt/airflow/dags/dags_python_task_decorator.py for tasks to queue
[2025-11-10T13:18:12.030+0000] {logging_mixin.py:188} INFO - [2025-11-10T13:18:12.029+0000] {dagbag.py:538} INFO - Filling up the DagBag from /opt/airflow/dags/dags_python_task_decorator.py
[2025-11-10T13:18:12.069+0000] {processor.py:840} INFO - DAG(s) 'dags_python_task_Decorator' retrieved from /opt/airflow/dags/dags_python_task_decorator.py
[2025-11-10T13:18:12.114+0000] {logging_mixin.py:188} INFO - [2025-11-10T13:18:12.113+0000] {dag.py:3036} INFO - Sync 1 DAGs
[2025-11-10T13:18:12.168+0000] {logging_mixin.py:188} INFO - [2025-11-10T13:18:12.168+0000] {dag.py:3823} INFO - Setting next_dagrun for dags_python_task_Decorator to 2025-11-09 17:00:00+00:00, run_after=2025-11-16 17:00:00+00:00
[2025-11-10T13:18:12.217+0000] {processor.py:183} INFO - Processing /opt/airflow/dags/dags_python_task_decorator.py took 0.206 seconds
[2025-11-10T13:18:42.476+0000] {processor.py:161} INFO - Started process (PID=38564) to work on /opt/airflow/dags/dags_python_task_decorator.py
[2025-11-10T13:18:42.478+0000] {processor.py:830} INFO - Processing file /opt/airflow/dags/dags_python_task_decorator.py for tasks to queue
[2025-11-10T13:18:42.479+0000] {logging_mixin.py:188} INFO - [2025-11-10T13:18:42.479+0000] {dagbag.py:538} INFO - Filling up the DagBag from /opt/airflow/dags/dags_python_task_decorator.py
[2025-11-10T13:18:42.509+0000] {processor.py:840} INFO - DAG(s) 'dags_python_task_Decorator' retrieved from /opt/airflow/dags/dags_python_task_decorator.py
[2025-11-10T13:18:42.541+0000] {logging_mixin.py:188} INFO - [2025-11-10T13:18:42.540+0000] {dag.py:3036} INFO - Sync 1 DAGs
[2025-11-10T13:18:42.573+0000] {logging_mixin.py:188} INFO - [2025-11-10T13:18:42.573+0000] {dag.py:3823} INFO - Setting next_dagrun for dags_python_task_Decorator to 2025-11-09 17:00:00+00:00, run_after=2025-11-16 17:00:00+00:00
[2025-11-10T13:18:42.612+0000] {processor.py:183} INFO - Processing /opt/airflow/dags/dags_python_task_decorator.py took 0.141 seconds
[2025-11-10T13:19:12.870+0000] {processor.py:161} INFO - Started process (PID=38624) to work on /opt/airflow/dags/dags_python_task_decorator.py
[2025-11-10T13:19:12.872+0000] {processor.py:830} INFO - Processing file /opt/airflow/dags/dags_python_task_decorator.py for tasks to queue
[2025-11-10T13:19:12.873+0000] {logging_mixin.py:188} INFO - [2025-11-10T13:19:12.873+0000] {dagbag.py:538} INFO - Filling up the DagBag from /opt/airflow/dags/dags_python_task_decorator.py
[2025-11-10T13:19:12.894+0000] {processor.py:840} INFO - DAG(s) 'dags_python_task_Decorator' retrieved from /opt/airflow/dags/dags_python_task_decorator.py
[2025-11-10T13:19:12.920+0000] {logging_mixin.py:188} INFO - [2025-11-10T13:19:12.920+0000] {dag.py:3036} INFO - Sync 1 DAGs
[2025-11-10T13:19:12.947+0000] {logging_mixin.py:188} INFO - [2025-11-10T13:19:12.947+0000] {dag.py:3823} INFO - Setting next_dagrun for dags_python_task_Decorator to 2025-11-09 17:00:00+00:00, run_after=2025-11-16 17:00:00+00:00
[2025-11-10T13:19:12.984+0000] {processor.py:183} INFO - Processing /opt/airflow/dags/dags_python_task_decorator.py took 0.118 seconds
[2025-11-10T13:19:43.355+0000] {processor.py:161} INFO - Started process (PID=38683) to work on /opt/airflow/dags/dags_python_task_decorator.py
[2025-11-10T13:19:43.374+0000] {processor.py:830} INFO - Processing file /opt/airflow/dags/dags_python_task_decorator.py for tasks to queue
[2025-11-10T13:19:43.377+0000] {logging_mixin.py:188} INFO - [2025-11-10T13:19:43.377+0000] {dagbag.py:538} INFO - Filling up the DagBag from /opt/airflow/dags/dags_python_task_decorator.py
[2025-11-10T13:19:43.432+0000] {processor.py:840} INFO - DAG(s) 'dags_python_task_Decorator' retrieved from /opt/airflow/dags/dags_python_task_decorator.py
[2025-11-10T13:19:43.475+0000] {logging_mixin.py:188} INFO - [2025-11-10T13:19:43.474+0000] {dag.py:3036} INFO - Sync 1 DAGs
[2025-11-10T13:19:43.698+0000] {logging_mixin.py:188} INFO - [2025-11-10T13:19:43.698+0000] {dag.py:3823} INFO - Setting next_dagrun for dags_python_task_Decorator to 2025-11-09 17:00:00+00:00, run_after=2025-11-16 17:00:00+00:00
[2025-11-10T13:19:43.747+0000] {processor.py:183} INFO - Processing /opt/airflow/dags/dags_python_task_decorator.py took 0.398 seconds
[2025-11-10T13:20:14.047+0000] {processor.py:161} INFO - Started process (PID=38742) to work on /opt/airflow/dags/dags_python_task_decorator.py
[2025-11-10T13:20:14.049+0000] {processor.py:830} INFO - Processing file /opt/airflow/dags/dags_python_task_decorator.py for tasks to queue
[2025-11-10T13:20:14.051+0000] {logging_mixin.py:188} INFO - [2025-11-10T13:20:14.051+0000] {dagbag.py:538} INFO - Filling up the DagBag from /opt/airflow/dags/dags_python_task_decorator.py
[2025-11-10T13:20:14.084+0000] {processor.py:840} INFO - DAG(s) 'dags_python_task_Decorator' retrieved from /opt/airflow/dags/dags_python_task_decorator.py
[2025-11-10T13:20:14.117+0000] {logging_mixin.py:188} INFO - [2025-11-10T13:20:14.116+0000] {dag.py:3036} INFO - Sync 1 DAGs
[2025-11-10T13:20:14.308+0000] {logging_mixin.py:188} INFO - [2025-11-10T13:20:14.308+0000] {dag.py:3823} INFO - Setting next_dagrun for dags_python_task_Decorator to 2025-11-09 17:00:00+00:00, run_after=2025-11-16 17:00:00+00:00
[2025-11-10T13:20:14.340+0000] {processor.py:183} INFO - Processing /opt/airflow/dags/dags_python_task_decorator.py took 0.299 seconds
[2025-11-10T13:20:45.313+0000] {processor.py:161} INFO - Started process (PID=38801) to work on /opt/airflow/dags/dags_python_task_decorator.py
[2025-11-10T13:20:45.315+0000] {processor.py:830} INFO - Processing file /opt/airflow/dags/dags_python_task_decorator.py for tasks to queue
[2025-11-10T13:20:45.316+0000] {logging_mixin.py:188} INFO - [2025-11-10T13:20:45.316+0000] {dagbag.py:538} INFO - Filling up the DagBag from /opt/airflow/dags/dags_python_task_decorator.py
[2025-11-10T13:20:45.337+0000] {processor.py:840} INFO - DAG(s) 'dags_python_task_Decorator' retrieved from /opt/airflow/dags/dags_python_task_decorator.py
[2025-11-10T13:20:45.365+0000] {logging_mixin.py:188} INFO - [2025-11-10T13:20:45.364+0000] {dag.py:3036} INFO - Sync 1 DAGs
[2025-11-10T13:20:45.394+0000] {logging_mixin.py:188} INFO - [2025-11-10T13:20:45.394+0000] {dag.py:3823} INFO - Setting next_dagrun for dags_python_task_Decorator to 2025-11-09 17:00:00+00:00, run_after=2025-11-16 17:00:00+00:00
[2025-11-10T13:20:45.430+0000] {processor.py:183} INFO - Processing /opt/airflow/dags/dags_python_task_decorator.py took 0.121 seconds
[2025-11-10T13:21:15.687+0000] {processor.py:161} INFO - Started process (PID=38860) to work on /opt/airflow/dags/dags_python_task_decorator.py
[2025-11-10T13:21:15.689+0000] {processor.py:830} INFO - Processing file /opt/airflow/dags/dags_python_task_decorator.py for tasks to queue
[2025-11-10T13:21:15.691+0000] {logging_mixin.py:188} INFO - [2025-11-10T13:21:15.690+0000] {dagbag.py:538} INFO - Filling up the DagBag from /opt/airflow/dags/dags_python_task_decorator.py
[2025-11-10T13:21:15.716+0000] {processor.py:840} INFO - DAG(s) 'dags_python_task_Decorator' retrieved from /opt/airflow/dags/dags_python_task_decorator.py
[2025-11-10T13:21:15.742+0000] {logging_mixin.py:188} INFO - [2025-11-10T13:21:15.742+0000] {dag.py:3036} INFO - Sync 1 DAGs
[2025-11-10T13:21:15.775+0000] {logging_mixin.py:188} INFO - [2025-11-10T13:21:15.774+0000] {dag.py:3823} INFO - Setting next_dagrun for dags_python_task_Decorator to 2025-11-09 17:00:00+00:00, run_after=2025-11-16 17:00:00+00:00
[2025-11-10T13:21:15.812+0000] {processor.py:183} INFO - Processing /opt/airflow/dags/dags_python_task_decorator.py took 0.133 seconds
[2025-11-10T13:21:46.304+0000] {processor.py:161} INFO - Started process (PID=38919) to work on /opt/airflow/dags/dags_python_task_decorator.py
[2025-11-10T13:21:46.305+0000] {processor.py:830} INFO - Processing file /opt/airflow/dags/dags_python_task_decorator.py for tasks to queue
[2025-11-10T13:21:46.309+0000] {logging_mixin.py:188} INFO - [2025-11-10T13:21:46.309+0000] {dagbag.py:538} INFO - Filling up the DagBag from /opt/airflow/dags/dags_python_task_decorator.py
[2025-11-10T13:21:46.354+0000] {processor.py:840} INFO - DAG(s) 'dags_python_task_Decorator' retrieved from /opt/airflow/dags/dags_python_task_decorator.py
[2025-11-10T13:21:46.418+0000] {logging_mixin.py:188} INFO - [2025-11-10T13:21:46.417+0000] {dag.py:3036} INFO - Sync 1 DAGs
[2025-11-10T13:21:46.491+0000] {logging_mixin.py:188} INFO - [2025-11-10T13:21:46.491+0000] {dag.py:3823} INFO - Setting next_dagrun for dags_python_task_Decorator to 2025-11-09 17:00:00+00:00, run_after=2025-11-16 17:00:00+00:00
[2025-11-10T13:21:46.561+0000] {processor.py:183} INFO - Processing /opt/airflow/dags/dags_python_task_decorator.py took 0.262 seconds
[2025-11-10T13:22:16.855+0000] {processor.py:161} INFO - Started process (PID=38978) to work on /opt/airflow/dags/dags_python_task_decorator.py
[2025-11-10T13:22:16.857+0000] {processor.py:830} INFO - Processing file /opt/airflow/dags/dags_python_task_decorator.py for tasks to queue
[2025-11-10T13:22:16.859+0000] {logging_mixin.py:188} INFO - [2025-11-10T13:22:16.858+0000] {dagbag.py:538} INFO - Filling up the DagBag from /opt/airflow/dags/dags_python_task_decorator.py
[2025-11-10T13:22:16.885+0000] {processor.py:840} INFO - DAG(s) 'dags_python_task_Decorator' retrieved from /opt/airflow/dags/dags_python_task_decorator.py
[2025-11-10T13:22:16.917+0000] {logging_mixin.py:188} INFO - [2025-11-10T13:22:16.917+0000] {dag.py:3036} INFO - Sync 1 DAGs
[2025-11-10T13:22:16.953+0000] {logging_mixin.py:188} INFO - [2025-11-10T13:22:16.953+0000] {dag.py:3823} INFO - Setting next_dagrun for dags_python_task_Decorator to 2025-11-09 17:00:00+00:00, run_after=2025-11-16 17:00:00+00:00
[2025-11-10T13:22:16.987+0000] {processor.py:183} INFO - Processing /opt/airflow/dags/dags_python_task_decorator.py took 0.141 seconds
[2025-11-10T13:22:47.200+0000] {processor.py:161} INFO - Started process (PID=39037) to work on /opt/airflow/dags/dags_python_task_decorator.py
[2025-11-10T13:22:47.201+0000] {processor.py:830} INFO - Processing file /opt/airflow/dags/dags_python_task_decorator.py for tasks to queue
[2025-11-10T13:22:47.203+0000] {logging_mixin.py:188} INFO - [2025-11-10T13:22:47.203+0000] {dagbag.py:538} INFO - Filling up the DagBag from /opt/airflow/dags/dags_python_task_decorator.py
[2025-11-10T13:22:47.234+0000] {processor.py:840} INFO - DAG(s) 'dags_python_task_Decorator' retrieved from /opt/airflow/dags/dags_python_task_decorator.py
[2025-11-10T13:22:47.265+0000] {logging_mixin.py:188} INFO - [2025-11-10T13:22:47.265+0000] {dag.py:3036} INFO - Sync 1 DAGs
[2025-11-10T13:22:47.300+0000] {logging_mixin.py:188} INFO - [2025-11-10T13:22:47.300+0000] {dag.py:3823} INFO - Setting next_dagrun for dags_python_task_Decorator to 2025-11-09 17:00:00+00:00, run_after=2025-11-16 17:00:00+00:00
[2025-11-10T13:22:47.335+0000] {processor.py:183} INFO - Processing /opt/airflow/dags/dags_python_task_decorator.py took 0.141 seconds
[2025-11-10T13:23:17.824+0000] {processor.py:161} INFO - Started process (PID=39096) to work on /opt/airflow/dags/dags_python_task_decorator.py
[2025-11-10T13:23:17.830+0000] {processor.py:830} INFO - Processing file /opt/airflow/dags/dags_python_task_decorator.py for tasks to queue
[2025-11-10T13:23:17.833+0000] {logging_mixin.py:188} INFO - [2025-11-10T13:23:17.832+0000] {dagbag.py:538} INFO - Filling up the DagBag from /opt/airflow/dags/dags_python_task_decorator.py
[2025-11-10T13:23:17.877+0000] {processor.py:840} INFO - DAG(s) 'dags_python_task_Decorator' retrieved from /opt/airflow/dags/dags_python_task_decorator.py
[2025-11-10T13:23:17.929+0000] {logging_mixin.py:188} INFO - [2025-11-10T13:23:17.929+0000] {dag.py:3036} INFO - Sync 1 DAGs
[2025-11-10T13:23:17.989+0000] {logging_mixin.py:188} INFO - [2025-11-10T13:23:17.989+0000] {dag.py:3823} INFO - Setting next_dagrun for dags_python_task_Decorator to 2025-11-09 17:00:00+00:00, run_after=2025-11-16 17:00:00+00:00
[2025-11-10T13:23:18.045+0000] {processor.py:183} INFO - Processing /opt/airflow/dags/dags_python_task_decorator.py took 0.231 seconds
[2025-11-10T13:23:49.036+0000] {processor.py:161} INFO - Started process (PID=39155) to work on /opt/airflow/dags/dags_python_task_decorator.py
[2025-11-10T13:23:49.039+0000] {processor.py:830} INFO - Processing file /opt/airflow/dags/dags_python_task_decorator.py for tasks to queue
[2025-11-10T13:23:49.041+0000] {logging_mixin.py:188} INFO - [2025-11-10T13:23:49.040+0000] {dagbag.py:538} INFO - Filling up the DagBag from /opt/airflow/dags/dags_python_task_decorator.py
[2025-11-10T13:23:49.067+0000] {processor.py:840} INFO - DAG(s) 'dags_python_task_Decorator' retrieved from /opt/airflow/dags/dags_python_task_decorator.py
[2025-11-10T13:23:49.098+0000] {logging_mixin.py:188} INFO - [2025-11-10T13:23:49.097+0000] {dag.py:3036} INFO - Sync 1 DAGs
[2025-11-10T13:23:49.132+0000] {logging_mixin.py:188} INFO - [2025-11-10T13:23:49.132+0000] {dag.py:3823} INFO - Setting next_dagrun for dags_python_task_Decorator to 2025-11-09 17:00:00+00:00, run_after=2025-11-16 17:00:00+00:00
[2025-11-10T13:23:49.161+0000] {processor.py:183} INFO - Processing /opt/airflow/dags/dags_python_task_decorator.py took 0.130 seconds
[2025-11-10T13:24:19.715+0000] {processor.py:161} INFO - Started process (PID=39215) to work on /opt/airflow/dags/dags_python_task_decorator.py
[2025-11-10T13:24:19.719+0000] {processor.py:830} INFO - Processing file /opt/airflow/dags/dags_python_task_decorator.py for tasks to queue
[2025-11-10T13:24:19.722+0000] {logging_mixin.py:188} INFO - [2025-11-10T13:24:19.721+0000] {dagbag.py:538} INFO - Filling up the DagBag from /opt/airflow/dags/dags_python_task_decorator.py
[2025-11-10T13:24:19.773+0000] {processor.py:840} INFO - DAG(s) 'dags_python_task_Decorator' retrieved from /opt/airflow/dags/dags_python_task_decorator.py
[2025-11-10T13:24:19.819+0000] {logging_mixin.py:188} INFO - [2025-11-10T13:24:19.818+0000] {dag.py:3036} INFO - Sync 1 DAGs
[2025-11-10T13:24:19.858+0000] {logging_mixin.py:188} INFO - [2025-11-10T13:24:19.858+0000] {dag.py:3823} INFO - Setting next_dagrun for dags_python_task_Decorator to 2025-11-09 17:00:00+00:00, run_after=2025-11-16 17:00:00+00:00
[2025-11-10T13:24:19.894+0000] {processor.py:183} INFO - Processing /opt/airflow/dags/dags_python_task_decorator.py took 0.185 seconds
[2025-11-10T13:24:50.123+0000] {processor.py:161} INFO - Started process (PID=39274) to work on /opt/airflow/dags/dags_python_task_decorator.py
[2025-11-10T13:24:50.124+0000] {processor.py:830} INFO - Processing file /opt/airflow/dags/dags_python_task_decorator.py for tasks to queue
[2025-11-10T13:24:50.125+0000] {logging_mixin.py:188} INFO - [2025-11-10T13:24:50.125+0000] {dagbag.py:538} INFO - Filling up the DagBag from /opt/airflow/dags/dags_python_task_decorator.py
[2025-11-10T13:24:50.151+0000] {processor.py:840} INFO - DAG(s) 'dags_python_task_Decorator' retrieved from /opt/airflow/dags/dags_python_task_decorator.py
[2025-11-10T13:24:50.177+0000] {logging_mixin.py:188} INFO - [2025-11-10T13:24:50.177+0000] {dag.py:3036} INFO - Sync 1 DAGs
[2025-11-10T13:24:50.205+0000] {logging_mixin.py:188} INFO - [2025-11-10T13:24:50.205+0000] {dag.py:3823} INFO - Setting next_dagrun for dags_python_task_Decorator to 2025-11-09 17:00:00+00:00, run_after=2025-11-16 17:00:00+00:00
[2025-11-10T13:24:50.238+0000] {processor.py:183} INFO - Processing /opt/airflow/dags/dags_python_task_decorator.py took 0.120 seconds
[2025-11-10T13:25:20.920+0000] {processor.py:161} INFO - Started process (PID=39333) to work on /opt/airflow/dags/dags_python_task_decorator.py
[2025-11-10T13:25:20.921+0000] {processor.py:830} INFO - Processing file /opt/airflow/dags/dags_python_task_decorator.py for tasks to queue
[2025-11-10T13:25:20.923+0000] {logging_mixin.py:188} INFO - [2025-11-10T13:25:20.923+0000] {dagbag.py:538} INFO - Filling up the DagBag from /opt/airflow/dags/dags_python_task_decorator.py
[2025-11-10T13:25:20.947+0000] {processor.py:840} INFO - DAG(s) 'dags_python_task_Decorator' retrieved from /opt/airflow/dags/dags_python_task_decorator.py
[2025-11-10T13:25:20.979+0000] {logging_mixin.py:188} INFO - [2025-11-10T13:25:20.978+0000] {dag.py:3036} INFO - Sync 1 DAGs
[2025-11-10T13:25:21.011+0000] {logging_mixin.py:188} INFO - [2025-11-10T13:25:21.011+0000] {dag.py:3823} INFO - Setting next_dagrun for dags_python_task_Decorator to 2025-11-09 17:00:00+00:00, run_after=2025-11-16 17:00:00+00:00
[2025-11-10T13:25:21.038+0000] {processor.py:183} INFO - Processing /opt/airflow/dags/dags_python_task_decorator.py took 0.123 seconds
[2025-11-10T13:25:51.629+0000] {processor.py:161} INFO - Started process (PID=39392) to work on /opt/airflow/dags/dags_python_task_decorator.py
[2025-11-10T13:25:51.633+0000] {processor.py:830} INFO - Processing file /opt/airflow/dags/dags_python_task_decorator.py for tasks to queue
[2025-11-10T13:25:51.635+0000] {logging_mixin.py:188} INFO - [2025-11-10T13:25:51.634+0000] {dagbag.py:538} INFO - Filling up the DagBag from /opt/airflow/dags/dags_python_task_decorator.py
[2025-11-10T13:25:51.676+0000] {processor.py:840} INFO - DAG(s) 'dags_python_task_Decorator' retrieved from /opt/airflow/dags/dags_python_task_decorator.py
[2025-11-10T13:25:51.724+0000] {logging_mixin.py:188} INFO - [2025-11-10T13:25:51.723+0000] {dag.py:3036} INFO - Sync 1 DAGs
[2025-11-10T13:25:51.781+0000] {logging_mixin.py:188} INFO - [2025-11-10T13:25:51.781+0000] {dag.py:3823} INFO - Setting next_dagrun for dags_python_task_Decorator to 2025-11-09 17:00:00+00:00, run_after=2025-11-16 17:00:00+00:00
[2025-11-10T13:25:51.829+0000] {processor.py:183} INFO - Processing /opt/airflow/dags/dags_python_task_decorator.py took 0.209 seconds
[2025-11-10T13:26:22.877+0000] {processor.py:161} INFO - Started process (PID=39451) to work on /opt/airflow/dags/dags_python_task_decorator.py
[2025-11-10T13:26:22.878+0000] {processor.py:830} INFO - Processing file /opt/airflow/dags/dags_python_task_decorator.py for tasks to queue
[2025-11-10T13:26:22.880+0000] {logging_mixin.py:188} INFO - [2025-11-10T13:26:22.880+0000] {dagbag.py:538} INFO - Filling up the DagBag from /opt/airflow/dags/dags_python_task_decorator.py
[2025-11-10T13:26:22.909+0000] {processor.py:840} INFO - DAG(s) 'dags_python_task_Decorator' retrieved from /opt/airflow/dags/dags_python_task_decorator.py
[2025-11-10T13:26:22.937+0000] {logging_mixin.py:188} INFO - [2025-11-10T13:26:22.936+0000] {dag.py:3036} INFO - Sync 1 DAGs
[2025-11-10T13:26:22.966+0000] {logging_mixin.py:188} INFO - [2025-11-10T13:26:22.966+0000] {dag.py:3823} INFO - Setting next_dagrun for dags_python_task_Decorator to 2025-11-09 17:00:00+00:00, run_after=2025-11-16 17:00:00+00:00
[2025-11-10T13:26:23.010+0000] {processor.py:183} INFO - Processing /opt/airflow/dags/dags_python_task_decorator.py took 0.138 seconds
[2025-11-10T13:26:53.233+0000] {processor.py:161} INFO - Started process (PID=39510) to work on /opt/airflow/dags/dags_python_task_decorator.py
[2025-11-10T13:26:53.234+0000] {processor.py:830} INFO - Processing file /opt/airflow/dags/dags_python_task_decorator.py for tasks to queue
[2025-11-10T13:26:53.236+0000] {logging_mixin.py:188} INFO - [2025-11-10T13:26:53.235+0000] {dagbag.py:538} INFO - Filling up the DagBag from /opt/airflow/dags/dags_python_task_decorator.py
[2025-11-10T13:26:53.261+0000] {processor.py:840} INFO - DAG(s) 'dags_python_task_Decorator' retrieved from /opt/airflow/dags/dags_python_task_decorator.py
[2025-11-10T13:26:53.291+0000] {logging_mixin.py:188} INFO - [2025-11-10T13:26:53.291+0000] {dag.py:3036} INFO - Sync 1 DAGs
[2025-11-10T13:26:53.318+0000] {logging_mixin.py:188} INFO - [2025-11-10T13:26:53.318+0000] {dag.py:3823} INFO - Setting next_dagrun for dags_python_task_Decorator to 2025-11-09 17:00:00+00:00, run_after=2025-11-16 17:00:00+00:00
[2025-11-10T13:26:53.345+0000] {processor.py:183} INFO - Processing /opt/airflow/dags/dags_python_task_decorator.py took 0.117 seconds
[2025-11-10T13:27:23.566+0000] {processor.py:161} INFO - Started process (PID=39569) to work on /opt/airflow/dags/dags_python_task_decorator.py
[2025-11-10T13:27:23.567+0000] {processor.py:830} INFO - Processing file /opt/airflow/dags/dags_python_task_decorator.py for tasks to queue
[2025-11-10T13:27:23.568+0000] {logging_mixin.py:188} INFO - [2025-11-10T13:27:23.568+0000] {dagbag.py:538} INFO - Filling up the DagBag from /opt/airflow/dags/dags_python_task_decorator.py
[2025-11-10T13:27:23.593+0000] {processor.py:840} INFO - DAG(s) 'dags_python_task_Decorator' retrieved from /opt/airflow/dags/dags_python_task_decorator.py
[2025-11-10T13:27:23.620+0000] {logging_mixin.py:188} INFO - [2025-11-10T13:27:23.620+0000] {dag.py:3036} INFO - Sync 1 DAGs
[2025-11-10T13:27:23.648+0000] {logging_mixin.py:188} INFO - [2025-11-10T13:27:23.648+0000] {dag.py:3823} INFO - Setting next_dagrun for dags_python_task_Decorator to 2025-11-09 17:00:00+00:00, run_after=2025-11-16 17:00:00+00:00
[2025-11-10T13:27:23.678+0000] {processor.py:183} INFO - Processing /opt/airflow/dags/dags_python_task_decorator.py took 0.117 seconds
[2025-11-10T13:27:53.868+0000] {processor.py:161} INFO - Started process (PID=39628) to work on /opt/airflow/dags/dags_python_task_decorator.py
[2025-11-10T13:27:53.871+0000] {processor.py:830} INFO - Processing file /opt/airflow/dags/dags_python_task_decorator.py for tasks to queue
[2025-11-10T13:27:53.875+0000] {logging_mixin.py:188} INFO - [2025-11-10T13:27:53.873+0000] {dagbag.py:538} INFO - Filling up the DagBag from /opt/airflow/dags/dags_python_task_decorator.py
[2025-11-10T13:27:53.915+0000] {processor.py:840} INFO - DAG(s) 'dags_python_task_Decorator' retrieved from /opt/airflow/dags/dags_python_task_decorator.py
[2025-11-10T13:27:53.959+0000] {logging_mixin.py:188} INFO - [2025-11-10T13:27:53.959+0000] {dag.py:3036} INFO - Sync 1 DAGs
[2025-11-10T13:27:54.003+0000] {logging_mixin.py:188} INFO - [2025-11-10T13:27:54.003+0000] {dag.py:3823} INFO - Setting next_dagrun for dags_python_task_Decorator to 2025-11-09 17:00:00+00:00, run_after=2025-11-16 17:00:00+00:00
[2025-11-10T13:27:54.054+0000] {processor.py:183} INFO - Processing /opt/airflow/dags/dags_python_task_decorator.py took 0.194 seconds
[2025-11-10T13:28:24.919+0000] {processor.py:161} INFO - Started process (PID=39687) to work on /opt/airflow/dags/dags_python_task_decorator.py
[2025-11-10T13:28:24.921+0000] {processor.py:830} INFO - Processing file /opt/airflow/dags/dags_python_task_decorator.py for tasks to queue
[2025-11-10T13:28:24.923+0000] {logging_mixin.py:188} INFO - [2025-11-10T13:28:24.923+0000] {dagbag.py:538} INFO - Filling up the DagBag from /opt/airflow/dags/dags_python_task_decorator.py
[2025-11-10T13:28:24.954+0000] {processor.py:840} INFO - DAG(s) 'dags_python_task_Decorator' retrieved from /opt/airflow/dags/dags_python_task_decorator.py
[2025-11-10T13:28:24.992+0000] {logging_mixin.py:188} INFO - [2025-11-10T13:28:24.992+0000] {dag.py:3036} INFO - Sync 1 DAGs
[2025-11-10T13:28:25.030+0000] {logging_mixin.py:188} INFO - [2025-11-10T13:28:25.029+0000] {dag.py:3823} INFO - Setting next_dagrun for dags_python_task_Decorator to 2025-11-09 17:00:00+00:00, run_after=2025-11-16 17:00:00+00:00
[2025-11-10T13:28:25.063+0000] {processor.py:183} INFO - Processing /opt/airflow/dags/dags_python_task_decorator.py took 0.152 seconds
[2025-11-10T13:28:55.665+0000] {processor.py:161} INFO - Started process (PID=39746) to work on /opt/airflow/dags/dags_python_task_decorator.py
[2025-11-10T13:28:55.667+0000] {processor.py:830} INFO - Processing file /opt/airflow/dags/dags_python_task_decorator.py for tasks to queue
[2025-11-10T13:28:55.669+0000] {logging_mixin.py:188} INFO - [2025-11-10T13:28:55.669+0000] {dagbag.py:538} INFO - Filling up the DagBag from /opt/airflow/dags/dags_python_task_decorator.py
[2025-11-10T13:28:55.691+0000] {processor.py:840} INFO - DAG(s) 'dags_python_task_Decorator' retrieved from /opt/airflow/dags/dags_python_task_decorator.py
[2025-11-10T13:28:55.719+0000] {logging_mixin.py:188} INFO - [2025-11-10T13:28:55.719+0000] {dag.py:3036} INFO - Sync 1 DAGs
[2025-11-10T13:28:55.756+0000] {logging_mixin.py:188} INFO - [2025-11-10T13:28:55.756+0000] {dag.py:3823} INFO - Setting next_dagrun for dags_python_task_Decorator to 2025-11-09 17:00:00+00:00, run_after=2025-11-16 17:00:00+00:00
[2025-11-10T13:28:55.795+0000] {processor.py:183} INFO - Processing /opt/airflow/dags/dags_python_task_decorator.py took 0.134 seconds
[2025-11-10T13:29:25.900+0000] {processor.py:161} INFO - Started process (PID=39805) to work on /opt/airflow/dags/dags_python_task_decorator.py
[2025-11-10T13:29:25.902+0000] {processor.py:830} INFO - Processing file /opt/airflow/dags/dags_python_task_decorator.py for tasks to queue
[2025-11-10T13:29:25.903+0000] {logging_mixin.py:188} INFO - [2025-11-10T13:29:25.903+0000] {dagbag.py:538} INFO - Filling up the DagBag from /opt/airflow/dags/dags_python_task_decorator.py
[2025-11-10T13:29:25.927+0000] {processor.py:840} INFO - DAG(s) 'dags_python_task_Decorator' retrieved from /opt/airflow/dags/dags_python_task_decorator.py
[2025-11-10T13:29:25.957+0000] {logging_mixin.py:188} INFO - [2025-11-10T13:29:25.957+0000] {dag.py:3036} INFO - Sync 1 DAGs
[2025-11-10T13:29:25.985+0000] {logging_mixin.py:188} INFO - [2025-11-10T13:29:25.984+0000] {dag.py:3823} INFO - Setting next_dagrun for dags_python_task_Decorator to 2025-11-09 17:00:00+00:00, run_after=2025-11-16 17:00:00+00:00
[2025-11-10T13:29:26.014+0000] {processor.py:183} INFO - Processing /opt/airflow/dags/dags_python_task_decorator.py took 0.118 seconds
[2025-11-10T13:29:56.198+0000] {processor.py:161} INFO - Started process (PID=39864) to work on /opt/airflow/dags/dags_python_task_decorator.py
[2025-11-10T13:29:56.199+0000] {processor.py:830} INFO - Processing file /opt/airflow/dags/dags_python_task_decorator.py for tasks to queue
[2025-11-10T13:29:56.201+0000] {logging_mixin.py:188} INFO - [2025-11-10T13:29:56.200+0000] {dagbag.py:538} INFO - Filling up the DagBag from /opt/airflow/dags/dags_python_task_decorator.py
[2025-11-10T13:29:56.222+0000] {processor.py:840} INFO - DAG(s) 'dags_python_task_Decorator' retrieved from /opt/airflow/dags/dags_python_task_decorator.py
[2025-11-10T13:29:56.249+0000] {logging_mixin.py:188} INFO - [2025-11-10T13:29:56.249+0000] {dag.py:3036} INFO - Sync 1 DAGs
[2025-11-10T13:29:56.277+0000] {logging_mixin.py:188} INFO - [2025-11-10T13:29:56.277+0000] {dag.py:3823} INFO - Setting next_dagrun for dags_python_task_Decorator to 2025-11-09 17:00:00+00:00, run_after=2025-11-16 17:00:00+00:00
[2025-11-10T13:29:56.305+0000] {processor.py:183} INFO - Processing /opt/airflow/dags/dags_python_task_decorator.py took 0.112 seconds
[2025-11-10T13:30:26.733+0000] {processor.py:161} INFO - Started process (PID=39923) to work on /opt/airflow/dags/dags_python_task_decorator.py
[2025-11-10T13:30:26.734+0000] {processor.py:830} INFO - Processing file /opt/airflow/dags/dags_python_task_decorator.py for tasks to queue
[2025-11-10T13:30:26.736+0000] {logging_mixin.py:188} INFO - [2025-11-10T13:30:26.735+0000] {dagbag.py:538} INFO - Filling up the DagBag from /opt/airflow/dags/dags_python_task_decorator.py
[2025-11-10T13:30:26.766+0000] {processor.py:840} INFO - DAG(s) 'dags_python_task_Decorator' retrieved from /opt/airflow/dags/dags_python_task_decorator.py
[2025-11-10T13:30:26.825+0000] {logging_mixin.py:188} INFO - [2025-11-10T13:30:26.825+0000] {dag.py:3036} INFO - Sync 1 DAGs
[2025-11-10T13:30:26.928+0000] {logging_mixin.py:188} INFO - [2025-11-10T13:30:26.927+0000] {dag.py:3823} INFO - Setting next_dagrun for dags_python_task_Decorator to 2025-11-09 17:00:00+00:00, run_after=2025-11-16 17:00:00+00:00
[2025-11-10T13:30:26.983+0000] {processor.py:183} INFO - Processing /opt/airflow/dags/dags_python_task_decorator.py took 0.254 seconds
[2025-11-10T13:30:57.525+0000] {processor.py:161} INFO - Started process (PID=39982) to work on /opt/airflow/dags/dags_python_task_decorator.py
[2025-11-10T13:30:57.526+0000] {processor.py:830} INFO - Processing file /opt/airflow/dags/dags_python_task_decorator.py for tasks to queue
[2025-11-10T13:30:57.528+0000] {logging_mixin.py:188} INFO - [2025-11-10T13:30:57.527+0000] {dagbag.py:538} INFO - Filling up the DagBag from /opt/airflow/dags/dags_python_task_decorator.py
[2025-11-10T13:30:57.555+0000] {processor.py:840} INFO - DAG(s) 'dags_python_task_Decorator' retrieved from /opt/airflow/dags/dags_python_task_decorator.py
[2025-11-10T13:30:57.581+0000] {logging_mixin.py:188} INFO - [2025-11-10T13:30:57.580+0000] {dag.py:3036} INFO - Sync 1 DAGs
[2025-11-10T13:30:57.607+0000] {logging_mixin.py:188} INFO - [2025-11-10T13:30:57.607+0000] {dag.py:3823} INFO - Setting next_dagrun for dags_python_task_Decorator to 2025-11-09 17:00:00+00:00, run_after=2025-11-16 17:00:00+00:00
[2025-11-10T13:30:57.643+0000] {processor.py:183} INFO - Processing /opt/airflow/dags/dags_python_task_decorator.py took 0.123 seconds
[2025-11-10T13:31:27.898+0000] {processor.py:161} INFO - Started process (PID=40041) to work on /opt/airflow/dags/dags_python_task_decorator.py
[2025-11-10T13:31:27.899+0000] {processor.py:830} INFO - Processing file /opt/airflow/dags/dags_python_task_decorator.py for tasks to queue
[2025-11-10T13:31:27.901+0000] {logging_mixin.py:188} INFO - [2025-11-10T13:31:27.900+0000] {dagbag.py:538} INFO - Filling up the DagBag from /opt/airflow/dags/dags_python_task_decorator.py
[2025-11-10T13:31:27.926+0000] {processor.py:840} INFO - DAG(s) 'dags_python_task_Decorator' retrieved from /opt/airflow/dags/dags_python_task_decorator.py
[2025-11-10T13:31:27.954+0000] {logging_mixin.py:188} INFO - [2025-11-10T13:31:27.953+0000] {dag.py:3036} INFO - Sync 1 DAGs
[2025-11-10T13:31:27.982+0000] {logging_mixin.py:188} INFO - [2025-11-10T13:31:27.982+0000] {dag.py:3823} INFO - Setting next_dagrun for dags_python_task_Decorator to 2025-11-09 17:00:00+00:00, run_after=2025-11-16 17:00:00+00:00
[2025-11-10T13:31:28.017+0000] {processor.py:183} INFO - Processing /opt/airflow/dags/dags_python_task_decorator.py took 0.124 seconds
[2025-11-10T13:31:58.444+0000] {processor.py:161} INFO - Started process (PID=40100) to work on /opt/airflow/dags/dags_python_task_decorator.py
[2025-11-10T13:31:58.446+0000] {processor.py:830} INFO - Processing file /opt/airflow/dags/dags_python_task_decorator.py for tasks to queue
[2025-11-10T13:31:58.447+0000] {logging_mixin.py:188} INFO - [2025-11-10T13:31:58.447+0000] {dagbag.py:538} INFO - Filling up the DagBag from /opt/airflow/dags/dags_python_task_decorator.py
[2025-11-10T13:31:58.470+0000] {processor.py:840} INFO - DAG(s) 'dags_python_task_Decorator' retrieved from /opt/airflow/dags/dags_python_task_decorator.py
[2025-11-10T13:31:58.501+0000] {logging_mixin.py:188} INFO - [2025-11-10T13:31:58.500+0000] {dag.py:3036} INFO - Sync 1 DAGs
[2025-11-10T13:31:58.529+0000] {logging_mixin.py:188} INFO - [2025-11-10T13:31:58.529+0000] {dag.py:3823} INFO - Setting next_dagrun for dags_python_task_Decorator to 2025-11-09 17:00:00+00:00, run_after=2025-11-16 17:00:00+00:00
[2025-11-10T13:31:58.563+0000] {processor.py:183} INFO - Processing /opt/airflow/dags/dags_python_task_decorator.py took 0.124 seconds
[2025-11-10T13:32:29.130+0000] {processor.py:161} INFO - Started process (PID=40159) to work on /opt/airflow/dags/dags_python_task_decorator.py
[2025-11-10T13:32:29.131+0000] {processor.py:830} INFO - Processing file /opt/airflow/dags/dags_python_task_decorator.py for tasks to queue
[2025-11-10T13:32:29.132+0000] {logging_mixin.py:188} INFO - [2025-11-10T13:32:29.132+0000] {dagbag.py:538} INFO - Filling up the DagBag from /opt/airflow/dags/dags_python_task_decorator.py
[2025-11-10T13:32:29.155+0000] {processor.py:840} INFO - DAG(s) 'dags_python_task_Decorator' retrieved from /opt/airflow/dags/dags_python_task_decorator.py
[2025-11-10T13:32:29.181+0000] {logging_mixin.py:188} INFO - [2025-11-10T13:32:29.181+0000] {dag.py:3036} INFO - Sync 1 DAGs
[2025-11-10T13:32:29.209+0000] {logging_mixin.py:188} INFO - [2025-11-10T13:32:29.209+0000] {dag.py:3823} INFO - Setting next_dagrun for dags_python_task_Decorator to 2025-11-09 17:00:00+00:00, run_after=2025-11-16 17:00:00+00:00
[2025-11-10T13:32:29.243+0000] {processor.py:183} INFO - Processing /opt/airflow/dags/dags_python_task_decorator.py took 0.117 seconds
[2025-11-10T13:32:59.862+0000] {processor.py:161} INFO - Started process (PID=40218) to work on /opt/airflow/dags/dags_python_task_decorator.py
[2025-11-10T13:32:59.863+0000] {processor.py:830} INFO - Processing file /opt/airflow/dags/dags_python_task_decorator.py for tasks to queue
[2025-11-10T13:32:59.865+0000] {logging_mixin.py:188} INFO - [2025-11-10T13:32:59.864+0000] {dagbag.py:538} INFO - Filling up the DagBag from /opt/airflow/dags/dags_python_task_decorator.py
[2025-11-10T13:32:59.886+0000] {processor.py:840} INFO - DAG(s) 'dags_python_task_Decorator' retrieved from /opt/airflow/dags/dags_python_task_decorator.py
[2025-11-10T13:32:59.911+0000] {logging_mixin.py:188} INFO - [2025-11-10T13:32:59.911+0000] {dag.py:3036} INFO - Sync 1 DAGs
[2025-11-10T13:32:59.941+0000] {logging_mixin.py:188} INFO - [2025-11-10T13:32:59.940+0000] {dag.py:3823} INFO - Setting next_dagrun for dags_python_task_Decorator to 2025-11-09 17:00:00+00:00, run_after=2025-11-16 17:00:00+00:00
[2025-11-10T13:32:59.967+0000] {processor.py:183} INFO - Processing /opt/airflow/dags/dags_python_task_decorator.py took 0.110 seconds
[2025-11-10T13:33:30.491+0000] {processor.py:161} INFO - Started process (PID=40277) to work on /opt/airflow/dags/dags_python_task_decorator.py
[2025-11-10T13:33:30.494+0000] {processor.py:830} INFO - Processing file /opt/airflow/dags/dags_python_task_decorator.py for tasks to queue
[2025-11-10T13:33:30.496+0000] {logging_mixin.py:188} INFO - [2025-11-10T13:33:30.495+0000] {dagbag.py:538} INFO - Filling up the DagBag from /opt/airflow/dags/dags_python_task_decorator.py
[2025-11-10T13:33:30.531+0000] {processor.py:840} INFO - DAG(s) 'dags_python_task_Decorator' retrieved from /opt/airflow/dags/dags_python_task_decorator.py
[2025-11-10T13:33:30.577+0000] {logging_mixin.py:188} INFO - [2025-11-10T13:33:30.576+0000] {dag.py:3036} INFO - Sync 1 DAGs
[2025-11-10T13:33:30.633+0000] {logging_mixin.py:188} INFO - [2025-11-10T13:33:30.633+0000] {dag.py:3823} INFO - Setting next_dagrun for dags_python_task_Decorator to 2025-11-09 17:00:00+00:00, run_after=2025-11-16 17:00:00+00:00
[2025-11-10T13:33:30.680+0000] {processor.py:183} INFO - Processing /opt/airflow/dags/dags_python_task_decorator.py took 0.197 seconds
[2025-11-10T13:34:00.810+0000] {processor.py:161} INFO - Started process (PID=40336) to work on /opt/airflow/dags/dags_python_task_decorator.py
[2025-11-10T13:34:00.812+0000] {processor.py:830} INFO - Processing file /opt/airflow/dags/dags_python_task_decorator.py for tasks to queue
[2025-11-10T13:34:00.813+0000] {logging_mixin.py:188} INFO - [2025-11-10T13:34:00.813+0000] {dagbag.py:538} INFO - Filling up the DagBag from /opt/airflow/dags/dags_python_task_decorator.py
[2025-11-10T13:34:00.848+0000] {processor.py:840} INFO - DAG(s) 'dags_python_task_Decorator' retrieved from /opt/airflow/dags/dags_python_task_decorator.py
[2025-11-10T13:34:00.880+0000] {logging_mixin.py:188} INFO - [2025-11-10T13:34:00.880+0000] {dag.py:3036} INFO - Sync 1 DAGs
[2025-11-10T13:34:00.922+0000] {logging_mixin.py:188} INFO - [2025-11-10T13:34:00.922+0000] {dag.py:3823} INFO - Setting next_dagrun for dags_python_task_Decorator to 2025-11-09 17:00:00+00:00, run_after=2025-11-16 17:00:00+00:00
[2025-11-10T13:34:00.963+0000] {processor.py:183} INFO - Processing /opt/airflow/dags/dags_python_task_decorator.py took 0.160 seconds
[2025-11-10T13:34:31.319+0000] {processor.py:161} INFO - Started process (PID=40393) to work on /opt/airflow/dags/dags_python_task_decorator.py
[2025-11-10T13:34:31.321+0000] {processor.py:830} INFO - Processing file /opt/airflow/dags/dags_python_task_decorator.py for tasks to queue
[2025-11-10T13:34:31.322+0000] {logging_mixin.py:188} INFO - [2025-11-10T13:34:31.322+0000] {dagbag.py:538} INFO - Filling up the DagBag from /opt/airflow/dags/dags_python_task_decorator.py
[2025-11-10T13:34:31.347+0000] {processor.py:840} INFO - DAG(s) 'dags_python_task_Decorator' retrieved from /opt/airflow/dags/dags_python_task_decorator.py
[2025-11-10T13:34:31.374+0000] {logging_mixin.py:188} INFO - [2025-11-10T13:34:31.373+0000] {dag.py:3036} INFO - Sync 1 DAGs
[2025-11-10T13:34:31.401+0000] {logging_mixin.py:188} INFO - [2025-11-10T13:34:31.400+0000] {dag.py:3823} INFO - Setting next_dagrun for dags_python_task_Decorator to 2025-11-09 17:00:00+00:00, run_after=2025-11-16 17:00:00+00:00
[2025-11-10T13:34:31.427+0000] {processor.py:183} INFO - Processing /opt/airflow/dags/dags_python_task_decorator.py took 0.112 seconds
[2025-11-10T13:35:01.694+0000] {processor.py:161} INFO - Started process (PID=40452) to work on /opt/airflow/dags/dags_python_task_decorator.py
[2025-11-10T13:35:01.695+0000] {processor.py:830} INFO - Processing file /opt/airflow/dags/dags_python_task_decorator.py for tasks to queue
[2025-11-10T13:35:01.697+0000] {logging_mixin.py:188} INFO - [2025-11-10T13:35:01.696+0000] {dagbag.py:538} INFO - Filling up the DagBag from /opt/airflow/dags/dags_python_task_decorator.py
[2025-11-10T13:35:01.723+0000] {processor.py:840} INFO - DAG(s) 'dags_python_task_Decorator' retrieved from /opt/airflow/dags/dags_python_task_decorator.py
[2025-11-10T13:35:01.750+0000] {logging_mixin.py:188} INFO - [2025-11-10T13:35:01.749+0000] {dag.py:3036} INFO - Sync 1 DAGs
[2025-11-10T13:35:01.778+0000] {logging_mixin.py:188} INFO - [2025-11-10T13:35:01.778+0000] {dag.py:3823} INFO - Setting next_dagrun for dags_python_task_Decorator to 2025-11-09 17:00:00+00:00, run_after=2025-11-16 17:00:00+00:00
[2025-11-10T13:35:01.813+0000] {processor.py:183} INFO - Processing /opt/airflow/dags/dags_python_task_decorator.py took 0.124 seconds
[2025-11-10T13:35:32.017+0000] {processor.py:161} INFO - Started process (PID=40511) to work on /opt/airflow/dags/dags_python_task_decorator.py
[2025-11-10T13:35:32.018+0000] {processor.py:830} INFO - Processing file /opt/airflow/dags/dags_python_task_decorator.py for tasks to queue
[2025-11-10T13:35:32.019+0000] {logging_mixin.py:188} INFO - [2025-11-10T13:35:32.019+0000] {dagbag.py:538} INFO - Filling up the DagBag from /opt/airflow/dags/dags_python_task_decorator.py
[2025-11-10T13:35:32.044+0000] {processor.py:840} INFO - DAG(s) 'dags_python_task_Decorator' retrieved from /opt/airflow/dags/dags_python_task_decorator.py
[2025-11-10T13:35:32.070+0000] {logging_mixin.py:188} INFO - [2025-11-10T13:35:32.070+0000] {dag.py:3036} INFO - Sync 1 DAGs
[2025-11-10T13:35:32.097+0000] {logging_mixin.py:188} INFO - [2025-11-10T13:35:32.097+0000] {dag.py:3823} INFO - Setting next_dagrun for dags_python_task_Decorator to 2025-11-09 17:00:00+00:00, run_after=2025-11-16 17:00:00+00:00
[2025-11-10T13:35:32.130+0000] {processor.py:183} INFO - Processing /opt/airflow/dags/dags_python_task_decorator.py took 0.118 seconds
[2025-11-10T13:36:02.187+0000] {processor.py:161} INFO - Started process (PID=40570) to work on /opt/airflow/dags/dags_python_task_decorator.py
[2025-11-10T13:36:02.188+0000] {processor.py:830} INFO - Processing file /opt/airflow/dags/dags_python_task_decorator.py for tasks to queue
[2025-11-10T13:36:02.189+0000] {logging_mixin.py:188} INFO - [2025-11-10T13:36:02.189+0000] {dagbag.py:538} INFO - Filling up the DagBag from /opt/airflow/dags/dags_python_task_decorator.py
[2025-11-10T13:36:02.211+0000] {processor.py:840} INFO - DAG(s) 'dags_python_task_Decorator' retrieved from /opt/airflow/dags/dags_python_task_decorator.py
[2025-11-10T13:36:02.236+0000] {logging_mixin.py:188} INFO - [2025-11-10T13:36:02.236+0000] {dag.py:3036} INFO - Sync 1 DAGs
[2025-11-10T13:36:02.262+0000] {logging_mixin.py:188} INFO - [2025-11-10T13:36:02.262+0000] {dag.py:3823} INFO - Setting next_dagrun for dags_python_task_Decorator to 2025-11-09 17:00:00+00:00, run_after=2025-11-16 17:00:00+00:00
[2025-11-10T13:36:02.286+0000] {processor.py:183} INFO - Processing /opt/airflow/dags/dags_python_task_decorator.py took 0.104 seconds
[2025-11-10T13:36:32.559+0000] {processor.py:161} INFO - Started process (PID=40628) to work on /opt/airflow/dags/dags_python_task_decorator.py
[2025-11-10T13:36:32.561+0000] {processor.py:830} INFO - Processing file /opt/airflow/dags/dags_python_task_decorator.py for tasks to queue
[2025-11-10T13:36:32.562+0000] {logging_mixin.py:188} INFO - [2025-11-10T13:36:32.562+0000] {dagbag.py:538} INFO - Filling up the DagBag from /opt/airflow/dags/dags_python_task_decorator.py
[2025-11-10T13:36:32.583+0000] {processor.py:840} INFO - DAG(s) 'dags_python_task_Decorator' retrieved from /opt/airflow/dags/dags_python_task_decorator.py
[2025-11-10T13:36:32.609+0000] {logging_mixin.py:188} INFO - [2025-11-10T13:36:32.608+0000] {dag.py:3036} INFO - Sync 1 DAGs
[2025-11-10T13:36:32.635+0000] {logging_mixin.py:188} INFO - [2025-11-10T13:36:32.635+0000] {dag.py:3823} INFO - Setting next_dagrun for dags_python_task_Decorator to 2025-11-09 17:00:00+00:00, run_after=2025-11-16 17:00:00+00:00
[2025-11-10T13:36:32.662+0000] {processor.py:183} INFO - Processing /opt/airflow/dags/dags_python_task_decorator.py took 0.107 seconds
[2025-11-10T13:37:03.356+0000] {processor.py:161} INFO - Started process (PID=40687) to work on /opt/airflow/dags/dags_python_task_decorator.py
[2025-11-10T13:37:03.358+0000] {processor.py:830} INFO - Processing file /opt/airflow/dags/dags_python_task_decorator.py for tasks to queue
[2025-11-10T13:37:03.359+0000] {logging_mixin.py:188} INFO - [2025-11-10T13:37:03.359+0000] {dagbag.py:538} INFO - Filling up the DagBag from /opt/airflow/dags/dags_python_task_decorator.py
[2025-11-10T13:37:03.396+0000] {processor.py:840} INFO - DAG(s) 'dags_python_task_Decorator' retrieved from /opt/airflow/dags/dags_python_task_decorator.py
[2025-11-10T13:37:03.436+0000] {logging_mixin.py:188} INFO - [2025-11-10T13:37:03.436+0000] {dag.py:3036} INFO - Sync 1 DAGs
[2025-11-10T13:37:03.480+0000] {logging_mixin.py:188} INFO - [2025-11-10T13:37:03.480+0000] {dag.py:3823} INFO - Setting next_dagrun for dags_python_task_Decorator to 2025-11-09 17:00:00+00:00, run_after=2025-11-16 17:00:00+00:00
[2025-11-10T13:37:03.526+0000] {processor.py:183} INFO - Processing /opt/airflow/dags/dags_python_task_decorator.py took 0.176 seconds
[2025-11-10T13:37:34.086+0000] {processor.py:161} INFO - Started process (PID=40746) to work on /opt/airflow/dags/dags_python_task_decorator.py
[2025-11-10T13:37:34.087+0000] {processor.py:830} INFO - Processing file /opt/airflow/dags/dags_python_task_decorator.py for tasks to queue
[2025-11-10T13:37:34.089+0000] {logging_mixin.py:188} INFO - [2025-11-10T13:37:34.088+0000] {dagbag.py:538} INFO - Filling up the DagBag from /opt/airflow/dags/dags_python_task_decorator.py
[2025-11-10T13:37:34.116+0000] {processor.py:840} INFO - DAG(s) 'dags_python_task_Decorator' retrieved from /opt/airflow/dags/dags_python_task_decorator.py
[2025-11-10T13:37:34.168+0000] {logging_mixin.py:188} INFO - [2025-11-10T13:37:34.168+0000] {dag.py:3036} INFO - Sync 1 DAGs
[2025-11-10T13:37:34.227+0000] {logging_mixin.py:188} INFO - [2025-11-10T13:37:34.226+0000] {dag.py:3823} INFO - Setting next_dagrun for dags_python_task_Decorator to 2025-11-09 17:00:00+00:00, run_after=2025-11-16 17:00:00+00:00
[2025-11-10T13:37:34.309+0000] {processor.py:183} INFO - Processing /opt/airflow/dags/dags_python_task_decorator.py took 0.228 seconds
[2025-11-10T13:38:05.265+0000] {processor.py:161} INFO - Started process (PID=40805) to work on /opt/airflow/dags/dags_python_task_decorator.py
[2025-11-10T13:38:05.267+0000] {processor.py:830} INFO - Processing file /opt/airflow/dags/dags_python_task_decorator.py for tasks to queue
[2025-11-10T13:38:05.269+0000] {logging_mixin.py:188} INFO - [2025-11-10T13:38:05.269+0000] {dagbag.py:538} INFO - Filling up the DagBag from /opt/airflow/dags/dags_python_task_decorator.py
[2025-11-10T13:38:05.301+0000] {processor.py:840} INFO - DAG(s) 'dags_python_task_Decorator' retrieved from /opt/airflow/dags/dags_python_task_decorator.py
[2025-11-10T13:38:05.340+0000] {logging_mixin.py:188} INFO - [2025-11-10T13:38:05.340+0000] {dag.py:3036} INFO - Sync 1 DAGs
[2025-11-10T13:38:05.385+0000] {logging_mixin.py:188} INFO - [2025-11-10T13:38:05.385+0000] {dag.py:3823} INFO - Setting next_dagrun for dags_python_task_Decorator to 2025-11-09 17:00:00+00:00, run_after=2025-11-16 17:00:00+00:00
[2025-11-10T13:38:05.432+0000] {processor.py:183} INFO - Processing /opt/airflow/dags/dags_python_task_decorator.py took 0.174 seconds
[2025-11-10T13:38:35.519+0000] {processor.py:161} INFO - Started process (PID=40864) to work on /opt/airflow/dags/dags_python_task_decorator.py
[2025-11-10T13:38:35.520+0000] {processor.py:830} INFO - Processing file /opt/airflow/dags/dags_python_task_decorator.py for tasks to queue
[2025-11-10T13:38:35.522+0000] {logging_mixin.py:188} INFO - [2025-11-10T13:38:35.521+0000] {dagbag.py:538} INFO - Filling up the DagBag from /opt/airflow/dags/dags_python_task_decorator.py
[2025-11-10T13:38:35.547+0000] {processor.py:840} INFO - DAG(s) 'dags_python_task_Decorator' retrieved from /opt/airflow/dags/dags_python_task_decorator.py
[2025-11-10T13:38:35.576+0000] {logging_mixin.py:188} INFO - [2025-11-10T13:38:35.576+0000] {dag.py:3036} INFO - Sync 1 DAGs
[2025-11-10T13:38:35.613+0000] {logging_mixin.py:188} INFO - [2025-11-10T13:38:35.613+0000] {dag.py:3823} INFO - Setting next_dagrun for dags_python_task_Decorator to 2025-11-09 17:00:00+00:00, run_after=2025-11-16 17:00:00+00:00
[2025-11-10T13:38:35.651+0000] {processor.py:183} INFO - Processing /opt/airflow/dags/dags_python_task_decorator.py took 0.137 seconds
[2025-11-10T13:39:05.920+0000] {processor.py:161} INFO - Started process (PID=40924) to work on /opt/airflow/dags/dags_python_task_decorator.py
[2025-11-10T13:39:05.921+0000] {processor.py:830} INFO - Processing file /opt/airflow/dags/dags_python_task_decorator.py for tasks to queue
[2025-11-10T13:39:05.923+0000] {logging_mixin.py:188} INFO - [2025-11-10T13:39:05.923+0000] {dagbag.py:538} INFO - Filling up the DagBag from /opt/airflow/dags/dags_python_task_decorator.py
[2025-11-10T13:39:05.949+0000] {processor.py:840} INFO - DAG(s) 'dags_python_task_Decorator' retrieved from /opt/airflow/dags/dags_python_task_decorator.py
[2025-11-10T13:39:05.975+0000] {logging_mixin.py:188} INFO - [2025-11-10T13:39:05.974+0000] {dag.py:3036} INFO - Sync 1 DAGs
[2025-11-10T13:39:06.002+0000] {logging_mixin.py:188} INFO - [2025-11-10T13:39:06.002+0000] {dag.py:3823} INFO - Setting next_dagrun for dags_python_task_Decorator to 2025-11-09 17:00:00+00:00, run_after=2025-11-16 17:00:00+00:00
[2025-11-10T13:39:06.030+0000] {processor.py:183} INFO - Processing /opt/airflow/dags/dags_python_task_decorator.py took 0.116 seconds
[2025-11-10T13:39:36.461+0000] {processor.py:161} INFO - Started process (PID=40984) to work on /opt/airflow/dags/dags_python_task_decorator.py
[2025-11-10T13:39:36.463+0000] {processor.py:830} INFO - Processing file /opt/airflow/dags/dags_python_task_decorator.py for tasks to queue
[2025-11-10T13:39:36.464+0000] {logging_mixin.py:188} INFO - [2025-11-10T13:39:36.464+0000] {dagbag.py:538} INFO - Filling up the DagBag from /opt/airflow/dags/dags_python_task_decorator.py
[2025-11-10T13:39:36.485+0000] {processor.py:840} INFO - DAG(s) 'dags_python_task_Decorator' retrieved from /opt/airflow/dags/dags_python_task_decorator.py
[2025-11-10T13:39:36.511+0000] {logging_mixin.py:188} INFO - [2025-11-10T13:39:36.510+0000] {dag.py:3036} INFO - Sync 1 DAGs
[2025-11-10T13:39:36.539+0000] {logging_mixin.py:188} INFO - [2025-11-10T13:39:36.539+0000] {dag.py:3823} INFO - Setting next_dagrun for dags_python_task_Decorator to 2025-11-09 17:00:00+00:00, run_after=2025-11-16 17:00:00+00:00
[2025-11-10T13:39:36.574+0000] {processor.py:183} INFO - Processing /opt/airflow/dags/dags_python_task_decorator.py took 0.122 seconds
[2025-11-10T13:40:07.278+0000] {processor.py:161} INFO - Started process (PID=41043) to work on /opt/airflow/dags/dags_python_task_decorator.py
[2025-11-10T13:40:07.289+0000] {processor.py:830} INFO - Processing file /opt/airflow/dags/dags_python_task_decorator.py for tasks to queue
[2025-11-10T13:40:07.291+0000] {logging_mixin.py:188} INFO - [2025-11-10T13:40:07.290+0000] {dagbag.py:538} INFO - Filling up the DagBag from /opt/airflow/dags/dags_python_task_decorator.py
[2025-11-10T13:40:07.343+0000] {processor.py:840} INFO - DAG(s) 'dags_python_task_Decorator' retrieved from /opt/airflow/dags/dags_python_task_decorator.py
[2025-11-10T13:40:07.413+0000] {logging_mixin.py:188} INFO - [2025-11-10T13:40:07.413+0000] {dag.py:3036} INFO - Sync 1 DAGs
[2025-11-10T13:40:07.455+0000] {logging_mixin.py:188} INFO - [2025-11-10T13:40:07.455+0000] {dag.py:3823} INFO - Setting next_dagrun for dags_python_task_Decorator to 2025-11-09 17:00:00+00:00, run_after=2025-11-16 17:00:00+00:00
[2025-11-10T13:40:07.484+0000] {processor.py:183} INFO - Processing /opt/airflow/dags/dags_python_task_decorator.py took 0.213 seconds
[2025-11-10T13:40:37.624+0000] {processor.py:161} INFO - Started process (PID=41102) to work on /opt/airflow/dags/dags_python_task_decorator.py
[2025-11-10T13:40:37.626+0000] {processor.py:830} INFO - Processing file /opt/airflow/dags/dags_python_task_decorator.py for tasks to queue
[2025-11-10T13:40:37.628+0000] {logging_mixin.py:188} INFO - [2025-11-10T13:40:37.627+0000] {dagbag.py:538} INFO - Filling up the DagBag from /opt/airflow/dags/dags_python_task_decorator.py
[2025-11-10T13:40:37.665+0000] {processor.py:840} INFO - DAG(s) 'dags_python_task_Decorator' retrieved from /opt/airflow/dags/dags_python_task_decorator.py
[2025-11-10T13:40:37.701+0000] {logging_mixin.py:188} INFO - [2025-11-10T13:40:37.700+0000] {dag.py:3036} INFO - Sync 1 DAGs
[2025-11-10T13:40:37.739+0000] {logging_mixin.py:188} INFO - [2025-11-10T13:40:37.739+0000] {dag.py:3823} INFO - Setting next_dagrun for dags_python_task_Decorator to 2025-11-09 17:00:00+00:00, run_after=2025-11-16 17:00:00+00:00
[2025-11-10T13:40:37.776+0000] {processor.py:183} INFO - Processing /opt/airflow/dags/dags_python_task_decorator.py took 0.159 seconds
[2025-11-10T13:41:07.969+0000] {processor.py:161} INFO - Started process (PID=41161) to work on /opt/airflow/dags/dags_python_task_decorator.py
[2025-11-10T13:41:07.970+0000] {processor.py:830} INFO - Processing file /opt/airflow/dags/dags_python_task_decorator.py for tasks to queue
[2025-11-10T13:41:07.972+0000] {logging_mixin.py:188} INFO - [2025-11-10T13:41:07.971+0000] {dagbag.py:538} INFO - Filling up the DagBag from /opt/airflow/dags/dags_python_task_decorator.py
[2025-11-10T13:41:07.996+0000] {processor.py:840} INFO - DAG(s) 'dags_python_task_Decorator' retrieved from /opt/airflow/dags/dags_python_task_decorator.py
[2025-11-10T13:41:08.023+0000] {logging_mixin.py:188} INFO - [2025-11-10T13:41:08.023+0000] {dag.py:3036} INFO - Sync 1 DAGs
[2025-11-10T13:41:08.052+0000] {logging_mixin.py:188} INFO - [2025-11-10T13:41:08.052+0000] {dag.py:3823} INFO - Setting next_dagrun for dags_python_task_Decorator to 2025-11-09 17:00:00+00:00, run_after=2025-11-16 17:00:00+00:00
[2025-11-10T13:41:08.088+0000] {processor.py:183} INFO - Processing /opt/airflow/dags/dags_python_task_decorator.py took 0.123 seconds
[2025-11-10T13:41:38.576+0000] {processor.py:161} INFO - Started process (PID=41220) to work on /opt/airflow/dags/dags_python_task_decorator.py
[2025-11-10T13:41:38.578+0000] {processor.py:830} INFO - Processing file /opt/airflow/dags/dags_python_task_decorator.py for tasks to queue
[2025-11-10T13:41:38.580+0000] {logging_mixin.py:188} INFO - [2025-11-10T13:41:38.579+0000] {dagbag.py:538} INFO - Filling up the DagBag from /opt/airflow/dags/dags_python_task_decorator.py
[2025-11-10T13:41:38.609+0000] {processor.py:840} INFO - DAG(s) 'dags_python_task_Decorator' retrieved from /opt/airflow/dags/dags_python_task_decorator.py
[2025-11-10T13:41:38.641+0000] {logging_mixin.py:188} INFO - [2025-11-10T13:41:38.641+0000] {dag.py:3036} INFO - Sync 1 DAGs
[2025-11-10T13:41:38.675+0000] {logging_mixin.py:188} INFO - [2025-11-10T13:41:38.674+0000] {dag.py:3823} INFO - Setting next_dagrun for dags_python_task_Decorator to 2025-11-09 17:00:00+00:00, run_after=2025-11-16 17:00:00+00:00
[2025-11-10T13:41:38.704+0000] {processor.py:183} INFO - Processing /opt/airflow/dags/dags_python_task_decorator.py took 0.136 seconds
[2025-11-10T13:42:09.316+0000] {processor.py:161} INFO - Started process (PID=41285) to work on /opt/airflow/dags/dags_python_task_decorator.py
[2025-11-10T13:42:09.317+0000] {processor.py:830} INFO - Processing file /opt/airflow/dags/dags_python_task_decorator.py for tasks to queue
[2025-11-10T13:42:09.319+0000] {logging_mixin.py:188} INFO - [2025-11-10T13:42:09.319+0000] {dagbag.py:538} INFO - Filling up the DagBag from /opt/airflow/dags/dags_python_task_decorator.py
[2025-11-10T13:42:09.342+0000] {processor.py:840} INFO - DAG(s) 'dags_python_task_Decorator' retrieved from /opt/airflow/dags/dags_python_task_decorator.py
[2025-11-10T13:42:09.367+0000] {logging_mixin.py:188} INFO - [2025-11-10T13:42:09.367+0000] {dag.py:3036} INFO - Sync 1 DAGs
[2025-11-10T13:42:09.404+0000] {logging_mixin.py:188} INFO - [2025-11-10T13:42:09.403+0000] {dag.py:3823} INFO - Setting next_dagrun for dags_python_task_Decorator to 2025-11-09 17:00:00+00:00, run_after=2025-11-16 17:00:00+00:00
[2025-11-10T13:42:09.435+0000] {processor.py:183} INFO - Processing /opt/airflow/dags/dags_python_task_decorator.py took 0.124 seconds
[2025-11-10T13:42:39.536+0000] {processor.py:161} INFO - Started process (PID=41344) to work on /opt/airflow/dags/dags_python_task_decorator.py
[2025-11-10T13:42:39.539+0000] {processor.py:830} INFO - Processing file /opt/airflow/dags/dags_python_task_decorator.py for tasks to queue
[2025-11-10T13:42:39.541+0000] {logging_mixin.py:188} INFO - [2025-11-10T13:42:39.540+0000] {dagbag.py:538} INFO - Filling up the DagBag from /opt/airflow/dags/dags_python_task_decorator.py
[2025-11-10T13:42:39.577+0000] {processor.py:840} INFO - DAG(s) 'dags_python_task_Decorator' retrieved from /opt/airflow/dags/dags_python_task_decorator.py
[2025-11-10T13:42:39.627+0000] {logging_mixin.py:188} INFO - [2025-11-10T13:42:39.626+0000] {dag.py:3036} INFO - Sync 1 DAGs
[2025-11-10T13:42:39.692+0000] {logging_mixin.py:188} INFO - [2025-11-10T13:42:39.691+0000] {dag.py:3823} INFO - Setting next_dagrun for dags_python_task_Decorator to 2025-11-09 17:00:00+00:00, run_after=2025-11-16 17:00:00+00:00
[2025-11-10T13:42:39.750+0000] {processor.py:183} INFO - Processing /opt/airflow/dags/dags_python_task_decorator.py took 0.221 seconds
[2025-11-10T13:43:10.014+0000] {processor.py:161} INFO - Started process (PID=41403) to work on /opt/airflow/dags/dags_python_task_decorator.py
[2025-11-10T13:43:10.016+0000] {processor.py:830} INFO - Processing file /opt/airflow/dags/dags_python_task_decorator.py for tasks to queue
[2025-11-10T13:43:10.018+0000] {logging_mixin.py:188} INFO - [2025-11-10T13:43:10.017+0000] {dagbag.py:538} INFO - Filling up the DagBag from /opt/airflow/dags/dags_python_task_decorator.py
[2025-11-10T13:43:10.050+0000] {processor.py:840} INFO - DAG(s) 'dags_python_task_Decorator' retrieved from /opt/airflow/dags/dags_python_task_decorator.py
[2025-11-10T13:43:10.079+0000] {logging_mixin.py:188} INFO - [2025-11-10T13:43:10.079+0000] {dag.py:3036} INFO - Sync 1 DAGs
[2025-11-10T13:43:10.113+0000] {logging_mixin.py:188} INFO - [2025-11-10T13:43:10.113+0000] {dag.py:3823} INFO - Setting next_dagrun for dags_python_task_Decorator to 2025-11-09 17:00:00+00:00, run_after=2025-11-16 17:00:00+00:00
[2025-11-10T13:43:10.147+0000] {processor.py:183} INFO - Processing /opt/airflow/dags/dags_python_task_decorator.py took 0.140 seconds
[2025-11-10T13:43:40.375+0000] {processor.py:161} INFO - Started process (PID=41462) to work on /opt/airflow/dags/dags_python_task_decorator.py
[2025-11-10T13:43:40.376+0000] {processor.py:830} INFO - Processing file /opt/airflow/dags/dags_python_task_decorator.py for tasks to queue
[2025-11-10T13:43:40.378+0000] {logging_mixin.py:188} INFO - [2025-11-10T13:43:40.377+0000] {dagbag.py:538} INFO - Filling up the DagBag from /opt/airflow/dags/dags_python_task_decorator.py
[2025-11-10T13:43:40.400+0000] {processor.py:840} INFO - DAG(s) 'dags_python_task_Decorator' retrieved from /opt/airflow/dags/dags_python_task_decorator.py
[2025-11-10T13:43:40.428+0000] {logging_mixin.py:188} INFO - [2025-11-10T13:43:40.428+0000] {dag.py:3036} INFO - Sync 1 DAGs
[2025-11-10T13:43:40.457+0000] {logging_mixin.py:188} INFO - [2025-11-10T13:43:40.457+0000] {dag.py:3823} INFO - Setting next_dagrun for dags_python_task_Decorator to 2025-11-09 17:00:00+00:00, run_after=2025-11-16 17:00:00+00:00
[2025-11-10T13:43:40.485+0000] {processor.py:183} INFO - Processing /opt/airflow/dags/dags_python_task_decorator.py took 0.115 seconds
[2025-11-10T13:44:10.761+0000] {processor.py:161} INFO - Started process (PID=41521) to work on /opt/airflow/dags/dags_python_task_decorator.py
[2025-11-10T13:44:10.764+0000] {processor.py:830} INFO - Processing file /opt/airflow/dags/dags_python_task_decorator.py for tasks to queue
[2025-11-10T13:44:10.766+0000] {logging_mixin.py:188} INFO - [2025-11-10T13:44:10.765+0000] {dagbag.py:538} INFO - Filling up the DagBag from /opt/airflow/dags/dags_python_task_decorator.py
[2025-11-10T13:44:10.795+0000] {processor.py:840} INFO - DAG(s) 'dags_python_task_Decorator' retrieved from /opt/airflow/dags/dags_python_task_decorator.py
[2025-11-10T13:44:10.834+0000] {logging_mixin.py:188} INFO - [2025-11-10T13:44:10.834+0000] {dag.py:3036} INFO - Sync 1 DAGs
[2025-11-10T13:44:10.868+0000] {logging_mixin.py:188} INFO - [2025-11-10T13:44:10.867+0000] {dag.py:3823} INFO - Setting next_dagrun for dags_python_task_Decorator to 2025-11-09 17:00:00+00:00, run_after=2025-11-16 17:00:00+00:00
[2025-11-10T13:44:10.903+0000] {processor.py:183} INFO - Processing /opt/airflow/dags/dags_python_task_decorator.py took 0.149 seconds
[2025-11-10T13:44:41.018+0000] {processor.py:161} INFO - Started process (PID=41580) to work on /opt/airflow/dags/dags_python_task_decorator.py
[2025-11-10T13:44:41.021+0000] {processor.py:830} INFO - Processing file /opt/airflow/dags/dags_python_task_decorator.py for tasks to queue
[2025-11-10T13:44:41.024+0000] {logging_mixin.py:188} INFO - [2025-11-10T13:44:41.023+0000] {dagbag.py:538} INFO - Filling up the DagBag from /opt/airflow/dags/dags_python_task_decorator.py
[2025-11-10T13:44:41.066+0000] {processor.py:840} INFO - DAG(s) 'dags_python_task_Decorator' retrieved from /opt/airflow/dags/dags_python_task_decorator.py
[2025-11-10T13:44:41.107+0000] {logging_mixin.py:188} INFO - [2025-11-10T13:44:41.106+0000] {dag.py:3036} INFO - Sync 1 DAGs
[2025-11-10T13:44:41.153+0000] {logging_mixin.py:188} INFO - [2025-11-10T13:44:41.153+0000] {dag.py:3823} INFO - Setting next_dagrun for dags_python_task_Decorator to 2025-11-09 17:00:00+00:00, run_after=2025-11-16 17:00:00+00:00
[2025-11-10T13:44:41.186+0000] {processor.py:183} INFO - Processing /opt/airflow/dags/dags_python_task_decorator.py took 0.177 seconds
[2025-11-10T13:45:12.097+0000] {processor.py:161} INFO - Started process (PID=41639) to work on /opt/airflow/dags/dags_python_task_decorator.py
[2025-11-10T13:45:12.100+0000] {processor.py:830} INFO - Processing file /opt/airflow/dags/dags_python_task_decorator.py for tasks to queue
[2025-11-10T13:45:12.102+0000] {logging_mixin.py:188} INFO - [2025-11-10T13:45:12.101+0000] {dagbag.py:538} INFO - Filling up the DagBag from /opt/airflow/dags/dags_python_task_decorator.py
[2025-11-10T13:45:12.151+0000] {processor.py:840} INFO - DAG(s) 'dags_python_task_Decorator' retrieved from /opt/airflow/dags/dags_python_task_decorator.py
[2025-11-10T13:45:12.202+0000] {logging_mixin.py:188} INFO - [2025-11-10T13:45:12.201+0000] {dag.py:3036} INFO - Sync 1 DAGs
[2025-11-10T13:45:12.260+0000] {logging_mixin.py:188} INFO - [2025-11-10T13:45:12.260+0000] {dag.py:3823} INFO - Setting next_dagrun for dags_python_task_Decorator to 2025-11-09 17:00:00+00:00, run_after=2025-11-16 17:00:00+00:00
[2025-11-10T13:45:12.316+0000] {processor.py:183} INFO - Processing /opt/airflow/dags/dags_python_task_decorator.py took 0.229 seconds
[2025-11-10T13:45:42.673+0000] {processor.py:161} INFO - Started process (PID=41698) to work on /opt/airflow/dags/dags_python_task_decorator.py
[2025-11-10T13:45:42.675+0000] {processor.py:830} INFO - Processing file /opt/airflow/dags/dags_python_task_decorator.py for tasks to queue
[2025-11-10T13:45:42.676+0000] {logging_mixin.py:188} INFO - [2025-11-10T13:45:42.676+0000] {dagbag.py:538} INFO - Filling up the DagBag from /opt/airflow/dags/dags_python_task_decorator.py
[2025-11-10T13:45:42.702+0000] {processor.py:840} INFO - DAG(s) 'dags_python_task_Decorator' retrieved from /opt/airflow/dags/dags_python_task_decorator.py
[2025-11-10T13:45:42.734+0000] {logging_mixin.py:188} INFO - [2025-11-10T13:45:42.733+0000] {dag.py:3036} INFO - Sync 1 DAGs
[2025-11-10T13:45:42.766+0000] {logging_mixin.py:188} INFO - [2025-11-10T13:45:42.766+0000] {dag.py:3823} INFO - Setting next_dagrun for dags_python_task_Decorator to 2025-11-09 17:00:00+00:00, run_after=2025-11-16 17:00:00+00:00
[2025-11-10T13:45:42.804+0000] {processor.py:183} INFO - Processing /opt/airflow/dags/dags_python_task_decorator.py took 0.137 seconds
[2025-11-10T13:46:13.369+0000] {processor.py:161} INFO - Started process (PID=41757) to work on /opt/airflow/dags/dags_python_task_decorator.py
[2025-11-10T13:46:13.371+0000] {processor.py:830} INFO - Processing file /opt/airflow/dags/dags_python_task_decorator.py for tasks to queue
[2025-11-10T13:46:13.373+0000] {logging_mixin.py:188} INFO - [2025-11-10T13:46:13.372+0000] {dagbag.py:538} INFO - Filling up the DagBag from /opt/airflow/dags/dags_python_task_decorator.py
[2025-11-10T13:46:13.396+0000] {processor.py:840} INFO - DAG(s) 'dags_python_task_Decorator' retrieved from /opt/airflow/dags/dags_python_task_decorator.py
[2025-11-10T13:46:13.423+0000] {logging_mixin.py:188} INFO - [2025-11-10T13:46:13.423+0000] {dag.py:3036} INFO - Sync 1 DAGs
[2025-11-10T13:46:13.451+0000] {logging_mixin.py:188} INFO - [2025-11-10T13:46:13.451+0000] {dag.py:3823} INFO - Setting next_dagrun for dags_python_task_Decorator to 2025-11-09 17:00:00+00:00, run_after=2025-11-16 17:00:00+00:00
[2025-11-10T13:46:13.477+0000] {processor.py:183} INFO - Processing /opt/airflow/dags/dags_python_task_decorator.py took 0.112 seconds
[2025-11-10T13:46:44.070+0000] {processor.py:161} INFO - Started process (PID=41816) to work on /opt/airflow/dags/dags_python_task_decorator.py
[2025-11-10T13:46:44.072+0000] {processor.py:830} INFO - Processing file /opt/airflow/dags/dags_python_task_decorator.py for tasks to queue
[2025-11-10T13:46:44.073+0000] {logging_mixin.py:188} INFO - [2025-11-10T13:46:44.073+0000] {dagbag.py:538} INFO - Filling up the DagBag from /opt/airflow/dags/dags_python_task_decorator.py
[2025-11-10T13:46:44.096+0000] {processor.py:840} INFO - DAG(s) 'dags_python_task_Decorator' retrieved from /opt/airflow/dags/dags_python_task_decorator.py
[2025-11-10T13:46:44.121+0000] {logging_mixin.py:188} INFO - [2025-11-10T13:46:44.121+0000] {dag.py:3036} INFO - Sync 1 DAGs
[2025-11-10T13:46:44.148+0000] {logging_mixin.py:188} INFO - [2025-11-10T13:46:44.148+0000] {dag.py:3823} INFO - Setting next_dagrun for dags_python_task_Decorator to 2025-11-09 17:00:00+00:00, run_after=2025-11-16 17:00:00+00:00
[2025-11-10T13:46:44.186+0000] {processor.py:183} INFO - Processing /opt/airflow/dags/dags_python_task_decorator.py took 0.120 seconds
[2025-11-10T13:47:15.068+0000] {processor.py:161} INFO - Started process (PID=41875) to work on /opt/airflow/dags/dags_python_task_decorator.py
[2025-11-10T13:47:15.071+0000] {processor.py:830} INFO - Processing file /opt/airflow/dags/dags_python_task_decorator.py for tasks to queue
[2025-11-10T13:47:15.074+0000] {logging_mixin.py:188} INFO - [2025-11-10T13:47:15.073+0000] {dagbag.py:538} INFO - Filling up the DagBag from /opt/airflow/dags/dags_python_task_decorator.py
[2025-11-10T13:47:15.114+0000] {processor.py:840} INFO - DAG(s) 'dags_python_task_Decorator' retrieved from /opt/airflow/dags/dags_python_task_decorator.py
[2025-11-10T13:47:15.169+0000] {logging_mixin.py:188} INFO - [2025-11-10T13:47:15.169+0000] {dag.py:3036} INFO - Sync 1 DAGs
[2025-11-10T13:47:15.248+0000] {logging_mixin.py:188} INFO - [2025-11-10T13:47:15.248+0000] {dag.py:3823} INFO - Setting next_dagrun for dags_python_task_Decorator to 2025-11-09 17:00:00+00:00, run_after=2025-11-16 17:00:00+00:00
[2025-11-10T13:47:15.316+0000] {processor.py:183} INFO - Processing /opt/airflow/dags/dags_python_task_decorator.py took 0.259 seconds
[2025-11-10T13:47:46.015+0000] {processor.py:161} INFO - Started process (PID=41934) to work on /opt/airflow/dags/dags_python_task_decorator.py
[2025-11-10T13:47:46.016+0000] {processor.py:830} INFO - Processing file /opt/airflow/dags/dags_python_task_decorator.py for tasks to queue
[2025-11-10T13:47:46.018+0000] {logging_mixin.py:188} INFO - [2025-11-10T13:47:46.018+0000] {dagbag.py:538} INFO - Filling up the DagBag from /opt/airflow/dags/dags_python_task_decorator.py
[2025-11-10T13:47:46.051+0000] {processor.py:840} INFO - DAG(s) 'dags_python_task_Decorator' retrieved from /opt/airflow/dags/dags_python_task_decorator.py
[2025-11-10T13:47:46.080+0000] {logging_mixin.py:188} INFO - [2025-11-10T13:47:46.080+0000] {dag.py:3036} INFO - Sync 1 DAGs
[2025-11-10T13:47:46.126+0000] {logging_mixin.py:188} INFO - [2025-11-10T13:47:46.126+0000] {dag.py:3823} INFO - Setting next_dagrun for dags_python_task_Decorator to 2025-11-09 17:00:00+00:00, run_after=2025-11-16 17:00:00+00:00
[2025-11-10T13:47:46.178+0000] {processor.py:183} INFO - Processing /opt/airflow/dags/dags_python_task_decorator.py took 0.170 seconds
[2025-11-10T13:48:17.219+0000] {processor.py:161} INFO - Started process (PID=41993) to work on /opt/airflow/dags/dags_python_task_decorator.py
[2025-11-10T13:48:17.220+0000] {processor.py:830} INFO - Processing file /opt/airflow/dags/dags_python_task_decorator.py for tasks to queue
[2025-11-10T13:48:17.222+0000] {logging_mixin.py:188} INFO - [2025-11-10T13:48:17.221+0000] {dagbag.py:538} INFO - Filling up the DagBag from /opt/airflow/dags/dags_python_task_decorator.py
[2025-11-10T13:48:17.246+0000] {processor.py:840} INFO - DAG(s) 'dags_python_task_Decorator' retrieved from /opt/airflow/dags/dags_python_task_decorator.py
[2025-11-10T13:48:17.271+0000] {logging_mixin.py:188} INFO - [2025-11-10T13:48:17.271+0000] {dag.py:3036} INFO - Sync 1 DAGs
[2025-11-10T13:48:17.341+0000] {logging_mixin.py:188} INFO - [2025-11-10T13:48:17.341+0000] {dag.py:3823} INFO - Setting next_dagrun for dags_python_task_Decorator to 2025-11-09 17:00:00+00:00, run_after=2025-11-16 17:00:00+00:00
[2025-11-10T13:48:17.368+0000] {processor.py:183} INFO - Processing /opt/airflow/dags/dags_python_task_decorator.py took 0.114 seconds
[2025-11-10T13:48:47.870+0000] {processor.py:161} INFO - Started process (PID=42052) to work on /opt/airflow/dags/dags_python_task_decorator.py
[2025-11-10T13:48:47.872+0000] {processor.py:830} INFO - Processing file /opt/airflow/dags/dags_python_task_decorator.py for tasks to queue
[2025-11-10T13:48:47.874+0000] {logging_mixin.py:188} INFO - [2025-11-10T13:48:47.873+0000] {dagbag.py:538} INFO - Filling up the DagBag from /opt/airflow/dags/dags_python_task_decorator.py
[2025-11-10T13:48:47.900+0000] {processor.py:840} INFO - DAG(s) 'dags_python_task_Decorator' retrieved from /opt/airflow/dags/dags_python_task_decorator.py
[2025-11-10T13:48:47.931+0000] {logging_mixin.py:188} INFO - [2025-11-10T13:48:47.930+0000] {dag.py:3036} INFO - Sync 1 DAGs
[2025-11-10T13:48:47.967+0000] {logging_mixin.py:188} INFO - [2025-11-10T13:48:47.966+0000] {dag.py:3823} INFO - Setting next_dagrun for dags_python_task_Decorator to 2025-11-09 17:00:00+00:00, run_after=2025-11-16 17:00:00+00:00
[2025-11-10T13:48:48.003+0000] {processor.py:183} INFO - Processing /opt/airflow/dags/dags_python_task_decorator.py took 0.138 seconds
[2025-11-10T13:49:18.884+0000] {processor.py:161} INFO - Started process (PID=42111) to work on /opt/airflow/dags/dags_python_task_decorator.py
[2025-11-10T13:49:18.885+0000] {processor.py:830} INFO - Processing file /opt/airflow/dags/dags_python_task_decorator.py for tasks to queue
[2025-11-10T13:49:18.887+0000] {logging_mixin.py:188} INFO - [2025-11-10T13:49:18.886+0000] {dagbag.py:538} INFO - Filling up the DagBag from /opt/airflow/dags/dags_python_task_decorator.py
[2025-11-10T13:49:18.909+0000] {processor.py:840} INFO - DAG(s) 'dags_python_task_Decorator' retrieved from /opt/airflow/dags/dags_python_task_decorator.py
[2025-11-10T13:49:18.934+0000] {logging_mixin.py:188} INFO - [2025-11-10T13:49:18.934+0000] {dag.py:3036} INFO - Sync 1 DAGs
[2025-11-10T13:49:18.963+0000] {logging_mixin.py:188} INFO - [2025-11-10T13:49:18.963+0000] {dag.py:3823} INFO - Setting next_dagrun for dags_python_task_Decorator to 2025-11-09 17:00:00+00:00, run_after=2025-11-16 17:00:00+00:00
[2025-11-10T13:49:18.991+0000] {processor.py:183} INFO - Processing /opt/airflow/dags/dags_python_task_decorator.py took 0.112 seconds
[2025-11-10T13:49:49.464+0000] {processor.py:161} INFO - Started process (PID=42170) to work on /opt/airflow/dags/dags_python_task_decorator.py
[2025-11-10T13:49:49.465+0000] {processor.py:830} INFO - Processing file /opt/airflow/dags/dags_python_task_decorator.py for tasks to queue
[2025-11-10T13:49:49.467+0000] {logging_mixin.py:188} INFO - [2025-11-10T13:49:49.467+0000] {dagbag.py:538} INFO - Filling up the DagBag from /opt/airflow/dags/dags_python_task_decorator.py
[2025-11-10T13:49:49.491+0000] {processor.py:840} INFO - DAG(s) 'dags_python_task_Decorator' retrieved from /opt/airflow/dags/dags_python_task_decorator.py
[2025-11-10T13:49:49.518+0000] {logging_mixin.py:188} INFO - [2025-11-10T13:49:49.518+0000] {dag.py:3036} INFO - Sync 1 DAGs
[2025-11-10T13:49:49.546+0000] {logging_mixin.py:188} INFO - [2025-11-10T13:49:49.545+0000] {dag.py:3823} INFO - Setting next_dagrun for dags_python_task_Decorator to 2025-11-09 17:00:00+00:00, run_after=2025-11-16 17:00:00+00:00
[2025-11-10T13:49:49.572+0000] {processor.py:183} INFO - Processing /opt/airflow/dags/dags_python_task_decorator.py took 0.113 seconds
[2025-11-10T13:50:19.718+0000] {processor.py:161} INFO - Started process (PID=42230) to work on /opt/airflow/dags/dags_python_task_decorator.py
[2025-11-10T13:50:19.719+0000] {processor.py:830} INFO - Processing file /opt/airflow/dags/dags_python_task_decorator.py for tasks to queue
[2025-11-10T13:50:19.721+0000] {logging_mixin.py:188} INFO - [2025-11-10T13:50:19.720+0000] {dagbag.py:538} INFO - Filling up the DagBag from /opt/airflow/dags/dags_python_task_decorator.py
[2025-11-10T13:50:19.744+0000] {processor.py:840} INFO - DAG(s) 'dags_python_task_Decorator' retrieved from /opt/airflow/dags/dags_python_task_decorator.py
[2025-11-10T13:50:19.770+0000] {logging_mixin.py:188} INFO - [2025-11-10T13:50:19.770+0000] {dag.py:3036} INFO - Sync 1 DAGs
[2025-11-10T13:50:19.802+0000] {logging_mixin.py:188} INFO - [2025-11-10T13:50:19.802+0000] {dag.py:3823} INFO - Setting next_dagrun for dags_python_task_Decorator to 2025-11-09 17:00:00+00:00, run_after=2025-11-16 17:00:00+00:00
[2025-11-10T13:50:19.832+0000] {processor.py:183} INFO - Processing /opt/airflow/dags/dags_python_task_decorator.py took 0.119 seconds
[2025-11-10T13:50:50.326+0000] {processor.py:161} INFO - Started process (PID=42289) to work on /opt/airflow/dags/dags_python_task_decorator.py
[2025-11-10T13:50:50.328+0000] {processor.py:830} INFO - Processing file /opt/airflow/dags/dags_python_task_decorator.py for tasks to queue
[2025-11-10T13:50:50.330+0000] {logging_mixin.py:188} INFO - [2025-11-10T13:50:50.329+0000] {dagbag.py:538} INFO - Filling up the DagBag from /opt/airflow/dags/dags_python_task_decorator.py
[2025-11-10T13:50:50.364+0000] {processor.py:840} INFO - DAG(s) 'dags_python_task_Decorator' retrieved from /opt/airflow/dags/dags_python_task_decorator.py
[2025-11-10T13:50:50.404+0000] {logging_mixin.py:188} INFO - [2025-11-10T13:50:50.404+0000] {dag.py:3036} INFO - Sync 1 DAGs
[2025-11-10T13:50:50.440+0000] {logging_mixin.py:188} INFO - [2025-11-10T13:50:50.439+0000] {dag.py:3823} INFO - Setting next_dagrun for dags_python_task_Decorator to 2025-11-09 17:00:00+00:00, run_after=2025-11-16 17:00:00+00:00
[2025-11-10T13:50:50.473+0000] {processor.py:183} INFO - Processing /opt/airflow/dags/dags_python_task_decorator.py took 0.153 seconds
[2025-11-10T13:51:20.817+0000] {processor.py:161} INFO - Started process (PID=42350) to work on /opt/airflow/dags/dags_python_task_decorator.py
[2025-11-10T13:51:20.819+0000] {processor.py:830} INFO - Processing file /opt/airflow/dags/dags_python_task_decorator.py for tasks to queue
[2025-11-10T13:51:20.820+0000] {logging_mixin.py:188} INFO - [2025-11-10T13:51:20.820+0000] {dagbag.py:538} INFO - Filling up the DagBag from /opt/airflow/dags/dags_python_task_decorator.py
[2025-11-10T13:51:20.849+0000] {processor.py:840} INFO - DAG(s) 'dags_python_task_Decorator' retrieved from /opt/airflow/dags/dags_python_task_decorator.py
[2025-11-10T13:51:20.877+0000] {logging_mixin.py:188} INFO - [2025-11-10T13:51:20.876+0000] {dag.py:3036} INFO - Sync 1 DAGs
[2025-11-10T13:51:20.906+0000] {logging_mixin.py:188} INFO - [2025-11-10T13:51:20.905+0000] {dag.py:3823} INFO - Setting next_dagrun for dags_python_task_Decorator to 2025-11-09 17:00:00+00:00, run_after=2025-11-16 17:00:00+00:00
[2025-11-10T13:51:20.939+0000] {processor.py:183} INFO - Processing /opt/airflow/dags/dags_python_task_decorator.py took 0.129 seconds
[2025-11-10T13:51:51.377+0000] {processor.py:161} INFO - Started process (PID=42409) to work on /opt/airflow/dags/dags_python_task_decorator.py
[2025-11-10T13:51:51.382+0000] {processor.py:830} INFO - Processing file /opt/airflow/dags/dags_python_task_decorator.py for tasks to queue
[2025-11-10T13:51:51.388+0000] {logging_mixin.py:188} INFO - [2025-11-10T13:51:51.387+0000] {dagbag.py:538} INFO - Filling up the DagBag from /opt/airflow/dags/dags_python_task_decorator.py
[2025-11-10T13:51:51.490+0000] {processor.py:840} INFO - DAG(s) 'dags_python_task_Decorator' retrieved from /opt/airflow/dags/dags_python_task_decorator.py
[2025-11-10T13:51:51.575+0000] {logging_mixin.py:188} INFO - [2025-11-10T13:51:51.575+0000] {dag.py:3036} INFO - Sync 1 DAGs
[2025-11-10T13:51:51.674+0000] {logging_mixin.py:188} INFO - [2025-11-10T13:51:51.674+0000] {dag.py:3823} INFO - Setting next_dagrun for dags_python_task_Decorator to 2025-11-09 17:00:00+00:00, run_after=2025-11-16 17:00:00+00:00
[2025-11-10T13:51:51.736+0000] {processor.py:183} INFO - Processing /opt/airflow/dags/dags_python_task_decorator.py took 0.385 seconds
[2025-11-10T13:52:22.753+0000] {processor.py:161} INFO - Started process (PID=42468) to work on /opt/airflow/dags/dags_python_task_decorator.py
[2025-11-10T13:52:22.756+0000] {processor.py:830} INFO - Processing file /opt/airflow/dags/dags_python_task_decorator.py for tasks to queue
[2025-11-10T13:52:22.758+0000] {logging_mixin.py:188} INFO - [2025-11-10T13:52:22.758+0000] {dagbag.py:538} INFO - Filling up the DagBag from /opt/airflow/dags/dags_python_task_decorator.py
[2025-11-10T13:52:22.793+0000] {processor.py:840} INFO - DAG(s) 'dags_python_task_Decorator' retrieved from /opt/airflow/dags/dags_python_task_decorator.py
[2025-11-10T13:52:22.841+0000] {logging_mixin.py:188} INFO - [2025-11-10T13:52:22.841+0000] {dag.py:3036} INFO - Sync 1 DAGs
[2025-11-10T13:52:22.895+0000] {logging_mixin.py:188} INFO - [2025-11-10T13:52:22.894+0000] {dag.py:3823} INFO - Setting next_dagrun for dags_python_task_Decorator to 2025-11-09 17:00:00+00:00, run_after=2025-11-16 17:00:00+00:00
[2025-11-10T13:52:22.930+0000] {processor.py:183} INFO - Processing /opt/airflow/dags/dags_python_task_decorator.py took 0.183 seconds
[2025-11-10T13:52:53.212+0000] {processor.py:161} INFO - Started process (PID=42527) to work on /opt/airflow/dags/dags_python_task_decorator.py
[2025-11-10T13:52:53.213+0000] {processor.py:830} INFO - Processing file /opt/airflow/dags/dags_python_task_decorator.py for tasks to queue
[2025-11-10T13:52:53.215+0000] {logging_mixin.py:188} INFO - [2025-11-10T13:52:53.215+0000] {dagbag.py:538} INFO - Filling up the DagBag from /opt/airflow/dags/dags_python_task_decorator.py
[2025-11-10T13:52:53.243+0000] {processor.py:840} INFO - DAG(s) 'dags_python_task_Decorator' retrieved from /opt/airflow/dags/dags_python_task_decorator.py
[2025-11-10T13:52:53.274+0000] {logging_mixin.py:188} INFO - [2025-11-10T13:52:53.274+0000] {dag.py:3036} INFO - Sync 1 DAGs
[2025-11-10T13:52:53.308+0000] {logging_mixin.py:188} INFO - [2025-11-10T13:52:53.308+0000] {dag.py:3823} INFO - Setting next_dagrun for dags_python_task_Decorator to 2025-11-09 17:00:00+00:00, run_after=2025-11-16 17:00:00+00:00
[2025-11-10T13:52:53.345+0000] {processor.py:183} INFO - Processing /opt/airflow/dags/dags_python_task_decorator.py took 0.139 seconds
[2025-11-10T13:53:23.881+0000] {processor.py:161} INFO - Started process (PID=42586) to work on /opt/airflow/dags/dags_python_task_decorator.py
[2025-11-10T13:53:23.884+0000] {processor.py:830} INFO - Processing file /opt/airflow/dags/dags_python_task_decorator.py for tasks to queue
[2025-11-10T13:53:23.887+0000] {logging_mixin.py:188} INFO - [2025-11-10T13:53:23.886+0000] {dagbag.py:538} INFO - Filling up the DagBag from /opt/airflow/dags/dags_python_task_decorator.py
[2025-11-10T13:53:23.928+0000] {processor.py:840} INFO - DAG(s) 'dags_python_task_Decorator' retrieved from /opt/airflow/dags/dags_python_task_decorator.py
[2025-11-10T13:53:23.982+0000] {logging_mixin.py:188} INFO - [2025-11-10T13:53:23.982+0000] {dag.py:3036} INFO - Sync 1 DAGs
[2025-11-10T13:53:24.032+0000] {logging_mixin.py:188} INFO - [2025-11-10T13:53:24.032+0000] {dag.py:3823} INFO - Setting next_dagrun for dags_python_task_Decorator to 2025-11-09 17:00:00+00:00, run_after=2025-11-16 17:00:00+00:00
[2025-11-10T13:53:24.079+0000] {processor.py:183} INFO - Processing /opt/airflow/dags/dags_python_task_decorator.py took 0.208 seconds
[2025-11-10T13:53:54.483+0000] {processor.py:161} INFO - Started process (PID=42645) to work on /opt/airflow/dags/dags_python_task_decorator.py
[2025-11-10T13:53:54.485+0000] {processor.py:830} INFO - Processing file /opt/airflow/dags/dags_python_task_decorator.py for tasks to queue
[2025-11-10T13:53:54.486+0000] {logging_mixin.py:188} INFO - [2025-11-10T13:53:54.486+0000] {dagbag.py:538} INFO - Filling up the DagBag from /opt/airflow/dags/dags_python_task_decorator.py
[2025-11-10T13:53:54.512+0000] {processor.py:840} INFO - DAG(s) 'dags_python_task_Decorator' retrieved from /opt/airflow/dags/dags_python_task_decorator.py
[2025-11-10T13:53:54.548+0000] {logging_mixin.py:188} INFO - [2025-11-10T13:53:54.548+0000] {dag.py:3036} INFO - Sync 1 DAGs
[2025-11-10T13:53:54.590+0000] {logging_mixin.py:188} INFO - [2025-11-10T13:53:54.590+0000] {dag.py:3823} INFO - Setting next_dagrun for dags_python_task_Decorator to 2025-11-09 17:00:00+00:00, run_after=2025-11-16 17:00:00+00:00
[2025-11-10T13:53:54.630+0000] {processor.py:183} INFO - Processing /opt/airflow/dags/dags_python_task_decorator.py took 0.151 seconds
[2025-11-10T13:54:25.085+0000] {processor.py:161} INFO - Started process (PID=42705) to work on /opt/airflow/dags/dags_python_task_decorator.py
[2025-11-10T13:54:25.086+0000] {processor.py:830} INFO - Processing file /opt/airflow/dags/dags_python_task_decorator.py for tasks to queue
[2025-11-10T13:54:25.088+0000] {logging_mixin.py:188} INFO - [2025-11-10T13:54:25.088+0000] {dagbag.py:538} INFO - Filling up the DagBag from /opt/airflow/dags/dags_python_task_decorator.py
[2025-11-10T13:54:25.114+0000] {processor.py:840} INFO - DAG(s) 'dags_python_task_Decorator' retrieved from /opt/airflow/dags/dags_python_task_decorator.py
[2025-11-10T13:54:25.144+0000] {logging_mixin.py:188} INFO - [2025-11-10T13:54:25.143+0000] {dag.py:3036} INFO - Sync 1 DAGs
[2025-11-10T13:54:25.172+0000] {logging_mixin.py:188} INFO - [2025-11-10T13:54:25.171+0000] {dag.py:3823} INFO - Setting next_dagrun for dags_python_task_Decorator to 2025-11-09 17:00:00+00:00, run_after=2025-11-16 17:00:00+00:00
[2025-11-10T13:54:25.203+0000] {processor.py:183} INFO - Processing /opt/airflow/dags/dags_python_task_decorator.py took 0.125 seconds
[2025-11-10T13:54:55.368+0000] {processor.py:161} INFO - Started process (PID=42764) to work on /opt/airflow/dags/dags_python_task_decorator.py
[2025-11-10T13:54:55.371+0000] {processor.py:830} INFO - Processing file /opt/airflow/dags/dags_python_task_decorator.py for tasks to queue
[2025-11-10T13:54:55.373+0000] {logging_mixin.py:188} INFO - [2025-11-10T13:54:55.372+0000] {dagbag.py:538} INFO - Filling up the DagBag from /opt/airflow/dags/dags_python_task_decorator.py
[2025-11-10T13:54:55.398+0000] {processor.py:840} INFO - DAG(s) 'dags_python_task_Decorator' retrieved from /opt/airflow/dags/dags_python_task_decorator.py
[2025-11-10T13:54:55.426+0000] {logging_mixin.py:188} INFO - [2025-11-10T13:54:55.426+0000] {dag.py:3036} INFO - Sync 1 DAGs
[2025-11-10T13:54:55.455+0000] {logging_mixin.py:188} INFO - [2025-11-10T13:54:55.455+0000] {dag.py:3823} INFO - Setting next_dagrun for dags_python_task_Decorator to 2025-11-09 17:00:00+00:00, run_after=2025-11-16 17:00:00+00:00
[2025-11-10T13:54:55.488+0000] {processor.py:183} INFO - Processing /opt/airflow/dags/dags_python_task_decorator.py took 0.127 seconds
[2025-11-10T13:55:26.315+0000] {processor.py:161} INFO - Started process (PID=42823) to work on /opt/airflow/dags/dags_python_task_decorator.py
[2025-11-10T13:55:26.317+0000] {processor.py:830} INFO - Processing file /opt/airflow/dags/dags_python_task_decorator.py for tasks to queue
[2025-11-10T13:55:26.319+0000] {logging_mixin.py:188} INFO - [2025-11-10T13:55:26.318+0000] {dagbag.py:538} INFO - Filling up the DagBag from /opt/airflow/dags/dags_python_task_decorator.py
[2025-11-10T13:55:26.343+0000] {processor.py:840} INFO - DAG(s) 'dags_python_task_Decorator' retrieved from /opt/airflow/dags/dags_python_task_decorator.py
[2025-11-10T13:55:26.374+0000] {logging_mixin.py:188} INFO - [2025-11-10T13:55:26.374+0000] {dag.py:3036} INFO - Sync 1 DAGs
[2025-11-10T13:55:26.405+0000] {logging_mixin.py:188} INFO - [2025-11-10T13:55:26.405+0000] {dag.py:3823} INFO - Setting next_dagrun for dags_python_task_Decorator to 2025-11-09 17:00:00+00:00, run_after=2025-11-16 17:00:00+00:00
[2025-11-10T13:55:26.442+0000] {processor.py:183} INFO - Processing /opt/airflow/dags/dags_python_task_decorator.py took 0.132 seconds
[2025-11-10T13:55:57.506+0000] {processor.py:161} INFO - Started process (PID=42882) to work on /opt/airflow/dags/dags_python_task_decorator.py
[2025-11-10T13:55:57.508+0000] {processor.py:830} INFO - Processing file /opt/airflow/dags/dags_python_task_decorator.py for tasks to queue
[2025-11-10T13:55:57.509+0000] {logging_mixin.py:188} INFO - [2025-11-10T13:55:57.509+0000] {dagbag.py:538} INFO - Filling up the DagBag from /opt/airflow/dags/dags_python_task_decorator.py
[2025-11-10T13:55:57.536+0000] {processor.py:840} INFO - DAG(s) 'dags_python_task_Decorator' retrieved from /opt/airflow/dags/dags_python_task_decorator.py
[2025-11-10T13:55:57.566+0000] {logging_mixin.py:188} INFO - [2025-11-10T13:55:57.566+0000] {dag.py:3036} INFO - Sync 1 DAGs
[2025-11-10T13:55:57.597+0000] {logging_mixin.py:188} INFO - [2025-11-10T13:55:57.597+0000] {dag.py:3823} INFO - Setting next_dagrun for dags_python_task_Decorator to 2025-11-09 17:00:00+00:00, run_after=2025-11-16 17:00:00+00:00
[2025-11-10T13:55:57.624+0000] {processor.py:183} INFO - Processing /opt/airflow/dags/dags_python_task_decorator.py took 0.122 seconds
[2025-11-10T13:56:27.871+0000] {processor.py:161} INFO - Started process (PID=42941) to work on /opt/airflow/dags/dags_python_task_decorator.py
[2025-11-10T13:56:27.872+0000] {processor.py:830} INFO - Processing file /opt/airflow/dags/dags_python_task_decorator.py for tasks to queue
[2025-11-10T13:56:27.873+0000] {logging_mixin.py:188} INFO - [2025-11-10T13:56:27.873+0000] {dagbag.py:538} INFO - Filling up the DagBag from /opt/airflow/dags/dags_python_task_decorator.py
[2025-11-10T13:56:27.898+0000] {processor.py:840} INFO - DAG(s) 'dags_python_task_Decorator' retrieved from /opt/airflow/dags/dags_python_task_decorator.py
[2025-11-10T13:56:27.924+0000] {logging_mixin.py:188} INFO - [2025-11-10T13:56:27.924+0000] {dag.py:3036} INFO - Sync 1 DAGs
[2025-11-10T13:56:27.951+0000] {logging_mixin.py:188} INFO - [2025-11-10T13:56:27.951+0000] {dag.py:3823} INFO - Setting next_dagrun for dags_python_task_Decorator to 2025-11-09 17:00:00+00:00, run_after=2025-11-16 17:00:00+00:00
[2025-11-10T13:56:27.979+0000] {processor.py:183} INFO - Processing /opt/airflow/dags/dags_python_task_decorator.py took 0.113 seconds
[2025-11-10T13:56:58.858+0000] {processor.py:161} INFO - Started process (PID=43000) to work on /opt/airflow/dags/dags_python_task_decorator.py
[2025-11-10T13:56:58.860+0000] {processor.py:830} INFO - Processing file /opt/airflow/dags/dags_python_task_decorator.py for tasks to queue
[2025-11-10T13:56:58.861+0000] {logging_mixin.py:188} INFO - [2025-11-10T13:56:58.861+0000] {dagbag.py:538} INFO - Filling up the DagBag from /opt/airflow/dags/dags_python_task_decorator.py
[2025-11-10T13:56:58.881+0000] {processor.py:840} INFO - DAG(s) 'dags_python_task_Decorator' retrieved from /opt/airflow/dags/dags_python_task_decorator.py
[2025-11-10T13:56:58.909+0000] {logging_mixin.py:188} INFO - [2025-11-10T13:56:58.909+0000] {dag.py:3036} INFO - Sync 1 DAGs
[2025-11-10T13:56:58.938+0000] {logging_mixin.py:188} INFO - [2025-11-10T13:56:58.937+0000] {dag.py:3823} INFO - Setting next_dagrun for dags_python_task_Decorator to 2025-11-09 17:00:00+00:00, run_after=2025-11-16 17:00:00+00:00
[2025-11-10T13:56:58.973+0000] {processor.py:183} INFO - Processing /opt/airflow/dags/dags_python_task_decorator.py took 0.119 seconds
[2025-11-10T13:57:29.076+0000] {processor.py:161} INFO - Started process (PID=43059) to work on /opt/airflow/dags/dags_python_task_decorator.py
[2025-11-10T13:57:29.079+0000] {processor.py:830} INFO - Processing file /opt/airflow/dags/dags_python_task_decorator.py for tasks to queue
[2025-11-10T13:57:29.081+0000] {logging_mixin.py:188} INFO - [2025-11-10T13:57:29.080+0000] {dagbag.py:538} INFO - Filling up the DagBag from /opt/airflow/dags/dags_python_task_decorator.py
[2025-11-10T13:57:29.114+0000] {processor.py:840} INFO - DAG(s) 'dags_python_task_Decorator' retrieved from /opt/airflow/dags/dags_python_task_decorator.py
[2025-11-10T13:57:29.146+0000] {logging_mixin.py:188} INFO - [2025-11-10T13:57:29.146+0000] {dag.py:3036} INFO - Sync 1 DAGs
[2025-11-10T13:57:29.179+0000] {logging_mixin.py:188} INFO - [2025-11-10T13:57:29.179+0000] {dag.py:3823} INFO - Setting next_dagrun for dags_python_task_Decorator to 2025-11-09 17:00:00+00:00, run_after=2025-11-16 17:00:00+00:00
[2025-11-10T13:57:29.219+0000] {processor.py:183} INFO - Processing /opt/airflow/dags/dags_python_task_decorator.py took 0.151 seconds
[2025-11-10T13:58:00.007+0000] {processor.py:161} INFO - Started process (PID=43118) to work on /opt/airflow/dags/dags_python_task_decorator.py
[2025-11-10T13:58:00.009+0000] {processor.py:830} INFO - Processing file /opt/airflow/dags/dags_python_task_decorator.py for tasks to queue
[2025-11-10T13:58:00.011+0000] {logging_mixin.py:188} INFO - [2025-11-10T13:58:00.010+0000] {dagbag.py:538} INFO - Filling up the DagBag from /opt/airflow/dags/dags_python_task_decorator.py
[2025-11-10T13:58:00.049+0000] {processor.py:840} INFO - DAG(s) 'dags_python_task_Decorator' retrieved from /opt/airflow/dags/dags_python_task_decorator.py
[2025-11-10T13:58:00.090+0000] {logging_mixin.py:188} INFO - [2025-11-10T13:58:00.090+0000] {dag.py:3036} INFO - Sync 1 DAGs
[2025-11-10T13:58:00.137+0000] {logging_mixin.py:188} INFO - [2025-11-10T13:58:00.137+0000] {dag.py:3823} INFO - Setting next_dagrun for dags_python_task_Decorator to 2025-11-09 17:00:00+00:00, run_after=2025-11-16 17:00:00+00:00
[2025-11-10T13:58:00.183+0000] {processor.py:183} INFO - Processing /opt/airflow/dags/dags_python_task_decorator.py took 0.182 seconds
[2025-11-10T13:58:30.617+0000] {processor.py:161} INFO - Started process (PID=43177) to work on /opt/airflow/dags/dags_python_task_decorator.py
[2025-11-10T13:58:30.619+0000] {processor.py:830} INFO - Processing file /opt/airflow/dags/dags_python_task_decorator.py for tasks to queue
[2025-11-10T13:58:30.621+0000] {logging_mixin.py:188} INFO - [2025-11-10T13:58:30.620+0000] {dagbag.py:538} INFO - Filling up the DagBag from /opt/airflow/dags/dags_python_task_decorator.py
[2025-11-10T13:58:30.645+0000] {processor.py:840} INFO - DAG(s) 'dags_python_task_Decorator' retrieved from /opt/airflow/dags/dags_python_task_decorator.py
[2025-11-10T13:58:30.671+0000] {logging_mixin.py:188} INFO - [2025-11-10T13:58:30.671+0000] {dag.py:3036} INFO - Sync 1 DAGs
[2025-11-10T13:58:30.703+0000] {logging_mixin.py:188} INFO - [2025-11-10T13:58:30.703+0000] {dag.py:3823} INFO - Setting next_dagrun for dags_python_task_Decorator to 2025-11-09 17:00:00+00:00, run_after=2025-11-16 17:00:00+00:00
[2025-11-10T13:58:30.739+0000] {processor.py:183} INFO - Processing /opt/airflow/dags/dags_python_task_decorator.py took 0.128 seconds
[2025-11-10T13:59:01.186+0000] {processor.py:161} INFO - Started process (PID=43236) to work on /opt/airflow/dags/dags_python_task_decorator.py
[2025-11-10T13:59:01.187+0000] {processor.py:830} INFO - Processing file /opt/airflow/dags/dags_python_task_decorator.py for tasks to queue
[2025-11-10T13:59:01.189+0000] {logging_mixin.py:188} INFO - [2025-11-10T13:59:01.188+0000] {dagbag.py:538} INFO - Filling up the DagBag from /opt/airflow/dags/dags_python_task_decorator.py
[2025-11-10T13:59:01.211+0000] {processor.py:840} INFO - DAG(s) 'dags_python_task_Decorator' retrieved from /opt/airflow/dags/dags_python_task_decorator.py
[2025-11-10T13:59:01.235+0000] {logging_mixin.py:188} INFO - [2025-11-10T13:59:01.235+0000] {dag.py:3036} INFO - Sync 1 DAGs
[2025-11-10T13:59:01.263+0000] {logging_mixin.py:188} INFO - [2025-11-10T13:59:01.263+0000] {dag.py:3823} INFO - Setting next_dagrun for dags_python_task_Decorator to 2025-11-09 17:00:00+00:00, run_after=2025-11-16 17:00:00+00:00
[2025-11-10T13:59:01.291+0000] {processor.py:183} INFO - Processing /opt/airflow/dags/dags_python_task_decorator.py took 0.110 seconds
[2025-11-10T13:59:31.716+0000] {processor.py:161} INFO - Started process (PID=43295) to work on /opt/airflow/dags/dags_python_task_decorator.py
[2025-11-10T13:59:31.718+0000] {processor.py:830} INFO - Processing file /opt/airflow/dags/dags_python_task_decorator.py for tasks to queue
[2025-11-10T13:59:31.721+0000] {logging_mixin.py:188} INFO - [2025-11-10T13:59:31.720+0000] {dagbag.py:538} INFO - Filling up the DagBag from /opt/airflow/dags/dags_python_task_decorator.py
[2025-11-10T13:59:31.757+0000] {processor.py:840} INFO - DAG(s) 'dags_python_task_Decorator' retrieved from /opt/airflow/dags/dags_python_task_decorator.py
[2025-11-10T13:59:31.799+0000] {logging_mixin.py:188} INFO - [2025-11-10T13:59:31.798+0000] {dag.py:3036} INFO - Sync 1 DAGs
[2025-11-10T13:59:31.861+0000] {logging_mixin.py:188} INFO - [2025-11-10T13:59:31.860+0000] {dag.py:3823} INFO - Setting next_dagrun for dags_python_task_Decorator to 2025-11-09 17:00:00+00:00, run_after=2025-11-16 17:00:00+00:00
[2025-11-10T13:59:31.918+0000] {processor.py:183} INFO - Processing /opt/airflow/dags/dags_python_task_decorator.py took 0.210 seconds
[2025-11-10T14:00:02.155+0000] {processor.py:161} INFO - Started process (PID=43354) to work on /opt/airflow/dags/dags_python_task_decorator.py
[2025-11-10T14:00:02.157+0000] {processor.py:830} INFO - Processing file /opt/airflow/dags/dags_python_task_decorator.py for tasks to queue
[2025-11-10T14:00:02.158+0000] {logging_mixin.py:188} INFO - [2025-11-10T14:00:02.158+0000] {dagbag.py:538} INFO - Filling up the DagBag from /opt/airflow/dags/dags_python_task_decorator.py
[2025-11-10T14:00:02.182+0000] {processor.py:840} INFO - DAG(s) 'dags_python_task_Decorator' retrieved from /opt/airflow/dags/dags_python_task_decorator.py
[2025-11-10T14:00:02.208+0000] {logging_mixin.py:188} INFO - [2025-11-10T14:00:02.208+0000] {dag.py:3036} INFO - Sync 1 DAGs
[2025-11-10T14:00:02.235+0000] {logging_mixin.py:188} INFO - [2025-11-10T14:00:02.235+0000] {dag.py:3823} INFO - Setting next_dagrun for dags_python_task_Decorator to 2025-11-09 17:00:00+00:00, run_after=2025-11-16 17:00:00+00:00
[2025-11-10T14:00:02.272+0000] {processor.py:183} INFO - Processing /opt/airflow/dags/dags_python_task_decorator.py took 0.121 seconds
[2025-11-10T14:00:32.869+0000] {processor.py:161} INFO - Started process (PID=43413) to work on /opt/airflow/dags/dags_python_task_decorator.py
[2025-11-10T14:00:32.872+0000] {processor.py:830} INFO - Processing file /opt/airflow/dags/dags_python_task_decorator.py for tasks to queue
[2025-11-10T14:00:32.874+0000] {logging_mixin.py:188} INFO - [2025-11-10T14:00:32.873+0000] {dagbag.py:538} INFO - Filling up the DagBag from /opt/airflow/dags/dags_python_task_decorator.py
[2025-11-10T14:00:32.906+0000] {processor.py:840} INFO - DAG(s) 'dags_python_task_Decorator' retrieved from /opt/airflow/dags/dags_python_task_decorator.py
[2025-11-10T14:00:32.933+0000] {logging_mixin.py:188} INFO - [2025-11-10T14:00:32.933+0000] {dag.py:3036} INFO - Sync 1 DAGs
[2025-11-10T14:00:32.963+0000] {logging_mixin.py:188} INFO - [2025-11-10T14:00:32.962+0000] {dag.py:3823} INFO - Setting next_dagrun for dags_python_task_Decorator to 2025-11-09 17:00:00+00:00, run_after=2025-11-16 17:00:00+00:00
[2025-11-10T14:00:32.995+0000] {processor.py:183} INFO - Processing /opt/airflow/dags/dags_python_task_decorator.py took 0.132 seconds
[2025-11-10T14:01:03.270+0000] {processor.py:161} INFO - Started process (PID=43472) to work on /opt/airflow/dags/dags_python_task_decorator.py
[2025-11-10T14:01:03.272+0000] {processor.py:830} INFO - Processing file /opt/airflow/dags/dags_python_task_decorator.py for tasks to queue
[2025-11-10T14:01:03.275+0000] {logging_mixin.py:188} INFO - [2025-11-10T14:01:03.274+0000] {dagbag.py:538} INFO - Filling up the DagBag from /opt/airflow/dags/dags_python_task_decorator.py
[2025-11-10T14:01:03.305+0000] {processor.py:840} INFO - DAG(s) 'dags_python_task_Decorator' retrieved from /opt/airflow/dags/dags_python_task_decorator.py
[2025-11-10T14:01:03.337+0000] {logging_mixin.py:188} INFO - [2025-11-10T14:01:03.336+0000] {dag.py:3036} INFO - Sync 1 DAGs
[2025-11-10T14:01:03.372+0000] {logging_mixin.py:188} INFO - [2025-11-10T14:01:03.372+0000] {dag.py:3823} INFO - Setting next_dagrun for dags_python_task_Decorator to 2025-11-09 17:00:00+00:00, run_after=2025-11-16 17:00:00+00:00
[2025-11-10T14:01:03.410+0000] {processor.py:183} INFO - Processing /opt/airflow/dags/dags_python_task_decorator.py took 0.145 seconds
[2025-11-10T14:01:34.107+0000] {processor.py:161} INFO - Started process (PID=43531) to work on /opt/airflow/dags/dags_python_task_decorator.py
[2025-11-10T14:01:34.109+0000] {processor.py:830} INFO - Processing file /opt/airflow/dags/dags_python_task_decorator.py for tasks to queue
[2025-11-10T14:01:34.111+0000] {logging_mixin.py:188} INFO - [2025-11-10T14:01:34.110+0000] {dagbag.py:538} INFO - Filling up the DagBag from /opt/airflow/dags/dags_python_task_decorator.py
[2025-11-10T14:01:34.144+0000] {processor.py:840} INFO - DAG(s) 'dags_python_task_Decorator' retrieved from /opt/airflow/dags/dags_python_task_decorator.py
[2025-11-10T14:01:34.177+0000] {logging_mixin.py:188} INFO - [2025-11-10T14:01:34.177+0000] {dag.py:3036} INFO - Sync 1 DAGs
[2025-11-10T14:01:34.213+0000] {logging_mixin.py:188} INFO - [2025-11-10T14:01:34.212+0000] {dag.py:3823} INFO - Setting next_dagrun for dags_python_task_Decorator to 2025-11-09 17:00:00+00:00, run_after=2025-11-16 17:00:00+00:00
[2025-11-10T14:01:34.245+0000] {processor.py:183} INFO - Processing /opt/airflow/dags/dags_python_task_decorator.py took 0.142 seconds
[2025-11-10T14:02:04.929+0000] {processor.py:161} INFO - Started process (PID=43590) to work on /opt/airflow/dags/dags_python_task_decorator.py
[2025-11-10T14:02:04.932+0000] {processor.py:830} INFO - Processing file /opt/airflow/dags/dags_python_task_decorator.py for tasks to queue
[2025-11-10T14:02:04.934+0000] {logging_mixin.py:188} INFO - [2025-11-10T14:02:04.933+0000] {dagbag.py:538} INFO - Filling up the DagBag from /opt/airflow/dags/dags_python_task_decorator.py
[2025-11-10T14:02:04.968+0000] {processor.py:840} INFO - DAG(s) 'dags_python_task_Decorator' retrieved from /opt/airflow/dags/dags_python_task_decorator.py
[2025-11-10T14:02:05.008+0000] {logging_mixin.py:188} INFO - [2025-11-10T14:02:05.008+0000] {dag.py:3036} INFO - Sync 1 DAGs
[2025-11-10T14:02:05.055+0000] {logging_mixin.py:188} INFO - [2025-11-10T14:02:05.054+0000] {dag.py:3823} INFO - Setting next_dagrun for dags_python_task_Decorator to 2025-11-09 17:00:00+00:00, run_after=2025-11-16 17:00:00+00:00
[2025-11-10T14:02:05.100+0000] {processor.py:183} INFO - Processing /opt/airflow/dags/dags_python_task_decorator.py took 0.180 seconds
[2025-11-10T14:02:35.754+0000] {processor.py:161} INFO - Started process (PID=43649) to work on /opt/airflow/dags/dags_python_task_decorator.py
[2025-11-10T14:02:35.757+0000] {processor.py:830} INFO - Processing file /opt/airflow/dags/dags_python_task_decorator.py for tasks to queue
[2025-11-10T14:02:35.759+0000] {logging_mixin.py:188} INFO - [2025-11-10T14:02:35.759+0000] {dagbag.py:538} INFO - Filling up the DagBag from /opt/airflow/dags/dags_python_task_decorator.py
[2025-11-10T14:02:35.804+0000] {processor.py:840} INFO - DAG(s) 'dags_python_task_Decorator' retrieved from /opt/airflow/dags/dags_python_task_decorator.py
[2025-11-10T14:02:35.864+0000] {logging_mixin.py:188} INFO - [2025-11-10T14:02:35.864+0000] {dag.py:3036} INFO - Sync 1 DAGs
[2025-11-10T14:02:35.930+0000] {logging_mixin.py:188} INFO - [2025-11-10T14:02:35.929+0000] {dag.py:3823} INFO - Setting next_dagrun for dags_python_task_Decorator to 2025-11-09 17:00:00+00:00, run_after=2025-11-16 17:00:00+00:00
[2025-11-10T14:02:36.002+0000] {processor.py:183} INFO - Processing /opt/airflow/dags/dags_python_task_decorator.py took 0.258 seconds
[2025-11-10T14:03:06.405+0000] {processor.py:161} INFO - Started process (PID=43708) to work on /opt/airflow/dags/dags_python_task_decorator.py
[2025-11-10T14:03:06.407+0000] {processor.py:830} INFO - Processing file /opt/airflow/dags/dags_python_task_decorator.py for tasks to queue
[2025-11-10T14:03:06.409+0000] {logging_mixin.py:188} INFO - [2025-11-10T14:03:06.409+0000] {dagbag.py:538} INFO - Filling up the DagBag from /opt/airflow/dags/dags_python_task_decorator.py
[2025-11-10T14:03:06.444+0000] {processor.py:840} INFO - DAG(s) 'dags_python_task_Decorator' retrieved from /opt/airflow/dags/dags_python_task_decorator.py
[2025-11-10T14:03:06.481+0000] {logging_mixin.py:188} INFO - [2025-11-10T14:03:06.481+0000] {dag.py:3036} INFO - Sync 1 DAGs
[2025-11-10T14:03:06.525+0000] {logging_mixin.py:188} INFO - [2025-11-10T14:03:06.525+0000] {dag.py:3823} INFO - Setting next_dagrun for dags_python_task_Decorator to 2025-11-09 17:00:00+00:00, run_after=2025-11-16 17:00:00+00:00
[2025-11-10T14:03:06.561+0000] {processor.py:183} INFO - Processing /opt/airflow/dags/dags_python_task_decorator.py took 0.163 seconds
[2025-11-10T14:03:37.056+0000] {processor.py:161} INFO - Started process (PID=43767) to work on /opt/airflow/dags/dags_python_task_decorator.py
[2025-11-10T14:03:37.058+0000] {processor.py:830} INFO - Processing file /opt/airflow/dags/dags_python_task_decorator.py for tasks to queue
[2025-11-10T14:03:37.061+0000] {logging_mixin.py:188} INFO - [2025-11-10T14:03:37.060+0000] {dagbag.py:538} INFO - Filling up the DagBag from /opt/airflow/dags/dags_python_task_decorator.py
[2025-11-10T14:03:37.100+0000] {processor.py:840} INFO - DAG(s) 'dags_python_task_Decorator' retrieved from /opt/airflow/dags/dags_python_task_decorator.py
[2025-11-10T14:03:37.142+0000] {logging_mixin.py:188} INFO - [2025-11-10T14:03:37.142+0000] {dag.py:3036} INFO - Sync 1 DAGs
[2025-11-10T14:03:37.190+0000] {logging_mixin.py:188} INFO - [2025-11-10T14:03:37.190+0000] {dag.py:3823} INFO - Setting next_dagrun for dags_python_task_Decorator to 2025-11-09 17:00:00+00:00, run_after=2025-11-16 17:00:00+00:00
[2025-11-10T14:03:37.233+0000] {processor.py:183} INFO - Processing /opt/airflow/dags/dags_python_task_decorator.py took 0.185 seconds
[2025-11-10T14:04:07.801+0000] {processor.py:161} INFO - Started process (PID=43826) to work on /opt/airflow/dags/dags_python_task_decorator.py
[2025-11-10T14:04:07.802+0000] {processor.py:830} INFO - Processing file /opt/airflow/dags/dags_python_task_decorator.py for tasks to queue
[2025-11-10T14:04:07.804+0000] {logging_mixin.py:188} INFO - [2025-11-10T14:04:07.803+0000] {dagbag.py:538} INFO - Filling up the DagBag from /opt/airflow/dags/dags_python_task_decorator.py
[2025-11-10T14:04:07.832+0000] {processor.py:840} INFO - DAG(s) 'dags_python_task_Decorator' retrieved from /opt/airflow/dags/dags_python_task_decorator.py
[2025-11-10T14:04:07.860+0000] {logging_mixin.py:188} INFO - [2025-11-10T14:04:07.860+0000] {dag.py:3036} INFO - Sync 1 DAGs
[2025-11-10T14:04:07.891+0000] {logging_mixin.py:188} INFO - [2025-11-10T14:04:07.890+0000] {dag.py:3823} INFO - Setting next_dagrun for dags_python_task_Decorator to 2025-11-09 17:00:00+00:00, run_after=2025-11-16 17:00:00+00:00
[2025-11-10T14:04:07.917+0000] {processor.py:183} INFO - Processing /opt/airflow/dags/dags_python_task_decorator.py took 0.121 seconds
[2025-11-10T14:04:38.353+0000] {processor.py:161} INFO - Started process (PID=43885) to work on /opt/airflow/dags/dags_python_task_decorator.py
[2025-11-10T14:04:38.369+0000] {processor.py:830} INFO - Processing file /opt/airflow/dags/dags_python_task_decorator.py for tasks to queue
[2025-11-10T14:04:38.377+0000] {logging_mixin.py:188} INFO - [2025-11-10T14:04:38.376+0000] {dagbag.py:538} INFO - Filling up the DagBag from /opt/airflow/dags/dags_python_task_decorator.py
[2025-11-10T14:04:38.517+0000] {processor.py:840} INFO - DAG(s) 'dags_python_task_Decorator' retrieved from /opt/airflow/dags/dags_python_task_decorator.py
[2025-11-10T14:04:38.601+0000] {logging_mixin.py:188} INFO - [2025-11-10T14:04:38.600+0000] {dag.py:3036} INFO - Sync 1 DAGs
[2025-11-10T14:04:38.737+0000] {logging_mixin.py:188} INFO - [2025-11-10T14:04:38.737+0000] {dag.py:3823} INFO - Setting next_dagrun for dags_python_task_Decorator to 2025-11-09 17:00:00+00:00, run_after=2025-11-16 17:00:00+00:00
[2025-11-10T14:04:38.845+0000] {processor.py:183} INFO - Processing /opt/airflow/dags/dags_python_task_decorator.py took 0.502 seconds
[2025-11-10T14:05:08.963+0000] {processor.py:161} INFO - Started process (PID=43944) to work on /opt/airflow/dags/dags_python_task_decorator.py
[2025-11-10T14:05:08.966+0000] {processor.py:830} INFO - Processing file /opt/airflow/dags/dags_python_task_decorator.py for tasks to queue
[2025-11-10T14:05:08.969+0000] {logging_mixin.py:188} INFO - [2025-11-10T14:05:08.968+0000] {dagbag.py:538} INFO - Filling up the DagBag from /opt/airflow/dags/dags_python_task_decorator.py
[2025-11-10T14:05:09.015+0000] {processor.py:840} INFO - DAG(s) 'dags_python_task_Decorator' retrieved from /opt/airflow/dags/dags_python_task_decorator.py
[2025-11-10T14:05:09.075+0000] {logging_mixin.py:188} INFO - [2025-11-10T14:05:09.074+0000] {dag.py:3036} INFO - Sync 1 DAGs
[2025-11-10T14:05:09.140+0000] {logging_mixin.py:188} INFO - [2025-11-10T14:05:09.139+0000] {dag.py:3823} INFO - Setting next_dagrun for dags_python_task_Decorator to 2025-11-09 17:00:00+00:00, run_after=2025-11-16 17:00:00+00:00
[2025-11-10T14:05:09.212+0000] {processor.py:183} INFO - Processing /opt/airflow/dags/dags_python_task_decorator.py took 0.259 seconds
[2025-11-10T14:05:39.360+0000] {processor.py:161} INFO - Started process (PID=44003) to work on /opt/airflow/dags/dags_python_task_decorator.py
[2025-11-10T14:05:39.364+0000] {processor.py:830} INFO - Processing file /opt/airflow/dags/dags_python_task_decorator.py for tasks to queue
[2025-11-10T14:05:39.367+0000] {logging_mixin.py:188} INFO - [2025-11-10T14:05:39.366+0000] {dagbag.py:538} INFO - Filling up the DagBag from /opt/airflow/dags/dags_python_task_decorator.py
[2025-11-10T14:05:39.496+0000] {processor.py:840} INFO - DAG(s) 'dags_python_task_Decorator' retrieved from /opt/airflow/dags/dags_python_task_decorator.py
[2025-11-10T14:05:39.635+0000] {logging_mixin.py:188} INFO - [2025-11-10T14:05:39.635+0000] {dag.py:3036} INFO - Sync 1 DAGs
[2025-11-10T14:05:39.813+0000] {logging_mixin.py:188} INFO - [2025-11-10T14:05:39.812+0000] {dag.py:3823} INFO - Setting next_dagrun for dags_python_task_Decorator to 2025-11-09 17:00:00+00:00, run_after=2025-11-16 17:00:00+00:00
[2025-11-10T14:05:39.932+0000] {processor.py:183} INFO - Processing /opt/airflow/dags/dags_python_task_decorator.py took 0.593 seconds
[2025-11-10T14:06:10.910+0000] {processor.py:161} INFO - Started process (PID=44062) to work on /opt/airflow/dags/dags_python_task_decorator.py
[2025-11-10T14:06:10.912+0000] {processor.py:830} INFO - Processing file /opt/airflow/dags/dags_python_task_decorator.py for tasks to queue
[2025-11-10T14:06:10.914+0000] {logging_mixin.py:188} INFO - [2025-11-10T14:06:10.914+0000] {dagbag.py:538} INFO - Filling up the DagBag from /opt/airflow/dags/dags_python_task_decorator.py
[2025-11-10T14:06:10.947+0000] {processor.py:840} INFO - DAG(s) 'dags_python_task_Decorator' retrieved from /opt/airflow/dags/dags_python_task_decorator.py
[2025-11-10T14:06:10.986+0000] {logging_mixin.py:188} INFO - [2025-11-10T14:06:10.986+0000] {dag.py:3036} INFO - Sync 1 DAGs
[2025-11-10T14:06:11.033+0000] {logging_mixin.py:188} INFO - [2025-11-10T14:06:11.033+0000] {dag.py:3823} INFO - Setting next_dagrun for dags_python_task_Decorator to 2025-11-09 17:00:00+00:00, run_after=2025-11-16 17:00:00+00:00
[2025-11-10T14:06:11.079+0000] {processor.py:183} INFO - Processing /opt/airflow/dags/dags_python_task_decorator.py took 0.180 seconds
[2025-11-10T14:06:41.674+0000] {processor.py:161} INFO - Started process (PID=44121) to work on /opt/airflow/dags/dags_python_task_decorator.py
[2025-11-10T14:06:41.677+0000] {processor.py:830} INFO - Processing file /opt/airflow/dags/dags_python_task_decorator.py for tasks to queue
[2025-11-10T14:06:41.679+0000] {logging_mixin.py:188} INFO - [2025-11-10T14:06:41.679+0000] {dagbag.py:538} INFO - Filling up the DagBag from /opt/airflow/dags/dags_python_task_decorator.py
[2025-11-10T14:06:41.735+0000] {processor.py:840} INFO - DAG(s) 'dags_python_task_Decorator' retrieved from /opt/airflow/dags/dags_python_task_decorator.py
[2025-11-10T14:06:41.810+0000] {logging_mixin.py:188} INFO - [2025-11-10T14:06:41.810+0000] {dag.py:3036} INFO - Sync 1 DAGs
[2025-11-10T14:06:41.902+0000] {logging_mixin.py:188} INFO - [2025-11-10T14:06:41.902+0000] {dag.py:3823} INFO - Setting next_dagrun for dags_python_task_Decorator to 2025-11-09 17:00:00+00:00, run_after=2025-11-16 17:00:00+00:00
[2025-11-10T14:06:41.981+0000] {processor.py:183} INFO - Processing /opt/airflow/dags/dags_python_task_decorator.py took 0.316 seconds
[2025-11-10T14:07:12.906+0000] {processor.py:161} INFO - Started process (PID=44180) to work on /opt/airflow/dags/dags_python_task_decorator.py
[2025-11-10T14:07:12.923+0000] {processor.py:830} INFO - Processing file /opt/airflow/dags/dags_python_task_decorator.py for tasks to queue
[2025-11-10T14:07:12.926+0000] {logging_mixin.py:188} INFO - [2025-11-10T14:07:12.925+0000] {dagbag.py:538} INFO - Filling up the DagBag from /opt/airflow/dags/dags_python_task_decorator.py
[2025-11-10T14:07:13.050+0000] {processor.py:840} INFO - DAG(s) 'dags_python_task_Decorator' retrieved from /opt/airflow/dags/dags_python_task_decorator.py
[2025-11-10T14:07:13.141+0000] {logging_mixin.py:188} INFO - [2025-11-10T14:07:13.140+0000] {dag.py:3036} INFO - Sync 1 DAGs
[2025-11-10T14:07:13.275+0000] {logging_mixin.py:188} INFO - [2025-11-10T14:07:13.274+0000] {dag.py:3823} INFO - Setting next_dagrun for dags_python_task_Decorator to 2025-11-09 17:00:00+00:00, run_after=2025-11-16 17:00:00+00:00
[2025-11-10T14:07:13.379+0000] {processor.py:183} INFO - Processing /opt/airflow/dags/dags_python_task_decorator.py took 0.491 seconds
[2025-11-10T14:07:43.481+0000] {processor.py:161} INFO - Started process (PID=44239) to work on /opt/airflow/dags/dags_python_task_decorator.py
[2025-11-10T14:07:43.483+0000] {processor.py:830} INFO - Processing file /opt/airflow/dags/dags_python_task_decorator.py for tasks to queue
[2025-11-10T14:07:43.485+0000] {logging_mixin.py:188} INFO - [2025-11-10T14:07:43.484+0000] {dagbag.py:538} INFO - Filling up the DagBag from /opt/airflow/dags/dags_python_task_decorator.py
[2025-11-10T14:07:43.513+0000] {processor.py:840} INFO - DAG(s) 'dags_python_task_Decorator' retrieved from /opt/airflow/dags/dags_python_task_decorator.py
[2025-11-10T14:07:43.542+0000] {logging_mixin.py:188} INFO - [2025-11-10T14:07:43.541+0000] {dag.py:3036} INFO - Sync 1 DAGs
[2025-11-10T14:07:43.573+0000] {logging_mixin.py:188} INFO - [2025-11-10T14:07:43.573+0000] {dag.py:3823} INFO - Setting next_dagrun for dags_python_task_Decorator to 2025-11-09 17:00:00+00:00, run_after=2025-11-16 17:00:00+00:00
[2025-11-10T14:07:43.611+0000] {processor.py:183} INFO - Processing /opt/airflow/dags/dags_python_task_decorator.py took 0.134 seconds
[2025-11-10T14:08:14.143+0000] {processor.py:161} INFO - Started process (PID=44298) to work on /opt/airflow/dags/dags_python_task_decorator.py
[2025-11-10T14:08:14.145+0000] {processor.py:830} INFO - Processing file /opt/airflow/dags/dags_python_task_decorator.py for tasks to queue
[2025-11-10T14:08:14.147+0000] {logging_mixin.py:188} INFO - [2025-11-10T14:08:14.146+0000] {dagbag.py:538} INFO - Filling up the DagBag from /opt/airflow/dags/dags_python_task_decorator.py
[2025-11-10T14:08:14.180+0000] {processor.py:840} INFO - DAG(s) 'dags_python_task_Decorator' retrieved from /opt/airflow/dags/dags_python_task_decorator.py
[2025-11-10T14:08:14.222+0000] {logging_mixin.py:188} INFO - [2025-11-10T14:08:14.221+0000] {dag.py:3036} INFO - Sync 1 DAGs
[2025-11-10T14:08:14.266+0000] {logging_mixin.py:188} INFO - [2025-11-10T14:08:14.266+0000] {dag.py:3823} INFO - Setting next_dagrun for dags_python_task_Decorator to 2025-11-09 17:00:00+00:00, run_after=2025-11-16 17:00:00+00:00
[2025-11-10T14:08:14.305+0000] {processor.py:183} INFO - Processing /opt/airflow/dags/dags_python_task_decorator.py took 0.168 seconds
[2025-11-10T14:08:44.521+0000] {processor.py:161} INFO - Started process (PID=44357) to work on /opt/airflow/dags/dags_python_task_decorator.py
[2025-11-10T14:08:44.523+0000] {processor.py:830} INFO - Processing file /opt/airflow/dags/dags_python_task_decorator.py for tasks to queue
[2025-11-10T14:08:44.525+0000] {logging_mixin.py:188} INFO - [2025-11-10T14:08:44.524+0000] {dagbag.py:538} INFO - Filling up the DagBag from /opt/airflow/dags/dags_python_task_decorator.py
[2025-11-10T14:08:44.555+0000] {processor.py:840} INFO - DAG(s) 'dags_python_task_Decorator' retrieved from /opt/airflow/dags/dags_python_task_decorator.py
[2025-11-10T14:08:44.589+0000] {logging_mixin.py:188} INFO - [2025-11-10T14:08:44.589+0000] {dag.py:3036} INFO - Sync 1 DAGs
[2025-11-10T14:08:44.629+0000] {logging_mixin.py:188} INFO - [2025-11-10T14:08:44.629+0000] {dag.py:3823} INFO - Setting next_dagrun for dags_python_task_Decorator to 2025-11-09 17:00:00+00:00, run_after=2025-11-16 17:00:00+00:00
[2025-11-10T14:08:44.657+0000] {processor.py:183} INFO - Processing /opt/airflow/dags/dags_python_task_decorator.py took 0.141 seconds
[2025-11-10T14:09:14.846+0000] {processor.py:161} INFO - Started process (PID=44416) to work on /opt/airflow/dags/dags_python_task_decorator.py
[2025-11-10T14:09:14.848+0000] {processor.py:830} INFO - Processing file /opt/airflow/dags/dags_python_task_decorator.py for tasks to queue
[2025-11-10T14:09:14.850+0000] {logging_mixin.py:188} INFO - [2025-11-10T14:09:14.850+0000] {dagbag.py:538} INFO - Filling up the DagBag from /opt/airflow/dags/dags_python_task_decorator.py
[2025-11-10T14:09:14.874+0000] {processor.py:840} INFO - DAG(s) 'dags_python_task_Decorator' retrieved from /opt/airflow/dags/dags_python_task_decorator.py
[2025-11-10T14:09:14.903+0000] {logging_mixin.py:188} INFO - [2025-11-10T14:09:14.903+0000] {dag.py:3036} INFO - Sync 1 DAGs
[2025-11-10T14:09:14.934+0000] {logging_mixin.py:188} INFO - [2025-11-10T14:09:14.934+0000] {dag.py:3823} INFO - Setting next_dagrun for dags_python_task_Decorator to 2025-11-09 17:00:00+00:00, run_after=2025-11-16 17:00:00+00:00
[2025-11-10T14:09:14.963+0000] {processor.py:183} INFO - Processing /opt/airflow/dags/dags_python_task_decorator.py took 0.121 seconds
[2025-11-10T14:09:45.322+0000] {processor.py:161} INFO - Started process (PID=44475) to work on /opt/airflow/dags/dags_python_task_decorator.py
[2025-11-10T14:09:45.324+0000] {processor.py:830} INFO - Processing file /opt/airflow/dags/dags_python_task_decorator.py for tasks to queue
[2025-11-10T14:09:45.325+0000] {logging_mixin.py:188} INFO - [2025-11-10T14:09:45.325+0000] {dagbag.py:538} INFO - Filling up the DagBag from /opt/airflow/dags/dags_python_task_decorator.py
[2025-11-10T14:09:45.348+0000] {processor.py:840} INFO - DAG(s) 'dags_python_task_Decorator' retrieved from /opt/airflow/dags/dags_python_task_decorator.py
[2025-11-10T14:09:45.376+0000] {logging_mixin.py:188} INFO - [2025-11-10T14:09:45.375+0000] {dag.py:3036} INFO - Sync 1 DAGs
[2025-11-10T14:09:45.403+0000] {logging_mixin.py:188} INFO - [2025-11-10T14:09:45.402+0000] {dag.py:3823} INFO - Setting next_dagrun for dags_python_task_Decorator to 2025-11-09 17:00:00+00:00, run_after=2025-11-16 17:00:00+00:00
[2025-11-10T14:09:45.430+0000] {processor.py:183} INFO - Processing /opt/airflow/dags/dags_python_task_decorator.py took 0.112 seconds
[2025-11-10T14:10:15.681+0000] {processor.py:161} INFO - Started process (PID=44534) to work on /opt/airflow/dags/dags_python_task_decorator.py
[2025-11-10T14:10:15.683+0000] {processor.py:830} INFO - Processing file /opt/airflow/dags/dags_python_task_decorator.py for tasks to queue
[2025-11-10T14:10:15.685+0000] {logging_mixin.py:188} INFO - [2025-11-10T14:10:15.684+0000] {dagbag.py:538} INFO - Filling up the DagBag from /opt/airflow/dags/dags_python_task_decorator.py
[2025-11-10T14:10:15.742+0000] {processor.py:840} INFO - DAG(s) 'dags_python_task_Decorator' retrieved from /opt/airflow/dags/dags_python_task_decorator.py
[2025-11-10T14:10:15.801+0000] {logging_mixin.py:188} INFO - [2025-11-10T14:10:15.801+0000] {dag.py:3036} INFO - Sync 1 DAGs
[2025-11-10T14:10:15.846+0000] {logging_mixin.py:188} INFO - [2025-11-10T14:10:15.845+0000] {dag.py:3823} INFO - Setting next_dagrun for dags_python_task_Decorator to 2025-11-09 17:00:00+00:00, run_after=2025-11-16 17:00:00+00:00
[2025-11-10T14:10:15.881+0000] {processor.py:183} INFO - Processing /opt/airflow/dags/dags_python_task_decorator.py took 0.209 seconds
[2025-11-10T14:10:46.621+0000] {processor.py:161} INFO - Started process (PID=44593) to work on /opt/airflow/dags/dags_python_task_decorator.py
[2025-11-10T14:10:46.622+0000] {processor.py:830} INFO - Processing file /opt/airflow/dags/dags_python_task_decorator.py for tasks to queue
[2025-11-10T14:10:46.624+0000] {logging_mixin.py:188} INFO - [2025-11-10T14:10:46.623+0000] {dagbag.py:538} INFO - Filling up the DagBag from /opt/airflow/dags/dags_python_task_decorator.py
[2025-11-10T14:10:46.646+0000] {processor.py:840} INFO - DAG(s) 'dags_python_task_Decorator' retrieved from /opt/airflow/dags/dags_python_task_decorator.py
[2025-11-10T14:10:46.672+0000] {logging_mixin.py:188} INFO - [2025-11-10T14:10:46.672+0000] {dag.py:3036} INFO - Sync 1 DAGs
[2025-11-10T14:10:46.699+0000] {logging_mixin.py:188} INFO - [2025-11-10T14:10:46.698+0000] {dag.py:3823} INFO - Setting next_dagrun for dags_python_task_Decorator to 2025-11-09 17:00:00+00:00, run_after=2025-11-16 17:00:00+00:00
[2025-11-10T14:10:46.724+0000] {processor.py:183} INFO - Processing /opt/airflow/dags/dags_python_task_decorator.py took 0.107 seconds
[2025-11-10T14:11:17.090+0000] {processor.py:161} INFO - Started process (PID=44652) to work on /opt/airflow/dags/dags_python_task_decorator.py
[2025-11-10T14:11:17.092+0000] {processor.py:830} INFO - Processing file /opt/airflow/dags/dags_python_task_decorator.py for tasks to queue
[2025-11-10T14:11:17.094+0000] {logging_mixin.py:188} INFO - [2025-11-10T14:11:17.093+0000] {dagbag.py:538} INFO - Filling up the DagBag from /opt/airflow/dags/dags_python_task_decorator.py
[2025-11-10T14:11:17.125+0000] {processor.py:840} INFO - DAG(s) 'dags_python_task_Decorator' retrieved from /opt/airflow/dags/dags_python_task_decorator.py
[2025-11-10T14:11:17.159+0000] {logging_mixin.py:188} INFO - [2025-11-10T14:11:17.159+0000] {dag.py:3036} INFO - Sync 1 DAGs
[2025-11-10T14:11:17.195+0000] {logging_mixin.py:188} INFO - [2025-11-10T14:11:17.194+0000] {dag.py:3823} INFO - Setting next_dagrun for dags_python_task_Decorator to 2025-11-09 17:00:00+00:00, run_after=2025-11-16 17:00:00+00:00
[2025-11-10T14:11:17.232+0000] {processor.py:183} INFO - Processing /opt/airflow/dags/dags_python_task_decorator.py took 0.148 seconds
[2025-11-10T14:11:47.680+0000] {processor.py:161} INFO - Started process (PID=44711) to work on /opt/airflow/dags/dags_python_task_decorator.py
[2025-11-10T14:11:47.682+0000] {processor.py:830} INFO - Processing file /opt/airflow/dags/dags_python_task_decorator.py for tasks to queue
[2025-11-10T14:11:47.683+0000] {logging_mixin.py:188} INFO - [2025-11-10T14:11:47.683+0000] {dagbag.py:538} INFO - Filling up the DagBag from /opt/airflow/dags/dags_python_task_decorator.py
[2025-11-10T14:11:47.707+0000] {processor.py:840} INFO - DAG(s) 'dags_python_task_Decorator' retrieved from /opt/airflow/dags/dags_python_task_decorator.py
[2025-11-10T14:11:47.739+0000] {logging_mixin.py:188} INFO - [2025-11-10T14:11:47.738+0000] {dag.py:3036} INFO - Sync 1 DAGs
[2025-11-10T14:11:47.770+0000] {logging_mixin.py:188} INFO - [2025-11-10T14:11:47.770+0000] {dag.py:3823} INFO - Setting next_dagrun for dags_python_task_Decorator to 2025-11-09 17:00:00+00:00, run_after=2025-11-16 17:00:00+00:00
[2025-11-10T14:11:47.817+0000] {processor.py:183} INFO - Processing /opt/airflow/dags/dags_python_task_decorator.py took 0.142 seconds
[2025-11-10T14:12:18.336+0000] {processor.py:161} INFO - Started process (PID=44770) to work on /opt/airflow/dags/dags_python_task_decorator.py
[2025-11-10T14:12:18.337+0000] {processor.py:830} INFO - Processing file /opt/airflow/dags/dags_python_task_decorator.py for tasks to queue
[2025-11-10T14:12:18.339+0000] {logging_mixin.py:188} INFO - [2025-11-10T14:12:18.338+0000] {dagbag.py:538} INFO - Filling up the DagBag from /opt/airflow/dags/dags_python_task_decorator.py
[2025-11-10T14:12:18.359+0000] {processor.py:840} INFO - DAG(s) 'dags_python_task_Decorator' retrieved from /opt/airflow/dags/dags_python_task_decorator.py
[2025-11-10T14:12:18.386+0000] {logging_mixin.py:188} INFO - [2025-11-10T14:12:18.386+0000] {dag.py:3036} INFO - Sync 1 DAGs
[2025-11-10T14:12:18.417+0000] {logging_mixin.py:188} INFO - [2025-11-10T14:12:18.417+0000] {dag.py:3823} INFO - Setting next_dagrun for dags_python_task_Decorator to 2025-11-09 17:00:00+00:00, run_after=2025-11-16 17:00:00+00:00
[2025-11-10T14:12:18.452+0000] {processor.py:183} INFO - Processing /opt/airflow/dags/dags_python_task_decorator.py took 0.121 seconds
[2025-11-10T14:12:48.681+0000] {processor.py:161} INFO - Started process (PID=44835) to work on /opt/airflow/dags/dags_python_task_decorator.py
[2025-11-10T14:12:48.682+0000] {processor.py:830} INFO - Processing file /opt/airflow/dags/dags_python_task_decorator.py for tasks to queue
[2025-11-10T14:12:48.684+0000] {logging_mixin.py:188} INFO - [2025-11-10T14:12:48.684+0000] {dagbag.py:538} INFO - Filling up the DagBag from /opt/airflow/dags/dags_python_task_decorator.py
[2025-11-10T14:12:48.730+0000] {processor.py:840} INFO - DAG(s) 'dags_python_task_Decorator' retrieved from /opt/airflow/dags/dags_python_task_decorator.py
[2025-11-10T14:12:48.795+0000] {logging_mixin.py:188} INFO - [2025-11-10T14:12:48.785+0000] {dag.py:3036} INFO - Sync 1 DAGs
[2025-11-10T14:12:48.914+0000] {logging_mixin.py:188} INFO - [2025-11-10T14:12:48.914+0000] {dag.py:3823} INFO - Setting next_dagrun for dags_python_task_Decorator to 2025-11-09 17:00:00+00:00, run_after=2025-11-16 17:00:00+00:00
[2025-11-10T14:12:48.957+0000] {processor.py:183} INFO - Processing /opt/airflow/dags/dags_python_task_decorator.py took 0.281 seconds
[2025-11-10T14:13:19.303+0000] {processor.py:161} INFO - Started process (PID=44894) to work on /opt/airflow/dags/dags_python_task_decorator.py
[2025-11-10T14:13:19.305+0000] {processor.py:830} INFO - Processing file /opt/airflow/dags/dags_python_task_decorator.py for tasks to queue
[2025-11-10T14:13:19.307+0000] {logging_mixin.py:188} INFO - [2025-11-10T14:13:19.306+0000] {dagbag.py:538} INFO - Filling up the DagBag from /opt/airflow/dags/dags_python_task_decorator.py
[2025-11-10T14:13:19.332+0000] {processor.py:840} INFO - DAG(s) 'dags_python_task_Decorator' retrieved from /opt/airflow/dags/dags_python_task_decorator.py
[2025-11-10T14:13:19.364+0000] {logging_mixin.py:188} INFO - [2025-11-10T14:13:19.364+0000] {dag.py:3036} INFO - Sync 1 DAGs
[2025-11-10T14:13:19.403+0000] {logging_mixin.py:188} INFO - [2025-11-10T14:13:19.403+0000] {dag.py:3823} INFO - Setting next_dagrun for dags_python_task_Decorator to 2025-11-09 17:00:00+00:00, run_after=2025-11-16 17:00:00+00:00
[2025-11-10T14:13:19.434+0000] {processor.py:183} INFO - Processing /opt/airflow/dags/dags_python_task_decorator.py took 0.136 seconds
[2025-11-10T14:13:49.603+0000] {processor.py:161} INFO - Started process (PID=44953) to work on /opt/airflow/dags/dags_python_task_decorator.py
[2025-11-10T14:13:49.605+0000] {processor.py:830} INFO - Processing file /opt/airflow/dags/dags_python_task_decorator.py for tasks to queue
[2025-11-10T14:13:49.608+0000] {logging_mixin.py:188} INFO - [2025-11-10T14:13:49.607+0000] {dagbag.py:538} INFO - Filling up the DagBag from /opt/airflow/dags/dags_python_task_decorator.py
[2025-11-10T14:13:49.641+0000] {processor.py:840} INFO - DAG(s) 'dags_python_task_Decorator' retrieved from /opt/airflow/dags/dags_python_task_decorator.py
[2025-11-10T14:13:49.734+0000] {logging_mixin.py:188} INFO - [2025-11-10T14:13:49.734+0000] {dag.py:3036} INFO - Sync 1 DAGs
[2025-11-10T14:13:49.780+0000] {logging_mixin.py:188} INFO - [2025-11-10T14:13:49.779+0000] {dag.py:3823} INFO - Setting next_dagrun for dags_python_task_Decorator to 2025-11-09 17:00:00+00:00, run_after=2025-11-16 17:00:00+00:00
[2025-11-10T14:13:49.816+0000] {processor.py:183} INFO - Processing /opt/airflow/dags/dags_python_task_decorator.py took 0.176 seconds
[2025-11-10T14:14:20.349+0000] {processor.py:161} INFO - Started process (PID=45010) to work on /opt/airflow/dags/dags_python_task_decorator.py
[2025-11-10T14:14:20.352+0000] {processor.py:830} INFO - Processing file /opt/airflow/dags/dags_python_task_decorator.py for tasks to queue
[2025-11-10T14:14:20.354+0000] {logging_mixin.py:188} INFO - [2025-11-10T14:14:20.354+0000] {dagbag.py:538} INFO - Filling up the DagBag from /opt/airflow/dags/dags_python_task_decorator.py
[2025-11-10T14:14:20.390+0000] {processor.py:840} INFO - DAG(s) 'dags_python_task_Decorator' retrieved from /opt/airflow/dags/dags_python_task_decorator.py
[2025-11-10T14:14:20.430+0000] {logging_mixin.py:188} INFO - [2025-11-10T14:14:20.429+0000] {dag.py:3036} INFO - Sync 1 DAGs
[2025-11-10T14:14:20.473+0000] {logging_mixin.py:188} INFO - [2025-11-10T14:14:20.473+0000] {dag.py:3823} INFO - Setting next_dagrun for dags_python_task_Decorator to 2025-11-09 17:00:00+00:00, run_after=2025-11-16 17:00:00+00:00
[2025-11-10T14:14:20.517+0000] {processor.py:183} INFO - Processing /opt/airflow/dags/dags_python_task_decorator.py took 0.176 seconds
[2025-11-10T14:14:51.148+0000] {processor.py:161} INFO - Started process (PID=45069) to work on /opt/airflow/dags/dags_python_task_decorator.py
[2025-11-10T14:14:51.152+0000] {processor.py:830} INFO - Processing file /opt/airflow/dags/dags_python_task_decorator.py for tasks to queue
[2025-11-10T14:14:51.154+0000] {logging_mixin.py:188} INFO - [2025-11-10T14:14:51.154+0000] {dagbag.py:538} INFO - Filling up the DagBag from /opt/airflow/dags/dags_python_task_decorator.py
[2025-11-10T14:14:51.194+0000] {processor.py:840} INFO - DAG(s) 'dags_python_task_Decorator' retrieved from /opt/airflow/dags/dags_python_task_decorator.py
[2025-11-10T14:14:51.227+0000] {logging_mixin.py:188} INFO - [2025-11-10T14:14:51.227+0000] {dag.py:3036} INFO - Sync 1 DAGs
[2025-11-10T14:14:51.273+0000] {logging_mixin.py:188} INFO - [2025-11-10T14:14:51.272+0000] {dag.py:3823} INFO - Setting next_dagrun for dags_python_task_Decorator to 2025-11-09 17:00:00+00:00, run_after=2025-11-16 17:00:00+00:00
[2025-11-10T14:14:51.312+0000] {processor.py:183} INFO - Processing /opt/airflow/dags/dags_python_task_decorator.py took 0.170 seconds
[2025-11-10T14:15:21.401+0000] {processor.py:161} INFO - Started process (PID=45128) to work on /opt/airflow/dags/dags_python_task_decorator.py
[2025-11-10T14:15:21.403+0000] {processor.py:830} INFO - Processing file /opt/airflow/dags/dags_python_task_decorator.py for tasks to queue
[2025-11-10T14:15:21.404+0000] {logging_mixin.py:188} INFO - [2025-11-10T14:15:21.404+0000] {dagbag.py:538} INFO - Filling up the DagBag from /opt/airflow/dags/dags_python_task_decorator.py
[2025-11-10T14:15:21.432+0000] {processor.py:840} INFO - DAG(s) 'dags_python_task_Decorator' retrieved from /opt/airflow/dags/dags_python_task_decorator.py
[2025-11-10T14:15:21.461+0000] {logging_mixin.py:188} INFO - [2025-11-10T14:15:21.461+0000] {dag.py:3036} INFO - Sync 1 DAGs
[2025-11-10T14:15:21.498+0000] {logging_mixin.py:188} INFO - [2025-11-10T14:15:21.497+0000] {dag.py:3823} INFO - Setting next_dagrun for dags_python_task_Decorator to 2025-11-09 17:00:00+00:00, run_after=2025-11-16 17:00:00+00:00
[2025-11-10T14:15:21.536+0000] {processor.py:183} INFO - Processing /opt/airflow/dags/dags_python_task_decorator.py took 0.141 seconds
[2025-11-10T14:15:52.484+0000] {processor.py:161} INFO - Started process (PID=45187) to work on /opt/airflow/dags/dags_python_task_decorator.py
[2025-11-10T14:15:52.486+0000] {processor.py:830} INFO - Processing file /opt/airflow/dags/dags_python_task_decorator.py for tasks to queue
[2025-11-10T14:15:52.488+0000] {logging_mixin.py:188} INFO - [2025-11-10T14:15:52.487+0000] {dagbag.py:538} INFO - Filling up the DagBag from /opt/airflow/dags/dags_python_task_decorator.py
[2025-11-10T14:15:52.516+0000] {processor.py:840} INFO - DAG(s) 'dags_python_task_Decorator' retrieved from /opt/airflow/dags/dags_python_task_decorator.py
[2025-11-10T14:15:52.550+0000] {logging_mixin.py:188} INFO - [2025-11-10T14:15:52.550+0000] {dag.py:3036} INFO - Sync 1 DAGs
[2025-11-10T14:15:52.599+0000] {logging_mixin.py:188} INFO - [2025-11-10T14:15:52.598+0000] {dag.py:3823} INFO - Setting next_dagrun for dags_python_task_Decorator to 2025-11-09 17:00:00+00:00, run_after=2025-11-16 17:00:00+00:00
[2025-11-10T14:15:52.644+0000] {processor.py:183} INFO - Processing /opt/airflow/dags/dags_python_task_decorator.py took 0.166 seconds
[2025-11-10T14:16:23.103+0000] {processor.py:161} INFO - Started process (PID=45246) to work on /opt/airflow/dags/dags_python_task_decorator.py
[2025-11-10T14:16:23.104+0000] {processor.py:830} INFO - Processing file /opt/airflow/dags/dags_python_task_decorator.py for tasks to queue
[2025-11-10T14:16:23.105+0000] {logging_mixin.py:188} INFO - [2025-11-10T14:16:23.105+0000] {dagbag.py:538} INFO - Filling up the DagBag from /opt/airflow/dags/dags_python_task_decorator.py
[2025-11-10T14:16:23.126+0000] {processor.py:840} INFO - DAG(s) 'dags_python_task_Decorator' retrieved from /opt/airflow/dags/dags_python_task_decorator.py
[2025-11-10T14:16:23.152+0000] {logging_mixin.py:188} INFO - [2025-11-10T14:16:23.152+0000] {dag.py:3036} INFO - Sync 1 DAGs
[2025-11-10T14:16:23.181+0000] {logging_mixin.py:188} INFO - [2025-11-10T14:16:23.180+0000] {dag.py:3823} INFO - Setting next_dagrun for dags_python_task_Decorator to 2025-11-09 17:00:00+00:00, run_after=2025-11-16 17:00:00+00:00
[2025-11-10T14:16:23.218+0000] {processor.py:183} INFO - Processing /opt/airflow/dags/dags_python_task_decorator.py took 0.120 seconds
[2025-11-10T14:16:53.852+0000] {processor.py:161} INFO - Started process (PID=45305) to work on /opt/airflow/dags/dags_python_task_decorator.py
[2025-11-10T14:16:53.853+0000] {processor.py:830} INFO - Processing file /opt/airflow/dags/dags_python_task_decorator.py for tasks to queue
[2025-11-10T14:16:53.855+0000] {logging_mixin.py:188} INFO - [2025-11-10T14:16:53.854+0000] {dagbag.py:538} INFO - Filling up the DagBag from /opt/airflow/dags/dags_python_task_decorator.py
[2025-11-10T14:16:53.877+0000] {processor.py:840} INFO - DAG(s) 'dags_python_task_Decorator' retrieved from /opt/airflow/dags/dags_python_task_decorator.py
[2025-11-10T14:16:53.910+0000] {logging_mixin.py:188} INFO - [2025-11-10T14:16:53.909+0000] {dag.py:3036} INFO - Sync 1 DAGs
[2025-11-10T14:16:53.947+0000] {logging_mixin.py:188} INFO - [2025-11-10T14:16:53.947+0000] {dag.py:3823} INFO - Setting next_dagrun for dags_python_task_Decorator to 2025-11-09 17:00:00+00:00, run_after=2025-11-16 17:00:00+00:00
[2025-11-10T14:16:53.983+0000] {processor.py:183} INFO - Processing /opt/airflow/dags/dags_python_task_decorator.py took 0.136 seconds
[2025-11-10T14:17:24.220+0000] {processor.py:161} INFO - Started process (PID=45364) to work on /opt/airflow/dags/dags_python_task_decorator.py
[2025-11-10T14:17:24.221+0000] {processor.py:830} INFO - Processing file /opt/airflow/dags/dags_python_task_decorator.py for tasks to queue
[2025-11-10T14:17:24.223+0000] {logging_mixin.py:188} INFO - [2025-11-10T14:17:24.222+0000] {dagbag.py:538} INFO - Filling up the DagBag from /opt/airflow/dags/dags_python_task_decorator.py
[2025-11-10T14:17:24.248+0000] {processor.py:840} INFO - DAG(s) 'dags_python_task_Decorator' retrieved from /opt/airflow/dags/dags_python_task_decorator.py
[2025-11-10T14:17:24.276+0000] {logging_mixin.py:188} INFO - [2025-11-10T14:17:24.275+0000] {dag.py:3036} INFO - Sync 1 DAGs
[2025-11-10T14:17:24.447+0000] {logging_mixin.py:188} INFO - [2025-11-10T14:17:24.446+0000] {dag.py:3823} INFO - Setting next_dagrun for dags_python_task_Decorator to 2025-11-09 17:00:00+00:00, run_after=2025-11-16 17:00:00+00:00
[2025-11-10T14:17:24.484+0000] {processor.py:183} INFO - Processing /opt/airflow/dags/dags_python_task_decorator.py took 0.269 seconds
[2025-11-10T14:17:54.624+0000] {processor.py:161} INFO - Started process (PID=45423) to work on /opt/airflow/dags/dags_python_task_decorator.py
[2025-11-10T14:17:54.626+0000] {processor.py:830} INFO - Processing file /opt/airflow/dags/dags_python_task_decorator.py for tasks to queue
[2025-11-10T14:17:54.628+0000] {logging_mixin.py:188} INFO - [2025-11-10T14:17:54.627+0000] {dagbag.py:538} INFO - Filling up the DagBag from /opt/airflow/dags/dags_python_task_decorator.py
[2025-11-10T14:17:54.656+0000] {processor.py:840} INFO - DAG(s) 'dags_python_task_Decorator' retrieved from /opt/airflow/dags/dags_python_task_decorator.py
[2025-11-10T14:17:54.684+0000] {logging_mixin.py:188} INFO - [2025-11-10T14:17:54.684+0000] {dag.py:3036} INFO - Sync 1 DAGs
[2025-11-10T14:17:54.714+0000] {logging_mixin.py:188} INFO - [2025-11-10T14:17:54.714+0000] {dag.py:3823} INFO - Setting next_dagrun for dags_python_task_Decorator to 2025-11-09 17:00:00+00:00, run_after=2025-11-16 17:00:00+00:00
[2025-11-10T14:17:54.909+0000] {processor.py:183} INFO - Processing /opt/airflow/dags/dags_python_task_decorator.py took 0.289 seconds
[2025-11-10T14:18:25.892+0000] {processor.py:161} INFO - Started process (PID=45482) to work on /opt/airflow/dags/dags_python_task_decorator.py
[2025-11-10T14:18:25.894+0000] {processor.py:830} INFO - Processing file /opt/airflow/dags/dags_python_task_decorator.py for tasks to queue
[2025-11-10T14:18:25.896+0000] {logging_mixin.py:188} INFO - [2025-11-10T14:18:25.896+0000] {dagbag.py:538} INFO - Filling up the DagBag from /opt/airflow/dags/dags_python_task_decorator.py
[2025-11-10T14:18:25.924+0000] {processor.py:840} INFO - DAG(s) 'dags_python_task_Decorator' retrieved from /opt/airflow/dags/dags_python_task_decorator.py
[2025-11-10T14:18:25.951+0000] {logging_mixin.py:188} INFO - [2025-11-10T14:18:25.951+0000] {dag.py:3036} INFO - Sync 1 DAGs
[2025-11-10T14:18:25.978+0000] {logging_mixin.py:188} INFO - [2025-11-10T14:18:25.978+0000] {dag.py:3823} INFO - Setting next_dagrun for dags_python_task_Decorator to 2025-11-09 17:00:00+00:00, run_after=2025-11-16 17:00:00+00:00
[2025-11-10T14:18:26.005+0000] {processor.py:183} INFO - Processing /opt/airflow/dags/dags_python_task_decorator.py took 0.119 seconds
[2025-11-10T14:18:56.855+0000] {processor.py:161} INFO - Started process (PID=45541) to work on /opt/airflow/dags/dags_python_task_decorator.py
[2025-11-10T14:18:56.857+0000] {processor.py:830} INFO - Processing file /opt/airflow/dags/dags_python_task_decorator.py for tasks to queue
[2025-11-10T14:18:56.858+0000] {logging_mixin.py:188} INFO - [2025-11-10T14:18:56.858+0000] {dagbag.py:538} INFO - Filling up the DagBag from /opt/airflow/dags/dags_python_task_decorator.py
[2025-11-10T14:18:56.879+0000] {processor.py:840} INFO - DAG(s) 'dags_python_task_Decorator' retrieved from /opt/airflow/dags/dags_python_task_decorator.py
[2025-11-10T14:18:56.908+0000] {logging_mixin.py:188} INFO - [2025-11-10T14:18:56.907+0000] {dag.py:3036} INFO - Sync 1 DAGs
[2025-11-10T14:18:56.942+0000] {logging_mixin.py:188} INFO - [2025-11-10T14:18:56.942+0000] {dag.py:3823} INFO - Setting next_dagrun for dags_python_task_Decorator to 2025-11-09 17:00:00+00:00, run_after=2025-11-16 17:00:00+00:00
[2025-11-10T14:18:56.970+0000] {processor.py:183} INFO - Processing /opt/airflow/dags/dags_python_task_decorator.py took 0.121 seconds
[2025-11-10T14:19:27.445+0000] {processor.py:161} INFO - Started process (PID=45600) to work on /opt/airflow/dags/dags_python_task_decorator.py
[2025-11-10T14:19:27.446+0000] {processor.py:830} INFO - Processing file /opt/airflow/dags/dags_python_task_decorator.py for tasks to queue
[2025-11-10T14:19:27.448+0000] {logging_mixin.py:188} INFO - [2025-11-10T14:19:27.447+0000] {dagbag.py:538} INFO - Filling up the DagBag from /opt/airflow/dags/dags_python_task_decorator.py
[2025-11-10T14:19:27.625+0000] {processor.py:840} INFO - DAG(s) 'dags_python_task_Decorator' retrieved from /opt/airflow/dags/dags_python_task_decorator.py
[2025-11-10T14:19:27.650+0000] {logging_mixin.py:188} INFO - [2025-11-10T14:19:27.650+0000] {dag.py:3036} INFO - Sync 1 DAGs
[2025-11-10T14:19:27.679+0000] {logging_mixin.py:188} INFO - [2025-11-10T14:19:27.679+0000] {dag.py:3823} INFO - Setting next_dagrun for dags_python_task_Decorator to 2025-11-09 17:00:00+00:00, run_after=2025-11-16 17:00:00+00:00
[2025-11-10T14:19:27.706+0000] {processor.py:183} INFO - Processing /opt/airflow/dags/dags_python_task_decorator.py took 0.265 seconds
[2025-11-10T14:19:57.831+0000] {processor.py:161} INFO - Started process (PID=45659) to work on /opt/airflow/dags/dags_python_task_decorator.py
[2025-11-10T14:19:57.833+0000] {processor.py:830} INFO - Processing file /opt/airflow/dags/dags_python_task_decorator.py for tasks to queue
[2025-11-10T14:19:57.835+0000] {logging_mixin.py:188} INFO - [2025-11-10T14:19:57.834+0000] {dagbag.py:538} INFO - Filling up the DagBag from /opt/airflow/dags/dags_python_task_decorator.py
[2025-11-10T14:19:57.864+0000] {processor.py:840} INFO - DAG(s) 'dags_python_task_Decorator' retrieved from /opt/airflow/dags/dags_python_task_decorator.py
[2025-11-10T14:19:57.891+0000] {logging_mixin.py:188} INFO - [2025-11-10T14:19:57.890+0000] {dag.py:3036} INFO - Sync 1 DAGs
[2025-11-10T14:19:57.920+0000] {logging_mixin.py:188} INFO - [2025-11-10T14:19:57.919+0000] {dag.py:3823} INFO - Setting next_dagrun for dags_python_task_Decorator to 2025-11-09 17:00:00+00:00, run_after=2025-11-16 17:00:00+00:00
[2025-11-10T14:19:57.959+0000] {processor.py:183} INFO - Processing /opt/airflow/dags/dags_python_task_decorator.py took 0.132 seconds
[2025-11-10T14:20:28.129+0000] {processor.py:161} INFO - Started process (PID=45718) to work on /opt/airflow/dags/dags_python_task_decorator.py
[2025-11-10T14:20:28.130+0000] {processor.py:830} INFO - Processing file /opt/airflow/dags/dags_python_task_decorator.py for tasks to queue
[2025-11-10T14:20:28.132+0000] {logging_mixin.py:188} INFO - [2025-11-10T14:20:28.131+0000] {dagbag.py:538} INFO - Filling up the DagBag from /opt/airflow/dags/dags_python_task_decorator.py
[2025-11-10T14:20:28.159+0000] {processor.py:840} INFO - DAG(s) 'dags_python_task_Decorator' retrieved from /opt/airflow/dags/dags_python_task_decorator.py
[2025-11-10T14:20:28.187+0000] {logging_mixin.py:188} INFO - [2025-11-10T14:20:28.186+0000] {dag.py:3036} INFO - Sync 1 DAGs
[2025-11-10T14:20:28.217+0000] {logging_mixin.py:188} INFO - [2025-11-10T14:20:28.217+0000] {dag.py:3823} INFO - Setting next_dagrun for dags_python_task_Decorator to 2025-11-09 17:00:00+00:00, run_after=2025-11-16 17:00:00+00:00
[2025-11-10T14:20:28.253+0000] {processor.py:183} INFO - Processing /opt/airflow/dags/dags_python_task_decorator.py took 0.130 seconds
[2025-11-10T14:20:58.729+0000] {processor.py:161} INFO - Started process (PID=45777) to work on /opt/airflow/dags/dags_python_task_decorator.py
[2025-11-10T14:20:58.731+0000] {processor.py:830} INFO - Processing file /opt/airflow/dags/dags_python_task_decorator.py for tasks to queue
[2025-11-10T14:20:58.732+0000] {logging_mixin.py:188} INFO - [2025-11-10T14:20:58.732+0000] {dagbag.py:538} INFO - Filling up the DagBag from /opt/airflow/dags/dags_python_task_decorator.py
[2025-11-10T14:20:58.755+0000] {processor.py:840} INFO - DAG(s) 'dags_python_task_Decorator' retrieved from /opt/airflow/dags/dags_python_task_decorator.py
[2025-11-10T14:20:58.782+0000] {logging_mixin.py:188} INFO - [2025-11-10T14:20:58.782+0000] {dag.py:3036} INFO - Sync 1 DAGs
[2025-11-10T14:20:58.813+0000] {logging_mixin.py:188} INFO - [2025-11-10T14:20:58.813+0000] {dag.py:3823} INFO - Setting next_dagrun for dags_python_task_Decorator to 2025-11-09 17:00:00+00:00, run_after=2025-11-16 17:00:00+00:00
[2025-11-10T14:20:58.851+0000] {processor.py:183} INFO - Processing /opt/airflow/dags/dags_python_task_decorator.py took 0.125 seconds
[2025-11-10T14:21:29.504+0000] {processor.py:161} INFO - Started process (PID=45837) to work on /opt/airflow/dags/dags_python_task_decorator.py
[2025-11-10T14:21:29.507+0000] {processor.py:830} INFO - Processing file /opt/airflow/dags/dags_python_task_decorator.py for tasks to queue
[2025-11-10T14:21:29.509+0000] {logging_mixin.py:188} INFO - [2025-11-10T14:21:29.508+0000] {dagbag.py:538} INFO - Filling up the DagBag from /opt/airflow/dags/dags_python_task_decorator.py
[2025-11-10T14:21:29.548+0000] {processor.py:840} INFO - DAG(s) 'dags_python_task_Decorator' retrieved from /opt/airflow/dags/dags_python_task_decorator.py
[2025-11-10T14:21:29.580+0000] {logging_mixin.py:188} INFO - [2025-11-10T14:21:29.579+0000] {dag.py:3036} INFO - Sync 1 DAGs
[2025-11-10T14:21:29.611+0000] {logging_mixin.py:188} INFO - [2025-11-10T14:21:29.610+0000] {dag.py:3823} INFO - Setting next_dagrun for dags_python_task_Decorator to 2025-11-09 17:00:00+00:00, run_after=2025-11-16 17:00:00+00:00
[2025-11-10T14:21:29.645+0000] {processor.py:183} INFO - Processing /opt/airflow/dags/dags_python_task_decorator.py took 0.153 seconds
[2025-11-10T14:22:00.447+0000] {processor.py:161} INFO - Started process (PID=45896) to work on /opt/airflow/dags/dags_python_task_decorator.py
[2025-11-10T14:22:00.450+0000] {processor.py:830} INFO - Processing file /opt/airflow/dags/dags_python_task_decorator.py for tasks to queue
[2025-11-10T14:22:00.452+0000] {logging_mixin.py:188} INFO - [2025-11-10T14:22:00.451+0000] {dagbag.py:538} INFO - Filling up the DagBag from /opt/airflow/dags/dags_python_task_decorator.py
[2025-11-10T14:22:00.486+0000] {processor.py:840} INFO - DAG(s) 'dags_python_task_Decorator' retrieved from /opt/airflow/dags/dags_python_task_decorator.py
[2025-11-10T14:22:00.522+0000] {logging_mixin.py:188} INFO - [2025-11-10T14:22:00.522+0000] {dag.py:3036} INFO - Sync 1 DAGs
[2025-11-10T14:22:00.566+0000] {logging_mixin.py:188} INFO - [2025-11-10T14:22:00.566+0000] {dag.py:3823} INFO - Setting next_dagrun for dags_python_task_Decorator to 2025-11-09 17:00:00+00:00, run_after=2025-11-16 17:00:00+00:00
[2025-11-10T14:22:00.608+0000] {processor.py:183} INFO - Processing /opt/airflow/dags/dags_python_task_decorator.py took 0.168 seconds
[2025-11-10T14:22:30.791+0000] {processor.py:161} INFO - Started process (PID=45955) to work on /opt/airflow/dags/dags_python_task_decorator.py
[2025-11-10T14:22:30.792+0000] {processor.py:830} INFO - Processing file /opt/airflow/dags/dags_python_task_decorator.py for tasks to queue
[2025-11-10T14:22:30.794+0000] {logging_mixin.py:188} INFO - [2025-11-10T14:22:30.793+0000] {dagbag.py:538} INFO - Filling up the DagBag from /opt/airflow/dags/dags_python_task_decorator.py
[2025-11-10T14:22:30.827+0000] {processor.py:840} INFO - DAG(s) 'dags_python_task_Decorator' retrieved from /opt/airflow/dags/dags_python_task_decorator.py
[2025-11-10T14:22:30.860+0000] {logging_mixin.py:188} INFO - [2025-11-10T14:22:30.860+0000] {dag.py:3036} INFO - Sync 1 DAGs
[2025-11-10T14:22:30.889+0000] {logging_mixin.py:188} INFO - [2025-11-10T14:22:30.889+0000] {dag.py:3823} INFO - Setting next_dagrun for dags_python_task_Decorator to 2025-11-09 17:00:00+00:00, run_after=2025-11-16 17:00:00+00:00
[2025-11-10T14:22:30.921+0000] {processor.py:183} INFO - Processing /opt/airflow/dags/dags_python_task_decorator.py took 0.135 seconds
[2025-11-10T14:23:01.015+0000] {processor.py:161} INFO - Started process (PID=46014) to work on /opt/airflow/dags/dags_python_task_decorator.py
[2025-11-10T14:23:01.017+0000] {processor.py:830} INFO - Processing file /opt/airflow/dags/dags_python_task_decorator.py for tasks to queue
[2025-11-10T14:23:01.018+0000] {logging_mixin.py:188} INFO - [2025-11-10T14:23:01.018+0000] {dagbag.py:538} INFO - Filling up the DagBag from /opt/airflow/dags/dags_python_task_decorator.py
[2025-11-10T14:23:01.049+0000] {processor.py:840} INFO - DAG(s) 'dags_python_task_Decorator' retrieved from /opt/airflow/dags/dags_python_task_decorator.py
[2025-11-10T14:23:01.076+0000] {logging_mixin.py:188} INFO - [2025-11-10T14:23:01.076+0000] {dag.py:3036} INFO - Sync 1 DAGs
[2025-11-10T14:23:01.103+0000] {logging_mixin.py:188} INFO - [2025-11-10T14:23:01.103+0000] {dag.py:3823} INFO - Setting next_dagrun for dags_python_task_Decorator to 2025-11-09 17:00:00+00:00, run_after=2025-11-16 17:00:00+00:00
[2025-11-10T14:23:01.139+0000] {processor.py:183} INFO - Processing /opt/airflow/dags/dags_python_task_decorator.py took 0.128 seconds
[2025-11-10T14:23:31.996+0000] {processor.py:161} INFO - Started process (PID=46073) to work on /opt/airflow/dags/dags_python_task_decorator.py
[2025-11-10T14:23:31.998+0000] {processor.py:830} INFO - Processing file /opt/airflow/dags/dags_python_task_decorator.py for tasks to queue
[2025-11-10T14:23:31.999+0000] {logging_mixin.py:188} INFO - [2025-11-10T14:23:31.999+0000] {dagbag.py:538} INFO - Filling up the DagBag from /opt/airflow/dags/dags_python_task_decorator.py
[2025-11-10T14:23:32.027+0000] {processor.py:840} INFO - DAG(s) 'dags_python_task_Decorator' retrieved from /opt/airflow/dags/dags_python_task_decorator.py
[2025-11-10T14:23:32.057+0000] {logging_mixin.py:188} INFO - [2025-11-10T14:23:32.057+0000] {dag.py:3036} INFO - Sync 1 DAGs
[2025-11-10T14:23:32.087+0000] {logging_mixin.py:188} INFO - [2025-11-10T14:23:32.087+0000] {dag.py:3823} INFO - Setting next_dagrun for dags_python_task_Decorator to 2025-11-09 17:00:00+00:00, run_after=2025-11-16 17:00:00+00:00
[2025-11-10T14:23:32.114+0000] {processor.py:183} INFO - Processing /opt/airflow/dags/dags_python_task_decorator.py took 0.124 seconds
[2025-11-10T14:24:02.368+0000] {processor.py:161} INFO - Started process (PID=46132) to work on /opt/airflow/dags/dags_python_task_decorator.py
[2025-11-10T14:24:02.369+0000] {processor.py:830} INFO - Processing file /opt/airflow/dags/dags_python_task_decorator.py for tasks to queue
[2025-11-10T14:24:02.371+0000] {logging_mixin.py:188} INFO - [2025-11-10T14:24:02.370+0000] {dagbag.py:538} INFO - Filling up the DagBag from /opt/airflow/dags/dags_python_task_decorator.py
[2025-11-10T14:24:02.393+0000] {processor.py:840} INFO - DAG(s) 'dags_python_task_Decorator' retrieved from /opt/airflow/dags/dags_python_task_decorator.py
[2025-11-10T14:24:02.418+0000] {logging_mixin.py:188} INFO - [2025-11-10T14:24:02.418+0000] {dag.py:3036} INFO - Sync 1 DAGs
[2025-11-10T14:24:02.447+0000] {logging_mixin.py:188} INFO - [2025-11-10T14:24:02.446+0000] {dag.py:3823} INFO - Setting next_dagrun for dags_python_task_Decorator to 2025-11-09 17:00:00+00:00, run_after=2025-11-16 17:00:00+00:00
[2025-11-10T14:24:02.472+0000] {processor.py:183} INFO - Processing /opt/airflow/dags/dags_python_task_decorator.py took 0.110 seconds
[2025-11-10T14:24:32.608+0000] {processor.py:161} INFO - Started process (PID=46191) to work on /opt/airflow/dags/dags_python_task_decorator.py
[2025-11-10T14:24:32.610+0000] {processor.py:830} INFO - Processing file /opt/airflow/dags/dags_python_task_decorator.py for tasks to queue
[2025-11-10T14:24:32.613+0000] {logging_mixin.py:188} INFO - [2025-11-10T14:24:32.612+0000] {dagbag.py:538} INFO - Filling up the DagBag from /opt/airflow/dags/dags_python_task_decorator.py
[2025-11-10T14:24:32.662+0000] {processor.py:840} INFO - DAG(s) 'dags_python_task_Decorator' retrieved from /opt/airflow/dags/dags_python_task_decorator.py
[2025-11-10T14:24:32.720+0000] {logging_mixin.py:188} INFO - [2025-11-10T14:24:32.719+0000] {dag.py:3036} INFO - Sync 1 DAGs
[2025-11-10T14:24:32.775+0000] {logging_mixin.py:188} INFO - [2025-11-10T14:24:32.774+0000] {dag.py:3823} INFO - Setting next_dagrun for dags_python_task_Decorator to 2025-11-09 17:00:00+00:00, run_after=2025-11-16 17:00:00+00:00
[2025-11-10T14:24:32.816+0000] {processor.py:183} INFO - Processing /opt/airflow/dags/dags_python_task_decorator.py took 0.215 seconds
[2025-11-10T14:25:03.186+0000] {processor.py:161} INFO - Started process (PID=46250) to work on /opt/airflow/dags/dags_python_task_decorator.py
[2025-11-10T14:25:03.188+0000] {processor.py:830} INFO - Processing file /opt/airflow/dags/dags_python_task_decorator.py for tasks to queue
[2025-11-10T14:25:03.190+0000] {logging_mixin.py:188} INFO - [2025-11-10T14:25:03.189+0000] {dagbag.py:538} INFO - Filling up the DagBag from /opt/airflow/dags/dags_python_task_decorator.py
[2025-11-10T14:25:03.214+0000] {processor.py:840} INFO - DAG(s) 'dags_python_task_Decorator' retrieved from /opt/airflow/dags/dags_python_task_decorator.py
[2025-11-10T14:25:03.239+0000] {logging_mixin.py:188} INFO - [2025-11-10T14:25:03.239+0000] {dag.py:3036} INFO - Sync 1 DAGs
[2025-11-10T14:25:03.265+0000] {logging_mixin.py:188} INFO - [2025-11-10T14:25:03.265+0000] {dag.py:3823} INFO - Setting next_dagrun for dags_python_task_Decorator to 2025-11-09 17:00:00+00:00, run_after=2025-11-16 17:00:00+00:00
[2025-11-10T14:25:03.299+0000] {processor.py:183} INFO - Processing /opt/airflow/dags/dags_python_task_decorator.py took 0.117 seconds
[2025-11-10T14:25:33.650+0000] {processor.py:161} INFO - Started process (PID=46309) to work on /opt/airflow/dags/dags_python_task_decorator.py
[2025-11-10T14:25:33.651+0000] {processor.py:830} INFO - Processing file /opt/airflow/dags/dags_python_task_decorator.py for tasks to queue
[2025-11-10T14:25:33.653+0000] {logging_mixin.py:188} INFO - [2025-11-10T14:25:33.652+0000] {dagbag.py:538} INFO - Filling up the DagBag from /opt/airflow/dags/dags_python_task_decorator.py
[2025-11-10T14:25:33.681+0000] {processor.py:840} INFO - DAG(s) 'dags_python_task_Decorator' retrieved from /opt/airflow/dags/dags_python_task_decorator.py
[2025-11-10T14:25:33.707+0000] {logging_mixin.py:188} INFO - [2025-11-10T14:25:33.706+0000] {dag.py:3036} INFO - Sync 1 DAGs
[2025-11-10T14:25:33.738+0000] {logging_mixin.py:188} INFO - [2025-11-10T14:25:33.738+0000] {dag.py:3823} INFO - Setting next_dagrun for dags_python_task_Decorator to 2025-11-09 17:00:00+00:00, run_after=2025-11-16 17:00:00+00:00
[2025-11-10T14:25:33.771+0000] {processor.py:183} INFO - Processing /opt/airflow/dags/dags_python_task_decorator.py took 0.127 seconds
[2025-11-10T14:26:04.031+0000] {processor.py:161} INFO - Started process (PID=46368) to work on /opt/airflow/dags/dags_python_task_decorator.py
[2025-11-10T14:26:04.034+0000] {processor.py:830} INFO - Processing file /opt/airflow/dags/dags_python_task_decorator.py for tasks to queue
[2025-11-10T14:26:04.036+0000] {logging_mixin.py:188} INFO - [2025-11-10T14:26:04.035+0000] {dagbag.py:538} INFO - Filling up the DagBag from /opt/airflow/dags/dags_python_task_decorator.py
[2025-11-10T14:26:04.075+0000] {processor.py:840} INFO - DAG(s) 'dags_python_task_Decorator' retrieved from /opt/airflow/dags/dags_python_task_decorator.py
[2025-11-10T14:26:04.121+0000] {logging_mixin.py:188} INFO - [2025-11-10T14:26:04.120+0000] {dag.py:3036} INFO - Sync 1 DAGs
[2025-11-10T14:26:04.162+0000] {logging_mixin.py:188} INFO - [2025-11-10T14:26:04.161+0000] {dag.py:3823} INFO - Setting next_dagrun for dags_python_task_Decorator to 2025-11-09 17:00:00+00:00, run_after=2025-11-16 17:00:00+00:00
[2025-11-10T14:26:04.198+0000] {processor.py:183} INFO - Processing /opt/airflow/dags/dags_python_task_decorator.py took 0.176 seconds
[2025-11-10T14:26:34.559+0000] {processor.py:161} INFO - Started process (PID=46427) to work on /opt/airflow/dags/dags_python_task_decorator.py
[2025-11-10T14:26:34.560+0000] {processor.py:830} INFO - Processing file /opt/airflow/dags/dags_python_task_decorator.py for tasks to queue
[2025-11-10T14:26:34.562+0000] {logging_mixin.py:188} INFO - [2025-11-10T14:26:34.561+0000] {dagbag.py:538} INFO - Filling up the DagBag from /opt/airflow/dags/dags_python_task_decorator.py
[2025-11-10T14:26:34.584+0000] {processor.py:840} INFO - DAG(s) 'dags_python_task_Decorator' retrieved from /opt/airflow/dags/dags_python_task_decorator.py
[2025-11-10T14:26:34.610+0000] {logging_mixin.py:188} INFO - [2025-11-10T14:26:34.610+0000] {dag.py:3036} INFO - Sync 1 DAGs
[2025-11-10T14:26:34.640+0000] {logging_mixin.py:188} INFO - [2025-11-10T14:26:34.639+0000] {dag.py:3823} INFO - Setting next_dagrun for dags_python_task_Decorator to 2025-11-09 17:00:00+00:00, run_after=2025-11-16 17:00:00+00:00
[2025-11-10T14:26:34.678+0000] {processor.py:183} INFO - Processing /opt/airflow/dags/dags_python_task_decorator.py took 0.124 seconds
[2025-11-10T14:27:04.922+0000] {processor.py:161} INFO - Started process (PID=46486) to work on /opt/airflow/dags/dags_python_task_decorator.py
[2025-11-10T14:27:04.925+0000] {processor.py:830} INFO - Processing file /opt/airflow/dags/dags_python_task_decorator.py for tasks to queue
[2025-11-10T14:27:04.927+0000] {logging_mixin.py:188} INFO - [2025-11-10T14:27:04.926+0000] {dagbag.py:538} INFO - Filling up the DagBag from /opt/airflow/dags/dags_python_task_decorator.py
[2025-11-10T14:27:04.963+0000] {processor.py:840} INFO - DAG(s) 'dags_python_task_Decorator' retrieved from /opt/airflow/dags/dags_python_task_decorator.py
[2025-11-10T14:27:05.014+0000] {logging_mixin.py:188} INFO - [2025-11-10T14:27:05.013+0000] {dag.py:3036} INFO - Sync 1 DAGs
[2025-11-10T14:27:05.080+0000] {logging_mixin.py:188} INFO - [2025-11-10T14:27:05.079+0000] {dag.py:3823} INFO - Setting next_dagrun for dags_python_task_Decorator to 2025-11-09 17:00:00+00:00, run_after=2025-11-16 17:00:00+00:00
[2025-11-10T14:27:05.134+0000] {processor.py:183} INFO - Processing /opt/airflow/dags/dags_python_task_decorator.py took 0.219 seconds
[2025-11-10T14:27:36.057+0000] {processor.py:161} INFO - Started process (PID=46545) to work on /opt/airflow/dags/dags_python_task_decorator.py
[2025-11-10T14:27:36.059+0000] {processor.py:830} INFO - Processing file /opt/airflow/dags/dags_python_task_decorator.py for tasks to queue
[2025-11-10T14:27:36.060+0000] {logging_mixin.py:188} INFO - [2025-11-10T14:27:36.060+0000] {dagbag.py:538} INFO - Filling up the DagBag from /opt/airflow/dags/dags_python_task_decorator.py
[2025-11-10T14:27:36.086+0000] {processor.py:840} INFO - DAG(s) 'dags_python_task_Decorator' retrieved from /opt/airflow/dags/dags_python_task_decorator.py
[2025-11-10T14:27:36.115+0000] {logging_mixin.py:188} INFO - [2025-11-10T14:27:36.115+0000] {dag.py:3036} INFO - Sync 1 DAGs
[2025-11-10T14:27:36.143+0000] {logging_mixin.py:188} INFO - [2025-11-10T14:27:36.142+0000] {dag.py:3823} INFO - Setting next_dagrun for dags_python_task_Decorator to 2025-11-09 17:00:00+00:00, run_after=2025-11-16 17:00:00+00:00
[2025-11-10T14:27:36.176+0000] {processor.py:183} INFO - Processing /opt/airflow/dags/dags_python_task_decorator.py took 0.124 seconds
[2025-11-10T14:28:06.660+0000] {processor.py:161} INFO - Started process (PID=46605) to work on /opt/airflow/dags/dags_python_task_decorator.py
[2025-11-10T14:28:06.663+0000] {processor.py:830} INFO - Processing file /opt/airflow/dags/dags_python_task_decorator.py for tasks to queue
[2025-11-10T14:28:06.666+0000] {logging_mixin.py:188} INFO - [2025-11-10T14:28:06.665+0000] {dagbag.py:538} INFO - Filling up the DagBag from /opt/airflow/dags/dags_python_task_decorator.py
[2025-11-10T14:28:06.703+0000] {processor.py:840} INFO - DAG(s) 'dags_python_task_Decorator' retrieved from /opt/airflow/dags/dags_python_task_decorator.py
[2025-11-10T14:28:06.733+0000] {logging_mixin.py:188} INFO - [2025-11-10T14:28:06.733+0000] {dag.py:3036} INFO - Sync 1 DAGs
[2025-11-10T14:28:06.767+0000] {logging_mixin.py:188} INFO - [2025-11-10T14:28:06.767+0000] {dag.py:3823} INFO - Setting next_dagrun for dags_python_task_Decorator to 2025-11-09 17:00:00+00:00, run_after=2025-11-16 17:00:00+00:00
[2025-11-10T14:28:06.798+0000] {processor.py:183} INFO - Processing /opt/airflow/dags/dags_python_task_decorator.py took 0.146 seconds
[2025-11-10T14:28:37.472+0000] {processor.py:161} INFO - Started process (PID=46664) to work on /opt/airflow/dags/dags_python_task_decorator.py
[2025-11-10T14:28:37.474+0000] {processor.py:830} INFO - Processing file /opt/airflow/dags/dags_python_task_decorator.py for tasks to queue
[2025-11-10T14:28:37.476+0000] {logging_mixin.py:188} INFO - [2025-11-10T14:28:37.475+0000] {dagbag.py:538} INFO - Filling up the DagBag from /opt/airflow/dags/dags_python_task_decorator.py
[2025-11-10T14:28:37.497+0000] {processor.py:840} INFO - DAG(s) 'dags_python_task_Decorator' retrieved from /opt/airflow/dags/dags_python_task_decorator.py
[2025-11-10T14:28:37.522+0000] {logging_mixin.py:188} INFO - [2025-11-10T14:28:37.522+0000] {dag.py:3036} INFO - Sync 1 DAGs
[2025-11-10T14:28:37.551+0000] {logging_mixin.py:188} INFO - [2025-11-10T14:28:37.551+0000] {dag.py:3823} INFO - Setting next_dagrun for dags_python_task_Decorator to 2025-11-09 17:00:00+00:00, run_after=2025-11-16 17:00:00+00:00
[2025-11-10T14:28:37.586+0000] {processor.py:183} INFO - Processing /opt/airflow/dags/dags_python_task_decorator.py took 0.118 seconds
[2025-11-10T14:29:07.838+0000] {processor.py:161} INFO - Started process (PID=46723) to work on /opt/airflow/dags/dags_python_task_decorator.py
[2025-11-10T14:29:07.839+0000] {processor.py:830} INFO - Processing file /opt/airflow/dags/dags_python_task_decorator.py for tasks to queue
[2025-11-10T14:29:07.841+0000] {logging_mixin.py:188} INFO - [2025-11-10T14:29:07.841+0000] {dagbag.py:538} INFO - Filling up the DagBag from /opt/airflow/dags/dags_python_task_decorator.py
[2025-11-10T14:29:07.866+0000] {processor.py:840} INFO - DAG(s) 'dags_python_task_Decorator' retrieved from /opt/airflow/dags/dags_python_task_decorator.py
[2025-11-10T14:29:07.893+0000] {logging_mixin.py:188} INFO - [2025-11-10T14:29:07.893+0000] {dag.py:3036} INFO - Sync 1 DAGs
[2025-11-10T14:29:07.921+0000] {logging_mixin.py:188} INFO - [2025-11-10T14:29:07.920+0000] {dag.py:3823} INFO - Setting next_dagrun for dags_python_task_Decorator to 2025-11-09 17:00:00+00:00, run_after=2025-11-16 17:00:00+00:00
[2025-11-10T14:29:07.947+0000] {processor.py:183} INFO - Processing /opt/airflow/dags/dags_python_task_decorator.py took 0.114 seconds
[2025-11-10T14:29:38.693+0000] {processor.py:161} INFO - Started process (PID=46782) to work on /opt/airflow/dags/dags_python_task_decorator.py
[2025-11-10T14:29:38.695+0000] {processor.py:830} INFO - Processing file /opt/airflow/dags/dags_python_task_decorator.py for tasks to queue
[2025-11-10T14:29:38.697+0000] {logging_mixin.py:188} INFO - [2025-11-10T14:29:38.697+0000] {dagbag.py:538} INFO - Filling up the DagBag from /opt/airflow/dags/dags_python_task_decorator.py
[2025-11-10T14:29:38.719+0000] {processor.py:840} INFO - DAG(s) 'dags_python_task_Decorator' retrieved from /opt/airflow/dags/dags_python_task_decorator.py
[2025-11-10T14:29:38.745+0000] {logging_mixin.py:188} INFO - [2025-11-10T14:29:38.744+0000] {dag.py:3036} INFO - Sync 1 DAGs
[2025-11-10T14:29:38.772+0000] {logging_mixin.py:188} INFO - [2025-11-10T14:29:38.772+0000] {dag.py:3823} INFO - Setting next_dagrun for dags_python_task_Decorator to 2025-11-09 17:00:00+00:00, run_after=2025-11-16 17:00:00+00:00
[2025-11-10T14:29:38.808+0000] {processor.py:183} INFO - Processing /opt/airflow/dags/dags_python_task_decorator.py took 0.120 seconds
[2025-11-10T14:30:09.816+0000] {processor.py:161} INFO - Started process (PID=46841) to work on /opt/airflow/dags/dags_python_task_decorator.py
[2025-11-10T14:30:09.823+0000] {processor.py:830} INFO - Processing file /opt/airflow/dags/dags_python_task_decorator.py for tasks to queue
[2025-11-10T14:30:09.824+0000] {logging_mixin.py:188} INFO - [2025-11-10T14:30:09.824+0000] {dagbag.py:538} INFO - Filling up the DagBag from /opt/airflow/dags/dags_python_task_decorator.py
[2025-11-10T14:30:09.847+0000] {processor.py:840} INFO - DAG(s) 'dags_python_task_Decorator' retrieved from /opt/airflow/dags/dags_python_task_decorator.py
[2025-11-10T14:30:09.884+0000] {logging_mixin.py:188} INFO - [2025-11-10T14:30:09.884+0000] {dag.py:3036} INFO - Sync 1 DAGs
[2025-11-10T14:30:09.933+0000] {logging_mixin.py:188} INFO - [2025-11-10T14:30:09.932+0000] {dag.py:3823} INFO - Setting next_dagrun for dags_python_task_Decorator to 2025-11-09 17:00:00+00:00, run_after=2025-11-16 17:00:00+00:00
[2025-11-10T14:30:09.977+0000] {processor.py:183} INFO - Processing /opt/airflow/dags/dags_python_task_decorator.py took 0.167 seconds
[2025-11-10T14:30:40.530+0000] {processor.py:161} INFO - Started process (PID=46900) to work on /opt/airflow/dags/dags_python_task_decorator.py
[2025-11-10T14:30:40.532+0000] {processor.py:830} INFO - Processing file /opt/airflow/dags/dags_python_task_decorator.py for tasks to queue
[2025-11-10T14:30:40.534+0000] {logging_mixin.py:188} INFO - [2025-11-10T14:30:40.533+0000] {dagbag.py:538} INFO - Filling up the DagBag from /opt/airflow/dags/dags_python_task_decorator.py
[2025-11-10T14:30:40.559+0000] {processor.py:840} INFO - DAG(s) 'dags_python_task_Decorator' retrieved from /opt/airflow/dags/dags_python_task_decorator.py
[2025-11-10T14:30:40.585+0000] {logging_mixin.py:188} INFO - [2025-11-10T14:30:40.585+0000] {dag.py:3036} INFO - Sync 1 DAGs
[2025-11-10T14:30:40.613+0000] {logging_mixin.py:188} INFO - [2025-11-10T14:30:40.613+0000] {dag.py:3823} INFO - Setting next_dagrun for dags_python_task_Decorator to 2025-11-09 17:00:00+00:00, run_after=2025-11-16 17:00:00+00:00
[2025-11-10T14:30:40.639+0000] {processor.py:183} INFO - Processing /opt/airflow/dags/dags_python_task_decorator.py took 0.113 seconds
[2025-11-10T14:31:11.028+0000] {processor.py:161} INFO - Started process (PID=46959) to work on /opt/airflow/dags/dags_python_task_decorator.py
[2025-11-10T14:31:11.029+0000] {processor.py:830} INFO - Processing file /opt/airflow/dags/dags_python_task_decorator.py for tasks to queue
[2025-11-10T14:31:11.030+0000] {logging_mixin.py:188} INFO - [2025-11-10T14:31:11.030+0000] {dagbag.py:538} INFO - Filling up the DagBag from /opt/airflow/dags/dags_python_task_decorator.py
[2025-11-10T14:31:11.053+0000] {processor.py:840} INFO - DAG(s) 'dags_python_task_Decorator' retrieved from /opt/airflow/dags/dags_python_task_decorator.py
[2025-11-10T14:31:11.078+0000] {logging_mixin.py:188} INFO - [2025-11-10T14:31:11.078+0000] {dag.py:3036} INFO - Sync 1 DAGs
[2025-11-10T14:31:11.104+0000] {logging_mixin.py:188} INFO - [2025-11-10T14:31:11.104+0000] {dag.py:3823} INFO - Setting next_dagrun for dags_python_task_Decorator to 2025-11-09 17:00:00+00:00, run_after=2025-11-16 17:00:00+00:00
[2025-11-10T14:31:11.138+0000] {processor.py:183} INFO - Processing /opt/airflow/dags/dags_python_task_decorator.py took 0.115 seconds
[2025-11-10T14:31:41.508+0000] {processor.py:161} INFO - Started process (PID=47018) to work on /opt/airflow/dags/dags_python_task_decorator.py
[2025-11-10T14:31:41.510+0000] {processor.py:830} INFO - Processing file /opt/airflow/dags/dags_python_task_decorator.py for tasks to queue
[2025-11-10T14:31:41.512+0000] {logging_mixin.py:188} INFO - [2025-11-10T14:31:41.511+0000] {dagbag.py:538} INFO - Filling up the DagBag from /opt/airflow/dags/dags_python_task_decorator.py
[2025-11-10T14:31:41.537+0000] {processor.py:840} INFO - DAG(s) 'dags_python_task_Decorator' retrieved from /opt/airflow/dags/dags_python_task_decorator.py
[2025-11-10T14:31:41.570+0000] {logging_mixin.py:188} INFO - [2025-11-10T14:31:41.570+0000] {dag.py:3036} INFO - Sync 1 DAGs
[2025-11-10T14:31:41.618+0000] {logging_mixin.py:188} INFO - [2025-11-10T14:31:41.618+0000] {dag.py:3823} INFO - Setting next_dagrun for dags_python_task_Decorator to 2025-11-09 17:00:00+00:00, run_after=2025-11-16 17:00:00+00:00
[2025-11-10T14:31:41.658+0000] {processor.py:183} INFO - Processing /opt/airflow/dags/dags_python_task_decorator.py took 0.154 seconds
[2025-11-10T14:32:12.375+0000] {processor.py:161} INFO - Started process (PID=47077) to work on /opt/airflow/dags/dags_python_task_decorator.py
[2025-11-10T14:32:12.376+0000] {processor.py:830} INFO - Processing file /opt/airflow/dags/dags_python_task_decorator.py for tasks to queue
[2025-11-10T14:32:12.378+0000] {logging_mixin.py:188} INFO - [2025-11-10T14:32:12.377+0000] {dagbag.py:538} INFO - Filling up the DagBag from /opt/airflow/dags/dags_python_task_decorator.py
[2025-11-10T14:32:12.401+0000] {processor.py:840} INFO - DAG(s) 'dags_python_task_Decorator' retrieved from /opt/airflow/dags/dags_python_task_decorator.py
[2025-11-10T14:32:12.428+0000] {logging_mixin.py:188} INFO - [2025-11-10T14:32:12.427+0000] {dag.py:3036} INFO - Sync 1 DAGs
[2025-11-10T14:32:12.461+0000] {logging_mixin.py:188} INFO - [2025-11-10T14:32:12.461+0000] {dag.py:3823} INFO - Setting next_dagrun for dags_python_task_Decorator to 2025-11-09 17:00:00+00:00, run_after=2025-11-16 17:00:00+00:00
[2025-11-10T14:32:12.496+0000] {processor.py:183} INFO - Processing /opt/airflow/dags/dags_python_task_decorator.py took 0.125 seconds
[2025-11-10T14:32:43.099+0000] {processor.py:161} INFO - Started process (PID=47136) to work on /opt/airflow/dags/dags_python_task_decorator.py
[2025-11-10T14:32:43.101+0000] {processor.py:830} INFO - Processing file /opt/airflow/dags/dags_python_task_decorator.py for tasks to queue
[2025-11-10T14:32:43.105+0000] {logging_mixin.py:188} INFO - [2025-11-10T14:32:43.104+0000] {dagbag.py:538} INFO - Filling up the DagBag from /opt/airflow/dags/dags_python_task_decorator.py
[2025-11-10T14:32:43.142+0000] {processor.py:840} INFO - DAG(s) 'dags_python_task_Decorator' retrieved from /opt/airflow/dags/dags_python_task_decorator.py
[2025-11-10T14:32:43.185+0000] {logging_mixin.py:188} INFO - [2025-11-10T14:32:43.185+0000] {dag.py:3036} INFO - Sync 1 DAGs
[2025-11-10T14:32:43.240+0000] {logging_mixin.py:188} INFO - [2025-11-10T14:32:43.240+0000] {dag.py:3823} INFO - Setting next_dagrun for dags_python_task_Decorator to 2025-11-09 17:00:00+00:00, run_after=2025-11-16 17:00:00+00:00
[2025-11-10T14:32:43.294+0000] {processor.py:183} INFO - Processing /opt/airflow/dags/dags_python_task_decorator.py took 0.204 seconds
[2025-11-10T14:33:13.443+0000] {processor.py:161} INFO - Started process (PID=47195) to work on /opt/airflow/dags/dags_python_task_decorator.py
[2025-11-10T14:33:13.445+0000] {processor.py:830} INFO - Processing file /opt/airflow/dags/dags_python_task_decorator.py for tasks to queue
[2025-11-10T14:33:13.446+0000] {logging_mixin.py:188} INFO - [2025-11-10T14:33:13.446+0000] {dagbag.py:538} INFO - Filling up the DagBag from /opt/airflow/dags/dags_python_task_decorator.py
[2025-11-10T14:33:13.466+0000] {processor.py:840} INFO - DAG(s) 'dags_python_task_Decorator' retrieved from /opt/airflow/dags/dags_python_task_decorator.py
[2025-11-10T14:33:13.492+0000] {logging_mixin.py:188} INFO - [2025-11-10T14:33:13.492+0000] {dag.py:3036} INFO - Sync 1 DAGs
[2025-11-10T14:33:13.519+0000] {logging_mixin.py:188} INFO - [2025-11-10T14:33:13.519+0000] {dag.py:3823} INFO - Setting next_dagrun for dags_python_task_Decorator to 2025-11-09 17:00:00+00:00, run_after=2025-11-16 17:00:00+00:00
[2025-11-10T14:33:13.554+0000] {processor.py:183} INFO - Processing /opt/airflow/dags/dags_python_task_decorator.py took 0.117 seconds
[2025-11-10T14:33:44.148+0000] {processor.py:161} INFO - Started process (PID=47254) to work on /opt/airflow/dags/dags_python_task_decorator.py
[2025-11-10T14:33:44.149+0000] {processor.py:830} INFO - Processing file /opt/airflow/dags/dags_python_task_decorator.py for tasks to queue
[2025-11-10T14:33:44.151+0000] {logging_mixin.py:188} INFO - [2025-11-10T14:33:44.150+0000] {dagbag.py:538} INFO - Filling up the DagBag from /opt/airflow/dags/dags_python_task_decorator.py
[2025-11-10T14:33:44.172+0000] {processor.py:840} INFO - DAG(s) 'dags_python_task_Decorator' retrieved from /opt/airflow/dags/dags_python_task_decorator.py
[2025-11-10T14:33:44.196+0000] {logging_mixin.py:188} INFO - [2025-11-10T14:33:44.196+0000] {dag.py:3036} INFO - Sync 1 DAGs
[2025-11-10T14:33:44.222+0000] {logging_mixin.py:188} INFO - [2025-11-10T14:33:44.222+0000] {dag.py:3823} INFO - Setting next_dagrun for dags_python_task_Decorator to 2025-11-09 17:00:00+00:00, run_after=2025-11-16 17:00:00+00:00
[2025-11-10T14:33:44.256+0000] {processor.py:183} INFO - Processing /opt/airflow/dags/dags_python_task_decorator.py took 0.112 seconds
[2025-11-10T14:34:14.863+0000] {processor.py:161} INFO - Started process (PID=47313) to work on /opt/airflow/dags/dags_python_task_decorator.py
[2025-11-10T14:34:14.864+0000] {processor.py:830} INFO - Processing file /opt/airflow/dags/dags_python_task_decorator.py for tasks to queue
[2025-11-10T14:34:14.866+0000] {logging_mixin.py:188} INFO - [2025-11-10T14:34:14.865+0000] {dagbag.py:538} INFO - Filling up the DagBag from /opt/airflow/dags/dags_python_task_decorator.py
[2025-11-10T14:34:14.887+0000] {processor.py:840} INFO - DAG(s) 'dags_python_task_Decorator' retrieved from /opt/airflow/dags/dags_python_task_decorator.py
[2025-11-10T14:34:14.912+0000] {logging_mixin.py:188} INFO - [2025-11-10T14:34:14.912+0000] {dag.py:3036} INFO - Sync 1 DAGs
[2025-11-10T14:34:14.939+0000] {logging_mixin.py:188} INFO - [2025-11-10T14:34:14.939+0000] {dag.py:3823} INFO - Setting next_dagrun for dags_python_task_Decorator to 2025-11-09 17:00:00+00:00, run_after=2025-11-16 17:00:00+00:00
[2025-11-10T14:34:14.974+0000] {processor.py:183} INFO - Processing /opt/airflow/dags/dags_python_task_decorator.py took 0.115 seconds
[2025-11-10T14:34:45.276+0000] {processor.py:161} INFO - Started process (PID=47372) to work on /opt/airflow/dags/dags_python_task_decorator.py
[2025-11-10T14:34:45.278+0000] {processor.py:830} INFO - Processing file /opt/airflow/dags/dags_python_task_decorator.py for tasks to queue
[2025-11-10T14:34:45.279+0000] {logging_mixin.py:188} INFO - [2025-11-10T14:34:45.279+0000] {dagbag.py:538} INFO - Filling up the DagBag from /opt/airflow/dags/dags_python_task_decorator.py
[2025-11-10T14:34:45.303+0000] {processor.py:840} INFO - DAG(s) 'dags_python_task_Decorator' retrieved from /opt/airflow/dags/dags_python_task_decorator.py
[2025-11-10T14:34:45.329+0000] {logging_mixin.py:188} INFO - [2025-11-10T14:34:45.329+0000] {dag.py:3036} INFO - Sync 1 DAGs
[2025-11-10T14:34:45.355+0000] {logging_mixin.py:188} INFO - [2025-11-10T14:34:45.355+0000] {dag.py:3823} INFO - Setting next_dagrun for dags_python_task_Decorator to 2025-11-09 17:00:00+00:00, run_after=2025-11-16 17:00:00+00:00
[2025-11-10T14:34:45.384+0000] {processor.py:183} INFO - Processing /opt/airflow/dags/dags_python_task_decorator.py took 0.114 seconds
[2025-11-10T14:35:15.787+0000] {processor.py:161} INFO - Started process (PID=47431) to work on /opt/airflow/dags/dags_python_task_decorator.py
[2025-11-10T14:35:15.788+0000] {processor.py:830} INFO - Processing file /opt/airflow/dags/dags_python_task_decorator.py for tasks to queue
[2025-11-10T14:35:15.790+0000] {logging_mixin.py:188} INFO - [2025-11-10T14:35:15.789+0000] {dagbag.py:538} INFO - Filling up the DagBag from /opt/airflow/dags/dags_python_task_decorator.py
[2025-11-10T14:35:15.815+0000] {processor.py:840} INFO - DAG(s) 'dags_python_task_Decorator' retrieved from /opt/airflow/dags/dags_python_task_decorator.py
[2025-11-10T14:35:15.840+0000] {logging_mixin.py:188} INFO - [2025-11-10T14:35:15.840+0000] {dag.py:3036} INFO - Sync 1 DAGs
[2025-11-10T14:35:15.868+0000] {logging_mixin.py:188} INFO - [2025-11-10T14:35:15.867+0000] {dag.py:3823} INFO - Setting next_dagrun for dags_python_task_Decorator to 2025-11-09 17:00:00+00:00, run_after=2025-11-16 17:00:00+00:00
[2025-11-10T14:35:15.902+0000] {processor.py:183} INFO - Processing /opt/airflow/dags/dags_python_task_decorator.py took 0.119 seconds
[2025-11-10T14:35:46.572+0000] {processor.py:161} INFO - Started process (PID=47490) to work on /opt/airflow/dags/dags_python_task_decorator.py
[2025-11-10T14:35:46.574+0000] {processor.py:830} INFO - Processing file /opt/airflow/dags/dags_python_task_decorator.py for tasks to queue
[2025-11-10T14:35:46.575+0000] {logging_mixin.py:188} INFO - [2025-11-10T14:35:46.575+0000] {dagbag.py:538} INFO - Filling up the DagBag from /opt/airflow/dags/dags_python_task_decorator.py
[2025-11-10T14:35:46.596+0000] {processor.py:840} INFO - DAG(s) 'dags_python_task_Decorator' retrieved from /opt/airflow/dags/dags_python_task_decorator.py
[2025-11-10T14:35:46.621+0000] {logging_mixin.py:188} INFO - [2025-11-10T14:35:46.621+0000] {dag.py:3036} INFO - Sync 1 DAGs
[2025-11-10T14:35:46.650+0000] {logging_mixin.py:188} INFO - [2025-11-10T14:35:46.649+0000] {dag.py:3823} INFO - Setting next_dagrun for dags_python_task_Decorator to 2025-11-09 17:00:00+00:00, run_after=2025-11-16 17:00:00+00:00
[2025-11-10T14:35:46.685+0000] {processor.py:183} INFO - Processing /opt/airflow/dags/dags_python_task_decorator.py took 0.118 seconds
[2025-11-10T14:36:17.659+0000] {processor.py:161} INFO - Started process (PID=47549) to work on /opt/airflow/dags/dags_python_task_decorator.py
[2025-11-10T14:36:17.662+0000] {processor.py:830} INFO - Processing file /opt/airflow/dags/dags_python_task_decorator.py for tasks to queue
[2025-11-10T14:36:17.665+0000] {logging_mixin.py:188} INFO - [2025-11-10T14:36:17.664+0000] {dagbag.py:538} INFO - Filling up the DagBag from /opt/airflow/dags/dags_python_task_decorator.py
[2025-11-10T14:36:17.744+0000] {processor.py:840} INFO - DAG(s) 'dags_python_task_Decorator' retrieved from /opt/airflow/dags/dags_python_task_decorator.py
[2025-11-10T14:36:17.822+0000] {logging_mixin.py:188} INFO - [2025-11-10T14:36:17.822+0000] {dag.py:3036} INFO - Sync 1 DAGs
[2025-11-10T14:36:17.906+0000] {logging_mixin.py:188} INFO - [2025-11-10T14:36:17.905+0000] {dag.py:3823} INFO - Setting next_dagrun for dags_python_task_Decorator to 2025-11-09 17:00:00+00:00, run_after=2025-11-16 17:00:00+00:00
[2025-11-10T14:36:17.952+0000] {processor.py:183} INFO - Processing /opt/airflow/dags/dags_python_task_decorator.py took 0.303 seconds
[2025-11-10T14:36:48.566+0000] {processor.py:161} INFO - Started process (PID=47608) to work on /opt/airflow/dags/dags_python_task_decorator.py
[2025-11-10T14:36:48.568+0000] {processor.py:830} INFO - Processing file /opt/airflow/dags/dags_python_task_decorator.py for tasks to queue
[2025-11-10T14:36:48.569+0000] {logging_mixin.py:188} INFO - [2025-11-10T14:36:48.569+0000] {dagbag.py:538} INFO - Filling up the DagBag from /opt/airflow/dags/dags_python_task_decorator.py
[2025-11-10T14:36:48.592+0000] {processor.py:840} INFO - DAG(s) 'dags_python_task_Decorator' retrieved from /opt/airflow/dags/dags_python_task_decorator.py
[2025-11-10T14:36:48.617+0000] {logging_mixin.py:188} INFO - [2025-11-10T14:36:48.617+0000] {dag.py:3036} INFO - Sync 1 DAGs
[2025-11-10T14:36:48.646+0000] {logging_mixin.py:188} INFO - [2025-11-10T14:36:48.646+0000] {dag.py:3823} INFO - Setting next_dagrun for dags_python_task_Decorator to 2025-11-09 17:00:00+00:00, run_after=2025-11-16 17:00:00+00:00
[2025-11-10T14:36:48.679+0000] {processor.py:183} INFO - Processing /opt/airflow/dags/dags_python_task_decorator.py took 0.117 seconds
[2025-11-10T14:37:18.743+0000] {processor.py:161} INFO - Started process (PID=47668) to work on /opt/airflow/dags/dags_python_task_decorator.py
[2025-11-10T14:37:18.744+0000] {processor.py:830} INFO - Processing file /opt/airflow/dags/dags_python_task_decorator.py for tasks to queue
[2025-11-10T14:37:18.746+0000] {logging_mixin.py:188} INFO - [2025-11-10T14:37:18.745+0000] {dagbag.py:538} INFO - Filling up the DagBag from /opt/airflow/dags/dags_python_task_decorator.py
[2025-11-10T14:37:18.779+0000] {processor.py:840} INFO - DAG(s) 'dags_python_task_Decorator' retrieved from /opt/airflow/dags/dags_python_task_decorator.py
[2025-11-10T14:37:18.814+0000] {logging_mixin.py:188} INFO - [2025-11-10T14:37:18.814+0000] {dag.py:3036} INFO - Sync 1 DAGs
[2025-11-10T14:37:18.853+0000] {logging_mixin.py:188} INFO - [2025-11-10T14:37:18.853+0000] {dag.py:3823} INFO - Setting next_dagrun for dags_python_task_Decorator to 2025-11-09 17:00:00+00:00, run_after=2025-11-16 17:00:00+00:00
[2025-11-10T14:37:18.884+0000] {processor.py:183} INFO - Processing /opt/airflow/dags/dags_python_task_decorator.py took 0.148 seconds
[2025-11-10T14:37:48.958+0000] {processor.py:161} INFO - Started process (PID=47727) to work on /opt/airflow/dags/dags_python_task_decorator.py
[2025-11-10T14:37:48.959+0000] {processor.py:830} INFO - Processing file /opt/airflow/dags/dags_python_task_decorator.py for tasks to queue
[2025-11-10T14:37:48.961+0000] {logging_mixin.py:188} INFO - [2025-11-10T14:37:48.960+0000] {dagbag.py:538} INFO - Filling up the DagBag from /opt/airflow/dags/dags_python_task_decorator.py
[2025-11-10T14:37:48.986+0000] {processor.py:840} INFO - DAG(s) 'dags_python_task_Decorator' retrieved from /opt/airflow/dags/dags_python_task_decorator.py
[2025-11-10T14:37:49.015+0000] {logging_mixin.py:188} INFO - [2025-11-10T14:37:49.014+0000] {dag.py:3036} INFO - Sync 1 DAGs
[2025-11-10T14:37:49.043+0000] {logging_mixin.py:188} INFO - [2025-11-10T14:37:49.043+0000] {dag.py:3823} INFO - Setting next_dagrun for dags_python_task_Decorator to 2025-11-09 17:00:00+00:00, run_after=2025-11-16 17:00:00+00:00
[2025-11-10T14:37:49.080+0000] {processor.py:183} INFO - Processing /opt/airflow/dags/dags_python_task_decorator.py took 0.127 seconds
[2025-11-10T14:38:19.304+0000] {processor.py:161} INFO - Started process (PID=47786) to work on /opt/airflow/dags/dags_python_task_decorator.py
[2025-11-10T14:38:19.307+0000] {processor.py:830} INFO - Processing file /opt/airflow/dags/dags_python_task_decorator.py for tasks to queue
[2025-11-10T14:38:19.309+0000] {logging_mixin.py:188} INFO - [2025-11-10T14:38:19.308+0000] {dagbag.py:538} INFO - Filling up the DagBag from /opt/airflow/dags/dags_python_task_decorator.py
[2025-11-10T14:38:19.336+0000] {processor.py:840} INFO - DAG(s) 'dags_python_task_Decorator' retrieved from /opt/airflow/dags/dags_python_task_decorator.py
[2025-11-10T14:38:19.362+0000] {logging_mixin.py:188} INFO - [2025-11-10T14:38:19.362+0000] {dag.py:3036} INFO - Sync 1 DAGs
[2025-11-10T14:38:19.390+0000] {logging_mixin.py:188} INFO - [2025-11-10T14:38:19.390+0000] {dag.py:3823} INFO - Setting next_dagrun for dags_python_task_Decorator to 2025-11-09 17:00:00+00:00, run_after=2025-11-16 17:00:00+00:00
[2025-11-10T14:38:19.416+0000] {processor.py:183} INFO - Processing /opt/airflow/dags/dags_python_task_decorator.py took 0.117 seconds
[2025-11-10T14:38:50.033+0000] {processor.py:161} INFO - Started process (PID=47845) to work on /opt/airflow/dags/dags_python_task_decorator.py
[2025-11-10T14:38:50.043+0000] {processor.py:830} INFO - Processing file /opt/airflow/dags/dags_python_task_decorator.py for tasks to queue
[2025-11-10T14:38:50.045+0000] {logging_mixin.py:188} INFO - [2025-11-10T14:38:50.044+0000] {dagbag.py:538} INFO - Filling up the DagBag from /opt/airflow/dags/dags_python_task_decorator.py
[2025-11-10T14:38:50.077+0000] {processor.py:840} INFO - DAG(s) 'dags_python_task_Decorator' retrieved from /opt/airflow/dags/dags_python_task_decorator.py
[2025-11-10T14:38:50.113+0000] {logging_mixin.py:188} INFO - [2025-11-10T14:38:50.113+0000] {dag.py:3036} INFO - Sync 1 DAGs
[2025-11-10T14:38:50.144+0000] {logging_mixin.py:188} INFO - [2025-11-10T14:38:50.144+0000] {dag.py:3823} INFO - Setting next_dagrun for dags_python_task_Decorator to 2025-11-09 17:00:00+00:00, run_after=2025-11-16 17:00:00+00:00
[2025-11-10T14:38:50.175+0000] {processor.py:183} INFO - Processing /opt/airflow/dags/dags_python_task_decorator.py took 0.148 seconds
[2025-11-10T14:39:20.822+0000] {processor.py:161} INFO - Started process (PID=47904) to work on /opt/airflow/dags/dags_python_task_decorator.py
[2025-11-10T14:39:20.824+0000] {processor.py:830} INFO - Processing file /opt/airflow/dags/dags_python_task_decorator.py for tasks to queue
[2025-11-10T14:39:20.825+0000] {logging_mixin.py:188} INFO - [2025-11-10T14:39:20.825+0000] {dagbag.py:538} INFO - Filling up the DagBag from /opt/airflow/dags/dags_python_task_decorator.py
[2025-11-10T14:39:20.846+0000] {processor.py:840} INFO - DAG(s) 'dags_python_task_Decorator' retrieved from /opt/airflow/dags/dags_python_task_decorator.py
[2025-11-10T14:39:20.871+0000] {logging_mixin.py:188} INFO - [2025-11-10T14:39:20.871+0000] {dag.py:3036} INFO - Sync 1 DAGs
[2025-11-10T14:39:20.900+0000] {logging_mixin.py:188} INFO - [2025-11-10T14:39:20.900+0000] {dag.py:3823} INFO - Setting next_dagrun for dags_python_task_Decorator to 2025-11-09 17:00:00+00:00, run_after=2025-11-16 17:00:00+00:00
[2025-11-10T14:39:20.935+0000] {processor.py:183} INFO - Processing /opt/airflow/dags/dags_python_task_decorator.py took 0.117 seconds
[2025-11-10T14:39:51.414+0000] {processor.py:161} INFO - Started process (PID=47963) to work on /opt/airflow/dags/dags_python_task_decorator.py
[2025-11-10T14:39:51.417+0000] {processor.py:830} INFO - Processing file /opt/airflow/dags/dags_python_task_decorator.py for tasks to queue
[2025-11-10T14:39:51.420+0000] {logging_mixin.py:188} INFO - [2025-11-10T14:39:51.419+0000] {dagbag.py:538} INFO - Filling up the DagBag from /opt/airflow/dags/dags_python_task_decorator.py
[2025-11-10T14:39:51.459+0000] {processor.py:840} INFO - DAG(s) 'dags_python_task_Decorator' retrieved from /opt/airflow/dags/dags_python_task_decorator.py
[2025-11-10T14:39:51.502+0000] {logging_mixin.py:188} INFO - [2025-11-10T14:39:51.502+0000] {dag.py:3036} INFO - Sync 1 DAGs
[2025-11-10T14:39:51.568+0000] {logging_mixin.py:188} INFO - [2025-11-10T14:39:51.568+0000] {dag.py:3823} INFO - Setting next_dagrun for dags_python_task_Decorator to 2025-11-09 17:00:00+00:00, run_after=2025-11-16 17:00:00+00:00
[2025-11-10T14:39:51.624+0000] {processor.py:183} INFO - Processing /opt/airflow/dags/dags_python_task_decorator.py took 0.223 seconds
[2025-11-10T14:40:22.052+0000] {processor.py:161} INFO - Started process (PID=48023) to work on /opt/airflow/dags/dags_python_task_decorator.py
[2025-11-10T14:40:22.054+0000] {processor.py:830} INFO - Processing file /opt/airflow/dags/dags_python_task_decorator.py for tasks to queue
[2025-11-10T14:40:22.055+0000] {logging_mixin.py:188} INFO - [2025-11-10T14:40:22.055+0000] {dagbag.py:538} INFO - Filling up the DagBag from /opt/airflow/dags/dags_python_task_decorator.py
[2025-11-10T14:40:22.080+0000] {processor.py:840} INFO - DAG(s) 'dags_python_task_Decorator' retrieved from /opt/airflow/dags/dags_python_task_decorator.py
[2025-11-10T14:40:22.110+0000] {logging_mixin.py:188} INFO - [2025-11-10T14:40:22.110+0000] {dag.py:3036} INFO - Sync 1 DAGs
[2025-11-10T14:40:22.137+0000] {logging_mixin.py:188} INFO - [2025-11-10T14:40:22.136+0000] {dag.py:3823} INFO - Setting next_dagrun for dags_python_task_Decorator to 2025-11-09 17:00:00+00:00, run_after=2025-11-16 17:00:00+00:00
[2025-11-10T14:40:22.164+0000] {processor.py:183} INFO - Processing /opt/airflow/dags/dags_python_task_decorator.py took 0.116 seconds
[2025-11-10T14:40:52.297+0000] {processor.py:161} INFO - Started process (PID=48082) to work on /opt/airflow/dags/dags_python_task_decorator.py
[2025-11-10T14:40:52.300+0000] {processor.py:830} INFO - Processing file /opt/airflow/dags/dags_python_task_decorator.py for tasks to queue
[2025-11-10T14:40:52.303+0000] {logging_mixin.py:188} INFO - [2025-11-10T14:40:52.302+0000] {dagbag.py:538} INFO - Filling up the DagBag from /opt/airflow/dags/dags_python_task_decorator.py
[2025-11-10T14:40:52.344+0000] {processor.py:840} INFO - DAG(s) 'dags_python_task_Decorator' retrieved from /opt/airflow/dags/dags_python_task_decorator.py
[2025-11-10T14:40:52.381+0000] {logging_mixin.py:188} INFO - [2025-11-10T14:40:52.380+0000] {dag.py:3036} INFO - Sync 1 DAGs
[2025-11-10T14:40:52.481+0000] {logging_mixin.py:188} INFO - [2025-11-10T14:40:52.481+0000] {dag.py:3823} INFO - Setting next_dagrun for dags_python_task_Decorator to 2025-11-09 17:00:00+00:00, run_after=2025-11-16 17:00:00+00:00
[2025-11-10T14:40:52.533+0000] {processor.py:183} INFO - Processing /opt/airflow/dags/dags_python_task_decorator.py took 0.191 seconds
[2025-11-10T14:41:23.053+0000] {processor.py:161} INFO - Started process (PID=48141) to work on /opt/airflow/dags/dags_python_task_decorator.py
[2025-11-10T14:41:23.054+0000] {processor.py:830} INFO - Processing file /opt/airflow/dags/dags_python_task_decorator.py for tasks to queue
[2025-11-10T14:41:23.056+0000] {logging_mixin.py:188} INFO - [2025-11-10T14:41:23.055+0000] {dagbag.py:538} INFO - Filling up the DagBag from /opt/airflow/dags/dags_python_task_decorator.py
[2025-11-10T14:41:23.079+0000] {processor.py:840} INFO - DAG(s) 'dags_python_task_Decorator' retrieved from /opt/airflow/dags/dags_python_task_decorator.py
[2025-11-10T14:41:23.105+0000] {logging_mixin.py:188} INFO - [2025-11-10T14:41:23.104+0000] {dag.py:3036} INFO - Sync 1 DAGs
[2025-11-10T14:41:23.132+0000] {logging_mixin.py:188} INFO - [2025-11-10T14:41:23.132+0000] {dag.py:3823} INFO - Setting next_dagrun for dags_python_task_Decorator to 2025-11-09 17:00:00+00:00, run_after=2025-11-16 17:00:00+00:00
[2025-11-10T14:41:23.158+0000] {processor.py:183} INFO - Processing /opt/airflow/dags/dags_python_task_decorator.py took 0.109 seconds
[2025-11-10T14:41:53.213+0000] {processor.py:161} INFO - Started process (PID=48200) to work on /opt/airflow/dags/dags_python_task_decorator.py
[2025-11-10T14:41:53.215+0000] {processor.py:830} INFO - Processing file /opt/airflow/dags/dags_python_task_decorator.py for tasks to queue
[2025-11-10T14:41:53.217+0000] {logging_mixin.py:188} INFO - [2025-11-10T14:41:53.216+0000] {dagbag.py:538} INFO - Filling up the DagBag from /opt/airflow/dags/dags_python_task_decorator.py
[2025-11-10T14:41:53.252+0000] {processor.py:840} INFO - DAG(s) 'dags_python_task_Decorator' retrieved from /opt/airflow/dags/dags_python_task_decorator.py
[2025-11-10T14:41:53.284+0000] {logging_mixin.py:188} INFO - [2025-11-10T14:41:53.284+0000] {dag.py:3036} INFO - Sync 1 DAGs
[2025-11-10T14:41:53.354+0000] {logging_mixin.py:188} INFO - [2025-11-10T14:41:53.352+0000] {dag.py:3823} INFO - Setting next_dagrun for dags_python_task_Decorator to 2025-11-09 17:00:00+00:00, run_after=2025-11-16 17:00:00+00:00
[2025-11-10T14:41:53.421+0000] {processor.py:183} INFO - Processing /opt/airflow/dags/dags_python_task_decorator.py took 0.214 seconds
[2025-11-10T14:42:23.620+0000] {processor.py:161} INFO - Started process (PID=48259) to work on /opt/airflow/dags/dags_python_task_decorator.py
[2025-11-10T14:42:23.628+0000] {processor.py:830} INFO - Processing file /opt/airflow/dags/dags_python_task_decorator.py for tasks to queue
[2025-11-10T14:42:23.631+0000] {logging_mixin.py:188} INFO - [2025-11-10T14:42:23.630+0000] {dagbag.py:538} INFO - Filling up the DagBag from /opt/airflow/dags/dags_python_task_decorator.py
[2025-11-10T14:42:23.685+0000] {processor.py:840} INFO - DAG(s) 'dags_python_task_Decorator' retrieved from /opt/airflow/dags/dags_python_task_decorator.py
[2025-11-10T14:42:23.740+0000] {logging_mixin.py:188} INFO - [2025-11-10T14:42:23.739+0000] {dag.py:3036} INFO - Sync 1 DAGs
[2025-11-10T14:42:23.807+0000] {logging_mixin.py:188} INFO - [2025-11-10T14:42:23.806+0000] {dag.py:3823} INFO - Setting next_dagrun for dags_python_task_Decorator to 2025-11-09 17:00:00+00:00, run_after=2025-11-16 17:00:00+00:00
[2025-11-10T14:42:23.868+0000] {processor.py:183} INFO - Processing /opt/airflow/dags/dags_python_task_decorator.py took 0.258 seconds
[2025-11-10T14:42:54.674+0000] {processor.py:161} INFO - Started process (PID=48318) to work on /opt/airflow/dags/dags_python_task_decorator.py
[2025-11-10T14:42:54.675+0000] {processor.py:830} INFO - Processing file /opt/airflow/dags/dags_python_task_decorator.py for tasks to queue
[2025-11-10T14:42:54.677+0000] {logging_mixin.py:188} INFO - [2025-11-10T14:42:54.676+0000] {dagbag.py:538} INFO - Filling up the DagBag from /opt/airflow/dags/dags_python_task_decorator.py
[2025-11-10T14:42:54.700+0000] {processor.py:840} INFO - DAG(s) 'dags_python_task_Decorator' retrieved from /opt/airflow/dags/dags_python_task_decorator.py
[2025-11-10T14:42:54.726+0000] {logging_mixin.py:188} INFO - [2025-11-10T14:42:54.726+0000] {dag.py:3036} INFO - Sync 1 DAGs
[2025-11-10T14:42:54.754+0000] {logging_mixin.py:188} INFO - [2025-11-10T14:42:54.753+0000] {dag.py:3823} INFO - Setting next_dagrun for dags_python_task_Decorator to 2025-11-09 17:00:00+00:00, run_after=2025-11-16 17:00:00+00:00
[2025-11-10T14:42:54.779+0000] {processor.py:183} INFO - Processing /opt/airflow/dags/dags_python_task_decorator.py took 0.111 seconds
[2025-11-10T14:43:25.193+0000] {processor.py:161} INFO - Started process (PID=48377) to work on /opt/airflow/dags/dags_python_task_decorator.py
[2025-11-10T14:43:25.194+0000] {processor.py:830} INFO - Processing file /opt/airflow/dags/dags_python_task_decorator.py for tasks to queue
[2025-11-10T14:43:25.195+0000] {logging_mixin.py:188} INFO - [2025-11-10T14:43:25.195+0000] {dagbag.py:538} INFO - Filling up the DagBag from /opt/airflow/dags/dags_python_task_decorator.py
[2025-11-10T14:43:25.223+0000] {processor.py:840} INFO - DAG(s) 'dags_python_task_Decorator' retrieved from /opt/airflow/dags/dags_python_task_decorator.py
[2025-11-10T14:43:25.250+0000] {logging_mixin.py:188} INFO - [2025-11-10T14:43:25.249+0000] {dag.py:3036} INFO - Sync 1 DAGs
[2025-11-10T14:43:25.276+0000] {logging_mixin.py:188} INFO - [2025-11-10T14:43:25.276+0000] {dag.py:3823} INFO - Setting next_dagrun for dags_python_task_Decorator to 2025-11-09 17:00:00+00:00, run_after=2025-11-16 17:00:00+00:00
[2025-11-10T14:43:25.312+0000] {processor.py:183} INFO - Processing /opt/airflow/dags/dags_python_task_decorator.py took 0.124 seconds
[2025-11-10T14:43:55.735+0000] {processor.py:161} INFO - Started process (PID=48436) to work on /opt/airflow/dags/dags_python_task_decorator.py
[2025-11-10T14:43:55.736+0000] {processor.py:830} INFO - Processing file /opt/airflow/dags/dags_python_task_decorator.py for tasks to queue
[2025-11-10T14:43:55.738+0000] {logging_mixin.py:188} INFO - [2025-11-10T14:43:55.737+0000] {dagbag.py:538} INFO - Filling up the DagBag from /opt/airflow/dags/dags_python_task_decorator.py
[2025-11-10T14:43:55.761+0000] {processor.py:840} INFO - DAG(s) 'dags_python_task_Decorator' retrieved from /opt/airflow/dags/dags_python_task_decorator.py
[2025-11-10T14:43:55.787+0000] {logging_mixin.py:188} INFO - [2025-11-10T14:43:55.787+0000] {dag.py:3036} INFO - Sync 1 DAGs
[2025-11-10T14:43:55.814+0000] {logging_mixin.py:188} INFO - [2025-11-10T14:43:55.814+0000] {dag.py:3823} INFO - Setting next_dagrun for dags_python_task_Decorator to 2025-11-09 17:00:00+00:00, run_after=2025-11-16 17:00:00+00:00
[2025-11-10T14:43:55.851+0000] {processor.py:183} INFO - Processing /opt/airflow/dags/dags_python_task_decorator.py took 0.121 seconds
[2025-11-10T14:44:26.247+0000] {processor.py:161} INFO - Started process (PID=48495) to work on /opt/airflow/dags/dags_python_task_decorator.py
[2025-11-10T14:44:26.248+0000] {processor.py:830} INFO - Processing file /opt/airflow/dags/dags_python_task_decorator.py for tasks to queue
[2025-11-10T14:44:26.250+0000] {logging_mixin.py:188} INFO - [2025-11-10T14:44:26.249+0000] {dagbag.py:538} INFO - Filling up the DagBag from /opt/airflow/dags/dags_python_task_decorator.py
[2025-11-10T14:44:26.273+0000] {processor.py:840} INFO - DAG(s) 'dags_python_task_Decorator' retrieved from /opt/airflow/dags/dags_python_task_decorator.py
[2025-11-10T14:44:26.298+0000] {logging_mixin.py:188} INFO - [2025-11-10T14:44:26.298+0000] {dag.py:3036} INFO - Sync 1 DAGs
[2025-11-10T14:44:26.326+0000] {logging_mixin.py:188} INFO - [2025-11-10T14:44:26.325+0000] {dag.py:3823} INFO - Setting next_dagrun for dags_python_task_Decorator to 2025-11-09 17:00:00+00:00, run_after=2025-11-16 17:00:00+00:00
[2025-11-10T14:44:26.353+0000] {processor.py:183} INFO - Processing /opt/airflow/dags/dags_python_task_decorator.py took 0.111 seconds
[2025-11-10T14:44:56.509+0000] {processor.py:161} INFO - Started process (PID=48554) to work on /opt/airflow/dags/dags_python_task_decorator.py
[2025-11-10T14:44:56.510+0000] {processor.py:830} INFO - Processing file /opt/airflow/dags/dags_python_task_decorator.py for tasks to queue
[2025-11-10T14:44:56.513+0000] {logging_mixin.py:188} INFO - [2025-11-10T14:44:56.512+0000] {dagbag.py:538} INFO - Filling up the DagBag from /opt/airflow/dags/dags_python_task_decorator.py
[2025-11-10T14:44:56.537+0000] {processor.py:840} INFO - DAG(s) 'dags_python_task_Decorator' retrieved from /opt/airflow/dags/dags_python_task_decorator.py
[2025-11-10T14:44:56.565+0000] {logging_mixin.py:188} INFO - [2025-11-10T14:44:56.565+0000] {dag.py:3036} INFO - Sync 1 DAGs
[2025-11-10T14:44:56.594+0000] {logging_mixin.py:188} INFO - [2025-11-10T14:44:56.594+0000] {dag.py:3823} INFO - Setting next_dagrun for dags_python_task_Decorator to 2025-11-09 17:00:00+00:00, run_after=2025-11-16 17:00:00+00:00
[2025-11-10T14:44:56.631+0000] {processor.py:183} INFO - Processing /opt/airflow/dags/dags_python_task_decorator.py took 0.132 seconds
[2025-11-10T14:45:27.617+0000] {processor.py:161} INFO - Started process (PID=48613) to work on /opt/airflow/dags/dags_python_task_decorator.py
[2025-11-10T14:45:27.619+0000] {processor.py:830} INFO - Processing file /opt/airflow/dags/dags_python_task_decorator.py for tasks to queue
[2025-11-10T14:45:27.621+0000] {logging_mixin.py:188} INFO - [2025-11-10T14:45:27.620+0000] {dagbag.py:538} INFO - Filling up the DagBag from /opt/airflow/dags/dags_python_task_decorator.py
[2025-11-10T14:45:27.642+0000] {processor.py:840} INFO - DAG(s) 'dags_python_task_Decorator' retrieved from /opt/airflow/dags/dags_python_task_decorator.py
[2025-11-10T14:45:27.670+0000] {logging_mixin.py:188} INFO - [2025-11-10T14:45:27.669+0000] {dag.py:3036} INFO - Sync 1 DAGs
[2025-11-10T14:45:27.698+0000] {logging_mixin.py:188} INFO - [2025-11-10T14:45:27.698+0000] {dag.py:3823} INFO - Setting next_dagrun for dags_python_task_Decorator to 2025-11-09 17:00:00+00:00, run_after=2025-11-16 17:00:00+00:00
[2025-11-10T14:45:27.725+0000] {processor.py:183} INFO - Processing /opt/airflow/dags/dags_python_task_decorator.py took 0.113 seconds
[2025-11-10T14:45:58.518+0000] {processor.py:161} INFO - Started process (PID=48672) to work on /opt/airflow/dags/dags_python_task_decorator.py
[2025-11-10T14:45:58.519+0000] {processor.py:830} INFO - Processing file /opt/airflow/dags/dags_python_task_decorator.py for tasks to queue
[2025-11-10T14:45:58.521+0000] {logging_mixin.py:188} INFO - [2025-11-10T14:45:58.521+0000] {dagbag.py:538} INFO - Filling up the DagBag from /opt/airflow/dags/dags_python_task_decorator.py
[2025-11-10T14:45:58.542+0000] {processor.py:840} INFO - DAG(s) 'dags_python_task_Decorator' retrieved from /opt/airflow/dags/dags_python_task_decorator.py
[2025-11-10T14:45:58.567+0000] {logging_mixin.py:188} INFO - [2025-11-10T14:45:58.567+0000] {dag.py:3036} INFO - Sync 1 DAGs
[2025-11-10T14:45:58.595+0000] {logging_mixin.py:188} INFO - [2025-11-10T14:45:58.594+0000] {dag.py:3823} INFO - Setting next_dagrun for dags_python_task_Decorator to 2025-11-09 17:00:00+00:00, run_after=2025-11-16 17:00:00+00:00
[2025-11-10T14:45:58.629+0000] {processor.py:183} INFO - Processing /opt/airflow/dags/dags_python_task_decorator.py took 0.116 seconds
[2025-11-10T14:46:29.349+0000] {processor.py:161} INFO - Started process (PID=48731) to work on /opt/airflow/dags/dags_python_task_decorator.py
[2025-11-10T14:46:29.350+0000] {processor.py:830} INFO - Processing file /opt/airflow/dags/dags_python_task_decorator.py for tasks to queue
[2025-11-10T14:46:29.351+0000] {logging_mixin.py:188} INFO - [2025-11-10T14:46:29.351+0000] {dagbag.py:538} INFO - Filling up the DagBag from /opt/airflow/dags/dags_python_task_decorator.py
[2025-11-10T14:46:29.373+0000] {processor.py:840} INFO - DAG(s) 'dags_python_task_Decorator' retrieved from /opt/airflow/dags/dags_python_task_decorator.py
[2025-11-10T14:46:29.399+0000] {logging_mixin.py:188} INFO - [2025-11-10T14:46:29.399+0000] {dag.py:3036} INFO - Sync 1 DAGs
[2025-11-10T14:46:29.430+0000] {logging_mixin.py:188} INFO - [2025-11-10T14:46:29.430+0000] {dag.py:3823} INFO - Setting next_dagrun for dags_python_task_Decorator to 2025-11-09 17:00:00+00:00, run_after=2025-11-16 17:00:00+00:00
[2025-11-10T14:46:29.465+0000] {processor.py:183} INFO - Processing /opt/airflow/dags/dags_python_task_decorator.py took 0.121 seconds
[2025-11-10T14:46:59.597+0000] {processor.py:161} INFO - Started process (PID=48790) to work on /opt/airflow/dags/dags_python_task_decorator.py
[2025-11-10T14:46:59.599+0000] {processor.py:830} INFO - Processing file /opt/airflow/dags/dags_python_task_decorator.py for tasks to queue
[2025-11-10T14:46:59.601+0000] {logging_mixin.py:188} INFO - [2025-11-10T14:46:59.601+0000] {dagbag.py:538} INFO - Filling up the DagBag from /opt/airflow/dags/dags_python_task_decorator.py
[2025-11-10T14:46:59.634+0000] {processor.py:840} INFO - DAG(s) 'dags_python_task_Decorator' retrieved from /opt/airflow/dags/dags_python_task_decorator.py
[2025-11-10T14:46:59.670+0000] {logging_mixin.py:188} INFO - [2025-11-10T14:46:59.669+0000] {dag.py:3036} INFO - Sync 1 DAGs
[2025-11-10T14:46:59.706+0000] {logging_mixin.py:188} INFO - [2025-11-10T14:46:59.706+0000] {dag.py:3823} INFO - Setting next_dagrun for dags_python_task_Decorator to 2025-11-09 17:00:00+00:00, run_after=2025-11-16 17:00:00+00:00
[2025-11-10T14:46:59.748+0000] {processor.py:183} INFO - Processing /opt/airflow/dags/dags_python_task_decorator.py took 0.157 seconds
[2025-11-10T14:47:30.267+0000] {processor.py:161} INFO - Started process (PID=48849) to work on /opt/airflow/dags/dags_python_task_decorator.py
[2025-11-10T14:47:30.269+0000] {processor.py:830} INFO - Processing file /opt/airflow/dags/dags_python_task_decorator.py for tasks to queue
[2025-11-10T14:47:30.271+0000] {logging_mixin.py:188} INFO - [2025-11-10T14:47:30.270+0000] {dagbag.py:538} INFO - Filling up the DagBag from /opt/airflow/dags/dags_python_task_decorator.py
[2025-11-10T14:47:30.295+0000] {processor.py:840} INFO - DAG(s) 'dags_python_task_Decorator' retrieved from /opt/airflow/dags/dags_python_task_decorator.py
[2025-11-10T14:47:30.362+0000] {logging_mixin.py:188} INFO - [2025-11-10T14:47:30.362+0000] {dag.py:3036} INFO - Sync 1 DAGs
[2025-11-10T14:47:30.489+0000] {logging_mixin.py:188} INFO - [2025-11-10T14:47:30.488+0000] {dag.py:3823} INFO - Setting next_dagrun for dags_python_task_Decorator to 2025-11-09 17:00:00+00:00, run_after=2025-11-16 17:00:00+00:00
[2025-11-10T14:47:30.557+0000] {processor.py:183} INFO - Processing /opt/airflow/dags/dags_python_task_decorator.py took 0.294 seconds
[2025-11-10T14:48:01.540+0000] {processor.py:161} INFO - Started process (PID=48913) to work on /opt/airflow/dags/dags_python_task_decorator.py
[2025-11-10T14:48:01.541+0000] {processor.py:830} INFO - Processing file /opt/airflow/dags/dags_python_task_decorator.py for tasks to queue
[2025-11-10T14:48:01.543+0000] {logging_mixin.py:188} INFO - [2025-11-10T14:48:01.542+0000] {dagbag.py:538} INFO - Filling up the DagBag from /opt/airflow/dags/dags_python_task_decorator.py
[2025-11-10T14:48:01.572+0000] {processor.py:840} INFO - DAG(s) 'dags_python_task_Decorator' retrieved from /opt/airflow/dags/dags_python_task_decorator.py
[2025-11-10T14:48:01.597+0000] {logging_mixin.py:188} INFO - [2025-11-10T14:48:01.597+0000] {dag.py:3036} INFO - Sync 1 DAGs
[2025-11-10T14:48:01.625+0000] {logging_mixin.py:188} INFO - [2025-11-10T14:48:01.625+0000] {dag.py:3823} INFO - Setting next_dagrun for dags_python_task_Decorator to 2025-11-09 17:00:00+00:00, run_after=2025-11-16 17:00:00+00:00
[2025-11-10T14:48:01.659+0000] {processor.py:183} INFO - Processing /opt/airflow/dags/dags_python_task_decorator.py took 0.125 seconds
[2025-11-10T14:48:32.558+0000] {processor.py:161} INFO - Started process (PID=48972) to work on /opt/airflow/dags/dags_python_task_decorator.py
[2025-11-10T14:48:32.560+0000] {processor.py:830} INFO - Processing file /opt/airflow/dags/dags_python_task_decorator.py for tasks to queue
[2025-11-10T14:48:32.561+0000] {logging_mixin.py:188} INFO - [2025-11-10T14:48:32.561+0000] {dagbag.py:538} INFO - Filling up the DagBag from /opt/airflow/dags/dags_python_task_decorator.py
[2025-11-10T14:48:32.585+0000] {processor.py:840} INFO - DAG(s) 'dags_python_task_Decorator' retrieved from /opt/airflow/dags/dags_python_task_decorator.py
[2025-11-10T14:48:32.616+0000] {logging_mixin.py:188} INFO - [2025-11-10T14:48:32.616+0000] {dag.py:3036} INFO - Sync 1 DAGs
[2025-11-10T14:48:32.646+0000] {logging_mixin.py:188} INFO - [2025-11-10T14:48:32.645+0000] {dag.py:3823} INFO - Setting next_dagrun for dags_python_task_Decorator to 2025-11-09 17:00:00+00:00, run_after=2025-11-16 17:00:00+00:00
[2025-11-10T14:48:32.685+0000] {processor.py:183} INFO - Processing /opt/airflow/dags/dags_python_task_decorator.py took 0.132 seconds
[2025-11-10T14:49:03.489+0000] {processor.py:161} INFO - Started process (PID=49031) to work on /opt/airflow/dags/dags_python_task_decorator.py
[2025-11-10T14:49:03.491+0000] {processor.py:830} INFO - Processing file /opt/airflow/dags/dags_python_task_decorator.py for tasks to queue
[2025-11-10T14:49:03.492+0000] {logging_mixin.py:188} INFO - [2025-11-10T14:49:03.492+0000] {dagbag.py:538} INFO - Filling up the DagBag from /opt/airflow/dags/dags_python_task_decorator.py
[2025-11-10T14:49:03.515+0000] {processor.py:840} INFO - DAG(s) 'dags_python_task_Decorator' retrieved from /opt/airflow/dags/dags_python_task_decorator.py
[2025-11-10T14:49:03.541+0000] {logging_mixin.py:188} INFO - [2025-11-10T14:49:03.540+0000] {dag.py:3036} INFO - Sync 1 DAGs
[2025-11-10T14:49:03.567+0000] {logging_mixin.py:188} INFO - [2025-11-10T14:49:03.567+0000] {dag.py:3823} INFO - Setting next_dagrun for dags_python_task_Decorator to 2025-11-09 17:00:00+00:00, run_after=2025-11-16 17:00:00+00:00
[2025-11-10T14:49:03.602+0000] {processor.py:183} INFO - Processing /opt/airflow/dags/dags_python_task_decorator.py took 0.117 seconds
[2025-11-10T14:49:34.135+0000] {processor.py:161} INFO - Started process (PID=49090) to work on /opt/airflow/dags/dags_python_task_decorator.py
[2025-11-10T14:49:34.136+0000] {processor.py:830} INFO - Processing file /opt/airflow/dags/dags_python_task_decorator.py for tasks to queue
[2025-11-10T14:49:34.138+0000] {logging_mixin.py:188} INFO - [2025-11-10T14:49:34.137+0000] {dagbag.py:538} INFO - Filling up the DagBag from /opt/airflow/dags/dags_python_task_decorator.py
[2025-11-10T14:49:34.156+0000] {processor.py:840} INFO - DAG(s) 'dags_python_task_Decorator' retrieved from /opt/airflow/dags/dags_python_task_decorator.py
[2025-11-10T14:49:34.180+0000] {logging_mixin.py:188} INFO - [2025-11-10T14:49:34.180+0000] {dag.py:3036} INFO - Sync 1 DAGs
[2025-11-10T14:49:34.210+0000] {logging_mixin.py:188} INFO - [2025-11-10T14:49:34.210+0000] {dag.py:3823} INFO - Setting next_dagrun for dags_python_task_Decorator to 2025-11-09 17:00:00+00:00, run_after=2025-11-16 17:00:00+00:00
[2025-11-10T14:49:34.235+0000] {processor.py:183} INFO - Processing /opt/airflow/dags/dags_python_task_decorator.py took 0.106 seconds
[2025-11-10T14:50:04.546+0000] {processor.py:161} INFO - Started process (PID=49149) to work on /opt/airflow/dags/dags_python_task_decorator.py
[2025-11-10T14:50:04.548+0000] {processor.py:830} INFO - Processing file /opt/airflow/dags/dags_python_task_decorator.py for tasks to queue
[2025-11-10T14:50:04.549+0000] {logging_mixin.py:188} INFO - [2025-11-10T14:50:04.549+0000] {dagbag.py:538} INFO - Filling up the DagBag from /opt/airflow/dags/dags_python_task_decorator.py
[2025-11-10T14:50:04.575+0000] {processor.py:840} INFO - DAG(s) 'dags_python_task_Decorator' retrieved from /opt/airflow/dags/dags_python_task_decorator.py
[2025-11-10T14:50:04.601+0000] {logging_mixin.py:188} INFO - [2025-11-10T14:50:04.600+0000] {dag.py:3036} INFO - Sync 1 DAGs
[2025-11-10T14:50:04.627+0000] {logging_mixin.py:188} INFO - [2025-11-10T14:50:04.627+0000] {dag.py:3823} INFO - Setting next_dagrun for dags_python_task_Decorator to 2025-11-09 17:00:00+00:00, run_after=2025-11-16 17:00:00+00:00
[2025-11-10T14:50:04.662+0000] {processor.py:183} INFO - Processing /opt/airflow/dags/dags_python_task_decorator.py took 0.121 seconds
[2025-11-10T14:50:35.057+0000] {processor.py:161} INFO - Started process (PID=49208) to work on /opt/airflow/dags/dags_python_task_decorator.py
[2025-11-10T14:50:35.058+0000] {processor.py:830} INFO - Processing file /opt/airflow/dags/dags_python_task_decorator.py for tasks to queue
[2025-11-10T14:50:35.060+0000] {logging_mixin.py:188} INFO - [2025-11-10T14:50:35.060+0000] {dagbag.py:538} INFO - Filling up the DagBag from /opt/airflow/dags/dags_python_task_decorator.py
[2025-11-10T14:50:35.083+0000] {processor.py:840} INFO - DAG(s) 'dags_python_task_Decorator' retrieved from /opt/airflow/dags/dags_python_task_decorator.py
[2025-11-10T14:50:35.110+0000] {logging_mixin.py:188} INFO - [2025-11-10T14:50:35.109+0000] {dag.py:3036} INFO - Sync 1 DAGs
[2025-11-10T14:50:35.139+0000] {logging_mixin.py:188} INFO - [2025-11-10T14:50:35.139+0000] {dag.py:3823} INFO - Setting next_dagrun for dags_python_task_Decorator to 2025-11-09 17:00:00+00:00, run_after=2025-11-16 17:00:00+00:00
[2025-11-10T14:50:35.171+0000] {processor.py:183} INFO - Processing /opt/airflow/dags/dags_python_task_decorator.py took 0.119 seconds
[2025-11-10T14:51:05.750+0000] {processor.py:161} INFO - Started process (PID=49267) to work on /opt/airflow/dags/dags_python_task_decorator.py
[2025-11-10T14:51:05.752+0000] {processor.py:830} INFO - Processing file /opt/airflow/dags/dags_python_task_decorator.py for tasks to queue
[2025-11-10T14:51:05.753+0000] {logging_mixin.py:188} INFO - [2025-11-10T14:51:05.753+0000] {dagbag.py:538} INFO - Filling up the DagBag from /opt/airflow/dags/dags_python_task_decorator.py
[2025-11-10T14:51:05.779+0000] {processor.py:840} INFO - DAG(s) 'dags_python_task_Decorator' retrieved from /opt/airflow/dags/dags_python_task_decorator.py
[2025-11-10T14:51:05.810+0000] {logging_mixin.py:188} INFO - [2025-11-10T14:51:05.810+0000] {dag.py:3036} INFO - Sync 1 DAGs
[2025-11-10T14:51:05.840+0000] {logging_mixin.py:188} INFO - [2025-11-10T14:51:05.840+0000] {dag.py:3823} INFO - Setting next_dagrun for dags_python_task_Decorator to 2025-11-09 17:00:00+00:00, run_after=2025-11-16 17:00:00+00:00
[2025-11-10T14:51:05.873+0000] {processor.py:183} INFO - Processing /opt/airflow/dags/dags_python_task_decorator.py took 0.129 seconds
[2025-11-10T14:51:36.071+0000] {processor.py:161} INFO - Started process (PID=49326) to work on /opt/airflow/dags/dags_python_task_decorator.py
[2025-11-10T14:51:36.073+0000] {processor.py:830} INFO - Processing file /opt/airflow/dags/dags_python_task_decorator.py for tasks to queue
[2025-11-10T14:51:36.075+0000] {logging_mixin.py:188} INFO - [2025-11-10T14:51:36.074+0000] {dagbag.py:538} INFO - Filling up the DagBag from /opt/airflow/dags/dags_python_task_decorator.py
[2025-11-10T14:51:36.102+0000] {processor.py:840} INFO - DAG(s) 'dags_python_task_Decorator' retrieved from /opt/airflow/dags/dags_python_task_decorator.py
[2025-11-10T14:51:36.130+0000] {logging_mixin.py:188} INFO - [2025-11-10T14:51:36.130+0000] {dag.py:3036} INFO - Sync 1 DAGs
[2025-11-10T14:51:36.159+0000] {logging_mixin.py:188} INFO - [2025-11-10T14:51:36.159+0000] {dag.py:3823} INFO - Setting next_dagrun for dags_python_task_Decorator to 2025-11-09 17:00:00+00:00, run_after=2025-11-16 17:00:00+00:00
[2025-11-10T14:51:36.185+0000] {processor.py:183} INFO - Processing /opt/airflow/dags/dags_python_task_decorator.py took 0.120 seconds
[2025-11-10T14:52:06.318+0000] {processor.py:161} INFO - Started process (PID=49385) to work on /opt/airflow/dags/dags_python_task_decorator.py
[2025-11-10T14:52:06.319+0000] {processor.py:830} INFO - Processing file /opt/airflow/dags/dags_python_task_decorator.py for tasks to queue
[2025-11-10T14:52:06.322+0000] {logging_mixin.py:188} INFO - [2025-11-10T14:52:06.321+0000] {dagbag.py:538} INFO - Filling up the DagBag from /opt/airflow/dags/dags_python_task_decorator.py
[2025-11-10T14:52:06.369+0000] {processor.py:840} INFO - DAG(s) 'dags_python_task_Decorator' retrieved from /opt/airflow/dags/dags_python_task_decorator.py
[2025-11-10T14:52:06.414+0000] {logging_mixin.py:188} INFO - [2025-11-10T14:52:06.414+0000] {dag.py:3036} INFO - Sync 1 DAGs
[2025-11-10T14:52:06.468+0000] {logging_mixin.py:188} INFO - [2025-11-10T14:52:06.468+0000] {dag.py:3823} INFO - Setting next_dagrun for dags_python_task_Decorator to 2025-11-09 17:00:00+00:00, run_after=2025-11-16 17:00:00+00:00
[2025-11-10T14:52:06.505+0000] {processor.py:183} INFO - Processing /opt/airflow/dags/dags_python_task_decorator.py took 0.195 seconds
[2025-11-10T14:52:36.923+0000] {processor.py:161} INFO - Started process (PID=49444) to work on /opt/airflow/dags/dags_python_task_decorator.py
[2025-11-10T14:52:36.925+0000] {processor.py:830} INFO - Processing file /opt/airflow/dags/dags_python_task_decorator.py for tasks to queue
[2025-11-10T14:52:36.927+0000] {logging_mixin.py:188} INFO - [2025-11-10T14:52:36.926+0000] {dagbag.py:538} INFO - Filling up the DagBag from /opt/airflow/dags/dags_python_task_decorator.py
[2025-11-10T14:52:36.955+0000] {processor.py:840} INFO - DAG(s) 'dags_python_task_Decorator' retrieved from /opt/airflow/dags/dags_python_task_decorator.py
[2025-11-10T14:52:36.983+0000] {logging_mixin.py:188} INFO - [2025-11-10T14:52:36.983+0000] {dag.py:3036} INFO - Sync 1 DAGs
[2025-11-10T14:52:37.014+0000] {logging_mixin.py:188} INFO - [2025-11-10T14:52:37.013+0000] {dag.py:3823} INFO - Setting next_dagrun for dags_python_task_Decorator to 2025-11-09 17:00:00+00:00, run_after=2025-11-16 17:00:00+00:00
[2025-11-10T14:52:37.044+0000] {processor.py:183} INFO - Processing /opt/airflow/dags/dags_python_task_decorator.py took 0.126 seconds
[2025-11-10T14:53:07.339+0000] {processor.py:161} INFO - Started process (PID=49503) to work on /opt/airflow/dags/dags_python_task_decorator.py
[2025-11-10T14:53:07.340+0000] {processor.py:830} INFO - Processing file /opt/airflow/dags/dags_python_task_decorator.py for tasks to queue
[2025-11-10T14:53:07.345+0000] {logging_mixin.py:188} INFO - [2025-11-10T14:53:07.344+0000] {dagbag.py:538} INFO - Filling up the DagBag from /opt/airflow/dags/dags_python_task_decorator.py
[2025-11-10T14:53:07.368+0000] {processor.py:840} INFO - DAG(s) 'dags_python_task_Decorator' retrieved from /opt/airflow/dags/dags_python_task_decorator.py
[2025-11-10T14:53:07.395+0000] {logging_mixin.py:188} INFO - [2025-11-10T14:53:07.395+0000] {dag.py:3036} INFO - Sync 1 DAGs
[2025-11-10T14:53:07.423+0000] {logging_mixin.py:188} INFO - [2025-11-10T14:53:07.423+0000] {dag.py:3823} INFO - Setting next_dagrun for dags_python_task_Decorator to 2025-11-09 17:00:00+00:00, run_after=2025-11-16 17:00:00+00:00
[2025-11-10T14:53:07.452+0000] {processor.py:183} INFO - Processing /opt/airflow/dags/dags_python_task_decorator.py took 0.117 seconds
[2025-11-10T14:53:37.743+0000] {processor.py:161} INFO - Started process (PID=49562) to work on /opt/airflow/dags/dags_python_task_decorator.py
[2025-11-10T14:53:37.747+0000] {processor.py:830} INFO - Processing file /opt/airflow/dags/dags_python_task_decorator.py for tasks to queue
[2025-11-10T14:53:37.750+0000] {logging_mixin.py:188} INFO - [2025-11-10T14:53:37.750+0000] {dagbag.py:538} INFO - Filling up the DagBag from /opt/airflow/dags/dags_python_task_decorator.py
[2025-11-10T14:53:37.812+0000] {processor.py:840} INFO - DAG(s) 'dags_python_task_Decorator' retrieved from /opt/airflow/dags/dags_python_task_decorator.py
[2025-11-10T14:53:37.866+0000] {logging_mixin.py:188} INFO - [2025-11-10T14:53:37.866+0000] {dag.py:3036} INFO - Sync 1 DAGs
[2025-11-10T14:53:37.951+0000] {logging_mixin.py:188} INFO - [2025-11-10T14:53:37.950+0000] {dag.py:3823} INFO - Setting next_dagrun for dags_python_task_Decorator to 2025-11-09 17:00:00+00:00, run_after=2025-11-16 17:00:00+00:00
[2025-11-10T14:53:38.017+0000] {processor.py:183} INFO - Processing /opt/airflow/dags/dags_python_task_decorator.py took 0.281 seconds
[2025-11-10T14:54:08.292+0000] {processor.py:161} INFO - Started process (PID=49621) to work on /opt/airflow/dags/dags_python_task_decorator.py
[2025-11-10T14:54:08.294+0000] {processor.py:830} INFO - Processing file /opt/airflow/dags/dags_python_task_decorator.py for tasks to queue
[2025-11-10T14:54:08.295+0000] {logging_mixin.py:188} INFO - [2025-11-10T14:54:08.295+0000] {dagbag.py:538} INFO - Filling up the DagBag from /opt/airflow/dags/dags_python_task_decorator.py
[2025-11-10T14:54:08.320+0000] {processor.py:840} INFO - DAG(s) 'dags_python_task_Decorator' retrieved from /opt/airflow/dags/dags_python_task_decorator.py
[2025-11-10T14:54:08.350+0000] {logging_mixin.py:188} INFO - [2025-11-10T14:54:08.350+0000] {dag.py:3036} INFO - Sync 1 DAGs
[2025-11-10T14:54:08.387+0000] {logging_mixin.py:188} INFO - [2025-11-10T14:54:08.386+0000] {dag.py:3823} INFO - Setting next_dagrun for dags_python_task_Decorator to 2025-11-09 17:00:00+00:00, run_after=2025-11-16 17:00:00+00:00
[2025-11-10T14:54:08.416+0000] {processor.py:183} INFO - Processing /opt/airflow/dags/dags_python_task_decorator.py took 0.129 seconds
[2025-11-10T14:54:38.630+0000] {processor.py:161} INFO - Started process (PID=49680) to work on /opt/airflow/dags/dags_python_task_decorator.py
[2025-11-10T14:54:38.632+0000] {processor.py:830} INFO - Processing file /opt/airflow/dags/dags_python_task_decorator.py for tasks to queue
[2025-11-10T14:54:38.634+0000] {logging_mixin.py:188} INFO - [2025-11-10T14:54:38.634+0000] {dagbag.py:538} INFO - Filling up the DagBag from /opt/airflow/dags/dags_python_task_decorator.py
[2025-11-10T14:54:38.673+0000] {processor.py:840} INFO - DAG(s) 'dags_python_task_Decorator' retrieved from /opt/airflow/dags/dags_python_task_decorator.py
[2025-11-10T14:54:38.711+0000] {logging_mixin.py:188} INFO - [2025-11-10T14:54:38.710+0000] {dag.py:3036} INFO - Sync 1 DAGs
[2025-11-10T14:54:38.751+0000] {logging_mixin.py:188} INFO - [2025-11-10T14:54:38.750+0000] {dag.py:3823} INFO - Setting next_dagrun for dags_python_task_Decorator to 2025-11-09 17:00:00+00:00, run_after=2025-11-16 17:00:00+00:00
[2025-11-10T14:54:38.783+0000] {processor.py:183} INFO - Processing /opt/airflow/dags/dags_python_task_decorator.py took 0.159 seconds
[2025-11-10T14:55:09.473+0000] {processor.py:161} INFO - Started process (PID=49739) to work on /opt/airflow/dags/dags_python_task_decorator.py
[2025-11-10T14:55:09.475+0000] {processor.py:830} INFO - Processing file /opt/airflow/dags/dags_python_task_decorator.py for tasks to queue
[2025-11-10T14:55:09.476+0000] {logging_mixin.py:188} INFO - [2025-11-10T14:55:09.476+0000] {dagbag.py:538} INFO - Filling up the DagBag from /opt/airflow/dags/dags_python_task_decorator.py
[2025-11-10T14:55:09.502+0000] {processor.py:840} INFO - DAG(s) 'dags_python_task_Decorator' retrieved from /opt/airflow/dags/dags_python_task_decorator.py
[2025-11-10T14:55:09.529+0000] {logging_mixin.py:188} INFO - [2025-11-10T14:55:09.528+0000] {dag.py:3036} INFO - Sync 1 DAGs
[2025-11-10T14:55:09.557+0000] {logging_mixin.py:188} INFO - [2025-11-10T14:55:09.557+0000] {dag.py:3823} INFO - Setting next_dagrun for dags_python_task_Decorator to 2025-11-09 17:00:00+00:00, run_after=2025-11-16 17:00:00+00:00
[2025-11-10T14:55:09.582+0000] {processor.py:183} INFO - Processing /opt/airflow/dags/dags_python_task_decorator.py took 0.114 seconds
[2025-11-10T14:55:39.932+0000] {processor.py:161} INFO - Started process (PID=49798) to work on /opt/airflow/dags/dags_python_task_decorator.py
[2025-11-10T14:55:39.934+0000] {processor.py:830} INFO - Processing file /opt/airflow/dags/dags_python_task_decorator.py for tasks to queue
[2025-11-10T14:55:39.936+0000] {logging_mixin.py:188} INFO - [2025-11-10T14:55:39.935+0000] {dagbag.py:538} INFO - Filling up the DagBag from /opt/airflow/dags/dags_python_task_decorator.py
[2025-11-10T14:55:39.959+0000] {processor.py:840} INFO - DAG(s) 'dags_python_task_Decorator' retrieved from /opt/airflow/dags/dags_python_task_decorator.py
[2025-11-10T14:55:39.993+0000] {logging_mixin.py:188} INFO - [2025-11-10T14:55:39.993+0000] {dag.py:3036} INFO - Sync 1 DAGs
[2025-11-10T14:55:40.026+0000] {logging_mixin.py:188} INFO - [2025-11-10T14:55:40.026+0000] {dag.py:3823} INFO - Setting next_dagrun for dags_python_task_Decorator to 2025-11-09 17:00:00+00:00, run_after=2025-11-16 17:00:00+00:00
[2025-11-10T14:55:40.056+0000] {processor.py:183} INFO - Processing /opt/airflow/dags/dags_python_task_decorator.py took 0.129 seconds
[2025-11-10T14:56:10.484+0000] {processor.py:161} INFO - Started process (PID=49857) to work on /opt/airflow/dags/dags_python_task_decorator.py
[2025-11-10T14:56:10.485+0000] {processor.py:830} INFO - Processing file /opt/airflow/dags/dags_python_task_decorator.py for tasks to queue
[2025-11-10T14:56:10.487+0000] {logging_mixin.py:188} INFO - [2025-11-10T14:56:10.487+0000] {dagbag.py:538} INFO - Filling up the DagBag from /opt/airflow/dags/dags_python_task_decorator.py
[2025-11-10T14:56:10.514+0000] {processor.py:840} INFO - DAG(s) 'dags_python_task_Decorator' retrieved from /opt/airflow/dags/dags_python_task_decorator.py
[2025-11-10T14:56:10.544+0000] {logging_mixin.py:188} INFO - [2025-11-10T14:56:10.544+0000] {dag.py:3036} INFO - Sync 1 DAGs
[2025-11-10T14:56:10.576+0000] {logging_mixin.py:188} INFO - [2025-11-10T14:56:10.575+0000] {dag.py:3823} INFO - Setting next_dagrun for dags_python_task_Decorator to 2025-11-09 17:00:00+00:00, run_after=2025-11-16 17:00:00+00:00
[2025-11-10T14:56:10.610+0000] {processor.py:183} INFO - Processing /opt/airflow/dags/dags_python_task_decorator.py took 0.132 seconds
[2025-11-10T14:56:40.906+0000] {processor.py:161} INFO - Started process (PID=49917) to work on /opt/airflow/dags/dags_python_task_decorator.py
[2025-11-10T14:56:40.909+0000] {processor.py:830} INFO - Processing file /opt/airflow/dags/dags_python_task_decorator.py for tasks to queue
[2025-11-10T14:56:40.922+0000] {logging_mixin.py:188} INFO - [2025-11-10T14:56:40.921+0000] {dagbag.py:538} INFO - Filling up the DagBag from /opt/airflow/dags/dags_python_task_decorator.py
[2025-11-10T14:56:41.022+0000] {processor.py:840} INFO - DAG(s) 'dags_python_task_Decorator' retrieved from /opt/airflow/dags/dags_python_task_decorator.py
[2025-11-10T14:56:41.112+0000] {logging_mixin.py:188} INFO - [2025-11-10T14:56:41.111+0000] {dag.py:3036} INFO - Sync 1 DAGs
[2025-11-10T14:56:41.197+0000] {logging_mixin.py:188} INFO - [2025-11-10T14:56:41.197+0000] {dag.py:3823} INFO - Setting next_dagrun for dags_python_task_Decorator to 2025-11-09 17:00:00+00:00, run_after=2025-11-16 17:00:00+00:00
[2025-11-10T14:56:41.254+0000] {processor.py:183} INFO - Processing /opt/airflow/dags/dags_python_task_decorator.py took 0.360 seconds
[2025-11-10T14:57:12.126+0000] {processor.py:161} INFO - Started process (PID=49976) to work on /opt/airflow/dags/dags_python_task_decorator.py
[2025-11-10T14:57:12.128+0000] {processor.py:830} INFO - Processing file /opt/airflow/dags/dags_python_task_decorator.py for tasks to queue
[2025-11-10T14:57:12.129+0000] {logging_mixin.py:188} INFO - [2025-11-10T14:57:12.129+0000] {dagbag.py:538} INFO - Filling up the DagBag from /opt/airflow/dags/dags_python_task_decorator.py
[2025-11-10T14:57:12.158+0000] {processor.py:840} INFO - DAG(s) 'dags_python_task_Decorator' retrieved from /opt/airflow/dags/dags_python_task_decorator.py
[2025-11-10T14:57:12.187+0000] {logging_mixin.py:188} INFO - [2025-11-10T14:57:12.186+0000] {dag.py:3036} INFO - Sync 1 DAGs
[2025-11-10T14:57:12.220+0000] {logging_mixin.py:188} INFO - [2025-11-10T14:57:12.219+0000] {dag.py:3823} INFO - Setting next_dagrun for dags_python_task_Decorator to 2025-11-09 17:00:00+00:00, run_after=2025-11-16 17:00:00+00:00
[2025-11-10T14:57:12.252+0000] {processor.py:183} INFO - Processing /opt/airflow/dags/dags_python_task_decorator.py took 0.130 seconds
[2025-11-10T14:57:42.394+0000] {processor.py:161} INFO - Started process (PID=50035) to work on /opt/airflow/dags/dags_python_task_decorator.py
[2025-11-10T14:57:42.395+0000] {processor.py:830} INFO - Processing file /opt/airflow/dags/dags_python_task_decorator.py for tasks to queue
[2025-11-10T14:57:42.396+0000] {logging_mixin.py:188} INFO - [2025-11-10T14:57:42.396+0000] {dagbag.py:538} INFO - Filling up the DagBag from /opt/airflow/dags/dags_python_task_decorator.py
[2025-11-10T14:57:42.418+0000] {processor.py:840} INFO - DAG(s) 'dags_python_task_Decorator' retrieved from /opt/airflow/dags/dags_python_task_decorator.py
[2025-11-10T14:57:42.444+0000] {logging_mixin.py:188} INFO - [2025-11-10T14:57:42.444+0000] {dag.py:3036} INFO - Sync 1 DAGs
[2025-11-10T14:57:42.478+0000] {logging_mixin.py:188} INFO - [2025-11-10T14:57:42.478+0000] {dag.py:3823} INFO - Setting next_dagrun for dags_python_task_Decorator to 2025-11-09 17:00:00+00:00, run_after=2025-11-16 17:00:00+00:00
[2025-11-10T14:57:42.513+0000] {processor.py:183} INFO - Processing /opt/airflow/dags/dags_python_task_decorator.py took 0.124 seconds
[2025-11-10T14:58:12.727+0000] {processor.py:161} INFO - Started process (PID=50095) to work on /opt/airflow/dags/dags_python_task_decorator.py
[2025-11-10T14:58:12.729+0000] {processor.py:830} INFO - Processing file /opt/airflow/dags/dags_python_task_decorator.py for tasks to queue
[2025-11-10T14:58:12.730+0000] {logging_mixin.py:188} INFO - [2025-11-10T14:58:12.730+0000] {dagbag.py:538} INFO - Filling up the DagBag from /opt/airflow/dags/dags_python_task_decorator.py
[2025-11-10T14:58:12.753+0000] {processor.py:840} INFO - DAG(s) 'dags_python_task_Decorator' retrieved from /opt/airflow/dags/dags_python_task_decorator.py
[2025-11-10T14:58:12.781+0000] {logging_mixin.py:188} INFO - [2025-11-10T14:58:12.780+0000] {dag.py:3036} INFO - Sync 1 DAGs
[2025-11-10T14:58:12.829+0000] {logging_mixin.py:188} INFO - [2025-11-10T14:58:12.820+0000] {dag.py:3823} INFO - Setting next_dagrun for dags_python_task_Decorator to 2025-11-09 17:00:00+00:00, run_after=2025-11-16 17:00:00+00:00
[2025-11-10T14:58:12.870+0000] {processor.py:183} INFO - Processing /opt/airflow/dags/dags_python_task_decorator.py took 0.147 seconds
[2025-11-10T14:58:43.063+0000] {processor.py:161} INFO - Started process (PID=50154) to work on /opt/airflow/dags/dags_python_task_decorator.py
[2025-11-10T14:58:43.065+0000] {processor.py:830} INFO - Processing file /opt/airflow/dags/dags_python_task_decorator.py for tasks to queue
[2025-11-10T14:58:43.066+0000] {logging_mixin.py:188} INFO - [2025-11-10T14:58:43.066+0000] {dagbag.py:538} INFO - Filling up the DagBag from /opt/airflow/dags/dags_python_task_decorator.py
[2025-11-10T14:58:43.095+0000] {processor.py:840} INFO - DAG(s) 'dags_python_task_Decorator' retrieved from /opt/airflow/dags/dags_python_task_decorator.py
[2025-11-10T14:58:43.124+0000] {logging_mixin.py:188} INFO - [2025-11-10T14:58:43.124+0000] {dag.py:3036} INFO - Sync 1 DAGs
[2025-11-10T14:58:43.156+0000] {logging_mixin.py:188} INFO - [2025-11-10T14:58:43.156+0000] {dag.py:3823} INFO - Setting next_dagrun for dags_python_task_Decorator to 2025-11-09 17:00:00+00:00, run_after=2025-11-16 17:00:00+00:00
[2025-11-10T14:58:43.185+0000] {processor.py:183} INFO - Processing /opt/airflow/dags/dags_python_task_decorator.py took 0.127 seconds
[2025-11-10T14:59:13.339+0000] {processor.py:161} INFO - Started process (PID=50213) to work on /opt/airflow/dags/dags_python_task_decorator.py
[2025-11-10T14:59:13.341+0000] {processor.py:830} INFO - Processing file /opt/airflow/dags/dags_python_task_decorator.py for tasks to queue
[2025-11-10T14:59:13.343+0000] {logging_mixin.py:188} INFO - [2025-11-10T14:59:13.342+0000] {dagbag.py:538} INFO - Filling up the DagBag from /opt/airflow/dags/dags_python_task_decorator.py
[2025-11-10T14:59:13.374+0000] {processor.py:840} INFO - DAG(s) 'dags_python_task_Decorator' retrieved from /opt/airflow/dags/dags_python_task_decorator.py
[2025-11-10T14:59:13.413+0000] {logging_mixin.py:188} INFO - [2025-11-10T14:59:13.412+0000] {dag.py:3036} INFO - Sync 1 DAGs
[2025-11-10T14:59:13.454+0000] {logging_mixin.py:188} INFO - [2025-11-10T14:59:13.454+0000] {dag.py:3823} INFO - Setting next_dagrun for dags_python_task_Decorator to 2025-11-09 17:00:00+00:00, run_after=2025-11-16 17:00:00+00:00
[2025-11-10T14:59:13.492+0000] {processor.py:183} INFO - Processing /opt/airflow/dags/dags_python_task_decorator.py took 0.161 seconds
[2025-11-10T14:59:43.879+0000] {processor.py:161} INFO - Started process (PID=50272) to work on /opt/airflow/dags/dags_python_task_decorator.py
[2025-11-10T14:59:43.881+0000] {processor.py:830} INFO - Processing file /opt/airflow/dags/dags_python_task_decorator.py for tasks to queue
[2025-11-10T14:59:43.884+0000] {logging_mixin.py:188} INFO - [2025-11-10T14:59:43.883+0000] {dagbag.py:538} INFO - Filling up the DagBag from /opt/airflow/dags/dags_python_task_decorator.py
[2025-11-10T14:59:44.033+0000] {processor.py:840} INFO - DAG(s) 'dags_python_task_Decorator' retrieved from /opt/airflow/dags/dags_python_task_decorator.py
[2025-11-10T14:59:44.155+0000] {logging_mixin.py:188} INFO - [2025-11-10T14:59:44.154+0000] {dag.py:3036} INFO - Sync 1 DAGs
[2025-11-10T14:59:44.303+0000] {logging_mixin.py:188} INFO - [2025-11-10T14:59:44.303+0000] {dag.py:3823} INFO - Setting next_dagrun for dags_python_task_Decorator to 2025-11-09 17:00:00+00:00, run_after=2025-11-16 17:00:00+00:00
[2025-11-10T17:59:46.972+0000] {processor.py:183} INFO - Processing /opt/airflow/dags/dags_python_task_decorator.py took 0.606 seconds
[2025-11-10T22:57:37.431+0000] {processor.py:161} INFO - Started process (PID=50278) to work on /opt/airflow/dags/dags_python_task_decorator.py
[2025-11-10T22:57:37.477+0000] {processor.py:830} INFO - Processing file /opt/airflow/dags/dags_python_task_decorator.py for tasks to queue
[2025-11-10T22:57:37.484+0000] {logging_mixin.py:188} INFO - [2025-11-10T22:57:37.483+0000] {dagbag.py:538} INFO - Filling up the DagBag from /opt/airflow/dags/dags_python_task_decorator.py
[2025-11-10T22:57:37.668+0000] {processor.py:840} INFO - DAG(s) 'dags_python_task_Decorator' retrieved from /opt/airflow/dags/dags_python_task_decorator.py
[2025-11-10T22:57:38.478+0000] {logging_mixin.py:188} INFO - [2025-11-10T22:57:38.477+0000] {dag.py:3036} INFO - Sync 1 DAGs
[2025-11-10T22:57:38.648+0000] {logging_mixin.py:188} INFO - [2025-11-10T22:57:38.647+0000] {dag.py:3823} INFO - Setting next_dagrun for dags_python_task_Decorator to 2025-11-09 17:00:00+00:00, run_after=2025-11-16 17:00:00+00:00
[2025-11-10T22:57:38.769+0000] {processor.py:183} INFO - Processing /opt/airflow/dags/dags_python_task_decorator.py took 1.356 seconds
[2025-11-10T22:58:09.500+0000] {processor.py:161} INFO - Started process (PID=50337) to work on /opt/airflow/dags/dags_python_task_decorator.py
[2025-11-10T22:58:09.504+0000] {processor.py:830} INFO - Processing file /opt/airflow/dags/dags_python_task_decorator.py for tasks to queue
[2025-11-10T22:58:09.518+0000] {logging_mixin.py:188} INFO - [2025-11-10T22:58:09.508+0000] {dagbag.py:538} INFO - Filling up the DagBag from /opt/airflow/dags/dags_python_task_decorator.py
[2025-11-10T22:58:09.756+0000] {processor.py:840} INFO - DAG(s) 'dags_python_task_Decorator' retrieved from /opt/airflow/dags/dags_python_task_decorator.py
[2025-11-10T22:58:09.865+0000] {logging_mixin.py:188} INFO - [2025-11-10T22:58:09.865+0000] {dag.py:3036} INFO - Sync 1 DAGs
[2025-11-10T22:58:10.011+0000] {logging_mixin.py:188} INFO - [2025-11-10T22:58:10.010+0000] {dag.py:3823} INFO - Setting next_dagrun for dags_python_task_Decorator to 2025-11-09 17:00:00+00:00, run_after=2025-11-16 17:00:00+00:00
[2025-11-10T22:58:10.179+0000] {processor.py:183} INFO - Processing /opt/airflow/dags/dags_python_task_decorator.py took 0.705 seconds
[2025-11-10T22:58:40.831+0000] {processor.py:161} INFO - Started process (PID=50396) to work on /opt/airflow/dags/dags_python_task_decorator.py
[2025-11-10T22:58:40.848+0000] {processor.py:830} INFO - Processing file /opt/airflow/dags/dags_python_task_decorator.py for tasks to queue
[2025-11-10T22:58:40.861+0000] {logging_mixin.py:188} INFO - [2025-11-10T22:58:40.854+0000] {dagbag.py:538} INFO - Filling up the DagBag from /opt/airflow/dags/dags_python_task_decorator.py
[2025-11-10T22:58:41.035+0000] {processor.py:840} INFO - DAG(s) 'dags_python_task_Decorator' retrieved from /opt/airflow/dags/dags_python_task_decorator.py
[2025-11-10T22:58:41.169+0000] {logging_mixin.py:188} INFO - [2025-11-10T22:58:41.162+0000] {dag.py:3036} INFO - Sync 1 DAGs
[2025-11-10T22:58:41.354+0000] {logging_mixin.py:188} INFO - [2025-11-10T22:58:41.353+0000] {dag.py:3823} INFO - Setting next_dagrun for dags_python_task_Decorator to 2025-11-09 17:00:00+00:00, run_after=2025-11-16 17:00:00+00:00
[2025-11-10T22:58:41.514+0000] {processor.py:183} INFO - Processing /opt/airflow/dags/dags_python_task_decorator.py took 0.707 seconds
[2025-11-10T22:59:12.177+0000] {processor.py:161} INFO - Started process (PID=50455) to work on /opt/airflow/dags/dags_python_task_decorator.py
[2025-11-10T22:59:12.184+0000] {processor.py:830} INFO - Processing file /opt/airflow/dags/dags_python_task_decorator.py for tasks to queue
[2025-11-10T22:59:12.194+0000] {logging_mixin.py:188} INFO - [2025-11-10T22:59:12.193+0000] {dagbag.py:538} INFO - Filling up the DagBag from /opt/airflow/dags/dags_python_task_decorator.py
[2025-11-10T22:59:12.353+0000] {processor.py:840} INFO - DAG(s) 'dags_python_task_Decorator' retrieved from /opt/airflow/dags/dags_python_task_decorator.py
[2025-11-10T22:59:12.504+0000] {logging_mixin.py:188} INFO - [2025-11-10T22:59:12.503+0000] {dag.py:3036} INFO - Sync 1 DAGs
[2025-11-10T22:59:12.758+0000] {logging_mixin.py:188} INFO - [2025-11-10T22:59:12.747+0000] {dag.py:3823} INFO - Setting next_dagrun for dags_python_task_Decorator to 2025-11-09 17:00:00+00:00, run_after=2025-11-16 17:00:00+00:00
[2025-11-10T22:59:12.941+0000] {processor.py:183} INFO - Processing /opt/airflow/dags/dags_python_task_decorator.py took 0.784 seconds
[2025-11-10T22:59:43.189+0000] {processor.py:161} INFO - Started process (PID=50514) to work on /opt/airflow/dags/dags_python_task_decorator.py
[2025-11-10T22:59:43.193+0000] {processor.py:830} INFO - Processing file /opt/airflow/dags/dags_python_task_decorator.py for tasks to queue
[2025-11-10T22:59:43.199+0000] {logging_mixin.py:188} INFO - [2025-11-10T22:59:43.198+0000] {dagbag.py:538} INFO - Filling up the DagBag from /opt/airflow/dags/dags_python_task_decorator.py
[2025-11-10T22:59:43.291+0000] {processor.py:840} INFO - DAG(s) 'dags_python_task_Decorator' retrieved from /opt/airflow/dags/dags_python_task_decorator.py
[2025-11-10T22:59:43.412+0000] {logging_mixin.py:188} INFO - [2025-11-10T22:59:43.401+0000] {dag.py:3036} INFO - Sync 1 DAGs
[2025-11-10T22:59:43.546+0000] {logging_mixin.py:188} INFO - [2025-11-10T22:59:43.546+0000] {dag.py:3823} INFO - Setting next_dagrun for dags_python_task_Decorator to 2025-11-09 17:00:00+00:00, run_after=2025-11-16 17:00:00+00:00
[2025-11-10T22:59:43.632+0000] {processor.py:183} INFO - Processing /opt/airflow/dags/dags_python_task_decorator.py took 0.466 seconds
[2025-11-10T23:00:14.181+0000] {processor.py:161} INFO - Started process (PID=50572) to work on /opt/airflow/dags/dags_python_task_decorator.py
[2025-11-10T23:00:14.184+0000] {processor.py:830} INFO - Processing file /opt/airflow/dags/dags_python_task_decorator.py for tasks to queue
[2025-11-10T23:00:14.187+0000] {logging_mixin.py:188} INFO - [2025-11-10T23:00:14.186+0000] {dagbag.py:538} INFO - Filling up the DagBag from /opt/airflow/dags/dags_python_task_decorator.py
[2025-11-10T23:00:14.227+0000] {processor.py:840} INFO - DAG(s) 'dags_python_task_Decorator' retrieved from /opt/airflow/dags/dags_python_task_decorator.py
[2025-11-10T23:00:14.276+0000] {logging_mixin.py:188} INFO - [2025-11-10T23:00:14.275+0000] {dag.py:3036} INFO - Sync 1 DAGs
[2025-11-10T23:00:14.337+0000] {logging_mixin.py:188} INFO - [2025-11-10T23:00:14.336+0000] {dag.py:3823} INFO - Setting next_dagrun for dags_python_task_Decorator to 2025-11-09 17:00:00+00:00, run_after=2025-11-16 17:00:00+00:00
[2025-11-10T23:00:14.411+0000] {processor.py:183} INFO - Processing /opt/airflow/dags/dags_python_task_decorator.py took 0.238 seconds
[2025-11-10T23:00:44.610+0000] {processor.py:161} INFO - Started process (PID=50631) to work on /opt/airflow/dags/dags_python_task_decorator.py
[2025-11-10T23:00:44.613+0000] {processor.py:830} INFO - Processing file /opt/airflow/dags/dags_python_task_decorator.py for tasks to queue
[2025-11-10T23:00:44.621+0000] {logging_mixin.py:188} INFO - [2025-11-10T23:00:44.620+0000] {dagbag.py:538} INFO - Filling up the DagBag from /opt/airflow/dags/dags_python_task_decorator.py
[2025-11-10T23:00:44.672+0000] {processor.py:840} INFO - DAG(s) 'dags_python_task_Decorator' retrieved from /opt/airflow/dags/dags_python_task_decorator.py
[2025-11-10T23:00:44.736+0000] {logging_mixin.py:188} INFO - [2025-11-10T23:00:44.735+0000] {dag.py:3036} INFO - Sync 1 DAGs
[2025-11-10T23:00:44.801+0000] {logging_mixin.py:188} INFO - [2025-11-10T23:00:44.800+0000] {dag.py:3823} INFO - Setting next_dagrun for dags_python_task_Decorator to 2025-11-09 17:00:00+00:00, run_after=2025-11-16 17:00:00+00:00
[2025-11-10T23:00:44.854+0000] {processor.py:183} INFO - Processing /opt/airflow/dags/dags_python_task_decorator.py took 0.263 seconds
[2025-11-10T23:01:15.002+0000] {processor.py:161} INFO - Started process (PID=50690) to work on /opt/airflow/dags/dags_python_task_decorator.py
[2025-11-10T23:01:15.003+0000] {processor.py:830} INFO - Processing file /opt/airflow/dags/dags_python_task_decorator.py for tasks to queue
[2025-11-10T23:01:15.005+0000] {logging_mixin.py:188} INFO - [2025-11-10T23:01:15.004+0000] {dagbag.py:538} INFO - Filling up the DagBag from /opt/airflow/dags/dags_python_task_decorator.py
[2025-11-10T23:01:15.030+0000] {processor.py:840} INFO - DAG(s) 'dags_python_task_Decorator' retrieved from /opt/airflow/dags/dags_python_task_decorator.py
[2025-11-10T23:01:15.059+0000] {logging_mixin.py:188} INFO - [2025-11-10T23:01:15.058+0000] {dag.py:3036} INFO - Sync 1 DAGs
[2025-11-10T23:01:15.096+0000] {logging_mixin.py:188} INFO - [2025-11-10T23:01:15.096+0000] {dag.py:3823} INFO - Setting next_dagrun for dags_python_task_Decorator to 2025-11-09 17:00:00+00:00, run_after=2025-11-16 17:00:00+00:00
[2025-11-10T23:01:15.126+0000] {processor.py:183} INFO - Processing /opt/airflow/dags/dags_python_task_decorator.py took 0.129 seconds
[2025-11-10T23:01:45.541+0000] {processor.py:161} INFO - Started process (PID=50749) to work on /opt/airflow/dags/dags_python_task_decorator.py
[2025-11-10T23:01:45.543+0000] {processor.py:830} INFO - Processing file /opt/airflow/dags/dags_python_task_decorator.py for tasks to queue
[2025-11-10T23:01:45.545+0000] {logging_mixin.py:188} INFO - [2025-11-10T23:01:45.544+0000] {dagbag.py:538} INFO - Filling up the DagBag from /opt/airflow/dags/dags_python_task_decorator.py
[2025-11-10T23:01:45.571+0000] {processor.py:840} INFO - DAG(s) 'dags_python_task_Decorator' retrieved from /opt/airflow/dags/dags_python_task_decorator.py
[2025-11-10T23:01:45.602+0000] {logging_mixin.py:188} INFO - [2025-11-10T23:01:45.601+0000] {dag.py:3036} INFO - Sync 1 DAGs
[2025-11-10T23:01:45.634+0000] {logging_mixin.py:188} INFO - [2025-11-10T23:01:45.634+0000] {dag.py:3823} INFO - Setting next_dagrun for dags_python_task_Decorator to 2025-11-09 17:00:00+00:00, run_after=2025-11-16 17:00:00+00:00
[2025-11-10T23:01:45.670+0000] {processor.py:183} INFO - Processing /opt/airflow/dags/dags_python_task_decorator.py took 0.133 seconds
[2025-11-10T23:02:16.013+0000] {processor.py:161} INFO - Started process (PID=50809) to work on /opt/airflow/dags/dags_python_task_decorator.py
[2025-11-10T23:02:16.016+0000] {processor.py:830} INFO - Processing file /opt/airflow/dags/dags_python_task_decorator.py for tasks to queue
[2025-11-10T23:02:16.018+0000] {logging_mixin.py:188} INFO - [2025-11-10T23:02:16.017+0000] {dagbag.py:538} INFO - Filling up the DagBag from /opt/airflow/dags/dags_python_task_decorator.py
[2025-11-10T23:02:16.051+0000] {processor.py:840} INFO - DAG(s) 'dags_python_task_Decorator' retrieved from /opt/airflow/dags/dags_python_task_decorator.py
[2025-11-10T23:02:16.139+0000] {logging_mixin.py:188} INFO - [2025-11-10T23:02:16.139+0000] {dag.py:3036} INFO - Sync 1 DAGs
[2025-11-10T23:02:16.307+0000] {logging_mixin.py:188} INFO - [2025-11-10T23:02:16.307+0000] {dag.py:3823} INFO - Setting next_dagrun for dags_python_task_Decorator to 2025-11-09 17:00:00+00:00, run_after=2025-11-16 17:00:00+00:00
[2025-11-10T23:02:16.392+0000] {processor.py:183} INFO - Processing /opt/airflow/dags/dags_python_task_decorator.py took 0.386 seconds
[2025-11-10T23:02:46.722+0000] {processor.py:161} INFO - Started process (PID=50873) to work on /opt/airflow/dags/dags_python_task_decorator.py
[2025-11-10T23:02:46.738+0000] {processor.py:830} INFO - Processing file /opt/airflow/dags/dags_python_task_decorator.py for tasks to queue
[2025-11-10T23:02:46.741+0000] {logging_mixin.py:188} INFO - [2025-11-10T23:02:46.740+0000] {dagbag.py:538} INFO - Filling up the DagBag from /opt/airflow/dags/dags_python_task_decorator.py
[2025-11-10T23:02:46.875+0000] {processor.py:840} INFO - DAG(s) 'dags_python_task_Decorator' retrieved from /opt/airflow/dags/dags_python_task_decorator.py
[2025-11-10T23:02:46.963+0000] {logging_mixin.py:188} INFO - [2025-11-10T23:02:46.962+0000] {dag.py:3036} INFO - Sync 1 DAGs
[2025-11-10T23:02:47.125+0000] {logging_mixin.py:188} INFO - [2025-11-10T23:02:47.125+0000] {dag.py:3823} INFO - Setting next_dagrun for dags_python_task_Decorator to 2025-11-09 17:00:00+00:00, run_after=2025-11-16 17:00:00+00:00
[2025-11-10T23:02:47.143+0000] {processor.py:183} INFO - Processing /opt/airflow/dags/dags_python_task_decorator.py took 0.570 seconds
[2025-11-10T23:03:17.375+0000] {processor.py:161} INFO - Started process (PID=50932) to work on /opt/airflow/dags/dags_python_task_decorator.py
[2025-11-10T23:03:17.376+0000] {processor.py:830} INFO - Processing file /opt/airflow/dags/dags_python_task_decorator.py for tasks to queue
[2025-11-10T23:03:17.378+0000] {logging_mixin.py:188} INFO - [2025-11-10T23:03:17.377+0000] {dagbag.py:538} INFO - Filling up the DagBag from /opt/airflow/dags/dags_python_task_decorator.py
[2025-11-10T23:03:17.404+0000] {processor.py:840} INFO - DAG(s) 'dags_python_task_Decorator' retrieved from /opt/airflow/dags/dags_python_task_decorator.py
[2025-11-10T23:03:17.432+0000] {logging_mixin.py:188} INFO - [2025-11-10T23:03:17.431+0000] {dag.py:3036} INFO - Sync 1 DAGs
[2025-11-10T23:03:17.461+0000] {logging_mixin.py:188} INFO - [2025-11-10T23:03:17.460+0000] {dag.py:3823} INFO - Setting next_dagrun for dags_python_task_Decorator to 2025-11-09 17:00:00+00:00, run_after=2025-11-16 17:00:00+00:00
[2025-11-10T23:03:17.488+0000] {processor.py:183} INFO - Processing /opt/airflow/dags/dags_python_task_decorator.py took 0.119 seconds
[2025-11-10T23:03:47.713+0000] {processor.py:161} INFO - Started process (PID=50989) to work on /opt/airflow/dags/dags_python_task_decorator.py
[2025-11-10T23:03:47.714+0000] {processor.py:830} INFO - Processing file /opt/airflow/dags/dags_python_task_decorator.py for tasks to queue
[2025-11-10T23:03:47.716+0000] {logging_mixin.py:188} INFO - [2025-11-10T23:03:47.716+0000] {dagbag.py:538} INFO - Filling up the DagBag from /opt/airflow/dags/dags_python_task_decorator.py
[2025-11-10T23:03:47.740+0000] {processor.py:840} INFO - DAG(s) 'dags_python_task_Decorator' retrieved from /opt/airflow/dags/dags_python_task_decorator.py
[2025-11-10T23:03:47.764+0000] {logging_mixin.py:188} INFO - [2025-11-10T23:03:47.764+0000] {dag.py:3036} INFO - Sync 1 DAGs
[2025-11-10T23:03:47.793+0000] {logging_mixin.py:188} INFO - [2025-11-10T23:03:47.792+0000] {dag.py:3823} INFO - Setting next_dagrun for dags_python_task_Decorator to 2025-11-09 17:00:00+00:00, run_after=2025-11-16 17:00:00+00:00
[2025-11-10T23:03:47.820+0000] {processor.py:183} INFO - Processing /opt/airflow/dags/dags_python_task_decorator.py took 0.111 seconds
[2025-11-10T23:04:18.300+0000] {processor.py:161} INFO - Started process (PID=51048) to work on /opt/airflow/dags/dags_python_task_decorator.py
[2025-11-10T23:04:18.302+0000] {processor.py:830} INFO - Processing file /opt/airflow/dags/dags_python_task_decorator.py for tasks to queue
[2025-11-10T23:04:18.303+0000] {logging_mixin.py:188} INFO - [2025-11-10T23:04:18.303+0000] {dagbag.py:538} INFO - Filling up the DagBag from /opt/airflow/dags/dags_python_task_decorator.py
[2025-11-10T23:04:18.328+0000] {processor.py:840} INFO - DAG(s) 'dags_python_task_Decorator' retrieved from /opt/airflow/dags/dags_python_task_decorator.py
[2025-11-10T23:04:18.355+0000] {logging_mixin.py:188} INFO - [2025-11-10T23:04:18.355+0000] {dag.py:3036} INFO - Sync 1 DAGs
[2025-11-10T23:04:18.389+0000] {logging_mixin.py:188} INFO - [2025-11-10T23:04:18.389+0000] {dag.py:3823} INFO - Setting next_dagrun for dags_python_task_Decorator to 2025-11-09 17:00:00+00:00, run_after=2025-11-16 17:00:00+00:00
[2025-11-10T23:04:18.417+0000] {processor.py:183} INFO - Processing /opt/airflow/dags/dags_python_task_decorator.py took 0.124 seconds
[2025-11-10T23:04:48.850+0000] {processor.py:161} INFO - Started process (PID=51107) to work on /opt/airflow/dags/dags_python_task_decorator.py
[2025-11-10T23:04:48.852+0000] {processor.py:830} INFO - Processing file /opt/airflow/dags/dags_python_task_decorator.py for tasks to queue
[2025-11-10T23:04:48.853+0000] {logging_mixin.py:188} INFO - [2025-11-10T23:04:48.853+0000] {dagbag.py:538} INFO - Filling up the DagBag from /opt/airflow/dags/dags_python_task_decorator.py
[2025-11-10T23:04:48.874+0000] {processor.py:840} INFO - DAG(s) 'dags_python_task_Decorator' retrieved from /opt/airflow/dags/dags_python_task_decorator.py
[2025-11-10T23:04:48.900+0000] {logging_mixin.py:188} INFO - [2025-11-10T23:04:48.900+0000] {dag.py:3036} INFO - Sync 1 DAGs
[2025-11-10T23:04:48.929+0000] {logging_mixin.py:188} INFO - [2025-11-10T23:04:48.928+0000] {dag.py:3823} INFO - Setting next_dagrun for dags_python_task_Decorator to 2025-11-09 17:00:00+00:00, run_after=2025-11-16 17:00:00+00:00
[2025-11-10T23:04:48.956+0000] {processor.py:183} INFO - Processing /opt/airflow/dags/dags_python_task_decorator.py took 0.112 seconds
[2025-11-10T23:05:19.703+0000] {processor.py:161} INFO - Started process (PID=51166) to work on /opt/airflow/dags/dags_python_task_decorator.py
[2025-11-10T23:05:19.705+0000] {processor.py:830} INFO - Processing file /opt/airflow/dags/dags_python_task_decorator.py for tasks to queue
[2025-11-10T23:05:19.707+0000] {logging_mixin.py:188} INFO - [2025-11-10T23:05:19.706+0000] {dagbag.py:538} INFO - Filling up the DagBag from /opt/airflow/dags/dags_python_task_decorator.py
[2025-11-10T23:05:19.731+0000] {processor.py:840} INFO - DAG(s) 'dags_python_task_Decorator' retrieved from /opt/airflow/dags/dags_python_task_decorator.py
[2025-11-10T23:05:19.759+0000] {logging_mixin.py:188} INFO - [2025-11-10T23:05:19.759+0000] {dag.py:3036} INFO - Sync 1 DAGs
[2025-11-10T23:05:19.792+0000] {logging_mixin.py:188} INFO - [2025-11-10T23:05:19.791+0000] {dag.py:3823} INFO - Setting next_dagrun for dags_python_task_Decorator to 2025-11-09 17:00:00+00:00, run_after=2025-11-16 17:00:00+00:00
[2025-11-10T23:05:19.819+0000] {processor.py:183} INFO - Processing /opt/airflow/dags/dags_python_task_decorator.py took 0.121 seconds
[2025-11-10T23:05:50.109+0000] {processor.py:161} INFO - Started process (PID=51225) to work on /opt/airflow/dags/dags_python_task_decorator.py
[2025-11-10T23:05:50.110+0000] {processor.py:830} INFO - Processing file /opt/airflow/dags/dags_python_task_decorator.py for tasks to queue
[2025-11-10T23:05:50.112+0000] {logging_mixin.py:188} INFO - [2025-11-10T23:05:50.112+0000] {dagbag.py:538} INFO - Filling up the DagBag from /opt/airflow/dags/dags_python_task_decorator.py
[2025-11-10T23:05:50.135+0000] {processor.py:840} INFO - DAG(s) 'dags_python_task_Decorator' retrieved from /opt/airflow/dags/dags_python_task_decorator.py
[2025-11-10T23:05:50.162+0000] {logging_mixin.py:188} INFO - [2025-11-10T23:05:50.162+0000] {dag.py:3036} INFO - Sync 1 DAGs
[2025-11-10T23:05:50.196+0000] {logging_mixin.py:188} INFO - [2025-11-10T23:05:50.195+0000] {dag.py:3823} INFO - Setting next_dagrun for dags_python_task_Decorator to 2025-11-09 17:00:00+00:00, run_after=2025-11-16 17:00:00+00:00
[2025-11-10T23:05:50.223+0000] {processor.py:183} INFO - Processing /opt/airflow/dags/dags_python_task_decorator.py took 0.118 seconds
[2025-11-10T23:06:20.520+0000] {processor.py:161} INFO - Started process (PID=51284) to work on /opt/airflow/dags/dags_python_task_decorator.py
[2025-11-10T23:06:20.522+0000] {processor.py:830} INFO - Processing file /opt/airflow/dags/dags_python_task_decorator.py for tasks to queue
[2025-11-10T23:06:20.523+0000] {logging_mixin.py:188} INFO - [2025-11-10T23:06:20.523+0000] {dagbag.py:538} INFO - Filling up the DagBag from /opt/airflow/dags/dags_python_task_decorator.py
[2025-11-10T23:06:20.547+0000] {processor.py:840} INFO - DAG(s) 'dags_python_task_Decorator' retrieved from /opt/airflow/dags/dags_python_task_decorator.py
[2025-11-10T23:06:20.574+0000] {logging_mixin.py:188} INFO - [2025-11-10T23:06:20.574+0000] {dag.py:3036} INFO - Sync 1 DAGs
[2025-11-10T23:06:20.604+0000] {logging_mixin.py:188} INFO - [2025-11-10T23:06:20.604+0000] {dag.py:3823} INFO - Setting next_dagrun for dags_python_task_Decorator to 2025-11-09 17:00:00+00:00, run_after=2025-11-16 17:00:00+00:00
[2025-11-10T23:06:20.632+0000] {processor.py:183} INFO - Processing /opt/airflow/dags/dags_python_task_decorator.py took 0.116 seconds
[2025-11-10T23:06:50.967+0000] {processor.py:161} INFO - Started process (PID=51343) to work on /opt/airflow/dags/dags_python_task_decorator.py
[2025-11-10T23:06:50.968+0000] {processor.py:830} INFO - Processing file /opt/airflow/dags/dags_python_task_decorator.py for tasks to queue
[2025-11-10T23:06:50.970+0000] {logging_mixin.py:188} INFO - [2025-11-10T23:06:50.969+0000] {dagbag.py:538} INFO - Filling up the DagBag from /opt/airflow/dags/dags_python_task_decorator.py
[2025-11-10T23:06:50.992+0000] {processor.py:840} INFO - DAG(s) 'dags_python_task_Decorator' retrieved from /opt/airflow/dags/dags_python_task_decorator.py
[2025-11-10T23:06:51.020+0000] {logging_mixin.py:188} INFO - [2025-11-10T23:06:51.020+0000] {dag.py:3036} INFO - Sync 1 DAGs
[2025-11-10T23:06:51.052+0000] {logging_mixin.py:188} INFO - [2025-11-10T23:06:51.051+0000] {dag.py:3823} INFO - Setting next_dagrun for dags_python_task_Decorator to 2025-11-09 17:00:00+00:00, run_after=2025-11-16 17:00:00+00:00
[2025-11-10T23:06:51.079+0000] {processor.py:183} INFO - Processing /opt/airflow/dags/dags_python_task_decorator.py took 0.117 seconds
[2025-11-10T23:07:21.366+0000] {processor.py:161} INFO - Started process (PID=51402) to work on /opt/airflow/dags/dags_python_task_decorator.py
[2025-11-10T23:07:21.368+0000] {processor.py:830} INFO - Processing file /opt/airflow/dags/dags_python_task_decorator.py for tasks to queue
[2025-11-10T23:07:21.370+0000] {logging_mixin.py:188} INFO - [2025-11-10T23:07:21.369+0000] {dagbag.py:538} INFO - Filling up the DagBag from /opt/airflow/dags/dags_python_task_decorator.py
[2025-11-10T23:07:21.404+0000] {processor.py:840} INFO - DAG(s) 'dags_python_task_Decorator' retrieved from /opt/airflow/dags/dags_python_task_decorator.py
[2025-11-10T23:07:21.443+0000] {logging_mixin.py:188} INFO - [2025-11-10T23:07:21.442+0000] {dag.py:3036} INFO - Sync 1 DAGs
[2025-11-10T23:07:21.490+0000] {logging_mixin.py:188} INFO - [2025-11-10T23:07:21.490+0000] {dag.py:3823} INFO - Setting next_dagrun for dags_python_task_Decorator to 2025-11-09 17:00:00+00:00, run_after=2025-11-16 17:00:00+00:00
[2025-11-10T23:07:21.528+0000] {processor.py:183} INFO - Processing /opt/airflow/dags/dags_python_task_decorator.py took 0.168 seconds
[2025-11-10T23:07:52.498+0000] {processor.py:161} INFO - Started process (PID=51461) to work on /opt/airflow/dags/dags_python_task_decorator.py
[2025-11-10T23:07:52.503+0000] {processor.py:830} INFO - Processing file /opt/airflow/dags/dags_python_task_decorator.py for tasks to queue
[2025-11-10T23:07:52.506+0000] {logging_mixin.py:188} INFO - [2025-11-10T23:07:52.506+0000] {dagbag.py:538} INFO - Filling up the DagBag from /opt/airflow/dags/dags_python_task_decorator.py
[2025-11-10T23:07:52.573+0000] {processor.py:840} INFO - DAG(s) 'dags_python_task_Decorator' retrieved from /opt/airflow/dags/dags_python_task_decorator.py
[2025-11-10T23:07:52.637+0000] {logging_mixin.py:188} INFO - [2025-11-10T23:07:52.636+0000] {dag.py:3036} INFO - Sync 1 DAGs
[2025-11-10T23:07:52.696+0000] {logging_mixin.py:188} INFO - [2025-11-10T23:07:52.696+0000] {dag.py:3823} INFO - Setting next_dagrun for dags_python_task_Decorator to 2025-11-09 17:00:00+00:00, run_after=2025-11-16 17:00:00+00:00
[2025-11-10T23:07:52.736+0000] {processor.py:183} INFO - Processing /opt/airflow/dags/dags_python_task_decorator.py took 0.248 seconds
[2025-11-10T23:08:23.148+0000] {processor.py:161} INFO - Started process (PID=51520) to work on /opt/airflow/dags/dags_python_task_decorator.py
[2025-11-10T23:08:23.149+0000] {processor.py:830} INFO - Processing file /opt/airflow/dags/dags_python_task_decorator.py for tasks to queue
[2025-11-10T23:08:23.151+0000] {logging_mixin.py:188} INFO - [2025-11-10T23:08:23.151+0000] {dagbag.py:538} INFO - Filling up the DagBag from /opt/airflow/dags/dags_python_task_decorator.py
[2025-11-10T23:08:23.176+0000] {processor.py:840} INFO - DAG(s) 'dags_python_task_Decorator' retrieved from /opt/airflow/dags/dags_python_task_decorator.py
[2025-11-10T23:08:23.203+0000] {logging_mixin.py:188} INFO - [2025-11-10T23:08:23.203+0000] {dag.py:3036} INFO - Sync 1 DAGs
[2025-11-10T23:08:23.231+0000] {logging_mixin.py:188} INFO - [2025-11-10T23:08:23.231+0000] {dag.py:3823} INFO - Setting next_dagrun for dags_python_task_Decorator to 2025-11-09 17:00:00+00:00, run_after=2025-11-16 17:00:00+00:00
[2025-11-10T23:08:23.259+0000] {processor.py:183} INFO - Processing /opt/airflow/dags/dags_python_task_decorator.py took 0.116 seconds
[2025-11-10T23:08:53.338+0000] {processor.py:161} INFO - Started process (PID=51579) to work on /opt/airflow/dags/dags_python_task_decorator.py
[2025-11-10T23:08:53.340+0000] {processor.py:830} INFO - Processing file /opt/airflow/dags/dags_python_task_decorator.py for tasks to queue
[2025-11-10T23:08:53.343+0000] {logging_mixin.py:188} INFO - [2025-11-10T23:08:53.341+0000] {dagbag.py:538} INFO - Filling up the DagBag from /opt/airflow/dags/dags_python_task_decorator.py
[2025-11-10T23:08:53.380+0000] {processor.py:840} INFO - DAG(s) 'dags_python_task_Decorator' retrieved from /opt/airflow/dags/dags_python_task_decorator.py
[2025-11-10T23:08:53.428+0000] {logging_mixin.py:188} INFO - [2025-11-10T23:08:53.427+0000] {dag.py:3036} INFO - Sync 1 DAGs
[2025-11-10T23:08:53.481+0000] {logging_mixin.py:188} INFO - [2025-11-10T23:08:53.480+0000] {dag.py:3823} INFO - Setting next_dagrun for dags_python_task_Decorator to 2025-11-09 17:00:00+00:00, run_after=2025-11-16 17:00:00+00:00
[2025-11-10T23:08:53.524+0000] {processor.py:183} INFO - Processing /opt/airflow/dags/dags_python_task_decorator.py took 0.195 seconds
[2025-11-10T23:09:23.834+0000] {processor.py:161} INFO - Started process (PID=51638) to work on /opt/airflow/dags/dags_python_task_decorator.py
[2025-11-10T23:09:23.836+0000] {processor.py:830} INFO - Processing file /opt/airflow/dags/dags_python_task_decorator.py for tasks to queue
[2025-11-10T23:09:23.838+0000] {logging_mixin.py:188} INFO - [2025-11-10T23:09:23.837+0000] {dagbag.py:538} INFO - Filling up the DagBag from /opt/airflow/dags/dags_python_task_decorator.py
[2025-11-10T23:09:23.866+0000] {processor.py:840} INFO - DAG(s) 'dags_python_task_Decorator' retrieved from /opt/airflow/dags/dags_python_task_decorator.py
[2025-11-10T23:09:23.895+0000] {logging_mixin.py:188} INFO - [2025-11-10T23:09:23.895+0000] {dag.py:3036} INFO - Sync 1 DAGs
[2025-11-10T23:09:23.927+0000] {logging_mixin.py:188} INFO - [2025-11-10T23:09:23.926+0000] {dag.py:3823} INFO - Setting next_dagrun for dags_python_task_Decorator to 2025-11-09 17:00:00+00:00, run_after=2025-11-16 17:00:00+00:00
[2025-11-10T23:09:23.958+0000] {processor.py:183} INFO - Processing /opt/airflow/dags/dags_python_task_decorator.py took 0.128 seconds
[2025-11-10T23:09:54.040+0000] {processor.py:161} INFO - Started process (PID=51697) to work on /opt/airflow/dags/dags_python_task_decorator.py
[2025-11-10T23:09:54.041+0000] {processor.py:830} INFO - Processing file /opt/airflow/dags/dags_python_task_decorator.py for tasks to queue
[2025-11-10T23:09:54.043+0000] {logging_mixin.py:188} INFO - [2025-11-10T23:09:54.043+0000] {dagbag.py:538} INFO - Filling up the DagBag from /opt/airflow/dags/dags_python_task_decorator.py
[2025-11-10T23:09:54.074+0000] {processor.py:840} INFO - DAG(s) 'dags_python_task_Decorator' retrieved from /opt/airflow/dags/dags_python_task_decorator.py
[2025-11-10T23:09:54.107+0000] {logging_mixin.py:188} INFO - [2025-11-10T23:09:54.107+0000] {dag.py:3036} INFO - Sync 1 DAGs
[2025-11-10T23:09:54.152+0000] {logging_mixin.py:188} INFO - [2025-11-10T23:09:54.151+0000] {dag.py:3823} INFO - Setting next_dagrun for dags_python_task_Decorator to 2025-11-09 17:00:00+00:00, run_after=2025-11-16 17:00:00+00:00
[2025-11-10T23:09:54.184+0000] {processor.py:183} INFO - Processing /opt/airflow/dags/dags_python_task_decorator.py took 0.150 seconds
[2025-11-10T23:10:24.305+0000] {processor.py:161} INFO - Started process (PID=51757) to work on /opt/airflow/dags/dags_python_task_decorator.py
[2025-11-10T23:10:24.307+0000] {processor.py:830} INFO - Processing file /opt/airflow/dags/dags_python_task_decorator.py for tasks to queue
[2025-11-10T23:10:24.308+0000] {logging_mixin.py:188} INFO - [2025-11-10T23:10:24.308+0000] {dagbag.py:538} INFO - Filling up the DagBag from /opt/airflow/dags/dags_python_task_decorator.py
[2025-11-10T23:10:24.333+0000] {processor.py:840} INFO - DAG(s) 'dags_python_task_Decorator' retrieved from /opt/airflow/dags/dags_python_task_decorator.py
[2025-11-10T23:10:24.361+0000] {logging_mixin.py:188} INFO - [2025-11-10T23:10:24.361+0000] {dag.py:3036} INFO - Sync 1 DAGs
[2025-11-10T23:10:24.390+0000] {logging_mixin.py:188} INFO - [2025-11-10T23:10:24.390+0000] {dag.py:3823} INFO - Setting next_dagrun for dags_python_task_Decorator to 2025-11-09 17:00:00+00:00, run_after=2025-11-16 17:00:00+00:00
[2025-11-10T23:10:24.415+0000] {processor.py:183} INFO - Processing /opt/airflow/dags/dags_python_task_decorator.py took 0.114 seconds
[2025-11-10T23:10:55.307+0000] {processor.py:161} INFO - Started process (PID=51816) to work on /opt/airflow/dags/dags_python_task_decorator.py
[2025-11-10T23:10:55.310+0000] {processor.py:830} INFO - Processing file /opt/airflow/dags/dags_python_task_decorator.py for tasks to queue
[2025-11-10T23:10:55.321+0000] {logging_mixin.py:188} INFO - [2025-11-10T23:10:55.321+0000] {dagbag.py:538} INFO - Filling up the DagBag from /opt/airflow/dags/dags_python_task_decorator.py
[2025-11-10T23:10:55.396+0000] {processor.py:840} INFO - DAG(s) 'dags_python_task_Decorator' retrieved from /opt/airflow/dags/dags_python_task_decorator.py
[2025-11-10T23:10:55.439+0000] {logging_mixin.py:188} INFO - [2025-11-10T23:10:55.438+0000] {dag.py:3036} INFO - Sync 1 DAGs
[2025-11-10T23:10:55.488+0000] {logging_mixin.py:188} INFO - [2025-11-10T23:10:55.487+0000] {dag.py:3823} INFO - Setting next_dagrun for dags_python_task_Decorator to 2025-11-09 17:00:00+00:00, run_after=2025-11-16 17:00:00+00:00
[2025-11-10T23:10:55.524+0000] {processor.py:183} INFO - Processing /opt/airflow/dags/dags_python_task_decorator.py took 0.237 seconds
[2025-11-10T23:11:25.652+0000] {processor.py:161} INFO - Started process (PID=51876) to work on /opt/airflow/dags/dags_python_task_decorator.py
[2025-11-10T23:11:25.653+0000] {processor.py:830} INFO - Processing file /opt/airflow/dags/dags_python_task_decorator.py for tasks to queue
[2025-11-10T23:11:25.655+0000] {logging_mixin.py:188} INFO - [2025-11-10T23:11:25.655+0000] {dagbag.py:538} INFO - Filling up the DagBag from /opt/airflow/dags/dags_python_task_decorator.py
[2025-11-10T23:11:25.678+0000] {processor.py:840} INFO - DAG(s) 'dags_python_task_Decorator' retrieved from /opt/airflow/dags/dags_python_task_decorator.py
[2025-11-10T23:11:25.704+0000] {logging_mixin.py:188} INFO - [2025-11-10T23:11:25.703+0000] {dag.py:3036} INFO - Sync 1 DAGs
[2025-11-10T23:11:25.730+0000] {logging_mixin.py:188} INFO - [2025-11-10T23:11:25.730+0000] {dag.py:3823} INFO - Setting next_dagrun for dags_python_task_Decorator to 2025-11-09 17:00:00+00:00, run_after=2025-11-16 17:00:00+00:00
[2025-11-10T23:11:25.759+0000] {processor.py:183} INFO - Processing /opt/airflow/dags/dags_python_task_decorator.py took 0.111 seconds
[2025-11-10T23:11:55.823+0000] {processor.py:161} INFO - Started process (PID=51935) to work on /opt/airflow/dags/dags_python_task_decorator.py
[2025-11-10T23:11:55.825+0000] {processor.py:830} INFO - Processing file /opt/airflow/dags/dags_python_task_decorator.py for tasks to queue
[2025-11-10T23:11:55.826+0000] {logging_mixin.py:188} INFO - [2025-11-10T23:11:55.826+0000] {dagbag.py:538} INFO - Filling up the DagBag from /opt/airflow/dags/dags_python_task_decorator.py
[2025-11-10T23:11:55.847+0000] {processor.py:840} INFO - DAG(s) 'dags_python_task_Decorator' retrieved from /opt/airflow/dags/dags_python_task_decorator.py
[2025-11-10T23:11:55.873+0000] {logging_mixin.py:188} INFO - [2025-11-10T23:11:55.873+0000] {dag.py:3036} INFO - Sync 1 DAGs
[2025-11-10T23:11:55.900+0000] {logging_mixin.py:188} INFO - [2025-11-10T23:11:55.899+0000] {dag.py:3823} INFO - Setting next_dagrun for dags_python_task_Decorator to 2025-11-09 17:00:00+00:00, run_after=2025-11-16 17:00:00+00:00
[2025-11-10T23:11:55.925+0000] {processor.py:183} INFO - Processing /opt/airflow/dags/dags_python_task_decorator.py took 0.107 seconds
[2025-11-10T23:12:25.976+0000] {processor.py:161} INFO - Started process (PID=51994) to work on /opt/airflow/dags/dags_python_task_decorator.py
[2025-11-10T23:12:25.977+0000] {processor.py:830} INFO - Processing file /opt/airflow/dags/dags_python_task_decorator.py for tasks to queue
[2025-11-10T23:12:25.979+0000] {logging_mixin.py:188} INFO - [2025-11-10T23:12:25.978+0000] {dagbag.py:538} INFO - Filling up the DagBag from /opt/airflow/dags/dags_python_task_decorator.py
[2025-11-10T23:12:26.003+0000] {processor.py:840} INFO - DAG(s) 'dags_python_task_Decorator' retrieved from /opt/airflow/dags/dags_python_task_decorator.py
[2025-11-10T23:12:26.029+0000] {logging_mixin.py:188} INFO - [2025-11-10T23:12:26.028+0000] {dag.py:3036} INFO - Sync 1 DAGs
[2025-11-10T23:12:26.057+0000] {logging_mixin.py:188} INFO - [2025-11-10T23:12:26.057+0000] {dag.py:3823} INFO - Setting next_dagrun for dags_python_task_Decorator to 2025-11-09 17:00:00+00:00, run_after=2025-11-16 17:00:00+00:00
[2025-11-10T23:12:26.083+0000] {processor.py:183} INFO - Processing /opt/airflow/dags/dags_python_task_decorator.py took 0.111 seconds
[2025-11-10T23:12:56.197+0000] {processor.py:161} INFO - Started process (PID=52053) to work on /opt/airflow/dags/dags_python_task_decorator.py
[2025-11-10T23:12:56.199+0000] {processor.py:830} INFO - Processing file /opt/airflow/dags/dags_python_task_decorator.py for tasks to queue
[2025-11-10T23:12:56.201+0000] {logging_mixin.py:188} INFO - [2025-11-10T23:12:56.200+0000] {dagbag.py:538} INFO - Filling up the DagBag from /opt/airflow/dags/dags_python_task_decorator.py
[2025-11-10T23:12:56.225+0000] {processor.py:840} INFO - DAG(s) 'dags_python_task_Decorator' retrieved from /opt/airflow/dags/dags_python_task_decorator.py
[2025-11-10T23:12:56.250+0000] {logging_mixin.py:188} INFO - [2025-11-10T23:12:56.250+0000] {dag.py:3036} INFO - Sync 1 DAGs
[2025-11-10T23:12:56.278+0000] {logging_mixin.py:188} INFO - [2025-11-10T23:12:56.278+0000] {dag.py:3823} INFO - Setting next_dagrun for dags_python_task_Decorator to 2025-11-09 17:00:00+00:00, run_after=2025-11-16 17:00:00+00:00
[2025-11-10T23:12:56.302+0000] {processor.py:183} INFO - Processing /opt/airflow/dags/dags_python_task_decorator.py took 0.109 seconds
[2025-11-10T23:13:26.413+0000] {processor.py:161} INFO - Started process (PID=52119) to work on /opt/airflow/dags/dags_python_task_decorator.py
[2025-11-10T23:13:26.414+0000] {processor.py:830} INFO - Processing file /opt/airflow/dags/dags_python_task_decorator.py for tasks to queue
[2025-11-10T23:13:26.416+0000] {logging_mixin.py:188} INFO - [2025-11-10T23:13:26.415+0000] {dagbag.py:538} INFO - Filling up the DagBag from /opt/airflow/dags/dags_python_task_decorator.py
[2025-11-10T23:13:26.443+0000] {processor.py:840} INFO - DAG(s) 'dags_python_task_Decorator' retrieved from /opt/airflow/dags/dags_python_task_decorator.py
[2025-11-10T23:13:26.470+0000] {logging_mixin.py:188} INFO - [2025-11-10T23:13:26.470+0000] {dag.py:3036} INFO - Sync 1 DAGs
[2025-11-10T23:13:26.502+0000] {logging_mixin.py:188} INFO - [2025-11-10T23:13:26.502+0000] {dag.py:3823} INFO - Setting next_dagrun for dags_python_task_Decorator to 2025-11-09 17:00:00+00:00, run_after=2025-11-16 17:00:00+00:00
[2025-11-10T23:13:26.527+0000] {processor.py:183} INFO - Processing /opt/airflow/dags/dags_python_task_decorator.py took 0.120 seconds
[2025-11-10T23:13:56.881+0000] {processor.py:161} INFO - Started process (PID=52176) to work on /opt/airflow/dags/dags_python_task_decorator.py
[2025-11-10T23:13:56.882+0000] {processor.py:830} INFO - Processing file /opt/airflow/dags/dags_python_task_decorator.py for tasks to queue
[2025-11-10T23:13:56.884+0000] {logging_mixin.py:188} INFO - [2025-11-10T23:13:56.883+0000] {dagbag.py:538} INFO - Filling up the DagBag from /opt/airflow/dags/dags_python_task_decorator.py
[2025-11-10T23:13:56.909+0000] {processor.py:840} INFO - DAG(s) 'dags_python_task_Decorator' retrieved from /opt/airflow/dags/dags_python_task_decorator.py
[2025-11-10T23:13:56.939+0000] {logging_mixin.py:188} INFO - [2025-11-10T23:13:56.939+0000] {dag.py:3036} INFO - Sync 1 DAGs
[2025-11-10T23:13:56.972+0000] {logging_mixin.py:188} INFO - [2025-11-10T23:13:56.971+0000] {dag.py:3823} INFO - Setting next_dagrun for dags_python_task_Decorator to 2025-11-09 17:00:00+00:00, run_after=2025-11-16 17:00:00+00:00
[2025-11-10T23:13:57.006+0000] {processor.py:183} INFO - Processing /opt/airflow/dags/dags_python_task_decorator.py took 0.131 seconds
[2025-11-10T23:14:27.132+0000] {processor.py:161} INFO - Started process (PID=52236) to work on /opt/airflow/dags/dags_python_task_decorator.py
[2025-11-10T23:14:27.134+0000] {processor.py:830} INFO - Processing file /opt/airflow/dags/dags_python_task_decorator.py for tasks to queue
[2025-11-10T23:14:27.137+0000] {logging_mixin.py:188} INFO - [2025-11-10T23:14:27.136+0000] {dagbag.py:538} INFO - Filling up the DagBag from /opt/airflow/dags/dags_python_task_decorator.py
[2025-11-10T23:14:27.187+0000] {processor.py:840} INFO - DAG(s) 'dags_python_task_Decorator' retrieved from /opt/airflow/dags/dags_python_task_decorator.py
[2025-11-10T23:14:27.236+0000] {logging_mixin.py:188} INFO - [2025-11-10T23:14:27.236+0000] {dag.py:3036} INFO - Sync 1 DAGs
[2025-11-10T23:14:27.291+0000] {logging_mixin.py:188} INFO - [2025-11-10T23:14:27.290+0000] {dag.py:3823} INFO - Setting next_dagrun for dags_python_task_Decorator to 2025-11-09 17:00:00+00:00, run_after=2025-11-16 17:00:00+00:00
[2025-11-10T23:14:27.328+0000] {processor.py:183} INFO - Processing /opt/airflow/dags/dags_python_task_decorator.py took 0.202 seconds
[2025-11-10T23:14:57.435+0000] {processor.py:161} INFO - Started process (PID=52295) to work on /opt/airflow/dags/dags_python_task_decorator.py
[2025-11-10T23:14:57.437+0000] {processor.py:830} INFO - Processing file /opt/airflow/dags/dags_python_task_decorator.py for tasks to queue
[2025-11-10T23:14:57.439+0000] {logging_mixin.py:188} INFO - [2025-11-10T23:14:57.438+0000] {dagbag.py:538} INFO - Filling up the DagBag from /opt/airflow/dags/dags_python_task_decorator.py
[2025-11-10T23:14:57.470+0000] {processor.py:840} INFO - DAG(s) 'dags_python_task_Decorator' retrieved from /opt/airflow/dags/dags_python_task_decorator.py
[2025-11-10T23:14:57.504+0000] {logging_mixin.py:188} INFO - [2025-11-10T23:14:57.503+0000] {dag.py:3036} INFO - Sync 1 DAGs
[2025-11-10T23:14:57.548+0000] {logging_mixin.py:188} INFO - [2025-11-10T23:14:57.547+0000] {dag.py:3823} INFO - Setting next_dagrun for dags_python_task_Decorator to 2025-11-09 17:00:00+00:00, run_after=2025-11-16 17:00:00+00:00
[2025-11-10T23:14:57.586+0000] {processor.py:183} INFO - Processing /opt/airflow/dags/dags_python_task_decorator.py took 0.158 seconds
[2025-11-10T23:15:28.298+0000] {processor.py:161} INFO - Started process (PID=52354) to work on /opt/airflow/dags/dags_python_task_decorator.py
[2025-11-10T23:15:28.300+0000] {processor.py:830} INFO - Processing file /opt/airflow/dags/dags_python_task_decorator.py for tasks to queue
[2025-11-10T23:15:28.302+0000] {logging_mixin.py:188} INFO - [2025-11-10T23:15:28.301+0000] {dagbag.py:538} INFO - Filling up the DagBag from /opt/airflow/dags/dags_python_task_decorator.py
[2025-11-10T23:15:28.327+0000] {processor.py:840} INFO - DAG(s) 'dags_python_task_Decorator' retrieved from /opt/airflow/dags/dags_python_task_decorator.py
[2025-11-10T23:15:28.356+0000] {logging_mixin.py:188} INFO - [2025-11-10T23:15:28.356+0000] {dag.py:3036} INFO - Sync 1 DAGs
[2025-11-10T23:15:28.391+0000] {logging_mixin.py:188} INFO - [2025-11-10T23:15:28.391+0000] {dag.py:3823} INFO - Setting next_dagrun for dags_python_task_Decorator to 2025-11-09 17:00:00+00:00, run_after=2025-11-16 17:00:00+00:00
[2025-11-10T23:15:28.569+0000] {processor.py:183} INFO - Processing /opt/airflow/dags/dags_python_task_decorator.py took 0.275 seconds
[2025-11-10T23:15:58.673+0000] {processor.py:161} INFO - Started process (PID=52413) to work on /opt/airflow/dags/dags_python_task_decorator.py
[2025-11-10T23:15:58.675+0000] {processor.py:830} INFO - Processing file /opt/airflow/dags/dags_python_task_decorator.py for tasks to queue
[2025-11-10T23:15:58.677+0000] {logging_mixin.py:188} INFO - [2025-11-10T23:15:58.676+0000] {dagbag.py:538} INFO - Filling up the DagBag from /opt/airflow/dags/dags_python_task_decorator.py
[2025-11-10T23:15:58.701+0000] {processor.py:840} INFO - DAG(s) 'dags_python_task_Decorator' retrieved from /opt/airflow/dags/dags_python_task_decorator.py
[2025-11-10T23:15:58.730+0000] {logging_mixin.py:188} INFO - [2025-11-10T23:15:58.729+0000] {dag.py:3036} INFO - Sync 1 DAGs
[2025-11-10T23:15:58.759+0000] {logging_mixin.py:188} INFO - [2025-11-10T23:15:58.759+0000] {dag.py:3823} INFO - Setting next_dagrun for dags_python_task_Decorator to 2025-11-09 17:00:00+00:00, run_after=2025-11-16 17:00:00+00:00
[2025-11-10T23:15:58.789+0000] {processor.py:183} INFO - Processing /opt/airflow/dags/dags_python_task_decorator.py took 0.121 seconds
[2025-11-10T23:16:29.387+0000] {processor.py:161} INFO - Started process (PID=52472) to work on /opt/airflow/dags/dags_python_task_decorator.py
[2025-11-10T23:16:29.388+0000] {processor.py:830} INFO - Processing file /opt/airflow/dags/dags_python_task_decorator.py for tasks to queue
[2025-11-10T23:16:29.390+0000] {logging_mixin.py:188} INFO - [2025-11-10T23:16:29.390+0000] {dagbag.py:538} INFO - Filling up the DagBag from /opt/airflow/dags/dags_python_task_decorator.py
[2025-11-10T23:16:29.416+0000] {processor.py:840} INFO - DAG(s) 'dags_python_task_Decorator' retrieved from /opt/airflow/dags/dags_python_task_decorator.py
[2025-11-10T23:16:29.445+0000] {logging_mixin.py:188} INFO - [2025-11-10T23:16:29.445+0000] {dag.py:3036} INFO - Sync 1 DAGs
[2025-11-10T23:16:29.473+0000] {logging_mixin.py:188} INFO - [2025-11-10T23:16:29.473+0000] {dag.py:3823} INFO - Setting next_dagrun for dags_python_task_Decorator to 2025-11-09 17:00:00+00:00, run_after=2025-11-16 17:00:00+00:00
[2025-11-10T23:16:29.501+0000] {processor.py:183} INFO - Processing /opt/airflow/dags/dags_python_task_decorator.py took 0.119 seconds
[2025-11-10T23:16:59.958+0000] {processor.py:161} INFO - Started process (PID=52531) to work on /opt/airflow/dags/dags_python_task_decorator.py
[2025-11-10T23:16:59.960+0000] {processor.py:830} INFO - Processing file /opt/airflow/dags/dags_python_task_decorator.py for tasks to queue
[2025-11-10T23:16:59.961+0000] {logging_mixin.py:188} INFO - [2025-11-10T23:16:59.961+0000] {dagbag.py:538} INFO - Filling up the DagBag from /opt/airflow/dags/dags_python_task_decorator.py
[2025-11-10T23:16:59.987+0000] {processor.py:840} INFO - DAG(s) 'dags_python_task_Decorator' retrieved from /opt/airflow/dags/dags_python_task_decorator.py
[2025-11-10T23:17:00.020+0000] {logging_mixin.py:188} INFO - [2025-11-10T23:17:00.019+0000] {dag.py:3036} INFO - Sync 1 DAGs
[2025-11-10T23:17:00.060+0000] {logging_mixin.py:188} INFO - [2025-11-10T23:17:00.060+0000] {dag.py:3823} INFO - Setting next_dagrun for dags_python_task_Decorator to 2025-11-09 17:00:00+00:00, run_after=2025-11-16 17:00:00+00:00
[2025-11-10T23:17:00.092+0000] {processor.py:183} INFO - Processing /opt/airflow/dags/dags_python_task_decorator.py took 0.139 seconds
[2025-11-10T23:17:30.696+0000] {processor.py:161} INFO - Started process (PID=52591) to work on /opt/airflow/dags/dags_python_task_decorator.py
[2025-11-10T23:17:30.698+0000] {processor.py:830} INFO - Processing file /opt/airflow/dags/dags_python_task_decorator.py for tasks to queue
[2025-11-10T23:17:30.699+0000] {logging_mixin.py:188} INFO - [2025-11-10T23:17:30.699+0000] {dagbag.py:538} INFO - Filling up the DagBag from /opt/airflow/dags/dags_python_task_decorator.py
[2025-11-10T23:17:30.732+0000] {processor.py:840} INFO - DAG(s) 'dags_python_task_Decorator' retrieved from /opt/airflow/dags/dags_python_task_decorator.py
[2025-11-10T23:17:30.769+0000] {logging_mixin.py:188} INFO - [2025-11-10T23:17:30.769+0000] {dag.py:3036} INFO - Sync 1 DAGs
[2025-11-10T23:17:30.812+0000] {logging_mixin.py:188} INFO - [2025-11-10T23:17:30.812+0000] {dag.py:3823} INFO - Setting next_dagrun for dags_python_task_Decorator to 2025-11-09 17:00:00+00:00, run_after=2025-11-16 17:00:00+00:00
[2025-11-10T23:17:30.849+0000] {processor.py:183} INFO - Processing /opt/airflow/dags/dags_python_task_decorator.py took 0.159 seconds
[2025-11-10T23:18:01.337+0000] {processor.py:161} INFO - Started process (PID=52650) to work on /opt/airflow/dags/dags_python_task_decorator.py
[2025-11-10T23:18:01.339+0000] {processor.py:830} INFO - Processing file /opt/airflow/dags/dags_python_task_decorator.py for tasks to queue
[2025-11-10T23:18:01.342+0000] {logging_mixin.py:188} INFO - [2025-11-10T23:18:01.342+0000] {dagbag.py:538} INFO - Filling up the DagBag from /opt/airflow/dags/dags_python_task_decorator.py
[2025-11-10T23:18:01.387+0000] {processor.py:840} INFO - DAG(s) 'dags_python_task_Decorator' retrieved from /opt/airflow/dags/dags_python_task_decorator.py
[2025-11-10T23:18:01.438+0000] {logging_mixin.py:188} INFO - [2025-11-10T23:18:01.437+0000] {dag.py:3036} INFO - Sync 1 DAGs
[2025-11-10T23:18:01.497+0000] {logging_mixin.py:188} INFO - [2025-11-10T23:18:01.497+0000] {dag.py:3823} INFO - Setting next_dagrun for dags_python_task_Decorator to 2025-11-09 17:00:00+00:00, run_after=2025-11-16 17:00:00+00:00
[2025-11-10T23:18:01.545+0000] {processor.py:183} INFO - Processing /opt/airflow/dags/dags_python_task_decorator.py took 0.217 seconds
